solid ASCII
  facet normal 1.305262e-01 -0.000000e+00 9.914449e-01
    outer loop
      vertex   2.907588e+02 1.040000e+02 3.896593e+01
      vertex   2.907588e+02 1.094167e+02 3.896593e+01
      vertex   2.905000e+02 1.040000e+02 3.900000e+01
    endloop
  endfacet
  facet normal 1.305262e-01 0.000000e+00 9.914449e-01
    outer loop
      vertex   2.905000e+02 1.040000e+02 3.900000e+01
      vertex   2.907588e+02 1.094167e+02 3.896593e+01
      vertex   2.907588e+02 1.148333e+02 3.896593e+01
    endloop
  endfacet
  facet normal 1.305262e-01 0.000000e+00 9.914449e-01
    outer loop
      vertex   2.905000e+02 1.040000e+02 3.900000e+01
      vertex   2.907588e+02 1.148333e+02 3.896593e+01
      vertex   2.907588e+02 1.202500e+02 3.896593e+01
    endloop
  endfacet
  facet normal 3.826834e-01 0.000000e+00 9.238795e-01
    outer loop
      vertex   2.907588e+02 1.202500e+02 3.896593e+01
      vertex   2.907588e+02 1.148333e+02 3.896593e+01
      vertex   2.910000e+02 1.202500e+02 3.886603e+01
    endloop
  endfacet
  facet normal 3.826834e-01 0.000000e+00 9.238795e-01
    outer loop
      vertex   2.907588e+02 1.202500e+02 3.896593e+01
      vertex   2.910000e+02 1.202500e+02 3.886603e+01
      vertex   2.910000e+02 1.256667e+02 3.886603e+01
    endloop
  endfacet
  facet normal 6.087614e-01 0.000000e+00 7.933533e-01
    outer loop
      vertex   2.910000e+02 1.256667e+02 3.886603e+01
      vertex   2.910000e+02 1.202500e+02 3.886603e+01
      vertex   2.912071e+02 1.256667e+02 3.870711e+01
    endloop
  endfacet
  facet normal 6.087614e-01 0.000000e+00 7.933533e-01
    outer loop
      vertex   2.910000e+02 1.256667e+02 3.886603e+01
      vertex   2.912071e+02 1.256667e+02 3.870711e+01
      vertex   2.912071e+02 1.310833e+02 3.870711e+01
    endloop
  endfacet
  facet normal 7.933533e-01 0.000000e+00 6.087614e-01
    outer loop
      vertex   2.912071e+02 1.310833e+02 3.870711e+01
      vertex   2.912071e+02 1.256667e+02 3.870711e+01
      vertex   2.913660e+02 1.310833e+02 3.850000e+01
    endloop
  endfacet
  facet normal 7.933533e-01 0.000000e+00 6.087614e-01
    outer loop
      vertex   2.912071e+02 1.310833e+02 3.870711e+01
      vertex   2.913660e+02 1.310833e+02 3.850000e+01
      vertex   2.913660e+02 1.365000e+02 3.850000e+01
    endloop
  endfacet
  facet normal 9.238795e-01 0.000000e+00 3.826834e-01
    outer loop
      vertex   2.913660e+02 1.365000e+02 3.850000e+01
      vertex   2.913660e+02 1.310833e+02 3.850000e+01
      vertex   2.914659e+02 1.365000e+02 3.825882e+01
    endloop
  endfacet
  facet normal 9.238795e-01 0.000000e+00 3.826834e-01
    outer loop
      vertex   2.913660e+02 1.365000e+02 3.850000e+01
      vertex   2.914659e+02 1.365000e+02 3.825882e+01
      vertex   2.914659e+02 1.419167e+02 3.825882e+01
    endloop
  endfacet
  facet normal 9.914449e-01 0.000000e+00 1.305262e-01
    outer loop
      vertex   2.914659e+02 1.419167e+02 3.825882e+01
      vertex   2.914659e+02 1.365000e+02 3.825882e+01
      vertex   2.915000e+02 1.690000e+02 3.800000e+01
    endloop
  endfacet
  facet normal 9.914449e-01 -0.000000e+00 1.305262e-01
    outer loop
      vertex   2.914659e+02 1.419167e+02 3.825882e+01
      vertex   2.915000e+02 1.690000e+02 3.800000e+01
      vertex   2.914659e+02 1.473333e+02 3.825882e+01
    endloop
  endfacet
  facet normal 9.914449e-01 -0.000000e+00 1.305262e-01
    outer loop
      vertex   2.914659e+02 1.473333e+02 3.825882e+01
      vertex   2.915000e+02 1.690000e+02 3.800000e+01
      vertex   2.914659e+02 1.527500e+02 3.825882e+01
    endloop
  endfacet
  facet normal 9.238795e-01 -0.000000e+00 3.826834e-01
    outer loop
      vertex   2.914659e+02 1.473333e+02 3.825882e+01
      vertex   2.914659e+02 1.527500e+02 3.825882e+01
      vertex   2.913660e+02 1.473333e+02 3.850000e+01
    endloop
  endfacet
  facet normal 9.238795e-01 -0.000000e+00 3.826834e-01
    outer loop
      vertex   2.913660e+02 1.473333e+02 3.850000e+01
      vertex   2.914659e+02 1.527500e+02 3.825882e+01
      vertex   2.913660e+02 1.527500e+02 3.850000e+01
    endloop
  endfacet
  facet normal 7.933533e-01 -0.000000e+00 6.087614e-01
    outer loop
      vertex   2.913660e+02 1.473333e+02 3.850000e+01
      vertex   2.913660e+02 1.527500e+02 3.850000e+01
      vertex   2.912071e+02 1.473333e+02 3.870711e+01
    endloop
  endfacet
  facet normal 7.933533e-01 -0.000000e+00 6.087614e-01
    outer loop
      vertex   2.912071e+02 1.473333e+02 3.870711e+01
      vertex   2.913660e+02 1.527500e+02 3.850000e+01
      vertex   2.912071e+02 1.527500e+02 3.870711e+01
    endloop
  endfacet
  facet normal 6.087614e-01 -0.000000e+00 7.933533e-01
    outer loop
      vertex   2.912071e+02 1.473333e+02 3.870711e+01
      vertex   2.912071e+02 1.527500e+02 3.870711e+01
      vertex   2.910000e+02 1.473333e+02 3.886603e+01
    endloop
  endfacet
  facet normal 6.087614e-01 -0.000000e+00 7.933533e-01
    outer loop
      vertex   2.910000e+02 1.473333e+02 3.886603e+01
      vertex   2.912071e+02 1.527500e+02 3.870711e+01
      vertex   2.910000e+02 1.527500e+02 3.886603e+01
    endloop
  endfacet
  facet normal 3.826834e-01 -0.000000e+00 9.238795e-01
    outer loop
      vertex   2.910000e+02 1.473333e+02 3.886603e+01
      vertex   2.910000e+02 1.527500e+02 3.886603e+01
      vertex   2.907588e+02 1.473333e+02 3.896593e+01
    endloop
  endfacet
  facet normal 3.826834e-01 -0.000000e+00 9.238795e-01
    outer loop
      vertex   2.907588e+02 1.473333e+02 3.896593e+01
      vertex   2.910000e+02 1.527500e+02 3.886603e+01
      vertex   2.907588e+02 1.527500e+02 3.896593e+01
    endloop
  endfacet
  facet normal 1.305262e-01 -0.000000e+00 9.914449e-01
    outer loop
      vertex   2.907588e+02 1.473333e+02 3.896593e+01
      vertex   2.907588e+02 1.527500e+02 3.896593e+01
      vertex   2.905000e+02 1.690000e+02 3.900000e+01
    endloop
  endfacet
  facet normal 1.305262e-01 0.000000e+00 9.914449e-01
    outer loop
      vertex   2.905000e+02 1.690000e+02 3.900000e+01
      vertex   2.907588e+02 1.527500e+02 3.896593e+01
      vertex   2.907588e+02 1.581667e+02 3.896593e+01
    endloop
  endfacet
  facet normal 1.305262e-01 0.000000e+00 9.914449e-01
    outer loop
      vertex   2.905000e+02 1.690000e+02 3.900000e+01
      vertex   2.907588e+02 1.581667e+02 3.896593e+01
      vertex   2.907588e+02 1.635833e+02 3.896593e+01
    endloop
  endfacet
  facet normal 3.826834e-01 0.000000e+00 9.238795e-01
    outer loop
      vertex   2.907588e+02 1.635833e+02 3.896593e+01
      vertex   2.907588e+02 1.581667e+02 3.896593e+01
      vertex   2.910000e+02 1.635833e+02 3.886603e+01
    endloop
  endfacet
  facet normal 3.826834e-01 -2.421685e-15 9.238795e-01
    outer loop
      vertex   2.907588e+02 1.635833e+02 3.896593e+01
      vertex   2.910000e+02 1.635833e+02 3.886603e+01
      vertex   2.910000e+02 1.690000e+02 3.886603e+01
    endloop
  endfacet
  facet normal 6.087614e-01 -2.081396e-15 7.933533e-01
    outer loop
      vertex   2.910000e+02 1.690000e+02 3.886603e+01
      vertex   2.910000e+02 1.635833e+02 3.886603e+01
      vertex   2.912071e+02 1.690000e+02 3.870711e+01
    endloop
  endfacet
  facet normal 6.087614e-01 -1.040698e-15 7.933533e-01
    outer loop
      vertex   2.912071e+02 1.690000e+02 3.870711e+01
      vertex   2.910000e+02 1.635833e+02 3.886603e+01
      vertex   2.912071e+02 1.635833e+02 3.870711e+01
    endloop
  endfacet
  facet normal 7.933533e-01 -7.985557e-16 6.087614e-01
    outer loop
      vertex   2.912071e+02 1.690000e+02 3.870711e+01
      vertex   2.912071e+02 1.635833e+02 3.870711e+01
      vertex   2.913660e+02 1.690000e+02 3.850000e+01
    endloop
  endfacet
  facet normal 7.933533e-01 0.000000e+00 6.087614e-01
    outer loop
      vertex   2.913660e+02 1.690000e+02 3.850000e+01
      vertex   2.912071e+02 1.635833e+02 3.870711e+01
      vertex   2.913660e+02 1.635833e+02 3.850000e+01
    endloop
  endfacet
  facet normal 9.238795e-01 0.000000e+00 3.826834e-01
    outer loop
      vertex   2.913660e+02 1.690000e+02 3.850000e+01
      vertex   2.913660e+02 1.635833e+02 3.850000e+01
      vertex   2.914659e+02 1.690000e+02 3.825882e+01
    endloop
  endfacet
  facet normal 9.238795e-01 -5.019931e-16 3.826834e-01
    outer loop
      vertex   2.914659e+02 1.690000e+02 3.825882e+01
      vertex   2.913660e+02 1.635833e+02 3.850000e+01
      vertex   2.914659e+02 1.635833e+02 3.825882e+01
    endloop
  endfacet
  facet normal 9.914449e-01 -1.712205e-16 1.305262e-01
    outer loop
      vertex   2.914659e+02 1.690000e+02 3.825882e+01
      vertex   2.914659e+02 1.635833e+02 3.825882e+01
      vertex   2.915000e+02 1.690000e+02 3.800000e+01
    endloop
  endfacet
  facet normal 9.914449e-01 0.000000e+00 1.305262e-01
    outer loop
      vertex   2.915000e+02 1.690000e+02 3.800000e+01
      vertex   2.914659e+02 1.635833e+02 3.825882e+01
      vertex   2.914659e+02 1.581667e+02 3.825882e+01
    endloop
  endfacet
  facet normal 9.914449e-01 0.000000e+00 1.305262e-01
    outer loop
      vertex   2.915000e+02 1.690000e+02 3.800000e+01
      vertex   2.914659e+02 1.581667e+02 3.825882e+01
      vertex   2.914659e+02 1.527500e+02 3.825882e+01
    endloop
  endfacet
  facet normal 9.238795e-01 -0.000000e+00 3.826834e-01
    outer loop
      vertex   2.914659e+02 1.527500e+02 3.825882e+01
      vertex   2.914659e+02 1.581667e+02 3.825882e+01
      vertex   2.913660e+02 1.527500e+02 3.850000e+01
    endloop
  endfacet
  facet normal 3.826834e-01 0.000000e+00 9.238795e-01
    outer loop
      vertex   2.907588e+02 1.094167e+02 3.896593e+01
      vertex   2.907588e+02 1.040000e+02 3.896593e+01
      vertex   2.910000e+02 1.094167e+02 3.886603e+01
    endloop
  endfacet
  facet normal 3.826834e-01 0.000000e+00 9.238795e-01
    outer loop
      vertex   2.910000e+02 1.094167e+02 3.886603e+01
      vertex   2.907588e+02 1.040000e+02 3.896593e+01
      vertex   2.910000e+02 1.040000e+02 3.886603e+01
    endloop
  endfacet
  facet normal 6.087614e-01 0.000000e+00 7.933533e-01
    outer loop
      vertex   2.910000e+02 1.094167e+02 3.886603e+01
      vertex   2.910000e+02 1.040000e+02 3.886603e+01
      vertex   2.912071e+02 1.094167e+02 3.870711e+01
    endloop
  endfacet
  facet normal 6.087614e-01 0.000000e+00 7.933533e-01
    outer loop
      vertex   2.912071e+02 1.094167e+02 3.870711e+01
      vertex   2.910000e+02 1.040000e+02 3.886603e+01
      vertex   2.912071e+02 1.040000e+02 3.870711e+01
    endloop
  endfacet
  facet normal 7.933533e-01 0.000000e+00 6.087614e-01
    outer loop
      vertex   2.912071e+02 1.094167e+02 3.870711e+01
      vertex   2.912071e+02 1.040000e+02 3.870711e+01
      vertex   2.913660e+02 1.094167e+02 3.850000e+01
    endloop
  endfacet
  facet normal 7.933533e-01 0.000000e+00 6.087614e-01
    outer loop
      vertex   2.913660e+02 1.094167e+02 3.850000e+01
      vertex   2.912071e+02 1.040000e+02 3.870711e+01
      vertex   2.913660e+02 1.040000e+02 3.850000e+01
    endloop
  endfacet
  facet normal 9.238795e-01 0.000000e+00 3.826834e-01
    outer loop
      vertex   2.913660e+02 1.094167e+02 3.850000e+01
      vertex   2.913660e+02 1.040000e+02 3.850000e+01
      vertex   2.914659e+02 1.094167e+02 3.825882e+01
    endloop
  endfacet
  facet normal 9.238795e-01 0.000000e+00 3.826834e-01
    outer loop
      vertex   2.914659e+02 1.094167e+02 3.825882e+01
      vertex   2.913660e+02 1.040000e+02 3.850000e+01
      vertex   2.914659e+02 1.040000e+02 3.825882e+01
    endloop
  endfacet
  facet normal 9.914449e-01 0.000000e+00 1.305262e-01
    outer loop
      vertex   2.914659e+02 1.094167e+02 3.825882e+01
      vertex   2.914659e+02 1.040000e+02 3.825882e+01
      vertex   2.915000e+02 1.040000e+02 3.800000e+01
    endloop
  endfacet
  facet normal 9.914449e-01 0.000000e+00 1.305262e-01
    outer loop
      vertex   2.915000e+02 1.690000e+02 3.800000e+01
      vertex   2.914659e+02 1.365000e+02 3.825882e+01
      vertex   2.915000e+02 1.040000e+02 3.800000e+01
    endloop
  endfacet
  facet normal 9.914449e-01 0.000000e+00 1.305262e-01
    outer loop
      vertex   2.915000e+02 1.040000e+02 3.800000e+01
      vertex   2.914659e+02 1.365000e+02 3.825882e+01
      vertex   2.914659e+02 1.310833e+02 3.825882e+01
    endloop
  endfacet
  facet normal 9.914449e-01 0.000000e+00 1.305262e-01
    outer loop
      vertex   2.915000e+02 1.040000e+02 3.800000e+01
      vertex   2.914659e+02 1.310833e+02 3.825882e+01
      vertex   2.914659e+02 1.256667e+02 3.825882e+01
    endloop
  endfacet
  facet normal 9.238795e-01 -0.000000e+00 3.826834e-01
    outer loop
      vertex   2.914659e+02 1.256667e+02 3.825882e+01
      vertex   2.914659e+02 1.310833e+02 3.825882e+01
      vertex   2.913660e+02 1.256667e+02 3.850000e+01
    endloop
  endfacet
  facet normal 9.238795e-01 0.000000e+00 3.826834e-01
    outer loop
      vertex   2.914659e+02 1.256667e+02 3.825882e+01
      vertex   2.913660e+02 1.256667e+02 3.850000e+01
      vertex   2.913660e+02 1.202500e+02 3.850000e+01
    endloop
  endfacet
  facet normal 7.933533e-01 -0.000000e+00 6.087614e-01
    outer loop
      vertex   2.913660e+02 1.202500e+02 3.850000e+01
      vertex   2.913660e+02 1.256667e+02 3.850000e+01
      vertex   2.912071e+02 1.202500e+02 3.870711e+01
    endloop
  endfacet
  facet normal 7.933533e-01 0.000000e+00 6.087614e-01
    outer loop
      vertex   2.913660e+02 1.202500e+02 3.850000e+01
      vertex   2.912071e+02 1.202500e+02 3.870711e+01
      vertex   2.912071e+02 1.148333e+02 3.870711e+01
    endloop
  endfacet
  facet normal 6.087614e-01 -0.000000e+00 7.933533e-01
    outer loop
      vertex   2.912071e+02 1.148333e+02 3.870711e+01
      vertex   2.912071e+02 1.202500e+02 3.870711e+01
      vertex   2.910000e+02 1.148333e+02 3.886603e+01
    endloop
  endfacet
  facet normal 6.087614e-01 0.000000e+00 7.933533e-01
    outer loop
      vertex   2.912071e+02 1.148333e+02 3.870711e+01
      vertex   2.910000e+02 1.148333e+02 3.886603e+01
      vertex   2.910000e+02 1.094167e+02 3.886603e+01
    endloop
  endfacet
  facet normal 3.826834e-01 -0.000000e+00 9.238795e-01
    outer loop
      vertex   2.910000e+02 1.094167e+02 3.886603e+01
      vertex   2.910000e+02 1.148333e+02 3.886603e+01
      vertex   2.907588e+02 1.094167e+02 3.896593e+01
    endloop
  endfacet
  facet normal 3.826834e-01 -2.421685e-15 9.238795e-01
    outer loop
      vertex   2.910000e+02 1.690000e+02 3.886603e+01
      vertex   2.907588e+02 1.690000e+02 3.896593e+01
      vertex   2.907588e+02 1.635833e+02 3.896593e+01
    endloop
  endfacet
  facet normal 1.305262e-01 -2.601098e-15 9.914449e-01
    outer loop
      vertex   2.907588e+02 1.635833e+02 3.896593e+01
      vertex   2.907588e+02 1.690000e+02 3.896593e+01
      vertex   2.905000e+02 1.690000e+02 3.900000e+01
    endloop
  endfacet
  facet normal 1.305262e-01 -0.000000e+00 9.914449e-01
    outer loop
      vertex   2.905000e+02 1.040000e+02 3.900000e+01
      vertex   2.907588e+02 1.365000e+02 3.896593e+01
      vertex   2.905000e+02 1.690000e+02 3.900000e+01
    endloop
  endfacet
  facet normal 1.305262e-01 0.000000e+00 9.914449e-01
    outer loop
      vertex   2.905000e+02 1.690000e+02 3.900000e+01
      vertex   2.907588e+02 1.365000e+02 3.896593e+01
      vertex   2.907588e+02 1.419167e+02 3.896593e+01
    endloop
  endfacet
  facet normal 1.305262e-01 0.000000e+00 9.914449e-01
    outer loop
      vertex   2.905000e+02 1.690000e+02 3.900000e+01
      vertex   2.907588e+02 1.419167e+02 3.896593e+01
      vertex   2.907588e+02 1.473333e+02 3.896593e+01
    endloop
  endfacet
  facet normal 3.826834e-01 0.000000e+00 9.238795e-01
    outer loop
      vertex   2.907588e+02 1.473333e+02 3.896593e+01
      vertex   2.907588e+02 1.419167e+02 3.896593e+01
      vertex   2.910000e+02 1.473333e+02 3.886603e+01
    endloop
  endfacet
  facet normal 3.826834e-01 0.000000e+00 9.238795e-01
    outer loop
      vertex   2.910000e+02 1.202500e+02 3.886603e+01
      vertex   2.907588e+02 1.148333e+02 3.896593e+01
      vertex   2.910000e+02 1.148333e+02 3.886603e+01
    endloop
  endfacet
  facet normal 3.826834e-01 0.000000e+00 9.238795e-01
    outer loop
      vertex   2.910000e+02 1.148333e+02 3.886603e+01
      vertex   2.907588e+02 1.148333e+02 3.896593e+01
      vertex   2.907588e+02 1.094167e+02 3.896593e+01
    endloop
  endfacet
  facet normal 1.305262e-01 -0.000000e+00 9.914449e-01
    outer loop
      vertex   2.907588e+02 1.202500e+02 3.896593e+01
      vertex   2.907588e+02 1.256667e+02 3.896593e+01
      vertex   2.905000e+02 1.040000e+02 3.900000e+01
    endloop
  endfacet
  facet normal 1.305262e-01 0.000000e+00 9.914449e-01
    outer loop
      vertex   2.905000e+02 1.040000e+02 3.900000e+01
      vertex   2.907588e+02 1.256667e+02 3.896593e+01
      vertex   2.907588e+02 1.310833e+02 3.896593e+01
    endloop
  endfacet
  facet normal 1.305262e-01 0.000000e+00 9.914449e-01
    outer loop
      vertex   2.905000e+02 1.040000e+02 3.900000e+01
      vertex   2.907588e+02 1.310833e+02 3.896593e+01
      vertex   2.907588e+02 1.365000e+02 3.896593e+01
    endloop
  endfacet
  facet normal 3.826834e-01 0.000000e+00 9.238795e-01
    outer loop
      vertex   2.907588e+02 1.365000e+02 3.896593e+01
      vertex   2.907588e+02 1.310833e+02 3.896593e+01
      vertex   2.910000e+02 1.365000e+02 3.886603e+01
    endloop
  endfacet
  facet normal 3.826834e-01 0.000000e+00 9.238795e-01
    outer loop
      vertex   2.907588e+02 1.365000e+02 3.896593e+01
      vertex   2.910000e+02 1.365000e+02 3.886603e+01
      vertex   2.910000e+02 1.419167e+02 3.886603e+01
    endloop
  endfacet
  facet normal 6.087614e-01 0.000000e+00 7.933533e-01
    outer loop
      vertex   2.910000e+02 1.419167e+02 3.886603e+01
      vertex   2.910000e+02 1.365000e+02 3.886603e+01
      vertex   2.912071e+02 1.419167e+02 3.870711e+01
    endloop
  endfacet
  facet normal 6.087614e-01 0.000000e+00 7.933533e-01
    outer loop
      vertex   2.910000e+02 1.419167e+02 3.886603e+01
      vertex   2.912071e+02 1.419167e+02 3.870711e+01
      vertex   2.912071e+02 1.473333e+02 3.870711e+01
    endloop
  endfacet
  facet normal 7.933533e-01 0.000000e+00 6.087614e-01
    outer loop
      vertex   2.912071e+02 1.473333e+02 3.870711e+01
      vertex   2.912071e+02 1.419167e+02 3.870711e+01
      vertex   2.913660e+02 1.473333e+02 3.850000e+01
    endloop
  endfacet
  facet normal 3.826834e-01 -0.000000e+00 9.238795e-01
    outer loop
      vertex   2.907588e+02 1.202500e+02 3.896593e+01
      vertex   2.910000e+02 1.256667e+02 3.886603e+01
      vertex   2.907588e+02 1.256667e+02 3.896593e+01
    endloop
  endfacet
  facet normal 3.826834e-01 0.000000e+00 9.238795e-01
    outer loop
      vertex   2.907588e+02 1.256667e+02 3.896593e+01
      vertex   2.910000e+02 1.256667e+02 3.886603e+01
      vertex   2.910000e+02 1.310833e+02 3.886603e+01
    endloop
  endfacet
  facet normal 3.826834e-01 -0.000000e+00 9.238795e-01
    outer loop
      vertex   2.907588e+02 1.256667e+02 3.896593e+01
      vertex   2.910000e+02 1.310833e+02 3.886603e+01
      vertex   2.907588e+02 1.310833e+02 3.896593e+01
    endloop
  endfacet
  facet normal 3.826834e-01 -1.212069e-15 9.238795e-01
    outer loop
      vertex   2.907588e+02 1.310833e+02 3.896593e+01
      vertex   2.910000e+02 1.310833e+02 3.886603e+01
      vertex   2.910000e+02 1.365000e+02 3.886603e+01
    endloop
  endfacet
  facet normal 3.826834e-01 0.000000e+00 9.238795e-01
    outer loop
      vertex   2.910000e+02 1.473333e+02 3.886603e+01
      vertex   2.907588e+02 1.419167e+02 3.896593e+01
      vertex   2.910000e+02 1.419167e+02 3.886603e+01
    endloop
  endfacet
  facet normal 3.826834e-01 0.000000e+00 9.238795e-01
    outer loop
      vertex   2.910000e+02 1.419167e+02 3.886603e+01
      vertex   2.907588e+02 1.419167e+02 3.896593e+01
      vertex   2.907588e+02 1.365000e+02 3.896593e+01
    endloop
  endfacet
  facet normal 3.826834e-01 0.000000e+00 9.238795e-01
    outer loop
      vertex   2.907588e+02 1.581667e+02 3.896593e+01
      vertex   2.907588e+02 1.527500e+02 3.896593e+01
      vertex   2.910000e+02 1.581667e+02 3.886603e+01
    endloop
  endfacet
  facet normal 3.826834e-01 0.000000e+00 9.238795e-01
    outer loop
      vertex   2.910000e+02 1.581667e+02 3.886603e+01
      vertex   2.907588e+02 1.527500e+02 3.896593e+01
      vertex   2.910000e+02 1.527500e+02 3.886603e+01
    endloop
  endfacet
  facet normal 6.087614e-01 0.000000e+00 7.933533e-01
    outer loop
      vertex   2.910000e+02 1.581667e+02 3.886603e+01
      vertex   2.910000e+02 1.527500e+02 3.886603e+01
      vertex   2.912071e+02 1.581667e+02 3.870711e+01
    endloop
  endfacet
  facet normal 6.087614e-01 0.000000e+00 7.933533e-01
    outer loop
      vertex   2.912071e+02 1.581667e+02 3.870711e+01
      vertex   2.910000e+02 1.527500e+02 3.886603e+01
      vertex   2.912071e+02 1.527500e+02 3.870711e+01
    endloop
  endfacet
  facet normal 7.933533e-01 0.000000e+00 6.087614e-01
    outer loop
      vertex   2.912071e+02 1.581667e+02 3.870711e+01
      vertex   2.912071e+02 1.527500e+02 3.870711e+01
      vertex   2.913660e+02 1.581667e+02 3.850000e+01
    endloop
  endfacet
  facet normal 7.933533e-01 0.000000e+00 6.087614e-01
    outer loop
      vertex   2.913660e+02 1.581667e+02 3.850000e+01
      vertex   2.912071e+02 1.527500e+02 3.870711e+01
      vertex   2.913660e+02 1.527500e+02 3.850000e+01
    endloop
  endfacet
  facet normal 9.238795e-01 0.000000e+00 3.826834e-01
    outer loop
      vertex   2.913660e+02 1.581667e+02 3.850000e+01
      vertex   2.913660e+02 1.527500e+02 3.850000e+01
      vertex   2.914659e+02 1.581667e+02 3.825882e+01
    endloop
  endfacet
  facet normal 6.087614e-01 -1.040698e-15 7.933533e-01
    outer loop
      vertex   2.912071e+02 1.148333e+02 3.870711e+01
      vertex   2.910000e+02 1.094167e+02 3.886603e+01
      vertex   2.912071e+02 1.094167e+02 3.870711e+01
    endloop
  endfacet
  facet normal 6.087614e-01 0.000000e+00 7.933533e-01
    outer loop
      vertex   2.912071e+02 1.256667e+02 3.870711e+01
      vertex   2.910000e+02 1.202500e+02 3.886603e+01
      vertex   2.912071e+02 1.202500e+02 3.870711e+01
    endloop
  endfacet
  facet normal 6.087614e-01 0.000000e+00 7.933533e-01
    outer loop
      vertex   2.912071e+02 1.202500e+02 3.870711e+01
      vertex   2.910000e+02 1.202500e+02 3.886603e+01
      vertex   2.910000e+02 1.148333e+02 3.886603e+01
    endloop
  endfacet
  facet normal 6.087614e-01 -0.000000e+00 7.933533e-01
    outer loop
      vertex   2.910000e+02 1.256667e+02 3.886603e+01
      vertex   2.912071e+02 1.310833e+02 3.870711e+01
      vertex   2.910000e+02 1.310833e+02 3.886603e+01
    endloop
  endfacet
  facet normal 6.087614e-01 0.000000e+00 7.933533e-01
    outer loop
      vertex   2.910000e+02 1.310833e+02 3.886603e+01
      vertex   2.912071e+02 1.310833e+02 3.870711e+01
      vertex   2.912071e+02 1.365000e+02 3.870711e+01
    endloop
  endfacet
  facet normal 6.087614e-01 -1.040698e-15 7.933533e-01
    outer loop
      vertex   2.910000e+02 1.310833e+02 3.886603e+01
      vertex   2.912071e+02 1.365000e+02 3.870711e+01
      vertex   2.910000e+02 1.365000e+02 3.886603e+01
    endloop
  endfacet
  facet normal 6.087614e-01 0.000000e+00 7.933533e-01
    outer loop
      vertex   2.910000e+02 1.365000e+02 3.886603e+01
      vertex   2.912071e+02 1.365000e+02 3.870711e+01
      vertex   2.912071e+02 1.419167e+02 3.870711e+01
    endloop
  endfacet
  facet normal 6.087614e-01 0.000000e+00 7.933533e-01
    outer loop
      vertex   2.912071e+02 1.473333e+02 3.870711e+01
      vertex   2.910000e+02 1.473333e+02 3.886603e+01
      vertex   2.910000e+02 1.419167e+02 3.886603e+01
    endloop
  endfacet
  facet normal 6.087614e-01 0.000000e+00 7.933533e-01
    outer loop
      vertex   2.912071e+02 1.635833e+02 3.870711e+01
      vertex   2.910000e+02 1.635833e+02 3.886603e+01
      vertex   2.910000e+02 1.581667e+02 3.886603e+01
    endloop
  endfacet
  facet normal 3.826834e-01 -0.000000e+00 9.238795e-01
    outer loop
      vertex   2.910000e+02 1.581667e+02 3.886603e+01
      vertex   2.910000e+02 1.635833e+02 3.886603e+01
      vertex   2.907588e+02 1.581667e+02 3.896593e+01
    endloop
  endfacet
  facet normal 6.087614e-01 0.000000e+00 7.933533e-01
    outer loop
      vertex   2.912071e+02 1.635833e+02 3.870711e+01
      vertex   2.910000e+02 1.581667e+02 3.886603e+01
      vertex   2.912071e+02 1.581667e+02 3.870711e+01
    endloop
  endfacet
  facet normal 7.933533e-01 -7.985557e-16 6.087614e-01
    outer loop
      vertex   2.912071e+02 1.148333e+02 3.870711e+01
      vertex   2.912071e+02 1.094167e+02 3.870711e+01
      vertex   2.913660e+02 1.148333e+02 3.850000e+01
    endloop
  endfacet
  facet normal 7.933533e-01 0.000000e+00 6.087614e-01
    outer loop
      vertex   2.913660e+02 1.148333e+02 3.850000e+01
      vertex   2.912071e+02 1.094167e+02 3.870711e+01
      vertex   2.913660e+02 1.094167e+02 3.850000e+01
    endloop
  endfacet
  facet normal 9.238795e-01 0.000000e+00 3.826834e-01
    outer loop
      vertex   2.913660e+02 1.148333e+02 3.850000e+01
      vertex   2.913660e+02 1.094167e+02 3.850000e+01
      vertex   2.914659e+02 1.148333e+02 3.825882e+01
    endloop
  endfacet
  facet normal 9.238795e-01 0.000000e+00 3.826834e-01
    outer loop
      vertex   2.914659e+02 1.148333e+02 3.825882e+01
      vertex   2.913660e+02 1.094167e+02 3.850000e+01
      vertex   2.914659e+02 1.094167e+02 3.825882e+01
    endloop
  endfacet
  facet normal 9.914449e-01 0.000000e+00 1.305262e-01
    outer loop
      vertex   2.914659e+02 1.148333e+02 3.825882e+01
      vertex   2.914659e+02 1.094167e+02 3.825882e+01
      vertex   2.915000e+02 1.040000e+02 3.800000e+01
    endloop
  endfacet
  facet normal 7.933533e-01 0.000000e+00 6.087614e-01
    outer loop
      vertex   2.913660e+02 1.310833e+02 3.850000e+01
      vertex   2.912071e+02 1.256667e+02 3.870711e+01
      vertex   2.913660e+02 1.256667e+02 3.850000e+01
    endloop
  endfacet
  facet normal 7.933533e-01 0.000000e+00 6.087614e-01
    outer loop
      vertex   2.913660e+02 1.256667e+02 3.850000e+01
      vertex   2.912071e+02 1.256667e+02 3.870711e+01
      vertex   2.912071e+02 1.202500e+02 3.870711e+01
    endloop
  endfacet
  facet normal 7.933533e-01 -0.000000e+00 6.087614e-01
    outer loop
      vertex   2.912071e+02 1.310833e+02 3.870711e+01
      vertex   2.913660e+02 1.365000e+02 3.850000e+01
      vertex   2.912071e+02 1.365000e+02 3.870711e+01
    endloop
  endfacet
  facet normal 7.933533e-01 0.000000e+00 6.087614e-01
    outer loop
      vertex   2.912071e+02 1.365000e+02 3.870711e+01
      vertex   2.913660e+02 1.365000e+02 3.850000e+01
      vertex   2.913660e+02 1.419167e+02 3.850000e+01
    endloop
  endfacet
  facet normal 7.933533e-01 -0.000000e+00 6.087614e-01
    outer loop
      vertex   2.912071e+02 1.365000e+02 3.870711e+01
      vertex   2.913660e+02 1.419167e+02 3.850000e+01
      vertex   2.912071e+02 1.419167e+02 3.870711e+01
    endloop
  endfacet
  facet normal 7.933533e-01 -7.998675e-16 6.087614e-01
    outer loop
      vertex   2.912071e+02 1.419167e+02 3.870711e+01
      vertex   2.913660e+02 1.419167e+02 3.850000e+01
      vertex   2.913660e+02 1.473333e+02 3.850000e+01
    endloop
  endfacet
  facet normal 7.933533e-01 0.000000e+00 6.087614e-01
    outer loop
      vertex   2.913660e+02 1.635833e+02 3.850000e+01
      vertex   2.912071e+02 1.635833e+02 3.870711e+01
      vertex   2.912071e+02 1.581667e+02 3.870711e+01
    endloop
  endfacet
  facet normal 7.933533e-01 0.000000e+00 6.087614e-01
    outer loop
      vertex   2.913660e+02 1.635833e+02 3.850000e+01
      vertex   2.912071e+02 1.581667e+02 3.870711e+01
      vertex   2.913660e+02 1.581667e+02 3.850000e+01
    endloop
  endfacet
  facet normal 7.933533e-01 0.000000e+00 6.087614e-01
    outer loop
      vertex   2.912071e+02 1.148333e+02 3.870711e+01
      vertex   2.913660e+02 1.148333e+02 3.850000e+01
      vertex   2.913660e+02 1.202500e+02 3.850000e+01
    endloop
  endfacet
  facet normal 9.238795e-01 0.000000e+00 3.826834e-01
    outer loop
      vertex   2.913660e+02 1.202500e+02 3.850000e+01
      vertex   2.913660e+02 1.148333e+02 3.850000e+01
      vertex   2.914659e+02 1.202500e+02 3.825882e+01
    endloop
  endfacet
  facet normal 9.238795e-01 0.000000e+00 3.826834e-01
    outer loop
      vertex   2.913660e+02 1.202500e+02 3.850000e+01
      vertex   2.914659e+02 1.202500e+02 3.825882e+01
      vertex   2.914659e+02 1.256667e+02 3.825882e+01
    endloop
  endfacet
  facet normal 9.914449e-01 0.000000e+00 1.305262e-01
    outer loop
      vertex   2.914659e+02 1.256667e+02 3.825882e+01
      vertex   2.914659e+02 1.202500e+02 3.825882e+01
      vertex   2.915000e+02 1.040000e+02 3.800000e+01
    endloop
  endfacet
  facet normal 9.238795e-01 0.000000e+00 3.826834e-01
    outer loop
      vertex   2.914659e+02 1.202500e+02 3.825882e+01
      vertex   2.913660e+02 1.148333e+02 3.850000e+01
      vertex   2.914659e+02 1.148333e+02 3.825882e+01
    endloop
  endfacet
  facet normal 9.238795e-01 0.000000e+00 3.826834e-01
    outer loop
      vertex   2.914659e+02 1.365000e+02 3.825882e+01
      vertex   2.913660e+02 1.310833e+02 3.850000e+01
      vertex   2.914659e+02 1.310833e+02 3.825882e+01
    endloop
  endfacet
  facet normal 9.238795e-01 0.000000e+00 3.826834e-01
    outer loop
      vertex   2.914659e+02 1.310833e+02 3.825882e+01
      vertex   2.913660e+02 1.310833e+02 3.850000e+01
      vertex   2.913660e+02 1.256667e+02 3.850000e+01
    endloop
  endfacet
  facet normal 9.238795e-01 -5.005306e-16 3.826834e-01
    outer loop
      vertex   2.914659e+02 1.473333e+02 3.825882e+01
      vertex   2.913660e+02 1.473333e+02 3.850000e+01
      vertex   2.913660e+02 1.419167e+02 3.850000e+01
    endloop
  endfacet
  facet normal 9.238795e-01 0.000000e+00 3.826834e-01
    outer loop
      vertex   2.914659e+02 1.473333e+02 3.825882e+01
      vertex   2.913660e+02 1.419167e+02 3.850000e+01
      vertex   2.914659e+02 1.419167e+02 3.825882e+01
    endloop
  endfacet
  facet normal 9.238795e-01 0.000000e+00 3.826834e-01
    outer loop
      vertex   2.914659e+02 1.419167e+02 3.825882e+01
      vertex   2.913660e+02 1.419167e+02 3.850000e+01
      vertex   2.913660e+02 1.365000e+02 3.850000e+01
    endloop
  endfacet
  facet normal 9.238795e-01 0.000000e+00 3.826834e-01
    outer loop
      vertex   2.914659e+02 1.635833e+02 3.825882e+01
      vertex   2.913660e+02 1.635833e+02 3.850000e+01
      vertex   2.913660e+02 1.581667e+02 3.850000e+01
    endloop
  endfacet
  facet normal 9.238795e-01 0.000000e+00 3.826834e-01
    outer loop
      vertex   2.914659e+02 1.635833e+02 3.825882e+01
      vertex   2.913660e+02 1.581667e+02 3.850000e+01
      vertex   2.914659e+02 1.581667e+02 3.825882e+01
    endloop
  endfacet
  facet normal 9.914449e-01 0.000000e+00 1.305262e-01
    outer loop
      vertex   2.915000e+02 1.040000e+02 3.800000e+01
      vertex   2.914659e+02 1.202500e+02 3.825882e+01
      vertex   2.914659e+02 1.148333e+02 3.825882e+01
    endloop
  endfacet
  facet normal -1.273128e-15 -1.305262e-01 9.914449e-01
    outer loop
      vertex   2.075000e+02 1.037412e+02 3.896593e+01
      vertex   2.130333e+02 1.037412e+02 3.896593e+01
      vertex   2.075000e+02 1.040000e+02 3.900000e+01
    endloop
  endfacet
  facet normal 0.000000e+00 -1.305262e-01 9.914449e-01
    outer loop
      vertex   2.075000e+02 1.040000e+02 3.900000e+01
      vertex   2.130333e+02 1.037412e+02 3.896593e+01
      vertex   2.185667e+02 1.037412e+02 3.896593e+01
    endloop
  endfacet
  facet normal 0.000000e+00 -1.305262e-01 9.914449e-01
    outer loop
      vertex   2.075000e+02 1.040000e+02 3.900000e+01
      vertex   2.185667e+02 1.037412e+02 3.896593e+01
      vertex   2.241000e+02 1.037412e+02 3.896593e+01
    endloop
  endfacet
  facet normal 0.000000e+00 -3.826834e-01 9.238795e-01
    outer loop
      vertex   2.241000e+02 1.037412e+02 3.896593e+01
      vertex   2.185667e+02 1.037412e+02 3.896593e+01
      vertex   2.241000e+02 1.035000e+02 3.886603e+01
    endloop
  endfacet
  facet normal 0.000000e+00 -3.826834e-01 9.238795e-01
    outer loop
      vertex   2.241000e+02 1.037412e+02 3.896593e+01
      vertex   2.241000e+02 1.035000e+02 3.886603e+01
      vertex   2.296333e+02 1.035000e+02 3.886603e+01
    endloop
  endfacet
  facet normal 0.000000e+00 -6.087614e-01 7.933533e-01
    outer loop
      vertex   2.296333e+02 1.035000e+02 3.886603e+01
      vertex   2.241000e+02 1.035000e+02 3.886603e+01
      vertex   2.296333e+02 1.032929e+02 3.870711e+01
    endloop
  endfacet
  facet normal 0.000000e+00 -6.087614e-01 7.933533e-01
    outer loop
      vertex   2.296333e+02 1.035000e+02 3.886603e+01
      vertex   2.296333e+02 1.032929e+02 3.870711e+01
      vertex   2.351667e+02 1.032929e+02 3.870711e+01
    endloop
  endfacet
  facet normal 0.000000e+00 -7.933533e-01 6.087614e-01
    outer loop
      vertex   2.351667e+02 1.032929e+02 3.870711e+01
      vertex   2.296333e+02 1.032929e+02 3.870711e+01
      vertex   2.351667e+02 1.031340e+02 3.850000e+01
    endloop
  endfacet
  facet normal 0.000000e+00 -7.933533e-01 6.087614e-01
    outer loop
      vertex   2.351667e+02 1.032929e+02 3.870711e+01
      vertex   2.351667e+02 1.031340e+02 3.850000e+01
      vertex   2.407000e+02 1.031340e+02 3.850000e+01
    endloop
  endfacet
  facet normal 0.000000e+00 -9.238795e-01 3.826834e-01
    outer loop
      vertex   2.407000e+02 1.031340e+02 3.850000e+01
      vertex   2.351667e+02 1.031340e+02 3.850000e+01
      vertex   2.407000e+02 1.030341e+02 3.825882e+01
    endloop
  endfacet
  facet normal 0.000000e+00 -9.238795e-01 3.826834e-01
    outer loop
      vertex   2.407000e+02 1.031340e+02 3.850000e+01
      vertex   2.407000e+02 1.030341e+02 3.825882e+01
      vertex   2.462333e+02 1.030341e+02 3.825882e+01
    endloop
  endfacet
  facet normal 0.000000e+00 -9.914449e-01 1.305262e-01
    outer loop
      vertex   2.462333e+02 1.030341e+02 3.825882e+01
      vertex   2.407000e+02 1.030341e+02 3.825882e+01
      vertex   2.075000e+02 1.030000e+02 3.800000e+01
    endloop
  endfacet
  facet normal 0.000000e+00 -9.914449e-01 1.305262e-01
    outer loop
      vertex   2.462333e+02 1.030341e+02 3.825882e+01
      vertex   2.075000e+02 1.030000e+02 3.800000e+01
      vertex   2.905000e+02 1.030000e+02 3.800000e+01
    endloop
  endfacet
  facet normal -1.186366e-15 -3.826834e-01 9.238795e-01
    outer loop
      vertex   2.130333e+02 1.037412e+02 3.896593e+01
      vertex   2.075000e+02 1.037412e+02 3.896593e+01
      vertex   2.130333e+02 1.035000e+02 3.886603e+01
    endloop
  endfacet
  facet normal -1.186366e-15 -3.826834e-01 9.238795e-01
    outer loop
      vertex   2.130333e+02 1.035000e+02 3.886603e+01
      vertex   2.075000e+02 1.037412e+02 3.896593e+01
      vertex   2.075000e+02 1.035000e+02 3.886603e+01
    endloop
  endfacet
  facet normal -1.018756e-15 -6.087614e-01 7.933533e-01
    outer loop
      vertex   2.130333e+02 1.035000e+02 3.886603e+01
      vertex   2.075000e+02 1.035000e+02 3.886603e+01
      vertex   2.130333e+02 1.032929e+02 3.870711e+01
    endloop
  endfacet
  facet normal 0.000000e+00 -6.087614e-01 7.933533e-01
    outer loop
      vertex   2.130333e+02 1.032929e+02 3.870711e+01
      vertex   2.075000e+02 1.035000e+02 3.886603e+01
      vertex   2.075000e+02 1.032929e+02 3.870711e+01
    endloop
  endfacet
  facet normal 0.000000e+00 -7.933533e-01 6.087614e-01
    outer loop
      vertex   2.130333e+02 1.032929e+02 3.870711e+01
      vertex   2.075000e+02 1.032929e+02 3.870711e+01
      vertex   2.130333e+02 1.031340e+02 3.850000e+01
    endloop
  endfacet
  facet normal 0.000000e+00 -7.933533e-01 6.087614e-01
    outer loop
      vertex   2.130333e+02 1.031340e+02 3.850000e+01
      vertex   2.075000e+02 1.032929e+02 3.870711e+01
      vertex   2.075000e+02 1.031340e+02 3.850000e+01
    endloop
  endfacet
  facet normal 0.000000e+00 -9.238795e-01 3.826834e-01
    outer loop
      vertex   2.130333e+02 1.031340e+02 3.850000e+01
      vertex   2.075000e+02 1.031340e+02 3.850000e+01
      vertex   2.130333e+02 1.030341e+02 3.825882e+01
    endloop
  endfacet
  facet normal 0.000000e+00 -9.238795e-01 3.826834e-01
    outer loop
      vertex   2.130333e+02 1.030341e+02 3.825882e+01
      vertex   2.075000e+02 1.031340e+02 3.850000e+01
      vertex   2.075000e+02 1.030341e+02 3.825882e+01
    endloop
  endfacet
  facet normal 0.000000e+00 -9.914449e-01 1.305262e-01
    outer loop
      vertex   2.130333e+02 1.030341e+02 3.825882e+01
      vertex   2.075000e+02 1.030341e+02 3.825882e+01
      vertex   2.075000e+02 1.030000e+02 3.800000e+01
    endloop
  endfacet
  facet normal 0.000000e+00 -9.914449e-01 1.305262e-01
    outer loop
      vertex   2.905000e+02 1.030341e+02 3.825882e+01
      vertex   2.849667e+02 1.030341e+02 3.825882e+01
      vertex   2.905000e+02 1.030000e+02 3.800000e+01
    endloop
  endfacet
  facet normal 0.000000e+00 -9.914449e-01 1.305262e-01
    outer loop
      vertex   2.905000e+02 1.030000e+02 3.800000e+01
      vertex   2.849667e+02 1.030341e+02 3.825882e+01
      vertex   2.794333e+02 1.030341e+02 3.825882e+01
    endloop
  endfacet
  facet normal 0.000000e+00 -9.914449e-01 1.305262e-01
    outer loop
      vertex   2.905000e+02 1.030000e+02 3.800000e+01
      vertex   2.794333e+02 1.030341e+02 3.825882e+01
      vertex   2.739000e+02 1.030341e+02 3.825882e+01
    endloop
  endfacet
  facet normal 0.000000e+00 -9.238795e-01 3.826834e-01
    outer loop
      vertex   2.739000e+02 1.030341e+02 3.825882e+01
      vertex   2.794333e+02 1.030341e+02 3.825882e+01
      vertex   2.739000e+02 1.031340e+02 3.850000e+01
    endloop
  endfacet
  facet normal 0.000000e+00 -9.238795e-01 3.826834e-01
    outer loop
      vertex   2.739000e+02 1.030341e+02 3.825882e+01
      vertex   2.739000e+02 1.031340e+02 3.850000e+01
      vertex   2.683667e+02 1.031340e+02 3.850000e+01
    endloop
  endfacet
  facet normal 0.000000e+00 -7.933533e-01 6.087614e-01
    outer loop
      vertex   2.683667e+02 1.031340e+02 3.850000e+01
      vertex   2.739000e+02 1.031340e+02 3.850000e+01
      vertex   2.683667e+02 1.032929e+02 3.870711e+01
    endloop
  endfacet
  facet normal 0.000000e+00 -7.933533e-01 6.087614e-01
    outer loop
      vertex   2.683667e+02 1.031340e+02 3.850000e+01
      vertex   2.683667e+02 1.032929e+02 3.870711e+01
      vertex   2.628333e+02 1.032929e+02 3.870711e+01
    endloop
  endfacet
  facet normal 0.000000e+00 -6.087614e-01 7.933533e-01
    outer loop
      vertex   2.628333e+02 1.032929e+02 3.870711e+01
      vertex   2.683667e+02 1.032929e+02 3.870711e+01
      vertex   2.628333e+02 1.035000e+02 3.886603e+01
    endloop
  endfacet
  facet normal 0.000000e+00 -6.087614e-01 7.933533e-01
    outer loop
      vertex   2.628333e+02 1.032929e+02 3.870711e+01
      vertex   2.628333e+02 1.035000e+02 3.886603e+01
      vertex   2.573000e+02 1.035000e+02 3.886603e+01
    endloop
  endfacet
  facet normal 0.000000e+00 -3.826834e-01 9.238795e-01
    outer loop
      vertex   2.573000e+02 1.035000e+02 3.886603e+01
      vertex   2.628333e+02 1.035000e+02 3.886603e+01
      vertex   2.573000e+02 1.037412e+02 3.896593e+01
    endloop
  endfacet
  facet normal 0.000000e+00 -3.826834e-01 9.238795e-01
    outer loop
      vertex   2.573000e+02 1.035000e+02 3.886603e+01
      vertex   2.573000e+02 1.037412e+02 3.896593e+01
      vertex   2.517667e+02 1.037412e+02 3.896593e+01
    endloop
  endfacet
  facet normal 0.000000e+00 -1.305262e-01 9.914449e-01
    outer loop
      vertex   2.517667e+02 1.037412e+02 3.896593e+01
      vertex   2.573000e+02 1.037412e+02 3.896593e+01
      vertex   2.905000e+02 1.040000e+02 3.900000e+01
    endloop
  endfacet
  facet normal 4.467440e-17 -1.305262e-01 9.914449e-01
    outer loop
      vertex   2.517667e+02 1.037412e+02 3.896593e+01
      vertex   2.905000e+02 1.040000e+02 3.900000e+01
      vertex   2.075000e+02 1.040000e+02 3.900000e+01
    endloop
  endfacet
  facet normal 0.000000e+00 -9.238795e-01 3.826834e-01
    outer loop
      vertex   2.849667e+02 1.030341e+02 3.825882e+01
      vertex   2.905000e+02 1.030341e+02 3.825882e+01
      vertex   2.849667e+02 1.031340e+02 3.850000e+01
    endloop
  endfacet
  facet normal 0.000000e+00 -9.238795e-01 3.826834e-01
    outer loop
      vertex   2.849667e+02 1.031340e+02 3.850000e+01
      vertex   2.905000e+02 1.030341e+02 3.825882e+01
      vertex   2.905000e+02 1.031340e+02 3.850000e+01
    endloop
  endfacet
  facet normal 0.000000e+00 -7.933533e-01 6.087614e-01
    outer loop
      vertex   2.849667e+02 1.031340e+02 3.850000e+01
      vertex   2.905000e+02 1.031340e+02 3.850000e+01
      vertex   2.849667e+02 1.032929e+02 3.870711e+01
    endloop
  endfacet
  facet normal 0.000000e+00 -7.933533e-01 6.087614e-01
    outer loop
      vertex   2.849667e+02 1.032929e+02 3.870711e+01
      vertex   2.905000e+02 1.031340e+02 3.850000e+01
      vertex   2.905000e+02 1.032929e+02 3.870711e+01
    endloop
  endfacet
  facet normal 0.000000e+00 -6.087614e-01 7.933533e-01
    outer loop
      vertex   2.849667e+02 1.032929e+02 3.870711e+01
      vertex   2.905000e+02 1.032929e+02 3.870711e+01
      vertex   2.849667e+02 1.035000e+02 3.886603e+01
    endloop
  endfacet
  facet normal 0.000000e+00 -6.087614e-01 7.933533e-01
    outer loop
      vertex   2.849667e+02 1.035000e+02 3.886603e+01
      vertex   2.905000e+02 1.032929e+02 3.870711e+01
      vertex   2.905000e+02 1.035000e+02 3.886603e+01
    endloop
  endfacet
  facet normal 0.000000e+00 -3.826834e-01 9.238795e-01
    outer loop
      vertex   2.849667e+02 1.035000e+02 3.886603e+01
      vertex   2.905000e+02 1.035000e+02 3.886603e+01
      vertex   2.849667e+02 1.037412e+02 3.896593e+01
    endloop
  endfacet
  facet normal 1.186366e-15 -3.826834e-01 9.238795e-01
    outer loop
      vertex   2.849667e+02 1.037412e+02 3.896593e+01
      vertex   2.905000e+02 1.035000e+02 3.886603e+01
      vertex   2.905000e+02 1.037412e+02 3.896593e+01
    endloop
  endfacet
  facet normal 1.273128e-15 -1.305262e-01 9.914449e-01
    outer loop
      vertex   2.849667e+02 1.037412e+02 3.896593e+01
      vertex   2.905000e+02 1.037412e+02 3.896593e+01
      vertex   2.905000e+02 1.040000e+02 3.900000e+01
    endloop
  endfacet
  facet normal 0.000000e+00 -3.826834e-01 9.238795e-01
    outer loop
      vertex   2.185667e+02 1.037412e+02 3.896593e+01
      vertex   2.130333e+02 1.037412e+02 3.896593e+01
      vertex   2.185667e+02 1.035000e+02 3.886603e+01
    endloop
  endfacet
  facet normal 0.000000e+00 -3.826834e-01 9.238795e-01
    outer loop
      vertex   2.185667e+02 1.035000e+02 3.886603e+01
      vertex   2.130333e+02 1.037412e+02 3.896593e+01
      vertex   2.130333e+02 1.035000e+02 3.886603e+01
    endloop
  endfacet
  facet normal 0.000000e+00 -6.087614e-01 7.933533e-01
    outer loop
      vertex   2.185667e+02 1.035000e+02 3.886603e+01
      vertex   2.130333e+02 1.035000e+02 3.886603e+01
      vertex   2.185667e+02 1.032929e+02 3.870711e+01
    endloop
  endfacet
  facet normal 0.000000e+00 -6.087614e-01 7.933533e-01
    outer loop
      vertex   2.185667e+02 1.032929e+02 3.870711e+01
      vertex   2.130333e+02 1.035000e+02 3.886603e+01
      vertex   2.130333e+02 1.032929e+02 3.870711e+01
    endloop
  endfacet
  facet normal 0.000000e+00 -7.933533e-01 6.087614e-01
    outer loop
      vertex   2.185667e+02 1.032929e+02 3.870711e+01
      vertex   2.130333e+02 1.032929e+02 3.870711e+01
      vertex   2.185667e+02 1.031340e+02 3.850000e+01
    endloop
  endfacet
  facet normal 0.000000e+00 -7.933533e-01 6.087614e-01
    outer loop
      vertex   2.185667e+02 1.031340e+02 3.850000e+01
      vertex   2.130333e+02 1.032929e+02 3.870711e+01
      vertex   2.130333e+02 1.031340e+02 3.850000e+01
    endloop
  endfacet
  facet normal 0.000000e+00 -9.238795e-01 3.826834e-01
    outer loop
      vertex   2.185667e+02 1.031340e+02 3.850000e+01
      vertex   2.130333e+02 1.031340e+02 3.850000e+01
      vertex   2.185667e+02 1.030341e+02 3.825882e+01
    endloop
  endfacet
  facet normal 0.000000e+00 -9.238795e-01 3.826834e-01
    outer loop
      vertex   2.185667e+02 1.030341e+02 3.825882e+01
      vertex   2.130333e+02 1.031340e+02 3.850000e+01
      vertex   2.130333e+02 1.030341e+02 3.825882e+01
    endloop
  endfacet
  facet normal 0.000000e+00 -9.914449e-01 1.305262e-01
    outer loop
      vertex   2.185667e+02 1.030341e+02 3.825882e+01
      vertex   2.130333e+02 1.030341e+02 3.825882e+01
      vertex   2.075000e+02 1.030000e+02 3.800000e+01
    endloop
  endfacet
  facet normal 0.000000e+00 -1.305262e-01 9.914449e-01
    outer loop
      vertex   2.241000e+02 1.037412e+02 3.896593e+01
      vertex   2.296333e+02 1.037412e+02 3.896593e+01
      vertex   2.075000e+02 1.040000e+02 3.900000e+01
    endloop
  endfacet
  facet normal 0.000000e+00 -1.305262e-01 9.914449e-01
    outer loop
      vertex   2.075000e+02 1.040000e+02 3.900000e+01
      vertex   2.296333e+02 1.037412e+02 3.896593e+01
      vertex   2.351667e+02 1.037412e+02 3.896593e+01
    endloop
  endfacet
  facet normal 0.000000e+00 -1.305262e-01 9.914449e-01
    outer loop
      vertex   2.075000e+02 1.040000e+02 3.900000e+01
      vertex   2.351667e+02 1.037412e+02 3.896593e+01
      vertex   2.407000e+02 1.037412e+02 3.896593e+01
    endloop
  endfacet
  facet normal 0.000000e+00 -3.826834e-01 9.238795e-01
    outer loop
      vertex   2.407000e+02 1.037412e+02 3.896593e+01
      vertex   2.351667e+02 1.037412e+02 3.896593e+01
      vertex   2.407000e+02 1.035000e+02 3.886603e+01
    endloop
  endfacet
  facet normal 0.000000e+00 -3.826834e-01 9.238795e-01
    outer loop
      vertex   2.407000e+02 1.037412e+02 3.896593e+01
      vertex   2.407000e+02 1.035000e+02 3.886603e+01
      vertex   2.462333e+02 1.035000e+02 3.886603e+01
    endloop
  endfacet
  facet normal 0.000000e+00 -6.087614e-01 7.933533e-01
    outer loop
      vertex   2.462333e+02 1.035000e+02 3.886603e+01
      vertex   2.407000e+02 1.035000e+02 3.886603e+01
      vertex   2.462333e+02 1.032929e+02 3.870711e+01
    endloop
  endfacet
  facet normal 0.000000e+00 -6.087614e-01 7.933533e-01
    outer loop
      vertex   2.462333e+02 1.035000e+02 3.886603e+01
      vertex   2.462333e+02 1.032929e+02 3.870711e+01
      vertex   2.517667e+02 1.032929e+02 3.870711e+01
    endloop
  endfacet
  facet normal 0.000000e+00 -7.933533e-01 6.087614e-01
    outer loop
      vertex   2.517667e+02 1.032929e+02 3.870711e+01
      vertex   2.462333e+02 1.032929e+02 3.870711e+01
      vertex   2.517667e+02 1.031340e+02 3.850000e+01
    endloop
  endfacet
  facet normal 0.000000e+00 -7.933533e-01 6.087614e-01
    outer loop
      vertex   2.517667e+02 1.032929e+02 3.870711e+01
      vertex   2.517667e+02 1.031340e+02 3.850000e+01
      vertex   2.573000e+02 1.031340e+02 3.850000e+01
    endloop
  endfacet
  facet normal 0.000000e+00 -9.238795e-01 3.826834e-01
    outer loop
      vertex   2.573000e+02 1.031340e+02 3.850000e+01
      vertex   2.517667e+02 1.031340e+02 3.850000e+01
      vertex   2.573000e+02 1.030341e+02 3.825882e+01
    endloop
  endfacet
  facet normal 0.000000e+00 -9.238795e-01 3.826834e-01
    outer loop
      vertex   2.573000e+02 1.031340e+02 3.850000e+01
      vertex   2.573000e+02 1.030341e+02 3.825882e+01
      vertex   2.628333e+02 1.030341e+02 3.825882e+01
    endloop
  endfacet
  facet normal 0.000000e+00 -9.914449e-01 1.305262e-01
    outer loop
      vertex   2.628333e+02 1.030341e+02 3.825882e+01
      vertex   2.573000e+02 1.030341e+02 3.825882e+01
      vertex   2.905000e+02 1.030000e+02 3.800000e+01
    endloop
  endfacet
  facet normal 0.000000e+00 -9.914449e-01 1.305262e-01
    outer loop
      vertex   2.628333e+02 1.030341e+02 3.825882e+01
      vertex   2.905000e+02 1.030000e+02 3.800000e+01
      vertex   2.683667e+02 1.030341e+02 3.825882e+01
    endloop
  endfacet
  facet normal 0.000000e+00 -9.914449e-01 1.305262e-01
    outer loop
      vertex   2.683667e+02 1.030341e+02 3.825882e+01
      vertex   2.905000e+02 1.030000e+02 3.800000e+01
      vertex   2.739000e+02 1.030341e+02 3.825882e+01
    endloop
  endfacet
  facet normal 0.000000e+00 -9.238795e-01 3.826834e-01
    outer loop
      vertex   2.683667e+02 1.030341e+02 3.825882e+01
      vertex   2.739000e+02 1.030341e+02 3.825882e+01
      vertex   2.683667e+02 1.031340e+02 3.850000e+01
    endloop
  endfacet
  facet normal 0.000000e+00 -3.826834e-01 9.238795e-01
    outer loop
      vertex   2.241000e+02 1.037412e+02 3.896593e+01
      vertex   2.296333e+02 1.035000e+02 3.886603e+01
      vertex   2.296333e+02 1.037412e+02 3.896593e+01
    endloop
  endfacet
  facet normal -9.823564e-16 -3.826834e-01 9.238795e-01
    outer loop
      vertex   2.296333e+02 1.037412e+02 3.896593e+01
      vertex   2.296333e+02 1.035000e+02 3.886603e+01
      vertex   2.351667e+02 1.035000e+02 3.886603e+01
    endloop
  endfacet
  facet normal 0.000000e+00 -3.826834e-01 9.238795e-01
    outer loop
      vertex   2.296333e+02 1.037412e+02 3.896593e+01
      vertex   2.351667e+02 1.035000e+02 3.886603e+01
      vertex   2.351667e+02 1.037412e+02 3.896593e+01
    endloop
  endfacet
  facet normal 0.000000e+00 -3.826834e-01 9.238795e-01
    outer loop
      vertex   2.351667e+02 1.037412e+02 3.896593e+01
      vertex   2.351667e+02 1.035000e+02 3.886603e+01
      vertex   2.407000e+02 1.035000e+02 3.886603e+01
    endloop
  endfacet
  facet normal 0.000000e+00 -1.305262e-01 9.914449e-01
    outer loop
      vertex   2.517667e+02 1.037412e+02 3.896593e+01
      vertex   2.075000e+02 1.040000e+02 3.900000e+01
      vertex   2.462333e+02 1.037412e+02 3.896593e+01
    endloop
  endfacet
  facet normal 0.000000e+00 -1.305262e-01 9.914449e-01
    outer loop
      vertex   2.462333e+02 1.037412e+02 3.896593e+01
      vertex   2.075000e+02 1.040000e+02 3.900000e+01
      vertex   2.407000e+02 1.037412e+02 3.896593e+01
    endloop
  endfacet
  facet normal 0.000000e+00 -3.826834e-01 9.238795e-01
    outer loop
      vertex   2.462333e+02 1.037412e+02 3.896593e+01
      vertex   2.407000e+02 1.037412e+02 3.896593e+01
      vertex   2.462333e+02 1.035000e+02 3.886603e+01
    endloop
  endfacet
  facet normal 0.000000e+00 -3.826834e-01 9.238795e-01
    outer loop
      vertex   2.517667e+02 1.037412e+02 3.896593e+01
      vertex   2.462333e+02 1.037412e+02 3.896593e+01
      vertex   2.517667e+02 1.035000e+02 3.886603e+01
    endloop
  endfacet
  facet normal 0.000000e+00 -3.826834e-01 9.238795e-01
    outer loop
      vertex   2.517667e+02 1.035000e+02 3.886603e+01
      vertex   2.462333e+02 1.037412e+02 3.896593e+01
      vertex   2.462333e+02 1.035000e+02 3.886603e+01
    endloop
  endfacet
  facet normal 0.000000e+00 -6.087614e-01 7.933533e-01
    outer loop
      vertex   2.517667e+02 1.035000e+02 3.886603e+01
      vertex   2.462333e+02 1.035000e+02 3.886603e+01
      vertex   2.517667e+02 1.032929e+02 3.870711e+01
    endloop
  endfacet
  facet normal 0.000000e+00 -1.305262e-01 9.914449e-01
    outer loop
      vertex   2.573000e+02 1.037412e+02 3.896593e+01
      vertex   2.628333e+02 1.037412e+02 3.896593e+01
      vertex   2.905000e+02 1.040000e+02 3.900000e+01
    endloop
  endfacet
  facet normal 0.000000e+00 -1.305262e-01 9.914449e-01
    outer loop
      vertex   2.905000e+02 1.040000e+02 3.900000e+01
      vertex   2.628333e+02 1.037412e+02 3.896593e+01
      vertex   2.683667e+02 1.037412e+02 3.896593e+01
    endloop
  endfacet
  facet normal 0.000000e+00 -1.305262e-01 9.914449e-01
    outer loop
      vertex   2.905000e+02 1.040000e+02 3.900000e+01
      vertex   2.683667e+02 1.037412e+02 3.896593e+01
      vertex   2.739000e+02 1.037412e+02 3.896593e+01
    endloop
  endfacet
  facet normal 0.000000e+00 -3.826834e-01 9.238795e-01
    outer loop
      vertex   2.739000e+02 1.037412e+02 3.896593e+01
      vertex   2.683667e+02 1.037412e+02 3.896593e+01
      vertex   2.739000e+02 1.035000e+02 3.886603e+01
    endloop
  endfacet
  facet normal 0.000000e+00 -3.826834e-01 9.238795e-01
    outer loop
      vertex   2.739000e+02 1.037412e+02 3.896593e+01
      vertex   2.739000e+02 1.035000e+02 3.886603e+01
      vertex   2.794333e+02 1.035000e+02 3.886603e+01
    endloop
  endfacet
  facet normal 0.000000e+00 -6.087614e-01 7.933533e-01
    outer loop
      vertex   2.794333e+02 1.035000e+02 3.886603e+01
      vertex   2.739000e+02 1.035000e+02 3.886603e+01
      vertex   2.794333e+02 1.032929e+02 3.870711e+01
    endloop
  endfacet
  facet normal 0.000000e+00 -6.087614e-01 7.933533e-01
    outer loop
      vertex   2.794333e+02 1.035000e+02 3.886603e+01
      vertex   2.794333e+02 1.032929e+02 3.870711e+01
      vertex   2.849667e+02 1.032929e+02 3.870711e+01
    endloop
  endfacet
  facet normal 0.000000e+00 -7.933533e-01 6.087614e-01
    outer loop
      vertex   2.849667e+02 1.032929e+02 3.870711e+01
      vertex   2.794333e+02 1.032929e+02 3.870711e+01
      vertex   2.849667e+02 1.031340e+02 3.850000e+01
    endloop
  endfacet
  facet normal 0.000000e+00 -3.826834e-01 9.238795e-01
    outer loop
      vertex   2.573000e+02 1.037412e+02 3.896593e+01
      vertex   2.628333e+02 1.035000e+02 3.886603e+01
      vertex   2.628333e+02 1.037412e+02 3.896593e+01
    endloop
  endfacet
  facet normal 0.000000e+00 -3.826834e-01 9.238795e-01
    outer loop
      vertex   2.628333e+02 1.037412e+02 3.896593e+01
      vertex   2.628333e+02 1.035000e+02 3.886603e+01
      vertex   2.683667e+02 1.035000e+02 3.886603e+01
    endloop
  endfacet
  facet normal 0.000000e+00 -3.826834e-01 9.238795e-01
    outer loop
      vertex   2.628333e+02 1.037412e+02 3.896593e+01
      vertex   2.683667e+02 1.035000e+02 3.886603e+01
      vertex   2.683667e+02 1.037412e+02 3.896593e+01
    endloop
  endfacet
  facet normal 1.186514e-15 -3.826834e-01 9.238795e-01
    outer loop
      vertex   2.683667e+02 1.037412e+02 3.896593e+01
      vertex   2.683667e+02 1.035000e+02 3.886603e+01
      vertex   2.739000e+02 1.035000e+02 3.886603e+01
    endloop
  endfacet
  facet normal 0.000000e+00 -1.305262e-01 9.914449e-01
    outer loop
      vertex   2.849667e+02 1.037412e+02 3.896593e+01
      vertex   2.905000e+02 1.040000e+02 3.900000e+01
      vertex   2.794333e+02 1.037412e+02 3.896593e+01
    endloop
  endfacet
  facet normal 0.000000e+00 -1.305262e-01 9.914449e-01
    outer loop
      vertex   2.794333e+02 1.037412e+02 3.896593e+01
      vertex   2.905000e+02 1.040000e+02 3.900000e+01
      vertex   2.739000e+02 1.037412e+02 3.896593e+01
    endloop
  endfacet
  facet normal 0.000000e+00 -3.826834e-01 9.238795e-01
    outer loop
      vertex   2.794333e+02 1.037412e+02 3.896593e+01
      vertex   2.739000e+02 1.037412e+02 3.896593e+01
      vertex   2.794333e+02 1.035000e+02 3.886603e+01
    endloop
  endfacet
  facet normal 0.000000e+00 -3.826834e-01 9.238795e-01
    outer loop
      vertex   2.849667e+02 1.035000e+02 3.886603e+01
      vertex   2.849667e+02 1.037412e+02 3.896593e+01
      vertex   2.794333e+02 1.037412e+02 3.896593e+01
    endloop
  endfacet
  facet normal 0.000000e+00 -3.826834e-01 9.238795e-01
    outer loop
      vertex   2.849667e+02 1.035000e+02 3.886603e+01
      vertex   2.794333e+02 1.037412e+02 3.896593e+01
      vertex   2.794333e+02 1.035000e+02 3.886603e+01
    endloop
  endfacet
  facet normal 0.000000e+00 -3.826834e-01 9.238795e-01
    outer loop
      vertex   2.185667e+02 1.037412e+02 3.896593e+01
      vertex   2.185667e+02 1.035000e+02 3.886603e+01
      vertex   2.241000e+02 1.035000e+02 3.886603e+01
    endloop
  endfacet
  facet normal 0.000000e+00 -6.087614e-01 7.933533e-01
    outer loop
      vertex   2.241000e+02 1.035000e+02 3.886603e+01
      vertex   2.185667e+02 1.035000e+02 3.886603e+01
      vertex   2.241000e+02 1.032929e+02 3.870711e+01
    endloop
  endfacet
  facet normal 0.000000e+00 -6.087614e-01 7.933533e-01
    outer loop
      vertex   2.241000e+02 1.035000e+02 3.886603e+01
      vertex   2.241000e+02 1.032929e+02 3.870711e+01
      vertex   2.296333e+02 1.032929e+02 3.870711e+01
    endloop
  endfacet
  facet normal 0.000000e+00 -7.933533e-01 6.087614e-01
    outer loop
      vertex   2.296333e+02 1.032929e+02 3.870711e+01
      vertex   2.241000e+02 1.032929e+02 3.870711e+01
      vertex   2.296333e+02 1.031340e+02 3.850000e+01
    endloop
  endfacet
  facet normal 0.000000e+00 -7.933533e-01 6.087614e-01
    outer loop
      vertex   2.296333e+02 1.032929e+02 3.870711e+01
      vertex   2.296333e+02 1.031340e+02 3.850000e+01
      vertex   2.351667e+02 1.031340e+02 3.850000e+01
    endloop
  endfacet
  facet normal 0.000000e+00 -9.238795e-01 3.826834e-01
    outer loop
      vertex   2.351667e+02 1.031340e+02 3.850000e+01
      vertex   2.296333e+02 1.031340e+02 3.850000e+01
      vertex   2.351667e+02 1.030341e+02 3.825882e+01
    endloop
  endfacet
  facet normal 0.000000e+00 -9.238795e-01 3.826834e-01
    outer loop
      vertex   2.351667e+02 1.031340e+02 3.850000e+01
      vertex   2.351667e+02 1.030341e+02 3.825882e+01
      vertex   2.407000e+02 1.030341e+02 3.825882e+01
    endloop
  endfacet
  facet normal 0.000000e+00 -9.914449e-01 1.305262e-01
    outer loop
      vertex   2.407000e+02 1.030341e+02 3.825882e+01
      vertex   2.351667e+02 1.030341e+02 3.825882e+01
      vertex   2.075000e+02 1.030000e+02 3.800000e+01
    endloop
  endfacet
  facet normal 0.000000e+00 -6.087614e-01 7.933533e-01
    outer loop
      vertex   2.241000e+02 1.032929e+02 3.870711e+01
      vertex   2.185667e+02 1.035000e+02 3.886603e+01
      vertex   2.185667e+02 1.032929e+02 3.870711e+01
    endloop
  endfacet
  facet normal -1.563437e-15 -6.087614e-01 7.933533e-01
    outer loop
      vertex   2.296333e+02 1.035000e+02 3.886603e+01
      vertex   2.351667e+02 1.032929e+02 3.870711e+01
      vertex   2.351667e+02 1.035000e+02 3.886603e+01
    endloop
  endfacet
  facet normal 0.000000e+00 -6.087614e-01 7.933533e-01
    outer loop
      vertex   2.351667e+02 1.035000e+02 3.886603e+01
      vertex   2.351667e+02 1.032929e+02 3.870711e+01
      vertex   2.407000e+02 1.032929e+02 3.870711e+01
    endloop
  endfacet
  facet normal 0.000000e+00 -6.087614e-01 7.933533e-01
    outer loop
      vertex   2.351667e+02 1.035000e+02 3.886603e+01
      vertex   2.407000e+02 1.032929e+02 3.870711e+01
      vertex   2.407000e+02 1.035000e+02 3.886603e+01
    endloop
  endfacet
  facet normal 0.000000e+00 -6.087614e-01 7.933533e-01
    outer loop
      vertex   2.407000e+02 1.035000e+02 3.886603e+01
      vertex   2.407000e+02 1.032929e+02 3.870711e+01
      vertex   2.462333e+02 1.032929e+02 3.870711e+01
    endloop
  endfacet
  facet normal 0.000000e+00 -3.826834e-01 9.238795e-01
    outer loop
      vertex   2.517667e+02 1.037412e+02 3.896593e+01
      vertex   2.517667e+02 1.035000e+02 3.886603e+01
      vertex   2.573000e+02 1.035000e+02 3.886603e+01
    endloop
  endfacet
  facet normal 0.000000e+00 -6.087614e-01 7.933533e-01
    outer loop
      vertex   2.573000e+02 1.035000e+02 3.886603e+01
      vertex   2.517667e+02 1.035000e+02 3.886603e+01
      vertex   2.573000e+02 1.032929e+02 3.870711e+01
    endloop
  endfacet
  facet normal 0.000000e+00 -6.087614e-01 7.933533e-01
    outer loop
      vertex   2.573000e+02 1.035000e+02 3.886603e+01
      vertex   2.573000e+02 1.032929e+02 3.870711e+01
      vertex   2.628333e+02 1.032929e+02 3.870711e+01
    endloop
  endfacet
  facet normal 0.000000e+00 -7.933533e-01 6.087614e-01
    outer loop
      vertex   2.628333e+02 1.032929e+02 3.870711e+01
      vertex   2.573000e+02 1.032929e+02 3.870711e+01
      vertex   2.628333e+02 1.031340e+02 3.850000e+01
    endloop
  endfacet
  facet normal 0.000000e+00 -7.933533e-01 6.087614e-01
    outer loop
      vertex   2.628333e+02 1.032929e+02 3.870711e+01
      vertex   2.628333e+02 1.031340e+02 3.850000e+01
      vertex   2.683667e+02 1.031340e+02 3.850000e+01
    endloop
  endfacet
  facet normal 0.000000e+00 -9.238795e-01 3.826834e-01
    outer loop
      vertex   2.683667e+02 1.031340e+02 3.850000e+01
      vertex   2.628333e+02 1.031340e+02 3.850000e+01
      vertex   2.683667e+02 1.030341e+02 3.825882e+01
    endloop
  endfacet
  facet normal 0.000000e+00 -6.087614e-01 7.933533e-01
    outer loop
      vertex   2.573000e+02 1.032929e+02 3.870711e+01
      vertex   2.517667e+02 1.035000e+02 3.886603e+01
      vertex   2.517667e+02 1.032929e+02 3.870711e+01
    endloop
  endfacet
  facet normal 0.000000e+00 -6.087614e-01 7.933533e-01
    outer loop
      vertex   2.628333e+02 1.035000e+02 3.886603e+01
      vertex   2.683667e+02 1.032929e+02 3.870711e+01
      vertex   2.683667e+02 1.035000e+02 3.886603e+01
    endloop
  endfacet
  facet normal 0.000000e+00 -6.087614e-01 7.933533e-01
    outer loop
      vertex   2.683667e+02 1.035000e+02 3.886603e+01
      vertex   2.683667e+02 1.032929e+02 3.870711e+01
      vertex   2.739000e+02 1.032929e+02 3.870711e+01
    endloop
  endfacet
  facet normal 1.018756e-15 -6.087614e-01 7.933533e-01
    outer loop
      vertex   2.683667e+02 1.035000e+02 3.886603e+01
      vertex   2.739000e+02 1.032929e+02 3.870711e+01
      vertex   2.739000e+02 1.035000e+02 3.886603e+01
    endloop
  endfacet
  facet normal 0.000000e+00 -6.087614e-01 7.933533e-01
    outer loop
      vertex   2.739000e+02 1.035000e+02 3.886603e+01
      vertex   2.739000e+02 1.032929e+02 3.870711e+01
      vertex   2.794333e+02 1.032929e+02 3.870711e+01
    endloop
  endfacet
  facet normal 0.000000e+00 -6.087614e-01 7.933533e-01
    outer loop
      vertex   2.849667e+02 1.032929e+02 3.870711e+01
      vertex   2.849667e+02 1.035000e+02 3.886603e+01
      vertex   2.794333e+02 1.035000e+02 3.886603e+01
    endloop
  endfacet
  facet normal 0.000000e+00 -7.933533e-01 6.087614e-01
    outer loop
      vertex   2.241000e+02 1.032929e+02 3.870711e+01
      vertex   2.185667e+02 1.032929e+02 3.870711e+01
      vertex   2.241000e+02 1.031340e+02 3.850000e+01
    endloop
  endfacet
  facet normal 0.000000e+00 -7.933533e-01 6.087614e-01
    outer loop
      vertex   2.241000e+02 1.031340e+02 3.850000e+01
      vertex   2.185667e+02 1.032929e+02 3.870711e+01
      vertex   2.185667e+02 1.031340e+02 3.850000e+01
    endloop
  endfacet
  facet normal 0.000000e+00 -9.238795e-01 3.826834e-01
    outer loop
      vertex   2.241000e+02 1.031340e+02 3.850000e+01
      vertex   2.185667e+02 1.031340e+02 3.850000e+01
      vertex   2.241000e+02 1.030341e+02 3.825882e+01
    endloop
  endfacet
  facet normal 0.000000e+00 -9.238795e-01 3.826834e-01
    outer loop
      vertex   2.241000e+02 1.030341e+02 3.825882e+01
      vertex   2.185667e+02 1.031340e+02 3.850000e+01
      vertex   2.185667e+02 1.030341e+02 3.825882e+01
    endloop
  endfacet
  facet normal 0.000000e+00 -9.914449e-01 1.305262e-01
    outer loop
      vertex   2.241000e+02 1.030341e+02 3.825882e+01
      vertex   2.185667e+02 1.030341e+02 3.825882e+01
      vertex   2.075000e+02 1.030000e+02 3.800000e+01
    endloop
  endfacet
  facet normal 0.000000e+00 -7.933533e-01 6.087614e-01
    outer loop
      vertex   2.351667e+02 1.032929e+02 3.870711e+01
      vertex   2.407000e+02 1.031340e+02 3.850000e+01
      vertex   2.407000e+02 1.032929e+02 3.870711e+01
    endloop
  endfacet
  facet normal 0.000000e+00 -7.933533e-01 6.087614e-01
    outer loop
      vertex   2.407000e+02 1.032929e+02 3.870711e+01
      vertex   2.407000e+02 1.031340e+02 3.850000e+01
      vertex   2.462333e+02 1.031340e+02 3.850000e+01
    endloop
  endfacet
  facet normal 0.000000e+00 -7.933533e-01 6.087614e-01
    outer loop
      vertex   2.407000e+02 1.032929e+02 3.870711e+01
      vertex   2.462333e+02 1.031340e+02 3.850000e+01
      vertex   2.462333e+02 1.032929e+02 3.870711e+01
    endloop
  endfacet
  facet normal 0.000000e+00 -7.933533e-01 6.087614e-01
    outer loop
      vertex   2.462333e+02 1.032929e+02 3.870711e+01
      vertex   2.462333e+02 1.031340e+02 3.850000e+01
      vertex   2.517667e+02 1.031340e+02 3.850000e+01
    endloop
  endfacet
  facet normal 0.000000e+00 -7.933533e-01 6.087614e-01
    outer loop
      vertex   2.628333e+02 1.031340e+02 3.850000e+01
      vertex   2.573000e+02 1.032929e+02 3.870711e+01
      vertex   2.573000e+02 1.031340e+02 3.850000e+01
    endloop
  endfacet
  facet normal 0.000000e+00 -7.933533e-01 6.087614e-01
    outer loop
      vertex   2.573000e+02 1.031340e+02 3.850000e+01
      vertex   2.573000e+02 1.032929e+02 3.870711e+01
      vertex   2.517667e+02 1.032929e+02 3.870711e+01
    endloop
  endfacet
  facet normal 0.000000e+00 -7.933533e-01 6.087614e-01
    outer loop
      vertex   2.683667e+02 1.032929e+02 3.870711e+01
      vertex   2.739000e+02 1.031340e+02 3.850000e+01
      vertex   2.739000e+02 1.032929e+02 3.870711e+01
    endloop
  endfacet
  facet normal 0.000000e+00 -7.933533e-01 6.087614e-01
    outer loop
      vertex   2.739000e+02 1.032929e+02 3.870711e+01
      vertex   2.739000e+02 1.031340e+02 3.850000e+01
      vertex   2.794333e+02 1.031340e+02 3.850000e+01
    endloop
  endfacet
  facet normal 0.000000e+00 -7.933533e-01 6.087614e-01
    outer loop
      vertex   2.739000e+02 1.032929e+02 3.870711e+01
      vertex   2.794333e+02 1.031340e+02 3.850000e+01
      vertex   2.794333e+02 1.032929e+02 3.870711e+01
    endloop
  endfacet
  facet normal 0.000000e+00 -7.933533e-01 6.087614e-01
    outer loop
      vertex   2.794333e+02 1.032929e+02 3.870711e+01
      vertex   2.794333e+02 1.031340e+02 3.850000e+01
      vertex   2.849667e+02 1.031340e+02 3.850000e+01
    endloop
  endfacet
  facet normal 0.000000e+00 -7.933533e-01 6.087614e-01
    outer loop
      vertex   2.241000e+02 1.032929e+02 3.870711e+01
      vertex   2.241000e+02 1.031340e+02 3.850000e+01
      vertex   2.296333e+02 1.031340e+02 3.850000e+01
    endloop
  endfacet
  facet normal 0.000000e+00 -9.238795e-01 3.826834e-01
    outer loop
      vertex   2.296333e+02 1.031340e+02 3.850000e+01
      vertex   2.241000e+02 1.031340e+02 3.850000e+01
      vertex   2.296333e+02 1.030341e+02 3.825882e+01
    endloop
  endfacet
  facet normal 0.000000e+00 -9.238795e-01 3.826834e-01
    outer loop
      vertex   2.296333e+02 1.031340e+02 3.850000e+01
      vertex   2.296333e+02 1.030341e+02 3.825882e+01
      vertex   2.351667e+02 1.030341e+02 3.825882e+01
    endloop
  endfacet
  facet normal 0.000000e+00 -9.914449e-01 1.305262e-01
    outer loop
      vertex   2.351667e+02 1.030341e+02 3.825882e+01
      vertex   2.296333e+02 1.030341e+02 3.825882e+01
      vertex   2.075000e+02 1.030000e+02 3.800000e+01
    endloop
  endfacet
  facet normal 0.000000e+00 -9.238795e-01 3.826834e-01
    outer loop
      vertex   2.296333e+02 1.030341e+02 3.825882e+01
      vertex   2.241000e+02 1.031340e+02 3.850000e+01
      vertex   2.241000e+02 1.030341e+02 3.825882e+01
    endloop
  endfacet
  facet normal 0.000000e+00 -9.238795e-01 3.826834e-01
    outer loop
      vertex   2.407000e+02 1.031340e+02 3.850000e+01
      vertex   2.462333e+02 1.030341e+02 3.825882e+01
      vertex   2.462333e+02 1.031340e+02 3.850000e+01
    endloop
  endfacet
  facet normal 0.000000e+00 -9.238795e-01 3.826834e-01
    outer loop
      vertex   2.462333e+02 1.031340e+02 3.850000e+01
      vertex   2.462333e+02 1.030341e+02 3.825882e+01
      vertex   2.517667e+02 1.030341e+02 3.825882e+01
    endloop
  endfacet
  facet normal 0.000000e+00 -9.238795e-01 3.826834e-01
    outer loop
      vertex   2.462333e+02 1.031340e+02 3.850000e+01
      vertex   2.517667e+02 1.030341e+02 3.825882e+01
      vertex   2.517667e+02 1.031340e+02 3.850000e+01
    endloop
  endfacet
  facet normal 0.000000e+00 -9.238795e-01 3.826834e-01
    outer loop
      vertex   2.517667e+02 1.031340e+02 3.850000e+01
      vertex   2.517667e+02 1.030341e+02 3.825882e+01
      vertex   2.573000e+02 1.030341e+02 3.825882e+01
    endloop
  endfacet
  facet normal 0.000000e+00 -9.238795e-01 3.826834e-01
    outer loop
      vertex   2.683667e+02 1.030341e+02 3.825882e+01
      vertex   2.628333e+02 1.031340e+02 3.850000e+01
      vertex   2.628333e+02 1.030341e+02 3.825882e+01
    endloop
  endfacet
  facet normal 0.000000e+00 -9.238795e-01 3.826834e-01
    outer loop
      vertex   2.628333e+02 1.030341e+02 3.825882e+01
      vertex   2.628333e+02 1.031340e+02 3.850000e+01
      vertex   2.573000e+02 1.031340e+02 3.850000e+01
    endloop
  endfacet
  facet normal 0.000000e+00 -9.238795e-01 3.826834e-01
    outer loop
      vertex   2.849667e+02 1.030341e+02 3.825882e+01
      vertex   2.849667e+02 1.031340e+02 3.850000e+01
      vertex   2.794333e+02 1.031340e+02 3.850000e+01
    endloop
  endfacet
  facet normal 0.000000e+00 -9.238795e-01 3.826834e-01
    outer loop
      vertex   2.849667e+02 1.030341e+02 3.825882e+01
      vertex   2.794333e+02 1.031340e+02 3.850000e+01
      vertex   2.794333e+02 1.030341e+02 3.825882e+01
    endloop
  endfacet
  facet normal 0.000000e+00 -9.238795e-01 3.826834e-01
    outer loop
      vertex   2.794333e+02 1.030341e+02 3.825882e+01
      vertex   2.794333e+02 1.031340e+02 3.850000e+01
      vertex   2.739000e+02 1.031340e+02 3.850000e+01
    endloop
  endfacet
  facet normal 0.000000e+00 -9.914449e-01 1.305262e-01
    outer loop
      vertex   2.075000e+02 1.030000e+02 3.800000e+01
      vertex   2.296333e+02 1.030341e+02 3.825882e+01
      vertex   2.241000e+02 1.030341e+02 3.825882e+01
    endloop
  endfacet
  facet normal 0.000000e+00 -9.914449e-01 1.305262e-01
    outer loop
      vertex   2.905000e+02 1.030000e+02 3.800000e+01
      vertex   2.573000e+02 1.030341e+02 3.825882e+01
      vertex   2.517667e+02 1.030341e+02 3.825882e+01
    endloop
  endfacet
  facet normal 0.000000e+00 -9.914449e-01 1.305262e-01
    outer loop
      vertex   2.517667e+02 1.030341e+02 3.825882e+01
      vertex   2.462333e+02 1.030341e+02 3.825882e+01
      vertex   2.905000e+02 1.030000e+02 3.800000e+01
    endloop
  endfacet
  facet normal 1.303668e-01 -4.940940e-02 9.902339e-01
    outer loop
      vertex   2.907588e+02 1.040000e+02 3.896593e+01
      vertex   2.905000e+02 1.040000e+02 3.900000e+01
      vertex   2.906539e+02 1.038143e+02 3.897047e+01
    endloop
  endfacet
  facet normal 3.268886e-02 -1.304564e-01 9.909150e-01
    outer loop
      vertex   2.906539e+02 1.038143e+02 3.897047e+01
      vertex   2.905000e+02 1.040000e+02 3.900000e+01
      vertex   2.905000e+02 1.037412e+02 3.896593e+01
    endloop
  endfacet
  facet normal 1.223638e-01 -3.162140e-01 9.407634e-01
    outer loop
      vertex   2.906539e+02 1.038143e+02 3.897047e+01
      vertex   2.905000e+02 1.037412e+02 3.896593e+01
      vertex   2.907202e+02 1.036015e+02 3.889032e+01
    endloop
  endfacet
  facet normal 7.419375e-02 -3.816287e-01 9.213332e-01
    outer loop
      vertex   2.907202e+02 1.036015e+02 3.889032e+01
      vertex   2.905000e+02 1.037412e+02 3.896593e+01
      vertex   2.905000e+02 1.035000e+02 3.886603e+01
    endloop
  endfacet
  facet normal 1.475718e-01 -5.215192e-01 8.403810e-01
    outer loop
      vertex   2.907202e+02 1.036015e+02 3.889032e+01
      vertex   2.905000e+02 1.035000e+02 3.886603e+01
      vertex   2.907545e+02 1.034051e+02 3.876242e+01
    endloop
  endfacet
  facet normal 9.544300e-02 -6.059824e-01 7.897316e-01
    outer loop
      vertex   2.907545e+02 1.034051e+02 3.876242e+01
      vertex   2.905000e+02 1.035000e+02 3.886603e+01
      vertex   2.905000e+02 1.032929e+02 3.870711e+01
    endloop
  endfacet
  facet normal 1.560404e-01 -6.984452e-01 6.984452e-01
    outer loop
      vertex   2.907545e+02 1.034051e+02 3.876242e+01
      vertex   2.905000e+02 1.032929e+02 3.870711e+01
      vertex   2.907545e+02 1.032376e+02 3.859494e+01
    endloop
  endfacet
  facet normal 9.544300e-02 -7.897316e-01 6.059824e-01
    outer loop
      vertex   2.907545e+02 1.032376e+02 3.859494e+01
      vertex   2.905000e+02 1.032929e+02 3.870711e+01
      vertex   2.905000e+02 1.031340e+02 3.850000e+01
    endloop
  endfacet
  facet normal 1.475718e-01 -8.403810e-01 5.215192e-01
    outer loop
      vertex   2.907545e+02 1.032376e+02 3.859494e+01
      vertex   2.905000e+02 1.031340e+02 3.850000e+01
      vertex   2.907202e+02 1.031097e+02 3.839854e+01
    endloop
  endfacet
  facet normal 7.419375e-02 -9.213332e-01 3.816287e-01
    outer loop
      vertex   2.907202e+02 1.031097e+02 3.839854e+01
      vertex   2.905000e+02 1.031340e+02 3.850000e+01
      vertex   2.905000e+02 1.030341e+02 3.825882e+01
    endloop
  endfacet
  facet normal 1.223638e-01 -9.407634e-01 3.162140e-01
    outer loop
      vertex   2.907202e+02 1.031097e+02 3.839854e+01
      vertex   2.905000e+02 1.030341e+02 3.825882e+01
      vertex   2.906539e+02 1.030295e+02 3.818574e+01
    endloop
  endfacet
  facet normal 3.268886e-02 -9.909150e-01 1.304564e-01
    outer loop
      vertex   2.906539e+02 1.030295e+02 3.818574e+01
      vertex   2.905000e+02 1.030341e+02 3.825882e+01
      vertex   2.905000e+02 1.030000e+02 3.800000e+01
    endloop
  endfacet
  facet normal 1.303668e-01 -9.902339e-01 4.940940e-02
    outer loop
      vertex   2.906539e+02 1.030295e+02 3.818574e+01
      vertex   2.905000e+02 1.030000e+02 3.800000e+01
      vertex   2.907588e+02 1.030341e+02 3.800000e+01
    endloop
  endfacet
  facet normal 2.711922e-01 -9.537278e-01 1.298391e-01
    outer loop
      vertex   2.906539e+02 1.030295e+02 3.818574e+01
      vertex   2.907588e+02 1.030341e+02 3.800000e+01
      vertex   2.908886e+02 1.030825e+02 3.808453e+01
    endloop
  endfacet
  facet normal 3.820305e-01 -9.223031e-01 -5.839280e-02
    outer loop
      vertex   2.908886e+02 1.030825e+02 3.808453e+01
      vertex   2.907588e+02 1.030341e+02 3.800000e+01
      vertex   2.910000e+02 1.031340e+02 3.800000e+01
    endloop
  endfacet
  facet normal 5.110938e-01 -8.447130e-01 1.588805e-01
    outer loop
      vertex   2.908886e+02 1.030825e+02 3.808453e+01
      vertex   2.910000e+02 1.031340e+02 3.800000e+01
      vertex   2.909590e+02 1.031676e+02 3.831041e+01
    endloop
  endfacet
  facet normal 5.407082e-01 -8.257119e-01 1.607312e-01
    outer loop
      vertex   2.909590e+02 1.031676e+02 3.831041e+01
      vertex   2.910000e+02 1.031340e+02 3.800000e+01
      vertex   2.911666e+02 1.032822e+02 3.820112e+01
    endloop
  endfacet
  facet normal 5.901245e-01 -7.197061e-01 3.657544e-01
    outer loop
      vertex   2.909590e+02 1.031676e+02 3.831041e+01
      vertex   2.911666e+02 1.032822e+02 3.820112e+01
      vertex   2.909954e+02 1.033033e+02 3.851888e+01
    endloop
  endfacet
  facet normal 5.901245e-01 -7.197061e-01 3.657544e-01
    outer loop
      vertex   2.909954e+02 1.033033e+02 3.851888e+01
      vertex   2.911666e+02 1.032822e+02 3.820112e+01
      vertex   2.912026e+02 1.034166e+02 3.840746e+01
    endloop
  endfacet
  facet normal 6.085140e-01 -5.611197e-01 5.611197e-01
    outer loop
      vertex   2.909954e+02 1.033033e+02 3.851888e+01
      vertex   2.912026e+02 1.034166e+02 3.840746e+01
      vertex   2.909954e+02 1.034811e+02 3.869666e+01
    endloop
  endfacet
  facet normal 6.085140e-01 -5.611197e-01 5.611197e-01
    outer loop
      vertex   2.909954e+02 1.034811e+02 3.869666e+01
      vertex   2.912026e+02 1.034166e+02 3.840746e+01
      vertex   2.912026e+02 1.035925e+02 3.858343e+01
    endloop
  endfacet
  facet normal 5.901245e-01 -3.657544e-01 7.197061e-01
    outer loop
      vertex   2.909954e+02 1.034811e+02 3.869666e+01
      vertex   2.912026e+02 1.035925e+02 3.858343e+01
      vertex   2.909590e+02 1.036896e+02 3.883242e+01
    endloop
  endfacet
  facet normal 5.901245e-01 -3.657544e-01 7.197061e-01
    outer loop
      vertex   2.909590e+02 1.036896e+02 3.883242e+01
      vertex   2.912026e+02 1.035925e+02 3.858343e+01
      vertex   2.911666e+02 1.037989e+02 3.871780e+01
    endloop
  endfacet
  facet normal 5.407082e-01 -1.607312e-01 8.257119e-01
    outer loop
      vertex   2.909590e+02 1.036896e+02 3.883242e+01
      vertex   2.911666e+02 1.037989e+02 3.871780e+01
      vertex   2.910000e+02 1.040000e+02 3.886603e+01
    endloop
  endfacet
  facet normal 6.067974e-01 -8.026201e-02 7.907938e-01
    outer loop
      vertex   2.910000e+02 1.040000e+02 3.886603e+01
      vertex   2.911666e+02 1.037989e+02 3.871780e+01
      vertex   2.912071e+02 1.040000e+02 3.870711e+01
    endloop
  endfacet
  facet normal 7.476569e-01 -1.159338e-01 6.538873e-01
    outer loop
      vertex   2.912071e+02 1.040000e+02 3.870711e+01
      vertex   2.911666e+02 1.037989e+02 3.871780e+01
      vertex   2.913287e+02 1.039219e+02 3.855426e+01
    endloop
  endfacet
  facet normal 7.926058e-01 4.340169e-02 6.081878e-01
    outer loop
      vertex   2.912071e+02 1.040000e+02 3.870711e+01
      vertex   2.913287e+02 1.039219e+02 3.855426e+01
      vertex   2.913660e+02 1.040000e+02 3.850000e+01
    endloop
  endfacet
  facet normal 8.925984e-01 -1.261909e-01 4.328324e-01
    outer loop
      vertex   2.913660e+02 1.040000e+02 3.850000e+01
      vertex   2.913287e+02 1.039219e+02 3.855426e+01
      vertex   2.913618e+02 1.037317e+02 3.843044e+01
    endloop
  endfacet
  facet normal 9.091026e-01 -1.178222e-01 3.995626e-01
    outer loop
      vertex   2.913660e+02 1.040000e+02 3.850000e+01
      vertex   2.913618e+02 1.037317e+02 3.843044e+01
      vertex   2.914624e+02 1.038892e+02 3.824811e+01
    endloop
  endfacet
  facet normal 9.224889e-01 -2.729599e-01 2.729599e-01
    outer loop
      vertex   2.914624e+02 1.038892e+02 3.824811e+01
      vertex   2.913618e+02 1.037317e+02 3.843044e+01
      vertex   2.914624e+02 1.037519e+02 3.811081e+01
    endloop
  endfacet
  facet normal 9.891881e-01 -1.036987e-01 1.036987e-01
    outer loop
      vertex   2.914624e+02 1.038892e+02 3.824811e+01
      vertex   2.914624e+02 1.037519e+02 3.811081e+01
      vertex   2.915000e+02 1.040000e+02 3.800000e+01
    endloop
  endfacet
  facet normal 9.904691e-01 -1.303977e-01 4.435481e-02
    outer loop
      vertex   2.915000e+02 1.040000e+02 3.800000e+01
      vertex   2.914624e+02 1.037519e+02 3.811081e+01
      vertex   2.914659e+02 1.037412e+02 3.800000e+01
    endloop
  endfacet
  facet normal 9.218370e-01 -3.818374e-01 6.645835e-02
    outer loop
      vertex   2.914659e+02 1.037412e+02 3.800000e+01
      vertex   2.914624e+02 1.037519e+02 3.811081e+01
      vertex   2.913660e+02 1.035000e+02 3.800000e+01
    endloop
  endfacet
  facet normal 9.091026e-01 -3.995626e-01 1.178222e-01
    outer loop
      vertex   2.913660e+02 1.035000e+02 3.800000e+01
      vertex   2.914624e+02 1.037519e+02 3.811081e+01
      vertex   2.913618e+02 1.035696e+02 3.826828e+01
    endloop
  endfacet
  facet normal 8.925984e-01 -4.328324e-01 1.261909e-01
    outer loop
      vertex   2.913660e+02 1.035000e+02 3.800000e+01
      vertex   2.913618e+02 1.035696e+02 3.826828e+01
      vertex   2.913287e+02 1.034457e+02 3.807813e+01
    endloop
  endfacet
  facet normal 7.743828e-01 -5.834139e-01 2.448663e-01
    outer loop
      vertex   2.913287e+02 1.034457e+02 3.807813e+01
      vertex   2.913618e+02 1.035696e+02 3.826828e+01
      vertex   2.912026e+02 1.034166e+02 3.840746e+01
    endloop
  endfacet
  facet normal 7.743828e-01 -5.834139e-01 2.448663e-01
    outer loop
      vertex   2.913287e+02 1.034457e+02 3.807813e+01
      vertex   2.912026e+02 1.034166e+02 3.840746e+01
      vertex   2.911666e+02 1.032822e+02 3.820112e+01
    endloop
  endfacet
  facet normal 6.067974e-01 -7.907938e-01 8.026201e-02
    outer loop
      vertex   2.910000e+02 1.031340e+02 3.800000e+01
      vertex   2.912071e+02 1.032929e+02 3.800000e+01
      vertex   2.911666e+02 1.032822e+02 3.820112e+01
    endloop
  endfacet
  facet normal 7.476569e-01 -6.538873e-01 1.159338e-01
    outer loop
      vertex   2.911666e+02 1.032822e+02 3.820112e+01
      vertex   2.912071e+02 1.032929e+02 3.800000e+01
      vertex   2.913287e+02 1.034457e+02 3.807813e+01
    endloop
  endfacet
  facet normal 7.926058e-01 -6.081878e-01 -4.340169e-02
    outer loop
      vertex   2.912071e+02 1.032929e+02 3.800000e+01
      vertex   2.913660e+02 1.035000e+02 3.800000e+01
      vertex   2.913287e+02 1.034457e+02 3.807813e+01
    endloop
  endfacet
  facet normal 9.904691e-01 -4.435481e-02 1.303977e-01
    outer loop
      vertex   2.915000e+02 1.040000e+02 3.800000e+01
      vertex   2.914659e+02 1.040000e+02 3.825882e+01
      vertex   2.914624e+02 1.038892e+02 3.824811e+01
    endloop
  endfacet
  facet normal 9.218370e-01 -6.645835e-02 3.818374e-01
    outer loop
      vertex   2.914624e+02 1.038892e+02 3.824811e+01
      vertex   2.914659e+02 1.040000e+02 3.825882e+01
      vertex   2.913660e+02 1.040000e+02 3.850000e+01
    endloop
  endfacet
  facet normal 5.110938e-01 -1.588805e-01 8.447130e-01
    outer loop
      vertex   2.909590e+02 1.036896e+02 3.883242e+01
      vertex   2.910000e+02 1.040000e+02 3.886603e+01
      vertex   2.908886e+02 1.039155e+02 3.891750e+01
    endloop
  endfacet
  facet normal 3.820305e-01 5.839280e-02 9.223031e-01
    outer loop
      vertex   2.908886e+02 1.039155e+02 3.891750e+01
      vertex   2.910000e+02 1.040000e+02 3.886603e+01
      vertex   2.907588e+02 1.040000e+02 3.896593e+01
    endloop
  endfacet
  facet normal 2.711922e-01 -1.298391e-01 9.537278e-01
    outer loop
      vertex   2.908886e+02 1.039155e+02 3.891750e+01
      vertex   2.907588e+02 1.040000e+02 3.896593e+01
      vertex   2.906539e+02 1.038143e+02 3.897047e+01
    endloop
  endfacet
  facet normal 3.135991e-01 -2.475550e-01 9.167181e-01
    outer loop
      vertex   2.909590e+02 1.036896e+02 3.883242e+01
      vertex   2.908886e+02 1.039155e+02 3.891750e+01
      vertex   2.906539e+02 1.038143e+02 3.897047e+01
    endloop
  endfacet
  facet normal 3.663208e-01 -4.620595e-01 8.076571e-01
    outer loop
      vertex   2.909954e+02 1.034811e+02 3.869666e+01
      vertex   2.909590e+02 1.036896e+02 3.883242e+01
      vertex   2.907202e+02 1.036015e+02 3.889032e+01
    endloop
  endfacet
  facet normal 3.135991e-01 -2.475550e-01 9.167181e-01
    outer loop
      vertex   2.907202e+02 1.036015e+02 3.889032e+01
      vertex   2.909590e+02 1.036896e+02 3.883242e+01
      vertex   2.906539e+02 1.038143e+02 3.897047e+01
    endloop
  endfacet
  facet normal 7.743828e-01 -2.448663e-01 5.834139e-01
    outer loop
      vertex   2.913618e+02 1.037317e+02 3.843044e+01
      vertex   2.913287e+02 1.039219e+02 3.855426e+01
      vertex   2.911666e+02 1.037989e+02 3.871780e+01
    endloop
  endfacet
  facet normal 7.743828e-01 -2.448663e-01 5.834139e-01
    outer loop
      vertex   2.913618e+02 1.037317e+02 3.843044e+01
      vertex   2.911666e+02 1.037989e+02 3.871780e+01
      vertex   2.912026e+02 1.035925e+02 3.858343e+01
    endloop
  endfacet
  facet normal 3.842763e-01 -6.528138e-01 6.528138e-01
    outer loop
      vertex   2.909954e+02 1.033033e+02 3.851888e+01
      vertex   2.909954e+02 1.034811e+02 3.869666e+01
      vertex   2.907545e+02 1.034051e+02 3.876242e+01
    endloop
  endfacet
  facet normal 3.663208e-01 -4.620595e-01 8.076571e-01
    outer loop
      vertex   2.907545e+02 1.034051e+02 3.876242e+01
      vertex   2.909954e+02 1.034811e+02 3.869666e+01
      vertex   2.907202e+02 1.036015e+02 3.889032e+01
    endloop
  endfacet
  facet normal 7.919720e-01 -4.317293e-01 4.317293e-01
    outer loop
      vertex   2.912026e+02 1.034166e+02 3.840746e+01
      vertex   2.913618e+02 1.035696e+02 3.826828e+01
      vertex   2.912026e+02 1.035925e+02 3.858343e+01
    endloop
  endfacet
  facet normal 7.919720e-01 -4.317293e-01 4.317293e-01
    outer loop
      vertex   2.912026e+02 1.035925e+02 3.858343e+01
      vertex   2.913618e+02 1.035696e+02 3.826828e+01
      vertex   2.913618e+02 1.037317e+02 3.843044e+01
    endloop
  endfacet
  facet normal 9.224889e-01 -2.729599e-01 2.729599e-01
    outer loop
      vertex   2.913618e+02 1.035696e+02 3.826828e+01
      vertex   2.914624e+02 1.037519e+02 3.811081e+01
      vertex   2.913618e+02 1.037317e+02 3.843044e+01
    endloop
  endfacet
  facet normal 3.663208e-01 -8.076571e-01 4.620595e-01
    outer loop
      vertex   2.909590e+02 1.031676e+02 3.831041e+01
      vertex   2.909954e+02 1.033033e+02 3.851888e+01
      vertex   2.907545e+02 1.032376e+02 3.859494e+01
    endloop
  endfacet
  facet normal 3.842763e-01 -6.528138e-01 6.528138e-01
    outer loop
      vertex   2.907545e+02 1.032376e+02 3.859494e+01
      vertex   2.909954e+02 1.033033e+02 3.851888e+01
      vertex   2.907545e+02 1.034051e+02 3.876242e+01
    endloop
  endfacet
  facet normal 3.135991e-01 -9.167181e-01 2.475550e-01
    outer loop
      vertex   2.908886e+02 1.030825e+02 3.808453e+01
      vertex   2.909590e+02 1.031676e+02 3.831041e+01
      vertex   2.907202e+02 1.031097e+02 3.839854e+01
    endloop
  endfacet
  facet normal 3.663208e-01 -8.076571e-01 4.620595e-01
    outer loop
      vertex   2.907202e+02 1.031097e+02 3.839854e+01
      vertex   2.909590e+02 1.031676e+02 3.831041e+01
      vertex   2.907545e+02 1.032376e+02 3.859494e+01
    endloop
  endfacet
  facet normal 3.135991e-01 -9.167181e-01 2.475550e-01
    outer loop
      vertex   2.906539e+02 1.030295e+02 3.818574e+01
      vertex   2.908886e+02 1.030825e+02 3.808453e+01
      vertex   2.907202e+02 1.031097e+02 3.839854e+01
    endloop
  endfacet
  facet normal -1.305262e-01 0.000000e+00 9.914449e-01
    outer loop
      vertex   2.072412e+02 1.690000e+02 3.896593e+01
      vertex   2.072412e+02 1.635833e+02 3.896593e+01
      vertex   2.075000e+02 1.690000e+02 3.900000e+01
    endloop
  endfacet
  facet normal -1.305262e-01 0.000000e+00 9.914449e-01
    outer loop
      vertex   2.075000e+02 1.690000e+02 3.900000e+01
      vertex   2.072412e+02 1.635833e+02 3.896593e+01
      vertex   2.072412e+02 1.581667e+02 3.896593e+01
    endloop
  endfacet
  facet normal -1.305262e-01 0.000000e+00 9.914449e-01
    outer loop
      vertex   2.075000e+02 1.690000e+02 3.900000e+01
      vertex   2.072412e+02 1.581667e+02 3.896593e+01
      vertex   2.072412e+02 1.527500e+02 3.896593e+01
    endloop
  endfacet
  facet normal -3.826834e-01 0.000000e+00 9.238795e-01
    outer loop
      vertex   2.072412e+02 1.527500e+02 3.896593e+01
      vertex   2.072412e+02 1.581667e+02 3.896593e+01
      vertex   2.070000e+02 1.527500e+02 3.886603e+01
    endloop
  endfacet
  facet normal -3.826834e-01 0.000000e+00 9.238795e-01
    outer loop
      vertex   2.072412e+02 1.527500e+02 3.896593e+01
      vertex   2.070000e+02 1.527500e+02 3.886603e+01
      vertex   2.070000e+02 1.473333e+02 3.886603e+01
    endloop
  endfacet
  facet normal -6.087614e-01 0.000000e+00 7.933533e-01
    outer loop
      vertex   2.070000e+02 1.473333e+02 3.886603e+01
      vertex   2.070000e+02 1.527500e+02 3.886603e+01
      vertex   2.067929e+02 1.473333e+02 3.870711e+01
    endloop
  endfacet
  facet normal -6.087614e-01 0.000000e+00 7.933533e-01
    outer loop
      vertex   2.070000e+02 1.473333e+02 3.886603e+01
      vertex   2.067929e+02 1.473333e+02 3.870711e+01
      vertex   2.067929e+02 1.419167e+02 3.870711e+01
    endloop
  endfacet
  facet normal -7.933533e-01 0.000000e+00 6.087614e-01
    outer loop
      vertex   2.067929e+02 1.419167e+02 3.870711e+01
      vertex   2.067929e+02 1.473333e+02 3.870711e+01
      vertex   2.066340e+02 1.419167e+02 3.850000e+01
    endloop
  endfacet
  facet normal -7.933533e-01 0.000000e+00 6.087614e-01
    outer loop
      vertex   2.067929e+02 1.419167e+02 3.870711e+01
      vertex   2.066340e+02 1.419167e+02 3.850000e+01
      vertex   2.066340e+02 1.365000e+02 3.850000e+01
    endloop
  endfacet
  facet normal -9.238795e-01 0.000000e+00 3.826834e-01
    outer loop
      vertex   2.066340e+02 1.365000e+02 3.850000e+01
      vertex   2.066340e+02 1.419167e+02 3.850000e+01
      vertex   2.065341e+02 1.365000e+02 3.825882e+01
    endloop
  endfacet
  facet normal -9.238795e-01 0.000000e+00 3.826834e-01
    outer loop
      vertex   2.066340e+02 1.365000e+02 3.850000e+01
      vertex   2.065341e+02 1.365000e+02 3.825882e+01
      vertex   2.065341e+02 1.310833e+02 3.825882e+01
    endloop
  endfacet
  facet normal -9.914449e-01 0.000000e+00 1.305262e-01
    outer loop
      vertex   2.065341e+02 1.310833e+02 3.825882e+01
      vertex   2.065341e+02 1.365000e+02 3.825882e+01
      vertex   2.065000e+02 1.040000e+02 3.800000e+01
    endloop
  endfacet
  facet normal -9.914449e-01 0.000000e+00 1.305262e-01
    outer loop
      vertex   2.065341e+02 1.310833e+02 3.825882e+01
      vertex   2.065000e+02 1.040000e+02 3.800000e+01
      vertex   2.065341e+02 1.256667e+02 3.825882e+01
    endloop
  endfacet
  facet normal -9.914449e-01 0.000000e+00 1.305262e-01
    outer loop
      vertex   2.065341e+02 1.256667e+02 3.825882e+01
      vertex   2.065000e+02 1.040000e+02 3.800000e+01
      vertex   2.065341e+02 1.202500e+02 3.825882e+01
    endloop
  endfacet
  facet normal -9.238795e-01 0.000000e+00 3.826834e-01
    outer loop
      vertex   2.065341e+02 1.256667e+02 3.825882e+01
      vertex   2.065341e+02 1.202500e+02 3.825882e+01
      vertex   2.066340e+02 1.256667e+02 3.850000e+01
    endloop
  endfacet
  facet normal -9.238795e-01 0.000000e+00 3.826834e-01
    outer loop
      vertex   2.066340e+02 1.256667e+02 3.850000e+01
      vertex   2.065341e+02 1.202500e+02 3.825882e+01
      vertex   2.066340e+02 1.202500e+02 3.850000e+01
    endloop
  endfacet
  facet normal -7.933533e-01 0.000000e+00 6.087614e-01
    outer loop
      vertex   2.066340e+02 1.256667e+02 3.850000e+01
      vertex   2.066340e+02 1.202500e+02 3.850000e+01
      vertex   2.067929e+02 1.256667e+02 3.870711e+01
    endloop
  endfacet
  facet normal -7.933533e-01 0.000000e+00 6.087614e-01
    outer loop
      vertex   2.067929e+02 1.256667e+02 3.870711e+01
      vertex   2.066340e+02 1.202500e+02 3.850000e+01
      vertex   2.067929e+02 1.202500e+02 3.870711e+01
    endloop
  endfacet
  facet normal -6.087614e-01 0.000000e+00 7.933533e-01
    outer loop
      vertex   2.067929e+02 1.256667e+02 3.870711e+01
      vertex   2.067929e+02 1.202500e+02 3.870711e+01
      vertex   2.070000e+02 1.256667e+02 3.886603e+01
    endloop
  endfacet
  facet normal -6.087614e-01 0.000000e+00 7.933533e-01
    outer loop
      vertex   2.070000e+02 1.256667e+02 3.886603e+01
      vertex   2.067929e+02 1.202500e+02 3.870711e+01
      vertex   2.070000e+02 1.202500e+02 3.886603e+01
    endloop
  endfacet
  facet normal -3.826834e-01 0.000000e+00 9.238795e-01
    outer loop
      vertex   2.070000e+02 1.256667e+02 3.886603e+01
      vertex   2.070000e+02 1.202500e+02 3.886603e+01
      vertex   2.072412e+02 1.256667e+02 3.896593e+01
    endloop
  endfacet
  facet normal -3.826834e-01 0.000000e+00 9.238795e-01
    outer loop
      vertex   2.072412e+02 1.256667e+02 3.896593e+01
      vertex   2.070000e+02 1.202500e+02 3.886603e+01
      vertex   2.072412e+02 1.202500e+02 3.896593e+01
    endloop
  endfacet
  facet normal -1.305262e-01 0.000000e+00 9.914449e-01
    outer loop
      vertex   2.072412e+02 1.256667e+02 3.896593e+01
      vertex   2.072412e+02 1.202500e+02 3.896593e+01
      vertex   2.075000e+02 1.040000e+02 3.900000e+01
    endloop
  endfacet
  facet normal -1.305262e-01 0.000000e+00 9.914449e-01
    outer loop
      vertex   2.075000e+02 1.040000e+02 3.900000e+01
      vertex   2.072412e+02 1.202500e+02 3.896593e+01
      vertex   2.072412e+02 1.148333e+02 3.896593e+01
    endloop
  endfacet
  facet normal -1.305262e-01 0.000000e+00 9.914449e-01
    outer loop
      vertex   2.075000e+02 1.040000e+02 3.900000e+01
      vertex   2.072412e+02 1.148333e+02 3.896593e+01
      vertex   2.072412e+02 1.094167e+02 3.896593e+01
    endloop
  endfacet
  facet normal -3.826834e-01 0.000000e+00 9.238795e-01
    outer loop
      vertex   2.072412e+02 1.094167e+02 3.896593e+01
      vertex   2.072412e+02 1.148333e+02 3.896593e+01
      vertex   2.070000e+02 1.094167e+02 3.886603e+01
    endloop
  endfacet
  facet normal -3.826834e-01 2.424138e-15 9.238795e-01
    outer loop
      vertex   2.072412e+02 1.094167e+02 3.896593e+01
      vertex   2.070000e+02 1.094167e+02 3.886603e+01
      vertex   2.070000e+02 1.040000e+02 3.886603e+01
    endloop
  endfacet
  facet normal -6.087614e-01 2.081396e-15 7.933533e-01
    outer loop
      vertex   2.070000e+02 1.040000e+02 3.886603e+01
      vertex   2.070000e+02 1.094167e+02 3.886603e+01
      vertex   2.067929e+02 1.040000e+02 3.870711e+01
    endloop
  endfacet
  facet normal -6.087614e-01 1.040698e-15 7.933533e-01
    outer loop
      vertex   2.067929e+02 1.040000e+02 3.870711e+01
      vertex   2.070000e+02 1.094167e+02 3.886603e+01
      vertex   2.067929e+02 1.094167e+02 3.870711e+01
    endloop
  endfacet
  facet normal -7.933533e-01 7.985557e-16 6.087614e-01
    outer loop
      vertex   2.067929e+02 1.040000e+02 3.870711e+01
      vertex   2.067929e+02 1.094167e+02 3.870711e+01
      vertex   2.066340e+02 1.040000e+02 3.850000e+01
    endloop
  endfacet
  facet normal -7.933533e-01 0.000000e+00 6.087614e-01
    outer loop
      vertex   2.066340e+02 1.040000e+02 3.850000e+01
      vertex   2.067929e+02 1.094167e+02 3.870711e+01
      vertex   2.066340e+02 1.094167e+02 3.850000e+01
    endloop
  endfacet
  facet normal -9.238795e-01 0.000000e+00 3.826834e-01
    outer loop
      vertex   2.066340e+02 1.040000e+02 3.850000e+01
      vertex   2.066340e+02 1.094167e+02 3.850000e+01
      vertex   2.065341e+02 1.040000e+02 3.825882e+01
    endloop
  endfacet
  facet normal -9.238795e-01 5.019931e-16 3.826834e-01
    outer loop
      vertex   2.065341e+02 1.040000e+02 3.825882e+01
      vertex   2.066340e+02 1.094167e+02 3.850000e+01
      vertex   2.065341e+02 1.094167e+02 3.825882e+01
    endloop
  endfacet
  facet normal -9.914449e-01 1.712205e-16 1.305262e-01
    outer loop
      vertex   2.065341e+02 1.040000e+02 3.825882e+01
      vertex   2.065341e+02 1.094167e+02 3.825882e+01
      vertex   2.065000e+02 1.040000e+02 3.800000e+01
    endloop
  endfacet
  facet normal -9.914449e-01 0.000000e+00 1.305262e-01
    outer loop
      vertex   2.065000e+02 1.040000e+02 3.800000e+01
      vertex   2.065341e+02 1.094167e+02 3.825882e+01
      vertex   2.065341e+02 1.148333e+02 3.825882e+01
    endloop
  endfacet
  facet normal -9.914449e-01 0.000000e+00 1.305262e-01
    outer loop
      vertex   2.065000e+02 1.040000e+02 3.800000e+01
      vertex   2.065341e+02 1.148333e+02 3.825882e+01
      vertex   2.065341e+02 1.202500e+02 3.825882e+01
    endloop
  endfacet
  facet normal -9.238795e-01 0.000000e+00 3.826834e-01
    outer loop
      vertex   2.065341e+02 1.202500e+02 3.825882e+01
      vertex   2.065341e+02 1.148333e+02 3.825882e+01
      vertex   2.066340e+02 1.202500e+02 3.850000e+01
    endloop
  endfacet
  facet normal -3.826834e-01 0.000000e+00 9.238795e-01
    outer loop
      vertex   2.072412e+02 1.635833e+02 3.896593e+01
      vertex   2.072412e+02 1.690000e+02 3.896593e+01
      vertex   2.070000e+02 1.635833e+02 3.886603e+01
    endloop
  endfacet
  facet normal -3.826834e-01 0.000000e+00 9.238795e-01
    outer loop
      vertex   2.070000e+02 1.635833e+02 3.886603e+01
      vertex   2.072412e+02 1.690000e+02 3.896593e+01
      vertex   2.070000e+02 1.690000e+02 3.886603e+01
    endloop
  endfacet
  facet normal -6.087614e-01 0.000000e+00 7.933533e-01
    outer loop
      vertex   2.070000e+02 1.635833e+02 3.886603e+01
      vertex   2.070000e+02 1.690000e+02 3.886603e+01
      vertex   2.067929e+02 1.635833e+02 3.870711e+01
    endloop
  endfacet
  facet normal -6.087614e-01 0.000000e+00 7.933533e-01
    outer loop
      vertex   2.067929e+02 1.635833e+02 3.870711e+01
      vertex   2.070000e+02 1.690000e+02 3.886603e+01
      vertex   2.067929e+02 1.690000e+02 3.870711e+01
    endloop
  endfacet
  facet normal -7.933533e-01 0.000000e+00 6.087614e-01
    outer loop
      vertex   2.067929e+02 1.635833e+02 3.870711e+01
      vertex   2.067929e+02 1.690000e+02 3.870711e+01
      vertex   2.066340e+02 1.635833e+02 3.850000e+01
    endloop
  endfacet
  facet normal -7.933533e-01 0.000000e+00 6.087614e-01
    outer loop
      vertex   2.066340e+02 1.635833e+02 3.850000e+01
      vertex   2.067929e+02 1.690000e+02 3.870711e+01
      vertex   2.066340e+02 1.690000e+02 3.850000e+01
    endloop
  endfacet
  facet normal -9.238795e-01 0.000000e+00 3.826834e-01
    outer loop
      vertex   2.066340e+02 1.635833e+02 3.850000e+01
      vertex   2.066340e+02 1.690000e+02 3.850000e+01
      vertex   2.065341e+02 1.635833e+02 3.825882e+01
    endloop
  endfacet
  facet normal -9.238795e-01 0.000000e+00 3.826834e-01
    outer loop
      vertex   2.065341e+02 1.635833e+02 3.825882e+01
      vertex   2.066340e+02 1.690000e+02 3.850000e+01
      vertex   2.065341e+02 1.690000e+02 3.825882e+01
    endloop
  endfacet
  facet normal -9.914449e-01 0.000000e+00 1.305262e-01
    outer loop
      vertex   2.065341e+02 1.635833e+02 3.825882e+01
      vertex   2.065341e+02 1.690000e+02 3.825882e+01
      vertex   2.065000e+02 1.690000e+02 3.800000e+01
    endloop
  endfacet
  facet normal -9.914449e-01 0.000000e+00 1.305262e-01
    outer loop
      vertex   2.065000e+02 1.040000e+02 3.800000e+01
      vertex   2.065341e+02 1.365000e+02 3.825882e+01
      vertex   2.065000e+02 1.690000e+02 3.800000e+01
    endloop
  endfacet
  facet normal -9.914449e-01 0.000000e+00 1.305262e-01
    outer loop
      vertex   2.065000e+02 1.690000e+02 3.800000e+01
      vertex   2.065341e+02 1.365000e+02 3.825882e+01
      vertex   2.065341e+02 1.419167e+02 3.825882e+01
    endloop
  endfacet
  facet normal -9.914449e-01 0.000000e+00 1.305262e-01
    outer loop
      vertex   2.065000e+02 1.690000e+02 3.800000e+01
      vertex   2.065341e+02 1.419167e+02 3.825882e+01
      vertex   2.065341e+02 1.473333e+02 3.825882e+01
    endloop
  endfacet
  facet normal -9.238795e-01 0.000000e+00 3.826834e-01
    outer loop
      vertex   2.065341e+02 1.473333e+02 3.825882e+01
      vertex   2.065341e+02 1.419167e+02 3.825882e+01
      vertex   2.066340e+02 1.473333e+02 3.850000e+01
    endloop
  endfacet
  facet normal -9.238795e-01 0.000000e+00 3.826834e-01
    outer loop
      vertex   2.065341e+02 1.473333e+02 3.825882e+01
      vertex   2.066340e+02 1.473333e+02 3.850000e+01
      vertex   2.066340e+02 1.527500e+02 3.850000e+01
    endloop
  endfacet
  facet normal -7.933533e-01 0.000000e+00 6.087614e-01
    outer loop
      vertex   2.066340e+02 1.527500e+02 3.850000e+01
      vertex   2.066340e+02 1.473333e+02 3.850000e+01
      vertex   2.067929e+02 1.527500e+02 3.870711e+01
    endloop
  endfacet
  facet normal -7.933533e-01 0.000000e+00 6.087614e-01
    outer loop
      vertex   2.066340e+02 1.527500e+02 3.850000e+01
      vertex   2.067929e+02 1.527500e+02 3.870711e+01
      vertex   2.067929e+02 1.581667e+02 3.870711e+01
    endloop
  endfacet
  facet normal -6.087614e-01 0.000000e+00 7.933533e-01
    outer loop
      vertex   2.067929e+02 1.581667e+02 3.870711e+01
      vertex   2.067929e+02 1.527500e+02 3.870711e+01
      vertex   2.070000e+02 1.581667e+02 3.886603e+01
    endloop
  endfacet
  facet normal -6.087614e-01 0.000000e+00 7.933533e-01
    outer loop
      vertex   2.067929e+02 1.581667e+02 3.870711e+01
      vertex   2.070000e+02 1.581667e+02 3.886603e+01
      vertex   2.070000e+02 1.635833e+02 3.886603e+01
    endloop
  endfacet
  facet normal -3.826834e-01 0.000000e+00 9.238795e-01
    outer loop
      vertex   2.070000e+02 1.635833e+02 3.886603e+01
      vertex   2.070000e+02 1.581667e+02 3.886603e+01
      vertex   2.072412e+02 1.635833e+02 3.896593e+01
    endloop
  endfacet
  facet normal -3.826834e-01 2.424138e-15 9.238795e-01
    outer loop
      vertex   2.070000e+02 1.040000e+02 3.886603e+01
      vertex   2.072412e+02 1.040000e+02 3.896593e+01
      vertex   2.072412e+02 1.094167e+02 3.896593e+01
    endloop
  endfacet
  facet normal -1.305262e-01 2.601098e-15 9.914449e-01
    outer loop
      vertex   2.072412e+02 1.094167e+02 3.896593e+01
      vertex   2.072412e+02 1.040000e+02 3.896593e+01
      vertex   2.075000e+02 1.040000e+02 3.900000e+01
    endloop
  endfacet
  facet normal -1.305262e-01 0.000000e+00 9.914449e-01
    outer loop
      vertex   2.075000e+02 1.690000e+02 3.900000e+01
      vertex   2.072412e+02 1.365000e+02 3.896593e+01
      vertex   2.075000e+02 1.040000e+02 3.900000e+01
    endloop
  endfacet
  facet normal -1.305262e-01 0.000000e+00 9.914449e-01
    outer loop
      vertex   2.075000e+02 1.040000e+02 3.900000e+01
      vertex   2.072412e+02 1.365000e+02 3.896593e+01
      vertex   2.072412e+02 1.310833e+02 3.896593e+01
    endloop
  endfacet
  facet normal -1.305262e-01 0.000000e+00 9.914449e-01
    outer loop
      vertex   2.075000e+02 1.040000e+02 3.900000e+01
      vertex   2.072412e+02 1.310833e+02 3.896593e+01
      vertex   2.072412e+02 1.256667e+02 3.896593e+01
    endloop
  endfacet
  facet normal -3.826834e-01 0.000000e+00 9.238795e-01
    outer loop
      vertex   2.072412e+02 1.256667e+02 3.896593e+01
      vertex   2.072412e+02 1.310833e+02 3.896593e+01
      vertex   2.070000e+02 1.256667e+02 3.886603e+01
    endloop
  endfacet
  facet normal -3.826834e-01 0.000000e+00 9.238795e-01
    outer loop
      vertex   2.070000e+02 1.527500e+02 3.886603e+01
      vertex   2.072412e+02 1.581667e+02 3.896593e+01
      vertex   2.070000e+02 1.581667e+02 3.886603e+01
    endloop
  endfacet
  facet normal -3.826834e-01 0.000000e+00 9.238795e-01
    outer loop
      vertex   2.070000e+02 1.581667e+02 3.886603e+01
      vertex   2.072412e+02 1.581667e+02 3.896593e+01
      vertex   2.072412e+02 1.635833e+02 3.896593e+01
    endloop
  endfacet
  facet normal -1.305262e-01 0.000000e+00 9.914449e-01
    outer loop
      vertex   2.072412e+02 1.527500e+02 3.896593e+01
      vertex   2.072412e+02 1.473333e+02 3.896593e+01
      vertex   2.075000e+02 1.690000e+02 3.900000e+01
    endloop
  endfacet
  facet normal -1.305262e-01 0.000000e+00 9.914449e-01
    outer loop
      vertex   2.075000e+02 1.690000e+02 3.900000e+01
      vertex   2.072412e+02 1.473333e+02 3.896593e+01
      vertex   2.072412e+02 1.419167e+02 3.896593e+01
    endloop
  endfacet
  facet normal -1.305262e-01 0.000000e+00 9.914449e-01
    outer loop
      vertex   2.075000e+02 1.690000e+02 3.900000e+01
      vertex   2.072412e+02 1.419167e+02 3.896593e+01
      vertex   2.072412e+02 1.365000e+02 3.896593e+01
    endloop
  endfacet
  facet normal -3.826834e-01 0.000000e+00 9.238795e-01
    outer loop
      vertex   2.072412e+02 1.365000e+02 3.896593e+01
      vertex   2.072412e+02 1.419167e+02 3.896593e+01
      vertex   2.070000e+02 1.365000e+02 3.886603e+01
    endloop
  endfacet
  facet normal -3.826834e-01 0.000000e+00 9.238795e-01
    outer loop
      vertex   2.072412e+02 1.365000e+02 3.896593e+01
      vertex   2.070000e+02 1.365000e+02 3.886603e+01
      vertex   2.070000e+02 1.310833e+02 3.886603e+01
    endloop
  endfacet
  facet normal -6.087614e-01 0.000000e+00 7.933533e-01
    outer loop
      vertex   2.070000e+02 1.310833e+02 3.886603e+01
      vertex   2.070000e+02 1.365000e+02 3.886603e+01
      vertex   2.067929e+02 1.310833e+02 3.870711e+01
    endloop
  endfacet
  facet normal -6.087614e-01 0.000000e+00 7.933533e-01
    outer loop
      vertex   2.070000e+02 1.310833e+02 3.886603e+01
      vertex   2.067929e+02 1.310833e+02 3.870711e+01
      vertex   2.067929e+02 1.256667e+02 3.870711e+01
    endloop
  endfacet
  facet normal -7.933533e-01 0.000000e+00 6.087614e-01
    outer loop
      vertex   2.067929e+02 1.256667e+02 3.870711e+01
      vertex   2.067929e+02 1.310833e+02 3.870711e+01
      vertex   2.066340e+02 1.256667e+02 3.850000e+01
    endloop
  endfacet
  facet normal -3.826834e-01 0.000000e+00 9.238795e-01
    outer loop
      vertex   2.072412e+02 1.527500e+02 3.896593e+01
      vertex   2.070000e+02 1.473333e+02 3.886603e+01
      vertex   2.072412e+02 1.473333e+02 3.896593e+01
    endloop
  endfacet
  facet normal -3.826834e-01 0.000000e+00 9.238795e-01
    outer loop
      vertex   2.072412e+02 1.473333e+02 3.896593e+01
      vertex   2.070000e+02 1.473333e+02 3.886603e+01
      vertex   2.070000e+02 1.419167e+02 3.886603e+01
    endloop
  endfacet
  facet normal -3.826834e-01 0.000000e+00 9.238795e-01
    outer loop
      vertex   2.072412e+02 1.473333e+02 3.896593e+01
      vertex   2.070000e+02 1.419167e+02 3.886603e+01
      vertex   2.072412e+02 1.419167e+02 3.896593e+01
    endloop
  endfacet
  facet normal -3.826834e-01 1.212069e-15 9.238795e-01
    outer loop
      vertex   2.072412e+02 1.419167e+02 3.896593e+01
      vertex   2.070000e+02 1.419167e+02 3.886603e+01
      vertex   2.070000e+02 1.365000e+02 3.886603e+01
    endloop
  endfacet
  facet normal -3.826834e-01 0.000000e+00 9.238795e-01
    outer loop
      vertex   2.070000e+02 1.256667e+02 3.886603e+01
      vertex   2.072412e+02 1.310833e+02 3.896593e+01
      vertex   2.070000e+02 1.310833e+02 3.886603e+01
    endloop
  endfacet
  facet normal -3.826834e-01 0.000000e+00 9.238795e-01
    outer loop
      vertex   2.070000e+02 1.310833e+02 3.886603e+01
      vertex   2.072412e+02 1.310833e+02 3.896593e+01
      vertex   2.072412e+02 1.365000e+02 3.896593e+01
    endloop
  endfacet
  facet normal -3.826834e-01 0.000000e+00 9.238795e-01
    outer loop
      vertex   2.072412e+02 1.148333e+02 3.896593e+01
      vertex   2.072412e+02 1.202500e+02 3.896593e+01
      vertex   2.070000e+02 1.148333e+02 3.886603e+01
    endloop
  endfacet
  facet normal -3.826834e-01 0.000000e+00 9.238795e-01
    outer loop
      vertex   2.070000e+02 1.148333e+02 3.886603e+01
      vertex   2.072412e+02 1.202500e+02 3.896593e+01
      vertex   2.070000e+02 1.202500e+02 3.886603e+01
    endloop
  endfacet
  facet normal -6.087614e-01 0.000000e+00 7.933533e-01
    outer loop
      vertex   2.070000e+02 1.148333e+02 3.886603e+01
      vertex   2.070000e+02 1.202500e+02 3.886603e+01
      vertex   2.067929e+02 1.148333e+02 3.870711e+01
    endloop
  endfacet
  facet normal -6.087614e-01 0.000000e+00 7.933533e-01
    outer loop
      vertex   2.067929e+02 1.148333e+02 3.870711e+01
      vertex   2.070000e+02 1.202500e+02 3.886603e+01
      vertex   2.067929e+02 1.202500e+02 3.870711e+01
    endloop
  endfacet
  facet normal -7.933533e-01 0.000000e+00 6.087614e-01
    outer loop
      vertex   2.067929e+02 1.148333e+02 3.870711e+01
      vertex   2.067929e+02 1.202500e+02 3.870711e+01
      vertex   2.066340e+02 1.148333e+02 3.850000e+01
    endloop
  endfacet
  facet normal -7.933533e-01 0.000000e+00 6.087614e-01
    outer loop
      vertex   2.066340e+02 1.148333e+02 3.850000e+01
      vertex   2.067929e+02 1.202500e+02 3.870711e+01
      vertex   2.066340e+02 1.202500e+02 3.850000e+01
    endloop
  endfacet
  facet normal -9.238795e-01 0.000000e+00 3.826834e-01
    outer loop
      vertex   2.066340e+02 1.148333e+02 3.850000e+01
      vertex   2.066340e+02 1.202500e+02 3.850000e+01
      vertex   2.065341e+02 1.148333e+02 3.825882e+01
    endloop
  endfacet
  facet normal -6.087614e-01 1.040698e-15 7.933533e-01
    outer loop
      vertex   2.067929e+02 1.581667e+02 3.870711e+01
      vertex   2.070000e+02 1.635833e+02 3.886603e+01
      vertex   2.067929e+02 1.635833e+02 3.870711e+01
    endloop
  endfacet
  facet normal -6.087614e-01 0.000000e+00 7.933533e-01
    outer loop
      vertex   2.067929e+02 1.473333e+02 3.870711e+01
      vertex   2.070000e+02 1.527500e+02 3.886603e+01
      vertex   2.067929e+02 1.527500e+02 3.870711e+01
    endloop
  endfacet
  facet normal -6.087614e-01 0.000000e+00 7.933533e-01
    outer loop
      vertex   2.067929e+02 1.527500e+02 3.870711e+01
      vertex   2.070000e+02 1.527500e+02 3.886603e+01
      vertex   2.070000e+02 1.581667e+02 3.886603e+01
    endloop
  endfacet
  facet normal -6.087614e-01 0.000000e+00 7.933533e-01
    outer loop
      vertex   2.070000e+02 1.473333e+02 3.886603e+01
      vertex   2.067929e+02 1.419167e+02 3.870711e+01
      vertex   2.070000e+02 1.419167e+02 3.886603e+01
    endloop
  endfacet
  facet normal -6.087614e-01 0.000000e+00 7.933533e-01
    outer loop
      vertex   2.070000e+02 1.419167e+02 3.886603e+01
      vertex   2.067929e+02 1.419167e+02 3.870711e+01
      vertex   2.067929e+02 1.365000e+02 3.870711e+01
    endloop
  endfacet
  facet normal -6.087614e-01 1.040698e-15 7.933533e-01
    outer loop
      vertex   2.070000e+02 1.419167e+02 3.886603e+01
      vertex   2.067929e+02 1.365000e+02 3.870711e+01
      vertex   2.070000e+02 1.365000e+02 3.886603e+01
    endloop
  endfacet
  facet normal -6.087614e-01 0.000000e+00 7.933533e-01
    outer loop
      vertex   2.070000e+02 1.365000e+02 3.886603e+01
      vertex   2.067929e+02 1.365000e+02 3.870711e+01
      vertex   2.067929e+02 1.310833e+02 3.870711e+01
    endloop
  endfacet
  facet normal -6.087614e-01 0.000000e+00 7.933533e-01
    outer loop
      vertex   2.067929e+02 1.256667e+02 3.870711e+01
      vertex   2.070000e+02 1.256667e+02 3.886603e+01
      vertex   2.070000e+02 1.310833e+02 3.886603e+01
    endloop
  endfacet
  facet normal -6.087614e-01 0.000000e+00 7.933533e-01
    outer loop
      vertex   2.067929e+02 1.094167e+02 3.870711e+01
      vertex   2.070000e+02 1.094167e+02 3.886603e+01
      vertex   2.070000e+02 1.148333e+02 3.886603e+01
    endloop
  endfacet
  facet normal -3.826834e-01 0.000000e+00 9.238795e-01
    outer loop
      vertex   2.070000e+02 1.148333e+02 3.886603e+01
      vertex   2.070000e+02 1.094167e+02 3.886603e+01
      vertex   2.072412e+02 1.148333e+02 3.896593e+01
    endloop
  endfacet
  facet normal -6.087614e-01 0.000000e+00 7.933533e-01
    outer loop
      vertex   2.067929e+02 1.094167e+02 3.870711e+01
      vertex   2.070000e+02 1.148333e+02 3.886603e+01
      vertex   2.067929e+02 1.148333e+02 3.870711e+01
    endloop
  endfacet
  facet normal -7.933533e-01 7.985557e-16 6.087614e-01
    outer loop
      vertex   2.067929e+02 1.581667e+02 3.870711e+01
      vertex   2.067929e+02 1.635833e+02 3.870711e+01
      vertex   2.066340e+02 1.581667e+02 3.850000e+01
    endloop
  endfacet
  facet normal -7.933533e-01 0.000000e+00 6.087614e-01
    outer loop
      vertex   2.066340e+02 1.581667e+02 3.850000e+01
      vertex   2.067929e+02 1.635833e+02 3.870711e+01
      vertex   2.066340e+02 1.635833e+02 3.850000e+01
    endloop
  endfacet
  facet normal -9.238795e-01 0.000000e+00 3.826834e-01
    outer loop
      vertex   2.066340e+02 1.581667e+02 3.850000e+01
      vertex   2.066340e+02 1.635833e+02 3.850000e+01
      vertex   2.065341e+02 1.581667e+02 3.825882e+01
    endloop
  endfacet
  facet normal -9.238795e-01 0.000000e+00 3.826834e-01
    outer loop
      vertex   2.065341e+02 1.581667e+02 3.825882e+01
      vertex   2.066340e+02 1.635833e+02 3.850000e+01
      vertex   2.065341e+02 1.635833e+02 3.825882e+01
    endloop
  endfacet
  facet normal -9.914449e-01 0.000000e+00 1.305262e-01
    outer loop
      vertex   2.065341e+02 1.581667e+02 3.825882e+01
      vertex   2.065341e+02 1.635833e+02 3.825882e+01
      vertex   2.065000e+02 1.690000e+02 3.800000e+01
    endloop
  endfacet
  facet normal -7.933533e-01 0.000000e+00 6.087614e-01
    outer loop
      vertex   2.066340e+02 1.419167e+02 3.850000e+01
      vertex   2.067929e+02 1.473333e+02 3.870711e+01
      vertex   2.066340e+02 1.473333e+02 3.850000e+01
    endloop
  endfacet
  facet normal -7.933533e-01 0.000000e+00 6.087614e-01
    outer loop
      vertex   2.066340e+02 1.473333e+02 3.850000e+01
      vertex   2.067929e+02 1.473333e+02 3.870711e+01
      vertex   2.067929e+02 1.527500e+02 3.870711e+01
    endloop
  endfacet
  facet normal -7.933533e-01 0.000000e+00 6.087614e-01
    outer loop
      vertex   2.067929e+02 1.419167e+02 3.870711e+01
      vertex   2.066340e+02 1.365000e+02 3.850000e+01
      vertex   2.067929e+02 1.365000e+02 3.870711e+01
    endloop
  endfacet
  facet normal -7.933533e-01 0.000000e+00 6.087614e-01
    outer loop
      vertex   2.067929e+02 1.365000e+02 3.870711e+01
      vertex   2.066340e+02 1.365000e+02 3.850000e+01
      vertex   2.066340e+02 1.310833e+02 3.850000e+01
    endloop
  endfacet
  facet normal -7.933533e-01 0.000000e+00 6.087614e-01
    outer loop
      vertex   2.067929e+02 1.365000e+02 3.870711e+01
      vertex   2.066340e+02 1.310833e+02 3.850000e+01
      vertex   2.067929e+02 1.310833e+02 3.870711e+01
    endloop
  endfacet
  facet normal -7.933533e-01 7.998675e-16 6.087614e-01
    outer loop
      vertex   2.067929e+02 1.310833e+02 3.870711e+01
      vertex   2.066340e+02 1.310833e+02 3.850000e+01
      vertex   2.066340e+02 1.256667e+02 3.850000e+01
    endloop
  endfacet
  facet normal -7.933533e-01 0.000000e+00 6.087614e-01
    outer loop
      vertex   2.066340e+02 1.094167e+02 3.850000e+01
      vertex   2.067929e+02 1.094167e+02 3.870711e+01
      vertex   2.067929e+02 1.148333e+02 3.870711e+01
    endloop
  endfacet
  facet normal -7.933533e-01 0.000000e+00 6.087614e-01
    outer loop
      vertex   2.066340e+02 1.094167e+02 3.850000e+01
      vertex   2.067929e+02 1.148333e+02 3.870711e+01
      vertex   2.066340e+02 1.148333e+02 3.850000e+01
    endloop
  endfacet
  facet normal -7.933533e-01 0.000000e+00 6.087614e-01
    outer loop
      vertex   2.067929e+02 1.581667e+02 3.870711e+01
      vertex   2.066340e+02 1.581667e+02 3.850000e+01
      vertex   2.066340e+02 1.527500e+02 3.850000e+01
    endloop
  endfacet
  facet normal -9.238795e-01 0.000000e+00 3.826834e-01
    outer loop
      vertex   2.066340e+02 1.527500e+02 3.850000e+01
      vertex   2.066340e+02 1.581667e+02 3.850000e+01
      vertex   2.065341e+02 1.527500e+02 3.825882e+01
    endloop
  endfacet
  facet normal -9.238795e-01 0.000000e+00 3.826834e-01
    outer loop
      vertex   2.066340e+02 1.527500e+02 3.850000e+01
      vertex   2.065341e+02 1.527500e+02 3.825882e+01
      vertex   2.065341e+02 1.473333e+02 3.825882e+01
    endloop
  endfacet
  facet normal -9.914449e-01 0.000000e+00 1.305262e-01
    outer loop
      vertex   2.065341e+02 1.473333e+02 3.825882e+01
      vertex   2.065341e+02 1.527500e+02 3.825882e+01
      vertex   2.065000e+02 1.690000e+02 3.800000e+01
    endloop
  endfacet
  facet normal -9.238795e-01 0.000000e+00 3.826834e-01
    outer loop
      vertex   2.065341e+02 1.527500e+02 3.825882e+01
      vertex   2.066340e+02 1.581667e+02 3.850000e+01
      vertex   2.065341e+02 1.581667e+02 3.825882e+01
    endloop
  endfacet
  facet normal -9.238795e-01 0.000000e+00 3.826834e-01
    outer loop
      vertex   2.065341e+02 1.365000e+02 3.825882e+01
      vertex   2.066340e+02 1.419167e+02 3.850000e+01
      vertex   2.065341e+02 1.419167e+02 3.825882e+01
    endloop
  endfacet
  facet normal -9.238795e-01 0.000000e+00 3.826834e-01
    outer loop
      vertex   2.065341e+02 1.419167e+02 3.825882e+01
      vertex   2.066340e+02 1.419167e+02 3.850000e+01
      vertex   2.066340e+02 1.473333e+02 3.850000e+01
    endloop
  endfacet
  facet normal -9.238795e-01 5.029842e-16 3.826834e-01
    outer loop
      vertex   2.065341e+02 1.256667e+02 3.825882e+01
      vertex   2.066340e+02 1.256667e+02 3.850000e+01
      vertex   2.066340e+02 1.310833e+02 3.850000e+01
    endloop
  endfacet
  facet normal -9.238795e-01 0.000000e+00 3.826834e-01
    outer loop
      vertex   2.065341e+02 1.256667e+02 3.825882e+01
      vertex   2.066340e+02 1.310833e+02 3.850000e+01
      vertex   2.065341e+02 1.310833e+02 3.825882e+01
    endloop
  endfacet
  facet normal -9.238795e-01 0.000000e+00 3.826834e-01
    outer loop
      vertex   2.065341e+02 1.310833e+02 3.825882e+01
      vertex   2.066340e+02 1.310833e+02 3.850000e+01
      vertex   2.066340e+02 1.365000e+02 3.850000e+01
    endloop
  endfacet
  facet normal -9.238795e-01 0.000000e+00 3.826834e-01
    outer loop
      vertex   2.065341e+02 1.094167e+02 3.825882e+01
      vertex   2.066340e+02 1.094167e+02 3.850000e+01
      vertex   2.066340e+02 1.148333e+02 3.850000e+01
    endloop
  endfacet
  facet normal -9.238795e-01 0.000000e+00 3.826834e-01
    outer loop
      vertex   2.065341e+02 1.094167e+02 3.825882e+01
      vertex   2.066340e+02 1.148333e+02 3.850000e+01
      vertex   2.065341e+02 1.148333e+02 3.825882e+01
    endloop
  endfacet
  facet normal -9.914449e-01 0.000000e+00 1.305262e-01
    outer loop
      vertex   2.065000e+02 1.690000e+02 3.800000e+01
      vertex   2.065341e+02 1.527500e+02 3.825882e+01
      vertex   2.065341e+02 1.581667e+02 3.825882e+01
    endloop
  endfacet
  facet normal -1.303977e-01 -4.435481e-02 9.904691e-01
    outer loop
      vertex   2.072412e+02 1.040000e+02 3.896593e+01
      vertex   2.072519e+02 1.038892e+02 3.896237e+01
      vertex   2.075000e+02 1.040000e+02 3.900000e+01
    endloop
  endfacet
  facet normal -1.036987e-01 -1.036987e-01 9.891881e-01
    outer loop
      vertex   2.075000e+02 1.040000e+02 3.900000e+01
      vertex   2.072519e+02 1.038892e+02 3.896237e+01
      vertex   2.073892e+02 1.037519e+02 3.896237e+01
    endloop
  endfacet
  facet normal -4.435481e-02 -1.303977e-01 9.904691e-01
    outer loop
      vertex   2.075000e+02 1.040000e+02 3.900000e+01
      vertex   2.073892e+02 1.037519e+02 3.896237e+01
      vertex   2.075000e+02 1.037412e+02 3.896593e+01
    endloop
  endfacet
  facet normal -6.645835e-02 -3.818374e-01 9.218370e-01
    outer loop
      vertex   2.075000e+02 1.037412e+02 3.896593e+01
      vertex   2.073892e+02 1.037519e+02 3.896237e+01
      vertex   2.075000e+02 1.035000e+02 3.886603e+01
    endloop
  endfacet
  facet normal -1.178222e-01 -3.995626e-01 9.091026e-01
    outer loop
      vertex   2.075000e+02 1.035000e+02 3.886603e+01
      vertex   2.073892e+02 1.037519e+02 3.896237e+01
      vertex   2.072317e+02 1.035696e+02 3.886183e+01
    endloop
  endfacet
  facet normal -1.261909e-01 -4.328324e-01 8.925984e-01
    outer loop
      vertex   2.075000e+02 1.035000e+02 3.886603e+01
      vertex   2.072317e+02 1.035696e+02 3.886183e+01
      vertex   2.074219e+02 1.034457e+02 3.882867e+01
    endloop
  endfacet
  facet normal -2.448663e-01 -5.834139e-01 7.743828e-01
    outer loop
      vertex   2.074219e+02 1.034457e+02 3.882867e+01
      vertex   2.072317e+02 1.035696e+02 3.886183e+01
      vertex   2.070925e+02 1.034166e+02 3.870255e+01
    endloop
  endfacet
  facet normal -2.448663e-01 -5.834139e-01 7.743828e-01
    outer loop
      vertex   2.074219e+02 1.034457e+02 3.882867e+01
      vertex   2.070925e+02 1.034166e+02 3.870255e+01
      vertex   2.072989e+02 1.032822e+02 3.866657e+01
    endloop
  endfacet
  facet normal -3.657544e-01 -7.197061e-01 5.901245e-01
    outer loop
      vertex   2.072989e+02 1.032822e+02 3.866657e+01
      vertex   2.070925e+02 1.034166e+02 3.870255e+01
      vertex   2.069811e+02 1.033033e+02 3.849540e+01
    endloop
  endfacet
  facet normal -3.657544e-01 -7.197061e-01 5.901245e-01
    outer loop
      vertex   2.072989e+02 1.032822e+02 3.866657e+01
      vertex   2.069811e+02 1.033033e+02 3.849540e+01
      vertex   2.071896e+02 1.031676e+02 3.845904e+01
    endloop
  endfacet
  facet normal -4.620595e-01 -8.076571e-01 3.663208e-01
    outer loop
      vertex   2.071896e+02 1.031676e+02 3.845904e+01
      vertex   2.069811e+02 1.033033e+02 3.849540e+01
      vertex   2.069051e+02 1.032376e+02 3.825449e+01
    endloop
  endfacet
  facet normal -4.620595e-01 -8.076571e-01 3.663208e-01
    outer loop
      vertex   2.071896e+02 1.031676e+02 3.845904e+01
      vertex   2.069051e+02 1.032376e+02 3.825449e+01
      vertex   2.071015e+02 1.031097e+02 3.822023e+01
    endloop
  endfacet
  facet normal -5.215192e-01 -8.403810e-01 1.475718e-01
    outer loop
      vertex   2.071015e+02 1.031097e+02 3.822023e+01
      vertex   2.069051e+02 1.032376e+02 3.825449e+01
      vertex   2.070000e+02 1.031340e+02 3.800000e+01
    endloop
  endfacet
  facet normal -3.816287e-01 -9.213332e-01 7.419375e-02
    outer loop
      vertex   2.071015e+02 1.031097e+02 3.822023e+01
      vertex   2.070000e+02 1.031340e+02 3.800000e+01
      vertex   2.072412e+02 1.030341e+02 3.800000e+01
    endloop
  endfacet
  facet normal -3.818374e-01 -6.645835e-02 9.218370e-01
    outer loop
      vertex   2.072412e+02 1.040000e+02 3.896593e+01
      vertex   2.070000e+02 1.040000e+02 3.886603e+01
      vertex   2.072519e+02 1.038892e+02 3.896237e+01
    endloop
  endfacet
  facet normal -3.995626e-01 -1.178222e-01 9.091026e-01
    outer loop
      vertex   2.072519e+02 1.038892e+02 3.896237e+01
      vertex   2.070000e+02 1.040000e+02 3.886603e+01
      vertex   2.070696e+02 1.037317e+02 3.886183e+01
    endloop
  endfacet
  facet normal -2.729599e-01 -2.729599e-01 9.224889e-01
    outer loop
      vertex   2.072519e+02 1.038892e+02 3.896237e+01
      vertex   2.070696e+02 1.037317e+02 3.886183e+01
      vertex   2.073892e+02 1.037519e+02 3.896237e+01
    endloop
  endfacet
  facet normal -2.729599e-01 -2.729599e-01 9.224889e-01
    outer loop
      vertex   2.073892e+02 1.037519e+02 3.896237e+01
      vertex   2.070696e+02 1.037317e+02 3.886183e+01
      vertex   2.072317e+02 1.035696e+02 3.886183e+01
    endloop
  endfacet
  facet normal -4.328324e-01 -1.261909e-01 8.925984e-01
    outer loop
      vertex   2.070696e+02 1.037317e+02 3.886183e+01
      vertex   2.070000e+02 1.040000e+02 3.886603e+01
      vertex   2.069457e+02 1.039219e+02 3.882867e+01
    endloop
  endfacet
  facet normal -6.081878e-01 4.340169e-02 7.926058e-01
    outer loop
      vertex   2.069457e+02 1.039219e+02 3.882867e+01
      vertex   2.070000e+02 1.040000e+02 3.886603e+01
      vertex   2.067929e+02 1.040000e+02 3.870711e+01
    endloop
  endfacet
  facet normal -6.538873e-01 -1.159338e-01 7.476569e-01
    outer loop
      vertex   2.069457e+02 1.039219e+02 3.882867e+01
      vertex   2.067929e+02 1.040000e+02 3.870711e+01
      vertex   2.067822e+02 1.037989e+02 3.866657e+01
    endloop
  endfacet
  facet normal -7.907938e-01 -8.026201e-02 6.067974e-01
    outer loop
      vertex   2.067822e+02 1.037989e+02 3.866657e+01
      vertex   2.067929e+02 1.040000e+02 3.870711e+01
      vertex   2.066340e+02 1.040000e+02 3.850000e+01
    endloop
  endfacet
  facet normal -8.257119e-01 -1.607312e-01 5.407082e-01
    outer loop
      vertex   2.067822e+02 1.037989e+02 3.866657e+01
      vertex   2.066340e+02 1.040000e+02 3.850000e+01
      vertex   2.066676e+02 1.036896e+02 3.845904e+01
    endloop
  endfacet
  facet normal -8.447130e-01 -1.588805e-01 5.110938e-01
    outer loop
      vertex   2.066676e+02 1.036896e+02 3.845904e+01
      vertex   2.066340e+02 1.040000e+02 3.850000e+01
      vertex   2.065825e+02 1.039155e+02 3.838864e+01
    endloop
  endfacet
  facet normal -9.167181e-01 -2.475550e-01 3.135991e-01
    outer loop
      vertex   2.066676e+02 1.036896e+02 3.845904e+01
      vertex   2.065825e+02 1.039155e+02 3.838864e+01
      vertex   2.065295e+02 1.038143e+02 3.815391e+01
    endloop
  endfacet
  facet normal -9.537278e-01 -1.298391e-01 2.711922e-01
    outer loop
      vertex   2.065295e+02 1.038143e+02 3.815391e+01
      vertex   2.065825e+02 1.039155e+02 3.838864e+01
      vertex   2.065341e+02 1.040000e+02 3.825882e+01
    endloop
  endfacet
  facet normal -9.902339e-01 -4.940940e-02 1.303668e-01
    outer loop
      vertex   2.065295e+02 1.038143e+02 3.815391e+01
      vertex   2.065341e+02 1.040000e+02 3.825882e+01
      vertex   2.065000e+02 1.040000e+02 3.800000e+01
    endloop
  endfacet
  facet normal -9.223031e-01 5.839280e-02 3.820305e-01
    outer loop
      vertex   2.066340e+02 1.040000e+02 3.850000e+01
      vertex   2.065341e+02 1.040000e+02 3.825882e+01
      vertex   2.065825e+02 1.039155e+02 3.838864e+01
    endloop
  endfacet
  facet normal -9.909150e-01 -1.304564e-01 3.268886e-02
    outer loop
      vertex   2.065000e+02 1.040000e+02 3.800000e+01
      vertex   2.065341e+02 1.037412e+02 3.800000e+01
      vertex   2.065295e+02 1.038143e+02 3.815391e+01
    endloop
  endfacet
  facet normal -9.407634e-01 -3.162140e-01 1.223638e-01
    outer loop
      vertex   2.065295e+02 1.038143e+02 3.815391e+01
      vertex   2.065341e+02 1.037412e+02 3.800000e+01
      vertex   2.066097e+02 1.036015e+02 3.822023e+01
    endloop
  endfacet
  facet normal -9.167181e-01 -2.475550e-01 3.135991e-01
    outer loop
      vertex   2.065295e+02 1.038143e+02 3.815391e+01
      vertex   2.066097e+02 1.036015e+02 3.822023e+01
      vertex   2.066676e+02 1.036896e+02 3.845904e+01
    endloop
  endfacet
  facet normal -8.076571e-01 -4.620595e-01 3.663208e-01
    outer loop
      vertex   2.066676e+02 1.036896e+02 3.845904e+01
      vertex   2.066097e+02 1.036015e+02 3.822023e+01
      vertex   2.068033e+02 1.034811e+02 3.849540e+01
    endloop
  endfacet
  facet normal -7.197061e-01 -3.657544e-01 5.901245e-01
    outer loop
      vertex   2.066676e+02 1.036896e+02 3.845904e+01
      vertex   2.068033e+02 1.034811e+02 3.849540e+01
      vertex   2.069166e+02 1.035925e+02 3.870255e+01
    endloop
  endfacet
  facet normal -5.611197e-01 -5.611197e-01 6.085140e-01
    outer loop
      vertex   2.069166e+02 1.035925e+02 3.870255e+01
      vertex   2.068033e+02 1.034811e+02 3.849540e+01
      vertex   2.070925e+02 1.034166e+02 3.870255e+01
    endloop
  endfacet
  facet normal -4.317293e-01 -4.317293e-01 7.919720e-01
    outer loop
      vertex   2.069166e+02 1.035925e+02 3.870255e+01
      vertex   2.070925e+02 1.034166e+02 3.870255e+01
      vertex   2.072317e+02 1.035696e+02 3.886183e+01
    endloop
  endfacet
  facet normal -9.213332e-01 -3.816287e-01 7.419375e-02
    outer loop
      vertex   2.065341e+02 1.037412e+02 3.800000e+01
      vertex   2.066340e+02 1.035000e+02 3.800000e+01
      vertex   2.066097e+02 1.036015e+02 3.822023e+01
    endloop
  endfacet
  facet normal -8.403810e-01 -5.215192e-01 1.475718e-01
    outer loop
      vertex   2.066097e+02 1.036015e+02 3.822023e+01
      vertex   2.066340e+02 1.035000e+02 3.800000e+01
      vertex   2.067376e+02 1.034051e+02 3.825449e+01
    endloop
  endfacet
  facet normal -8.076571e-01 -4.620595e-01 3.663208e-01
    outer loop
      vertex   2.066097e+02 1.036015e+02 3.822023e+01
      vertex   2.067376e+02 1.034051e+02 3.825449e+01
      vertex   2.068033e+02 1.034811e+02 3.849540e+01
    endloop
  endfacet
  facet normal -6.528138e-01 -6.528138e-01 3.842763e-01
    outer loop
      vertex   2.068033e+02 1.034811e+02 3.849540e+01
      vertex   2.067376e+02 1.034051e+02 3.825449e+01
      vertex   2.069811e+02 1.033033e+02 3.849540e+01
    endloop
  endfacet
  facet normal -5.611197e-01 -5.611197e-01 6.085140e-01
    outer loop
      vertex   2.068033e+02 1.034811e+02 3.849540e+01
      vertex   2.069811e+02 1.033033e+02 3.849540e+01
      vertex   2.070925e+02 1.034166e+02 3.870255e+01
    endloop
  endfacet
  facet normal -7.897316e-01 -6.059824e-01 9.544300e-02
    outer loop
      vertex   2.066340e+02 1.035000e+02 3.800000e+01
      vertex   2.067929e+02 1.032929e+02 3.800000e+01
      vertex   2.067376e+02 1.034051e+02 3.825449e+01
    endloop
  endfacet
  facet normal -6.984452e-01 -6.984452e-01 1.560404e-01
    outer loop
      vertex   2.067376e+02 1.034051e+02 3.825449e+01
      vertex   2.067929e+02 1.032929e+02 3.800000e+01
      vertex   2.069051e+02 1.032376e+02 3.825449e+01
    endloop
  endfacet
  facet normal -6.528138e-01 -6.528138e-01 3.842763e-01
    outer loop
      vertex   2.067376e+02 1.034051e+02 3.825449e+01
      vertex   2.069051e+02 1.032376e+02 3.825449e+01
      vertex   2.069811e+02 1.033033e+02 3.849540e+01
    endloop
  endfacet
  facet normal -6.059824e-01 -7.897316e-01 9.544300e-02
    outer loop
      vertex   2.067929e+02 1.032929e+02 3.800000e+01
      vertex   2.070000e+02 1.031340e+02 3.800000e+01
      vertex   2.069051e+02 1.032376e+02 3.825449e+01
    endloop
  endfacet
  facet normal -3.162140e-01 -9.407634e-01 1.223638e-01
    outer loop
      vertex   2.071015e+02 1.031097e+02 3.822023e+01
      vertex   2.072412e+02 1.030341e+02 3.800000e+01
      vertex   2.073143e+02 1.030295e+02 3.815391e+01
    endloop
  endfacet
  facet normal -1.304564e-01 -9.909150e-01 3.268886e-02
    outer loop
      vertex   2.073143e+02 1.030295e+02 3.815391e+01
      vertex   2.072412e+02 1.030341e+02 3.800000e+01
      vertex   2.075000e+02 1.030000e+02 3.800000e+01
    endloop
  endfacet
  facet normal -4.940940e-02 -9.902339e-01 1.303668e-01
    outer loop
      vertex   2.073143e+02 1.030295e+02 3.815391e+01
      vertex   2.075000e+02 1.030000e+02 3.800000e+01
      vertex   2.075000e+02 1.030341e+02 3.825882e+01
    endloop
  endfacet
  facet normal -1.298391e-01 -9.537278e-01 2.711922e-01
    outer loop
      vertex   2.073143e+02 1.030295e+02 3.815391e+01
      vertex   2.075000e+02 1.030341e+02 3.825882e+01
      vertex   2.074155e+02 1.030825e+02 3.838864e+01
    endloop
  endfacet
  facet normal 5.839281e-02 -9.223031e-01 3.820305e-01
    outer loop
      vertex   2.074155e+02 1.030825e+02 3.838864e+01
      vertex   2.075000e+02 1.030341e+02 3.825882e+01
      vertex   2.075000e+02 1.031340e+02 3.850000e+01
    endloop
  endfacet
  facet normal -1.588805e-01 -8.447130e-01 5.110938e-01
    outer loop
      vertex   2.074155e+02 1.030825e+02 3.838864e+01
      vertex   2.075000e+02 1.031340e+02 3.850000e+01
      vertex   2.071896e+02 1.031676e+02 3.845904e+01
    endloop
  endfacet
  facet normal -1.607312e-01 -8.257119e-01 5.407082e-01
    outer loop
      vertex   2.071896e+02 1.031676e+02 3.845904e+01
      vertex   2.075000e+02 1.031340e+02 3.850000e+01
      vertex   2.072989e+02 1.032822e+02 3.866657e+01
    endloop
  endfacet
  facet normal -8.026201e-02 -7.907938e-01 6.067974e-01
    outer loop
      vertex   2.075000e+02 1.031340e+02 3.850000e+01
      vertex   2.075000e+02 1.032929e+02 3.870711e+01
      vertex   2.072989e+02 1.032822e+02 3.866657e+01
    endloop
  endfacet
  facet normal -1.159338e-01 -6.538873e-01 7.476569e-01
    outer loop
      vertex   2.072989e+02 1.032822e+02 3.866657e+01
      vertex   2.075000e+02 1.032929e+02 3.870711e+01
      vertex   2.074219e+02 1.034457e+02 3.882867e+01
    endloop
  endfacet
  facet normal 4.340169e-02 -6.081878e-01 7.926058e-01
    outer loop
      vertex   2.075000e+02 1.032929e+02 3.870711e+01
      vertex   2.075000e+02 1.035000e+02 3.886603e+01
      vertex   2.074219e+02 1.034457e+02 3.882867e+01
    endloop
  endfacet
  facet normal -4.317293e-01 -4.317293e-01 7.919720e-01
    outer loop
      vertex   2.069166e+02 1.035925e+02 3.870255e+01
      vertex   2.072317e+02 1.035696e+02 3.886183e+01
      vertex   2.070696e+02 1.037317e+02 3.886183e+01
    endloop
  endfacet
  facet normal -5.834139e-01 -2.448663e-01 7.743828e-01
    outer loop
      vertex   2.069457e+02 1.039219e+02 3.882867e+01
      vertex   2.067822e+02 1.037989e+02 3.866657e+01
      vertex   2.070696e+02 1.037317e+02 3.886183e+01
    endloop
  endfacet
  facet normal -5.834139e-01 -2.448663e-01 7.743828e-01
    outer loop
      vertex   2.070696e+02 1.037317e+02 3.886183e+01
      vertex   2.067822e+02 1.037989e+02 3.866657e+01
      vertex   2.069166e+02 1.035925e+02 3.870255e+01
    endloop
  endfacet
  facet normal -7.197061e-01 -3.657544e-01 5.901245e-01
    outer loop
      vertex   2.067822e+02 1.037989e+02 3.866657e+01
      vertex   2.066676e+02 1.036896e+02 3.845904e+01
      vertex   2.069166e+02 1.035925e+02 3.870255e+01
    endloop
  endfacet
  facet normal -2.475550e-01 -9.167181e-01 3.135991e-01
    outer loop
      vertex   2.074155e+02 1.030825e+02 3.838864e+01
      vertex   2.071896e+02 1.031676e+02 3.845904e+01
      vertex   2.071015e+02 1.031097e+02 3.822023e+01
    endloop
  endfacet
  facet normal -2.475550e-01 -9.167181e-01 3.135991e-01
    outer loop
      vertex   2.073143e+02 1.030295e+02 3.815391e+01
      vertex   2.074155e+02 1.030825e+02 3.838864e+01
      vertex   2.071015e+02 1.031097e+02 3.822023e+01
    endloop
  endfacet
  facet normal 0.000000e+00 1.305262e-01 9.914449e-01
    outer loop
      vertex   2.905000e+02 1.692588e+02 3.896593e+01
      vertex   2.849667e+02 1.692588e+02 3.896593e+01
      vertex   2.905000e+02 1.690000e+02 3.900000e+01
    endloop
  endfacet
  facet normal 0.000000e+00 1.305262e-01 9.914449e-01
    outer loop
      vertex   2.905000e+02 1.690000e+02 3.900000e+01
      vertex   2.849667e+02 1.692588e+02 3.896593e+01
      vertex   2.794333e+02 1.692588e+02 3.896593e+01
    endloop
  endfacet
  facet normal 0.000000e+00 1.305262e-01 9.914449e-01
    outer loop
      vertex   2.905000e+02 1.690000e+02 3.900000e+01
      vertex   2.794333e+02 1.692588e+02 3.896593e+01
      vertex   2.739000e+02 1.692588e+02 3.896593e+01
    endloop
  endfacet
  facet normal -0.000000e+00 3.826834e-01 9.238795e-01
    outer loop
      vertex   2.739000e+02 1.692588e+02 3.896593e+01
      vertex   2.794333e+02 1.692588e+02 3.896593e+01
      vertex   2.739000e+02 1.695000e+02 3.886603e+01
    endloop
  endfacet
  facet normal 0.000000e+00 3.826834e-01 9.238795e-01
    outer loop
      vertex   2.739000e+02 1.692588e+02 3.896593e+01
      vertex   2.739000e+02 1.695000e+02 3.886603e+01
      vertex   2.683667e+02 1.695000e+02 3.886603e+01
    endloop
  endfacet
  facet normal -0.000000e+00 6.087614e-01 7.933533e-01
    outer loop
      vertex   2.683667e+02 1.695000e+02 3.886603e+01
      vertex   2.739000e+02 1.695000e+02 3.886603e+01
      vertex   2.683667e+02 1.697071e+02 3.870711e+01
    endloop
  endfacet
  facet normal 0.000000e+00 6.087614e-01 7.933533e-01
    outer loop
      vertex   2.683667e+02 1.695000e+02 3.886603e+01
      vertex   2.683667e+02 1.697071e+02 3.870711e+01
      vertex   2.628333e+02 1.697071e+02 3.870711e+01
    endloop
  endfacet
  facet normal -0.000000e+00 7.933533e-01 6.087614e-01
    outer loop
      vertex   2.628333e+02 1.697071e+02 3.870711e+01
      vertex   2.683667e+02 1.697071e+02 3.870711e+01
      vertex   2.628333e+02 1.698660e+02 3.850000e+01
    endloop
  endfacet
  facet normal 0.000000e+00 7.933533e-01 6.087614e-01
    outer loop
      vertex   2.628333e+02 1.697071e+02 3.870711e+01
      vertex   2.628333e+02 1.698660e+02 3.850000e+01
      vertex   2.573000e+02 1.698660e+02 3.850000e+01
    endloop
  endfacet
  facet normal -0.000000e+00 9.238795e-01 3.826834e-01
    outer loop
      vertex   2.573000e+02 1.698660e+02 3.850000e+01
      vertex   2.628333e+02 1.698660e+02 3.850000e+01
      vertex   2.573000e+02 1.699659e+02 3.825882e+01
    endloop
  endfacet
  facet normal 0.000000e+00 9.238795e-01 3.826834e-01
    outer loop
      vertex   2.573000e+02 1.698660e+02 3.850000e+01
      vertex   2.573000e+02 1.699659e+02 3.825882e+01
      vertex   2.517667e+02 1.699659e+02 3.825882e+01
    endloop
  endfacet
  facet normal -0.000000e+00 9.914449e-01 1.305262e-01
    outer loop
      vertex   2.517667e+02 1.699659e+02 3.825882e+01
      vertex   2.573000e+02 1.699659e+02 3.825882e+01
      vertex   2.905000e+02 1.700000e+02 3.800000e+01
    endloop
  endfacet
  facet normal 0.000000e+00 9.914449e-01 1.305262e-01
    outer loop
      vertex   2.517667e+02 1.699659e+02 3.825882e+01
      vertex   2.905000e+02 1.700000e+02 3.800000e+01
      vertex   2.075000e+02 1.700000e+02 3.800000e+01
    endloop
  endfacet
  facet normal -0.000000e+00 3.826834e-01 9.238795e-01
    outer loop
      vertex   2.849667e+02 1.692588e+02 3.896593e+01
      vertex   2.905000e+02 1.692588e+02 3.896593e+01
      vertex   2.849667e+02 1.695000e+02 3.886603e+01
    endloop
  endfacet
  facet normal -0.000000e+00 3.826834e-01 9.238795e-01
    outer loop
      vertex   2.849667e+02 1.695000e+02 3.886603e+01
      vertex   2.905000e+02 1.692588e+02 3.896593e+01
      vertex   2.905000e+02 1.695000e+02 3.886603e+01
    endloop
  endfacet
  facet normal -0.000000e+00 6.087614e-01 7.933533e-01
    outer loop
      vertex   2.849667e+02 1.695000e+02 3.886603e+01
      vertex   2.905000e+02 1.695000e+02 3.886603e+01
      vertex   2.849667e+02 1.697071e+02 3.870711e+01
    endloop
  endfacet
  facet normal -0.000000e+00 6.087614e-01 7.933533e-01
    outer loop
      vertex   2.849667e+02 1.697071e+02 3.870711e+01
      vertex   2.905000e+02 1.695000e+02 3.886603e+01
      vertex   2.905000e+02 1.697071e+02 3.870711e+01
    endloop
  endfacet
  facet normal -0.000000e+00 7.933533e-01 6.087614e-01
    outer loop
      vertex   2.849667e+02 1.697071e+02 3.870711e+01
      vertex   2.905000e+02 1.697071e+02 3.870711e+01
      vertex   2.849667e+02 1.698660e+02 3.850000e+01
    endloop
  endfacet
  facet normal -0.000000e+00 7.933533e-01 6.087614e-01
    outer loop
      vertex   2.849667e+02 1.698660e+02 3.850000e+01
      vertex   2.905000e+02 1.697071e+02 3.870711e+01
      vertex   2.905000e+02 1.698660e+02 3.850000e+01
    endloop
  endfacet
  facet normal -0.000000e+00 9.238795e-01 3.826834e-01
    outer loop
      vertex   2.849667e+02 1.698660e+02 3.850000e+01
      vertex   2.905000e+02 1.698660e+02 3.850000e+01
      vertex   2.849667e+02 1.699659e+02 3.825882e+01
    endloop
  endfacet
  facet normal -0.000000e+00 9.238795e-01 3.826834e-01
    outer loop
      vertex   2.849667e+02 1.699659e+02 3.825882e+01
      vertex   2.905000e+02 1.698660e+02 3.850000e+01
      vertex   2.905000e+02 1.699659e+02 3.825882e+01
    endloop
  endfacet
  facet normal -0.000000e+00 9.914449e-01 1.305262e-01
    outer loop
      vertex   2.849667e+02 1.699659e+02 3.825882e+01
      vertex   2.905000e+02 1.699659e+02 3.825882e+01
      vertex   2.905000e+02 1.700000e+02 3.800000e+01
    endloop
  endfacet
  facet normal 1.676104e-16 9.914449e-01 1.305262e-01
    outer loop
      vertex   2.075000e+02 1.699659e+02 3.825882e+01
      vertex   2.130333e+02 1.699659e+02 3.825882e+01
      vertex   2.075000e+02 1.700000e+02 3.800000e+01
    endloop
  endfacet
  facet normal 0.000000e+00 9.914449e-01 1.305262e-01
    outer loop
      vertex   2.075000e+02 1.700000e+02 3.800000e+01
      vertex   2.130333e+02 1.699659e+02 3.825882e+01
      vertex   2.185667e+02 1.699659e+02 3.825882e+01
    endloop
  endfacet
  facet normal 0.000000e+00 9.914449e-01 1.305262e-01
    outer loop
      vertex   2.075000e+02 1.700000e+02 3.800000e+01
      vertex   2.185667e+02 1.699659e+02 3.825882e+01
      vertex   2.241000e+02 1.699659e+02 3.825882e+01
    endloop
  endfacet
  facet normal 0.000000e+00 9.238795e-01 3.826834e-01
    outer loop
      vertex   2.241000e+02 1.699659e+02 3.825882e+01
      vertex   2.185667e+02 1.699659e+02 3.825882e+01
      vertex   2.241000e+02 1.698660e+02 3.850000e+01
    endloop
  endfacet
  facet normal 0.000000e+00 9.238795e-01 3.826834e-01
    outer loop
      vertex   2.241000e+02 1.699659e+02 3.825882e+01
      vertex   2.241000e+02 1.698660e+02 3.850000e+01
      vertex   2.296333e+02 1.698660e+02 3.850000e+01
    endloop
  endfacet
  facet normal 0.000000e+00 7.933533e-01 6.087614e-01
    outer loop
      vertex   2.296333e+02 1.698660e+02 3.850000e+01
      vertex   2.241000e+02 1.698660e+02 3.850000e+01
      vertex   2.296333e+02 1.697071e+02 3.870711e+01
    endloop
  endfacet
  facet normal 0.000000e+00 7.933533e-01 6.087614e-01
    outer loop
      vertex   2.296333e+02 1.698660e+02 3.850000e+01
      vertex   2.296333e+02 1.697071e+02 3.870711e+01
      vertex   2.351667e+02 1.697071e+02 3.870711e+01
    endloop
  endfacet
  facet normal 0.000000e+00 6.087614e-01 7.933533e-01
    outer loop
      vertex   2.351667e+02 1.697071e+02 3.870711e+01
      vertex   2.296333e+02 1.697071e+02 3.870711e+01
      vertex   2.351667e+02 1.695000e+02 3.886603e+01
    endloop
  endfacet
  facet normal 0.000000e+00 6.087614e-01 7.933533e-01
    outer loop
      vertex   2.351667e+02 1.697071e+02 3.870711e+01
      vertex   2.351667e+02 1.695000e+02 3.886603e+01
      vertex   2.407000e+02 1.695000e+02 3.886603e+01
    endloop
  endfacet
  facet normal 0.000000e+00 3.826834e-01 9.238795e-01
    outer loop
      vertex   2.407000e+02 1.695000e+02 3.886603e+01
      vertex   2.351667e+02 1.695000e+02 3.886603e+01
      vertex   2.407000e+02 1.692588e+02 3.896593e+01
    endloop
  endfacet
  facet normal 0.000000e+00 3.826834e-01 9.238795e-01
    outer loop
      vertex   2.407000e+02 1.695000e+02 3.886603e+01
      vertex   2.407000e+02 1.692588e+02 3.896593e+01
      vertex   2.462333e+02 1.692588e+02 3.896593e+01
    endloop
  endfacet
  facet normal 0.000000e+00 1.305262e-01 9.914449e-01
    outer loop
      vertex   2.462333e+02 1.692588e+02 3.896593e+01
      vertex   2.407000e+02 1.692588e+02 3.896593e+01
      vertex   2.075000e+02 1.690000e+02 3.900000e+01
    endloop
  endfacet
  facet normal 0.000000e+00 1.305262e-01 9.914449e-01
    outer loop
      vertex   2.462333e+02 1.692588e+02 3.896593e+01
      vertex   2.075000e+02 1.690000e+02 3.900000e+01
      vertex   2.905000e+02 1.690000e+02 3.900000e+01
    endloop
  endfacet
  facet normal 4.914089e-16 9.238795e-01 3.826834e-01
    outer loop
      vertex   2.130333e+02 1.699659e+02 3.825882e+01
      vertex   2.075000e+02 1.699659e+02 3.825882e+01
      vertex   2.130333e+02 1.698660e+02 3.850000e+01
    endloop
  endfacet
  facet normal 0.000000e+00 9.238795e-01 3.826834e-01
    outer loop
      vertex   2.130333e+02 1.698660e+02 3.850000e+01
      vertex   2.075000e+02 1.699659e+02 3.825882e+01
      vertex   2.075000e+02 1.698660e+02 3.850000e+01
    endloop
  endfacet
  facet normal 0.000000e+00 7.933533e-01 6.087614e-01
    outer loop
      vertex   2.130333e+02 1.698660e+02 3.850000e+01
      vertex   2.075000e+02 1.698660e+02 3.850000e+01
      vertex   2.130333e+02 1.697071e+02 3.870711e+01
    endloop
  endfacet
  facet normal 7.817187e-16 7.933533e-01 6.087614e-01
    outer loop
      vertex   2.130333e+02 1.697071e+02 3.870711e+01
      vertex   2.075000e+02 1.698660e+02 3.850000e+01
      vertex   2.075000e+02 1.697071e+02 3.870711e+01
    endloop
  endfacet
  facet normal 1.018756e-15 6.087614e-01 7.933533e-01
    outer loop
      vertex   2.130333e+02 1.697071e+02 3.870711e+01
      vertex   2.075000e+02 1.697071e+02 3.870711e+01
      vertex   2.130333e+02 1.695000e+02 3.886603e+01
    endloop
  endfacet
  facet normal 2.037511e-15 6.087614e-01 7.933533e-01
    outer loop
      vertex   2.130333e+02 1.695000e+02 3.886603e+01
      vertex   2.075000e+02 1.697071e+02 3.870711e+01
      vertex   2.075000e+02 1.695000e+02 3.886603e+01
    endloop
  endfacet
  facet normal 2.372732e-15 3.826834e-01 9.238795e-01
    outer loop
      vertex   2.130333e+02 1.695000e+02 3.886603e+01
      vertex   2.075000e+02 1.695000e+02 3.886603e+01
      vertex   2.130333e+02 1.692588e+02 3.896593e+01
    endloop
  endfacet
  facet normal 2.372732e-15 3.826834e-01 9.238795e-01
    outer loop
      vertex   2.130333e+02 1.692588e+02 3.896593e+01
      vertex   2.075000e+02 1.695000e+02 3.886603e+01
      vertex   2.075000e+02 1.692588e+02 3.896593e+01
    endloop
  endfacet
  facet normal 2.546255e-15 1.305262e-01 9.914449e-01
    outer loop
      vertex   2.130333e+02 1.692588e+02 3.896593e+01
      vertex   2.075000e+02 1.692588e+02 3.896593e+01
      vertex   2.075000e+02 1.690000e+02 3.900000e+01
    endloop
  endfacet
  facet normal -0.000000e+00 3.826834e-01 9.238795e-01
    outer loop
      vertex   2.794333e+02 1.692588e+02 3.896593e+01
      vertex   2.849667e+02 1.692588e+02 3.896593e+01
      vertex   2.794333e+02 1.695000e+02 3.886603e+01
    endloop
  endfacet
  facet normal -0.000000e+00 3.826834e-01 9.238795e-01
    outer loop
      vertex   2.794333e+02 1.695000e+02 3.886603e+01
      vertex   2.849667e+02 1.692588e+02 3.896593e+01
      vertex   2.849667e+02 1.695000e+02 3.886603e+01
    endloop
  endfacet
  facet normal -0.000000e+00 6.087614e-01 7.933533e-01
    outer loop
      vertex   2.794333e+02 1.695000e+02 3.886603e+01
      vertex   2.849667e+02 1.695000e+02 3.886603e+01
      vertex   2.794333e+02 1.697071e+02 3.870711e+01
    endloop
  endfacet
  facet normal -0.000000e+00 6.087614e-01 7.933533e-01
    outer loop
      vertex   2.794333e+02 1.697071e+02 3.870711e+01
      vertex   2.849667e+02 1.695000e+02 3.886603e+01
      vertex   2.849667e+02 1.697071e+02 3.870711e+01
    endloop
  endfacet
  facet normal -0.000000e+00 7.933533e-01 6.087614e-01
    outer loop
      vertex   2.794333e+02 1.697071e+02 3.870711e+01
      vertex   2.849667e+02 1.697071e+02 3.870711e+01
      vertex   2.794333e+02 1.698660e+02 3.850000e+01
    endloop
  endfacet
  facet normal -0.000000e+00 7.933533e-01 6.087614e-01
    outer loop
      vertex   2.794333e+02 1.698660e+02 3.850000e+01
      vertex   2.849667e+02 1.697071e+02 3.870711e+01
      vertex   2.849667e+02 1.698660e+02 3.850000e+01
    endloop
  endfacet
  facet normal -0.000000e+00 9.238795e-01 3.826834e-01
    outer loop
      vertex   2.794333e+02 1.698660e+02 3.850000e+01
      vertex   2.849667e+02 1.698660e+02 3.850000e+01
      vertex   2.794333e+02 1.699659e+02 3.825882e+01
    endloop
  endfacet
  facet normal -0.000000e+00 9.238795e-01 3.826834e-01
    outer loop
      vertex   2.794333e+02 1.699659e+02 3.825882e+01
      vertex   2.849667e+02 1.698660e+02 3.850000e+01
      vertex   2.849667e+02 1.699659e+02 3.825882e+01
    endloop
  endfacet
  facet normal -0.000000e+00 9.914449e-01 1.305262e-01
    outer loop
      vertex   2.794333e+02 1.699659e+02 3.825882e+01
      vertex   2.849667e+02 1.699659e+02 3.825882e+01
      vertex   2.905000e+02 1.700000e+02 3.800000e+01
    endloop
  endfacet
  facet normal 0.000000e+00 1.305262e-01 9.914449e-01
    outer loop
      vertex   2.739000e+02 1.692588e+02 3.896593e+01
      vertex   2.683667e+02 1.692588e+02 3.896593e+01
      vertex   2.905000e+02 1.690000e+02 3.900000e+01
    endloop
  endfacet
  facet normal 0.000000e+00 1.305262e-01 9.914449e-01
    outer loop
      vertex   2.905000e+02 1.690000e+02 3.900000e+01
      vertex   2.683667e+02 1.692588e+02 3.896593e+01
      vertex   2.628333e+02 1.692588e+02 3.896593e+01
    endloop
  endfacet
  facet normal 0.000000e+00 1.305262e-01 9.914449e-01
    outer loop
      vertex   2.905000e+02 1.690000e+02 3.900000e+01
      vertex   2.628333e+02 1.692588e+02 3.896593e+01
      vertex   2.573000e+02 1.692588e+02 3.896593e+01
    endloop
  endfacet
  facet normal -0.000000e+00 3.826834e-01 9.238795e-01
    outer loop
      vertex   2.573000e+02 1.692588e+02 3.896593e+01
      vertex   2.628333e+02 1.692588e+02 3.896593e+01
      vertex   2.573000e+02 1.695000e+02 3.886603e+01
    endloop
  endfacet
  facet normal 1.186514e-15 3.826834e-01 9.238795e-01
    outer loop
      vertex   2.573000e+02 1.692588e+02 3.896593e+01
      vertex   2.573000e+02 1.695000e+02 3.886603e+01
      vertex   2.517667e+02 1.695000e+02 3.886603e+01
    endloop
  endfacet
  facet normal 1.018756e-15 6.087614e-01 7.933533e-01
    outer loop
      vertex   2.517667e+02 1.695000e+02 3.886603e+01
      vertex   2.573000e+02 1.695000e+02 3.886603e+01
      vertex   2.517667e+02 1.697071e+02 3.870711e+01
    endloop
  endfacet
  facet normal 0.000000e+00 6.087614e-01 7.933533e-01
    outer loop
      vertex   2.517667e+02 1.695000e+02 3.886603e+01
      vertex   2.517667e+02 1.697071e+02 3.870711e+01
      vertex   2.462333e+02 1.697071e+02 3.870711e+01
    endloop
  endfacet
  facet normal -0.000000e+00 7.933533e-01 6.087614e-01
    outer loop
      vertex   2.462333e+02 1.697071e+02 3.870711e+01
      vertex   2.517667e+02 1.697071e+02 3.870711e+01
      vertex   2.462333e+02 1.698660e+02 3.850000e+01
    endloop
  endfacet
  facet normal 0.000000e+00 7.933533e-01 6.087614e-01
    outer loop
      vertex   2.462333e+02 1.697071e+02 3.870711e+01
      vertex   2.462333e+02 1.698660e+02 3.850000e+01
      vertex   2.407000e+02 1.698660e+02 3.850000e+01
    endloop
  endfacet
  facet normal -0.000000e+00 9.238795e-01 3.826834e-01
    outer loop
      vertex   2.407000e+02 1.698660e+02 3.850000e+01
      vertex   2.462333e+02 1.698660e+02 3.850000e+01
      vertex   2.407000e+02 1.699659e+02 3.825882e+01
    endloop
  endfacet
  facet normal 0.000000e+00 9.238795e-01 3.826834e-01
    outer loop
      vertex   2.407000e+02 1.698660e+02 3.850000e+01
      vertex   2.407000e+02 1.699659e+02 3.825882e+01
      vertex   2.351667e+02 1.699659e+02 3.825882e+01
    endloop
  endfacet
  facet normal -0.000000e+00 9.914449e-01 1.305262e-01
    outer loop
      vertex   2.351667e+02 1.699659e+02 3.825882e+01
      vertex   2.407000e+02 1.699659e+02 3.825882e+01
      vertex   2.075000e+02 1.700000e+02 3.800000e+01
    endloop
  endfacet
  facet normal 0.000000e+00 9.914449e-01 1.305262e-01
    outer loop
      vertex   2.351667e+02 1.699659e+02 3.825882e+01
      vertex   2.075000e+02 1.700000e+02 3.800000e+01
      vertex   2.296333e+02 1.699659e+02 3.825882e+01
    endloop
  endfacet
  facet normal 0.000000e+00 9.914449e-01 1.305262e-01
    outer loop
      vertex   2.296333e+02 1.699659e+02 3.825882e+01
      vertex   2.075000e+02 1.700000e+02 3.800000e+01
      vertex   2.241000e+02 1.699659e+02 3.825882e+01
    endloop
  endfacet
  facet normal 0.000000e+00 9.238795e-01 3.826834e-01
    outer loop
      vertex   2.296333e+02 1.699659e+02 3.825882e+01
      vertex   2.241000e+02 1.699659e+02 3.825882e+01
      vertex   2.296333e+02 1.698660e+02 3.850000e+01
    endloop
  endfacet
  facet normal 0.000000e+00 3.826834e-01 9.238795e-01
    outer loop
      vertex   2.739000e+02 1.692588e+02 3.896593e+01
      vertex   2.683667e+02 1.695000e+02 3.886603e+01
      vertex   2.683667e+02 1.692588e+02 3.896593e+01
    endloop
  endfacet
  facet normal 0.000000e+00 3.826834e-01 9.238795e-01
    outer loop
      vertex   2.683667e+02 1.692588e+02 3.896593e+01
      vertex   2.683667e+02 1.695000e+02 3.886603e+01
      vertex   2.628333e+02 1.695000e+02 3.886603e+01
    endloop
  endfacet
  facet normal 0.000000e+00 3.826834e-01 9.238795e-01
    outer loop
      vertex   2.683667e+02 1.692588e+02 3.896593e+01
      vertex   2.628333e+02 1.695000e+02 3.886603e+01
      vertex   2.628333e+02 1.692588e+02 3.896593e+01
    endloop
  endfacet
  facet normal 0.000000e+00 3.826834e-01 9.238795e-01
    outer loop
      vertex   2.628333e+02 1.692588e+02 3.896593e+01
      vertex   2.628333e+02 1.695000e+02 3.886603e+01
      vertex   2.573000e+02 1.695000e+02 3.886603e+01
    endloop
  endfacet
  facet normal -0.000000e+00 1.305262e-01 9.914449e-01
    outer loop
      vertex   2.462333e+02 1.692588e+02 3.896593e+01
      vertex   2.905000e+02 1.690000e+02 3.900000e+01
      vertex   2.517667e+02 1.692588e+02 3.896593e+01
    endloop
  endfacet
  facet normal -0.000000e+00 1.305262e-01 9.914449e-01
    outer loop
      vertex   2.517667e+02 1.692588e+02 3.896593e+01
      vertex   2.905000e+02 1.690000e+02 3.900000e+01
      vertex   2.573000e+02 1.692588e+02 3.896593e+01
    endloop
  endfacet
  facet normal -0.000000e+00 3.826834e-01 9.238795e-01
    outer loop
      vertex   2.517667e+02 1.692588e+02 3.896593e+01
      vertex   2.573000e+02 1.692588e+02 3.896593e+01
      vertex   2.517667e+02 1.695000e+02 3.886603e+01
    endloop
  endfacet
  facet normal -0.000000e+00 3.826834e-01 9.238795e-01
    outer loop
      vertex   2.462333e+02 1.692588e+02 3.896593e+01
      vertex   2.517667e+02 1.692588e+02 3.896593e+01
      vertex   2.462333e+02 1.695000e+02 3.886603e+01
    endloop
  endfacet
  facet normal -0.000000e+00 3.826834e-01 9.238795e-01
    outer loop
      vertex   2.462333e+02 1.695000e+02 3.886603e+01
      vertex   2.517667e+02 1.692588e+02 3.896593e+01
      vertex   2.517667e+02 1.695000e+02 3.886603e+01
    endloop
  endfacet
  facet normal -0.000000e+00 6.087614e-01 7.933533e-01
    outer loop
      vertex   2.462333e+02 1.695000e+02 3.886603e+01
      vertex   2.517667e+02 1.695000e+02 3.886603e+01
      vertex   2.462333e+02 1.697071e+02 3.870711e+01
    endloop
  endfacet
  facet normal 0.000000e+00 1.305262e-01 9.914449e-01
    outer loop
      vertex   2.407000e+02 1.692588e+02 3.896593e+01
      vertex   2.351667e+02 1.692588e+02 3.896593e+01
      vertex   2.075000e+02 1.690000e+02 3.900000e+01
    endloop
  endfacet
  facet normal 0.000000e+00 1.305262e-01 9.914449e-01
    outer loop
      vertex   2.075000e+02 1.690000e+02 3.900000e+01
      vertex   2.351667e+02 1.692588e+02 3.896593e+01
      vertex   2.296333e+02 1.692588e+02 3.896593e+01
    endloop
  endfacet
  facet normal 0.000000e+00 1.305262e-01 9.914449e-01
    outer loop
      vertex   2.075000e+02 1.690000e+02 3.900000e+01
      vertex   2.296333e+02 1.692588e+02 3.896593e+01
      vertex   2.241000e+02 1.692588e+02 3.896593e+01
    endloop
  endfacet
  facet normal -0.000000e+00 3.826834e-01 9.238795e-01
    outer loop
      vertex   2.241000e+02 1.692588e+02 3.896593e+01
      vertex   2.296333e+02 1.692588e+02 3.896593e+01
      vertex   2.241000e+02 1.695000e+02 3.886603e+01
    endloop
  endfacet
  facet normal 0.000000e+00 3.826834e-01 9.238795e-01
    outer loop
      vertex   2.241000e+02 1.692588e+02 3.896593e+01
      vertex   2.241000e+02 1.695000e+02 3.886603e+01
      vertex   2.185667e+02 1.695000e+02 3.886603e+01
    endloop
  endfacet
  facet normal -0.000000e+00 6.087614e-01 7.933533e-01
    outer loop
      vertex   2.185667e+02 1.695000e+02 3.886603e+01
      vertex   2.241000e+02 1.695000e+02 3.886603e+01
      vertex   2.185667e+02 1.697071e+02 3.870711e+01
    endloop
  endfacet
  facet normal 0.000000e+00 6.087614e-01 7.933533e-01
    outer loop
      vertex   2.185667e+02 1.695000e+02 3.886603e+01
      vertex   2.185667e+02 1.697071e+02 3.870711e+01
      vertex   2.130333e+02 1.697071e+02 3.870711e+01
    endloop
  endfacet
  facet normal -0.000000e+00 7.933533e-01 6.087614e-01
    outer loop
      vertex   2.130333e+02 1.697071e+02 3.870711e+01
      vertex   2.185667e+02 1.697071e+02 3.870711e+01
      vertex   2.130333e+02 1.698660e+02 3.850000e+01
    endloop
  endfacet
  facet normal 0.000000e+00 3.826834e-01 9.238795e-01
    outer loop
      vertex   2.407000e+02 1.692588e+02 3.896593e+01
      vertex   2.351667e+02 1.695000e+02 3.886603e+01
      vertex   2.351667e+02 1.692588e+02 3.896593e+01
    endloop
  endfacet
  facet normal 0.000000e+00 3.826834e-01 9.238795e-01
    outer loop
      vertex   2.351667e+02 1.692588e+02 3.896593e+01
      vertex   2.351667e+02 1.695000e+02 3.886603e+01
      vertex   2.296333e+02 1.695000e+02 3.886603e+01
    endloop
  endfacet
  facet normal 0.000000e+00 3.826834e-01 9.238795e-01
    outer loop
      vertex   2.351667e+02 1.692588e+02 3.896593e+01
      vertex   2.296333e+02 1.695000e+02 3.886603e+01
      vertex   2.296333e+02 1.692588e+02 3.896593e+01
    endloop
  endfacet
  facet normal 0.000000e+00 3.826834e-01 9.238795e-01
    outer loop
      vertex   2.296333e+02 1.692588e+02 3.896593e+01
      vertex   2.296333e+02 1.695000e+02 3.886603e+01
      vertex   2.241000e+02 1.695000e+02 3.886603e+01
    endloop
  endfacet
  facet normal -0.000000e+00 1.305262e-01 9.914449e-01
    outer loop
      vertex   2.130333e+02 1.692588e+02 3.896593e+01
      vertex   2.075000e+02 1.690000e+02 3.900000e+01
      vertex   2.185667e+02 1.692588e+02 3.896593e+01
    endloop
  endfacet
  facet normal -0.000000e+00 1.305262e-01 9.914449e-01
    outer loop
      vertex   2.185667e+02 1.692588e+02 3.896593e+01
      vertex   2.075000e+02 1.690000e+02 3.900000e+01
      vertex   2.241000e+02 1.692588e+02 3.896593e+01
    endloop
  endfacet
  facet normal -0.000000e+00 3.826834e-01 9.238795e-01
    outer loop
      vertex   2.185667e+02 1.692588e+02 3.896593e+01
      vertex   2.241000e+02 1.692588e+02 3.896593e+01
      vertex   2.185667e+02 1.695000e+02 3.886603e+01
    endloop
  endfacet
  facet normal 0.000000e+00 3.826834e-01 9.238795e-01
    outer loop
      vertex   2.130333e+02 1.695000e+02 3.886603e+01
      vertex   2.130333e+02 1.692588e+02 3.896593e+01
      vertex   2.185667e+02 1.692588e+02 3.896593e+01
    endloop
  endfacet
  facet normal -0.000000e+00 3.826834e-01 9.238795e-01
    outer loop
      vertex   2.130333e+02 1.695000e+02 3.886603e+01
      vertex   2.185667e+02 1.692588e+02 3.896593e+01
      vertex   2.185667e+02 1.695000e+02 3.886603e+01
    endloop
  endfacet
  facet normal 0.000000e+00 3.826834e-01 9.238795e-01
    outer loop
      vertex   2.794333e+02 1.692588e+02 3.896593e+01
      vertex   2.794333e+02 1.695000e+02 3.886603e+01
      vertex   2.739000e+02 1.695000e+02 3.886603e+01
    endloop
  endfacet
  facet normal -0.000000e+00 6.087614e-01 7.933533e-01
    outer loop
      vertex   2.739000e+02 1.695000e+02 3.886603e+01
      vertex   2.794333e+02 1.695000e+02 3.886603e+01
      vertex   2.739000e+02 1.697071e+02 3.870711e+01
    endloop
  endfacet
  facet normal 0.000000e+00 6.087614e-01 7.933533e-01
    outer loop
      vertex   2.739000e+02 1.695000e+02 3.886603e+01
      vertex   2.739000e+02 1.697071e+02 3.870711e+01
      vertex   2.683667e+02 1.697071e+02 3.870711e+01
    endloop
  endfacet
  facet normal -0.000000e+00 7.933533e-01 6.087614e-01
    outer loop
      vertex   2.683667e+02 1.697071e+02 3.870711e+01
      vertex   2.739000e+02 1.697071e+02 3.870711e+01
      vertex   2.683667e+02 1.698660e+02 3.850000e+01
    endloop
  endfacet
  facet normal 0.000000e+00 7.933533e-01 6.087614e-01
    outer loop
      vertex   2.683667e+02 1.697071e+02 3.870711e+01
      vertex   2.683667e+02 1.698660e+02 3.850000e+01
      vertex   2.628333e+02 1.698660e+02 3.850000e+01
    endloop
  endfacet
  facet normal -0.000000e+00 9.238795e-01 3.826834e-01
    outer loop
      vertex   2.628333e+02 1.698660e+02 3.850000e+01
      vertex   2.683667e+02 1.698660e+02 3.850000e+01
      vertex   2.628333e+02 1.699659e+02 3.825882e+01
    endloop
  endfacet
  facet normal 0.000000e+00 9.238795e-01 3.826834e-01
    outer loop
      vertex   2.628333e+02 1.698660e+02 3.850000e+01
      vertex   2.628333e+02 1.699659e+02 3.825882e+01
      vertex   2.573000e+02 1.699659e+02 3.825882e+01
    endloop
  endfacet
  facet normal -0.000000e+00 9.914449e-01 1.305262e-01
    outer loop
      vertex   2.573000e+02 1.699659e+02 3.825882e+01
      vertex   2.628333e+02 1.699659e+02 3.825882e+01
      vertex   2.905000e+02 1.700000e+02 3.800000e+01
    endloop
  endfacet
  facet normal 1.018756e-15 6.087614e-01 7.933533e-01
    outer loop
      vertex   2.739000e+02 1.697071e+02 3.870711e+01
      vertex   2.794333e+02 1.695000e+02 3.886603e+01
      vertex   2.794333e+02 1.697071e+02 3.870711e+01
    endloop
  endfacet
  facet normal 0.000000e+00 6.087614e-01 7.933533e-01
    outer loop
      vertex   2.683667e+02 1.695000e+02 3.886603e+01
      vertex   2.628333e+02 1.697071e+02 3.870711e+01
      vertex   2.628333e+02 1.695000e+02 3.886603e+01
    endloop
  endfacet
  facet normal 0.000000e+00 6.087614e-01 7.933533e-01
    outer loop
      vertex   2.628333e+02 1.695000e+02 3.886603e+01
      vertex   2.628333e+02 1.697071e+02 3.870711e+01
      vertex   2.573000e+02 1.697071e+02 3.870711e+01
    endloop
  endfacet
  facet normal 0.000000e+00 6.087614e-01 7.933533e-01
    outer loop
      vertex   2.628333e+02 1.695000e+02 3.886603e+01
      vertex   2.573000e+02 1.697071e+02 3.870711e+01
      vertex   2.573000e+02 1.695000e+02 3.886603e+01
    endloop
  endfacet
  facet normal 0.000000e+00 6.087614e-01 7.933533e-01
    outer loop
      vertex   2.573000e+02 1.695000e+02 3.886603e+01
      vertex   2.573000e+02 1.697071e+02 3.870711e+01
      vertex   2.517667e+02 1.697071e+02 3.870711e+01
    endloop
  endfacet
  facet normal 0.000000e+00 3.826834e-01 9.238795e-01
    outer loop
      vertex   2.462333e+02 1.692588e+02 3.896593e+01
      vertex   2.462333e+02 1.695000e+02 3.886603e+01
      vertex   2.407000e+02 1.695000e+02 3.886603e+01
    endloop
  endfacet
  facet normal -0.000000e+00 6.087614e-01 7.933533e-01
    outer loop
      vertex   2.407000e+02 1.695000e+02 3.886603e+01
      vertex   2.462333e+02 1.695000e+02 3.886603e+01
      vertex   2.407000e+02 1.697071e+02 3.870711e+01
    endloop
  endfacet
  facet normal 0.000000e+00 6.087614e-01 7.933533e-01
    outer loop
      vertex   2.407000e+02 1.695000e+02 3.886603e+01
      vertex   2.407000e+02 1.697071e+02 3.870711e+01
      vertex   2.351667e+02 1.697071e+02 3.870711e+01
    endloop
  endfacet
  facet normal -0.000000e+00 7.933533e-01 6.087614e-01
    outer loop
      vertex   2.351667e+02 1.697071e+02 3.870711e+01
      vertex   2.407000e+02 1.697071e+02 3.870711e+01
      vertex   2.351667e+02 1.698660e+02 3.850000e+01
    endloop
  endfacet
  facet normal 0.000000e+00 7.933533e-01 6.087614e-01
    outer loop
      vertex   2.351667e+02 1.697071e+02 3.870711e+01
      vertex   2.351667e+02 1.698660e+02 3.850000e+01
      vertex   2.296333e+02 1.698660e+02 3.850000e+01
    endloop
  endfacet
  facet normal -0.000000e+00 9.238795e-01 3.826834e-01
    outer loop
      vertex   2.296333e+02 1.698660e+02 3.850000e+01
      vertex   2.351667e+02 1.698660e+02 3.850000e+01
      vertex   2.296333e+02 1.699659e+02 3.825882e+01
    endloop
  endfacet
  facet normal -0.000000e+00 6.087614e-01 7.933533e-01
    outer loop
      vertex   2.407000e+02 1.697071e+02 3.870711e+01
      vertex   2.462333e+02 1.695000e+02 3.886603e+01
      vertex   2.462333e+02 1.697071e+02 3.870711e+01
    endloop
  endfacet
  facet normal 0.000000e+00 6.087614e-01 7.933533e-01
    outer loop
      vertex   2.351667e+02 1.695000e+02 3.886603e+01
      vertex   2.296333e+02 1.697071e+02 3.870711e+01
      vertex   2.296333e+02 1.695000e+02 3.886603e+01
    endloop
  endfacet
  facet normal 0.000000e+00 6.087614e-01 7.933533e-01
    outer loop
      vertex   2.296333e+02 1.695000e+02 3.886603e+01
      vertex   2.296333e+02 1.697071e+02 3.870711e+01
      vertex   2.241000e+02 1.697071e+02 3.870711e+01
    endloop
  endfacet
  facet normal 0.000000e+00 6.087614e-01 7.933533e-01
    outer loop
      vertex   2.296333e+02 1.695000e+02 3.886603e+01
      vertex   2.241000e+02 1.697071e+02 3.870711e+01
      vertex   2.241000e+02 1.695000e+02 3.886603e+01
    endloop
  endfacet
  facet normal 0.000000e+00 6.087614e-01 7.933533e-01
    outer loop
      vertex   2.241000e+02 1.695000e+02 3.886603e+01
      vertex   2.241000e+02 1.697071e+02 3.870711e+01
      vertex   2.185667e+02 1.697071e+02 3.870711e+01
    endloop
  endfacet
  facet normal 0.000000e+00 6.087614e-01 7.933533e-01
    outer loop
      vertex   2.130333e+02 1.697071e+02 3.870711e+01
      vertex   2.130333e+02 1.695000e+02 3.886603e+01
      vertex   2.185667e+02 1.695000e+02 3.886603e+01
    endloop
  endfacet
  facet normal 7.817187e-16 7.933533e-01 6.087614e-01
    outer loop
      vertex   2.739000e+02 1.697071e+02 3.870711e+01
      vertex   2.794333e+02 1.697071e+02 3.870711e+01
      vertex   2.739000e+02 1.698660e+02 3.850000e+01
    endloop
  endfacet
  facet normal -0.000000e+00 7.933533e-01 6.087614e-01
    outer loop
      vertex   2.739000e+02 1.698660e+02 3.850000e+01
      vertex   2.794333e+02 1.697071e+02 3.870711e+01
      vertex   2.794333e+02 1.698660e+02 3.850000e+01
    endloop
  endfacet
  facet normal -0.000000e+00 9.238795e-01 3.826834e-01
    outer loop
      vertex   2.739000e+02 1.698660e+02 3.850000e+01
      vertex   2.794333e+02 1.698660e+02 3.850000e+01
      vertex   2.739000e+02 1.699659e+02 3.825882e+01
    endloop
  endfacet
  facet normal -0.000000e+00 9.238795e-01 3.826834e-01
    outer loop
      vertex   2.739000e+02 1.699659e+02 3.825882e+01
      vertex   2.794333e+02 1.698660e+02 3.850000e+01
      vertex   2.794333e+02 1.699659e+02 3.825882e+01
    endloop
  endfacet
  facet normal -0.000000e+00 9.914449e-01 1.305262e-01
    outer loop
      vertex   2.739000e+02 1.699659e+02 3.825882e+01
      vertex   2.794333e+02 1.699659e+02 3.825882e+01
      vertex   2.905000e+02 1.700000e+02 3.800000e+01
    endloop
  endfacet
  facet normal 0.000000e+00 7.933533e-01 6.087614e-01
    outer loop
      vertex   2.628333e+02 1.697071e+02 3.870711e+01
      vertex   2.573000e+02 1.698660e+02 3.850000e+01
      vertex   2.573000e+02 1.697071e+02 3.870711e+01
    endloop
  endfacet
  facet normal 0.000000e+00 7.933533e-01 6.087614e-01
    outer loop
      vertex   2.573000e+02 1.697071e+02 3.870711e+01
      vertex   2.573000e+02 1.698660e+02 3.850000e+01
      vertex   2.517667e+02 1.698660e+02 3.850000e+01
    endloop
  endfacet
  facet normal 0.000000e+00 7.933533e-01 6.087614e-01
    outer loop
      vertex   2.573000e+02 1.697071e+02 3.870711e+01
      vertex   2.517667e+02 1.698660e+02 3.850000e+01
      vertex   2.517667e+02 1.697071e+02 3.870711e+01
    endloop
  endfacet
  facet normal 0.000000e+00 7.933533e-01 6.087614e-01
    outer loop
      vertex   2.517667e+02 1.697071e+02 3.870711e+01
      vertex   2.517667e+02 1.698660e+02 3.850000e+01
      vertex   2.462333e+02 1.698660e+02 3.850000e+01
    endloop
  endfacet
  facet normal 7.817187e-16 7.933533e-01 6.087614e-01
    outer loop
      vertex   2.351667e+02 1.698660e+02 3.850000e+01
      vertex   2.407000e+02 1.697071e+02 3.870711e+01
      vertex   2.407000e+02 1.698660e+02 3.850000e+01
    endloop
  endfacet
  facet normal 0.000000e+00 7.933533e-01 6.087614e-01
    outer loop
      vertex   2.407000e+02 1.698660e+02 3.850000e+01
      vertex   2.407000e+02 1.697071e+02 3.870711e+01
      vertex   2.462333e+02 1.697071e+02 3.870711e+01
    endloop
  endfacet
  facet normal 0.000000e+00 7.933533e-01 6.087614e-01
    outer loop
      vertex   2.296333e+02 1.697071e+02 3.870711e+01
      vertex   2.241000e+02 1.698660e+02 3.850000e+01
      vertex   2.241000e+02 1.697071e+02 3.870711e+01
    endloop
  endfacet
  facet normal 0.000000e+00 7.933533e-01 6.087614e-01
    outer loop
      vertex   2.241000e+02 1.697071e+02 3.870711e+01
      vertex   2.241000e+02 1.698660e+02 3.850000e+01
      vertex   2.185667e+02 1.698660e+02 3.850000e+01
    endloop
  endfacet
  facet normal 0.000000e+00 7.933533e-01 6.087614e-01
    outer loop
      vertex   2.241000e+02 1.697071e+02 3.870711e+01
      vertex   2.185667e+02 1.698660e+02 3.850000e+01
      vertex   2.185667e+02 1.697071e+02 3.870711e+01
    endloop
  endfacet
  facet normal 0.000000e+00 7.933533e-01 6.087614e-01
    outer loop
      vertex   2.185667e+02 1.697071e+02 3.870711e+01
      vertex   2.185667e+02 1.698660e+02 3.850000e+01
      vertex   2.130333e+02 1.698660e+02 3.850000e+01
    endloop
  endfacet
  facet normal 0.000000e+00 7.933533e-01 6.087614e-01
    outer loop
      vertex   2.739000e+02 1.697071e+02 3.870711e+01
      vertex   2.739000e+02 1.698660e+02 3.850000e+01
      vertex   2.683667e+02 1.698660e+02 3.850000e+01
    endloop
  endfacet
  facet normal -0.000000e+00 9.238795e-01 3.826834e-01
    outer loop
      vertex   2.683667e+02 1.698660e+02 3.850000e+01
      vertex   2.739000e+02 1.698660e+02 3.850000e+01
      vertex   2.683667e+02 1.699659e+02 3.825882e+01
    endloop
  endfacet
  facet normal 0.000000e+00 9.238795e-01 3.826834e-01
    outer loop
      vertex   2.683667e+02 1.698660e+02 3.850000e+01
      vertex   2.683667e+02 1.699659e+02 3.825882e+01
      vertex   2.628333e+02 1.699659e+02 3.825882e+01
    endloop
  endfacet
  facet normal -0.000000e+00 9.914449e-01 1.305262e-01
    outer loop
      vertex   2.628333e+02 1.699659e+02 3.825882e+01
      vertex   2.683667e+02 1.699659e+02 3.825882e+01
      vertex   2.905000e+02 1.700000e+02 3.800000e+01
    endloop
  endfacet
  facet normal -0.000000e+00 9.238795e-01 3.826834e-01
    outer loop
      vertex   2.683667e+02 1.699659e+02 3.825882e+01
      vertex   2.739000e+02 1.698660e+02 3.850000e+01
      vertex   2.739000e+02 1.699659e+02 3.825882e+01
    endloop
  endfacet
  facet normal 0.000000e+00 9.238795e-01 3.826834e-01
    outer loop
      vertex   2.573000e+02 1.698660e+02 3.850000e+01
      vertex   2.517667e+02 1.699659e+02 3.825882e+01
      vertex   2.517667e+02 1.698660e+02 3.850000e+01
    endloop
  endfacet
  facet normal 0.000000e+00 9.238795e-01 3.826834e-01
    outer loop
      vertex   2.517667e+02 1.698660e+02 3.850000e+01
      vertex   2.517667e+02 1.699659e+02 3.825882e+01
      vertex   2.462333e+02 1.699659e+02 3.825882e+01
    endloop
  endfacet
  facet normal 0.000000e+00 9.238795e-01 3.826834e-01
    outer loop
      vertex   2.517667e+02 1.698660e+02 3.850000e+01
      vertex   2.462333e+02 1.699659e+02 3.825882e+01
      vertex   2.462333e+02 1.698660e+02 3.850000e+01
    endloop
  endfacet
  facet normal 0.000000e+00 9.238795e-01 3.826834e-01
    outer loop
      vertex   2.462333e+02 1.698660e+02 3.850000e+01
      vertex   2.462333e+02 1.699659e+02 3.825882e+01
      vertex   2.407000e+02 1.699659e+02 3.825882e+01
    endloop
  endfacet
  facet normal -0.000000e+00 9.238795e-01 3.826834e-01
    outer loop
      vertex   2.296333e+02 1.699659e+02 3.825882e+01
      vertex   2.351667e+02 1.698660e+02 3.850000e+01
      vertex   2.351667e+02 1.699659e+02 3.825882e+01
    endloop
  endfacet
  facet normal 4.923791e-16 9.238795e-01 3.826834e-01
    outer loop
      vertex   2.351667e+02 1.699659e+02 3.825882e+01
      vertex   2.351667e+02 1.698660e+02 3.850000e+01
      vertex   2.407000e+02 1.698660e+02 3.850000e+01
    endloop
  endfacet
  facet normal 0.000000e+00 9.238795e-01 3.826834e-01
    outer loop
      vertex   2.130333e+02 1.699659e+02 3.825882e+01
      vertex   2.130333e+02 1.698660e+02 3.850000e+01
      vertex   2.185667e+02 1.698660e+02 3.850000e+01
    endloop
  endfacet
  facet normal -0.000000e+00 9.238795e-01 3.826834e-01
    outer loop
      vertex   2.130333e+02 1.699659e+02 3.825882e+01
      vertex   2.185667e+02 1.698660e+02 3.850000e+01
      vertex   2.185667e+02 1.699659e+02 3.825882e+01
    endloop
  endfacet
  facet normal 0.000000e+00 9.238795e-01 3.826834e-01
    outer loop
      vertex   2.185667e+02 1.699659e+02 3.825882e+01
      vertex   2.185667e+02 1.698660e+02 3.850000e+01
      vertex   2.241000e+02 1.698660e+02 3.850000e+01
    endloop
  endfacet
  facet normal 0.000000e+00 9.914449e-01 1.305262e-01
    outer loop
      vertex   2.905000e+02 1.700000e+02 3.800000e+01
      vertex   2.683667e+02 1.699659e+02 3.825882e+01
      vertex   2.739000e+02 1.699659e+02 3.825882e+01
    endloop
  endfacet
  facet normal 0.000000e+00 9.914449e-01 1.305262e-01
    outer loop
      vertex   2.075000e+02 1.700000e+02 3.800000e+01
      vertex   2.407000e+02 1.699659e+02 3.825882e+01
      vertex   2.462333e+02 1.699659e+02 3.825882e+01
    endloop
  endfacet
  facet normal -0.000000e+00 9.914449e-01 1.305262e-01
    outer loop
      vertex   2.462333e+02 1.699659e+02 3.825882e+01
      vertex   2.517667e+02 1.699659e+02 3.825882e+01
      vertex   2.075000e+02 1.700000e+02 3.800000e+01
    endloop
  endfacet
  facet normal -1.303668e-01 4.940940e-02 9.902339e-01
    outer loop
      vertex   2.072412e+02 1.690000e+02 3.896593e+01
      vertex   2.075000e+02 1.690000e+02 3.900000e+01
      vertex   2.073461e+02 1.691857e+02 3.897047e+01
    endloop
  endfacet
  facet normal -3.268886e-02 1.304564e-01 9.909150e-01
    outer loop
      vertex   2.073461e+02 1.691857e+02 3.897047e+01
      vertex   2.075000e+02 1.690000e+02 3.900000e+01
      vertex   2.075000e+02 1.692588e+02 3.896593e+01
    endloop
  endfacet
  facet normal -1.223638e-01 3.162140e-01 9.407634e-01
    outer loop
      vertex   2.073461e+02 1.691857e+02 3.897047e+01
      vertex   2.075000e+02 1.692588e+02 3.896593e+01
      vertex   2.072798e+02 1.693985e+02 3.889032e+01
    endloop
  endfacet
  facet normal -7.419375e-02 3.816287e-01 9.213332e-01
    outer loop
      vertex   2.072798e+02 1.693985e+02 3.889032e+01
      vertex   2.075000e+02 1.692588e+02 3.896593e+01
      vertex   2.075000e+02 1.695000e+02 3.886603e+01
    endloop
  endfacet
  facet normal -1.475718e-01 5.215192e-01 8.403810e-01
    outer loop
      vertex   2.072798e+02 1.693985e+02 3.889032e+01
      vertex   2.075000e+02 1.695000e+02 3.886603e+01
      vertex   2.072455e+02 1.695949e+02 3.876242e+01
    endloop
  endfacet
  facet normal -9.544300e-02 6.059824e-01 7.897316e-01
    outer loop
      vertex   2.072455e+02 1.695949e+02 3.876242e+01
      vertex   2.075000e+02 1.695000e+02 3.886603e+01
      vertex   2.075000e+02 1.697071e+02 3.870711e+01
    endloop
  endfacet
  facet normal -1.560404e-01 6.984452e-01 6.984452e-01
    outer loop
      vertex   2.072455e+02 1.695949e+02 3.876242e+01
      vertex   2.075000e+02 1.697071e+02 3.870711e+01
      vertex   2.072455e+02 1.697624e+02 3.859494e+01
    endloop
  endfacet
  facet normal -9.544300e-02 7.897316e-01 6.059824e-01
    outer loop
      vertex   2.072455e+02 1.697624e+02 3.859494e+01
      vertex   2.075000e+02 1.697071e+02 3.870711e+01
      vertex   2.075000e+02 1.698660e+02 3.850000e+01
    endloop
  endfacet
  facet normal -1.475718e-01 8.403810e-01 5.215192e-01
    outer loop
      vertex   2.072455e+02 1.697624e+02 3.859494e+01
      vertex   2.075000e+02 1.698660e+02 3.850000e+01
      vertex   2.072798e+02 1.698903e+02 3.839854e+01
    endloop
  endfacet
  facet normal -7.419375e-02 9.213332e-01 3.816287e-01
    outer loop
      vertex   2.072798e+02 1.698903e+02 3.839854e+01
      vertex   2.075000e+02 1.698660e+02 3.850000e+01
      vertex   2.075000e+02 1.699659e+02 3.825882e+01
    endloop
  endfacet
  facet normal -1.223638e-01 9.407634e-01 3.162140e-01
    outer loop
      vertex   2.072798e+02 1.698903e+02 3.839854e+01
      vertex   2.075000e+02 1.699659e+02 3.825882e+01
      vertex   2.073461e+02 1.699705e+02 3.818574e+01
    endloop
  endfacet
  facet normal -3.268886e-02 9.909150e-01 1.304564e-01
    outer loop
      vertex   2.073461e+02 1.699705e+02 3.818574e+01
      vertex   2.075000e+02 1.699659e+02 3.825882e+01
      vertex   2.075000e+02 1.700000e+02 3.800000e+01
    endloop
  endfacet
  facet normal -1.303668e-01 9.902339e-01 4.940940e-02
    outer loop
      vertex   2.073461e+02 1.699705e+02 3.818574e+01
      vertex   2.075000e+02 1.700000e+02 3.800000e+01
      vertex   2.072412e+02 1.699659e+02 3.800000e+01
    endloop
  endfacet
  facet normal -2.711922e-01 9.537278e-01 1.298391e-01
    outer loop
      vertex   2.073461e+02 1.699705e+02 3.818574e+01
      vertex   2.072412e+02 1.699659e+02 3.800000e+01
      vertex   2.071114e+02 1.699175e+02 3.808453e+01
    endloop
  endfacet
  facet normal -3.820305e-01 9.223031e-01 -5.839280e-02
    outer loop
      vertex   2.071114e+02 1.699175e+02 3.808453e+01
      vertex   2.072412e+02 1.699659e+02 3.800000e+01
      vertex   2.070000e+02 1.698660e+02 3.800000e+01
    endloop
  endfacet
  facet normal -5.110938e-01 8.447130e-01 1.588805e-01
    outer loop
      vertex   2.071114e+02 1.699175e+02 3.808453e+01
      vertex   2.070000e+02 1.698660e+02 3.800000e+01
      vertex   2.070410e+02 1.698324e+02 3.831041e+01
    endloop
  endfacet
  facet normal -5.407082e-01 8.257119e-01 1.607312e-01
    outer loop
      vertex   2.070410e+02 1.698324e+02 3.831041e+01
      vertex   2.070000e+02 1.698660e+02 3.800000e+01
      vertex   2.068334e+02 1.697178e+02 3.820112e+01
    endloop
  endfacet
  facet normal -5.901245e-01 7.197061e-01 3.657544e-01
    outer loop
      vertex   2.070410e+02 1.698324e+02 3.831041e+01
      vertex   2.068334e+02 1.697178e+02 3.820112e+01
      vertex   2.070046e+02 1.696967e+02 3.851888e+01
    endloop
  endfacet
  facet normal -5.901245e-01 7.197061e-01 3.657544e-01
    outer loop
      vertex   2.070046e+02 1.696967e+02 3.851888e+01
      vertex   2.068334e+02 1.697178e+02 3.820112e+01
      vertex   2.067974e+02 1.695834e+02 3.840746e+01
    endloop
  endfacet
  facet normal -6.085140e-01 5.611197e-01 5.611197e-01
    outer loop
      vertex   2.070046e+02 1.696967e+02 3.851888e+01
      vertex   2.067974e+02 1.695834e+02 3.840746e+01
      vertex   2.070046e+02 1.695189e+02 3.869666e+01
    endloop
  endfacet
  facet normal -6.085140e-01 5.611197e-01 5.611197e-01
    outer loop
      vertex   2.070046e+02 1.695189e+02 3.869666e+01
      vertex   2.067974e+02 1.695834e+02 3.840746e+01
      vertex   2.067974e+02 1.694075e+02 3.858343e+01
    endloop
  endfacet
  facet normal -5.901245e-01 3.657544e-01 7.197061e-01
    outer loop
      vertex   2.070046e+02 1.695189e+02 3.869666e+01
      vertex   2.067974e+02 1.694075e+02 3.858343e+01
      vertex   2.070410e+02 1.693104e+02 3.883242e+01
    endloop
  endfacet
  facet normal -5.901245e-01 3.657544e-01 7.197061e-01
    outer loop
      vertex   2.070410e+02 1.693104e+02 3.883242e+01
      vertex   2.067974e+02 1.694075e+02 3.858343e+01
      vertex   2.068334e+02 1.692011e+02 3.871780e+01
    endloop
  endfacet
  facet normal -5.407082e-01 1.607312e-01 8.257119e-01
    outer loop
      vertex   2.070410e+02 1.693104e+02 3.883242e+01
      vertex   2.068334e+02 1.692011e+02 3.871780e+01
      vertex   2.070000e+02 1.690000e+02 3.886603e+01
    endloop
  endfacet
  facet normal -6.067974e-01 8.026201e-02 7.907938e-01
    outer loop
      vertex   2.070000e+02 1.690000e+02 3.886603e+01
      vertex   2.068334e+02 1.692011e+02 3.871780e+01
      vertex   2.067929e+02 1.690000e+02 3.870711e+01
    endloop
  endfacet
  facet normal -7.476569e-01 1.159338e-01 6.538873e-01
    outer loop
      vertex   2.067929e+02 1.690000e+02 3.870711e+01
      vertex   2.068334e+02 1.692011e+02 3.871780e+01
      vertex   2.066713e+02 1.690781e+02 3.855426e+01
    endloop
  endfacet
  facet normal -7.926058e-01 -4.340169e-02 6.081878e-01
    outer loop
      vertex   2.067929e+02 1.690000e+02 3.870711e+01
      vertex   2.066713e+02 1.690781e+02 3.855426e+01
      vertex   2.066340e+02 1.690000e+02 3.850000e+01
    endloop
  endfacet
  facet normal -8.925984e-01 1.261909e-01 4.328324e-01
    outer loop
      vertex   2.066340e+02 1.690000e+02 3.850000e+01
      vertex   2.066713e+02 1.690781e+02 3.855426e+01
      vertex   2.066382e+02 1.692683e+02 3.843044e+01
    endloop
  endfacet
  facet normal -9.091026e-01 1.178222e-01 3.995626e-01
    outer loop
      vertex   2.066340e+02 1.690000e+02 3.850000e+01
      vertex   2.066382e+02 1.692683e+02 3.843044e+01
      vertex   2.065376e+02 1.691108e+02 3.824811e+01
    endloop
  endfacet
  facet normal -9.224889e-01 2.729599e-01 2.729599e-01
    outer loop
      vertex   2.065376e+02 1.691108e+02 3.824811e+01
      vertex   2.066382e+02 1.692683e+02 3.843044e+01
      vertex   2.065376e+02 1.692481e+02 3.811081e+01
    endloop
  endfacet
  facet normal -9.891881e-01 1.036987e-01 1.036987e-01
    outer loop
      vertex   2.065376e+02 1.691108e+02 3.824811e+01
      vertex   2.065376e+02 1.692481e+02 3.811081e+01
      vertex   2.065000e+02 1.690000e+02 3.800000e+01
    endloop
  endfacet
  facet normal -9.904691e-01 1.303977e-01 4.435481e-02
    outer loop
      vertex   2.065000e+02 1.690000e+02 3.800000e+01
      vertex   2.065376e+02 1.692481e+02 3.811081e+01
      vertex   2.065341e+02 1.692588e+02 3.800000e+01
    endloop
  endfacet
  facet normal -9.218370e-01 3.818374e-01 6.645835e-02
    outer loop
      vertex   2.065341e+02 1.692588e+02 3.800000e+01
      vertex   2.065376e+02 1.692481e+02 3.811081e+01
      vertex   2.066340e+02 1.695000e+02 3.800000e+01
    endloop
  endfacet
  facet normal -9.091026e-01 3.995626e-01 1.178222e-01
    outer loop
      vertex   2.066340e+02 1.695000e+02 3.800000e+01
      vertex   2.065376e+02 1.692481e+02 3.811081e+01
      vertex   2.066382e+02 1.694304e+02 3.826828e+01
    endloop
  endfacet
  facet normal -8.925984e-01 4.328324e-01 1.261909e-01
    outer loop
      vertex   2.066340e+02 1.695000e+02 3.800000e+01
      vertex   2.066382e+02 1.694304e+02 3.826828e+01
      vertex   2.066713e+02 1.695543e+02 3.807813e+01
    endloop
  endfacet
  facet normal -7.743828e-01 5.834139e-01 2.448663e-01
    outer loop
      vertex   2.066713e+02 1.695543e+02 3.807813e+01
      vertex   2.066382e+02 1.694304e+02 3.826828e+01
      vertex   2.067974e+02 1.695834e+02 3.840746e+01
    endloop
  endfacet
  facet normal -7.743828e-01 5.834139e-01 2.448663e-01
    outer loop
      vertex   2.066713e+02 1.695543e+02 3.807813e+01
      vertex   2.067974e+02 1.695834e+02 3.840746e+01
      vertex   2.068334e+02 1.697178e+02 3.820112e+01
    endloop
  endfacet
  facet normal -6.067974e-01 7.907938e-01 8.026201e-02
    outer loop
      vertex   2.070000e+02 1.698660e+02 3.800000e+01
      vertex   2.067929e+02 1.697071e+02 3.800000e+01
      vertex   2.068334e+02 1.697178e+02 3.820112e+01
    endloop
  endfacet
  facet normal -7.476569e-01 6.538873e-01 1.159338e-01
    outer loop
      vertex   2.068334e+02 1.697178e+02 3.820112e+01
      vertex   2.067929e+02 1.697071e+02 3.800000e+01
      vertex   2.066713e+02 1.695543e+02 3.807813e+01
    endloop
  endfacet
  facet normal -7.926058e-01 6.081878e-01 -4.340169e-02
    outer loop
      vertex   2.067929e+02 1.697071e+02 3.800000e+01
      vertex   2.066340e+02 1.695000e+02 3.800000e+01
      vertex   2.066713e+02 1.695543e+02 3.807813e+01
    endloop
  endfacet
  facet normal -9.904691e-01 4.435481e-02 1.303977e-01
    outer loop
      vertex   2.065000e+02 1.690000e+02 3.800000e+01
      vertex   2.065341e+02 1.690000e+02 3.825882e+01
      vertex   2.065376e+02 1.691108e+02 3.824811e+01
    endloop
  endfacet
  facet normal -9.218370e-01 6.645835e-02 3.818374e-01
    outer loop
      vertex   2.065376e+02 1.691108e+02 3.824811e+01
      vertex   2.065341e+02 1.690000e+02 3.825882e+01
      vertex   2.066340e+02 1.690000e+02 3.850000e+01
    endloop
  endfacet
  facet normal -5.110938e-01 1.588805e-01 8.447130e-01
    outer loop
      vertex   2.070410e+02 1.693104e+02 3.883242e+01
      vertex   2.070000e+02 1.690000e+02 3.886603e+01
      vertex   2.071114e+02 1.690845e+02 3.891750e+01
    endloop
  endfacet
  facet normal -3.820305e-01 -5.839280e-02 9.223031e-01
    outer loop
      vertex   2.071114e+02 1.690845e+02 3.891750e+01
      vertex   2.070000e+02 1.690000e+02 3.886603e+01
      vertex   2.072412e+02 1.690000e+02 3.896593e+01
    endloop
  endfacet
  facet normal -2.711922e-01 1.298391e-01 9.537278e-01
    outer loop
      vertex   2.071114e+02 1.690845e+02 3.891750e+01
      vertex   2.072412e+02 1.690000e+02 3.896593e+01
      vertex   2.073461e+02 1.691857e+02 3.897047e+01
    endloop
  endfacet
  facet normal -3.135991e-01 2.475550e-01 9.167181e-01
    outer loop
      vertex   2.070410e+02 1.693104e+02 3.883242e+01
      vertex   2.071114e+02 1.690845e+02 3.891750e+01
      vertex   2.073461e+02 1.691857e+02 3.897047e+01
    endloop
  endfacet
  facet normal -3.663208e-01 4.620595e-01 8.076571e-01
    outer loop
      vertex   2.070046e+02 1.695189e+02 3.869666e+01
      vertex   2.070410e+02 1.693104e+02 3.883242e+01
      vertex   2.072798e+02 1.693985e+02 3.889032e+01
    endloop
  endfacet
  facet normal -3.135991e-01 2.475550e-01 9.167181e-01
    outer loop
      vertex   2.072798e+02 1.693985e+02 3.889032e+01
      vertex   2.070410e+02 1.693104e+02 3.883242e+01
      vertex   2.073461e+02 1.691857e+02 3.897047e+01
    endloop
  endfacet
  facet normal -7.743828e-01 2.448663e-01 5.834139e-01
    outer loop
      vertex   2.066382e+02 1.692683e+02 3.843044e+01
      vertex   2.066713e+02 1.690781e+02 3.855426e+01
      vertex   2.068334e+02 1.692011e+02 3.871780e+01
    endloop
  endfacet
  facet normal -7.743828e-01 2.448663e-01 5.834139e-01
    outer loop
      vertex   2.066382e+02 1.692683e+02 3.843044e+01
      vertex   2.068334e+02 1.692011e+02 3.871780e+01
      vertex   2.067974e+02 1.694075e+02 3.858343e+01
    endloop
  endfacet
  facet normal -3.842763e-01 6.528138e-01 6.528138e-01
    outer loop
      vertex   2.070046e+02 1.696967e+02 3.851888e+01
      vertex   2.070046e+02 1.695189e+02 3.869666e+01
      vertex   2.072455e+02 1.695949e+02 3.876242e+01
    endloop
  endfacet
  facet normal -3.663208e-01 4.620595e-01 8.076571e-01
    outer loop
      vertex   2.072455e+02 1.695949e+02 3.876242e+01
      vertex   2.070046e+02 1.695189e+02 3.869666e+01
      vertex   2.072798e+02 1.693985e+02 3.889032e+01
    endloop
  endfacet
  facet normal -7.919720e-01 4.317293e-01 4.317293e-01
    outer loop
      vertex   2.067974e+02 1.695834e+02 3.840746e+01
      vertex   2.066382e+02 1.694304e+02 3.826828e+01
      vertex   2.067974e+02 1.694075e+02 3.858343e+01
    endloop
  endfacet
  facet normal -7.919720e-01 4.317293e-01 4.317293e-01
    outer loop
      vertex   2.067974e+02 1.694075e+02 3.858343e+01
      vertex   2.066382e+02 1.694304e+02 3.826828e+01
      vertex   2.066382e+02 1.692683e+02 3.843044e+01
    endloop
  endfacet
  facet normal -9.224889e-01 2.729599e-01 2.729599e-01
    outer loop
      vertex   2.066382e+02 1.694304e+02 3.826828e+01
      vertex   2.065376e+02 1.692481e+02 3.811081e+01
      vertex   2.066382e+02 1.692683e+02 3.843044e+01
    endloop
  endfacet
  facet normal -3.663208e-01 8.076571e-01 4.620595e-01
    outer loop
      vertex   2.070410e+02 1.698324e+02 3.831041e+01
      vertex   2.070046e+02 1.696967e+02 3.851888e+01
      vertex   2.072455e+02 1.697624e+02 3.859494e+01
    endloop
  endfacet
  facet normal -3.842763e-01 6.528138e-01 6.528138e-01
    outer loop
      vertex   2.072455e+02 1.697624e+02 3.859494e+01
      vertex   2.070046e+02 1.696967e+02 3.851888e+01
      vertex   2.072455e+02 1.695949e+02 3.876242e+01
    endloop
  endfacet
  facet normal -3.135991e-01 9.167181e-01 2.475550e-01
    outer loop
      vertex   2.071114e+02 1.699175e+02 3.808453e+01
      vertex   2.070410e+02 1.698324e+02 3.831041e+01
      vertex   2.072798e+02 1.698903e+02 3.839854e+01
    endloop
  endfacet
  facet normal -3.663208e-01 8.076571e-01 4.620595e-01
    outer loop
      vertex   2.072798e+02 1.698903e+02 3.839854e+01
      vertex   2.070410e+02 1.698324e+02 3.831041e+01
      vertex   2.072455e+02 1.697624e+02 3.859494e+01
    endloop
  endfacet
  facet normal -3.135991e-01 9.167181e-01 2.475550e-01
    outer loop
      vertex   2.073461e+02 1.699705e+02 3.818574e+01
      vertex   2.071114e+02 1.699175e+02 3.808453e+01
      vertex   2.072798e+02 1.698903e+02 3.839854e+01
    endloop
  endfacet
  facet normal 3.268886e-02 1.304564e-01 9.909150e-01
    outer loop
      vertex   2.905000e+02 1.692588e+02 3.896593e+01
      vertex   2.905000e+02 1.690000e+02 3.900000e+01
      vertex   2.906539e+02 1.691857e+02 3.897047e+01
    endloop
  endfacet
  facet normal 1.303668e-01 4.940940e-02 9.902339e-01
    outer loop
      vertex   2.906539e+02 1.691857e+02 3.897047e+01
      vertex   2.905000e+02 1.690000e+02 3.900000e+01
      vertex   2.907588e+02 1.690000e+02 3.896593e+01
    endloop
  endfacet
  facet normal 2.711922e-01 1.298391e-01 9.537278e-01
    outer loop
      vertex   2.906539e+02 1.691857e+02 3.897047e+01
      vertex   2.907588e+02 1.690000e+02 3.896593e+01
      vertex   2.908886e+02 1.690845e+02 3.891750e+01
    endloop
  endfacet
  facet normal 3.820305e-01 -5.839280e-02 9.223031e-01
    outer loop
      vertex   2.908886e+02 1.690845e+02 3.891750e+01
      vertex   2.907588e+02 1.690000e+02 3.896593e+01
      vertex   2.910000e+02 1.690000e+02 3.886603e+01
    endloop
  endfacet
  facet normal 5.110938e-01 1.588805e-01 8.447130e-01
    outer loop
      vertex   2.908886e+02 1.690845e+02 3.891750e+01
      vertex   2.910000e+02 1.690000e+02 3.886603e+01
      vertex   2.909590e+02 1.693104e+02 3.883242e+01
    endloop
  endfacet
  facet normal 5.407082e-01 1.607312e-01 8.257119e-01
    outer loop
      vertex   2.909590e+02 1.693104e+02 3.883242e+01
      vertex   2.910000e+02 1.690000e+02 3.886603e+01
      vertex   2.911666e+02 1.692011e+02 3.871780e+01
    endloop
  endfacet
  facet normal 5.901245e-01 3.657544e-01 7.197061e-01
    outer loop
      vertex   2.909590e+02 1.693104e+02 3.883242e+01
      vertex   2.911666e+02 1.692011e+02 3.871780e+01
      vertex   2.909954e+02 1.695189e+02 3.869666e+01
    endloop
  endfacet
  facet normal 5.901245e-01 3.657544e-01 7.197061e-01
    outer loop
      vertex   2.909954e+02 1.695189e+02 3.869666e+01
      vertex   2.911666e+02 1.692011e+02 3.871780e+01
      vertex   2.912026e+02 1.694075e+02 3.858343e+01
    endloop
  endfacet
  facet normal 6.085140e-01 5.611197e-01 5.611197e-01
    outer loop
      vertex   2.909954e+02 1.695189e+02 3.869666e+01
      vertex   2.912026e+02 1.694075e+02 3.858343e+01
      vertex   2.909954e+02 1.696967e+02 3.851888e+01
    endloop
  endfacet
  facet normal 6.085140e-01 5.611197e-01 5.611197e-01
    outer loop
      vertex   2.909954e+02 1.696967e+02 3.851888e+01
      vertex   2.912026e+02 1.694075e+02 3.858343e+01
      vertex   2.912026e+02 1.695834e+02 3.840746e+01
    endloop
  endfacet
  facet normal 5.901245e-01 7.197061e-01 3.657544e-01
    outer loop
      vertex   2.909954e+02 1.696967e+02 3.851888e+01
      vertex   2.912026e+02 1.695834e+02 3.840746e+01
      vertex   2.909590e+02 1.698324e+02 3.831041e+01
    endloop
  endfacet
  facet normal 5.901245e-01 7.197061e-01 3.657544e-01
    outer loop
      vertex   2.909590e+02 1.698324e+02 3.831041e+01
      vertex   2.912026e+02 1.695834e+02 3.840746e+01
      vertex   2.911666e+02 1.697178e+02 3.820112e+01
    endloop
  endfacet
  facet normal 5.407082e-01 8.257119e-01 1.607312e-01
    outer loop
      vertex   2.909590e+02 1.698324e+02 3.831041e+01
      vertex   2.911666e+02 1.697178e+02 3.820112e+01
      vertex   2.910000e+02 1.698660e+02 3.800000e+01
    endloop
  endfacet
  facet normal 6.067974e-01 7.907938e-01 8.026201e-02
    outer loop
      vertex   2.910000e+02 1.698660e+02 3.800000e+01
      vertex   2.911666e+02 1.697178e+02 3.820112e+01
      vertex   2.912071e+02 1.697071e+02 3.800000e+01
    endloop
  endfacet
  facet normal 7.476569e-01 6.538873e-01 1.159338e-01
    outer loop
      vertex   2.912071e+02 1.697071e+02 3.800000e+01
      vertex   2.911666e+02 1.697178e+02 3.820112e+01
      vertex   2.913287e+02 1.695543e+02 3.807813e+01
    endloop
  endfacet
  facet normal 7.926058e-01 6.081878e-01 -4.340169e-02
    outer loop
      vertex   2.912071e+02 1.697071e+02 3.800000e+01
      vertex   2.913287e+02 1.695543e+02 3.807813e+01
      vertex   2.913660e+02 1.695000e+02 3.800000e+01
    endloop
  endfacet
  facet normal 8.925984e-01 4.328324e-01 1.261909e-01
    outer loop
      vertex   2.913660e+02 1.695000e+02 3.800000e+01
      vertex   2.913287e+02 1.695543e+02 3.807813e+01
      vertex   2.913618e+02 1.694304e+02 3.826828e+01
    endloop
  endfacet
  facet normal 9.091026e-01 3.995626e-01 1.178222e-01
    outer loop
      vertex   2.913660e+02 1.695000e+02 3.800000e+01
      vertex   2.913618e+02 1.694304e+02 3.826828e+01
      vertex   2.914624e+02 1.692481e+02 3.811081e+01
    endloop
  endfacet
  facet normal 9.224889e-01 2.729599e-01 2.729599e-01
    outer loop
      vertex   2.914624e+02 1.692481e+02 3.811081e+01
      vertex   2.913618e+02 1.694304e+02 3.826828e+01
      vertex   2.914624e+02 1.691108e+02 3.824811e+01
    endloop
  endfacet
  facet normal 9.891881e-01 1.036987e-01 1.036987e-01
    outer loop
      vertex   2.914624e+02 1.692481e+02 3.811081e+01
      vertex   2.914624e+02 1.691108e+02 3.824811e+01
      vertex   2.915000e+02 1.690000e+02 3.800000e+01
    endloop
  endfacet
  facet normal 9.904691e-01 4.435481e-02 1.303977e-01
    outer loop
      vertex   2.915000e+02 1.690000e+02 3.800000e+01
      vertex   2.914624e+02 1.691108e+02 3.824811e+01
      vertex   2.914659e+02 1.690000e+02 3.825882e+01
    endloop
  endfacet
  facet normal 9.218370e-01 6.645835e-02 3.818374e-01
    outer loop
      vertex   2.914659e+02 1.690000e+02 3.825882e+01
      vertex   2.914624e+02 1.691108e+02 3.824811e+01
      vertex   2.913660e+02 1.690000e+02 3.850000e+01
    endloop
  endfacet
  facet normal 9.091026e-01 1.178222e-01 3.995626e-01
    outer loop
      vertex   2.913660e+02 1.690000e+02 3.850000e+01
      vertex   2.914624e+02 1.691108e+02 3.824811e+01
      vertex   2.913618e+02 1.692683e+02 3.843044e+01
    endloop
  endfacet
  facet normal 8.925984e-01 1.261909e-01 4.328324e-01
    outer loop
      vertex   2.913660e+02 1.690000e+02 3.850000e+01
      vertex   2.913618e+02 1.692683e+02 3.843044e+01
      vertex   2.913287e+02 1.690781e+02 3.855426e+01
    endloop
  endfacet
  facet normal 7.743828e-01 2.448663e-01 5.834139e-01
    outer loop
      vertex   2.913287e+02 1.690781e+02 3.855426e+01
      vertex   2.913618e+02 1.692683e+02 3.843044e+01
      vertex   2.912026e+02 1.694075e+02 3.858343e+01
    endloop
  endfacet
  facet normal 7.743828e-01 2.448663e-01 5.834139e-01
    outer loop
      vertex   2.913287e+02 1.690781e+02 3.855426e+01
      vertex   2.912026e+02 1.694075e+02 3.858343e+01
      vertex   2.911666e+02 1.692011e+02 3.871780e+01
    endloop
  endfacet
  facet normal 6.067974e-01 8.026201e-02 7.907938e-01
    outer loop
      vertex   2.910000e+02 1.690000e+02 3.886603e+01
      vertex   2.912071e+02 1.690000e+02 3.870711e+01
      vertex   2.911666e+02 1.692011e+02 3.871780e+01
    endloop
  endfacet
  facet normal 7.476569e-01 1.159338e-01 6.538873e-01
    outer loop
      vertex   2.911666e+02 1.692011e+02 3.871780e+01
      vertex   2.912071e+02 1.690000e+02 3.870711e+01
      vertex   2.913287e+02 1.690781e+02 3.855426e+01
    endloop
  endfacet
  facet normal 7.926058e-01 -4.340169e-02 6.081878e-01
    outer loop
      vertex   2.912071e+02 1.690000e+02 3.870711e+01
      vertex   2.913660e+02 1.690000e+02 3.850000e+01
      vertex   2.913287e+02 1.690781e+02 3.855426e+01
    endloop
  endfacet
  facet normal 9.904691e-01 1.303977e-01 4.435481e-02
    outer loop
      vertex   2.915000e+02 1.690000e+02 3.800000e+01
      vertex   2.914659e+02 1.692588e+02 3.800000e+01
      vertex   2.914624e+02 1.692481e+02 3.811081e+01
    endloop
  endfacet
  facet normal 9.218370e-01 3.818374e-01 6.645835e-02
    outer loop
      vertex   2.914624e+02 1.692481e+02 3.811081e+01
      vertex   2.914659e+02 1.692588e+02 3.800000e+01
      vertex   2.913660e+02 1.695000e+02 3.800000e+01
    endloop
  endfacet
  facet normal 5.110938e-01 8.447130e-01 1.588805e-01
    outer loop
      vertex   2.909590e+02 1.698324e+02 3.831041e+01
      vertex   2.910000e+02 1.698660e+02 3.800000e+01
      vertex   2.908886e+02 1.699175e+02 3.808453e+01
    endloop
  endfacet
  facet normal 3.820305e-01 9.223031e-01 -5.839280e-02
    outer loop
      vertex   2.908886e+02 1.699175e+02 3.808453e+01
      vertex   2.910000e+02 1.698660e+02 3.800000e+01
      vertex   2.907588e+02 1.699659e+02 3.800000e+01
    endloop
  endfacet
  facet normal 2.711922e-01 9.537278e-01 1.298391e-01
    outer loop
      vertex   2.908886e+02 1.699175e+02 3.808453e+01
      vertex   2.907588e+02 1.699659e+02 3.800000e+01
      vertex   2.906539e+02 1.699705e+02 3.818574e+01
    endloop
  endfacet
  facet normal 1.303668e-01 9.902339e-01 4.940940e-02
    outer loop
      vertex   2.906539e+02 1.699705e+02 3.818574e+01
      vertex   2.907588e+02 1.699659e+02 3.800000e+01
      vertex   2.905000e+02 1.700000e+02 3.800000e+01
    endloop
  endfacet
  facet normal 3.268886e-02 9.909150e-01 1.304564e-01
    outer loop
      vertex   2.906539e+02 1.699705e+02 3.818574e+01
      vertex   2.905000e+02 1.700000e+02 3.800000e+01
      vertex   2.905000e+02 1.699659e+02 3.825882e+01
    endloop
  endfacet
  facet normal 1.223638e-01 9.407634e-01 3.162140e-01
    outer loop
      vertex   2.906539e+02 1.699705e+02 3.818574e+01
      vertex   2.905000e+02 1.699659e+02 3.825882e+01
      vertex   2.907202e+02 1.698903e+02 3.839854e+01
    endloop
  endfacet
  facet normal 7.419375e-02 9.213332e-01 3.816287e-01
    outer loop
      vertex   2.907202e+02 1.698903e+02 3.839854e+01
      vertex   2.905000e+02 1.699659e+02 3.825882e+01
      vertex   2.905000e+02 1.698660e+02 3.850000e+01
    endloop
  endfacet
  facet normal 1.475718e-01 8.403810e-01 5.215192e-01
    outer loop
      vertex   2.907202e+02 1.698903e+02 3.839854e+01
      vertex   2.905000e+02 1.698660e+02 3.850000e+01
      vertex   2.907545e+02 1.697624e+02 3.859494e+01
    endloop
  endfacet
  facet normal 9.544300e-02 7.897316e-01 6.059824e-01
    outer loop
      vertex   2.907545e+02 1.697624e+02 3.859494e+01
      vertex   2.905000e+02 1.698660e+02 3.850000e+01
      vertex   2.905000e+02 1.697071e+02 3.870711e+01
    endloop
  endfacet
  facet normal 1.560404e-01 6.984452e-01 6.984452e-01
    outer loop
      vertex   2.907545e+02 1.697624e+02 3.859494e+01
      vertex   2.905000e+02 1.697071e+02 3.870711e+01
      vertex   2.907545e+02 1.695949e+02 3.876242e+01
    endloop
  endfacet
  facet normal 9.544300e-02 6.059824e-01 7.897316e-01
    outer loop
      vertex   2.907545e+02 1.695949e+02 3.876242e+01
      vertex   2.905000e+02 1.697071e+02 3.870711e+01
      vertex   2.905000e+02 1.695000e+02 3.886603e+01
    endloop
  endfacet
  facet normal 1.475718e-01 5.215192e-01 8.403810e-01
    outer loop
      vertex   2.907545e+02 1.695949e+02 3.876242e+01
      vertex   2.905000e+02 1.695000e+02 3.886603e+01
      vertex   2.907202e+02 1.693985e+02 3.889032e+01
    endloop
  endfacet
  facet normal 7.419375e-02 3.816287e-01 9.213332e-01
    outer loop
      vertex   2.907202e+02 1.693985e+02 3.889032e+01
      vertex   2.905000e+02 1.695000e+02 3.886603e+01
      vertex   2.905000e+02 1.692588e+02 3.896593e+01
    endloop
  endfacet
  facet normal 1.223638e-01 3.162140e-01 9.407634e-01
    outer loop
      vertex   2.907202e+02 1.693985e+02 3.889032e+01
      vertex   2.905000e+02 1.692588e+02 3.896593e+01
      vertex   2.906539e+02 1.691857e+02 3.897047e+01
    endloop
  endfacet
  facet normal 3.135991e-01 2.475550e-01 9.167181e-01
    outer loop
      vertex   2.907202e+02 1.693985e+02 3.889032e+01
      vertex   2.906539e+02 1.691857e+02 3.897047e+01
      vertex   2.908886e+02 1.690845e+02 3.891750e+01
    endloop
  endfacet
  facet normal 3.663208e-01 4.620595e-01 8.076571e-01
    outer loop
      vertex   2.907545e+02 1.695949e+02 3.876242e+01
      vertex   2.907202e+02 1.693985e+02 3.889032e+01
      vertex   2.909590e+02 1.693104e+02 3.883242e+01
    endloop
  endfacet
  facet normal 3.135991e-01 2.475550e-01 9.167181e-01
    outer loop
      vertex   2.909590e+02 1.693104e+02 3.883242e+01
      vertex   2.907202e+02 1.693985e+02 3.889032e+01
      vertex   2.908886e+02 1.690845e+02 3.891750e+01
    endloop
  endfacet
  facet normal 3.663208e-01 4.620595e-01 8.076571e-01
    outer loop
      vertex   2.907545e+02 1.695949e+02 3.876242e+01
      vertex   2.909590e+02 1.693104e+02 3.883242e+01
      vertex   2.909954e+02 1.695189e+02 3.869666e+01
    endloop
  endfacet
  facet normal 7.919720e-01 4.317293e-01 4.317293e-01
    outer loop
      vertex   2.912026e+02 1.695834e+02 3.840746e+01
      vertex   2.912026e+02 1.694075e+02 3.858343e+01
      vertex   2.913618e+02 1.692683e+02 3.843044e+01
    endloop
  endfacet
  facet normal 7.919720e-01 4.317293e-01 4.317293e-01
    outer loop
      vertex   2.912026e+02 1.695834e+02 3.840746e+01
      vertex   2.913618e+02 1.692683e+02 3.843044e+01
      vertex   2.913618e+02 1.694304e+02 3.826828e+01
    endloop
  endfacet
  facet normal 9.224889e-01 2.729599e-01 2.729599e-01
    outer loop
      vertex   2.913618e+02 1.694304e+02 3.826828e+01
      vertex   2.913618e+02 1.692683e+02 3.843044e+01
      vertex   2.914624e+02 1.691108e+02 3.824811e+01
    endloop
  endfacet
  facet normal 3.842763e-01 6.528138e-01 6.528138e-01
    outer loop
      vertex   2.907545e+02 1.697624e+02 3.859494e+01
      vertex   2.907545e+02 1.695949e+02 3.876242e+01
      vertex   2.909954e+02 1.695189e+02 3.869666e+01
    endloop
  endfacet
  facet normal 3.842763e-01 6.528138e-01 6.528138e-01
    outer loop
      vertex   2.907545e+02 1.697624e+02 3.859494e+01
      vertex   2.909954e+02 1.695189e+02 3.869666e+01
      vertex   2.909954e+02 1.696967e+02 3.851888e+01
    endloop
  endfacet
  facet normal 7.743828e-01 5.834139e-01 2.448663e-01
    outer loop
      vertex   2.911666e+02 1.697178e+02 3.820112e+01
      vertex   2.912026e+02 1.695834e+02 3.840746e+01
      vertex   2.913618e+02 1.694304e+02 3.826828e+01
    endloop
  endfacet
  facet normal 7.743828e-01 5.834139e-01 2.448663e-01
    outer loop
      vertex   2.913287e+02 1.695543e+02 3.807813e+01
      vertex   2.911666e+02 1.697178e+02 3.820112e+01
      vertex   2.913618e+02 1.694304e+02 3.826828e+01
    endloop
  endfacet
  facet normal 3.663208e-01 8.076571e-01 4.620595e-01
    outer loop
      vertex   2.907202e+02 1.698903e+02 3.839854e+01
      vertex   2.907545e+02 1.697624e+02 3.859494e+01
      vertex   2.909954e+02 1.696967e+02 3.851888e+01
    endloop
  endfacet
  facet normal 3.663208e-01 8.076571e-01 4.620595e-01
    outer loop
      vertex   2.907202e+02 1.698903e+02 3.839854e+01
      vertex   2.909954e+02 1.696967e+02 3.851888e+01
      vertex   2.909590e+02 1.698324e+02 3.831041e+01
    endloop
  endfacet
  facet normal 3.135991e-01 9.167181e-01 2.475550e-01
    outer loop
      vertex   2.906539e+02 1.699705e+02 3.818574e+01
      vertex   2.907202e+02 1.698903e+02 3.839854e+01
      vertex   2.909590e+02 1.698324e+02 3.831041e+01
    endloop
  endfacet
  facet normal 3.135991e-01 9.167181e-01 2.475550e-01
    outer loop
      vertex   2.908886e+02 1.699175e+02 3.808453e+01
      vertex   2.906539e+02 1.699705e+02 3.818574e+01
      vertex   2.909590e+02 1.698324e+02 3.831041e+01
    endloop
  endfacet
  facet normal -1.305262e-01 -9.914449e-01 -0.000000e+00
    outer loop
      vertex   2.072412e+02 1.030341e+02 3.800000e+01
      vertex   2.072412e+02 1.030341e+02 3.366667e+01
      vertex   2.075000e+02 1.030000e+02 3.800000e+01
    endloop
  endfacet
  facet normal -1.305262e-01 -9.914449e-01 -1.711373e-15
    outer loop
      vertex   2.075000e+02 1.030000e+02 3.800000e+01
      vertex   2.072412e+02 1.030341e+02 3.366667e+01
      vertex   2.072412e+02 1.030341e+02 2.933333e+01
    endloop
  endfacet
  facet normal -1.305262e-01 -9.914449e-01 -0.000000e+00
    outer loop
      vertex   2.075000e+02 1.030000e+02 3.800000e+01
      vertex   2.072412e+02 1.030341e+02 2.933333e+01
      vertex   2.075000e+02 1.030000e+02 2.500000e+01
    endloop
  endfacet
  facet normal -1.305262e-01 -9.914449e-01 3.252529e-15
    outer loop
      vertex   2.075000e+02 1.030000e+02 2.500000e+01
      vertex   2.072412e+02 1.030341e+02 2.933333e+01
      vertex   2.072412e+02 1.030341e+02 2.500000e+01
    endloop
  endfacet
  facet normal -3.826834e-01 -9.238795e-01 3.029796e-15
    outer loop
      vertex   2.072412e+02 1.030341e+02 2.500000e+01
      vertex   2.072412e+02 1.030341e+02 2.933333e+01
      vertex   2.070000e+02 1.031340e+02 2.500000e+01
    endloop
  endfacet
  facet normal -3.826834e-01 -9.238795e-01 3.029796e-15
    outer loop
      vertex   2.070000e+02 1.031340e+02 2.500000e+01
      vertex   2.072412e+02 1.030341e+02 2.933333e+01
      vertex   2.070000e+02 1.031340e+02 2.933333e+01
    endloop
  endfacet
  facet normal -6.087614e-01 -7.933533e-01 2.601745e-15
    outer loop
      vertex   2.070000e+02 1.031340e+02 2.500000e+01
      vertex   2.070000e+02 1.031340e+02 2.933333e+01
      vertex   2.067929e+02 1.032929e+02 2.500000e+01
    endloop
  endfacet
  facet normal -6.087614e-01 -7.933533e-01 0.000000e+00
    outer loop
      vertex   2.067929e+02 1.032929e+02 2.500000e+01
      vertex   2.070000e+02 1.031340e+02 2.933333e+01
      vertex   2.067929e+02 1.032929e+02 2.933333e+01
    endloop
  endfacet
  facet normal -7.933533e-01 -6.087614e-01 0.000000e+00
    outer loop
      vertex   2.067929e+02 1.032929e+02 2.500000e+01
      vertex   2.067929e+02 1.032929e+02 2.933333e+01
      vertex   2.066340e+02 1.035000e+02 2.500000e+01
    endloop
  endfacet
  facet normal -7.933533e-01 -6.087614e-01 0.000000e+00
    outer loop
      vertex   2.066340e+02 1.035000e+02 2.500000e+01
      vertex   2.067929e+02 1.032929e+02 2.933333e+01
      vertex   2.066340e+02 1.035000e+02 2.933333e+01
    endloop
  endfacet
  facet normal -9.238795e-01 -3.826834e-01 0.000000e+00
    outer loop
      vertex   2.066340e+02 1.035000e+02 2.500000e+01
      vertex   2.066340e+02 1.035000e+02 2.933333e+01
      vertex   2.065341e+02 1.037412e+02 2.500000e+01
    endloop
  endfacet
  facet normal -9.238795e-01 -3.826834e-01 -1.211919e-14
    outer loop
      vertex   2.065341e+02 1.037412e+02 2.500000e+01
      vertex   2.066340e+02 1.035000e+02 2.933333e+01
      vertex   2.065341e+02 1.037412e+02 2.933333e+01
    endloop
  endfacet
  facet normal -9.914449e-01 -1.305262e-01 -1.300549e-14
    outer loop
      vertex   2.065341e+02 1.037412e+02 2.500000e+01
      vertex   2.065341e+02 1.037412e+02 2.933333e+01
      vertex   2.065000e+02 1.040000e+02 2.500000e+01
    endloop
  endfacet
  facet normal -9.914449e-01 -1.305262e-01 0.000000e+00
    outer loop
      vertex   2.065000e+02 1.040000e+02 2.500000e+01
      vertex   2.065341e+02 1.037412e+02 2.933333e+01
      vertex   2.065341e+02 1.037412e+02 3.366667e+01
    endloop
  endfacet
  facet normal -9.914449e-01 -1.305262e-01 0.000000e+00
    outer loop
      vertex   2.065000e+02 1.040000e+02 2.500000e+01
      vertex   2.065341e+02 1.037412e+02 3.366667e+01
      vertex   2.065000e+02 1.040000e+02 3.800000e+01
    endloop
  endfacet
  facet normal -9.914449e-01 -1.305262e-01 0.000000e+00
    outer loop
      vertex   2.065000e+02 1.040000e+02 3.800000e+01
      vertex   2.065341e+02 1.037412e+02 3.366667e+01
      vertex   2.065341e+02 1.037412e+02 3.800000e+01
    endloop
  endfacet
  facet normal -9.238795e-01 -3.826834e-01 -0.000000e+00
    outer loop
      vertex   2.065341e+02 1.037412e+02 3.800000e+01
      vertex   2.065341e+02 1.037412e+02 3.366667e+01
      vertex   2.066340e+02 1.035000e+02 3.800000e+01
    endloop
  endfacet
  facet normal -9.238795e-01 -3.826834e-01 -0.000000e+00
    outer loop
      vertex   2.066340e+02 1.035000e+02 3.800000e+01
      vertex   2.065341e+02 1.037412e+02 3.366667e+01
      vertex   2.066340e+02 1.035000e+02 3.366667e+01
    endloop
  endfacet
  facet normal -7.933533e-01 -6.087614e-01 -0.000000e+00
    outer loop
      vertex   2.066340e+02 1.035000e+02 3.800000e+01
      vertex   2.066340e+02 1.035000e+02 3.366667e+01
      vertex   2.067929e+02 1.032929e+02 3.800000e+01
    endloop
  endfacet
  facet normal -7.933533e-01 -6.087614e-01 -0.000000e+00
    outer loop
      vertex   2.067929e+02 1.032929e+02 3.800000e+01
      vertex   2.066340e+02 1.035000e+02 3.366667e+01
      vertex   2.067929e+02 1.032929e+02 3.366667e+01
    endloop
  endfacet
  facet normal -6.087614e-01 -7.933533e-01 -0.000000e+00
    outer loop
      vertex   2.067929e+02 1.032929e+02 3.800000e+01
      vertex   2.067929e+02 1.032929e+02 3.366667e+01
      vertex   2.070000e+02 1.031340e+02 3.800000e+01
    endloop
  endfacet
  facet normal -6.087614e-01 -7.933533e-01 2.601745e-15
    outer loop
      vertex   2.070000e+02 1.031340e+02 3.800000e+01
      vertex   2.067929e+02 1.032929e+02 3.366667e+01
      vertex   2.070000e+02 1.031340e+02 3.366667e+01
    endloop
  endfacet
  facet normal -3.826834e-01 -9.238795e-01 3.029796e-15
    outer loop
      vertex   2.070000e+02 1.031340e+02 3.800000e+01
      vertex   2.070000e+02 1.031340e+02 3.366667e+01
      vertex   2.072412e+02 1.030341e+02 3.800000e+01
    endloop
  endfacet
  facet normal -3.826834e-01 -9.238795e-01 -0.000000e+00
    outer loop
      vertex   2.072412e+02 1.030341e+02 3.800000e+01
      vertex   2.070000e+02 1.031340e+02 3.366667e+01
      vertex   2.072412e+02 1.030341e+02 3.366667e+01
    endloop
  endfacet
  facet normal -3.826834e-01 -9.238795e-01 -5.017574e-15
    outer loop
      vertex   2.070000e+02 1.031340e+02 2.933333e+01
      vertex   2.072412e+02 1.030341e+02 2.933333e+01
      vertex   2.072412e+02 1.030341e+02 3.366667e+01
    endloop
  endfacet
  facet normal -3.826834e-01 -9.238795e-01 -5.198309e-16
    outer loop
      vertex   2.070000e+02 1.031340e+02 2.933333e+01
      vertex   2.072412e+02 1.030341e+02 3.366667e+01
      vertex   2.070000e+02 1.031340e+02 3.366667e+01
    endloop
  endfacet
  facet normal -6.087614e-01 -7.933533e-01 1.386274e-15
    outer loop
      vertex   2.067929e+02 1.032929e+02 2.933333e+01
      vertex   2.070000e+02 1.031340e+02 2.933333e+01
      vertex   2.070000e+02 1.031340e+02 3.366667e+01
    endloop
  endfacet
  facet normal -6.087614e-01 -7.933533e-01 0.000000e+00
    outer loop
      vertex   2.067929e+02 1.032929e+02 2.933333e+01
      vertex   2.070000e+02 1.031340e+02 3.366667e+01
      vertex   2.067929e+02 1.032929e+02 3.366667e+01
    endloop
  endfacet
  facet normal -7.933533e-01 -6.087614e-01 0.000000e+00
    outer loop
      vertex   2.066340e+02 1.035000e+02 2.933333e+01
      vertex   2.067929e+02 1.032929e+02 2.933333e+01
      vertex   2.067929e+02 1.032929e+02 3.366667e+01
    endloop
  endfacet
  facet normal -7.933533e-01 -6.087614e-01 0.000000e+00
    outer loop
      vertex   2.066340e+02 1.035000e+02 2.933333e+01
      vertex   2.067929e+02 1.032929e+02 3.366667e+01
      vertex   2.066340e+02 1.035000e+02 3.366667e+01
    endloop
  endfacet
  facet normal -9.238795e-01 -3.826834e-01 0.000000e+00
    outer loop
      vertex   2.065341e+02 1.037412e+02 2.933333e+01
      vertex   2.066340e+02 1.035000e+02 2.933333e+01
      vertex   2.066340e+02 1.035000e+02 3.366667e+01
    endloop
  endfacet
  facet normal -9.238795e-01 -3.826834e-01 0.000000e+00
    outer loop
      vertex   2.065341e+02 1.037412e+02 2.933333e+01
      vertex   2.066340e+02 1.035000e+02 3.366667e+01
      vertex   2.065341e+02 1.037412e+02 3.366667e+01
    endloop
  endfacet
  facet normal -1.000000e+00 0.000000e+00 0.000000e+00
    outer loop
      vertex   2.065000e+02 1.040000e+02 3.800000e+01
      vertex   2.065000e+02 1.690000e+02 3.800000e+01
      vertex   2.065000e+02 1.040000e+02 2.500000e+01
    endloop
  endfacet
  facet normal -1.000000e+00 0.000000e+00 0.000000e+00
    outer loop
      vertex   2.065000e+02 1.040000e+02 2.500000e+01
      vertex   2.065000e+02 1.690000e+02 3.800000e+01
      vertex   2.065000e+02 1.690000e+02 2.500000e+01
    endloop
  endfacet
  facet normal -9.914449e-01 1.305262e-01 1.300549e-14
    outer loop
      vertex   2.065341e+02 1.692588e+02 3.800000e+01
      vertex   2.065341e+02 1.692588e+02 3.366667e+01
      vertex   2.065000e+02 1.690000e+02 3.800000e+01
    endloop
  endfacet
  facet normal -9.914449e-01 1.305262e-01 -8.556865e-16
    outer loop
      vertex   2.065000e+02 1.690000e+02 3.800000e+01
      vertex   2.065341e+02 1.692588e+02 3.366667e+01
      vertex   2.065341e+02 1.692588e+02 2.933333e+01
    endloop
  endfacet
  facet normal -9.914449e-01 1.305262e-01 0.000000e+00
    outer loop
      vertex   2.065000e+02 1.690000e+02 3.800000e+01
      vertex   2.065341e+02 1.692588e+02 2.933333e+01
      vertex   2.065000e+02 1.690000e+02 2.500000e+01
    endloop
  endfacet
  facet normal -9.914449e-01 1.305262e-01 0.000000e+00
    outer loop
      vertex   2.065000e+02 1.690000e+02 2.500000e+01
      vertex   2.065341e+02 1.692588e+02 2.933333e+01
      vertex   2.065341e+02 1.692588e+02 2.500000e+01
    endloop
  endfacet
  facet normal -9.238795e-01 3.826834e-01 0.000000e+00
    outer loop
      vertex   2.065341e+02 1.692588e+02 2.500000e+01
      vertex   2.065341e+02 1.692588e+02 2.933333e+01
      vertex   2.066340e+02 1.695000e+02 2.500000e+01
    endloop
  endfacet
  facet normal -9.238795e-01 3.826834e-01 0.000000e+00
    outer loop
      vertex   2.066340e+02 1.695000e+02 2.500000e+01
      vertex   2.065341e+02 1.692588e+02 2.933333e+01
      vertex   2.066340e+02 1.695000e+02 2.933333e+01
    endloop
  endfacet
  facet normal -7.933533e-01 6.087614e-01 0.000000e+00
    outer loop
      vertex   2.066340e+02 1.695000e+02 2.500000e+01
      vertex   2.066340e+02 1.695000e+02 2.933333e+01
      vertex   2.067929e+02 1.697071e+02 2.500000e+01
    endloop
  endfacet
  facet normal -7.933533e-01 6.087614e-01 0.000000e+00
    outer loop
      vertex   2.067929e+02 1.697071e+02 2.500000e+01
      vertex   2.066340e+02 1.695000e+02 2.933333e+01
      vertex   2.067929e+02 1.697071e+02 2.933333e+01
    endloop
  endfacet
  facet normal -6.087614e-01 7.933533e-01 0.000000e+00
    outer loop
      vertex   2.067929e+02 1.697071e+02 2.500000e+01
      vertex   2.067929e+02 1.697071e+02 2.933333e+01
      vertex   2.070000e+02 1.698660e+02 2.500000e+01
    endloop
  endfacet
  facet normal -6.087614e-01 7.933533e-01 0.000000e+00
    outer loop
      vertex   2.070000e+02 1.698660e+02 2.500000e+01
      vertex   2.067929e+02 1.697071e+02 2.933333e+01
      vertex   2.070000e+02 1.698660e+02 2.933333e+01
    endloop
  endfacet
  facet normal -3.826834e-01 9.238795e-01 0.000000e+00
    outer loop
      vertex   2.070000e+02 1.698660e+02 2.500000e+01
      vertex   2.070000e+02 1.698660e+02 2.933333e+01
      vertex   2.072412e+02 1.699659e+02 2.500000e+01
    endloop
  endfacet
  facet normal -3.826834e-01 9.238795e-01 0.000000e+00
    outer loop
      vertex   2.072412e+02 1.699659e+02 2.500000e+01
      vertex   2.070000e+02 1.698660e+02 2.933333e+01
      vertex   2.072412e+02 1.699659e+02 2.933333e+01
    endloop
  endfacet
  facet normal -1.305262e-01 9.914449e-01 0.000000e+00
    outer loop
      vertex   2.072412e+02 1.699659e+02 2.500000e+01
      vertex   2.072412e+02 1.699659e+02 2.933333e+01
      vertex   2.075000e+02 1.700000e+02 2.500000e+01
    endloop
  endfacet
  facet normal -1.305262e-01 9.914449e-01 0.000000e+00
    outer loop
      vertex   2.075000e+02 1.700000e+02 2.500000e+01
      vertex   2.072412e+02 1.699659e+02 2.933333e+01
      vertex   2.072412e+02 1.699659e+02 3.366667e+01
    endloop
  endfacet
  facet normal -1.305262e-01 9.914449e-01 0.000000e+00
    outer loop
      vertex   2.075000e+02 1.700000e+02 2.500000e+01
      vertex   2.072412e+02 1.699659e+02 3.366667e+01
      vertex   2.075000e+02 1.700000e+02 3.800000e+01
    endloop
  endfacet
  facet normal -1.305262e-01 9.914449e-01 0.000000e+00
    outer loop
      vertex   2.075000e+02 1.700000e+02 3.800000e+01
      vertex   2.072412e+02 1.699659e+02 3.366667e+01
      vertex   2.072412e+02 1.699659e+02 3.800000e+01
    endloop
  endfacet
  facet normal -3.826834e-01 9.238795e-01 0.000000e+00
    outer loop
      vertex   2.072412e+02 1.699659e+02 3.800000e+01
      vertex   2.072412e+02 1.699659e+02 3.366667e+01
      vertex   2.070000e+02 1.698660e+02 3.800000e+01
    endloop
  endfacet
  facet normal -3.826834e-01 9.238795e-01 0.000000e+00
    outer loop
      vertex   2.070000e+02 1.698660e+02 3.800000e+01
      vertex   2.072412e+02 1.699659e+02 3.366667e+01
      vertex   2.070000e+02 1.698660e+02 3.366667e+01
    endloop
  endfacet
  facet normal -6.087614e-01 7.933533e-01 0.000000e+00
    outer loop
      vertex   2.070000e+02 1.698660e+02 3.800000e+01
      vertex   2.070000e+02 1.698660e+02 3.366667e+01
      vertex   2.067929e+02 1.697071e+02 3.800000e+01
    endloop
  endfacet
  facet normal -6.087614e-01 7.933533e-01 0.000000e+00
    outer loop
      vertex   2.067929e+02 1.697071e+02 3.800000e+01
      vertex   2.070000e+02 1.698660e+02 3.366667e+01
      vertex   2.067929e+02 1.697071e+02 3.366667e+01
    endloop
  endfacet
  facet normal -7.933533e-01 6.087614e-01 0.000000e+00
    outer loop
      vertex   2.067929e+02 1.697071e+02 3.800000e+01
      vertex   2.067929e+02 1.697071e+02 3.366667e+01
      vertex   2.066340e+02 1.695000e+02 3.800000e+01
    endloop
  endfacet
  facet normal -7.933533e-01 6.087614e-01 0.000000e+00
    outer loop
      vertex   2.066340e+02 1.695000e+02 3.800000e+01
      vertex   2.067929e+02 1.697071e+02 3.366667e+01
      vertex   2.066340e+02 1.695000e+02 3.366667e+01
    endloop
  endfacet
  facet normal -9.238795e-01 3.826834e-01 0.000000e+00
    outer loop
      vertex   2.066340e+02 1.695000e+02 3.800000e+01
      vertex   2.066340e+02 1.695000e+02 3.366667e+01
      vertex   2.065341e+02 1.692588e+02 3.800000e+01
    endloop
  endfacet
  facet normal -9.238795e-01 3.826834e-01 1.211919e-14
    outer loop
      vertex   2.065341e+02 1.692588e+02 3.800000e+01
      vertex   2.066340e+02 1.695000e+02 3.366667e+01
      vertex   2.065341e+02 1.692588e+02 3.366667e+01
    endloop
  endfacet
  facet normal -9.238795e-01 3.826834e-01 -2.508787e-15
    outer loop
      vertex   2.066340e+02 1.695000e+02 2.933333e+01
      vertex   2.065341e+02 1.692588e+02 2.933333e+01
      vertex   2.065341e+02 1.692588e+02 3.366667e+01
    endloop
  endfacet
  facet normal -9.238795e-01 3.826834e-01 0.000000e+00
    outer loop
      vertex   2.066340e+02 1.695000e+02 2.933333e+01
      vertex   2.065341e+02 1.692588e+02 3.366667e+01
      vertex   2.066340e+02 1.695000e+02 3.366667e+01
    endloop
  endfacet
  facet normal -7.933533e-01 6.087614e-01 0.000000e+00
    outer loop
      vertex   2.067929e+02 1.697071e+02 2.933333e+01
      vertex   2.066340e+02 1.695000e+02 2.933333e+01
      vertex   2.066340e+02 1.695000e+02 3.366667e+01
    endloop
  endfacet
  facet normal -7.933533e-01 6.087614e-01 0.000000e+00
    outer loop
      vertex   2.067929e+02 1.697071e+02 2.933333e+01
      vertex   2.066340e+02 1.695000e+02 3.366667e+01
      vertex   2.067929e+02 1.697071e+02 3.366667e+01
    endloop
  endfacet
  facet normal -6.087614e-01 7.933533e-01 0.000000e+00
    outer loop
      vertex   2.070000e+02 1.698660e+02 2.933333e+01
      vertex   2.067929e+02 1.697071e+02 2.933333e+01
      vertex   2.067929e+02 1.697071e+02 3.366667e+01
    endloop
  endfacet
  facet normal -6.087614e-01 7.933533e-01 0.000000e+00
    outer loop
      vertex   2.070000e+02 1.698660e+02 2.933333e+01
      vertex   2.067929e+02 1.697071e+02 3.366667e+01
      vertex   2.070000e+02 1.698660e+02 3.366667e+01
    endloop
  endfacet
  facet normal -3.826834e-01 9.238795e-01 0.000000e+00
    outer loop
      vertex   2.072412e+02 1.699659e+02 2.933333e+01
      vertex   2.070000e+02 1.698660e+02 2.933333e+01
      vertex   2.070000e+02 1.698660e+02 3.366667e+01
    endloop
  endfacet
  facet normal -3.826834e-01 9.238795e-01 0.000000e+00
    outer loop
      vertex   2.072412e+02 1.699659e+02 2.933333e+01
      vertex   2.070000e+02 1.698660e+02 3.366667e+01
      vertex   2.072412e+02 1.699659e+02 3.366667e+01
    endloop
  endfacet
  facet normal 0.000000e+00 1.000000e+00 0.000000e+00
    outer loop
      vertex   2.905000e+02 1.700000e+02 3.800000e+01
      vertex   2.393750e+02 1.700000e+02 3.650000e+01
      vertex   2.075000e+02 1.700000e+02 3.800000e+01
    endloop
  endfacet
  facet normal 0.000000e+00 1.000000e+00 0.000000e+00
    outer loop
      vertex   2.075000e+02 1.700000e+02 3.800000e+01
      vertex   2.393750e+02 1.700000e+02 3.650000e+01
      vertex   2.193750e+02 1.700000e+02 3.650000e+01
    endloop
  endfacet
  facet normal 0.000000e+00 1.000000e+00 0.000000e+00
    outer loop
      vertex   2.075000e+02 1.700000e+02 3.800000e+01
      vertex   2.193750e+02 1.700000e+02 3.650000e+01
      vertex   2.185146e+02 1.700000e+02 3.643229e+01
    endloop
  endfacet
  facet normal 0.000000e+00 1.000000e+00 -0.000000e+00
    outer loop
      vertex   2.905000e+02 1.700000e+02 2.500000e+01
      vertex   2.848750e+02 1.700000e+02 3.100000e+01
      vertex   2.905000e+02 1.700000e+02 3.800000e+01
    endloop
  endfacet
  facet normal 0.000000e+00 1.000000e+00 0.000000e+00
    outer loop
      vertex   2.905000e+02 1.700000e+02 3.800000e+01
      vertex   2.848750e+02 1.700000e+02 3.100000e+01
      vertex   2.848073e+02 1.700000e+02 3.186039e+01
    endloop
  endfacet
  facet normal 0.000000e+00 1.000000e+00 0.000000e+00
    outer loop
      vertex   2.905000e+02 1.700000e+02 3.800000e+01
      vertex   2.848073e+02 1.700000e+02 3.186039e+01
      vertex   2.846058e+02 1.700000e+02 3.269959e+01
    endloop
  endfacet
  facet normal 0.000000e+00 1.000000e+00 0.000000e+00
    outer loop
      vertex   2.905000e+02 1.700000e+02 2.500000e+01
      vertex   2.848750e+02 1.700000e+02 2.500000e+01
      vertex   2.848750e+02 1.700000e+02 3.100000e+01
    endloop
  endfacet
  facet normal 0.000000e+00 1.000000e+00 -0.000000e+00
    outer loop
      vertex   2.846058e+02 1.700000e+02 3.269959e+01
      vertex   2.842755e+02 1.700000e+02 3.349695e+01
      vertex   2.905000e+02 1.700000e+02 3.800000e+01
    endloop
  endfacet
  facet normal 0.000000e+00 1.000000e+00 0.000000e+00
    outer loop
      vertex   2.905000e+02 1.700000e+02 3.800000e+01
      vertex   2.842755e+02 1.700000e+02 3.349695e+01
      vertex   2.838246e+02 1.700000e+02 3.423282e+01
    endloop
  endfacet
  facet normal 0.000000e+00 1.000000e+00 0.000000e+00
    outer loop
      vertex   2.905000e+02 1.700000e+02 3.800000e+01
      vertex   2.838246e+02 1.700000e+02 3.423282e+01
      vertex   2.832641e+02 1.700000e+02 3.488909e+01
    endloop
  endfacet
  facet normal 0.000000e+00 1.000000e+00 -0.000000e+00
    outer loop
      vertex   2.832641e+02 1.700000e+02 3.488909e+01
      vertex   2.826078e+02 1.700000e+02 3.544959e+01
      vertex   2.905000e+02 1.700000e+02 3.800000e+01
    endloop
  endfacet
  facet normal 0.000000e+00 1.000000e+00 0.000000e+00
    outer loop
      vertex   2.905000e+02 1.700000e+02 3.800000e+01
      vertex   2.826078e+02 1.700000e+02 3.544959e+01
      vertex   2.818719e+02 1.700000e+02 3.590054e+01
    endloop
  endfacet
  facet normal 0.000000e+00 1.000000e+00 0.000000e+00
    outer loop
      vertex   2.905000e+02 1.700000e+02 3.800000e+01
      vertex   2.818719e+02 1.700000e+02 3.590054e+01
      vertex   2.810746e+02 1.700000e+02 3.623081e+01
    endloop
  endfacet
  facet normal 0.000000e+00 1.000000e+00 -0.000000e+00
    outer loop
      vertex   2.810746e+02 1.700000e+02 3.623081e+01
      vertex   2.802354e+02 1.700000e+02 3.643229e+01
      vertex   2.905000e+02 1.700000e+02 3.800000e+01
    endloop
  endfacet
  facet normal 0.000000e+00 1.000000e+00 0.000000e+00
    outer loop
      vertex   2.905000e+02 1.700000e+02 3.800000e+01
      vertex   2.802354e+02 1.700000e+02 3.643229e+01
      vertex   2.793750e+02 1.700000e+02 3.650000e+01
    endloop
  endfacet
  facet normal 0.000000e+00 1.000000e+00 0.000000e+00
    outer loop
      vertex   2.905000e+02 1.700000e+02 3.800000e+01
      vertex   2.793750e+02 1.700000e+02 3.650000e+01
      vertex   2.593750e+02 1.700000e+02 3.650000e+01
    endloop
  endfacet
  facet normal -0.000000e+00 1.000000e+00 0.000000e+00
    outer loop
      vertex   2.593750e+02 1.700000e+02 3.650000e+01
      vertex   2.793750e+02 1.700000e+02 3.650000e+01
      vertex   2.602354e+02 1.700000e+02 3.643229e+01
    endloop
  endfacet
  facet normal 0.000000e+00 1.000000e+00 0.000000e+00
    outer loop
      vertex   2.602354e+02 1.700000e+02 3.643229e+01
      vertex   2.793750e+02 1.700000e+02 3.650000e+01
      vertex   2.785146e+02 1.700000e+02 3.643229e+01
    endloop
  endfacet
  facet normal -0.000000e+00 1.000000e+00 0.000000e+00
    outer loop
      vertex   2.602354e+02 1.700000e+02 3.643229e+01
      vertex   2.785146e+02 1.700000e+02 3.643229e+01
      vertex   2.610746e+02 1.700000e+02 3.623081e+01
    endloop
  endfacet
  facet normal 0.000000e+00 1.000000e+00 0.000000e+00
    outer loop
      vertex   2.610746e+02 1.700000e+02 3.623081e+01
      vertex   2.785146e+02 1.700000e+02 3.643229e+01
      vertex   2.776754e+02 1.700000e+02 3.623081e+01
    endloop
  endfacet
  facet normal -0.000000e+00 1.000000e+00 0.000000e+00
    outer loop
      vertex   2.610746e+02 1.700000e+02 3.623081e+01
      vertex   2.776754e+02 1.700000e+02 3.623081e+01
      vertex   2.618719e+02 1.700000e+02 3.590054e+01
    endloop
  endfacet
  facet normal 0.000000e+00 1.000000e+00 0.000000e+00
    outer loop
      vertex   2.618719e+02 1.700000e+02 3.590054e+01
      vertex   2.776754e+02 1.700000e+02 3.623081e+01
      vertex   2.768781e+02 1.700000e+02 3.590054e+01
    endloop
  endfacet
  facet normal -0.000000e+00 1.000000e+00 0.000000e+00
    outer loop
      vertex   2.618719e+02 1.700000e+02 3.590054e+01
      vertex   2.768781e+02 1.700000e+02 3.590054e+01
      vertex   2.626078e+02 1.700000e+02 3.544959e+01
    endloop
  endfacet
  facet normal 0.000000e+00 1.000000e+00 0.000000e+00
    outer loop
      vertex   2.626078e+02 1.700000e+02 3.544959e+01
      vertex   2.768781e+02 1.700000e+02 3.590054e+01
      vertex   2.761422e+02 1.700000e+02 3.544959e+01
    endloop
  endfacet
  facet normal -0.000000e+00 1.000000e+00 0.000000e+00
    outer loop
      vertex   2.626078e+02 1.700000e+02 3.544959e+01
      vertex   2.761422e+02 1.700000e+02 3.544959e+01
      vertex   2.632641e+02 1.700000e+02 3.488909e+01
    endloop
  endfacet
  facet normal 0.000000e+00 1.000000e+00 0.000000e+00
    outer loop
      vertex   2.632641e+02 1.700000e+02 3.488909e+01
      vertex   2.761422e+02 1.700000e+02 3.544959e+01
      vertex   2.754859e+02 1.700000e+02 3.488909e+01
    endloop
  endfacet
  facet normal -0.000000e+00 1.000000e+00 0.000000e+00
    outer loop
      vertex   2.632641e+02 1.700000e+02 3.488909e+01
      vertex   2.754859e+02 1.700000e+02 3.488909e+01
      vertex   2.638246e+02 1.700000e+02 3.423282e+01
    endloop
  endfacet
  facet normal 0.000000e+00 1.000000e+00 0.000000e+00
    outer loop
      vertex   2.638246e+02 1.700000e+02 3.423282e+01
      vertex   2.754859e+02 1.700000e+02 3.488909e+01
      vertex   2.749254e+02 1.700000e+02 3.423282e+01
    endloop
  endfacet
  facet normal -0.000000e+00 1.000000e+00 0.000000e+00
    outer loop
      vertex   2.638246e+02 1.700000e+02 3.423282e+01
      vertex   2.749254e+02 1.700000e+02 3.423282e+01
      vertex   2.642755e+02 1.700000e+02 3.349695e+01
    endloop
  endfacet
  facet normal 0.000000e+00 1.000000e+00 0.000000e+00
    outer loop
      vertex   2.642755e+02 1.700000e+02 3.349695e+01
      vertex   2.749254e+02 1.700000e+02 3.423282e+01
      vertex   2.744745e+02 1.700000e+02 3.349695e+01
    endloop
  endfacet
  facet normal -0.000000e+00 1.000000e+00 0.000000e+00
    outer loop
      vertex   2.642755e+02 1.700000e+02 3.349695e+01
      vertex   2.744745e+02 1.700000e+02 3.349695e+01
      vertex   2.646058e+02 1.700000e+02 3.269959e+01
    endloop
  endfacet
  facet normal 0.000000e+00 1.000000e+00 0.000000e+00
    outer loop
      vertex   2.646058e+02 1.700000e+02 3.269959e+01
      vertex   2.744745e+02 1.700000e+02 3.349695e+01
      vertex   2.741442e+02 1.700000e+02 3.269959e+01
    endloop
  endfacet
  facet normal -0.000000e+00 1.000000e+00 0.000000e+00
    outer loop
      vertex   2.646058e+02 1.700000e+02 3.269959e+01
      vertex   2.741442e+02 1.700000e+02 3.269959e+01
      vertex   2.648073e+02 1.700000e+02 3.186039e+01
    endloop
  endfacet
  facet normal 0.000000e+00 1.000000e+00 0.000000e+00
    outer loop
      vertex   2.648073e+02 1.700000e+02 3.186039e+01
      vertex   2.741442e+02 1.700000e+02 3.269959e+01
      vertex   2.739427e+02 1.700000e+02 3.186039e+01
    endloop
  endfacet
  facet normal -0.000000e+00 1.000000e+00 0.000000e+00
    outer loop
      vertex   2.648073e+02 1.700000e+02 3.186039e+01
      vertex   2.739427e+02 1.700000e+02 3.186039e+01
      vertex   2.648750e+02 1.700000e+02 3.100000e+01
    endloop
  endfacet
  facet normal 0.000000e+00 1.000000e+00 0.000000e+00
    outer loop
      vertex   2.648750e+02 1.700000e+02 3.100000e+01
      vertex   2.739427e+02 1.700000e+02 3.186039e+01
      vertex   2.738750e+02 1.700000e+02 3.100000e+01
    endloop
  endfacet
  facet normal -0.000000e+00 1.000000e+00 0.000000e+00
    outer loop
      vertex   2.648750e+02 1.700000e+02 3.100000e+01
      vertex   2.738750e+02 1.700000e+02 3.100000e+01
      vertex   2.648750e+02 1.700000e+02 2.500000e+01
    endloop
  endfacet
  facet normal 0.000000e+00 1.000000e+00 0.000000e+00
    outer loop
      vertex   2.648750e+02 1.700000e+02 2.500000e+01
      vertex   2.738750e+02 1.700000e+02 3.100000e+01
      vertex   2.738750e+02 1.700000e+02 2.500000e+01
    endloop
  endfacet
  facet normal 0.000000e+00 1.000000e+00 -0.000000e+00
    outer loop
      vertex   2.585146e+02 1.700000e+02 3.643229e+01
      vertex   2.402354e+02 1.700000e+02 3.643229e+01
      vertex   2.593750e+02 1.700000e+02 3.650000e+01
    endloop
  endfacet
  facet normal 0.000000e+00 1.000000e+00 0.000000e+00
    outer loop
      vertex   2.593750e+02 1.700000e+02 3.650000e+01
      vertex   2.402354e+02 1.700000e+02 3.643229e+01
      vertex   2.393750e+02 1.700000e+02 3.650000e+01
    endloop
  endfacet
  facet normal 0.000000e+00 1.000000e+00 -0.000000e+00
    outer loop
      vertex   2.593750e+02 1.700000e+02 3.650000e+01
      vertex   2.393750e+02 1.700000e+02 3.650000e+01
      vertex   2.905000e+02 1.700000e+02 3.800000e+01
    endloop
  endfacet
  facet normal -0.000000e+00 1.000000e+00 0.000000e+00
    outer loop
      vertex   2.402354e+02 1.700000e+02 3.643229e+01
      vertex   2.585146e+02 1.700000e+02 3.643229e+01
      vertex   2.410746e+02 1.700000e+02 3.623081e+01
    endloop
  endfacet
  facet normal 0.000000e+00 1.000000e+00 0.000000e+00
    outer loop
      vertex   2.410746e+02 1.700000e+02 3.623081e+01
      vertex   2.585146e+02 1.700000e+02 3.643229e+01
      vertex   2.576754e+02 1.700000e+02 3.623081e+01
    endloop
  endfacet
  facet normal -0.000000e+00 1.000000e+00 0.000000e+00
    outer loop
      vertex   2.410746e+02 1.700000e+02 3.623081e+01
      vertex   2.576754e+02 1.700000e+02 3.623081e+01
      vertex   2.418719e+02 1.700000e+02 3.590054e+01
    endloop
  endfacet
  facet normal 0.000000e+00 1.000000e+00 0.000000e+00
    outer loop
      vertex   2.418719e+02 1.700000e+02 3.590054e+01
      vertex   2.576754e+02 1.700000e+02 3.623081e+01
      vertex   2.568781e+02 1.700000e+02 3.590054e+01
    endloop
  endfacet
  facet normal -0.000000e+00 1.000000e+00 0.000000e+00
    outer loop
      vertex   2.418719e+02 1.700000e+02 3.590054e+01
      vertex   2.568781e+02 1.700000e+02 3.590054e+01
      vertex   2.426078e+02 1.700000e+02 3.544959e+01
    endloop
  endfacet
  facet normal 0.000000e+00 1.000000e+00 0.000000e+00
    outer loop
      vertex   2.426078e+02 1.700000e+02 3.544959e+01
      vertex   2.568781e+02 1.700000e+02 3.590054e+01
      vertex   2.561422e+02 1.700000e+02 3.544959e+01
    endloop
  endfacet
  facet normal -0.000000e+00 1.000000e+00 0.000000e+00
    outer loop
      vertex   2.426078e+02 1.700000e+02 3.544959e+01
      vertex   2.561422e+02 1.700000e+02 3.544959e+01
      vertex   2.432641e+02 1.700000e+02 3.488909e+01
    endloop
  endfacet
  facet normal 0.000000e+00 1.000000e+00 0.000000e+00
    outer loop
      vertex   2.432641e+02 1.700000e+02 3.488909e+01
      vertex   2.561422e+02 1.700000e+02 3.544959e+01
      vertex   2.554859e+02 1.700000e+02 3.488909e+01
    endloop
  endfacet
  facet normal -0.000000e+00 1.000000e+00 0.000000e+00
    outer loop
      vertex   2.432641e+02 1.700000e+02 3.488909e+01
      vertex   2.554859e+02 1.700000e+02 3.488909e+01
      vertex   2.438246e+02 1.700000e+02 3.423282e+01
    endloop
  endfacet
  facet normal 0.000000e+00 1.000000e+00 0.000000e+00
    outer loop
      vertex   2.438246e+02 1.700000e+02 3.423282e+01
      vertex   2.554859e+02 1.700000e+02 3.488909e+01
      vertex   2.549254e+02 1.700000e+02 3.423282e+01
    endloop
  endfacet
  facet normal -0.000000e+00 1.000000e+00 0.000000e+00
    outer loop
      vertex   2.438246e+02 1.700000e+02 3.423282e+01
      vertex   2.549254e+02 1.700000e+02 3.423282e+01
      vertex   2.442755e+02 1.700000e+02 3.349695e+01
    endloop
  endfacet
  facet normal 0.000000e+00 1.000000e+00 0.000000e+00
    outer loop
      vertex   2.442755e+02 1.700000e+02 3.349695e+01
      vertex   2.549254e+02 1.700000e+02 3.423282e+01
      vertex   2.544745e+02 1.700000e+02 3.349695e+01
    endloop
  endfacet
  facet normal -0.000000e+00 1.000000e+00 0.000000e+00
    outer loop
      vertex   2.442755e+02 1.700000e+02 3.349695e+01
      vertex   2.544745e+02 1.700000e+02 3.349695e+01
      vertex   2.446058e+02 1.700000e+02 3.269959e+01
    endloop
  endfacet
  facet normal 0.000000e+00 1.000000e+00 0.000000e+00
    outer loop
      vertex   2.446058e+02 1.700000e+02 3.269959e+01
      vertex   2.544745e+02 1.700000e+02 3.349695e+01
      vertex   2.541442e+02 1.700000e+02 3.269959e+01
    endloop
  endfacet
  facet normal -0.000000e+00 1.000000e+00 0.000000e+00
    outer loop
      vertex   2.446058e+02 1.700000e+02 3.269959e+01
      vertex   2.541442e+02 1.700000e+02 3.269959e+01
      vertex   2.448073e+02 1.700000e+02 3.186039e+01
    endloop
  endfacet
  facet normal 0.000000e+00 1.000000e+00 0.000000e+00
    outer loop
      vertex   2.448073e+02 1.700000e+02 3.186039e+01
      vertex   2.541442e+02 1.700000e+02 3.269959e+01
      vertex   2.539427e+02 1.700000e+02 3.186039e+01
    endloop
  endfacet
  facet normal -0.000000e+00 1.000000e+00 0.000000e+00
    outer loop
      vertex   2.448073e+02 1.700000e+02 3.186039e+01
      vertex   2.539427e+02 1.700000e+02 3.186039e+01
      vertex   2.448750e+02 1.700000e+02 3.100000e+01
    endloop
  endfacet
  facet normal 0.000000e+00 1.000000e+00 0.000000e+00
    outer loop
      vertex   2.448750e+02 1.700000e+02 3.100000e+01
      vertex   2.539427e+02 1.700000e+02 3.186039e+01
      vertex   2.538750e+02 1.700000e+02 3.100000e+01
    endloop
  endfacet
  facet normal -0.000000e+00 1.000000e+00 0.000000e+00
    outer loop
      vertex   2.448750e+02 1.700000e+02 3.100000e+01
      vertex   2.538750e+02 1.700000e+02 3.100000e+01
      vertex   2.448750e+02 1.700000e+02 2.500000e+01
    endloop
  endfacet
  facet normal 0.000000e+00 1.000000e+00 0.000000e+00
    outer loop
      vertex   2.448750e+02 1.700000e+02 2.500000e+01
      vertex   2.538750e+02 1.700000e+02 3.100000e+01
      vertex   2.538750e+02 1.700000e+02 2.500000e+01
    endloop
  endfacet
  facet normal -0.000000e+00 1.000000e+00 0.000000e+00
    outer loop
      vertex   2.193750e+02 1.700000e+02 3.650000e+01
      vertex   2.393750e+02 1.700000e+02 3.650000e+01
      vertex   2.202354e+02 1.700000e+02 3.643229e+01
    endloop
  endfacet
  facet normal 0.000000e+00 1.000000e+00 0.000000e+00
    outer loop
      vertex   2.202354e+02 1.700000e+02 3.643229e+01
      vertex   2.393750e+02 1.700000e+02 3.650000e+01
      vertex   2.385146e+02 1.700000e+02 3.643229e+01
    endloop
  endfacet
  facet normal -0.000000e+00 1.000000e+00 0.000000e+00
    outer loop
      vertex   2.202354e+02 1.700000e+02 3.643229e+01
      vertex   2.385146e+02 1.700000e+02 3.643229e+01
      vertex   2.210746e+02 1.700000e+02 3.623081e+01
    endloop
  endfacet
  facet normal 0.000000e+00 1.000000e+00 0.000000e+00
    outer loop
      vertex   2.210746e+02 1.700000e+02 3.623081e+01
      vertex   2.385146e+02 1.700000e+02 3.643229e+01
      vertex   2.376754e+02 1.700000e+02 3.623081e+01
    endloop
  endfacet
  facet normal -0.000000e+00 1.000000e+00 0.000000e+00
    outer loop
      vertex   2.210746e+02 1.700000e+02 3.623081e+01
      vertex   2.376754e+02 1.700000e+02 3.623081e+01
      vertex   2.218719e+02 1.700000e+02 3.590054e+01
    endloop
  endfacet
  facet normal 0.000000e+00 1.000000e+00 0.000000e+00
    outer loop
      vertex   2.218719e+02 1.700000e+02 3.590054e+01
      vertex   2.376754e+02 1.700000e+02 3.623081e+01
      vertex   2.368781e+02 1.700000e+02 3.590054e+01
    endloop
  endfacet
  facet normal -0.000000e+00 1.000000e+00 0.000000e+00
    outer loop
      vertex   2.218719e+02 1.700000e+02 3.590054e+01
      vertex   2.368781e+02 1.700000e+02 3.590054e+01
      vertex   2.226078e+02 1.700000e+02 3.544959e+01
    endloop
  endfacet
  facet normal 0.000000e+00 1.000000e+00 0.000000e+00
    outer loop
      vertex   2.226078e+02 1.700000e+02 3.544959e+01
      vertex   2.368781e+02 1.700000e+02 3.590054e+01
      vertex   2.361422e+02 1.700000e+02 3.544959e+01
    endloop
  endfacet
  facet normal -0.000000e+00 1.000000e+00 0.000000e+00
    outer loop
      vertex   2.226078e+02 1.700000e+02 3.544959e+01
      vertex   2.361422e+02 1.700000e+02 3.544959e+01
      vertex   2.232641e+02 1.700000e+02 3.488909e+01
    endloop
  endfacet
  facet normal 0.000000e+00 1.000000e+00 0.000000e+00
    outer loop
      vertex   2.232641e+02 1.700000e+02 3.488909e+01
      vertex   2.361422e+02 1.700000e+02 3.544959e+01
      vertex   2.354859e+02 1.700000e+02 3.488909e+01
    endloop
  endfacet
  facet normal -0.000000e+00 1.000000e+00 0.000000e+00
    outer loop
      vertex   2.232641e+02 1.700000e+02 3.488909e+01
      vertex   2.354859e+02 1.700000e+02 3.488909e+01
      vertex   2.238246e+02 1.700000e+02 3.423282e+01
    endloop
  endfacet
  facet normal 0.000000e+00 1.000000e+00 0.000000e+00
    outer loop
      vertex   2.238246e+02 1.700000e+02 3.423282e+01
      vertex   2.354859e+02 1.700000e+02 3.488909e+01
      vertex   2.349254e+02 1.700000e+02 3.423282e+01
    endloop
  endfacet
  facet normal -0.000000e+00 1.000000e+00 0.000000e+00
    outer loop
      vertex   2.238246e+02 1.700000e+02 3.423282e+01
      vertex   2.349254e+02 1.700000e+02 3.423282e+01
      vertex   2.242755e+02 1.700000e+02 3.349695e+01
    endloop
  endfacet
  facet normal 0.000000e+00 1.000000e+00 0.000000e+00
    outer loop
      vertex   2.242755e+02 1.700000e+02 3.349695e+01
      vertex   2.349254e+02 1.700000e+02 3.423282e+01
      vertex   2.344745e+02 1.700000e+02 3.349695e+01
    endloop
  endfacet
  facet normal -0.000000e+00 1.000000e+00 0.000000e+00
    outer loop
      vertex   2.242755e+02 1.700000e+02 3.349695e+01
      vertex   2.344745e+02 1.700000e+02 3.349695e+01
      vertex   2.246058e+02 1.700000e+02 3.269959e+01
    endloop
  endfacet
  facet normal 0.000000e+00 1.000000e+00 0.000000e+00
    outer loop
      vertex   2.246058e+02 1.700000e+02 3.269959e+01
      vertex   2.344745e+02 1.700000e+02 3.349695e+01
      vertex   2.341442e+02 1.700000e+02 3.269959e+01
    endloop
  endfacet
  facet normal -0.000000e+00 1.000000e+00 0.000000e+00
    outer loop
      vertex   2.246058e+02 1.700000e+02 3.269959e+01
      vertex   2.341442e+02 1.700000e+02 3.269959e+01
      vertex   2.248073e+02 1.700000e+02 3.186039e+01
    endloop
  endfacet
  facet normal 0.000000e+00 1.000000e+00 0.000000e+00
    outer loop
      vertex   2.248073e+02 1.700000e+02 3.186039e+01
      vertex   2.341442e+02 1.700000e+02 3.269959e+01
      vertex   2.339427e+02 1.700000e+02 3.186039e+01
    endloop
  endfacet
  facet normal -0.000000e+00 1.000000e+00 0.000000e+00
    outer loop
      vertex   2.248073e+02 1.700000e+02 3.186039e+01
      vertex   2.339427e+02 1.700000e+02 3.186039e+01
      vertex   2.248750e+02 1.700000e+02 3.100000e+01
    endloop
  endfacet
  facet normal 0.000000e+00 1.000000e+00 0.000000e+00
    outer loop
      vertex   2.248750e+02 1.700000e+02 3.100000e+01
      vertex   2.339427e+02 1.700000e+02 3.186039e+01
      vertex   2.338750e+02 1.700000e+02 3.100000e+01
    endloop
  endfacet
  facet normal -0.000000e+00 1.000000e+00 0.000000e+00
    outer loop
      vertex   2.248750e+02 1.700000e+02 3.100000e+01
      vertex   2.338750e+02 1.700000e+02 3.100000e+01
      vertex   2.248750e+02 1.700000e+02 2.500000e+01
    endloop
  endfacet
  facet normal 0.000000e+00 1.000000e+00 0.000000e+00
    outer loop
      vertex   2.248750e+02 1.700000e+02 2.500000e+01
      vertex   2.338750e+02 1.700000e+02 3.100000e+01
      vertex   2.338750e+02 1.700000e+02 2.500000e+01
    endloop
  endfacet
  facet normal 0.000000e+00 1.000000e+00 0.000000e+00
    outer loop
      vertex   2.185146e+02 1.700000e+02 3.643229e+01
      vertex   2.176754e+02 1.700000e+02 3.623081e+01
      vertex   2.075000e+02 1.700000e+02 3.800000e+01
    endloop
  endfacet
  facet normal 0.000000e+00 1.000000e+00 0.000000e+00
    outer loop
      vertex   2.075000e+02 1.700000e+02 3.800000e+01
      vertex   2.176754e+02 1.700000e+02 3.623081e+01
      vertex   2.168781e+02 1.700000e+02 3.590054e+01
    endloop
  endfacet
  facet normal 0.000000e+00 1.000000e+00 0.000000e+00
    outer loop
      vertex   2.075000e+02 1.700000e+02 3.800000e+01
      vertex   2.168781e+02 1.700000e+02 3.590054e+01
      vertex   2.161422e+02 1.700000e+02 3.544959e+01
    endloop
  endfacet
  facet normal 0.000000e+00 1.000000e+00 0.000000e+00
    outer loop
      vertex   2.161422e+02 1.700000e+02 3.544959e+01
      vertex   2.154859e+02 1.700000e+02 3.488909e+01
      vertex   2.075000e+02 1.700000e+02 3.800000e+01
    endloop
  endfacet
  facet normal 0.000000e+00 1.000000e+00 0.000000e+00
    outer loop
      vertex   2.075000e+02 1.700000e+02 3.800000e+01
      vertex   2.154859e+02 1.700000e+02 3.488909e+01
      vertex   2.149254e+02 1.700000e+02 3.423282e+01
    endloop
  endfacet
  facet normal 0.000000e+00 1.000000e+00 0.000000e+00
    outer loop
      vertex   2.075000e+02 1.700000e+02 3.800000e+01
      vertex   2.149254e+02 1.700000e+02 3.423282e+01
      vertex   2.144745e+02 1.700000e+02 3.349695e+01
    endloop
  endfacet
  facet normal 0.000000e+00 1.000000e+00 0.000000e+00
    outer loop
      vertex   2.144745e+02 1.700000e+02 3.349695e+01
      vertex   2.141442e+02 1.700000e+02 3.269959e+01
      vertex   2.075000e+02 1.700000e+02 3.800000e+01
    endloop
  endfacet
  facet normal 0.000000e+00 1.000000e+00 0.000000e+00
    outer loop
      vertex   2.075000e+02 1.700000e+02 3.800000e+01
      vertex   2.141442e+02 1.700000e+02 3.269959e+01
      vertex   2.139427e+02 1.700000e+02 3.186039e+01
    endloop
  endfacet
  facet normal 0.000000e+00 1.000000e+00 0.000000e+00
    outer loop
      vertex   2.075000e+02 1.700000e+02 3.800000e+01
      vertex   2.139427e+02 1.700000e+02 3.186039e+01
      vertex   2.138750e+02 1.700000e+02 3.100000e+01
    endloop
  endfacet
  facet normal 0.000000e+00 1.000000e+00 -0.000000e+00
    outer loop
      vertex   2.138750e+02 1.700000e+02 2.500000e+01
      vertex   2.075000e+02 1.700000e+02 2.500000e+01
      vertex   2.138750e+02 1.700000e+02 3.100000e+01
    endloop
  endfacet
  facet normal 0.000000e+00 1.000000e+00 0.000000e+00
    outer loop
      vertex   2.138750e+02 1.700000e+02 3.100000e+01
      vertex   2.075000e+02 1.700000e+02 2.500000e+01
      vertex   2.075000e+02 1.700000e+02 3.800000e+01
    endloop
  endfacet
  facet normal 0.000000e+00 0.000000e+00 1.000000e+00
    outer loop
      vertex   2.905000e+02 1.690000e+02 3.900000e+01
      vertex   2.075000e+02 1.690000e+02 3.900000e+01
      vertex   2.905000e+02 1.040000e+02 3.900000e+01
    endloop
  endfacet
  facet normal 0.000000e+00 0.000000e+00 1.000000e+00
    outer loop
      vertex   2.905000e+02 1.040000e+02 3.900000e+01
      vertex   2.075000e+02 1.690000e+02 3.900000e+01
      vertex   2.075000e+02 1.040000e+02 3.900000e+01
    endloop
  endfacet
  facet normal 1.305262e-01 9.914449e-01 6.502744e-15
    outer loop
      vertex   2.907588e+02 1.699659e+02 3.800000e+01
      vertex   2.907588e+02 1.699659e+02 3.366667e+01
      vertex   2.905000e+02 1.700000e+02 3.800000e+01
    endloop
  endfacet
  facet normal 1.305262e-01 9.914449e-01 0.000000e+00
    outer loop
      vertex   2.905000e+02 1.700000e+02 3.800000e+01
      vertex   2.907588e+02 1.699659e+02 3.366667e+01
      vertex   2.907588e+02 1.699659e+02 2.933333e+01
    endloop
  endfacet
  facet normal 1.305262e-01 9.914449e-01 0.000000e+00
    outer loop
      vertex   2.905000e+02 1.700000e+02 3.800000e+01
      vertex   2.907588e+02 1.699659e+02 2.933333e+01
      vertex   2.905000e+02 1.700000e+02 2.500000e+01
    endloop
  endfacet
  facet normal 1.305262e-01 9.914449e-01 0.000000e+00
    outer loop
      vertex   2.905000e+02 1.700000e+02 2.500000e+01
      vertex   2.907588e+02 1.699659e+02 2.933333e+01
      vertex   2.907588e+02 1.699659e+02 2.500000e+01
    endloop
  endfacet
  facet normal 3.826834e-01 9.238795e-01 -0.000000e+00
    outer loop
      vertex   2.907588e+02 1.699659e+02 2.500000e+01
      vertex   2.907588e+02 1.699659e+02 2.933333e+01
      vertex   2.910000e+02 1.698660e+02 2.500000e+01
    endloop
  endfacet
  facet normal 3.826834e-01 9.238795e-01 -0.000000e+00
    outer loop
      vertex   2.910000e+02 1.698660e+02 2.500000e+01
      vertex   2.907588e+02 1.699659e+02 2.933333e+01
      vertex   2.910000e+02 1.698660e+02 2.933333e+01
    endloop
  endfacet
  facet normal 6.087614e-01 7.933533e-01 -0.000000e+00
    outer loop
      vertex   2.910000e+02 1.698660e+02 2.500000e+01
      vertex   2.910000e+02 1.698660e+02 2.933333e+01
      vertex   2.912071e+02 1.697071e+02 2.500000e+01
    endloop
  endfacet
  facet normal 6.087614e-01 7.933533e-01 -0.000000e+00
    outer loop
      vertex   2.912071e+02 1.697071e+02 2.500000e+01
      vertex   2.910000e+02 1.698660e+02 2.933333e+01
      vertex   2.912071e+02 1.697071e+02 2.933333e+01
    endloop
  endfacet
  facet normal 7.933533e-01 6.087614e-01 -0.000000e+00
    outer loop
      vertex   2.912071e+02 1.697071e+02 2.500000e+01
      vertex   2.912071e+02 1.697071e+02 2.933333e+01
      vertex   2.913660e+02 1.695000e+02 2.500000e+01
    endloop
  endfacet
  facet normal 7.933533e-01 6.087614e-01 -0.000000e+00
    outer loop
      vertex   2.913660e+02 1.695000e+02 2.500000e+01
      vertex   2.912071e+02 1.697071e+02 2.933333e+01
      vertex   2.913660e+02 1.695000e+02 2.933333e+01
    endloop
  endfacet
  facet normal 9.238795e-01 3.826834e-01 -0.000000e+00
    outer loop
      vertex   2.913660e+02 1.695000e+02 2.500000e+01
      vertex   2.913660e+02 1.695000e+02 2.933333e+01
      vertex   2.914659e+02 1.692588e+02 2.500000e+01
    endloop
  endfacet
  facet normal 9.238795e-01 3.826834e-01 -0.000000e+00
    outer loop
      vertex   2.914659e+02 1.692588e+02 2.500000e+01
      vertex   2.913660e+02 1.695000e+02 2.933333e+01
      vertex   2.914659e+02 1.692588e+02 2.933333e+01
    endloop
  endfacet
  facet normal 9.914449e-01 1.305262e-01 -0.000000e+00
    outer loop
      vertex   2.914659e+02 1.692588e+02 2.500000e+01
      vertex   2.914659e+02 1.692588e+02 2.933333e+01
      vertex   2.915000e+02 1.690000e+02 2.500000e+01
    endloop
  endfacet
  facet normal 9.914449e-01 1.305262e-01 8.556865e-16
    outer loop
      vertex   2.915000e+02 1.690000e+02 2.500000e+01
      vertex   2.914659e+02 1.692588e+02 2.933333e+01
      vertex   2.914659e+02 1.692588e+02 3.366667e+01
    endloop
  endfacet
  facet normal 9.914449e-01 1.305262e-01 -0.000000e+00
    outer loop
      vertex   2.915000e+02 1.690000e+02 2.500000e+01
      vertex   2.914659e+02 1.692588e+02 3.366667e+01
      vertex   2.915000e+02 1.690000e+02 3.800000e+01
    endloop
  endfacet
  facet normal 9.914449e-01 1.305262e-01 0.000000e+00
    outer loop
      vertex   2.915000e+02 1.690000e+02 3.800000e+01
      vertex   2.914659e+02 1.692588e+02 3.366667e+01
      vertex   2.914659e+02 1.692588e+02 3.800000e+01
    endloop
  endfacet
  facet normal 9.238795e-01 3.826834e-01 0.000000e+00
    outer loop
      vertex   2.914659e+02 1.692588e+02 3.800000e+01
      vertex   2.914659e+02 1.692588e+02 3.366667e+01
      vertex   2.913660e+02 1.695000e+02 3.800000e+01
    endloop
  endfacet
  facet normal 9.238795e-01 3.826834e-01 0.000000e+00
    outer loop
      vertex   2.913660e+02 1.695000e+02 3.800000e+01
      vertex   2.914659e+02 1.692588e+02 3.366667e+01
      vertex   2.913660e+02 1.695000e+02 3.366667e+01
    endloop
  endfacet
  facet normal 7.933533e-01 6.087614e-01 0.000000e+00
    outer loop
      vertex   2.913660e+02 1.695000e+02 3.800000e+01
      vertex   2.913660e+02 1.695000e+02 3.366667e+01
      vertex   2.912071e+02 1.697071e+02 3.800000e+01
    endloop
  endfacet
  facet normal 7.933533e-01 6.087614e-01 0.000000e+00
    outer loop
      vertex   2.912071e+02 1.697071e+02 3.800000e+01
      vertex   2.913660e+02 1.695000e+02 3.366667e+01
      vertex   2.912071e+02 1.697071e+02 3.366667e+01
    endloop
  endfacet
  facet normal 6.087614e-01 7.933533e-01 0.000000e+00
    outer loop
      vertex   2.912071e+02 1.697071e+02 3.800000e+01
      vertex   2.912071e+02 1.697071e+02 3.366667e+01
      vertex   2.910000e+02 1.698660e+02 3.800000e+01
    endloop
  endfacet
  facet normal 6.087614e-01 7.933533e-01 7.985557e-15
    outer loop
      vertex   2.910000e+02 1.698660e+02 3.800000e+01
      vertex   2.912071e+02 1.697071e+02 3.366667e+01
      vertex   2.910000e+02 1.698660e+02 3.366667e+01
    endloop
  endfacet
  facet normal 3.826834e-01 9.238795e-01 5.019931e-15
    outer loop
      vertex   2.910000e+02 1.698660e+02 3.800000e+01
      vertex   2.910000e+02 1.698660e+02 3.366667e+01
      vertex   2.907588e+02 1.699659e+02 3.800000e+01
    endloop
  endfacet
  facet normal 3.826834e-01 9.238795e-01 6.059593e-15
    outer loop
      vertex   2.907588e+02 1.699659e+02 3.800000e+01
      vertex   2.910000e+02 1.698660e+02 3.366667e+01
      vertex   2.907588e+02 1.699659e+02 3.366667e+01
    endloop
  endfacet
  facet normal 3.826834e-01 9.238795e-01 0.000000e+00
    outer loop
      vertex   2.910000e+02 1.698660e+02 2.933333e+01
      vertex   2.907588e+02 1.699659e+02 2.933333e+01
      vertex   2.907588e+02 1.699659e+02 3.366667e+01
    endloop
  endfacet
  facet normal 3.826834e-01 9.238795e-01 -0.000000e+00
    outer loop
      vertex   2.910000e+02 1.698660e+02 2.933333e+01
      vertex   2.907588e+02 1.699659e+02 3.366667e+01
      vertex   2.910000e+02 1.698660e+02 3.366667e+01
    endloop
  endfacet
  facet normal 6.087614e-01 7.933533e-01 0.000000e+00
    outer loop
      vertex   2.912071e+02 1.697071e+02 2.933333e+01
      vertex   2.910000e+02 1.698660e+02 2.933333e+01
      vertex   2.910000e+02 1.698660e+02 3.366667e+01
    endloop
  endfacet
  facet normal 6.087614e-01 7.933533e-01 -0.000000e+00
    outer loop
      vertex   2.912071e+02 1.697071e+02 2.933333e+01
      vertex   2.910000e+02 1.698660e+02 3.366667e+01
      vertex   2.912071e+02 1.697071e+02 3.366667e+01
    endloop
  endfacet
  facet normal 7.933533e-01 6.087614e-01 0.000000e+00
    outer loop
      vertex   2.913660e+02 1.695000e+02 2.933333e+01
      vertex   2.912071e+02 1.697071e+02 2.933333e+01
      vertex   2.912071e+02 1.697071e+02 3.366667e+01
    endloop
  endfacet
  facet normal 7.933533e-01 6.087614e-01 -0.000000e+00
    outer loop
      vertex   2.913660e+02 1.695000e+02 2.933333e+01
      vertex   2.912071e+02 1.697071e+02 3.366667e+01
      vertex   2.913660e+02 1.695000e+02 3.366667e+01
    endloop
  endfacet
  facet normal 9.238795e-01 3.826834e-01 0.000000e+00
    outer loop
      vertex   2.914659e+02 1.692588e+02 2.933333e+01
      vertex   2.913660e+02 1.695000e+02 2.933333e+01
      vertex   2.913660e+02 1.695000e+02 3.366667e+01
    endloop
  endfacet
  facet normal 9.238795e-01 3.826834e-01 2.509966e-15
    outer loop
      vertex   2.914659e+02 1.692588e+02 2.933333e+01
      vertex   2.913660e+02 1.695000e+02 3.366667e+01
      vertex   2.914659e+02 1.692588e+02 3.366667e+01
    endloop
  endfacet
  facet normal -0.000000e+00 -0.000000e+00 -1.000000e+00
    outer loop
      vertex   2.907588e+02 1.699659e+02 2.500000e+01
      vertex   2.910000e+02 1.698660e+02 2.500000e+01
      vertex   2.905000e+02 1.700000e+02 2.500000e+01
    endloop
  endfacet
  facet normal 0.000000e+00 0.000000e+00 -1.000000e+00
    outer loop
      vertex   2.905000e+02 1.700000e+02 2.500000e+01
      vertex   2.910000e+02 1.698660e+02 2.500000e+01
      vertex   2.912071e+02 1.697071e+02 2.500000e+01
    endloop
  endfacet
  facet normal 0.000000e+00 0.000000e+00 -1.000000e+00
    outer loop
      vertex   2.905000e+02 1.700000e+02 2.500000e+01
      vertex   2.912071e+02 1.697071e+02 2.500000e+01
      vertex   2.913660e+02 1.695000e+02 2.500000e+01
    endloop
  endfacet
  facet normal -0.000000e+00 -0.000000e+00 -1.000000e+00
    outer loop
      vertex   2.913660e+02 1.695000e+02 2.500000e+01
      vertex   2.914659e+02 1.692588e+02 2.500000e+01
      vertex   2.905000e+02 1.700000e+02 2.500000e+01
    endloop
  endfacet
  facet normal 0.000000e+00 0.000000e+00 -1.000000e+00
    outer loop
      vertex   2.905000e+02 1.700000e+02 2.500000e+01
      vertex   2.914659e+02 1.692588e+02 2.500000e+01
      vertex   2.915000e+02 1.690000e+02 2.500000e+01
    endloop
  endfacet
  facet normal 0.000000e+00 -0.000000e+00 -1.000000e+00
    outer loop
      vertex   2.905000e+02 1.700000e+02 2.500000e+01
      vertex   2.915000e+02 1.690000e+02 2.500000e+01
      vertex   2.895000e+02 1.680000e+02 2.500000e+01
    endloop
  endfacet
  facet normal 0.000000e+00 0.000000e+00 -1.000000e+00
    outer loop
      vertex   2.895000e+02 1.680000e+02 2.500000e+01
      vertex   2.915000e+02 1.690000e+02 2.500000e+01
      vertex   2.915000e+02 1.040000e+02 2.500000e+01
    endloop
  endfacet
  facet normal 0.000000e+00 0.000000e+00 -1.000000e+00
    outer loop
      vertex   2.895000e+02 1.680000e+02 2.500000e+01
      vertex   2.915000e+02 1.040000e+02 2.500000e+01
      vertex   2.895000e+02 1.050000e+02 2.500000e+01
    endloop
  endfacet
  facet normal 0.000000e+00 0.000000e+00 -1.000000e+00
    outer loop
      vertex   2.895000e+02 1.050000e+02 2.500000e+01
      vertex   2.915000e+02 1.040000e+02 2.500000e+01
      vertex   2.905000e+02 1.030000e+02 2.500000e+01
    endloop
  endfacet
  facet normal 0.000000e+00 -0.000000e+00 -1.000000e+00
    outer loop
      vertex   2.895000e+02 1.050000e+02 2.500000e+01
      vertex   2.905000e+02 1.030000e+02 2.500000e+01
      vertex   2.075000e+02 1.030000e+02 2.500000e+01
    endloop
  endfacet
  facet normal 0.000000e+00 0.000000e+00 -1.000000e+00
    outer loop
      vertex   2.915000e+02 1.040000e+02 2.500000e+01
      vertex   2.914659e+02 1.037412e+02 2.500000e+01
      vertex   2.905000e+02 1.030000e+02 2.500000e+01
    endloop
  endfacet
  facet normal 0.000000e+00 0.000000e+00 -1.000000e+00
    outer loop
      vertex   2.905000e+02 1.030000e+02 2.500000e+01
      vertex   2.914659e+02 1.037412e+02 2.500000e+01
      vertex   2.913660e+02 1.035000e+02 2.500000e+01
    endloop
  endfacet
  facet normal 0.000000e+00 0.000000e+00 -1.000000e+00
    outer loop
      vertex   2.905000e+02 1.030000e+02 2.500000e+01
      vertex   2.913660e+02 1.035000e+02 2.500000e+01
      vertex   2.912071e+02 1.032929e+02 2.500000e+01
    endloop
  endfacet
  facet normal 0.000000e+00 0.000000e+00 -1.000000e+00
    outer loop
      vertex   2.912071e+02 1.032929e+02 2.500000e+01
      vertex   2.910000e+02 1.031340e+02 2.500000e+01
      vertex   2.905000e+02 1.030000e+02 2.500000e+01
    endloop
  endfacet
  facet normal 0.000000e+00 0.000000e+00 -1.000000e+00
    outer loop
      vertex   2.905000e+02 1.030000e+02 2.500000e+01
      vertex   2.910000e+02 1.031340e+02 2.500000e+01
      vertex   2.907588e+02 1.030341e+02 2.500000e+01
    endloop
  endfacet
  facet normal 0.000000e+00 0.000000e+00 -1.000000e+00
    outer loop
      vertex   2.072412e+02 1.030341e+02 2.500000e+01
      vertex   2.070000e+02 1.031340e+02 2.500000e+01
      vertex   2.075000e+02 1.030000e+02 2.500000e+01
    endloop
  endfacet
  facet normal 0.000000e+00 0.000000e+00 -1.000000e+00
    outer loop
      vertex   2.075000e+02 1.030000e+02 2.500000e+01
      vertex   2.070000e+02 1.031340e+02 2.500000e+01
      vertex   2.067929e+02 1.032929e+02 2.500000e+01
    endloop
  endfacet
  facet normal 0.000000e+00 0.000000e+00 -1.000000e+00
    outer loop
      vertex   2.075000e+02 1.030000e+02 2.500000e+01
      vertex   2.067929e+02 1.032929e+02 2.500000e+01
      vertex   2.066340e+02 1.035000e+02 2.500000e+01
    endloop
  endfacet
  facet normal 0.000000e+00 0.000000e+00 -1.000000e+00
    outer loop
      vertex   2.066340e+02 1.035000e+02 2.500000e+01
      vertex   2.065341e+02 1.037412e+02 2.500000e+01
      vertex   2.075000e+02 1.030000e+02 2.500000e+01
    endloop
  endfacet
  facet normal 0.000000e+00 0.000000e+00 -1.000000e+00
    outer loop
      vertex   2.075000e+02 1.030000e+02 2.500000e+01
      vertex   2.065341e+02 1.037412e+02 2.500000e+01
      vertex   2.065000e+02 1.040000e+02 2.500000e+01
    endloop
  endfacet
  facet normal 0.000000e+00 0.000000e+00 -1.000000e+00
    outer loop
      vertex   2.075000e+02 1.030000e+02 2.500000e+01
      vertex   2.065000e+02 1.040000e+02 2.500000e+01
      vertex   2.085000e+02 1.050000e+02 2.500000e+01
    endloop
  endfacet
  facet normal -0.000000e+00 0.000000e+00 -1.000000e+00
    outer loop
      vertex   2.085000e+02 1.050000e+02 2.500000e+01
      vertex   2.065000e+02 1.040000e+02 2.500000e+01
      vertex   2.085000e+02 1.680000e+02 2.500000e+01
    endloop
  endfacet
  facet normal -0.000000e+00 0.000000e+00 -1.000000e+00
    outer loop
      vertex   2.085000e+02 1.680000e+02 2.500000e+01
      vertex   2.065000e+02 1.040000e+02 2.500000e+01
      vertex   2.065000e+02 1.690000e+02 2.500000e+01
    endloop
  endfacet
  facet normal 0.000000e+00 0.000000e+00 -1.000000e+00
    outer loop
      vertex   2.085000e+02 1.680000e+02 2.500000e+01
      vertex   2.065000e+02 1.690000e+02 2.500000e+01
      vertex   2.075000e+02 1.700000e+02 2.500000e+01
    endloop
  endfacet
  facet normal 0.000000e+00 0.000000e+00 -1.000000e+00
    outer loop
      vertex   2.075000e+02 1.700000e+02 2.500000e+01
      vertex   2.065000e+02 1.690000e+02 2.500000e+01
      vertex   2.065341e+02 1.692588e+02 2.500000e+01
    endloop
  endfacet
  facet normal 0.000000e+00 0.000000e+00 -1.000000e+00
    outer loop
      vertex   2.075000e+02 1.700000e+02 2.500000e+01
      vertex   2.065341e+02 1.692588e+02 2.500000e+01
      vertex   2.066340e+02 1.695000e+02 2.500000e+01
    endloop
  endfacet
  facet normal 0.000000e+00 0.000000e+00 -1.000000e+00
    outer loop
      vertex   2.066340e+02 1.695000e+02 2.500000e+01
      vertex   2.067929e+02 1.697071e+02 2.500000e+01
      vertex   2.075000e+02 1.700000e+02 2.500000e+01
    endloop
  endfacet
  facet normal 0.000000e+00 0.000000e+00 -1.000000e+00
    outer loop
      vertex   2.075000e+02 1.700000e+02 2.500000e+01
      vertex   2.067929e+02 1.697071e+02 2.500000e+01
      vertex   2.070000e+02 1.698660e+02 2.500000e+01
    endloop
  endfacet
  facet normal 0.000000e+00 0.000000e+00 -1.000000e+00
    outer loop
      vertex   2.075000e+02 1.700000e+02 2.500000e+01
      vertex   2.070000e+02 1.698660e+02 2.500000e+01
      vertex   2.072412e+02 1.699659e+02 2.500000e+01
    endloop
  endfacet
  facet normal 0.000000e+00 0.000000e+00 -1.000000e+00
    outer loop
      vertex   2.075000e+02 1.700000e+02 2.500000e+01
      vertex   2.138750e+02 1.700000e+02 2.500000e+01
      vertex   2.085000e+02 1.680000e+02 2.500000e+01
    endloop
  endfacet
  facet normal 0.000000e+00 0.000000e+00 -1.000000e+00
    outer loop
      vertex   2.085000e+02 1.680000e+02 2.500000e+01
      vertex   2.138750e+02 1.700000e+02 2.500000e+01
      vertex   2.138750e+02 1.680000e+02 2.500000e+01
    endloop
  endfacet
  facet normal 0.000000e+00 -0.000000e+00 -1.000000e+00
    outer loop
      vertex   2.085000e+02 1.050000e+02 2.500000e+01
      vertex   2.895000e+02 1.050000e+02 2.500000e+01
      vertex   2.075000e+02 1.030000e+02 2.500000e+01
    endloop
  endfacet
  facet normal 0.000000e+00 0.000000e+00 -1.000000e+00
    outer loop
      vertex   2.848750e+02 1.680000e+02 2.500000e+01
      vertex   2.848750e+02 1.700000e+02 2.500000e+01
      vertex   2.895000e+02 1.680000e+02 2.500000e+01
    endloop
  endfacet
  facet normal 0.000000e+00 0.000000e+00 -1.000000e+00
    outer loop
      vertex   2.895000e+02 1.680000e+02 2.500000e+01
      vertex   2.848750e+02 1.700000e+02 2.500000e+01
      vertex   2.905000e+02 1.700000e+02 2.500000e+01
    endloop
  endfacet
  facet normal 9.914449e-01 -1.305262e-01 0.000000e+00
    outer loop
      vertex   2.914659e+02 1.037412e+02 3.800000e+01
      vertex   2.914659e+02 1.037412e+02 3.366667e+01
      vertex   2.915000e+02 1.040000e+02 3.800000e+01
    endloop
  endfacet
  facet normal 9.914449e-01 -1.305262e-01 0.000000e+00
    outer loop
      vertex   2.915000e+02 1.040000e+02 3.800000e+01
      vertex   2.914659e+02 1.037412e+02 3.366667e+01
      vertex   2.914659e+02 1.037412e+02 2.933333e+01
    endloop
  endfacet
  facet normal 9.914449e-01 -1.305262e-01 0.000000e+00
    outer loop
      vertex   2.915000e+02 1.040000e+02 3.800000e+01
      vertex   2.914659e+02 1.037412e+02 2.933333e+01
      vertex   2.915000e+02 1.040000e+02 2.500000e+01
    endloop
  endfacet
  facet normal 9.914449e-01 -1.305262e-01 0.000000e+00
    outer loop
      vertex   2.915000e+02 1.040000e+02 2.500000e+01
      vertex   2.914659e+02 1.037412e+02 2.933333e+01
      vertex   2.914659e+02 1.037412e+02 2.500000e+01
    endloop
  endfacet
  facet normal 9.238795e-01 -3.826834e-01 0.000000e+00
    outer loop
      vertex   2.914659e+02 1.037412e+02 2.500000e+01
      vertex   2.914659e+02 1.037412e+02 2.933333e+01
      vertex   2.913660e+02 1.035000e+02 2.500000e+01
    endloop
  endfacet
  facet normal 9.238795e-01 -3.826834e-01 -1.254983e-15
    outer loop
      vertex   2.913660e+02 1.035000e+02 2.500000e+01
      vertex   2.914659e+02 1.037412e+02 2.933333e+01
      vertex   2.913660e+02 1.035000e+02 2.933333e+01
    endloop
  endfacet
  facet normal 7.933533e-01 -6.087614e-01 -1.996389e-15
    outer loop
      vertex   2.913660e+02 1.035000e+02 2.500000e+01
      vertex   2.913660e+02 1.035000e+02 2.933333e+01
      vertex   2.912071e+02 1.032929e+02 2.500000e+01
    endloop
  endfacet
  facet normal 7.933533e-01 -6.087614e-01 0.000000e+00
    outer loop
      vertex   2.912071e+02 1.032929e+02 2.500000e+01
      vertex   2.913660e+02 1.035000e+02 2.933333e+01
      vertex   2.912071e+02 1.032929e+02 2.933333e+01
    endloop
  endfacet
  facet normal 6.087614e-01 -7.933533e-01 0.000000e+00
    outer loop
      vertex   2.912071e+02 1.032929e+02 2.500000e+01
      vertex   2.912071e+02 1.032929e+02 2.933333e+01
      vertex   2.910000e+02 1.031340e+02 2.500000e+01
    endloop
  endfacet
  facet normal 6.087614e-01 -7.933533e-01 0.000000e+00
    outer loop
      vertex   2.910000e+02 1.031340e+02 2.500000e+01
      vertex   2.912071e+02 1.032929e+02 2.933333e+01
      vertex   2.910000e+02 1.031340e+02 2.933333e+01
    endloop
  endfacet
  facet normal 3.826834e-01 -9.238795e-01 0.000000e+00
    outer loop
      vertex   2.910000e+02 1.031340e+02 2.500000e+01
      vertex   2.910000e+02 1.031340e+02 2.933333e+01
      vertex   2.907588e+02 1.030341e+02 2.500000e+01
    endloop
  endfacet
  facet normal 3.826834e-01 -9.238795e-01 0.000000e+00
    outer loop
      vertex   2.907588e+02 1.030341e+02 2.500000e+01
      vertex   2.910000e+02 1.031340e+02 2.933333e+01
      vertex   2.907588e+02 1.030341e+02 2.933333e+01
    endloop
  endfacet
  facet normal 1.305262e-01 -9.914449e-01 0.000000e+00
    outer loop
      vertex   2.907588e+02 1.030341e+02 2.500000e+01
      vertex   2.907588e+02 1.030341e+02 2.933333e+01
      vertex   2.905000e+02 1.030000e+02 2.500000e+01
    endloop
  endfacet
  facet normal 1.305262e-01 -9.914449e-01 0.000000e+00
    outer loop
      vertex   2.905000e+02 1.030000e+02 2.500000e+01
      vertex   2.907588e+02 1.030341e+02 2.933333e+01
      vertex   2.907588e+02 1.030341e+02 3.366667e+01
    endloop
  endfacet
  facet normal 1.305262e-01 -9.914449e-01 0.000000e+00
    outer loop
      vertex   2.905000e+02 1.030000e+02 2.500000e+01
      vertex   2.907588e+02 1.030341e+02 3.366667e+01
      vertex   2.905000e+02 1.030000e+02 3.800000e+01
    endloop
  endfacet
  facet normal 1.305262e-01 -9.914449e-01 -6.501991e-15
    outer loop
      vertex   2.905000e+02 1.030000e+02 3.800000e+01
      vertex   2.907588e+02 1.030341e+02 3.366667e+01
      vertex   2.907588e+02 1.030341e+02 3.800000e+01
    endloop
  endfacet
  facet normal 3.826834e-01 -9.238795e-01 -6.059593e-15
    outer loop
      vertex   2.907588e+02 1.030341e+02 3.800000e+01
      vertex   2.907588e+02 1.030341e+02 3.366667e+01
      vertex   2.910000e+02 1.031340e+02 3.800000e+01
    endloop
  endfacet
  facet normal 3.826834e-01 -9.238795e-01 0.000000e+00
    outer loop
      vertex   2.910000e+02 1.031340e+02 3.800000e+01
      vertex   2.907588e+02 1.030341e+02 3.366667e+01
      vertex   2.910000e+02 1.031340e+02 3.366667e+01
    endloop
  endfacet
  facet normal 6.087614e-01 -7.933533e-01 0.000000e+00
    outer loop
      vertex   2.910000e+02 1.031340e+02 3.800000e+01
      vertex   2.910000e+02 1.031340e+02 3.366667e+01
      vertex   2.912071e+02 1.032929e+02 3.800000e+01
    endloop
  endfacet
  facet normal 6.087614e-01 -7.933533e-01 -2.601745e-15
    outer loop
      vertex   2.912071e+02 1.032929e+02 3.800000e+01
      vertex   2.910000e+02 1.031340e+02 3.366667e+01
      vertex   2.912071e+02 1.032929e+02 3.366667e+01
    endloop
  endfacet
  facet normal 7.933533e-01 -6.087614e-01 -1.996389e-15
    outer loop
      vertex   2.912071e+02 1.032929e+02 3.800000e+01
      vertex   2.912071e+02 1.032929e+02 3.366667e+01
      vertex   2.913660e+02 1.035000e+02 3.800000e+01
    endloop
  endfacet
  facet normal 7.933533e-01 -6.087614e-01 0.000000e+00
    outer loop
      vertex   2.913660e+02 1.035000e+02 3.800000e+01
      vertex   2.912071e+02 1.032929e+02 3.366667e+01
      vertex   2.913660e+02 1.035000e+02 3.366667e+01
    endloop
  endfacet
  facet normal 9.238795e-01 -3.826834e-01 0.000000e+00
    outer loop
      vertex   2.913660e+02 1.035000e+02 3.800000e+01
      vertex   2.913660e+02 1.035000e+02 3.366667e+01
      vertex   2.914659e+02 1.037412e+02 3.800000e+01
    endloop
  endfacet
  facet normal 9.238795e-01 -3.826834e-01 0.000000e+00
    outer loop
      vertex   2.914659e+02 1.037412e+02 3.800000e+01
      vertex   2.913660e+02 1.035000e+02 3.366667e+01
      vertex   2.914659e+02 1.037412e+02 3.366667e+01
    endloop
  endfacet
  facet normal 9.238795e-01 -3.826834e-01 0.000000e+00
    outer loop
      vertex   2.913660e+02 1.035000e+02 2.933333e+01
      vertex   2.914659e+02 1.037412e+02 2.933333e+01
      vertex   2.914659e+02 1.037412e+02 3.366667e+01
    endloop
  endfacet
  facet normal 9.238795e-01 -3.826834e-01 0.000000e+00
    outer loop
      vertex   2.913660e+02 1.035000e+02 2.933333e+01
      vertex   2.914659e+02 1.037412e+02 3.366667e+01
      vertex   2.913660e+02 1.035000e+02 3.366667e+01
    endloop
  endfacet
  facet normal 7.933533e-01 -6.087614e-01 0.000000e+00
    outer loop
      vertex   2.912071e+02 1.032929e+02 2.933333e+01
      vertex   2.913660e+02 1.035000e+02 2.933333e+01
      vertex   2.913660e+02 1.035000e+02 3.366667e+01
    endloop
  endfacet
  facet normal 7.933533e-01 -6.087614e-01 0.000000e+00
    outer loop
      vertex   2.912071e+02 1.032929e+02 2.933333e+01
      vertex   2.913660e+02 1.035000e+02 3.366667e+01
      vertex   2.912071e+02 1.032929e+02 3.366667e+01
    endloop
  endfacet
  facet normal 6.087614e-01 -7.933533e-01 0.000000e+00
    outer loop
      vertex   2.910000e+02 1.031340e+02 2.933333e+01
      vertex   2.912071e+02 1.032929e+02 2.933333e+01
      vertex   2.912071e+02 1.032929e+02 3.366667e+01
    endloop
  endfacet
  facet normal 6.087614e-01 -7.933533e-01 5.383812e-15
    outer loop
      vertex   2.910000e+02 1.031340e+02 2.933333e+01
      vertex   2.912071e+02 1.032929e+02 3.366667e+01
      vertex   2.910000e+02 1.031340e+02 3.366667e+01
    endloop
  endfacet
  facet normal 3.826834e-01 -9.238795e-01 1.990468e-15
    outer loop
      vertex   2.907588e+02 1.030341e+02 2.933333e+01
      vertex   2.910000e+02 1.031340e+02 2.933333e+01
      vertex   2.910000e+02 1.031340e+02 3.366667e+01
    endloop
  endfacet
  facet normal 3.826834e-01 -9.238795e-01 0.000000e+00
    outer loop
      vertex   2.907588e+02 1.030341e+02 2.933333e+01
      vertex   2.910000e+02 1.031340e+02 3.366667e+01
      vertex   2.907588e+02 1.030341e+02 3.366667e+01
    endloop
  endfacet
  facet normal -0.000000e+00 -1.000000e+00 -0.000000e+00
    outer loop
      vertex   2.905000e+02 1.030000e+02 3.800000e+01
      vertex   2.075000e+02 1.030000e+02 3.800000e+01
      vertex   2.905000e+02 1.030000e+02 2.500000e+01
    endloop
  endfacet
  facet normal 0.000000e+00 -1.000000e+00 0.000000e+00
    outer loop
      vertex   2.905000e+02 1.030000e+02 2.500000e+01
      vertex   2.075000e+02 1.030000e+02 3.800000e+01
      vertex   2.075000e+02 1.030000e+02 2.500000e+01
    endloop
  endfacet
  facet normal 0.000000e+00 0.000000e+00 -1.000000e+00
    outer loop
      vertex   2.895000e+02 1.050000e+02 3.700000e+01
      vertex   2.085000e+02 1.050000e+02 3.700000e+01
      vertex   2.895000e+02 1.680000e+02 3.700000e+01
    endloop
  endfacet
  facet normal -0.000000e+00 0.000000e+00 -1.000000e+00
    outer loop
      vertex   2.895000e+02 1.680000e+02 3.700000e+01
      vertex   2.085000e+02 1.050000e+02 3.700000e+01
      vertex   2.085000e+02 1.680000e+02 3.700000e+01
    endloop
  endfacet
  facet normal -1.000000e+00 -0.000000e+00 -0.000000e+00
    outer loop
      vertex   2.648750e+02 1.700000e+02 3.100000e+01
      vertex   2.648750e+02 1.700000e+02 2.500000e+01
      vertex   2.648750e+02 1.680000e+02 3.100000e+01
    endloop
  endfacet
  facet normal -1.000000e+00 0.000000e+00 0.000000e+00
    outer loop
      vertex   2.648750e+02 1.680000e+02 3.100000e+01
      vertex   2.648750e+02 1.700000e+02 2.500000e+01
      vertex   2.648750e+02 1.680000e+02 2.500000e+01
    endloop
  endfacet
  facet normal 1.000000e+00 0.000000e+00 -0.000000e+00
    outer loop
      vertex   2.538750e+02 1.700000e+02 2.500000e+01
      vertex   2.538750e+02 1.700000e+02 3.100000e+01
      vertex   2.538750e+02 1.680000e+02 2.500000e+01
    endloop
  endfacet
  facet normal 1.000000e+00 0.000000e+00 0.000000e+00
    outer loop
      vertex   2.538750e+02 1.680000e+02 2.500000e+01
      vertex   2.538750e+02 1.700000e+02 3.100000e+01
      vertex   2.538750e+02 1.680000e+02 3.100000e+01
    endloop
  endfacet
  facet normal 9.969173e-01 0.000000e+00 -7.845910e-02
    outer loop
      vertex   2.538750e+02 1.680000e+02 3.100000e+01
      vertex   2.538750e+02 1.700000e+02 3.100000e+01
      vertex   2.539427e+02 1.680000e+02 3.186039e+01
    endloop
  endfacet
  facet normal 9.969173e-01 0.000000e+00 -7.845910e-02
    outer loop
      vertex   2.539427e+02 1.680000e+02 3.186039e+01
      vertex   2.538750e+02 1.700000e+02 3.100000e+01
      vertex   2.539427e+02 1.700000e+02 3.186039e+01
    endloop
  endfacet
  facet normal 9.723699e-01 0.000000e+00 -2.334454e-01
    outer loop
      vertex   2.539427e+02 1.680000e+02 3.186039e+01
      vertex   2.539427e+02 1.700000e+02 3.186039e+01
      vertex   2.541442e+02 1.680000e+02 3.269959e+01
    endloop
  endfacet
  facet normal 9.723699e-01 0.000000e+00 -2.334454e-01
    outer loop
      vertex   2.541442e+02 1.680000e+02 3.269959e+01
      vertex   2.539427e+02 1.700000e+02 3.186039e+01
      vertex   2.541442e+02 1.700000e+02 3.269959e+01
    endloop
  endfacet
  facet normal 9.238795e-01 0.000000e+00 -3.826834e-01
    outer loop
      vertex   2.541442e+02 1.680000e+02 3.269959e+01
      vertex   2.541442e+02 1.700000e+02 3.269959e+01
      vertex   2.544745e+02 1.680000e+02 3.349695e+01
    endloop
  endfacet
  facet normal 9.238795e-01 0.000000e+00 -3.826834e-01
    outer loop
      vertex   2.544745e+02 1.680000e+02 3.349695e+01
      vertex   2.541442e+02 1.700000e+02 3.269959e+01
      vertex   2.544745e+02 1.700000e+02 3.349695e+01
    endloop
  endfacet
  facet normal 8.526402e-01 0.000000e+00 -5.224986e-01
    outer loop
      vertex   2.544745e+02 1.680000e+02 3.349695e+01
      vertex   2.544745e+02 1.700000e+02 3.349695e+01
      vertex   2.549254e+02 1.680000e+02 3.423282e+01
    endloop
  endfacet
  facet normal 8.526402e-01 0.000000e+00 -5.224986e-01
    outer loop
      vertex   2.549254e+02 1.680000e+02 3.423282e+01
      vertex   2.544745e+02 1.700000e+02 3.349695e+01
      vertex   2.549254e+02 1.700000e+02 3.423282e+01
    endloop
  endfacet
  facet normal 7.604060e-01 0.000000e+00 -6.494480e-01
    outer loop
      vertex   2.549254e+02 1.680000e+02 3.423282e+01
      vertex   2.549254e+02 1.700000e+02 3.423282e+01
      vertex   2.554859e+02 1.680000e+02 3.488909e+01
    endloop
  endfacet
  facet normal 7.604060e-01 0.000000e+00 -6.494480e-01
    outer loop
      vertex   2.554859e+02 1.680000e+02 3.488909e+01
      vertex   2.549254e+02 1.700000e+02 3.423282e+01
      vertex   2.554859e+02 1.700000e+02 3.488909e+01
    endloop
  endfacet
  facet normal 6.494480e-01 0.000000e+00 -7.604060e-01
    outer loop
      vertex   2.554859e+02 1.680000e+02 3.488909e+01
      vertex   2.554859e+02 1.700000e+02 3.488909e+01
      vertex   2.561422e+02 1.680000e+02 3.544959e+01
    endloop
  endfacet
  facet normal 6.494480e-01 0.000000e+00 -7.604060e-01
    outer loop
      vertex   2.561422e+02 1.680000e+02 3.544959e+01
      vertex   2.554859e+02 1.700000e+02 3.488909e+01
      vertex   2.561422e+02 1.700000e+02 3.544959e+01
    endloop
  endfacet
  facet normal 5.224986e-01 0.000000e+00 -8.526402e-01
    outer loop
      vertex   2.561422e+02 1.680000e+02 3.544959e+01
      vertex   2.561422e+02 1.700000e+02 3.544959e+01
      vertex   2.568781e+02 1.680000e+02 3.590054e+01
    endloop
  endfacet
  facet normal 5.224986e-01 0.000000e+00 -8.526402e-01
    outer loop
      vertex   2.568781e+02 1.680000e+02 3.590054e+01
      vertex   2.561422e+02 1.700000e+02 3.544959e+01
      vertex   2.568781e+02 1.700000e+02 3.590054e+01
    endloop
  endfacet
  facet normal 3.826834e-01 0.000000e+00 -9.238795e-01
    outer loop
      vertex   2.568781e+02 1.680000e+02 3.590054e+01
      vertex   2.568781e+02 1.700000e+02 3.590054e+01
      vertex   2.576754e+02 1.680000e+02 3.623081e+01
    endloop
  endfacet
  facet normal 3.826834e-01 0.000000e+00 -9.238795e-01
    outer loop
      vertex   2.576754e+02 1.680000e+02 3.623081e+01
      vertex   2.568781e+02 1.700000e+02 3.590054e+01
      vertex   2.576754e+02 1.700000e+02 3.623081e+01
    endloop
  endfacet
  facet normal 2.334454e-01 0.000000e+00 -9.723699e-01
    outer loop
      vertex   2.576754e+02 1.680000e+02 3.623081e+01
      vertex   2.576754e+02 1.700000e+02 3.623081e+01
      vertex   2.585146e+02 1.680000e+02 3.643229e+01
    endloop
  endfacet
  facet normal 2.334454e-01 0.000000e+00 -9.723699e-01
    outer loop
      vertex   2.585146e+02 1.680000e+02 3.643229e+01
      vertex   2.576754e+02 1.700000e+02 3.623081e+01
      vertex   2.585146e+02 1.700000e+02 3.643229e+01
    endloop
  endfacet
  facet normal 7.845910e-02 0.000000e+00 -9.969173e-01
    outer loop
      vertex   2.585146e+02 1.680000e+02 3.643229e+01
      vertex   2.585146e+02 1.700000e+02 3.643229e+01
      vertex   2.593750e+02 1.680000e+02 3.650000e+01
    endloop
  endfacet
  facet normal 7.845910e-02 0.000000e+00 -9.969173e-01
    outer loop
      vertex   2.593750e+02 1.680000e+02 3.650000e+01
      vertex   2.585146e+02 1.700000e+02 3.643229e+01
      vertex   2.593750e+02 1.700000e+02 3.650000e+01
    endloop
  endfacet
  facet normal -7.845910e-02 0.000000e+00 -9.969173e-01
    outer loop
      vertex   2.593750e+02 1.680000e+02 3.650000e+01
      vertex   2.593750e+02 1.700000e+02 3.650000e+01
      vertex   2.602354e+02 1.680000e+02 3.643229e+01
    endloop
  endfacet
  facet normal -7.845910e-02 0.000000e+00 -9.969173e-01
    outer loop
      vertex   2.602354e+02 1.680000e+02 3.643229e+01
      vertex   2.593750e+02 1.700000e+02 3.650000e+01
      vertex   2.602354e+02 1.700000e+02 3.643229e+01
    endloop
  endfacet
  facet normal -2.334454e-01 0.000000e+00 -9.723699e-01
    outer loop
      vertex   2.602354e+02 1.680000e+02 3.643229e+01
      vertex   2.602354e+02 1.700000e+02 3.643229e+01
      vertex   2.610746e+02 1.680000e+02 3.623081e+01
    endloop
  endfacet
  facet normal -2.334454e-01 0.000000e+00 -9.723699e-01
    outer loop
      vertex   2.610746e+02 1.680000e+02 3.623081e+01
      vertex   2.602354e+02 1.700000e+02 3.643229e+01
      vertex   2.610746e+02 1.700000e+02 3.623081e+01
    endloop
  endfacet
  facet normal -3.826834e-01 0.000000e+00 -9.238795e-01
    outer loop
      vertex   2.610746e+02 1.680000e+02 3.623081e+01
      vertex   2.610746e+02 1.700000e+02 3.623081e+01
      vertex   2.618719e+02 1.680000e+02 3.590054e+01
    endloop
  endfacet
  facet normal -3.826834e-01 0.000000e+00 -9.238795e-01
    outer loop
      vertex   2.618719e+02 1.680000e+02 3.590054e+01
      vertex   2.610746e+02 1.700000e+02 3.623081e+01
      vertex   2.618719e+02 1.700000e+02 3.590054e+01
    endloop
  endfacet
  facet normal -5.224986e-01 0.000000e+00 -8.526402e-01
    outer loop
      vertex   2.618719e+02 1.680000e+02 3.590054e+01
      vertex   2.618719e+02 1.700000e+02 3.590054e+01
      vertex   2.626078e+02 1.680000e+02 3.544959e+01
    endloop
  endfacet
  facet normal -5.224986e-01 0.000000e+00 -8.526402e-01
    outer loop
      vertex   2.626078e+02 1.680000e+02 3.544959e+01
      vertex   2.618719e+02 1.700000e+02 3.590054e+01
      vertex   2.626078e+02 1.700000e+02 3.544959e+01
    endloop
  endfacet
  facet normal -6.494480e-01 0.000000e+00 -7.604060e-01
    outer loop
      vertex   2.626078e+02 1.680000e+02 3.544959e+01
      vertex   2.626078e+02 1.700000e+02 3.544959e+01
      vertex   2.632641e+02 1.680000e+02 3.488909e+01
    endloop
  endfacet
  facet normal -6.494480e-01 0.000000e+00 -7.604060e-01
    outer loop
      vertex   2.632641e+02 1.680000e+02 3.488909e+01
      vertex   2.626078e+02 1.700000e+02 3.544959e+01
      vertex   2.632641e+02 1.700000e+02 3.488909e+01
    endloop
  endfacet
  facet normal -7.604060e-01 0.000000e+00 -6.494480e-01
    outer loop
      vertex   2.632641e+02 1.680000e+02 3.488909e+01
      vertex   2.632641e+02 1.700000e+02 3.488909e+01
      vertex   2.638246e+02 1.680000e+02 3.423282e+01
    endloop
  endfacet
  facet normal -7.604060e-01 0.000000e+00 -6.494480e-01
    outer loop
      vertex   2.638246e+02 1.680000e+02 3.423282e+01
      vertex   2.632641e+02 1.700000e+02 3.488909e+01
      vertex   2.638246e+02 1.700000e+02 3.423282e+01
    endloop
  endfacet
  facet normal -8.526402e-01 0.000000e+00 -5.224986e-01
    outer loop
      vertex   2.638246e+02 1.680000e+02 3.423282e+01
      vertex   2.638246e+02 1.700000e+02 3.423282e+01
      vertex   2.642755e+02 1.680000e+02 3.349695e+01
    endloop
  endfacet
  facet normal -8.526402e-01 0.000000e+00 -5.224986e-01
    outer loop
      vertex   2.642755e+02 1.680000e+02 3.349695e+01
      vertex   2.638246e+02 1.700000e+02 3.423282e+01
      vertex   2.642755e+02 1.700000e+02 3.349695e+01
    endloop
  endfacet
  facet normal -9.238795e-01 0.000000e+00 -3.826834e-01
    outer loop
      vertex   2.642755e+02 1.680000e+02 3.349695e+01
      vertex   2.642755e+02 1.700000e+02 3.349695e+01
      vertex   2.646058e+02 1.680000e+02 3.269959e+01
    endloop
  endfacet
  facet normal -9.238795e-01 0.000000e+00 -3.826834e-01
    outer loop
      vertex   2.646058e+02 1.680000e+02 3.269959e+01
      vertex   2.642755e+02 1.700000e+02 3.349695e+01
      vertex   2.646058e+02 1.700000e+02 3.269959e+01
    endloop
  endfacet
  facet normal -9.723699e-01 0.000000e+00 -2.334454e-01
    outer loop
      vertex   2.646058e+02 1.680000e+02 3.269959e+01
      vertex   2.646058e+02 1.700000e+02 3.269959e+01
      vertex   2.648073e+02 1.680000e+02 3.186039e+01
    endloop
  endfacet
  facet normal -9.723699e-01 0.000000e+00 -2.334454e-01
    outer loop
      vertex   2.648073e+02 1.680000e+02 3.186039e+01
      vertex   2.646058e+02 1.700000e+02 3.269959e+01
      vertex   2.648073e+02 1.700000e+02 3.186039e+01
    endloop
  endfacet
  facet normal -9.969173e-01 0.000000e+00 -7.845910e-02
    outer loop
      vertex   2.648073e+02 1.680000e+02 3.186039e+01
      vertex   2.648073e+02 1.700000e+02 3.186039e+01
      vertex   2.648750e+02 1.680000e+02 3.100000e+01
    endloop
  endfacet
  facet normal -9.969173e-01 0.000000e+00 -7.845910e-02
    outer loop
      vertex   2.648750e+02 1.680000e+02 3.100000e+01
      vertex   2.648073e+02 1.700000e+02 3.186039e+01
      vertex   2.648750e+02 1.700000e+02 3.100000e+01
    endloop
  endfacet
  facet normal -1.000000e+00 -0.000000e+00 -0.000000e+00
    outer loop
      vertex   2.448750e+02 1.700000e+02 3.100000e+01
      vertex   2.448750e+02 1.700000e+02 2.500000e+01
      vertex   2.448750e+02 1.680000e+02 3.100000e+01
    endloop
  endfacet
  facet normal -1.000000e+00 0.000000e+00 0.000000e+00
    outer loop
      vertex   2.448750e+02 1.680000e+02 3.100000e+01
      vertex   2.448750e+02 1.700000e+02 2.500000e+01
      vertex   2.448750e+02 1.680000e+02 2.500000e+01
    endloop
  endfacet
  facet normal 1.000000e+00 0.000000e+00 -0.000000e+00
    outer loop
      vertex   2.338750e+02 1.700000e+02 2.500000e+01
      vertex   2.338750e+02 1.700000e+02 3.100000e+01
      vertex   2.338750e+02 1.680000e+02 2.500000e+01
    endloop
  endfacet
  facet normal 1.000000e+00 0.000000e+00 0.000000e+00
    outer loop
      vertex   2.338750e+02 1.680000e+02 2.500000e+01
      vertex   2.338750e+02 1.700000e+02 3.100000e+01
      vertex   2.338750e+02 1.680000e+02 3.100000e+01
    endloop
  endfacet
  facet normal 9.969173e-01 0.000000e+00 -7.845910e-02
    outer loop
      vertex   2.338750e+02 1.680000e+02 3.100000e+01
      vertex   2.338750e+02 1.700000e+02 3.100000e+01
      vertex   2.339427e+02 1.680000e+02 3.186039e+01
    endloop
  endfacet
  facet normal 9.969173e-01 0.000000e+00 -7.845910e-02
    outer loop
      vertex   2.339427e+02 1.680000e+02 3.186039e+01
      vertex   2.338750e+02 1.700000e+02 3.100000e+01
      vertex   2.339427e+02 1.700000e+02 3.186039e+01
    endloop
  endfacet
  facet normal 9.723699e-01 0.000000e+00 -2.334454e-01
    outer loop
      vertex   2.339427e+02 1.680000e+02 3.186039e+01
      vertex   2.339427e+02 1.700000e+02 3.186039e+01
      vertex   2.341442e+02 1.680000e+02 3.269959e+01
    endloop
  endfacet
  facet normal 9.723699e-01 0.000000e+00 -2.334454e-01
    outer loop
      vertex   2.341442e+02 1.680000e+02 3.269959e+01
      vertex   2.339427e+02 1.700000e+02 3.186039e+01
      vertex   2.341442e+02 1.700000e+02 3.269959e+01
    endloop
  endfacet
  facet normal 9.238795e-01 0.000000e+00 -3.826834e-01
    outer loop
      vertex   2.341442e+02 1.680000e+02 3.269959e+01
      vertex   2.341442e+02 1.700000e+02 3.269959e+01
      vertex   2.344745e+02 1.680000e+02 3.349695e+01
    endloop
  endfacet
  facet normal 9.238795e-01 0.000000e+00 -3.826834e-01
    outer loop
      vertex   2.344745e+02 1.680000e+02 3.349695e+01
      vertex   2.341442e+02 1.700000e+02 3.269959e+01
      vertex   2.344745e+02 1.700000e+02 3.349695e+01
    endloop
  endfacet
  facet normal 8.526402e-01 0.000000e+00 -5.224986e-01
    outer loop
      vertex   2.344745e+02 1.680000e+02 3.349695e+01
      vertex   2.344745e+02 1.700000e+02 3.349695e+01
      vertex   2.349254e+02 1.680000e+02 3.423282e+01
    endloop
  endfacet
  facet normal 8.526402e-01 0.000000e+00 -5.224986e-01
    outer loop
      vertex   2.349254e+02 1.680000e+02 3.423282e+01
      vertex   2.344745e+02 1.700000e+02 3.349695e+01
      vertex   2.349254e+02 1.700000e+02 3.423282e+01
    endloop
  endfacet
  facet normal 7.604060e-01 0.000000e+00 -6.494480e-01
    outer loop
      vertex   2.349254e+02 1.680000e+02 3.423282e+01
      vertex   2.349254e+02 1.700000e+02 3.423282e+01
      vertex   2.354859e+02 1.680000e+02 3.488909e+01
    endloop
  endfacet
  facet normal 7.604060e-01 0.000000e+00 -6.494480e-01
    outer loop
      vertex   2.354859e+02 1.680000e+02 3.488909e+01
      vertex   2.349254e+02 1.700000e+02 3.423282e+01
      vertex   2.354859e+02 1.700000e+02 3.488909e+01
    endloop
  endfacet
  facet normal 6.494480e-01 0.000000e+00 -7.604060e-01
    outer loop
      vertex   2.354859e+02 1.680000e+02 3.488909e+01
      vertex   2.354859e+02 1.700000e+02 3.488909e+01
      vertex   2.361422e+02 1.680000e+02 3.544959e+01
    endloop
  endfacet
  facet normal 6.494480e-01 0.000000e+00 -7.604060e-01
    outer loop
      vertex   2.361422e+02 1.680000e+02 3.544959e+01
      vertex   2.354859e+02 1.700000e+02 3.488909e+01
      vertex   2.361422e+02 1.700000e+02 3.544959e+01
    endloop
  endfacet
  facet normal 5.224986e-01 0.000000e+00 -8.526402e-01
    outer loop
      vertex   2.361422e+02 1.680000e+02 3.544959e+01
      vertex   2.361422e+02 1.700000e+02 3.544959e+01
      vertex   2.368781e+02 1.680000e+02 3.590054e+01
    endloop
  endfacet
  facet normal 5.224986e-01 0.000000e+00 -8.526402e-01
    outer loop
      vertex   2.368781e+02 1.680000e+02 3.590054e+01
      vertex   2.361422e+02 1.700000e+02 3.544959e+01
      vertex   2.368781e+02 1.700000e+02 3.590054e+01
    endloop
  endfacet
  facet normal 3.826834e-01 0.000000e+00 -9.238795e-01
    outer loop
      vertex   2.368781e+02 1.680000e+02 3.590054e+01
      vertex   2.368781e+02 1.700000e+02 3.590054e+01
      vertex   2.376754e+02 1.680000e+02 3.623081e+01
    endloop
  endfacet
  facet normal 3.826834e-01 0.000000e+00 -9.238795e-01
    outer loop
      vertex   2.376754e+02 1.680000e+02 3.623081e+01
      vertex   2.368781e+02 1.700000e+02 3.590054e+01
      vertex   2.376754e+02 1.700000e+02 3.623081e+01
    endloop
  endfacet
  facet normal 2.334454e-01 0.000000e+00 -9.723699e-01
    outer loop
      vertex   2.376754e+02 1.680000e+02 3.623081e+01
      vertex   2.376754e+02 1.700000e+02 3.623081e+01
      vertex   2.385146e+02 1.680000e+02 3.643229e+01
    endloop
  endfacet
  facet normal 2.334454e-01 0.000000e+00 -9.723699e-01
    outer loop
      vertex   2.385146e+02 1.680000e+02 3.643229e+01
      vertex   2.376754e+02 1.700000e+02 3.623081e+01
      vertex   2.385146e+02 1.700000e+02 3.643229e+01
    endloop
  endfacet
  facet normal 7.845910e-02 0.000000e+00 -9.969173e-01
    outer loop
      vertex   2.385146e+02 1.680000e+02 3.643229e+01
      vertex   2.385146e+02 1.700000e+02 3.643229e+01
      vertex   2.393750e+02 1.680000e+02 3.650000e+01
    endloop
  endfacet
  facet normal 7.845910e-02 0.000000e+00 -9.969173e-01
    outer loop
      vertex   2.393750e+02 1.680000e+02 3.650000e+01
      vertex   2.385146e+02 1.700000e+02 3.643229e+01
      vertex   2.393750e+02 1.700000e+02 3.650000e+01
    endloop
  endfacet
  facet normal -7.845910e-02 0.000000e+00 -9.969173e-01
    outer loop
      vertex   2.393750e+02 1.680000e+02 3.650000e+01
      vertex   2.393750e+02 1.700000e+02 3.650000e+01
      vertex   2.402354e+02 1.680000e+02 3.643229e+01
    endloop
  endfacet
  facet normal -7.845910e-02 0.000000e+00 -9.969173e-01
    outer loop
      vertex   2.402354e+02 1.680000e+02 3.643229e+01
      vertex   2.393750e+02 1.700000e+02 3.650000e+01
      vertex   2.402354e+02 1.700000e+02 3.643229e+01
    endloop
  endfacet
  facet normal -2.334454e-01 0.000000e+00 -9.723699e-01
    outer loop
      vertex   2.402354e+02 1.680000e+02 3.643229e+01
      vertex   2.402354e+02 1.700000e+02 3.643229e+01
      vertex   2.410746e+02 1.680000e+02 3.623081e+01
    endloop
  endfacet
  facet normal -2.334454e-01 0.000000e+00 -9.723699e-01
    outer loop
      vertex   2.410746e+02 1.680000e+02 3.623081e+01
      vertex   2.402354e+02 1.700000e+02 3.643229e+01
      vertex   2.410746e+02 1.700000e+02 3.623081e+01
    endloop
  endfacet
  facet normal -3.826834e-01 0.000000e+00 -9.238795e-01
    outer loop
      vertex   2.410746e+02 1.680000e+02 3.623081e+01
      vertex   2.410746e+02 1.700000e+02 3.623081e+01
      vertex   2.418719e+02 1.680000e+02 3.590054e+01
    endloop
  endfacet
  facet normal -3.826834e-01 0.000000e+00 -9.238795e-01
    outer loop
      vertex   2.418719e+02 1.680000e+02 3.590054e+01
      vertex   2.410746e+02 1.700000e+02 3.623081e+01
      vertex   2.418719e+02 1.700000e+02 3.590054e+01
    endloop
  endfacet
  facet normal -5.224986e-01 0.000000e+00 -8.526402e-01
    outer loop
      vertex   2.418719e+02 1.680000e+02 3.590054e+01
      vertex   2.418719e+02 1.700000e+02 3.590054e+01
      vertex   2.426078e+02 1.680000e+02 3.544959e+01
    endloop
  endfacet
  facet normal -5.224986e-01 0.000000e+00 -8.526402e-01
    outer loop
      vertex   2.426078e+02 1.680000e+02 3.544959e+01
      vertex   2.418719e+02 1.700000e+02 3.590054e+01
      vertex   2.426078e+02 1.700000e+02 3.544959e+01
    endloop
  endfacet
  facet normal -6.494480e-01 0.000000e+00 -7.604060e-01
    outer loop
      vertex   2.426078e+02 1.680000e+02 3.544959e+01
      vertex   2.426078e+02 1.700000e+02 3.544959e+01
      vertex   2.432641e+02 1.680000e+02 3.488909e+01
    endloop
  endfacet
  facet normal -6.494480e-01 0.000000e+00 -7.604060e-01
    outer loop
      vertex   2.432641e+02 1.680000e+02 3.488909e+01
      vertex   2.426078e+02 1.700000e+02 3.544959e+01
      vertex   2.432641e+02 1.700000e+02 3.488909e+01
    endloop
  endfacet
  facet normal -7.604060e-01 0.000000e+00 -6.494480e-01
    outer loop
      vertex   2.432641e+02 1.680000e+02 3.488909e+01
      vertex   2.432641e+02 1.700000e+02 3.488909e+01
      vertex   2.438246e+02 1.680000e+02 3.423282e+01
    endloop
  endfacet
  facet normal -7.604060e-01 0.000000e+00 -6.494480e-01
    outer loop
      vertex   2.438246e+02 1.680000e+02 3.423282e+01
      vertex   2.432641e+02 1.700000e+02 3.488909e+01
      vertex   2.438246e+02 1.700000e+02 3.423282e+01
    endloop
  endfacet
  facet normal -8.526402e-01 0.000000e+00 -5.224986e-01
    outer loop
      vertex   2.438246e+02 1.680000e+02 3.423282e+01
      vertex   2.438246e+02 1.700000e+02 3.423282e+01
      vertex   2.442755e+02 1.680000e+02 3.349695e+01
    endloop
  endfacet
  facet normal -8.526402e-01 0.000000e+00 -5.224986e-01
    outer loop
      vertex   2.442755e+02 1.680000e+02 3.349695e+01
      vertex   2.438246e+02 1.700000e+02 3.423282e+01
      vertex   2.442755e+02 1.700000e+02 3.349695e+01
    endloop
  endfacet
  facet normal -9.238795e-01 0.000000e+00 -3.826834e-01
    outer loop
      vertex   2.442755e+02 1.680000e+02 3.349695e+01
      vertex   2.442755e+02 1.700000e+02 3.349695e+01
      vertex   2.446058e+02 1.680000e+02 3.269959e+01
    endloop
  endfacet
  facet normal -9.238795e-01 0.000000e+00 -3.826834e-01
    outer loop
      vertex   2.446058e+02 1.680000e+02 3.269959e+01
      vertex   2.442755e+02 1.700000e+02 3.349695e+01
      vertex   2.446058e+02 1.700000e+02 3.269959e+01
    endloop
  endfacet
  facet normal -9.723699e-01 0.000000e+00 -2.334454e-01
    outer loop
      vertex   2.446058e+02 1.680000e+02 3.269959e+01
      vertex   2.446058e+02 1.700000e+02 3.269959e+01
      vertex   2.448073e+02 1.680000e+02 3.186039e+01
    endloop
  endfacet
  facet normal -9.723699e-01 0.000000e+00 -2.334454e-01
    outer loop
      vertex   2.448073e+02 1.680000e+02 3.186039e+01
      vertex   2.446058e+02 1.700000e+02 3.269959e+01
      vertex   2.448073e+02 1.700000e+02 3.186039e+01
    endloop
  endfacet
  facet normal -9.969173e-01 0.000000e+00 -7.845910e-02
    outer loop
      vertex   2.448073e+02 1.680000e+02 3.186039e+01
      vertex   2.448073e+02 1.700000e+02 3.186039e+01
      vertex   2.448750e+02 1.680000e+02 3.100000e+01
    endloop
  endfacet
  facet normal -9.969173e-01 0.000000e+00 -7.845910e-02
    outer loop
      vertex   2.448750e+02 1.680000e+02 3.100000e+01
      vertex   2.448073e+02 1.700000e+02 3.186039e+01
      vertex   2.448750e+02 1.700000e+02 3.100000e+01
    endloop
  endfacet
  facet normal 1.000000e+00 0.000000e+00 -0.000000e+00
    outer loop
      vertex   2.738750e+02 1.700000e+02 2.500000e+01
      vertex   2.738750e+02 1.700000e+02 3.100000e+01
      vertex   2.738750e+02 1.680000e+02 2.500000e+01
    endloop
  endfacet
  facet normal 1.000000e+00 0.000000e+00 0.000000e+00
    outer loop
      vertex   2.738750e+02 1.680000e+02 2.500000e+01
      vertex   2.738750e+02 1.700000e+02 3.100000e+01
      vertex   2.738750e+02 1.680000e+02 3.100000e+01
    endloop
  endfacet
  facet normal 9.969173e-01 0.000000e+00 -7.845910e-02
    outer loop
      vertex   2.738750e+02 1.680000e+02 3.100000e+01
      vertex   2.738750e+02 1.700000e+02 3.100000e+01
      vertex   2.739427e+02 1.680000e+02 3.186039e+01
    endloop
  endfacet
  facet normal 9.969173e-01 2.787427e-16 -7.845910e-02
    outer loop
      vertex   2.739427e+02 1.680000e+02 3.186039e+01
      vertex   2.738750e+02 1.700000e+02 3.100000e+01
      vertex   2.739427e+02 1.700000e+02 3.186039e+01
    endloop
  endfacet
  facet normal 9.723699e-01 8.293645e-16 -2.334454e-01
    outer loop
      vertex   2.739427e+02 1.680000e+02 3.186039e+01
      vertex   2.739427e+02 1.700000e+02 3.186039e+01
      vertex   2.741442e+02 1.680000e+02 3.269959e+01
    endloop
  endfacet
  facet normal 9.723699e-01 0.000000e+00 -2.334454e-01
    outer loop
      vertex   2.741442e+02 1.680000e+02 3.269959e+01
      vertex   2.739427e+02 1.700000e+02 3.186039e+01
      vertex   2.741442e+02 1.700000e+02 3.269959e+01
    endloop
  endfacet
  facet normal 9.238795e-01 0.000000e+00 -3.826834e-01
    outer loop
      vertex   2.741442e+02 1.680000e+02 3.269959e+01
      vertex   2.741442e+02 1.700000e+02 3.269959e+01
      vertex   2.744745e+02 1.680000e+02 3.349695e+01
    endloop
  endfacet
  facet normal 9.238795e-01 0.000000e+00 -3.826834e-01
    outer loop
      vertex   2.744745e+02 1.680000e+02 3.349695e+01
      vertex   2.741442e+02 1.700000e+02 3.269959e+01
      vertex   2.744745e+02 1.700000e+02 3.349695e+01
    endloop
  endfacet
  facet normal 8.526402e-01 0.000000e+00 -5.224986e-01
    outer loop
      vertex   2.744745e+02 1.680000e+02 3.349695e+01
      vertex   2.744745e+02 1.700000e+02 3.349695e+01
      vertex   2.749254e+02 1.680000e+02 3.423282e+01
    endloop
  endfacet
  facet normal 8.526402e-01 0.000000e+00 -5.224986e-01
    outer loop
      vertex   2.749254e+02 1.680000e+02 3.423282e+01
      vertex   2.744745e+02 1.700000e+02 3.349695e+01
      vertex   2.749254e+02 1.700000e+02 3.423282e+01
    endloop
  endfacet
  facet normal 7.604060e-01 0.000000e+00 -6.494480e-01
    outer loop
      vertex   2.749254e+02 1.680000e+02 3.423282e+01
      vertex   2.749254e+02 1.700000e+02 3.423282e+01
      vertex   2.754859e+02 1.680000e+02 3.488909e+01
    endloop
  endfacet
  facet normal 7.604060e-01 0.000000e+00 -6.494480e-01
    outer loop
      vertex   2.754859e+02 1.680000e+02 3.488909e+01
      vertex   2.749254e+02 1.700000e+02 3.423282e+01
      vertex   2.754859e+02 1.700000e+02 3.488909e+01
    endloop
  endfacet
  facet normal 6.494480e-01 0.000000e+00 -7.604060e-01
    outer loop
      vertex   2.754859e+02 1.680000e+02 3.488909e+01
      vertex   2.754859e+02 1.700000e+02 3.488909e+01
      vertex   2.761422e+02 1.680000e+02 3.544959e+01
    endloop
  endfacet
  facet normal 6.494480e-01 0.000000e+00 -7.604060e-01
    outer loop
      vertex   2.761422e+02 1.680000e+02 3.544959e+01
      vertex   2.754859e+02 1.700000e+02 3.488909e+01
      vertex   2.761422e+02 1.700000e+02 3.544959e+01
    endloop
  endfacet
  facet normal 5.224986e-01 0.000000e+00 -8.526402e-01
    outer loop
      vertex   2.761422e+02 1.680000e+02 3.544959e+01
      vertex   2.761422e+02 1.700000e+02 3.544959e+01
      vertex   2.768781e+02 1.680000e+02 3.590054e+01
    endloop
  endfacet
  facet normal 5.224986e-01 0.000000e+00 -8.526402e-01
    outer loop
      vertex   2.768781e+02 1.680000e+02 3.590054e+01
      vertex   2.761422e+02 1.700000e+02 3.544959e+01
      vertex   2.768781e+02 1.700000e+02 3.590054e+01
    endloop
  endfacet
  facet normal 3.826834e-01 0.000000e+00 -9.238795e-01
    outer loop
      vertex   2.768781e+02 1.680000e+02 3.590054e+01
      vertex   2.768781e+02 1.700000e+02 3.590054e+01
      vertex   2.776754e+02 1.680000e+02 3.623081e+01
    endloop
  endfacet
  facet normal 3.826834e-01 0.000000e+00 -9.238795e-01
    outer loop
      vertex   2.776754e+02 1.680000e+02 3.623081e+01
      vertex   2.768781e+02 1.700000e+02 3.590054e+01
      vertex   2.776754e+02 1.700000e+02 3.623081e+01
    endloop
  endfacet
  facet normal 2.334454e-01 0.000000e+00 -9.723699e-01
    outer loop
      vertex   2.776754e+02 1.680000e+02 3.623081e+01
      vertex   2.776754e+02 1.700000e+02 3.623081e+01
      vertex   2.785146e+02 1.680000e+02 3.643229e+01
    endloop
  endfacet
  facet normal 2.334454e-01 0.000000e+00 -9.723699e-01
    outer loop
      vertex   2.785146e+02 1.680000e+02 3.643229e+01
      vertex   2.776754e+02 1.700000e+02 3.623081e+01
      vertex   2.785146e+02 1.700000e+02 3.643229e+01
    endloop
  endfacet
  facet normal 7.845910e-02 0.000000e+00 -9.969173e-01
    outer loop
      vertex   2.785146e+02 1.680000e+02 3.643229e+01
      vertex   2.785146e+02 1.700000e+02 3.643229e+01
      vertex   2.793750e+02 1.680000e+02 3.650000e+01
    endloop
  endfacet
  facet normal 7.845910e-02 0.000000e+00 -9.969173e-01
    outer loop
      vertex   2.793750e+02 1.680000e+02 3.650000e+01
      vertex   2.785146e+02 1.700000e+02 3.643229e+01
      vertex   2.793750e+02 1.700000e+02 3.650000e+01
    endloop
  endfacet
  facet normal -7.845910e-02 0.000000e+00 -9.969173e-01
    outer loop
      vertex   2.793750e+02 1.680000e+02 3.650000e+01
      vertex   2.793750e+02 1.700000e+02 3.650000e+01
      vertex   2.802354e+02 1.680000e+02 3.643229e+01
    endloop
  endfacet
  facet normal -7.845910e-02 0.000000e+00 -9.969173e-01
    outer loop
      vertex   2.802354e+02 1.680000e+02 3.643229e+01
      vertex   2.793750e+02 1.700000e+02 3.650000e+01
      vertex   2.802354e+02 1.700000e+02 3.643229e+01
    endloop
  endfacet
  facet normal -2.334454e-01 0.000000e+00 -9.723699e-01
    outer loop
      vertex   2.802354e+02 1.680000e+02 3.643229e+01
      vertex   2.802354e+02 1.700000e+02 3.643229e+01
      vertex   2.810746e+02 1.680000e+02 3.623081e+01
    endloop
  endfacet
  facet normal -2.334454e-01 0.000000e+00 -9.723699e-01
    outer loop
      vertex   2.810746e+02 1.680000e+02 3.623081e+01
      vertex   2.802354e+02 1.700000e+02 3.643229e+01
      vertex   2.810746e+02 1.700000e+02 3.623081e+01
    endloop
  endfacet
  facet normal -3.826834e-01 0.000000e+00 -9.238795e-01
    outer loop
      vertex   2.810746e+02 1.680000e+02 3.623081e+01
      vertex   2.810746e+02 1.700000e+02 3.623081e+01
      vertex   2.818719e+02 1.680000e+02 3.590054e+01
    endloop
  endfacet
  facet normal -3.826834e-01 -1.087652e-14 -9.238795e-01
    outer loop
      vertex   2.818719e+02 1.680000e+02 3.590054e+01
      vertex   2.810746e+02 1.700000e+02 3.623081e+01
      vertex   2.818719e+02 1.700000e+02 3.590054e+01
    endloop
  endfacet
  facet normal -5.224986e-01 -1.485030e-14 -8.526402e-01
    outer loop
      vertex   2.818719e+02 1.680000e+02 3.590054e+01
      vertex   2.818719e+02 1.700000e+02 3.590054e+01
      vertex   2.826078e+02 1.680000e+02 3.544959e+01
    endloop
  endfacet
  facet normal -5.224986e-01 0.000000e+00 -8.526402e-01
    outer loop
      vertex   2.826078e+02 1.680000e+02 3.544959e+01
      vertex   2.818719e+02 1.700000e+02 3.590054e+01
      vertex   2.826078e+02 1.700000e+02 3.544959e+01
    endloop
  endfacet
  facet normal -6.494480e-01 0.000000e+00 -7.604060e-01
    outer loop
      vertex   2.826078e+02 1.680000e+02 3.544959e+01
      vertex   2.826078e+02 1.700000e+02 3.544959e+01
      vertex   2.832641e+02 1.680000e+02 3.488909e+01
    endloop
  endfacet
  facet normal -6.494480e-01 2.701505e-15 -7.604060e-01
    outer loop
      vertex   2.832641e+02 1.680000e+02 3.488909e+01
      vertex   2.826078e+02 1.700000e+02 3.544959e+01
      vertex   2.832641e+02 1.700000e+02 3.488909e+01
    endloop
  endfacet
  facet normal -7.604060e-01 2.307303e-15 -6.494480e-01
    outer loop
      vertex   2.832641e+02 1.680000e+02 3.488909e+01
      vertex   2.832641e+02 1.700000e+02 3.488909e+01
      vertex   2.838246e+02 1.680000e+02 3.423282e+01
    endloop
  endfacet
  facet normal -7.604060e-01 0.000000e+00 -6.494480e-01
    outer loop
      vertex   2.838246e+02 1.680000e+02 3.423282e+01
      vertex   2.832641e+02 1.700000e+02 3.488909e+01
      vertex   2.838246e+02 1.700000e+02 3.423282e+01
    endloop
  endfacet
  facet normal -8.526402e-01 0.000000e+00 -5.224986e-01
    outer loop
      vertex   2.838246e+02 1.680000e+02 3.423282e+01
      vertex   2.838246e+02 1.700000e+02 3.423282e+01
      vertex   2.842755e+02 1.680000e+02 3.349695e+01
    endloop
  endfacet
  facet normal -8.526402e-01 0.000000e+00 -5.224986e-01
    outer loop
      vertex   2.842755e+02 1.680000e+02 3.349695e+01
      vertex   2.838246e+02 1.700000e+02 3.423282e+01
      vertex   2.842755e+02 1.700000e+02 3.349695e+01
    endloop
  endfacet
  facet normal -9.238795e-01 0.000000e+00 -3.826834e-01
    outer loop
      vertex   2.842755e+02 1.680000e+02 3.349695e+01
      vertex   2.842755e+02 1.700000e+02 3.349695e+01
      vertex   2.846058e+02 1.680000e+02 3.269959e+01
    endloop
  endfacet
  facet normal -9.238795e-01 0.000000e+00 -3.826834e-01
    outer loop
      vertex   2.846058e+02 1.680000e+02 3.269959e+01
      vertex   2.842755e+02 1.700000e+02 3.349695e+01
      vertex   2.846058e+02 1.700000e+02 3.269959e+01
    endloop
  endfacet
  facet normal -9.723699e-01 0.000000e+00 -2.334454e-01
    outer loop
      vertex   2.846058e+02 1.680000e+02 3.269959e+01
      vertex   2.846058e+02 1.700000e+02 3.269959e+01
      vertex   2.848073e+02 1.680000e+02 3.186039e+01
    endloop
  endfacet
  facet normal -9.723699e-01 0.000000e+00 -2.334454e-01
    outer loop
      vertex   2.848073e+02 1.680000e+02 3.186039e+01
      vertex   2.846058e+02 1.700000e+02 3.269959e+01
      vertex   2.848073e+02 1.700000e+02 3.186039e+01
    endloop
  endfacet
  facet normal -9.969173e-01 0.000000e+00 -7.845910e-02
    outer loop
      vertex   2.848073e+02 1.680000e+02 3.186039e+01
      vertex   2.848073e+02 1.700000e+02 3.186039e+01
      vertex   2.848750e+02 1.680000e+02 3.100000e+01
    endloop
  endfacet
  facet normal -9.969173e-01 0.000000e+00 -7.845910e-02
    outer loop
      vertex   2.848750e+02 1.680000e+02 3.100000e+01
      vertex   2.848073e+02 1.700000e+02 3.186039e+01
      vertex   2.848750e+02 1.700000e+02 3.100000e+01
    endloop
  endfacet
  facet normal -1.000000e+00 -0.000000e+00 -0.000000e+00
    outer loop
      vertex   2.848750e+02 1.700000e+02 3.100000e+01
      vertex   2.848750e+02 1.700000e+02 2.500000e+01
      vertex   2.848750e+02 1.680000e+02 3.100000e+01
    endloop
  endfacet
  facet normal -1.000000e+00 0.000000e+00 0.000000e+00
    outer loop
      vertex   2.848750e+02 1.680000e+02 3.100000e+01
      vertex   2.848750e+02 1.700000e+02 2.500000e+01
      vertex   2.848750e+02 1.680000e+02 2.500000e+01
    endloop
  endfacet
  facet normal -1.000000e+00 -0.000000e+00 -0.000000e+00
    outer loop
      vertex   2.248750e+02 1.700000e+02 3.100000e+01
      vertex   2.248750e+02 1.700000e+02 2.500000e+01
      vertex   2.248750e+02 1.680000e+02 3.100000e+01
    endloop
  endfacet
  facet normal -1.000000e+00 0.000000e+00 0.000000e+00
    outer loop
      vertex   2.248750e+02 1.680000e+02 3.100000e+01
      vertex   2.248750e+02 1.700000e+02 2.500000e+01
      vertex   2.248750e+02 1.680000e+02 2.500000e+01
    endloop
  endfacet
  facet normal 1.000000e+00 0.000000e+00 -9.473903e-15
    outer loop
      vertex   2.138750e+02 1.700000e+02 2.500000e+01
      vertex   2.138750e+02 1.700000e+02 3.100000e+01
      vertex   2.138750e+02 1.680000e+02 2.500000e+01
    endloop
  endfacet
  facet normal 1.000000e+00 0.000000e+00 -9.473903e-15
    outer loop
      vertex   2.138750e+02 1.680000e+02 2.500000e+01
      vertex   2.138750e+02 1.700000e+02 3.100000e+01
      vertex   2.138750e+02 1.680000e+02 3.100000e+01
    endloop
  endfacet
  facet normal 9.969173e-01 0.000000e+00 -7.845910e-02
    outer loop
      vertex   2.138750e+02 1.680000e+02 3.100000e+01
      vertex   2.138750e+02 1.700000e+02 3.100000e+01
      vertex   2.139427e+02 1.680000e+02 3.186039e+01
    endloop
  endfacet
  facet normal 9.969173e-01 0.000000e+00 -7.845910e-02
    outer loop
      vertex   2.139427e+02 1.680000e+02 3.186039e+01
      vertex   2.138750e+02 1.700000e+02 3.100000e+01
      vertex   2.139427e+02 1.700000e+02 3.186039e+01
    endloop
  endfacet
  facet normal 9.723699e-01 0.000000e+00 -2.334454e-01
    outer loop
      vertex   2.139427e+02 1.680000e+02 3.186039e+01
      vertex   2.139427e+02 1.700000e+02 3.186039e+01
      vertex   2.141442e+02 1.680000e+02 3.269959e+01
    endloop
  endfacet
  facet normal 9.723699e-01 0.000000e+00 -2.334454e-01
    outer loop
      vertex   2.141442e+02 1.680000e+02 3.269959e+01
      vertex   2.139427e+02 1.700000e+02 3.186039e+01
      vertex   2.141442e+02 1.700000e+02 3.269959e+01
    endloop
  endfacet
  facet normal 9.238795e-01 0.000000e+00 -3.826834e-01
    outer loop
      vertex   2.141442e+02 1.680000e+02 3.269959e+01
      vertex   2.141442e+02 1.700000e+02 3.269959e+01
      vertex   2.144745e+02 1.680000e+02 3.349695e+01
    endloop
  endfacet
  facet normal 9.238795e-01 0.000000e+00 -3.826834e-01
    outer loop
      vertex   2.144745e+02 1.680000e+02 3.349695e+01
      vertex   2.141442e+02 1.700000e+02 3.269959e+01
      vertex   2.144745e+02 1.700000e+02 3.349695e+01
    endloop
  endfacet
  facet normal 8.526402e-01 0.000000e+00 -5.224986e-01
    outer loop
      vertex   2.144745e+02 1.680000e+02 3.349695e+01
      vertex   2.144745e+02 1.700000e+02 3.349695e+01
      vertex   2.149254e+02 1.680000e+02 3.423282e+01
    endloop
  endfacet
  facet normal 8.526402e-01 0.000000e+00 -5.224986e-01
    outer loop
      vertex   2.149254e+02 1.680000e+02 3.423282e+01
      vertex   2.144745e+02 1.700000e+02 3.349695e+01
      vertex   2.149254e+02 1.700000e+02 3.423282e+01
    endloop
  endfacet
  facet normal 7.604060e-01 0.000000e+00 -6.494480e-01
    outer loop
      vertex   2.149254e+02 1.680000e+02 3.423282e+01
      vertex   2.149254e+02 1.700000e+02 3.423282e+01
      vertex   2.154859e+02 1.680000e+02 3.488909e+01
    endloop
  endfacet
  facet normal 7.604060e-01 0.000000e+00 -6.494480e-01
    outer loop
      vertex   2.154859e+02 1.680000e+02 3.488909e+01
      vertex   2.149254e+02 1.700000e+02 3.423282e+01
      vertex   2.154859e+02 1.700000e+02 3.488909e+01
    endloop
  endfacet
  facet normal 6.494480e-01 0.000000e+00 -7.604060e-01
    outer loop
      vertex   2.154859e+02 1.680000e+02 3.488909e+01
      vertex   2.154859e+02 1.700000e+02 3.488909e+01
      vertex   2.161422e+02 1.680000e+02 3.544959e+01
    endloop
  endfacet
  facet normal 6.494480e-01 0.000000e+00 -7.604060e-01
    outer loop
      vertex   2.161422e+02 1.680000e+02 3.544959e+01
      vertex   2.154859e+02 1.700000e+02 3.488909e+01
      vertex   2.161422e+02 1.700000e+02 3.544959e+01
    endloop
  endfacet
  facet normal 5.224986e-01 0.000000e+00 -8.526402e-01
    outer loop
      vertex   2.161422e+02 1.680000e+02 3.544959e+01
      vertex   2.161422e+02 1.700000e+02 3.544959e+01
      vertex   2.168781e+02 1.680000e+02 3.590054e+01
    endloop
  endfacet
  facet normal 5.224986e-01 0.000000e+00 -8.526402e-01
    outer loop
      vertex   2.168781e+02 1.680000e+02 3.590054e+01
      vertex   2.161422e+02 1.700000e+02 3.544959e+01
      vertex   2.168781e+02 1.700000e+02 3.590054e+01
    endloop
  endfacet
  facet normal 3.826834e-01 0.000000e+00 -9.238795e-01
    outer loop
      vertex   2.168781e+02 1.680000e+02 3.590054e+01
      vertex   2.168781e+02 1.700000e+02 3.590054e+01
      vertex   2.176754e+02 1.680000e+02 3.623081e+01
    endloop
  endfacet
  facet normal 3.826834e-01 0.000000e+00 -9.238795e-01
    outer loop
      vertex   2.176754e+02 1.680000e+02 3.623081e+01
      vertex   2.168781e+02 1.700000e+02 3.590054e+01
      vertex   2.176754e+02 1.700000e+02 3.623081e+01
    endloop
  endfacet
  facet normal 2.334454e-01 0.000000e+00 -9.723699e-01
    outer loop
      vertex   2.176754e+02 1.680000e+02 3.623081e+01
      vertex   2.176754e+02 1.700000e+02 3.623081e+01
      vertex   2.185146e+02 1.680000e+02 3.643229e+01
    endloop
  endfacet
  facet normal 2.334454e-01 0.000000e+00 -9.723699e-01
    outer loop
      vertex   2.185146e+02 1.680000e+02 3.643229e+01
      vertex   2.176754e+02 1.700000e+02 3.623081e+01
      vertex   2.185146e+02 1.700000e+02 3.643229e+01
    endloop
  endfacet
  facet normal 7.845910e-02 0.000000e+00 -9.969173e-01
    outer loop
      vertex   2.185146e+02 1.680000e+02 3.643229e+01
      vertex   2.185146e+02 1.700000e+02 3.643229e+01
      vertex   2.193750e+02 1.680000e+02 3.650000e+01
    endloop
  endfacet
  facet normal 7.845910e-02 0.000000e+00 -9.969173e-01
    outer loop
      vertex   2.193750e+02 1.680000e+02 3.650000e+01
      vertex   2.185146e+02 1.700000e+02 3.643229e+01
      vertex   2.193750e+02 1.700000e+02 3.650000e+01
    endloop
  endfacet
  facet normal -7.845910e-02 0.000000e+00 -9.969173e-01
    outer loop
      vertex   2.193750e+02 1.680000e+02 3.650000e+01
      vertex   2.193750e+02 1.700000e+02 3.650000e+01
      vertex   2.202354e+02 1.680000e+02 3.643229e+01
    endloop
  endfacet
  facet normal -7.845910e-02 0.000000e+00 -9.969173e-01
    outer loop
      vertex   2.202354e+02 1.680000e+02 3.643229e+01
      vertex   2.193750e+02 1.700000e+02 3.650000e+01
      vertex   2.202354e+02 1.700000e+02 3.643229e+01
    endloop
  endfacet
  facet normal -2.334454e-01 0.000000e+00 -9.723699e-01
    outer loop
      vertex   2.202354e+02 1.680000e+02 3.643229e+01
      vertex   2.202354e+02 1.700000e+02 3.643229e+01
      vertex   2.210746e+02 1.680000e+02 3.623081e+01
    endloop
  endfacet
  facet normal -2.334454e-01 0.000000e+00 -9.723699e-01
    outer loop
      vertex   2.210746e+02 1.680000e+02 3.623081e+01
      vertex   2.202354e+02 1.700000e+02 3.643229e+01
      vertex   2.210746e+02 1.700000e+02 3.623081e+01
    endloop
  endfacet
  facet normal -3.826834e-01 0.000000e+00 -9.238795e-01
    outer loop
      vertex   2.210746e+02 1.680000e+02 3.623081e+01
      vertex   2.210746e+02 1.700000e+02 3.623081e+01
      vertex   2.218719e+02 1.680000e+02 3.590054e+01
    endloop
  endfacet
  facet normal -3.826834e-01 0.000000e+00 -9.238795e-01
    outer loop
      vertex   2.218719e+02 1.680000e+02 3.590054e+01
      vertex   2.210746e+02 1.700000e+02 3.623081e+01
      vertex   2.218719e+02 1.700000e+02 3.590054e+01
    endloop
  endfacet
  facet normal -5.224986e-01 0.000000e+00 -8.526402e-01
    outer loop
      vertex   2.218719e+02 1.680000e+02 3.590054e+01
      vertex   2.218719e+02 1.700000e+02 3.590054e+01
      vertex   2.226078e+02 1.680000e+02 3.544959e+01
    endloop
  endfacet
  facet normal -5.224986e-01 0.000000e+00 -8.526402e-01
    outer loop
      vertex   2.226078e+02 1.680000e+02 3.544959e+01
      vertex   2.218719e+02 1.700000e+02 3.590054e+01
      vertex   2.226078e+02 1.700000e+02 3.544959e+01
    endloop
  endfacet
  facet normal -6.494480e-01 0.000000e+00 -7.604060e-01
    outer loop
      vertex   2.226078e+02 1.680000e+02 3.544959e+01
      vertex   2.226078e+02 1.700000e+02 3.544959e+01
      vertex   2.232641e+02 1.680000e+02 3.488909e+01
    endloop
  endfacet
  facet normal -6.494480e-01 0.000000e+00 -7.604060e-01
    outer loop
      vertex   2.232641e+02 1.680000e+02 3.488909e+01
      vertex   2.226078e+02 1.700000e+02 3.544959e+01
      vertex   2.232641e+02 1.700000e+02 3.488909e+01
    endloop
  endfacet
  facet normal -7.604060e-01 0.000000e+00 -6.494480e-01
    outer loop
      vertex   2.232641e+02 1.680000e+02 3.488909e+01
      vertex   2.232641e+02 1.700000e+02 3.488909e+01
      vertex   2.238246e+02 1.680000e+02 3.423282e+01
    endloop
  endfacet
  facet normal -7.604060e-01 0.000000e+00 -6.494480e-01
    outer loop
      vertex   2.238246e+02 1.680000e+02 3.423282e+01
      vertex   2.232641e+02 1.700000e+02 3.488909e+01
      vertex   2.238246e+02 1.700000e+02 3.423282e+01
    endloop
  endfacet
  facet normal -8.526402e-01 0.000000e+00 -5.224986e-01
    outer loop
      vertex   2.238246e+02 1.680000e+02 3.423282e+01
      vertex   2.238246e+02 1.700000e+02 3.423282e+01
      vertex   2.242755e+02 1.680000e+02 3.349695e+01
    endloop
  endfacet
  facet normal -8.526402e-01 0.000000e+00 -5.224986e-01
    outer loop
      vertex   2.242755e+02 1.680000e+02 3.349695e+01
      vertex   2.238246e+02 1.700000e+02 3.423282e+01
      vertex   2.242755e+02 1.700000e+02 3.349695e+01
    endloop
  endfacet
  facet normal -9.238795e-01 0.000000e+00 -3.826834e-01
    outer loop
      vertex   2.242755e+02 1.680000e+02 3.349695e+01
      vertex   2.242755e+02 1.700000e+02 3.349695e+01
      vertex   2.246058e+02 1.680000e+02 3.269959e+01
    endloop
  endfacet
  facet normal -9.238795e-01 0.000000e+00 -3.826834e-01
    outer loop
      vertex   2.246058e+02 1.680000e+02 3.269959e+01
      vertex   2.242755e+02 1.700000e+02 3.349695e+01
      vertex   2.246058e+02 1.700000e+02 3.269959e+01
    endloop
  endfacet
  facet normal -9.723699e-01 0.000000e+00 -2.334454e-01
    outer loop
      vertex   2.246058e+02 1.680000e+02 3.269959e+01
      vertex   2.246058e+02 1.700000e+02 3.269959e+01
      vertex   2.248073e+02 1.680000e+02 3.186039e+01
    endloop
  endfacet
  facet normal -9.723699e-01 0.000000e+00 -2.334454e-01
    outer loop
      vertex   2.248073e+02 1.680000e+02 3.186039e+01
      vertex   2.246058e+02 1.700000e+02 3.269959e+01
      vertex   2.248073e+02 1.700000e+02 3.186039e+01
    endloop
  endfacet
  facet normal -9.969173e-01 0.000000e+00 -7.845910e-02
    outer loop
      vertex   2.248073e+02 1.680000e+02 3.186039e+01
      vertex   2.248073e+02 1.700000e+02 3.186039e+01
      vertex   2.248750e+02 1.680000e+02 3.100000e+01
    endloop
  endfacet
  facet normal -9.969173e-01 0.000000e+00 -7.845910e-02
    outer loop
      vertex   2.248750e+02 1.680000e+02 3.100000e+01
      vertex   2.248073e+02 1.700000e+02 3.186039e+01
      vertex   2.248750e+02 1.700000e+02 3.100000e+01
    endloop
  endfacet
  facet normal -0.000000e+00 -1.000000e+00 0.000000e+00
    outer loop
      vertex   2.539427e+02 1.680000e+02 3.186039e+01
      vertex   2.448073e+02 1.680000e+02 3.186039e+01
      vertex   2.538750e+02 1.680000e+02 3.100000e+01
    endloop
  endfacet
  facet normal -0.000000e+00 -1.000000e+00 0.000000e+00
    outer loop
      vertex   2.538750e+02 1.680000e+02 3.100000e+01
      vertex   2.448073e+02 1.680000e+02 3.186039e+01
      vertex   2.448750e+02 1.680000e+02 3.100000e+01
    endloop
  endfacet
  facet normal 0.000000e+00 -1.000000e+00 -0.000000e+00
    outer loop
      vertex   2.538750e+02 1.680000e+02 3.100000e+01
      vertex   2.448750e+02 1.680000e+02 3.100000e+01
      vertex   2.538750e+02 1.680000e+02 2.500000e+01
    endloop
  endfacet
  facet normal 0.000000e+00 -1.000000e+00 0.000000e+00
    outer loop
      vertex   2.538750e+02 1.680000e+02 2.500000e+01
      vertex   2.448750e+02 1.680000e+02 3.100000e+01
      vertex   2.448750e+02 1.680000e+02 2.500000e+01
    endloop
  endfacet
  facet normal 0.000000e+00 -1.000000e+00 0.000000e+00
    outer loop
      vertex   2.448073e+02 1.680000e+02 3.186039e+01
      vertex   2.539427e+02 1.680000e+02 3.186039e+01
      vertex   2.446058e+02 1.680000e+02 3.269959e+01
    endloop
  endfacet
  facet normal 0.000000e+00 -1.000000e+00 0.000000e+00
    outer loop
      vertex   2.446058e+02 1.680000e+02 3.269959e+01
      vertex   2.539427e+02 1.680000e+02 3.186039e+01
      vertex   2.541442e+02 1.680000e+02 3.269959e+01
    endloop
  endfacet
  facet normal 0.000000e+00 -1.000000e+00 0.000000e+00
    outer loop
      vertex   2.446058e+02 1.680000e+02 3.269959e+01
      vertex   2.541442e+02 1.680000e+02 3.269959e+01
      vertex   2.442755e+02 1.680000e+02 3.349695e+01
    endloop
  endfacet
  facet normal 0.000000e+00 -1.000000e+00 0.000000e+00
    outer loop
      vertex   2.442755e+02 1.680000e+02 3.349695e+01
      vertex   2.541442e+02 1.680000e+02 3.269959e+01
      vertex   2.544745e+02 1.680000e+02 3.349695e+01
    endloop
  endfacet
  facet normal 0.000000e+00 -1.000000e+00 0.000000e+00
    outer loop
      vertex   2.442755e+02 1.680000e+02 3.349695e+01
      vertex   2.544745e+02 1.680000e+02 3.349695e+01
      vertex   2.438246e+02 1.680000e+02 3.423282e+01
    endloop
  endfacet
  facet normal 0.000000e+00 -1.000000e+00 0.000000e+00
    outer loop
      vertex   2.438246e+02 1.680000e+02 3.423282e+01
      vertex   2.544745e+02 1.680000e+02 3.349695e+01
      vertex   2.549254e+02 1.680000e+02 3.423282e+01
    endloop
  endfacet
  facet normal 0.000000e+00 -1.000000e+00 0.000000e+00
    outer loop
      vertex   2.438246e+02 1.680000e+02 3.423282e+01
      vertex   2.549254e+02 1.680000e+02 3.423282e+01
      vertex   2.432641e+02 1.680000e+02 3.488909e+01
    endloop
  endfacet
  facet normal 0.000000e+00 -1.000000e+00 0.000000e+00
    outer loop
      vertex   2.432641e+02 1.680000e+02 3.488909e+01
      vertex   2.549254e+02 1.680000e+02 3.423282e+01
      vertex   2.554859e+02 1.680000e+02 3.488909e+01
    endloop
  endfacet
  facet normal 0.000000e+00 -1.000000e+00 0.000000e+00
    outer loop
      vertex   2.432641e+02 1.680000e+02 3.488909e+01
      vertex   2.554859e+02 1.680000e+02 3.488909e+01
      vertex   2.426078e+02 1.680000e+02 3.544959e+01
    endloop
  endfacet
  facet normal 0.000000e+00 -1.000000e+00 0.000000e+00
    outer loop
      vertex   2.426078e+02 1.680000e+02 3.544959e+01
      vertex   2.554859e+02 1.680000e+02 3.488909e+01
      vertex   2.561422e+02 1.680000e+02 3.544959e+01
    endloop
  endfacet
  facet normal 0.000000e+00 -1.000000e+00 0.000000e+00
    outer loop
      vertex   2.426078e+02 1.680000e+02 3.544959e+01
      vertex   2.561422e+02 1.680000e+02 3.544959e+01
      vertex   2.418719e+02 1.680000e+02 3.590054e+01
    endloop
  endfacet
  facet normal 0.000000e+00 -1.000000e+00 0.000000e+00
    outer loop
      vertex   2.418719e+02 1.680000e+02 3.590054e+01
      vertex   2.561422e+02 1.680000e+02 3.544959e+01
      vertex   2.568781e+02 1.680000e+02 3.590054e+01
    endloop
  endfacet
  facet normal 0.000000e+00 -1.000000e+00 0.000000e+00
    outer loop
      vertex   2.418719e+02 1.680000e+02 3.590054e+01
      vertex   2.568781e+02 1.680000e+02 3.590054e+01
      vertex   2.410746e+02 1.680000e+02 3.623081e+01
    endloop
  endfacet
  facet normal 0.000000e+00 -1.000000e+00 0.000000e+00
    outer loop
      vertex   2.410746e+02 1.680000e+02 3.623081e+01
      vertex   2.568781e+02 1.680000e+02 3.590054e+01
      vertex   2.576754e+02 1.680000e+02 3.623081e+01
    endloop
  endfacet
  facet normal 0.000000e+00 -1.000000e+00 0.000000e+00
    outer loop
      vertex   2.410746e+02 1.680000e+02 3.623081e+01
      vertex   2.576754e+02 1.680000e+02 3.623081e+01
      vertex   2.402354e+02 1.680000e+02 3.643229e+01
    endloop
  endfacet
  facet normal 0.000000e+00 -1.000000e+00 0.000000e+00
    outer loop
      vertex   2.402354e+02 1.680000e+02 3.643229e+01
      vertex   2.576754e+02 1.680000e+02 3.623081e+01
      vertex   2.585146e+02 1.680000e+02 3.643229e+01
    endloop
  endfacet
  facet normal 0.000000e+00 -1.000000e+00 0.000000e+00
    outer loop
      vertex   2.402354e+02 1.680000e+02 3.643229e+01
      vertex   2.585146e+02 1.680000e+02 3.643229e+01
      vertex   2.393750e+02 1.680000e+02 3.650000e+01
    endloop
  endfacet
  facet normal 0.000000e+00 -1.000000e+00 0.000000e+00
    outer loop
      vertex   2.393750e+02 1.680000e+02 3.650000e+01
      vertex   2.585146e+02 1.680000e+02 3.643229e+01
      vertex   2.593750e+02 1.680000e+02 3.650000e+01
    endloop
  endfacet
  facet normal 0.000000e+00 -1.000000e+00 0.000000e+00
    outer loop
      vertex   2.393750e+02 1.680000e+02 3.650000e+01
      vertex   2.593750e+02 1.680000e+02 3.650000e+01
      vertex   2.895000e+02 1.680000e+02 3.700000e+01
    endloop
  endfacet
  facet normal 0.000000e+00 -1.000000e+00 0.000000e+00
    outer loop
      vertex   2.895000e+02 1.680000e+02 3.700000e+01
      vertex   2.593750e+02 1.680000e+02 3.650000e+01
      vertex   2.793750e+02 1.680000e+02 3.650000e+01
    endloop
  endfacet
  facet normal 0.000000e+00 -1.000000e+00 0.000000e+00
    outer loop
      vertex   2.895000e+02 1.680000e+02 3.700000e+01
      vertex   2.793750e+02 1.680000e+02 3.650000e+01
      vertex   2.802354e+02 1.680000e+02 3.643229e+01
    endloop
  endfacet
  facet normal -0.000000e+00 -1.000000e+00 0.000000e+00
    outer loop
      vertex   2.793750e+02 1.680000e+02 3.650000e+01
      vertex   2.593750e+02 1.680000e+02 3.650000e+01
      vertex   2.785146e+02 1.680000e+02 3.643229e+01
    endloop
  endfacet
  facet normal 0.000000e+00 -1.000000e+00 0.000000e+00
    outer loop
      vertex   2.785146e+02 1.680000e+02 3.643229e+01
      vertex   2.593750e+02 1.680000e+02 3.650000e+01
      vertex   2.602354e+02 1.680000e+02 3.643229e+01
    endloop
  endfacet
  facet normal -0.000000e+00 -1.000000e+00 0.000000e+00
    outer loop
      vertex   2.785146e+02 1.680000e+02 3.643229e+01
      vertex   2.602354e+02 1.680000e+02 3.643229e+01
      vertex   2.776754e+02 1.680000e+02 3.623081e+01
    endloop
  endfacet
  facet normal 0.000000e+00 -1.000000e+00 0.000000e+00
    outer loop
      vertex   2.776754e+02 1.680000e+02 3.623081e+01
      vertex   2.602354e+02 1.680000e+02 3.643229e+01
      vertex   2.610746e+02 1.680000e+02 3.623081e+01
    endloop
  endfacet
  facet normal -0.000000e+00 -1.000000e+00 0.000000e+00
    outer loop
      vertex   2.776754e+02 1.680000e+02 3.623081e+01
      vertex   2.610746e+02 1.680000e+02 3.623081e+01
      vertex   2.768781e+02 1.680000e+02 3.590054e+01
    endloop
  endfacet
  facet normal 0.000000e+00 -1.000000e+00 0.000000e+00
    outer loop
      vertex   2.768781e+02 1.680000e+02 3.590054e+01
      vertex   2.610746e+02 1.680000e+02 3.623081e+01
      vertex   2.618719e+02 1.680000e+02 3.590054e+01
    endloop
  endfacet
  facet normal -0.000000e+00 -1.000000e+00 0.000000e+00
    outer loop
      vertex   2.768781e+02 1.680000e+02 3.590054e+01
      vertex   2.618719e+02 1.680000e+02 3.590054e+01
      vertex   2.761422e+02 1.680000e+02 3.544959e+01
    endloop
  endfacet
  facet normal 0.000000e+00 -1.000000e+00 0.000000e+00
    outer loop
      vertex   2.761422e+02 1.680000e+02 3.544959e+01
      vertex   2.618719e+02 1.680000e+02 3.590054e+01
      vertex   2.626078e+02 1.680000e+02 3.544959e+01
    endloop
  endfacet
  facet normal -0.000000e+00 -1.000000e+00 0.000000e+00
    outer loop
      vertex   2.761422e+02 1.680000e+02 3.544959e+01
      vertex   2.626078e+02 1.680000e+02 3.544959e+01
      vertex   2.754859e+02 1.680000e+02 3.488909e+01
    endloop
  endfacet
  facet normal 0.000000e+00 -1.000000e+00 0.000000e+00
    outer loop
      vertex   2.754859e+02 1.680000e+02 3.488909e+01
      vertex   2.626078e+02 1.680000e+02 3.544959e+01
      vertex   2.632641e+02 1.680000e+02 3.488909e+01
    endloop
  endfacet
  facet normal -0.000000e+00 -1.000000e+00 0.000000e+00
    outer loop
      vertex   2.754859e+02 1.680000e+02 3.488909e+01
      vertex   2.632641e+02 1.680000e+02 3.488909e+01
      vertex   2.749254e+02 1.680000e+02 3.423282e+01
    endloop
  endfacet
  facet normal 0.000000e+00 -1.000000e+00 0.000000e+00
    outer loop
      vertex   2.749254e+02 1.680000e+02 3.423282e+01
      vertex   2.632641e+02 1.680000e+02 3.488909e+01
      vertex   2.638246e+02 1.680000e+02 3.423282e+01
    endloop
  endfacet
  facet normal -0.000000e+00 -1.000000e+00 0.000000e+00
    outer loop
      vertex   2.749254e+02 1.680000e+02 3.423282e+01
      vertex   2.638246e+02 1.680000e+02 3.423282e+01
      vertex   2.744745e+02 1.680000e+02 3.349695e+01
    endloop
  endfacet
  facet normal 0.000000e+00 -1.000000e+00 0.000000e+00
    outer loop
      vertex   2.744745e+02 1.680000e+02 3.349695e+01
      vertex   2.638246e+02 1.680000e+02 3.423282e+01
      vertex   2.642755e+02 1.680000e+02 3.349695e+01
    endloop
  endfacet
  facet normal -0.000000e+00 -1.000000e+00 0.000000e+00
    outer loop
      vertex   2.744745e+02 1.680000e+02 3.349695e+01
      vertex   2.642755e+02 1.680000e+02 3.349695e+01
      vertex   2.741442e+02 1.680000e+02 3.269959e+01
    endloop
  endfacet
  facet normal 0.000000e+00 -1.000000e+00 0.000000e+00
    outer loop
      vertex   2.741442e+02 1.680000e+02 3.269959e+01
      vertex   2.642755e+02 1.680000e+02 3.349695e+01
      vertex   2.646058e+02 1.680000e+02 3.269959e+01
    endloop
  endfacet
  facet normal -0.000000e+00 -1.000000e+00 0.000000e+00
    outer loop
      vertex   2.741442e+02 1.680000e+02 3.269959e+01
      vertex   2.646058e+02 1.680000e+02 3.269959e+01
      vertex   2.739427e+02 1.680000e+02 3.186039e+01
    endloop
  endfacet
  facet normal 0.000000e+00 -1.000000e+00 0.000000e+00
    outer loop
      vertex   2.739427e+02 1.680000e+02 3.186039e+01
      vertex   2.646058e+02 1.680000e+02 3.269959e+01
      vertex   2.648073e+02 1.680000e+02 3.186039e+01
    endloop
  endfacet
  facet normal -0.000000e+00 -1.000000e+00 0.000000e+00
    outer loop
      vertex   2.739427e+02 1.680000e+02 3.186039e+01
      vertex   2.648073e+02 1.680000e+02 3.186039e+01
      vertex   2.738750e+02 1.680000e+02 3.100000e+01
    endloop
  endfacet
  facet normal 0.000000e+00 -1.000000e+00 0.000000e+00
    outer loop
      vertex   2.738750e+02 1.680000e+02 3.100000e+01
      vertex   2.648073e+02 1.680000e+02 3.186039e+01
      vertex   2.648750e+02 1.680000e+02 3.100000e+01
    endloop
  endfacet
  facet normal -0.000000e+00 -1.000000e+00 -0.000000e+00
    outer loop
      vertex   2.738750e+02 1.680000e+02 3.100000e+01
      vertex   2.648750e+02 1.680000e+02 3.100000e+01
      vertex   2.738750e+02 1.680000e+02 2.500000e+01
    endloop
  endfacet
  facet normal 0.000000e+00 -1.000000e+00 0.000000e+00
    outer loop
      vertex   2.738750e+02 1.680000e+02 2.500000e+01
      vertex   2.648750e+02 1.680000e+02 3.100000e+01
      vertex   2.648750e+02 1.680000e+02 2.500000e+01
    endloop
  endfacet
  facet normal 0.000000e+00 -1.000000e+00 0.000000e+00
    outer loop
      vertex   2.802354e+02 1.680000e+02 3.643229e+01
      vertex   2.810746e+02 1.680000e+02 3.623081e+01
      vertex   2.895000e+02 1.680000e+02 3.700000e+01
    endloop
  endfacet
  facet normal 0.000000e+00 -1.000000e+00 0.000000e+00
    outer loop
      vertex   2.895000e+02 1.680000e+02 3.700000e+01
      vertex   2.810746e+02 1.680000e+02 3.623081e+01
      vertex   2.818719e+02 1.680000e+02 3.590054e+01
    endloop
  endfacet
  facet normal 0.000000e+00 -1.000000e+00 0.000000e+00
    outer loop
      vertex   2.895000e+02 1.680000e+02 3.700000e+01
      vertex   2.818719e+02 1.680000e+02 3.590054e+01
      vertex   2.826078e+02 1.680000e+02 3.544959e+01
    endloop
  endfacet
  facet normal 0.000000e+00 -1.000000e+00 0.000000e+00
    outer loop
      vertex   2.826078e+02 1.680000e+02 3.544959e+01
      vertex   2.832641e+02 1.680000e+02 3.488909e+01
      vertex   2.895000e+02 1.680000e+02 3.700000e+01
    endloop
  endfacet
  facet normal 0.000000e+00 -1.000000e+00 0.000000e+00
    outer loop
      vertex   2.895000e+02 1.680000e+02 3.700000e+01
      vertex   2.832641e+02 1.680000e+02 3.488909e+01
      vertex   2.838246e+02 1.680000e+02 3.423282e+01
    endloop
  endfacet
  facet normal 0.000000e+00 -1.000000e+00 0.000000e+00
    outer loop
      vertex   2.895000e+02 1.680000e+02 3.700000e+01
      vertex   2.838246e+02 1.680000e+02 3.423282e+01
      vertex   2.842755e+02 1.680000e+02 3.349695e+01
    endloop
  endfacet
  facet normal 0.000000e+00 -1.000000e+00 0.000000e+00
    outer loop
      vertex   2.842755e+02 1.680000e+02 3.349695e+01
      vertex   2.846058e+02 1.680000e+02 3.269959e+01
      vertex   2.895000e+02 1.680000e+02 3.700000e+01
    endloop
  endfacet
  facet normal 0.000000e+00 -1.000000e+00 0.000000e+00
    outer loop
      vertex   2.895000e+02 1.680000e+02 3.700000e+01
      vertex   2.846058e+02 1.680000e+02 3.269959e+01
      vertex   2.848073e+02 1.680000e+02 3.186039e+01
    endloop
  endfacet
  facet normal 0.000000e+00 -1.000000e+00 0.000000e+00
    outer loop
      vertex   2.895000e+02 1.680000e+02 3.700000e+01
      vertex   2.848073e+02 1.680000e+02 3.186039e+01
      vertex   2.848750e+02 1.680000e+02 3.100000e+01
    endloop
  endfacet
  facet normal 0.000000e+00 -1.000000e+00 0.000000e+00
    outer loop
      vertex   2.848750e+02 1.680000e+02 2.500000e+01
      vertex   2.895000e+02 1.680000e+02 2.500000e+01
      vertex   2.848750e+02 1.680000e+02 3.100000e+01
    endloop
  endfacet
  facet normal 0.000000e+00 -1.000000e+00 0.000000e+00
    outer loop
      vertex   2.848750e+02 1.680000e+02 3.100000e+01
      vertex   2.895000e+02 1.680000e+02 2.500000e+01
      vertex   2.895000e+02 1.680000e+02 3.700000e+01
    endloop
  endfacet
  facet normal -0.000000e+00 -1.000000e+00 0.000000e+00
    outer loop
      vertex   2.895000e+02 1.680000e+02 3.700000e+01
      vertex   2.085000e+02 1.680000e+02 3.700000e+01
      vertex   2.393750e+02 1.680000e+02 3.650000e+01
    endloop
  endfacet
  facet normal -0.000000e+00 -1.000000e+00 0.000000e+00
    outer loop
      vertex   2.393750e+02 1.680000e+02 3.650000e+01
      vertex   2.085000e+02 1.680000e+02 3.700000e+01
      vertex   2.193750e+02 1.680000e+02 3.650000e+01
    endloop
  endfacet
  facet normal 0.000000e+00 -1.000000e+00 0.000000e+00
    outer loop
      vertex   2.393750e+02 1.680000e+02 3.650000e+01
      vertex   2.193750e+02 1.680000e+02 3.650000e+01
      vertex   2.385146e+02 1.680000e+02 3.643229e+01
    endloop
  endfacet
  facet normal -0.000000e+00 -1.000000e+00 0.000000e+00
    outer loop
      vertex   2.385146e+02 1.680000e+02 3.643229e+01
      vertex   2.193750e+02 1.680000e+02 3.650000e+01
      vertex   2.202354e+02 1.680000e+02 3.643229e+01
    endloop
  endfacet
  facet normal 0.000000e+00 -1.000000e+00 0.000000e+00
    outer loop
      vertex   2.385146e+02 1.680000e+02 3.643229e+01
      vertex   2.202354e+02 1.680000e+02 3.643229e+01
      vertex   2.376754e+02 1.680000e+02 3.623081e+01
    endloop
  endfacet
  facet normal -0.000000e+00 -1.000000e+00 0.000000e+00
    outer loop
      vertex   2.376754e+02 1.680000e+02 3.623081e+01
      vertex   2.202354e+02 1.680000e+02 3.643229e+01
      vertex   2.210746e+02 1.680000e+02 3.623081e+01
    endloop
  endfacet
  facet normal 0.000000e+00 -1.000000e+00 0.000000e+00
    outer loop
      vertex   2.376754e+02 1.680000e+02 3.623081e+01
      vertex   2.210746e+02 1.680000e+02 3.623081e+01
      vertex   2.368781e+02 1.680000e+02 3.590054e+01
    endloop
  endfacet
  facet normal -0.000000e+00 -1.000000e+00 0.000000e+00
    outer loop
      vertex   2.368781e+02 1.680000e+02 3.590054e+01
      vertex   2.210746e+02 1.680000e+02 3.623081e+01
      vertex   2.218719e+02 1.680000e+02 3.590054e+01
    endloop
  endfacet
  facet normal 0.000000e+00 -1.000000e+00 0.000000e+00
    outer loop
      vertex   2.368781e+02 1.680000e+02 3.590054e+01
      vertex   2.218719e+02 1.680000e+02 3.590054e+01
      vertex   2.361422e+02 1.680000e+02 3.544959e+01
    endloop
  endfacet
  facet normal -0.000000e+00 -1.000000e+00 0.000000e+00
    outer loop
      vertex   2.361422e+02 1.680000e+02 3.544959e+01
      vertex   2.218719e+02 1.680000e+02 3.590054e+01
      vertex   2.226078e+02 1.680000e+02 3.544959e+01
    endloop
  endfacet
  facet normal 0.000000e+00 -1.000000e+00 0.000000e+00
    outer loop
      vertex   2.361422e+02 1.680000e+02 3.544959e+01
      vertex   2.226078e+02 1.680000e+02 3.544959e+01
      vertex   2.354859e+02 1.680000e+02 3.488909e+01
    endloop
  endfacet
  facet normal -0.000000e+00 -1.000000e+00 0.000000e+00
    outer loop
      vertex   2.354859e+02 1.680000e+02 3.488909e+01
      vertex   2.226078e+02 1.680000e+02 3.544959e+01
      vertex   2.232641e+02 1.680000e+02 3.488909e+01
    endloop
  endfacet
  facet normal 0.000000e+00 -1.000000e+00 0.000000e+00
    outer loop
      vertex   2.354859e+02 1.680000e+02 3.488909e+01
      vertex   2.232641e+02 1.680000e+02 3.488909e+01
      vertex   2.349254e+02 1.680000e+02 3.423282e+01
    endloop
  endfacet
  facet normal 0.000000e+00 -1.000000e+00 0.000000e+00
    outer loop
      vertex   2.349254e+02 1.680000e+02 3.423282e+01
      vertex   2.232641e+02 1.680000e+02 3.488909e+01
      vertex   2.238246e+02 1.680000e+02 3.423282e+01
    endloop
  endfacet
  facet normal -0.000000e+00 -1.000000e+00 0.000000e+00
    outer loop
      vertex   2.349254e+02 1.680000e+02 3.423282e+01
      vertex   2.238246e+02 1.680000e+02 3.423282e+01
      vertex   2.344745e+02 1.680000e+02 3.349695e+01
    endloop
  endfacet
  facet normal 0.000000e+00 -1.000000e+00 0.000000e+00
    outer loop
      vertex   2.344745e+02 1.680000e+02 3.349695e+01
      vertex   2.238246e+02 1.680000e+02 3.423282e+01
      vertex   2.242755e+02 1.680000e+02 3.349695e+01
    endloop
  endfacet
  facet normal -0.000000e+00 -1.000000e+00 0.000000e+00
    outer loop
      vertex   2.344745e+02 1.680000e+02 3.349695e+01
      vertex   2.242755e+02 1.680000e+02 3.349695e+01
      vertex   2.341442e+02 1.680000e+02 3.269959e+01
    endloop
  endfacet
  facet normal -0.000000e+00 -1.000000e+00 0.000000e+00
    outer loop
      vertex   2.341442e+02 1.680000e+02 3.269959e+01
      vertex   2.242755e+02 1.680000e+02 3.349695e+01
      vertex   2.246058e+02 1.680000e+02 3.269959e+01
    endloop
  endfacet
  facet normal 0.000000e+00 -1.000000e+00 0.000000e+00
    outer loop
      vertex   2.341442e+02 1.680000e+02 3.269959e+01
      vertex   2.246058e+02 1.680000e+02 3.269959e+01
      vertex   2.339427e+02 1.680000e+02 3.186039e+01
    endloop
  endfacet
  facet normal -0.000000e+00 -1.000000e+00 0.000000e+00
    outer loop
      vertex   2.339427e+02 1.680000e+02 3.186039e+01
      vertex   2.246058e+02 1.680000e+02 3.269959e+01
      vertex   2.248073e+02 1.680000e+02 3.186039e+01
    endloop
  endfacet
  facet normal 0.000000e+00 -1.000000e+00 0.000000e+00
    outer loop
      vertex   2.339427e+02 1.680000e+02 3.186039e+01
      vertex   2.248073e+02 1.680000e+02 3.186039e+01
      vertex   2.338750e+02 1.680000e+02 3.100000e+01
    endloop
  endfacet
  facet normal -0.000000e+00 -1.000000e+00 0.000000e+00
    outer loop
      vertex   2.338750e+02 1.680000e+02 3.100000e+01
      vertex   2.248073e+02 1.680000e+02 3.186039e+01
      vertex   2.248750e+02 1.680000e+02 3.100000e+01
    endloop
  endfacet
  facet normal 0.000000e+00 -1.000000e+00 -0.000000e+00
    outer loop
      vertex   2.338750e+02 1.680000e+02 3.100000e+01
      vertex   2.248750e+02 1.680000e+02 3.100000e+01
      vertex   2.338750e+02 1.680000e+02 2.500000e+01
    endloop
  endfacet
  facet normal 0.000000e+00 -1.000000e+00 0.000000e+00
    outer loop
      vertex   2.338750e+02 1.680000e+02 2.500000e+01
      vertex   2.248750e+02 1.680000e+02 3.100000e+01
      vertex   2.248750e+02 1.680000e+02 2.500000e+01
    endloop
  endfacet
  facet normal 0.000000e+00 -1.000000e+00 0.000000e+00
    outer loop
      vertex   2.085000e+02 1.680000e+02 2.500000e+01
      vertex   2.138750e+02 1.680000e+02 3.100000e+01
      vertex   2.085000e+02 1.680000e+02 3.700000e+01
    endloop
  endfacet
  facet normal 0.000000e+00 -1.000000e+00 0.000000e+00
    outer loop
      vertex   2.085000e+02 1.680000e+02 3.700000e+01
      vertex   2.138750e+02 1.680000e+02 3.100000e+01
      vertex   2.139427e+02 1.680000e+02 3.186039e+01
    endloop
  endfacet
  facet normal 0.000000e+00 -1.000000e+00 0.000000e+00
    outer loop
      vertex   2.085000e+02 1.680000e+02 3.700000e+01
      vertex   2.139427e+02 1.680000e+02 3.186039e+01
      vertex   2.141442e+02 1.680000e+02 3.269959e+01
    endloop
  endfacet
  facet normal 0.000000e+00 -1.000000e+00 0.000000e+00
    outer loop
      vertex   2.085000e+02 1.680000e+02 2.500000e+01
      vertex   2.138750e+02 1.680000e+02 2.500000e+01
      vertex   2.138750e+02 1.680000e+02 3.100000e+01
    endloop
  endfacet
  facet normal 0.000000e+00 -1.000000e+00 0.000000e+00
    outer loop
      vertex   2.141442e+02 1.680000e+02 3.269959e+01
      vertex   2.144745e+02 1.680000e+02 3.349695e+01
      vertex   2.085000e+02 1.680000e+02 3.700000e+01
    endloop
  endfacet
  facet normal 0.000000e+00 -1.000000e+00 0.000000e+00
    outer loop
      vertex   2.085000e+02 1.680000e+02 3.700000e+01
      vertex   2.144745e+02 1.680000e+02 3.349695e+01
      vertex   2.149254e+02 1.680000e+02 3.423282e+01
    endloop
  endfacet
  facet normal 0.000000e+00 -1.000000e+00 0.000000e+00
    outer loop
      vertex   2.085000e+02 1.680000e+02 3.700000e+01
      vertex   2.149254e+02 1.680000e+02 3.423282e+01
      vertex   2.154859e+02 1.680000e+02 3.488909e+01
    endloop
  endfacet
  facet normal 0.000000e+00 -1.000000e+00 0.000000e+00
    outer loop
      vertex   2.154859e+02 1.680000e+02 3.488909e+01
      vertex   2.161422e+02 1.680000e+02 3.544959e+01
      vertex   2.085000e+02 1.680000e+02 3.700000e+01
    endloop
  endfacet
  facet normal 0.000000e+00 -1.000000e+00 0.000000e+00
    outer loop
      vertex   2.085000e+02 1.680000e+02 3.700000e+01
      vertex   2.161422e+02 1.680000e+02 3.544959e+01
      vertex   2.168781e+02 1.680000e+02 3.590054e+01
    endloop
  endfacet
  facet normal 0.000000e+00 -1.000000e+00 0.000000e+00
    outer loop
      vertex   2.085000e+02 1.680000e+02 3.700000e+01
      vertex   2.168781e+02 1.680000e+02 3.590054e+01
      vertex   2.176754e+02 1.680000e+02 3.623081e+01
    endloop
  endfacet
  facet normal 0.000000e+00 -1.000000e+00 0.000000e+00
    outer loop
      vertex   2.176754e+02 1.680000e+02 3.623081e+01
      vertex   2.185146e+02 1.680000e+02 3.643229e+01
      vertex   2.085000e+02 1.680000e+02 3.700000e+01
    endloop
  endfacet
  facet normal 0.000000e+00 -1.000000e+00 0.000000e+00
    outer loop
      vertex   2.085000e+02 1.680000e+02 3.700000e+01
      vertex   2.185146e+02 1.680000e+02 3.643229e+01
      vertex   2.193750e+02 1.680000e+02 3.650000e+01
    endloop
  endfacet
  facet normal 0.000000e+00 0.000000e+00 -1.000000e+00
    outer loop
      vertex   2.648750e+02 1.700000e+02 2.500000e+01
      vertex   2.738750e+02 1.700000e+02 2.500000e+01
      vertex   2.648750e+02 1.680000e+02 2.500000e+01
    endloop
  endfacet
  facet normal 0.000000e+00 0.000000e+00 -1.000000e+00
    outer loop
      vertex   2.648750e+02 1.680000e+02 2.500000e+01
      vertex   2.738750e+02 1.700000e+02 2.500000e+01
      vertex   2.738750e+02 1.680000e+02 2.500000e+01
    endloop
  endfacet
  facet normal 0.000000e+00 0.000000e+00 -1.000000e+00
    outer loop
      vertex   2.338750e+02 1.680000e+02 2.500000e+01
      vertex   2.248750e+02 1.680000e+02 2.500000e+01
      vertex   2.338750e+02 1.700000e+02 2.500000e+01
    endloop
  endfacet
  facet normal -0.000000e+00 0.000000e+00 -1.000000e+00
    outer loop
      vertex   2.338750e+02 1.700000e+02 2.500000e+01
      vertex   2.248750e+02 1.680000e+02 2.500000e+01
      vertex   2.248750e+02 1.700000e+02 2.500000e+01
    endloop
  endfacet
  facet normal 1.000000e+00 0.000000e+00 0.000000e+00
    outer loop
      vertex   2.085000e+02 1.050000e+02 2.500000e+01
      vertex   2.085000e+02 1.680000e+02 2.500000e+01
      vertex   2.085000e+02 1.050000e+02 3.700000e+01
    endloop
  endfacet
  facet normal 1.000000e+00 -0.000000e+00 0.000000e+00
    outer loop
      vertex   2.085000e+02 1.050000e+02 3.700000e+01
      vertex   2.085000e+02 1.680000e+02 2.500000e+01
      vertex   2.085000e+02 1.680000e+02 3.700000e+01
    endloop
  endfacet
  facet normal -1.000000e+00 0.000000e+00 0.000000e+00
    outer loop
      vertex   2.895000e+02 1.680000e+02 2.500000e+01
      vertex   2.895000e+02 1.050000e+02 2.500000e+01
      vertex   2.895000e+02 1.680000e+02 3.700000e+01
    endloop
  endfacet
  facet normal -1.000000e+00 -0.000000e+00 0.000000e+00
    outer loop
      vertex   2.895000e+02 1.680000e+02 3.700000e+01
      vertex   2.895000e+02 1.050000e+02 2.500000e+01
      vertex   2.895000e+02 1.050000e+02 3.700000e+01
    endloop
  endfacet
  facet normal 0.000000e+00 1.000000e+00 -0.000000e+00
    outer loop
      vertex   2.895000e+02 1.050000e+02 2.500000e+01
      vertex   2.085000e+02 1.050000e+02 2.500000e+01
      vertex   2.895000e+02 1.050000e+02 3.700000e+01
    endloop
  endfacet
  facet normal 0.000000e+00 1.000000e+00 0.000000e+00
    outer loop
      vertex   2.895000e+02 1.050000e+02 3.700000e+01
      vertex   2.085000e+02 1.050000e+02 2.500000e+01
      vertex   2.085000e+02 1.050000e+02 3.700000e+01
    endloop
  endfacet
  facet normal 1.000000e+00 0.000000e+00 0.000000e+00
    outer loop
      vertex   2.915000e+02 1.690000e+02 3.800000e+01
      vertex   2.915000e+02 1.040000e+02 3.800000e+01
      vertex   2.915000e+02 1.690000e+02 2.500000e+01
    endloop
  endfacet
  facet normal 1.000000e+00 0.000000e+00 0.000000e+00
    outer loop
      vertex   2.915000e+02 1.690000e+02 2.500000e+01
      vertex   2.915000e+02 1.040000e+02 3.800000e+01
      vertex   2.915000e+02 1.040000e+02 2.500000e+01
    endloop
  endfacet
  facet normal 0.000000e+00 0.000000e+00 -1.000000e+00
    outer loop
      vertex   2.538750e+02 1.680000e+02 2.500000e+01
      vertex   2.448750e+02 1.680000e+02 2.500000e+01
      vertex   2.538750e+02 1.700000e+02 2.500000e+01
    endloop
  endfacet
  facet normal -0.000000e+00 0.000000e+00 -1.000000e+00
    outer loop
      vertex   2.538750e+02 1.700000e+02 2.500000e+01
      vertex   2.448750e+02 1.680000e+02 2.500000e+01
      vertex   2.448750e+02 1.700000e+02 2.500000e+01
    endloop
  endfacet
endsolid
