solid ASCII
  facet normal -0.000000e+00 -1.000000e+00 0.000000e+00
    outer loop
      vertex   1.118181e+02 4.250000e+01 3.801764e+01
      vertex   1.052149e+02 4.250000e+01 4.021081e+01
      vertex   1.117500e+02 4.250000e+01 3.750000e+01
    endloop
  endfacet
  facet normal 0.000000e+00 -1.000000e+00 0.000000e+00
    outer loop
      vertex   1.117500e+02 4.250000e+01 3.750000e+01
      vertex   1.052149e+02 4.250000e+01 4.021081e+01
      vertex   1.046512e+02 4.250000e+01 3.914872e+01
    endloop
  endfacet
  facet normal 0.000000e+00 -1.000000e+00 0.000000e+00
    outer loop
      vertex   1.117500e+02 4.250000e+01 3.750000e+01
      vertex   1.046512e+02 4.250000e+01 3.914872e+01
      vertex   1.042190e+02 4.250000e+01 3.802664e+01
    endloop
  endfacet
  facet normal -0.000000e+00 -1.000000e+00 0.000000e+00
    outer loop
      vertex   1.120180e+02 4.250000e+01 3.850000e+01
      vertex   1.067027e+02 4.250000e+01 4.209471e+01
      vertex   1.118181e+02 4.250000e+01 3.801764e+01
    endloop
  endfacet
  facet normal 0.000000e+00 -1.000000e+00 0.000000e+00
    outer loop
      vertex   1.118181e+02 4.250000e+01 3.801764e+01
      vertex   1.067027e+02 4.250000e+01 4.209471e+01
      vertex   1.059021e+02 4.250000e+01 4.119757e+01
    endloop
  endfacet
  facet normal 0.000000e+00 -1.000000e+00 0.000000e+00
    outer loop
      vertex   1.118181e+02 4.250000e+01 3.801764e+01
      vertex   1.059021e+02 4.250000e+01 4.119757e+01
      vertex   1.052149e+02 4.250000e+01 4.021081e+01
    endloop
  endfacet
  facet normal 0.000000e+00 -1.000000e+00 0.000000e+00
    outer loop
      vertex   1.067027e+02 4.250000e+01 4.209471e+01
      vertex   1.120180e+02 4.250000e+01 3.850000e+01
      vertex   1.076051e+02 4.250000e+01 4.288928e+01
    endloop
  endfacet
  facet normal 0.000000e+00 -1.000000e+00 0.000000e+00
    outer loop
      vertex   1.076051e+02 4.250000e+01 4.288928e+01
      vertex   1.120180e+02 4.250000e+01 3.850000e+01
      vertex   1.123358e+02 4.250000e+01 3.891421e+01
    endloop
  endfacet
  facet normal 0.000000e+00 -1.000000e+00 0.000000e+00
    outer loop
      vertex   1.076051e+02 4.250000e+01 4.288928e+01
      vertex   1.123358e+02 4.250000e+01 3.891421e+01
      vertex   1.085965e+02 4.250000e+01 4.356979e+01
    endloop
  endfacet
  facet normal 0.000000e+00 -1.000000e+00 0.000000e+00
    outer loop
      vertex   1.085965e+02 4.250000e+01 4.356979e+01
      vertex   1.123358e+02 4.250000e+01 3.891421e+01
      vertex   1.096623e+02 4.250000e+01 4.412639e+01
    endloop
  endfacet
  facet normal 0.000000e+00 -1.000000e+00 0.000000e+00
    outer loop
      vertex   1.096623e+02 4.250000e+01 4.412639e+01
      vertex   1.123358e+02 4.250000e+01 3.891421e+01
      vertex   1.127500e+02 4.250000e+01 3.923205e+01
    endloop
  endfacet
  facet normal 0.000000e+00 -1.000000e+00 0.000000e+00
    outer loop
      vertex   1.096623e+02 4.250000e+01 4.412639e+01
      vertex   1.127500e+02 4.250000e+01 3.923205e+01
      vertex   1.107873e+02 4.250000e+01 4.455103e+01
    endloop
  endfacet
  facet normal 0.000000e+00 -1.000000e+00 0.000000e+00
    outer loop
      vertex   1.107873e+02 4.250000e+01 4.455103e+01
      vertex   1.127500e+02 4.250000e+01 3.923205e+01
      vertex   1.132324e+02 4.250000e+01 3.943185e+01
    endloop
  endfacet
  facet normal 0.000000e+00 -1.000000e+00 0.000000e+00
    outer loop
      vertex   1.107873e+02 4.250000e+01 4.455103e+01
      vertex   1.132324e+02 4.250000e+01 3.943185e+01
      vertex   1.119551e+02 4.250000e+01 4.483759e+01
    endloop
  endfacet
  facet normal 0.000000e+00 -1.000000e+00 0.000000e+00
    outer loop
      vertex   1.119551e+02 4.250000e+01 4.483759e+01
      vertex   1.132324e+02 4.250000e+01 3.943185e+01
      vertex   1.131488e+02 4.250000e+01 4.498191e+01
    endloop
  endfacet
  facet normal 0.000000e+00 -1.000000e+00 0.000000e+00
    outer loop
      vertex   1.131488e+02 4.250000e+01 4.498191e+01
      vertex   1.132324e+02 4.250000e+01 3.943185e+01
      vertex   1.137500e+02 4.250000e+01 3.950000e+01
    endloop
  endfacet
  facet normal 0.000000e+00 -1.000000e+00 0.000000e+00
    outer loop
      vertex   1.131488e+02 4.250000e+01 4.498191e+01
      vertex   1.137500e+02 4.250000e+01 3.950000e+01
      vertex   1.143512e+02 4.250000e+01 4.498191e+01
    endloop
  endfacet
  facet normal 0.000000e+00 -1.000000e+00 0.000000e+00
    outer loop
      vertex   1.143512e+02 4.250000e+01 4.498191e+01
      vertex   1.137500e+02 4.250000e+01 3.950000e+01
      vertex   1.142676e+02 4.250000e+01 3.943185e+01
    endloop
  endfacet
  facet normal 0.000000e+00 -1.000000e+00 -0.000000e+00
    outer loop
      vertex   1.143512e+02 4.250000e+01 4.498191e+01
      vertex   1.142676e+02 4.250000e+01 3.943185e+01
      vertex   1.155449e+02 4.250000e+01 4.483759e+01
    endloop
  endfacet
  facet normal 0.000000e+00 -1.000000e+00 -0.000000e+00
    outer loop
      vertex   1.155449e+02 4.250000e+01 4.483759e+01
      vertex   1.142676e+02 4.250000e+01 3.943185e+01
      vertex   1.167127e+02 4.250000e+01 4.455103e+01
    endloop
  endfacet
  facet normal 0.000000e+00 -1.000000e+00 0.000000e+00
    outer loop
      vertex   1.167127e+02 4.250000e+01 4.455103e+01
      vertex   1.142676e+02 4.250000e+01 3.943185e+01
      vertex   1.147500e+02 4.250000e+01 3.923205e+01
    endloop
  endfacet
  facet normal 0.000000e+00 -1.000000e+00 -0.000000e+00
    outer loop
      vertex   1.167127e+02 4.250000e+01 4.455103e+01
      vertex   1.147500e+02 4.250000e+01 3.923205e+01
      vertex   1.178377e+02 4.250000e+01 4.412639e+01
    endloop
  endfacet
  facet normal 0.000000e+00 -1.000000e+00 0.000000e+00
    outer loop
      vertex   1.178377e+02 4.250000e+01 4.412639e+01
      vertex   1.147500e+02 4.250000e+01 3.923205e+01
      vertex   1.151642e+02 4.250000e+01 3.891421e+01
    endloop
  endfacet
  facet normal 0.000000e+00 -1.000000e+00 -0.000000e+00
    outer loop
      vertex   1.178377e+02 4.250000e+01 4.412639e+01
      vertex   1.151642e+02 4.250000e+01 3.891421e+01
      vertex   1.189035e+02 4.250000e+01 4.356979e+01
    endloop
  endfacet
  facet normal 0.000000e+00 -1.000000e+00 -0.000000e+00
    outer loop
      vertex   1.189035e+02 4.250000e+01 4.356979e+01
      vertex   1.151642e+02 4.250000e+01 3.891421e+01
      vertex   1.198949e+02 4.250000e+01 4.288928e+01
    endloop
  endfacet
  facet normal 0.000000e+00 -1.000000e+00 0.000000e+00
    outer loop
      vertex   1.198949e+02 4.250000e+01 4.288928e+01
      vertex   1.151642e+02 4.250000e+01 3.891421e+01
      vertex   1.154821e+02 4.250000e+01 3.850000e+01
    endloop
  endfacet
  facet normal 0.000000e+00 -1.000000e+00 -0.000000e+00
    outer loop
      vertex   1.198949e+02 4.250000e+01 4.288928e+01
      vertex   1.154821e+02 4.250000e+01 3.850000e+01
      vertex   1.207973e+02 4.250000e+01 4.209471e+01
    endloop
  endfacet
  facet normal 0.000000e+00 -1.000000e+00 0.000000e+00
    outer loop
      vertex   1.207973e+02 4.250000e+01 4.209471e+01
      vertex   1.154821e+02 4.250000e+01 3.850000e+01
      vertex   1.156819e+02 4.250000e+01 3.801764e+01
    endloop
  endfacet
  facet normal 0.000000e+00 -1.000000e+00 -0.000000e+00
    outer loop
      vertex   1.207973e+02 4.250000e+01 4.209471e+01
      vertex   1.156819e+02 4.250000e+01 3.801764e+01
      vertex   1.215979e+02 4.250000e+01 4.119757e+01
    endloop
  endfacet
  facet normal 0.000000e+00 -1.000000e+00 -0.000000e+00
    outer loop
      vertex   1.215979e+02 4.250000e+01 4.119757e+01
      vertex   1.156819e+02 4.250000e+01 3.801764e+01
      vertex   1.222851e+02 4.250000e+01 4.021081e+01
    endloop
  endfacet
  facet normal 0.000000e+00 -1.000000e+00 0.000000e+00
    outer loop
      vertex   1.222851e+02 4.250000e+01 4.021081e+01
      vertex   1.156819e+02 4.250000e+01 3.801764e+01
      vertex   1.157500e+02 4.250000e+01 3.750000e+01
    endloop
  endfacet
  facet normal 0.000000e+00 -1.000000e+00 -0.000000e+00
    outer loop
      vertex   1.222851e+02 4.250000e+01 4.021081e+01
      vertex   1.157500e+02 4.250000e+01 3.750000e+01
      vertex   1.228488e+02 4.250000e+01 3.914872e+01
    endloop
  endfacet
  facet normal 0.000000e+00 -1.000000e+00 -0.000000e+00
    outer loop
      vertex   1.228488e+02 4.250000e+01 3.914872e+01
      vertex   1.157500e+02 4.250000e+01 3.750000e+01
      vertex   1.232810e+02 4.250000e+01 3.802664e+01
    endloop
  endfacet
  facet normal 0.000000e+00 -1.000000e+00 0.000000e+00
    outer loop
      vertex   1.232810e+02 4.250000e+01 3.802664e+01
      vertex   1.157500e+02 4.250000e+01 3.750000e+01
      vertex   1.156819e+02 4.250000e+01 3.698236e+01
    endloop
  endfacet
  facet normal 0.000000e+00 -1.000000e+00 -0.000000e+00
    outer loop
      vertex   1.232810e+02 4.250000e+01 3.802664e+01
      vertex   1.156819e+02 4.250000e+01 3.698236e+01
      vertex   1.235753e+02 4.250000e+01 3.686081e+01
    endloop
  endfacet
  facet normal -0.000000e+00 -1.000000e+00 -0.000000e+00
    outer loop
      vertex   1.235753e+02 4.250000e+01 3.686081e+01
      vertex   1.156819e+02 4.250000e+01 3.698236e+01
      vertex   1.237277e+02 4.250000e+01 3.566807e+01
    endloop
  endfacet
  facet normal 0.000000e+00 -1.000000e+00 0.000000e+00
    outer loop
      vertex   1.237277e+02 4.250000e+01 3.566807e+01
      vertex   1.156819e+02 4.250000e+01 3.698236e+01
      vertex   1.154821e+02 4.250000e+01 3.650000e+01
    endloop
  endfacet
  facet normal -0.000000e+00 -1.000000e+00 -0.000000e+00
    outer loop
      vertex   1.237277e+02 4.250000e+01 3.566807e+01
      vertex   1.154821e+02 4.250000e+01 3.650000e+01
      vertex   1.237357e+02 4.250000e+01 3.446567e+01
    endloop
  endfacet
  facet normal -0.000000e+00 -1.000000e+00 0.000000e+00
    outer loop
      vertex   1.237357e+02 4.250000e+01 3.446567e+01
      vertex   1.154821e+02 4.250000e+01 3.650000e+01
      vertex   1.235994e+02 4.250000e+01 3.327100e+01
    endloop
  endfacet
  facet normal -0.000000e+00 -1.000000e+00 0.000000e+00
    outer loop
      vertex   1.235994e+02 4.250000e+01 3.327100e+01
      vertex   1.154821e+02 4.250000e+01 3.650000e+01
      vertex   1.233207e+02 4.250000e+01 3.210132e+01
    endloop
  endfacet
  facet normal 0.000000e+00 -1.000000e+00 0.000000e+00
    outer loop
      vertex   1.233207e+02 4.250000e+01 3.210132e+01
      vertex   1.154821e+02 4.250000e+01 3.650000e+01
      vertex   1.151642e+02 4.250000e+01 3.608579e+01
    endloop
  endfacet
  facet normal -0.000000e+00 -1.000000e+00 0.000000e+00
    outer loop
      vertex   1.233207e+02 4.250000e+01 3.210132e+01
      vertex   1.151642e+02 4.250000e+01 3.608579e+01
      vertex   1.229036e+02 4.250000e+01 3.097356e+01
    endloop
  endfacet
  facet normal -0.000000e+00 -1.000000e+00 0.000000e+00
    outer loop
      vertex   1.229036e+02 4.250000e+01 3.097356e+01
      vertex   1.151642e+02 4.250000e+01 3.608579e+01
      vertex   1.223541e+02 4.250000e+01 2.990401e+01
    endloop
  endfacet
  facet normal -0.000000e+00 -1.000000e+00 0.000000e+00
    outer loop
      vertex   1.223541e+02 4.250000e+01 2.990401e+01
      vertex   1.151642e+02 4.250000e+01 3.608579e+01
      vertex   1.216803e+02 4.250000e+01 2.890814e+01
    endloop
  endfacet
  facet normal 0.000000e+00 -1.000000e+00 0.000000e+00
    outer loop
      vertex   1.216803e+02 4.250000e+01 2.890814e+01
      vertex   1.151642e+02 4.250000e+01 3.608579e+01
      vertex   1.147500e+02 4.250000e+01 3.576795e+01
    endloop
  endfacet
  facet normal -0.000000e+00 -1.000000e+00 0.000000e+00
    outer loop
      vertex   1.216803e+02 4.250000e+01 2.890814e+01
      vertex   1.147500e+02 4.250000e+01 3.576795e+01
      vertex   1.208918e+02 4.250000e+01 2.800034e+01
    endloop
  endfacet
  facet normal -0.000000e+00 -1.000000e+00 0.000000e+00
    outer loop
      vertex   1.208918e+02 4.250000e+01 2.800034e+01
      vertex   1.147500e+02 4.250000e+01 3.576795e+01
      vertex   1.200000e+02 4.250000e+01 2.719375e+01
    endloop
  endfacet
  facet normal 0.000000e+00 -1.000000e+00 0.000000e+00
    outer loop
      vertex   1.200000e+02 4.250000e+01 2.719375e+01
      vertex   1.147500e+02 4.250000e+01 3.576795e+01
      vertex   1.142676e+02 4.250000e+01 3.556815e+01
    endloop
  endfacet
  facet normal 0.000000e+00 -1.000000e+00 0.000000e+00
    outer loop
      vertex   1.200000e+02 4.250000e+01 2.719375e+01
      vertex   1.142676e+02 4.250000e+01 3.556815e+01
      vertex   1.137500e+02 4.250000e+01 3.550000e+01
    endloop
  endfacet
  facet normal 0.000000e+00 -1.000000e+00 0.000000e+00
    outer loop
      vertex   1.200000e+02 4.250000e+01 2.719375e+01
      vertex   1.137500e+02 4.250000e+01 3.550000e+01
      vertex   1.075000e+02 4.250000e+01 2.719375e+01
    endloop
  endfacet
  facet normal 0.000000e+00 -1.000000e+00 0.000000e+00
    outer loop
      vertex   1.075000e+02 4.250000e+01 2.719375e+01
      vertex   1.137500e+02 4.250000e+01 3.550000e+01
      vertex   1.132324e+02 4.250000e+01 3.556815e+01
    endloop
  endfacet
  facet normal 0.000000e+00 -1.000000e+00 0.000000e+00
    outer loop
      vertex   1.075000e+02 4.250000e+01 2.719375e+01
      vertex   1.132324e+02 4.250000e+01 3.556815e+01
      vertex   1.127500e+02 4.250000e+01 3.576795e+01
    endloop
  endfacet
  facet normal 0.000000e+00 -1.000000e+00 -0.000000e+00
    outer loop
      vertex   1.123358e+02 4.250000e+01 3.608579e+01
      vertex   1.058197e+02 4.250000e+01 2.890814e+01
      vertex   1.127500e+02 4.250000e+01 3.576795e+01
    endloop
  endfacet
  facet normal 0.000000e+00 -1.000000e+00 0.000000e+00
    outer loop
      vertex   1.127500e+02 4.250000e+01 3.576795e+01
      vertex   1.058197e+02 4.250000e+01 2.890814e+01
      vertex   1.066082e+02 4.250000e+01 2.800034e+01
    endloop
  endfacet
  facet normal 0.000000e+00 -1.000000e+00 0.000000e+00
    outer loop
      vertex   1.127500e+02 4.250000e+01 3.576795e+01
      vertex   1.066082e+02 4.250000e+01 2.800034e+01
      vertex   1.075000e+02 4.250000e+01 2.719375e+01
    endloop
  endfacet
  facet normal 0.000000e+00 -1.000000e+00 -0.000000e+00
    outer loop
      vertex   1.120180e+02 4.250000e+01 3.650000e+01
      vertex   1.041793e+02 4.250000e+01 3.210132e+01
      vertex   1.123358e+02 4.250000e+01 3.608579e+01
    endloop
  endfacet
  facet normal 0.000000e+00 -1.000000e+00 0.000000e+00
    outer loop
      vertex   1.123358e+02 4.250000e+01 3.608579e+01
      vertex   1.041793e+02 4.250000e+01 3.210132e+01
      vertex   1.045964e+02 4.250000e+01 3.097356e+01
    endloop
  endfacet
  facet normal 0.000000e+00 -1.000000e+00 0.000000e+00
    outer loop
      vertex   1.123358e+02 4.250000e+01 3.608579e+01
      vertex   1.045964e+02 4.250000e+01 3.097356e+01
      vertex   1.051459e+02 4.250000e+01 2.990401e+01
    endloop
  endfacet
  facet normal 0.000000e+00 -1.000000e+00 -0.000000e+00
    outer loop
      vertex   1.118181e+02 4.250000e+01 3.698236e+01
      vertex   1.037723e+02 4.250000e+01 3.566807e+01
      vertex   1.120180e+02 4.250000e+01 3.650000e+01
    endloop
  endfacet
  facet normal 0.000000e+00 -1.000000e+00 0.000000e+00
    outer loop
      vertex   1.120180e+02 4.250000e+01 3.650000e+01
      vertex   1.037723e+02 4.250000e+01 3.566807e+01
      vertex   1.037643e+02 4.250000e+01 3.446567e+01
    endloop
  endfacet
  facet normal 0.000000e+00 -1.000000e+00 0.000000e+00
    outer loop
      vertex   1.120180e+02 4.250000e+01 3.650000e+01
      vertex   1.037643e+02 4.250000e+01 3.446567e+01
      vertex   1.039006e+02 4.250000e+01 3.327100e+01
    endloop
  endfacet
  facet normal -0.000000e+00 -1.000000e+00 -0.000000e+00
    outer loop
      vertex   1.117500e+02 4.250000e+01 3.750000e+01
      vertex   1.042190e+02 4.250000e+01 3.802664e+01
      vertex   1.118181e+02 4.250000e+01 3.698236e+01
    endloop
  endfacet
  facet normal -0.000000e+00 -1.000000e+00 0.000000e+00
    outer loop
      vertex   1.118181e+02 4.250000e+01 3.698236e+01
      vertex   1.042190e+02 4.250000e+01 3.802664e+01
      vertex   1.039247e+02 4.250000e+01 3.686081e+01
    endloop
  endfacet
  facet normal 0.000000e+00 -1.000000e+00 0.000000e+00
    outer loop
      vertex   1.118181e+02 4.250000e+01 3.698236e+01
      vertex   1.039247e+02 4.250000e+01 3.686081e+01
      vertex   1.037723e+02 4.250000e+01 3.566807e+01
    endloop
  endfacet
  facet normal 0.000000e+00 -1.000000e+00 0.000000e+00
    outer loop
      vertex   1.039006e+02 4.250000e+01 3.327100e+01
      vertex   1.041793e+02 4.250000e+01 3.210132e+01
      vertex   1.120180e+02 4.250000e+01 3.650000e+01
    endloop
  endfacet
  facet normal 0.000000e+00 -1.000000e+00 0.000000e+00
    outer loop
      vertex   1.051459e+02 4.250000e+01 2.990401e+01
      vertex   1.058197e+02 4.250000e+01 2.890814e+01
      vertex   1.123358e+02 4.250000e+01 3.608579e+01
    endloop
  endfacet
  facet normal 0.000000e+00 -1.000000e+00 0.000000e+00
    outer loop
      vertex   1.075000e+02 4.250000e+01 2.500000e+01
      vertex   1.200000e+02 4.250000e+01 2.500000e+01
      vertex   1.075000e+02 4.250000e+01 2.719375e+01
    endloop
  endfacet
  facet normal 0.000000e+00 -1.000000e+00 0.000000e+00
    outer loop
      vertex   1.075000e+02 4.250000e+01 2.719375e+01
      vertex   1.200000e+02 4.250000e+01 2.500000e+01
      vertex   1.200000e+02 4.250000e+01 2.719375e+01
    endloop
  endfacet
  facet normal 0.000000e+00 0.000000e+00 -1.000000e+00
    outer loop
      vertex   1.075000e+02 4.250000e+01 2.500000e+01
      vertex   1.139273e+02 4.900449e+01 2.500000e+01
      vertex   1.200000e+02 4.250000e+01 2.500000e+01
    endloop
  endfacet
  facet normal 0.000000e+00 0.000000e+00 -1.000000e+00
    outer loop
      vertex   1.200000e+02 4.250000e+01 2.500000e+01
      vertex   1.139273e+02 4.900449e+01 2.500000e+01
      vertex   1.146273e+02 4.911173e+01 2.500000e+01
    endloop
  endfacet
  facet normal 0.000000e+00 0.000000e+00 -1.000000e+00
    outer loop
      vertex   1.200000e+02 4.250000e+01 2.500000e+01
      vertex   1.146273e+02 4.911173e+01 2.500000e+01
      vertex   1.152914e+02 4.935768e+01 2.500000e+01
    endloop
  endfacet
  facet normal 0.000000e+00 0.000000e+00 -1.000000e+00
    outer loop
      vertex   1.075000e+02 1.575000e+02 2.500000e+01
      vertex   1.103216e+02 1.467955e+02 2.500000e+01
      vertex   1.075000e+02 4.250000e+01 2.500000e+01
    endloop
  endfacet
  facet normal 0.000000e+00 0.000000e+00 -1.000000e+00
    outer loop
      vertex   1.075000e+02 4.250000e+01 2.500000e+01
      vertex   1.103216e+02 1.467955e+02 2.500000e+01
      vertex   1.103216e+02 5.320455e+01 2.500000e+01
    endloop
  endfacet
  facet normal 0.000000e+00 0.000000e+00 -1.000000e+00
    outer loop
      vertex   1.075000e+02 4.250000e+01 2.500000e+01
      vertex   1.103216e+02 5.320455e+01 2.500000e+01
      vertex   1.102500e+02 5.250000e+01 2.500000e+01
    endloop
  endfacet
  facet normal -0.000000e+00 0.000000e+00 -1.000000e+00
    outer loop
      vertex   1.200000e+02 1.575000e+02 2.500000e+01
      vertex   1.139273e+02 1.509955e+02 2.500000e+01
      vertex   1.075000e+02 1.575000e+02 2.500000e+01
    endloop
  endfacet
  facet normal 0.000000e+00 0.000000e+00 -1.000000e+00
    outer loop
      vertex   1.075000e+02 1.575000e+02 2.500000e+01
      vertex   1.139273e+02 1.509955e+02 2.500000e+01
      vertex   1.132200e+02 1.509596e+02 2.500000e+01
    endloop
  endfacet
  facet normal 0.000000e+00 0.000000e+00 -1.000000e+00
    outer loop
      vertex   1.075000e+02 1.575000e+02 2.500000e+01
      vertex   1.132200e+02 1.509596e+02 2.500000e+01
      vertex   1.125344e+02 1.507821e+02 2.500000e+01
    endloop
  endfacet
  facet normal 0.000000e+00 0.000000e+00 -1.000000e+00
    outer loop
      vertex   1.200000e+02 4.250000e+01 2.500000e+01
      vertex   1.172320e+02 1.471459e+02 2.500000e+01
      vertex   1.200000e+02 1.575000e+02 2.500000e+01
    endloop
  endfacet
  facet normal 0.000000e+00 0.000000e+00 -1.000000e+00
    outer loop
      vertex   1.200000e+02 1.575000e+02 2.500000e+01
      vertex   1.172320e+02 1.471459e+02 2.500000e+01
      vertex   1.172320e+02 1.478541e+02 2.500000e+01
    endloop
  endfacet
  facet normal 0.000000e+00 0.000000e+00 -1.000000e+00
    outer loop
      vertex   1.200000e+02 1.575000e+02 2.500000e+01
      vertex   1.172320e+02 1.478541e+02 2.500000e+01
      vertex   1.170895e+02 1.485478e+02 2.500000e+01
    endloop
  endfacet
  facet normal 0.000000e+00 -0.000000e+00 -1.000000e+00
    outer loop
      vertex   1.102500e+02 5.250000e+01 2.500000e+01
      vertex   1.103216e+02 5.179546e+01 2.500000e+01
      vertex   1.075000e+02 4.250000e+01 2.500000e+01
    endloop
  endfacet
  facet normal 0.000000e+00 0.000000e+00 -1.000000e+00
    outer loop
      vertex   1.075000e+02 4.250000e+01 2.500000e+01
      vertex   1.103216e+02 5.179546e+01 2.500000e+01
      vertex   1.105336e+02 5.111975e+01 2.500000e+01
    endloop
  endfacet
  facet normal 0.000000e+00 0.000000e+00 -1.000000e+00
    outer loop
      vertex   1.075000e+02 4.250000e+01 2.500000e+01
      vertex   1.105336e+02 5.111975e+01 2.500000e+01
      vertex   1.108773e+02 5.050056e+01 2.500000e+01
    endloop
  endfacet
  facet normal 0.000000e+00 -0.000000e+00 -1.000000e+00
    outer loop
      vertex   1.108773e+02 5.050056e+01 2.500000e+01
      vertex   1.113386e+02 4.996323e+01 2.500000e+01
      vertex   1.075000e+02 4.250000e+01 2.500000e+01
    endloop
  endfacet
  facet normal 0.000000e+00 0.000000e+00 -1.000000e+00
    outer loop
      vertex   1.075000e+02 4.250000e+01 2.500000e+01
      vertex   1.113386e+02 4.996323e+01 2.500000e+01
      vertex   1.118986e+02 4.952975e+01 2.500000e+01
    endloop
  endfacet
  facet normal 0.000000e+00 0.000000e+00 -1.000000e+00
    outer loop
      vertex   1.075000e+02 4.250000e+01 2.500000e+01
      vertex   1.118986e+02 4.952975e+01 2.500000e+01
      vertex   1.125344e+02 4.921787e+01 2.500000e+01
    endloop
  endfacet
  facet normal 0.000000e+00 -0.000000e+00 -1.000000e+00
    outer loop
      vertex   1.125344e+02 4.921787e+01 2.500000e+01
      vertex   1.132200e+02 4.904036e+01 2.500000e+01
      vertex   1.075000e+02 4.250000e+01 2.500000e+01
    endloop
  endfacet
  facet normal 0.000000e+00 0.000000e+00 -1.000000e+00
    outer loop
      vertex   1.075000e+02 4.250000e+01 2.500000e+01
      vertex   1.132200e+02 4.904036e+01 2.500000e+01
      vertex   1.139273e+02 4.900449e+01 2.500000e+01
    endloop
  endfacet
  facet normal 0.000000e+00 0.000000e+00 -1.000000e+00
    outer loop
      vertex   1.152914e+02 4.935768e+01 2.500000e+01
      vertex   1.158924e+02 4.973229e+01 2.500000e+01
      vertex   1.200000e+02 4.250000e+01 2.500000e+01
    endloop
  endfacet
  facet normal 0.000000e+00 0.000000e+00 -1.000000e+00
    outer loop
      vertex   1.200000e+02 4.250000e+01 2.500000e+01
      vertex   1.158924e+02 4.973229e+01 2.500000e+01
      vertex   1.164057e+02 5.022020e+01 2.500000e+01
    endloop
  endfacet
  facet normal 0.000000e+00 0.000000e+00 -1.000000e+00
    outer loop
      vertex   1.200000e+02 4.250000e+01 2.500000e+01
      vertex   1.164057e+02 5.022020e+01 2.500000e+01
      vertex   1.168102e+02 5.080144e+01 2.500000e+01
    endloop
  endfacet
  facet normal 0.000000e+00 0.000000e+00 -1.000000e+00
    outer loop
      vertex   1.168102e+02 5.080144e+01 2.500000e+01
      vertex   1.170895e+02 5.145223e+01 2.500000e+01
      vertex   1.200000e+02 4.250000e+01 2.500000e+01
    endloop
  endfacet
  facet normal 0.000000e+00 0.000000e+00 -1.000000e+00
    outer loop
      vertex   1.200000e+02 4.250000e+01 2.500000e+01
      vertex   1.170895e+02 5.145223e+01 2.500000e+01
      vertex   1.172320e+02 5.214591e+01 2.500000e+01
    endloop
  endfacet
  facet normal 0.000000e+00 0.000000e+00 -1.000000e+00
    outer loop
      vertex   1.200000e+02 4.250000e+01 2.500000e+01
      vertex   1.172320e+02 5.214591e+01 2.500000e+01
      vertex   1.172320e+02 5.285409e+01 2.500000e+01
    endloop
  endfacet
  facet normal 0.000000e+00 0.000000e+00 -1.000000e+00
    outer loop
      vertex   1.200000e+02 4.250000e+01 2.500000e+01
      vertex   1.172320e+02 5.285409e+01 2.500000e+01
      vertex   1.172320e+02 1.471459e+02 2.500000e+01
    endloop
  endfacet
  facet normal 0.000000e+00 -0.000000e+00 -1.000000e+00
    outer loop
      vertex   1.172320e+02 1.471459e+02 2.500000e+01
      vertex   1.172320e+02 5.285409e+01 2.500000e+01
      vertex   1.170895e+02 5.354777e+01 2.500000e+01
    endloop
  endfacet
  facet normal 0.000000e+00 0.000000e+00 -1.000000e+00
    outer loop
      vertex   1.172320e+02 1.471459e+02 2.500000e+01
      vertex   1.170895e+02 5.354777e+01 2.500000e+01
      vertex   1.170895e+02 1.464522e+02 2.500000e+01
    endloop
  endfacet
  facet normal 0.000000e+00 -0.000000e+00 -1.000000e+00
    outer loop
      vertex   1.170895e+02 1.464522e+02 2.500000e+01
      vertex   1.170895e+02 5.354777e+01 2.500000e+01
      vertex   1.168102e+02 1.458014e+02 2.500000e+01
    endloop
  endfacet
  facet normal 0.000000e+00 0.000000e+00 -1.000000e+00
    outer loop
      vertex   1.168102e+02 1.458014e+02 2.500000e+01
      vertex   1.170895e+02 5.354777e+01 2.500000e+01
      vertex   1.168102e+02 5.419856e+01 2.500000e+01
    endloop
  endfacet
  facet normal 0.000000e+00 -0.000000e+00 -1.000000e+00
    outer loop
      vertex   1.168102e+02 1.458014e+02 2.500000e+01
      vertex   1.168102e+02 5.419856e+01 2.500000e+01
      vertex   1.164057e+02 1.452202e+02 2.500000e+01
    endloop
  endfacet
  facet normal 0.000000e+00 0.000000e+00 -1.000000e+00
    outer loop
      vertex   1.164057e+02 1.452202e+02 2.500000e+01
      vertex   1.168102e+02 5.419856e+01 2.500000e+01
      vertex   1.164057e+02 5.477980e+01 2.500000e+01
    endloop
  endfacet
  facet normal 0.000000e+00 -0.000000e+00 -1.000000e+00
    outer loop
      vertex   1.164057e+02 1.452202e+02 2.500000e+01
      vertex   1.164057e+02 5.477980e+01 2.500000e+01
      vertex   1.158924e+02 1.447323e+02 2.500000e+01
    endloop
  endfacet
  facet normal 0.000000e+00 0.000000e+00 -1.000000e+00
    outer loop
      vertex   1.158924e+02 1.447323e+02 2.500000e+01
      vertex   1.164057e+02 5.477980e+01 2.500000e+01
      vertex   1.158924e+02 5.526772e+01 2.500000e+01
    endloop
  endfacet
  facet normal 0.000000e+00 -0.000000e+00 -1.000000e+00
    outer loop
      vertex   1.158924e+02 1.447323e+02 2.500000e+01
      vertex   1.158924e+02 5.526772e+01 2.500000e+01
      vertex   1.152914e+02 1.443577e+02 2.500000e+01
    endloop
  endfacet
  facet normal 0.000000e+00 0.000000e+00 -1.000000e+00
    outer loop
      vertex   1.152914e+02 1.443577e+02 2.500000e+01
      vertex   1.158924e+02 5.526772e+01 2.500000e+01
      vertex   1.152914e+02 5.564232e+01 2.500000e+01
    endloop
  endfacet
  facet normal 0.000000e+00 -0.000000e+00 -1.000000e+00
    outer loop
      vertex   1.152914e+02 1.443577e+02 2.500000e+01
      vertex   1.152914e+02 5.564232e+01 2.500000e+01
      vertex   1.146273e+02 1.441117e+02 2.500000e+01
    endloop
  endfacet
  facet normal 0.000000e+00 0.000000e+00 -1.000000e+00
    outer loop
      vertex   1.146273e+02 1.441117e+02 2.500000e+01
      vertex   1.152914e+02 5.564232e+01 2.500000e+01
      vertex   1.146273e+02 5.588827e+01 2.500000e+01
    endloop
  endfacet
  facet normal 0.000000e+00 -0.000000e+00 -1.000000e+00
    outer loop
      vertex   1.146273e+02 1.441117e+02 2.500000e+01
      vertex   1.146273e+02 5.588827e+01 2.500000e+01
      vertex   1.139273e+02 1.440045e+02 2.500000e+01
    endloop
  endfacet
  facet normal 0.000000e+00 -0.000000e+00 -1.000000e+00
    outer loop
      vertex   1.139273e+02 1.440045e+02 2.500000e+01
      vertex   1.146273e+02 5.588827e+01 2.500000e+01
      vertex   1.139273e+02 5.599551e+01 2.500000e+01
    endloop
  endfacet
  facet normal 0.000000e+00 0.000000e+00 -1.000000e+00
    outer loop
      vertex   1.139273e+02 1.440045e+02 2.500000e+01
      vertex   1.139273e+02 5.599551e+01 2.500000e+01
      vertex   1.132200e+02 5.595964e+01 2.500000e+01
    endloop
  endfacet
  facet normal -0.000000e+00 0.000000e+00 -1.000000e+00
    outer loop
      vertex   1.139273e+02 1.440045e+02 2.500000e+01
      vertex   1.132200e+02 5.595964e+01 2.500000e+01
      vertex   1.132200e+02 1.440404e+02 2.500000e+01
    endloop
  endfacet
  facet normal 0.000000e+00 -0.000000e+00 -1.000000e+00
    outer loop
      vertex   1.132200e+02 1.440404e+02 2.500000e+01
      vertex   1.132200e+02 5.595964e+01 2.500000e+01
      vertex   1.125344e+02 5.578213e+01 2.500000e+01
    endloop
  endfacet
  facet normal -0.000000e+00 0.000000e+00 -1.000000e+00
    outer loop
      vertex   1.132200e+02 1.440404e+02 2.500000e+01
      vertex   1.125344e+02 5.578213e+01 2.500000e+01
      vertex   1.125344e+02 1.442179e+02 2.500000e+01
    endloop
  endfacet
  facet normal 0.000000e+00 -0.000000e+00 -1.000000e+00
    outer loop
      vertex   1.125344e+02 1.442179e+02 2.500000e+01
      vertex   1.125344e+02 5.578213e+01 2.500000e+01
      vertex   1.118986e+02 5.547026e+01 2.500000e+01
    endloop
  endfacet
  facet normal -0.000000e+00 0.000000e+00 -1.000000e+00
    outer loop
      vertex   1.125344e+02 1.442179e+02 2.500000e+01
      vertex   1.118986e+02 5.547026e+01 2.500000e+01
      vertex   1.118986e+02 1.445297e+02 2.500000e+01
    endloop
  endfacet
  facet normal 0.000000e+00 -0.000000e+00 -1.000000e+00
    outer loop
      vertex   1.118986e+02 1.445297e+02 2.500000e+01
      vertex   1.118986e+02 5.547026e+01 2.500000e+01
      vertex   1.113386e+02 5.503678e+01 2.500000e+01
    endloop
  endfacet
  facet normal -0.000000e+00 0.000000e+00 -1.000000e+00
    outer loop
      vertex   1.118986e+02 1.445297e+02 2.500000e+01
      vertex   1.113386e+02 5.503678e+01 2.500000e+01
      vertex   1.113386e+02 1.449632e+02 2.500000e+01
    endloop
  endfacet
  facet normal 0.000000e+00 -0.000000e+00 -1.000000e+00
    outer loop
      vertex   1.113386e+02 1.449632e+02 2.500000e+01
      vertex   1.113386e+02 5.503678e+01 2.500000e+01
      vertex   1.108773e+02 5.449944e+01 2.500000e+01
    endloop
  endfacet
  facet normal -0.000000e+00 0.000000e+00 -1.000000e+00
    outer loop
      vertex   1.113386e+02 1.449632e+02 2.500000e+01
      vertex   1.108773e+02 5.449944e+01 2.500000e+01
      vertex   1.108773e+02 1.455006e+02 2.500000e+01
    endloop
  endfacet
  facet normal 0.000000e+00 -0.000000e+00 -1.000000e+00
    outer loop
      vertex   1.108773e+02 1.455006e+02 2.500000e+01
      vertex   1.108773e+02 5.449944e+01 2.500000e+01
      vertex   1.105336e+02 5.388025e+01 2.500000e+01
    endloop
  endfacet
  facet normal -0.000000e+00 0.000000e+00 -1.000000e+00
    outer loop
      vertex   1.108773e+02 1.455006e+02 2.500000e+01
      vertex   1.105336e+02 5.388025e+01 2.500000e+01
      vertex   1.105336e+02 1.461198e+02 2.500000e+01
    endloop
  endfacet
  facet normal 0.000000e+00 -0.000000e+00 -1.000000e+00
    outer loop
      vertex   1.105336e+02 1.461198e+02 2.500000e+01
      vertex   1.105336e+02 5.388025e+01 2.500000e+01
      vertex   1.103216e+02 5.320455e+01 2.500000e+01
    endloop
  endfacet
  facet normal -0.000000e+00 0.000000e+00 -1.000000e+00
    outer loop
      vertex   1.105336e+02 1.461198e+02 2.500000e+01
      vertex   1.103216e+02 5.320455e+01 2.500000e+01
      vertex   1.103216e+02 1.467955e+02 2.500000e+01
    endloop
  endfacet
  facet normal -0.000000e+00 0.000000e+00 -1.000000e+00
    outer loop
      vertex   1.103216e+02 1.482045e+02 2.500000e+01
      vertex   1.102500e+02 1.475000e+02 2.500000e+01
      vertex   1.075000e+02 1.575000e+02 2.500000e+01
    endloop
  endfacet
  facet normal 0.000000e+00 0.000000e+00 -1.000000e+00
    outer loop
      vertex   1.075000e+02 1.575000e+02 2.500000e+01
      vertex   1.102500e+02 1.475000e+02 2.500000e+01
      vertex   1.103216e+02 1.467955e+02 2.500000e+01
    endloop
  endfacet
  facet normal 0.000000e+00 0.000000e+00 -1.000000e+00
    outer loop
      vertex   1.170895e+02 1.485478e+02 2.500000e+01
      vertex   1.168102e+02 1.491986e+02 2.500000e+01
      vertex   1.200000e+02 1.575000e+02 2.500000e+01
    endloop
  endfacet
  facet normal 0.000000e+00 0.000000e+00 -1.000000e+00
    outer loop
      vertex   1.200000e+02 1.575000e+02 2.500000e+01
      vertex   1.168102e+02 1.491986e+02 2.500000e+01
      vertex   1.164057e+02 1.497798e+02 2.500000e+01
    endloop
  endfacet
  facet normal 0.000000e+00 0.000000e+00 -1.000000e+00
    outer loop
      vertex   1.200000e+02 1.575000e+02 2.500000e+01
      vertex   1.164057e+02 1.497798e+02 2.500000e+01
      vertex   1.158924e+02 1.502677e+02 2.500000e+01
    endloop
  endfacet
  facet normal 0.000000e+00 0.000000e+00 -1.000000e+00
    outer loop
      vertex   1.158924e+02 1.502677e+02 2.500000e+01
      vertex   1.152914e+02 1.506423e+02 2.500000e+01
      vertex   1.200000e+02 1.575000e+02 2.500000e+01
    endloop
  endfacet
  facet normal 0.000000e+00 0.000000e+00 -1.000000e+00
    outer loop
      vertex   1.200000e+02 1.575000e+02 2.500000e+01
      vertex   1.152914e+02 1.506423e+02 2.500000e+01
      vertex   1.146273e+02 1.508883e+02 2.500000e+01
    endloop
  endfacet
  facet normal 0.000000e+00 0.000000e+00 -1.000000e+00
    outer loop
      vertex   1.200000e+02 1.575000e+02 2.500000e+01
      vertex   1.146273e+02 1.508883e+02 2.500000e+01
      vertex   1.139273e+02 1.509955e+02 2.500000e+01
    endloop
  endfacet
  facet normal -0.000000e+00 0.000000e+00 -1.000000e+00
    outer loop
      vertex   1.125344e+02 1.507821e+02 2.500000e+01
      vertex   1.118986e+02 1.504703e+02 2.500000e+01
      vertex   1.075000e+02 1.575000e+02 2.500000e+01
    endloop
  endfacet
  facet normal 0.000000e+00 0.000000e+00 -1.000000e+00
    outer loop
      vertex   1.075000e+02 1.575000e+02 2.500000e+01
      vertex   1.118986e+02 1.504703e+02 2.500000e+01
      vertex   1.113386e+02 1.500368e+02 2.500000e+01
    endloop
  endfacet
  facet normal 0.000000e+00 0.000000e+00 -1.000000e+00
    outer loop
      vertex   1.075000e+02 1.575000e+02 2.500000e+01
      vertex   1.113386e+02 1.500368e+02 2.500000e+01
      vertex   1.108773e+02 1.494994e+02 2.500000e+01
    endloop
  endfacet
  facet normal -0.000000e+00 0.000000e+00 -1.000000e+00
    outer loop
      vertex   1.108773e+02 1.494994e+02 2.500000e+01
      vertex   1.105336e+02 1.488802e+02 2.500000e+01
      vertex   1.075000e+02 1.575000e+02 2.500000e+01
    endloop
  endfacet
  facet normal 0.000000e+00 0.000000e+00 -1.000000e+00
    outer loop
      vertex   1.075000e+02 1.575000e+02 2.500000e+01
      vertex   1.105336e+02 1.488802e+02 2.500000e+01
      vertex   1.103216e+02 1.482045e+02 2.500000e+01
    endloop
  endfacet
  facet normal 9.948693e-01 1.011683e-01 0.000000e+00
    outer loop
      vertex   1.103216e+02 1.467955e+02 3.500000e+01
      vertex   1.103216e+02 1.467955e+02 2.500000e+01
      vertex   1.102500e+02 1.475000e+02 3.500000e+01
    endloop
  endfacet
  facet normal 9.948693e-01 1.011683e-01 0.000000e+00
    outer loop
      vertex   1.102500e+02 1.475000e+02 3.500000e+01
      vertex   1.103216e+02 1.467955e+02 2.500000e+01
      vertex   1.102500e+02 1.475000e+02 2.500000e+01
    endloop
  endfacet
  facet normal 9.948693e-01 -1.011683e-01 0.000000e+00
    outer loop
      vertex   1.102500e+02 1.475000e+02 3.500000e+01
      vertex   1.102500e+02 1.475000e+02 2.500000e+01
      vertex   1.103216e+02 1.482045e+02 3.500000e+01
    endloop
  endfacet
  facet normal 9.948693e-01 -1.011683e-01 0.000000e+00
    outer loop
      vertex   1.103216e+02 1.482045e+02 3.500000e+01
      vertex   1.102500e+02 1.475000e+02 2.500000e+01
      vertex   1.103216e+02 1.482045e+02 2.500000e+01
    endloop
  endfacet
  facet normal 9.541393e-01 -2.993631e-01 0.000000e+00
    outer loop
      vertex   1.103216e+02 1.482045e+02 3.500000e+01
      vertex   1.103216e+02 1.482045e+02 2.500000e+01
      vertex   1.105336e+02 1.488802e+02 3.500000e+01
    endloop
  endfacet
  facet normal 9.541393e-01 -2.993631e-01 0.000000e+00
    outer loop
      vertex   1.105336e+02 1.488802e+02 3.500000e+01
      vertex   1.103216e+02 1.482045e+02 2.500000e+01
      vertex   1.105336e+02 1.488802e+02 2.500000e+01
    endloop
  endfacet
  facet normal 8.743466e-01 -4.853020e-01 0.000000e+00
    outer loop
      vertex   1.105336e+02 1.488802e+02 3.500000e+01
      vertex   1.105336e+02 1.488802e+02 2.500000e+01
      vertex   1.108773e+02 1.494994e+02 3.500000e+01
    endloop
  endfacet
  facet normal 8.743466e-01 -4.853020e-01 0.000000e+00
    outer loop
      vertex   1.108773e+02 1.494994e+02 3.500000e+01
      vertex   1.105336e+02 1.488802e+02 2.500000e+01
      vertex   1.108773e+02 1.494994e+02 2.500000e+01
    endloop
  endfacet
  facet normal 7.587581e-01 -6.513725e-01 0.000000e+00
    outer loop
      vertex   1.108773e+02 1.494994e+02 3.500000e+01
      vertex   1.108773e+02 1.494994e+02 2.500000e+01
      vertex   1.113386e+02 1.500368e+02 3.500000e+01
    endloop
  endfacet
  facet normal 7.587581e-01 -6.513725e-01 0.000000e+00
    outer loop
      vertex   1.113386e+02 1.500368e+02 3.500000e+01
      vertex   1.108773e+02 1.494994e+02 2.500000e+01
      vertex   1.113386e+02 1.500368e+02 2.500000e+01
    endloop
  endfacet
  facet normal 6.121060e-01 -7.907757e-01 0.000000e+00
    outer loop
      vertex   1.113386e+02 1.500368e+02 3.500000e+01
      vertex   1.113386e+02 1.500368e+02 2.500000e+01
      vertex   1.118986e+02 1.504703e+02 3.500000e+01
    endloop
  endfacet
  facet normal 6.121060e-01 -7.907757e-01 0.000000e+00
    outer loop
      vertex   1.118986e+02 1.504703e+02 3.500000e+01
      vertex   1.113386e+02 1.500368e+02 2.500000e+01
      vertex   1.118986e+02 1.504703e+02 2.500000e+01
    endloop
  endfacet
  facet normal 4.403942e-01 -8.978045e-01 0.000000e+00
    outer loop
      vertex   1.118986e+02 1.504703e+02 3.500000e+01
      vertex   1.118986e+02 1.504703e+02 2.500000e+01
      vertex   1.125344e+02 1.507821e+02 3.500000e+01
    endloop
  endfacet
  facet normal 4.403942e-01 -8.978045e-01 0.000000e+00
    outer loop
      vertex   1.125344e+02 1.507821e+02 3.500000e+01
      vertex   1.118986e+02 1.504703e+02 2.500000e+01
      vertex   1.125344e+02 1.507821e+02 2.500000e+01
    endloop
  endfacet
  facet normal 2.506525e-01 -9.680771e-01 0.000000e+00
    outer loop
      vertex   1.125344e+02 1.507821e+02 3.500000e+01
      vertex   1.125344e+02 1.507821e+02 2.500000e+01
      vertex   1.132200e+02 1.509596e+02 3.500000e+01
    endloop
  endfacet
  facet normal 2.506525e-01 -9.680771e-01 0.000000e+00
    outer loop
      vertex   1.132200e+02 1.509596e+02 3.500000e+01
      vertex   1.125344e+02 1.507821e+02 2.500000e+01
      vertex   1.132200e+02 1.509596e+02 2.500000e+01
    endloop
  endfacet
  facet normal 5.064917e-02 -9.987165e-01 0.000000e+00
    outer loop
      vertex   1.132200e+02 1.509596e+02 3.500000e+01
      vertex   1.132200e+02 1.509596e+02 2.500000e+01
      vertex   1.139273e+02 1.509955e+02 3.500000e+01
    endloop
  endfacet
  facet normal 5.064917e-02 -9.987165e-01 0.000000e+00
    outer loop
      vertex   1.139273e+02 1.509955e+02 3.500000e+01
      vertex   1.132200e+02 1.509596e+02 2.500000e+01
      vertex   1.139273e+02 1.509955e+02 2.500000e+01
    endloop
  endfacet
  facet normal -1.514278e-01 -9.884683e-01 -0.000000e+00
    outer loop
      vertex   1.139273e+02 1.509955e+02 3.500000e+01
      vertex   1.139273e+02 1.509955e+02 2.500000e+01
      vertex   1.146273e+02 1.508883e+02 3.500000e+01
    endloop
  endfacet
  facet normal -1.514278e-01 -9.884683e-01 -0.000000e+00
    outer loop
      vertex   1.146273e+02 1.508883e+02 3.500000e+01
      vertex   1.139273e+02 1.509955e+02 2.500000e+01
      vertex   1.146273e+02 1.508883e+02 2.500000e+01
    endloop
  endfacet
  facet normal -3.473053e-01 -9.377521e-01 -0.000000e+00
    outer loop
      vertex   1.146273e+02 1.508883e+02 3.500000e+01
      vertex   1.146273e+02 1.508883e+02 2.500000e+01
      vertex   1.152914e+02 1.506423e+02 3.500000e+01
    endloop
  endfacet
  facet normal -3.473053e-01 -9.377521e-01 -0.000000e+00
    outer loop
      vertex   1.152914e+02 1.506423e+02 3.500000e+01
      vertex   1.146273e+02 1.508883e+02 2.500000e+01
      vertex   1.152914e+02 1.506423e+02 2.500000e+01
    endloop
  endfacet
  facet normal -5.289640e-01 -8.486443e-01 -0.000000e+00
    outer loop
      vertex   1.152914e+02 1.506423e+02 3.500000e+01
      vertex   1.152914e+02 1.506423e+02 2.500000e+01
      vertex   1.158924e+02 1.502677e+02 3.500000e+01
    endloop
  endfacet
  facet normal -5.289640e-01 -8.486443e-01 -0.000000e+00
    outer loop
      vertex   1.158924e+02 1.502677e+02 3.500000e+01
      vertex   1.152914e+02 1.506423e+02 2.500000e+01
      vertex   1.158924e+02 1.502677e+02 2.500000e+01
    endloop
  endfacet
  facet normal -6.889669e-01 -7.247928e-01 -0.000000e+00
    outer loop
      vertex   1.158924e+02 1.502677e+02 3.500000e+01
      vertex   1.158924e+02 1.502677e+02 2.500000e+01
      vertex   1.164057e+02 1.497798e+02 3.500000e+01
    endloop
  endfacet
  facet normal -6.889669e-01 -7.247928e-01 -0.000000e+00
    outer loop
      vertex   1.164057e+02 1.497798e+02 3.500000e+01
      vertex   1.158924e+02 1.502677e+02 2.500000e+01
      vertex   1.164057e+02 1.497798e+02 2.500000e+01
    endloop
  endfacet
  facet normal -8.207634e-01 -5.712682e-01 -0.000000e+00
    outer loop
      vertex   1.164057e+02 1.497798e+02 3.500000e+01
      vertex   1.164057e+02 1.497798e+02 2.500000e+01
      vertex   1.168102e+02 1.491986e+02 3.500000e+01
    endloop
  endfacet
  facet normal -8.207634e-01 -5.712682e-01 -0.000000e+00
    outer loop
      vertex   1.168102e+02 1.491986e+02 3.500000e+01
      vertex   1.164057e+02 1.497798e+02 2.500000e+01
      vertex   1.168102e+02 1.491986e+02 2.500000e+01
    endloop
  endfacet
  facet normal -9.189578e-01 -3.943559e-01 -0.000000e+00
    outer loop
      vertex   1.168102e+02 1.491986e+02 3.500000e+01
      vertex   1.168102e+02 1.491986e+02 2.500000e+01
      vertex   1.170895e+02 1.485478e+02 3.500000e+01
    endloop
  endfacet
  facet normal -9.189578e-01 -3.943559e-01 -0.000000e+00
    outer loop
      vertex   1.170895e+02 1.485478e+02 3.500000e+01
      vertex   1.168102e+02 1.491986e+02 2.500000e+01
      vertex   1.170895e+02 1.485478e+02 2.500000e+01
    endloop
  endfacet
  facet normal -9.795299e-01 -2.012985e-01 -0.000000e+00
    outer loop
      vertex   1.170895e+02 1.485478e+02 3.500000e+01
      vertex   1.170895e+02 1.485478e+02 2.500000e+01
      vertex   1.172320e+02 1.478541e+02 3.500000e+01
    endloop
  endfacet
  facet normal -9.795299e-01 -2.012985e-01 -0.000000e+00
    outer loop
      vertex   1.172320e+02 1.478541e+02 3.500000e+01
      vertex   1.170895e+02 1.485478e+02 2.500000e+01
      vertex   1.172320e+02 1.478541e+02 2.500000e+01
    endloop
  endfacet
  facet normal -1.000000e+00 -0.000000e+00 -0.000000e+00
    outer loop
      vertex   1.172320e+02 1.478541e+02 3.500000e+01
      vertex   1.172320e+02 1.478541e+02 2.500000e+01
      vertex   1.172320e+02 1.471459e+02 3.500000e+01
    endloop
  endfacet
  facet normal -1.000000e+00 0.000000e+00 0.000000e+00
    outer loop
      vertex   1.172320e+02 1.471459e+02 3.500000e+01
      vertex   1.172320e+02 1.478541e+02 2.500000e+01
      vertex   1.172320e+02 1.471459e+02 2.500000e+01
    endloop
  endfacet
  facet normal -9.795299e-01 2.012985e-01 0.000000e+00
    outer loop
      vertex   1.172320e+02 1.471459e+02 3.500000e+01
      vertex   1.172320e+02 1.471459e+02 2.500000e+01
      vertex   1.170895e+02 1.464522e+02 3.500000e+01
    endloop
  endfacet
  facet normal -9.795299e-01 2.012985e-01 0.000000e+00
    outer loop
      vertex   1.170895e+02 1.464522e+02 3.500000e+01
      vertex   1.172320e+02 1.471459e+02 2.500000e+01
      vertex   1.170895e+02 1.464522e+02 2.500000e+01
    endloop
  endfacet
  facet normal -9.189578e-01 3.943559e-01 0.000000e+00
    outer loop
      vertex   1.170895e+02 1.464522e+02 3.500000e+01
      vertex   1.170895e+02 1.464522e+02 2.500000e+01
      vertex   1.168102e+02 1.458014e+02 3.500000e+01
    endloop
  endfacet
  facet normal -9.189578e-01 3.943559e-01 0.000000e+00
    outer loop
      vertex   1.168102e+02 1.458014e+02 3.500000e+01
      vertex   1.170895e+02 1.464522e+02 2.500000e+01
      vertex   1.168102e+02 1.458014e+02 2.500000e+01
    endloop
  endfacet
  facet normal -8.207634e-01 5.712682e-01 0.000000e+00
    outer loop
      vertex   1.168102e+02 1.458014e+02 3.500000e+01
      vertex   1.168102e+02 1.458014e+02 2.500000e+01
      vertex   1.164057e+02 1.452202e+02 3.500000e+01
    endloop
  endfacet
  facet normal -8.207634e-01 5.712682e-01 0.000000e+00
    outer loop
      vertex   1.164057e+02 1.452202e+02 3.500000e+01
      vertex   1.168102e+02 1.458014e+02 2.500000e+01
      vertex   1.164057e+02 1.452202e+02 2.500000e+01
    endloop
  endfacet
  facet normal -6.889669e-01 7.247928e-01 0.000000e+00
    outer loop
      vertex   1.164057e+02 1.452202e+02 3.500000e+01
      vertex   1.164057e+02 1.452202e+02 2.500000e+01
      vertex   1.158924e+02 1.447323e+02 3.500000e+01
    endloop
  endfacet
  facet normal -6.889669e-01 7.247928e-01 0.000000e+00
    outer loop
      vertex   1.158924e+02 1.447323e+02 3.500000e+01
      vertex   1.164057e+02 1.452202e+02 2.500000e+01
      vertex   1.158924e+02 1.447323e+02 2.500000e+01
    endloop
  endfacet
  facet normal -5.289640e-01 8.486443e-01 0.000000e+00
    outer loop
      vertex   1.158924e+02 1.447323e+02 3.500000e+01
      vertex   1.158924e+02 1.447323e+02 2.500000e+01
      vertex   1.152914e+02 1.443577e+02 3.500000e+01
    endloop
  endfacet
  facet normal -5.289640e-01 8.486443e-01 0.000000e+00
    outer loop
      vertex   1.152914e+02 1.443577e+02 3.500000e+01
      vertex   1.158924e+02 1.447323e+02 2.500000e+01
      vertex   1.152914e+02 1.443577e+02 2.500000e+01
    endloop
  endfacet
  facet normal -3.473053e-01 9.377521e-01 0.000000e+00
    outer loop
      vertex   1.152914e+02 1.443577e+02 3.500000e+01
      vertex   1.152914e+02 1.443577e+02 2.500000e+01
      vertex   1.146273e+02 1.441117e+02 3.500000e+01
    endloop
  endfacet
  facet normal -3.473053e-01 9.377521e-01 0.000000e+00
    outer loop
      vertex   1.146273e+02 1.441117e+02 3.500000e+01
      vertex   1.152914e+02 1.443577e+02 2.500000e+01
      vertex   1.146273e+02 1.441117e+02 2.500000e+01
    endloop
  endfacet
  facet normal -1.514278e-01 9.884683e-01 0.000000e+00
    outer loop
      vertex   1.146273e+02 1.441117e+02 3.500000e+01
      vertex   1.146273e+02 1.441117e+02 2.500000e+01
      vertex   1.139273e+02 1.440045e+02 3.500000e+01
    endloop
  endfacet
  facet normal -1.514278e-01 9.884683e-01 0.000000e+00
    outer loop
      vertex   1.139273e+02 1.440045e+02 3.500000e+01
      vertex   1.146273e+02 1.441117e+02 2.500000e+01
      vertex   1.139273e+02 1.440045e+02 2.500000e+01
    endloop
  endfacet
  facet normal 5.064917e-02 9.987165e-01 0.000000e+00
    outer loop
      vertex   1.139273e+02 1.440045e+02 3.500000e+01
      vertex   1.139273e+02 1.440045e+02 2.500000e+01
      vertex   1.132200e+02 1.440404e+02 3.500000e+01
    endloop
  endfacet
  facet normal 5.064917e-02 9.987165e-01 0.000000e+00
    outer loop
      vertex   1.132200e+02 1.440404e+02 3.500000e+01
      vertex   1.139273e+02 1.440045e+02 2.500000e+01
      vertex   1.132200e+02 1.440404e+02 2.500000e+01
    endloop
  endfacet
  facet normal 2.506525e-01 9.680771e-01 0.000000e+00
    outer loop
      vertex   1.132200e+02 1.440404e+02 3.500000e+01
      vertex   1.132200e+02 1.440404e+02 2.500000e+01
      vertex   1.125344e+02 1.442179e+02 3.500000e+01
    endloop
  endfacet
  facet normal 2.506525e-01 9.680771e-01 0.000000e+00
    outer loop
      vertex   1.125344e+02 1.442179e+02 3.500000e+01
      vertex   1.132200e+02 1.440404e+02 2.500000e+01
      vertex   1.125344e+02 1.442179e+02 2.500000e+01
    endloop
  endfacet
  facet normal 4.403942e-01 8.978045e-01 0.000000e+00
    outer loop
      vertex   1.125344e+02 1.442179e+02 3.500000e+01
      vertex   1.125344e+02 1.442179e+02 2.500000e+01
      vertex   1.118986e+02 1.445297e+02 3.500000e+01
    endloop
  endfacet
  facet normal 4.403942e-01 8.978045e-01 0.000000e+00
    outer loop
      vertex   1.118986e+02 1.445297e+02 3.500000e+01
      vertex   1.125344e+02 1.442179e+02 2.500000e+01
      vertex   1.118986e+02 1.445297e+02 2.500000e+01
    endloop
  endfacet
  facet normal 6.121060e-01 7.907757e-01 0.000000e+00
    outer loop
      vertex   1.118986e+02 1.445297e+02 3.500000e+01
      vertex   1.118986e+02 1.445297e+02 2.500000e+01
      vertex   1.113386e+02 1.449632e+02 3.500000e+01
    endloop
  endfacet
  facet normal 6.121060e-01 7.907757e-01 0.000000e+00
    outer loop
      vertex   1.113386e+02 1.449632e+02 3.500000e+01
      vertex   1.118986e+02 1.445297e+02 2.500000e+01
      vertex   1.113386e+02 1.449632e+02 2.500000e+01
    endloop
  endfacet
  facet normal 7.587581e-01 6.513725e-01 0.000000e+00
    outer loop
      vertex   1.113386e+02 1.449632e+02 3.500000e+01
      vertex   1.113386e+02 1.449632e+02 2.500000e+01
      vertex   1.108773e+02 1.455006e+02 3.500000e+01
    endloop
  endfacet
  facet normal 7.587581e-01 6.513725e-01 0.000000e+00
    outer loop
      vertex   1.108773e+02 1.455006e+02 3.500000e+01
      vertex   1.113386e+02 1.449632e+02 2.500000e+01
      vertex   1.108773e+02 1.455006e+02 2.500000e+01
    endloop
  endfacet
  facet normal 8.743466e-01 4.853020e-01 0.000000e+00
    outer loop
      vertex   1.108773e+02 1.455006e+02 3.500000e+01
      vertex   1.108773e+02 1.455006e+02 2.500000e+01
      vertex   1.105336e+02 1.461198e+02 3.500000e+01
    endloop
  endfacet
  facet normal 8.743466e-01 4.853020e-01 0.000000e+00
    outer loop
      vertex   1.105336e+02 1.461198e+02 3.500000e+01
      vertex   1.108773e+02 1.455006e+02 2.500000e+01
      vertex   1.105336e+02 1.461198e+02 2.500000e+01
    endloop
  endfacet
  facet normal 9.541393e-01 2.993631e-01 0.000000e+00
    outer loop
      vertex   1.105336e+02 1.461198e+02 3.500000e+01
      vertex   1.105336e+02 1.461198e+02 2.500000e+01
      vertex   1.103216e+02 1.467955e+02 3.500000e+01
    endloop
  endfacet
  facet normal 9.541393e-01 2.993631e-01 0.000000e+00
    outer loop
      vertex   1.103216e+02 1.467955e+02 3.500000e+01
      vertex   1.105336e+02 1.461198e+02 2.500000e+01
      vertex   1.103216e+02 1.467955e+02 2.500000e+01
    endloop
  endfacet
  facet normal 0.000000e+00 0.000000e+00 -1.000000e+00
    outer loop
      vertex   1.102500e+02 1.475000e+02 3.500000e+01
      vertex   1.103216e+02 1.482045e+02 3.500000e+01
      vertex   1.103216e+02 1.467955e+02 3.500000e+01
    endloop
  endfacet
  facet normal 0.000000e+00 0.000000e+00 -1.000000e+00
    outer loop
      vertex   1.103216e+02 1.467955e+02 3.500000e+01
      vertex   1.103216e+02 1.482045e+02 3.500000e+01
      vertex   1.105336e+02 1.461198e+02 3.500000e+01
    endloop
  endfacet
  facet normal 0.000000e+00 0.000000e+00 -1.000000e+00
    outer loop
      vertex   1.105336e+02 1.461198e+02 3.500000e+01
      vertex   1.103216e+02 1.482045e+02 3.500000e+01
      vertex   1.105336e+02 1.488802e+02 3.500000e+01
    endloop
  endfacet
  facet normal 0.000000e+00 0.000000e+00 -1.000000e+00
    outer loop
      vertex   1.105336e+02 1.461198e+02 3.500000e+01
      vertex   1.105336e+02 1.488802e+02 3.500000e+01
      vertex   1.108773e+02 1.455006e+02 3.500000e+01
    endloop
  endfacet
  facet normal 0.000000e+00 0.000000e+00 -1.000000e+00
    outer loop
      vertex   1.108773e+02 1.455006e+02 3.500000e+01
      vertex   1.105336e+02 1.488802e+02 3.500000e+01
      vertex   1.108773e+02 1.494994e+02 3.500000e+01
    endloop
  endfacet
  facet normal 0.000000e+00 0.000000e+00 -1.000000e+00
    outer loop
      vertex   1.108773e+02 1.455006e+02 3.500000e+01
      vertex   1.108773e+02 1.494994e+02 3.500000e+01
      vertex   1.113386e+02 1.449632e+02 3.500000e+01
    endloop
  endfacet
  facet normal 0.000000e+00 0.000000e+00 -1.000000e+00
    outer loop
      vertex   1.113386e+02 1.449632e+02 3.500000e+01
      vertex   1.108773e+02 1.494994e+02 3.500000e+01
      vertex   1.113386e+02 1.500368e+02 3.500000e+01
    endloop
  endfacet
  facet normal 0.000000e+00 0.000000e+00 -1.000000e+00
    outer loop
      vertex   1.113386e+02 1.449632e+02 3.500000e+01
      vertex   1.113386e+02 1.500368e+02 3.500000e+01
      vertex   1.118986e+02 1.445297e+02 3.500000e+01
    endloop
  endfacet
  facet normal 0.000000e+00 0.000000e+00 -1.000000e+00
    outer loop
      vertex   1.118986e+02 1.445297e+02 3.500000e+01
      vertex   1.113386e+02 1.500368e+02 3.500000e+01
      vertex   1.125344e+02 1.442179e+02 3.500000e+01
    endloop
  endfacet
  facet normal 0.000000e+00 0.000000e+00 -1.000000e+00
    outer loop
      vertex   1.125344e+02 1.442179e+02 3.500000e+01
      vertex   1.113386e+02 1.500368e+02 3.500000e+01
      vertex   1.132200e+02 1.440404e+02 3.500000e+01
    endloop
  endfacet
  facet normal 0.000000e+00 0.000000e+00 -1.000000e+00
    outer loop
      vertex   1.132200e+02 1.440404e+02 3.500000e+01
      vertex   1.113386e+02 1.500368e+02 3.500000e+01
      vertex   1.139273e+02 1.440045e+02 3.500000e+01
    endloop
  endfacet
  facet normal 0.000000e+00 0.000000e+00 -1.000000e+00
    outer loop
      vertex   1.139273e+02 1.440045e+02 3.500000e+01
      vertex   1.113386e+02 1.500368e+02 3.500000e+01
      vertex   1.146273e+02 1.441117e+02 3.500000e+01
    endloop
  endfacet
  facet normal 0.000000e+00 0.000000e+00 -1.000000e+00
    outer loop
      vertex   1.146273e+02 1.441117e+02 3.500000e+01
      vertex   1.113386e+02 1.500368e+02 3.500000e+01
      vertex   1.152914e+02 1.443577e+02 3.500000e+01
    endloop
  endfacet
  facet normal 0.000000e+00 0.000000e+00 -1.000000e+00
    outer loop
      vertex   1.152914e+02 1.443577e+02 3.500000e+01
      vertex   1.113386e+02 1.500368e+02 3.500000e+01
      vertex   1.158924e+02 1.447323e+02 3.500000e+01
    endloop
  endfacet
  facet normal 0.000000e+00 0.000000e+00 -1.000000e+00
    outer loop
      vertex   1.158924e+02 1.447323e+02 3.500000e+01
      vertex   1.113386e+02 1.500368e+02 3.500000e+01
      vertex   1.164057e+02 1.452202e+02 3.500000e+01
    endloop
  endfacet
  facet normal 0.000000e+00 0.000000e+00 -1.000000e+00
    outer loop
      vertex   1.164057e+02 1.452202e+02 3.500000e+01
      vertex   1.113386e+02 1.500368e+02 3.500000e+01
      vertex   1.168102e+02 1.458014e+02 3.500000e+01
    endloop
  endfacet
  facet normal 0.000000e+00 0.000000e+00 -1.000000e+00
    outer loop
      vertex   1.168102e+02 1.458014e+02 3.500000e+01
      vertex   1.113386e+02 1.500368e+02 3.500000e+01
      vertex   1.170895e+02 1.464522e+02 3.500000e+01
    endloop
  endfacet
  facet normal 0.000000e+00 0.000000e+00 -1.000000e+00
    outer loop
      vertex   1.170895e+02 1.464522e+02 3.500000e+01
      vertex   1.113386e+02 1.500368e+02 3.500000e+01
      vertex   1.172320e+02 1.471459e+02 3.500000e+01
    endloop
  endfacet
  facet normal 0.000000e+00 0.000000e+00 -1.000000e+00
    outer loop
      vertex   1.172320e+02 1.471459e+02 3.500000e+01
      vertex   1.113386e+02 1.500368e+02 3.500000e+01
      vertex   1.172320e+02 1.478541e+02 3.500000e+01
    endloop
  endfacet
  facet normal 0.000000e+00 0.000000e+00 -1.000000e+00
    outer loop
      vertex   1.172320e+02 1.478541e+02 3.500000e+01
      vertex   1.113386e+02 1.500368e+02 3.500000e+01
      vertex   1.170895e+02 1.485478e+02 3.500000e+01
    endloop
  endfacet
  facet normal 0.000000e+00 0.000000e+00 -1.000000e+00
    outer loop
      vertex   1.170895e+02 1.485478e+02 3.500000e+01
      vertex   1.113386e+02 1.500368e+02 3.500000e+01
      vertex   1.118986e+02 1.504703e+02 3.500000e+01
    endloop
  endfacet
  facet normal 0.000000e+00 0.000000e+00 -1.000000e+00
    outer loop
      vertex   1.170895e+02 1.485478e+02 3.500000e+01
      vertex   1.118986e+02 1.504703e+02 3.500000e+01
      vertex   1.168102e+02 1.491986e+02 3.500000e+01
    endloop
  endfacet
  facet normal 0.000000e+00 0.000000e+00 -1.000000e+00
    outer loop
      vertex   1.168102e+02 1.491986e+02 3.500000e+01
      vertex   1.118986e+02 1.504703e+02 3.500000e+01
      vertex   1.164057e+02 1.497798e+02 3.500000e+01
    endloop
  endfacet
  facet normal 0.000000e+00 0.000000e+00 -1.000000e+00
    outer loop
      vertex   1.164057e+02 1.497798e+02 3.500000e+01
      vertex   1.118986e+02 1.504703e+02 3.500000e+01
      vertex   1.158924e+02 1.502677e+02 3.500000e+01
    endloop
  endfacet
  facet normal 0.000000e+00 0.000000e+00 -1.000000e+00
    outer loop
      vertex   1.158924e+02 1.502677e+02 3.500000e+01
      vertex   1.118986e+02 1.504703e+02 3.500000e+01
      vertex   1.152914e+02 1.506423e+02 3.500000e+01
    endloop
  endfacet
  facet normal -0.000000e+00 0.000000e+00 -1.000000e+00
    outer loop
      vertex   1.152914e+02 1.506423e+02 3.500000e+01
      vertex   1.118986e+02 1.504703e+02 3.500000e+01
      vertex   1.125344e+02 1.507821e+02 3.500000e+01
    endloop
  endfacet
  facet normal 0.000000e+00 0.000000e+00 -1.000000e+00
    outer loop
      vertex   1.152914e+02 1.506423e+02 3.500000e+01
      vertex   1.125344e+02 1.507821e+02 3.500000e+01
      vertex   1.146273e+02 1.508883e+02 3.500000e+01
    endloop
  endfacet
  facet normal -0.000000e+00 0.000000e+00 -1.000000e+00
    outer loop
      vertex   1.146273e+02 1.508883e+02 3.500000e+01
      vertex   1.125344e+02 1.507821e+02 3.500000e+01
      vertex   1.132200e+02 1.509596e+02 3.500000e+01
    endloop
  endfacet
  facet normal 0.000000e+00 0.000000e+00 -1.000000e+00
    outer loop
      vertex   1.146273e+02 1.508883e+02 3.500000e+01
      vertex   1.132200e+02 1.509596e+02 3.500000e+01
      vertex   1.139273e+02 1.509955e+02 3.500000e+01
    endloop
  endfacet
  facet normal 9.948693e-01 1.011683e-01 0.000000e+00
    outer loop
      vertex   1.103216e+02 5.179546e+01 3.500000e+01
      vertex   1.103216e+02 5.179546e+01 2.500000e+01
      vertex   1.102500e+02 5.250000e+01 3.500000e+01
    endloop
  endfacet
  facet normal 9.948693e-01 1.011683e-01 0.000000e+00
    outer loop
      vertex   1.102500e+02 5.250000e+01 3.500000e+01
      vertex   1.103216e+02 5.179546e+01 2.500000e+01
      vertex   1.102500e+02 5.250000e+01 2.500000e+01
    endloop
  endfacet
  facet normal 9.948693e-01 -1.011683e-01 0.000000e+00
    outer loop
      vertex   1.102500e+02 5.250000e+01 3.500000e+01
      vertex   1.102500e+02 5.250000e+01 2.500000e+01
      vertex   1.103216e+02 5.320455e+01 3.500000e+01
    endloop
  endfacet
  facet normal 9.948693e-01 -1.011683e-01 0.000000e+00
    outer loop
      vertex   1.103216e+02 5.320455e+01 3.500000e+01
      vertex   1.102500e+02 5.250000e+01 2.500000e+01
      vertex   1.103216e+02 5.320455e+01 2.500000e+01
    endloop
  endfacet
  facet normal 9.541393e-01 -2.993631e-01 0.000000e+00
    outer loop
      vertex   1.103216e+02 5.320455e+01 3.500000e+01
      vertex   1.103216e+02 5.320455e+01 2.500000e+01
      vertex   1.105336e+02 5.388025e+01 3.500000e+01
    endloop
  endfacet
  facet normal 9.541393e-01 -2.993631e-01 0.000000e+00
    outer loop
      vertex   1.105336e+02 5.388025e+01 3.500000e+01
      vertex   1.103216e+02 5.320455e+01 2.500000e+01
      vertex   1.105336e+02 5.388025e+01 2.500000e+01
    endloop
  endfacet
  facet normal 8.743466e-01 -4.853020e-01 0.000000e+00
    outer loop
      vertex   1.105336e+02 5.388025e+01 3.500000e+01
      vertex   1.105336e+02 5.388025e+01 2.500000e+01
      vertex   1.108773e+02 5.449944e+01 3.500000e+01
    endloop
  endfacet
  facet normal 8.743466e-01 -4.853020e-01 0.000000e+00
    outer loop
      vertex   1.108773e+02 5.449944e+01 3.500000e+01
      vertex   1.105336e+02 5.388025e+01 2.500000e+01
      vertex   1.108773e+02 5.449944e+01 2.500000e+01
    endloop
  endfacet
  facet normal 7.587581e-01 -6.513725e-01 0.000000e+00
    outer loop
      vertex   1.108773e+02 5.449944e+01 3.500000e+01
      vertex   1.108773e+02 5.449944e+01 2.500000e+01
      vertex   1.113386e+02 5.503678e+01 3.500000e+01
    endloop
  endfacet
  facet normal 7.587581e-01 -6.513725e-01 0.000000e+00
    outer loop
      vertex   1.113386e+02 5.503678e+01 3.500000e+01
      vertex   1.108773e+02 5.449944e+01 2.500000e+01
      vertex   1.113386e+02 5.503678e+01 2.500000e+01
    endloop
  endfacet
  facet normal 6.121060e-01 -7.907757e-01 0.000000e+00
    outer loop
      vertex   1.113386e+02 5.503678e+01 3.500000e+01
      vertex   1.113386e+02 5.503678e+01 2.500000e+01
      vertex   1.118986e+02 5.547026e+01 3.500000e+01
    endloop
  endfacet
  facet normal 6.121060e-01 -7.907757e-01 0.000000e+00
    outer loop
      vertex   1.118986e+02 5.547026e+01 3.500000e+01
      vertex   1.113386e+02 5.503678e+01 2.500000e+01
      vertex   1.118986e+02 5.547026e+01 2.500000e+01
    endloop
  endfacet
  facet normal 4.403942e-01 -8.978045e-01 0.000000e+00
    outer loop
      vertex   1.118986e+02 5.547026e+01 3.500000e+01
      vertex   1.118986e+02 5.547026e+01 2.500000e+01
      vertex   1.125344e+02 5.578213e+01 3.500000e+01
    endloop
  endfacet
  facet normal 4.403942e-01 -8.978045e-01 0.000000e+00
    outer loop
      vertex   1.125344e+02 5.578213e+01 3.500000e+01
      vertex   1.118986e+02 5.547026e+01 2.500000e+01
      vertex   1.125344e+02 5.578213e+01 2.500000e+01
    endloop
  endfacet
  facet normal 2.506525e-01 -9.680771e-01 0.000000e+00
    outer loop
      vertex   1.125344e+02 5.578213e+01 3.500000e+01
      vertex   1.125344e+02 5.578213e+01 2.500000e+01
      vertex   1.132200e+02 5.595964e+01 3.500000e+01
    endloop
  endfacet
  facet normal 2.506525e-01 -9.680771e-01 0.000000e+00
    outer loop
      vertex   1.132200e+02 5.595964e+01 3.500000e+01
      vertex   1.125344e+02 5.578213e+01 2.500000e+01
      vertex   1.132200e+02 5.595964e+01 2.500000e+01
    endloop
  endfacet
  facet normal 5.064917e-02 -9.987165e-01 0.000000e+00
    outer loop
      vertex   1.132200e+02 5.595964e+01 3.500000e+01
      vertex   1.132200e+02 5.595964e+01 2.500000e+01
      vertex   1.139273e+02 5.599551e+01 3.500000e+01
    endloop
  endfacet
  facet normal 5.064917e-02 -9.987165e-01 0.000000e+00
    outer loop
      vertex   1.139273e+02 5.599551e+01 3.500000e+01
      vertex   1.132200e+02 5.595964e+01 2.500000e+01
      vertex   1.139273e+02 5.599551e+01 2.500000e+01
    endloop
  endfacet
  facet normal -1.514278e-01 -9.884683e-01 -0.000000e+00
    outer loop
      vertex   1.139273e+02 5.599551e+01 3.500000e+01
      vertex   1.139273e+02 5.599551e+01 2.500000e+01
      vertex   1.146273e+02 5.588827e+01 3.500000e+01
    endloop
  endfacet
  facet normal -1.514278e-01 -9.884683e-01 -0.000000e+00
    outer loop
      vertex   1.146273e+02 5.588827e+01 3.500000e+01
      vertex   1.139273e+02 5.599551e+01 2.500000e+01
      vertex   1.146273e+02 5.588827e+01 2.500000e+01
    endloop
  endfacet
  facet normal -3.473053e-01 -9.377521e-01 -0.000000e+00
    outer loop
      vertex   1.146273e+02 5.588827e+01 3.500000e+01
      vertex   1.146273e+02 5.588827e+01 2.500000e+01
      vertex   1.152914e+02 5.564232e+01 3.500000e+01
    endloop
  endfacet
  facet normal -3.473053e-01 -9.377521e-01 -0.000000e+00
    outer loop
      vertex   1.152914e+02 5.564232e+01 3.500000e+01
      vertex   1.146273e+02 5.588827e+01 2.500000e+01
      vertex   1.152914e+02 5.564232e+01 2.500000e+01
    endloop
  endfacet
  facet normal -5.289640e-01 -8.486443e-01 -0.000000e+00
    outer loop
      vertex   1.152914e+02 5.564232e+01 3.500000e+01
      vertex   1.152914e+02 5.564232e+01 2.500000e+01
      vertex   1.158924e+02 5.526772e+01 3.500000e+01
    endloop
  endfacet
  facet normal -5.289640e-01 -8.486443e-01 -0.000000e+00
    outer loop
      vertex   1.158924e+02 5.526772e+01 3.500000e+01
      vertex   1.152914e+02 5.564232e+01 2.500000e+01
      vertex   1.158924e+02 5.526772e+01 2.500000e+01
    endloop
  endfacet
  facet normal -6.889669e-01 -7.247928e-01 -0.000000e+00
    outer loop
      vertex   1.158924e+02 5.526772e+01 3.500000e+01
      vertex   1.158924e+02 5.526772e+01 2.500000e+01
      vertex   1.164057e+02 5.477980e+01 3.500000e+01
    endloop
  endfacet
  facet normal -6.889669e-01 -7.247928e-01 -0.000000e+00
    outer loop
      vertex   1.164057e+02 5.477980e+01 3.500000e+01
      vertex   1.158924e+02 5.526772e+01 2.500000e+01
      vertex   1.164057e+02 5.477980e+01 2.500000e+01
    endloop
  endfacet
  facet normal -8.207634e-01 -5.712682e-01 -0.000000e+00
    outer loop
      vertex   1.164057e+02 5.477980e+01 3.500000e+01
      vertex   1.164057e+02 5.477980e+01 2.500000e+01
      vertex   1.168102e+02 5.419856e+01 3.500000e+01
    endloop
  endfacet
  facet normal -8.207634e-01 -5.712682e-01 -0.000000e+00
    outer loop
      vertex   1.168102e+02 5.419856e+01 3.500000e+01
      vertex   1.164057e+02 5.477980e+01 2.500000e+01
      vertex   1.168102e+02 5.419856e+01 2.500000e+01
    endloop
  endfacet
  facet normal -9.189578e-01 -3.943559e-01 -0.000000e+00
    outer loop
      vertex   1.168102e+02 5.419856e+01 3.500000e+01
      vertex   1.168102e+02 5.419856e+01 2.500000e+01
      vertex   1.170895e+02 5.354777e+01 3.500000e+01
    endloop
  endfacet
  facet normal -9.189578e-01 -3.943559e-01 -0.000000e+00
    outer loop
      vertex   1.170895e+02 5.354777e+01 3.500000e+01
      vertex   1.168102e+02 5.419856e+01 2.500000e+01
      vertex   1.170895e+02 5.354777e+01 2.500000e+01
    endloop
  endfacet
  facet normal -9.795299e-01 -2.012985e-01 -0.000000e+00
    outer loop
      vertex   1.170895e+02 5.354777e+01 3.500000e+01
      vertex   1.170895e+02 5.354777e+01 2.500000e+01
      vertex   1.172320e+02 5.285409e+01 3.500000e+01
    endloop
  endfacet
  facet normal -9.795299e-01 -2.012985e-01 -0.000000e+00
    outer loop
      vertex   1.172320e+02 5.285409e+01 3.500000e+01
      vertex   1.170895e+02 5.354777e+01 2.500000e+01
      vertex   1.172320e+02 5.285409e+01 2.500000e+01
    endloop
  endfacet
  facet normal -1.000000e+00 -0.000000e+00 -0.000000e+00
    outer loop
      vertex   1.172320e+02 5.285409e+01 3.500000e+01
      vertex   1.172320e+02 5.285409e+01 2.500000e+01
      vertex   1.172320e+02 5.214591e+01 3.500000e+01
    endloop
  endfacet
  facet normal -1.000000e+00 0.000000e+00 0.000000e+00
    outer loop
      vertex   1.172320e+02 5.214591e+01 3.500000e+01
      vertex   1.172320e+02 5.285409e+01 2.500000e+01
      vertex   1.172320e+02 5.214591e+01 2.500000e+01
    endloop
  endfacet
  facet normal -9.795299e-01 2.012985e-01 0.000000e+00
    outer loop
      vertex   1.172320e+02 5.214591e+01 3.500000e+01
      vertex   1.172320e+02 5.214591e+01 2.500000e+01
      vertex   1.170895e+02 5.145223e+01 3.500000e+01
    endloop
  endfacet
  facet normal -9.795299e-01 2.012985e-01 0.000000e+00
    outer loop
      vertex   1.170895e+02 5.145223e+01 3.500000e+01
      vertex   1.172320e+02 5.214591e+01 2.500000e+01
      vertex   1.170895e+02 5.145223e+01 2.500000e+01
    endloop
  endfacet
  facet normal -9.189578e-01 3.943559e-01 0.000000e+00
    outer loop
      vertex   1.170895e+02 5.145223e+01 3.500000e+01
      vertex   1.170895e+02 5.145223e+01 2.500000e+01
      vertex   1.168102e+02 5.080144e+01 3.500000e+01
    endloop
  endfacet
  facet normal -9.189578e-01 3.943559e-01 0.000000e+00
    outer loop
      vertex   1.168102e+02 5.080144e+01 3.500000e+01
      vertex   1.170895e+02 5.145223e+01 2.500000e+01
      vertex   1.168102e+02 5.080144e+01 2.500000e+01
    endloop
  endfacet
  facet normal -8.207634e-01 5.712682e-01 0.000000e+00
    outer loop
      vertex   1.168102e+02 5.080144e+01 3.500000e+01
      vertex   1.168102e+02 5.080144e+01 2.500000e+01
      vertex   1.164057e+02 5.022020e+01 3.500000e+01
    endloop
  endfacet
  facet normal -8.207634e-01 5.712682e-01 0.000000e+00
    outer loop
      vertex   1.164057e+02 5.022020e+01 3.500000e+01
      vertex   1.168102e+02 5.080144e+01 2.500000e+01
      vertex   1.164057e+02 5.022020e+01 2.500000e+01
    endloop
  endfacet
  facet normal -6.889669e-01 7.247928e-01 0.000000e+00
    outer loop
      vertex   1.164057e+02 5.022020e+01 3.500000e+01
      vertex   1.164057e+02 5.022020e+01 2.500000e+01
      vertex   1.158924e+02 4.973229e+01 3.500000e+01
    endloop
  endfacet
  facet normal -6.889669e-01 7.247928e-01 0.000000e+00
    outer loop
      vertex   1.158924e+02 4.973229e+01 3.500000e+01
      vertex   1.164057e+02 5.022020e+01 2.500000e+01
      vertex   1.158924e+02 4.973229e+01 2.500000e+01
    endloop
  endfacet
  facet normal -5.289640e-01 8.486443e-01 0.000000e+00
    outer loop
      vertex   1.158924e+02 4.973229e+01 3.500000e+01
      vertex   1.158924e+02 4.973229e+01 2.500000e+01
      vertex   1.152914e+02 4.935768e+01 3.500000e+01
    endloop
  endfacet
  facet normal -5.289640e-01 8.486443e-01 0.000000e+00
    outer loop
      vertex   1.152914e+02 4.935768e+01 3.500000e+01
      vertex   1.158924e+02 4.973229e+01 2.500000e+01
      vertex   1.152914e+02 4.935768e+01 2.500000e+01
    endloop
  endfacet
  facet normal -3.473053e-01 9.377521e-01 0.000000e+00
    outer loop
      vertex   1.152914e+02 4.935768e+01 3.500000e+01
      vertex   1.152914e+02 4.935768e+01 2.500000e+01
      vertex   1.146273e+02 4.911173e+01 3.500000e+01
    endloop
  endfacet
  facet normal -3.473053e-01 9.377521e-01 0.000000e+00
    outer loop
      vertex   1.146273e+02 4.911173e+01 3.500000e+01
      vertex   1.152914e+02 4.935768e+01 2.500000e+01
      vertex   1.146273e+02 4.911173e+01 2.500000e+01
    endloop
  endfacet
  facet normal -1.514278e-01 9.884683e-01 0.000000e+00
    outer loop
      vertex   1.146273e+02 4.911173e+01 3.500000e+01
      vertex   1.146273e+02 4.911173e+01 2.500000e+01
      vertex   1.139273e+02 4.900449e+01 3.500000e+01
    endloop
  endfacet
  facet normal -1.514278e-01 9.884683e-01 0.000000e+00
    outer loop
      vertex   1.139273e+02 4.900449e+01 3.500000e+01
      vertex   1.146273e+02 4.911173e+01 2.500000e+01
      vertex   1.139273e+02 4.900449e+01 2.500000e+01
    endloop
  endfacet
  facet normal 5.064917e-02 9.987165e-01 0.000000e+00
    outer loop
      vertex   1.139273e+02 4.900449e+01 3.500000e+01
      vertex   1.139273e+02 4.900449e+01 2.500000e+01
      vertex   1.132200e+02 4.904036e+01 3.500000e+01
    endloop
  endfacet
  facet normal 5.064917e-02 9.987165e-01 0.000000e+00
    outer loop
      vertex   1.132200e+02 4.904036e+01 3.500000e+01
      vertex   1.139273e+02 4.900449e+01 2.500000e+01
      vertex   1.132200e+02 4.904036e+01 2.500000e+01
    endloop
  endfacet
  facet normal 2.506525e-01 9.680771e-01 0.000000e+00
    outer loop
      vertex   1.132200e+02 4.904036e+01 3.500000e+01
      vertex   1.132200e+02 4.904036e+01 2.500000e+01
      vertex   1.125344e+02 4.921787e+01 3.500000e+01
    endloop
  endfacet
  facet normal 2.506525e-01 9.680771e-01 0.000000e+00
    outer loop
      vertex   1.125344e+02 4.921787e+01 3.500000e+01
      vertex   1.132200e+02 4.904036e+01 2.500000e+01
      vertex   1.125344e+02 4.921787e+01 2.500000e+01
    endloop
  endfacet
  facet normal 4.403942e-01 8.978045e-01 0.000000e+00
    outer loop
      vertex   1.125344e+02 4.921787e+01 3.500000e+01
      vertex   1.125344e+02 4.921787e+01 2.500000e+01
      vertex   1.118986e+02 4.952975e+01 3.500000e+01
    endloop
  endfacet
  facet normal 4.403942e-01 8.978045e-01 0.000000e+00
    outer loop
      vertex   1.118986e+02 4.952975e+01 3.500000e+01
      vertex   1.125344e+02 4.921787e+01 2.500000e+01
      vertex   1.118986e+02 4.952975e+01 2.500000e+01
    endloop
  endfacet
  facet normal 6.121060e-01 7.907757e-01 0.000000e+00
    outer loop
      vertex   1.118986e+02 4.952975e+01 3.500000e+01
      vertex   1.118986e+02 4.952975e+01 2.500000e+01
      vertex   1.113386e+02 4.996323e+01 3.500000e+01
    endloop
  endfacet
  facet normal 6.121060e-01 7.907757e-01 0.000000e+00
    outer loop
      vertex   1.113386e+02 4.996323e+01 3.500000e+01
      vertex   1.118986e+02 4.952975e+01 2.500000e+01
      vertex   1.113386e+02 4.996323e+01 2.500000e+01
    endloop
  endfacet
  facet normal 7.587581e-01 6.513725e-01 0.000000e+00
    outer loop
      vertex   1.113386e+02 4.996323e+01 3.500000e+01
      vertex   1.113386e+02 4.996323e+01 2.500000e+01
      vertex   1.108773e+02 5.050056e+01 3.500000e+01
    endloop
  endfacet
  facet normal 7.587581e-01 6.513725e-01 0.000000e+00
    outer loop
      vertex   1.108773e+02 5.050056e+01 3.500000e+01
      vertex   1.113386e+02 4.996323e+01 2.500000e+01
      vertex   1.108773e+02 5.050056e+01 2.500000e+01
    endloop
  endfacet
  facet normal 8.743466e-01 4.853020e-01 0.000000e+00
    outer loop
      vertex   1.108773e+02 5.050056e+01 3.500000e+01
      vertex   1.108773e+02 5.050056e+01 2.500000e+01
      vertex   1.105336e+02 5.111975e+01 3.500000e+01
    endloop
  endfacet
  facet normal 8.743466e-01 4.853020e-01 0.000000e+00
    outer loop
      vertex   1.105336e+02 5.111975e+01 3.500000e+01
      vertex   1.108773e+02 5.050056e+01 2.500000e+01
      vertex   1.105336e+02 5.111975e+01 2.500000e+01
    endloop
  endfacet
  facet normal 9.541393e-01 2.993631e-01 0.000000e+00
    outer loop
      vertex   1.105336e+02 5.111975e+01 3.500000e+01
      vertex   1.105336e+02 5.111975e+01 2.500000e+01
      vertex   1.103216e+02 5.179546e+01 3.500000e+01
    endloop
  endfacet
  facet normal 9.541393e-01 2.993631e-01 0.000000e+00
    outer loop
      vertex   1.103216e+02 5.179546e+01 3.500000e+01
      vertex   1.105336e+02 5.111975e+01 2.500000e+01
      vertex   1.103216e+02 5.179546e+01 2.500000e+01
    endloop
  endfacet
  facet normal 0.000000e+00 0.000000e+00 -1.000000e+00
    outer loop
      vertex   1.102500e+02 5.250000e+01 3.500000e+01
      vertex   1.103216e+02 5.320455e+01 3.500000e+01
      vertex   1.103216e+02 5.179546e+01 3.500000e+01
    endloop
  endfacet
  facet normal 0.000000e+00 0.000000e+00 -1.000000e+00
    outer loop
      vertex   1.103216e+02 5.179546e+01 3.500000e+01
      vertex   1.103216e+02 5.320455e+01 3.500000e+01
      vertex   1.105336e+02 5.111975e+01 3.500000e+01
    endloop
  endfacet
  facet normal 0.000000e+00 0.000000e+00 -1.000000e+00
    outer loop
      vertex   1.105336e+02 5.111975e+01 3.500000e+01
      vertex   1.103216e+02 5.320455e+01 3.500000e+01
      vertex   1.105336e+02 5.388025e+01 3.500000e+01
    endloop
  endfacet
  facet normal 0.000000e+00 0.000000e+00 -1.000000e+00
    outer loop
      vertex   1.105336e+02 5.111975e+01 3.500000e+01
      vertex   1.105336e+02 5.388025e+01 3.500000e+01
      vertex   1.108773e+02 5.050056e+01 3.500000e+01
    endloop
  endfacet
  facet normal 0.000000e+00 0.000000e+00 -1.000000e+00
    outer loop
      vertex   1.108773e+02 5.050056e+01 3.500000e+01
      vertex   1.105336e+02 5.388025e+01 3.500000e+01
      vertex   1.108773e+02 5.449944e+01 3.500000e+01
    endloop
  endfacet
  facet normal 0.000000e+00 0.000000e+00 -1.000000e+00
    outer loop
      vertex   1.108773e+02 5.050056e+01 3.500000e+01
      vertex   1.108773e+02 5.449944e+01 3.500000e+01
      vertex   1.113386e+02 4.996323e+01 3.500000e+01
    endloop
  endfacet
  facet normal 0.000000e+00 0.000000e+00 -1.000000e+00
    outer loop
      vertex   1.113386e+02 4.996323e+01 3.500000e+01
      vertex   1.108773e+02 5.449944e+01 3.500000e+01
      vertex   1.113386e+02 5.503678e+01 3.500000e+01
    endloop
  endfacet
  facet normal 0.000000e+00 0.000000e+00 -1.000000e+00
    outer loop
      vertex   1.113386e+02 4.996323e+01 3.500000e+01
      vertex   1.113386e+02 5.503678e+01 3.500000e+01
      vertex   1.118986e+02 4.952975e+01 3.500000e+01
    endloop
  endfacet
  facet normal 0.000000e+00 0.000000e+00 -1.000000e+00
    outer loop
      vertex   1.118986e+02 4.952975e+01 3.500000e+01
      vertex   1.113386e+02 5.503678e+01 3.500000e+01
      vertex   1.125344e+02 4.921787e+01 3.500000e+01
    endloop
  endfacet
  facet normal 0.000000e+00 0.000000e+00 -1.000000e+00
    outer loop
      vertex   1.125344e+02 4.921787e+01 3.500000e+01
      vertex   1.113386e+02 5.503678e+01 3.500000e+01
      vertex   1.132200e+02 4.904036e+01 3.500000e+01
    endloop
  endfacet
  facet normal 0.000000e+00 0.000000e+00 -1.000000e+00
    outer loop
      vertex   1.132200e+02 4.904036e+01 3.500000e+01
      vertex   1.113386e+02 5.503678e+01 3.500000e+01
      vertex   1.139273e+02 4.900449e+01 3.500000e+01
    endloop
  endfacet
  facet normal 0.000000e+00 0.000000e+00 -1.000000e+00
    outer loop
      vertex   1.139273e+02 4.900449e+01 3.500000e+01
      vertex   1.113386e+02 5.503678e+01 3.500000e+01
      vertex   1.146273e+02 4.911173e+01 3.500000e+01
    endloop
  endfacet
  facet normal 0.000000e+00 0.000000e+00 -1.000000e+00
    outer loop
      vertex   1.146273e+02 4.911173e+01 3.500000e+01
      vertex   1.113386e+02 5.503678e+01 3.500000e+01
      vertex   1.152914e+02 4.935768e+01 3.500000e+01
    endloop
  endfacet
  facet normal 0.000000e+00 0.000000e+00 -1.000000e+00
    outer loop
      vertex   1.152914e+02 4.935768e+01 3.500000e+01
      vertex   1.113386e+02 5.503678e+01 3.500000e+01
      vertex   1.158924e+02 4.973229e+01 3.500000e+01
    endloop
  endfacet
  facet normal 0.000000e+00 0.000000e+00 -1.000000e+00
    outer loop
      vertex   1.158924e+02 4.973229e+01 3.500000e+01
      vertex   1.113386e+02 5.503678e+01 3.500000e+01
      vertex   1.164057e+02 5.022020e+01 3.500000e+01
    endloop
  endfacet
  facet normal 0.000000e+00 0.000000e+00 -1.000000e+00
    outer loop
      vertex   1.164057e+02 5.022020e+01 3.500000e+01
      vertex   1.113386e+02 5.503678e+01 3.500000e+01
      vertex   1.168102e+02 5.080144e+01 3.500000e+01
    endloop
  endfacet
  facet normal 0.000000e+00 0.000000e+00 -1.000000e+00
    outer loop
      vertex   1.168102e+02 5.080144e+01 3.500000e+01
      vertex   1.113386e+02 5.503678e+01 3.500000e+01
      vertex   1.170895e+02 5.145223e+01 3.500000e+01
    endloop
  endfacet
  facet normal 0.000000e+00 0.000000e+00 -1.000000e+00
    outer loop
      vertex   1.170895e+02 5.145223e+01 3.500000e+01
      vertex   1.113386e+02 5.503678e+01 3.500000e+01
      vertex   1.172320e+02 5.214591e+01 3.500000e+01
    endloop
  endfacet
  facet normal 0.000000e+00 0.000000e+00 -1.000000e+00
    outer loop
      vertex   1.172320e+02 5.214591e+01 3.500000e+01
      vertex   1.113386e+02 5.503678e+01 3.500000e+01
      vertex   1.172320e+02 5.285409e+01 3.500000e+01
    endloop
  endfacet
  facet normal 0.000000e+00 0.000000e+00 -1.000000e+00
    outer loop
      vertex   1.172320e+02 5.285409e+01 3.500000e+01
      vertex   1.113386e+02 5.503678e+01 3.500000e+01
      vertex   1.170895e+02 5.354777e+01 3.500000e+01
    endloop
  endfacet
  facet normal 0.000000e+00 0.000000e+00 -1.000000e+00
    outer loop
      vertex   1.170895e+02 5.354777e+01 3.500000e+01
      vertex   1.113386e+02 5.503678e+01 3.500000e+01
      vertex   1.118986e+02 5.547026e+01 3.500000e+01
    endloop
  endfacet
  facet normal 0.000000e+00 0.000000e+00 -1.000000e+00
    outer loop
      vertex   1.170895e+02 5.354777e+01 3.500000e+01
      vertex   1.118986e+02 5.547026e+01 3.500000e+01
      vertex   1.168102e+02 5.419856e+01 3.500000e+01
    endloop
  endfacet
  facet normal 0.000000e+00 0.000000e+00 -1.000000e+00
    outer loop
      vertex   1.168102e+02 5.419856e+01 3.500000e+01
      vertex   1.118986e+02 5.547026e+01 3.500000e+01
      vertex   1.164057e+02 5.477980e+01 3.500000e+01
    endloop
  endfacet
  facet normal 0.000000e+00 0.000000e+00 -1.000000e+00
    outer loop
      vertex   1.164057e+02 5.477980e+01 3.500000e+01
      vertex   1.118986e+02 5.547026e+01 3.500000e+01
      vertex   1.158924e+02 5.526772e+01 3.500000e+01
    endloop
  endfacet
  facet normal 0.000000e+00 0.000000e+00 -1.000000e+00
    outer loop
      vertex   1.158924e+02 5.526772e+01 3.500000e+01
      vertex   1.118986e+02 5.547026e+01 3.500000e+01
      vertex   1.152914e+02 5.564232e+01 3.500000e+01
    endloop
  endfacet
  facet normal -0.000000e+00 0.000000e+00 -1.000000e+00
    outer loop
      vertex   1.152914e+02 5.564232e+01 3.500000e+01
      vertex   1.118986e+02 5.547026e+01 3.500000e+01
      vertex   1.125344e+02 5.578213e+01 3.500000e+01
    endloop
  endfacet
  facet normal 0.000000e+00 0.000000e+00 -1.000000e+00
    outer loop
      vertex   1.152914e+02 5.564232e+01 3.500000e+01
      vertex   1.125344e+02 5.578213e+01 3.500000e+01
      vertex   1.146273e+02 5.588827e+01 3.500000e+01
    endloop
  endfacet
  facet normal -0.000000e+00 0.000000e+00 -1.000000e+00
    outer loop
      vertex   1.146273e+02 5.588827e+01 3.500000e+01
      vertex   1.125344e+02 5.578213e+01 3.500000e+01
      vertex   1.132200e+02 5.595964e+01 3.500000e+01
    endloop
  endfacet
  facet normal 0.000000e+00 0.000000e+00 -1.000000e+00
    outer loop
      vertex   1.146273e+02 5.588827e+01 3.500000e+01
      vertex   1.132200e+02 5.595964e+01 3.500000e+01
      vertex   1.139273e+02 5.599551e+01 3.500000e+01
    endloop
  endfacet
  facet normal 1.000000e+00 0.000000e+00 0.000000e+00
    outer loop
      vertex   1.200000e+02 1.575000e+02 2.500000e+01
      vertex   1.200000e+02 1.575000e+02 2.719375e+01
      vertex   1.200000e+02 4.250000e+01 2.500000e+01
    endloop
  endfacet
  facet normal 1.000000e+00 0.000000e+00 0.000000e+00
    outer loop
      vertex   1.200000e+02 4.250000e+01 2.500000e+01
      vertex   1.200000e+02 1.575000e+02 2.719375e+01
      vertex   1.200000e+02 4.250000e+01 2.719375e+01
    endloop
  endfacet
  facet normal 2.844498e-07 1.000000e+00 4.067605e-06
    outer loop
      vertex   1.118181e+02 1.575000e+02 3.698236e+01
      vertex   1.042190e+02 1.575000e+02 3.802664e+01
      vertex   1.117500e+02 1.575000e+02 3.750000e+01
    endloop
  endfacet
  facet normal 0.000000e+00 1.000000e+00 0.000000e+00
    outer loop
      vertex   1.117500e+02 1.575000e+02 3.750000e+01
      vertex   1.042190e+02 1.575000e+02 3.802664e+01
      vertex   1.046512e+02 1.575000e+02 3.914872e+01
    endloop
  endfacet
  facet normal 0.000000e+00 1.000000e+00 0.000000e+00
    outer loop
      vertex   1.117500e+02 1.575000e+02 3.750000e+01
      vertex   1.046512e+02 1.575000e+02 3.914872e+01
      vertex   1.052149e+02 1.575000e+02 4.021081e+01
    endloop
  endfacet
  facet normal -2.428536e-07 1.000000e+00 -1.005933e-07
    outer loop
      vertex   1.120180e+02 1.575000e+02 3.650000e+01
      vertex   1.037723e+02 1.575000e+02 3.566807e+01
      vertex   1.118181e+02 1.575000e+02 3.698236e+01
    endloop
  endfacet
  facet normal -2.648097e-07 1.000000e+00 3.381665e-08
    outer loop
      vertex   1.118181e+02 1.575000e+02 3.698236e+01
      vertex   1.037723e+02 1.575000e+02 3.566807e+01
      vertex   1.039247e+02 1.575000e+02 3.686081e+01
    endloop
  endfacet
  facet normal -2.653205e-07 1.000000e+00 6.699322e-08
    outer loop
      vertex   1.118181e+02 1.575000e+02 3.698236e+01
      vertex   1.039247e+02 1.575000e+02 3.686081e+01
      vertex   1.042190e+02 1.575000e+02 3.802664e+01
    endloop
  endfacet
  facet normal -1.860346e-07 1.000000e+00 -1.427494e-07
    outer loop
      vertex   1.123358e+02 1.575000e+02 3.608579e+01
      vertex   1.041793e+02 1.575000e+02 3.210132e+01
      vertex   1.120180e+02 1.575000e+02 3.650000e+01
    endloop
  endfacet
  facet normal -2.347486e-07 1.000000e+00 -5.593917e-08
    outer loop
      vertex   1.120180e+02 1.575000e+02 3.650000e+01
      vertex   1.041793e+02 1.575000e+02 3.210132e+01
      vertex   1.039006e+02 1.575000e+02 3.327100e+01
    endloop
  endfacet
  facet normal -2.458417e-07 1.000000e+00 -2.805238e-08
    outer loop
      vertex   1.120180e+02 1.575000e+02 3.650000e+01
      vertex   1.039006e+02 1.575000e+02 3.327100e+01
      vertex   1.037643e+02 1.575000e+02 3.446567e+01
    endloop
  endfacet
  facet normal -1.314519e-07 1.000000e+00 -1.713115e-07
    outer loop
      vertex   1.127500e+02 1.575000e+02 3.576795e+01
      vertex   1.058197e+02 1.575000e+02 2.890814e+01
      vertex   1.123358e+02 1.575000e+02 3.608579e+01
    endloop
  endfacet
  facet normal -1.834351e-07 1.000000e+00 -1.241199e-07
    outer loop
      vertex   1.123358e+02 1.575000e+02 3.608579e+01
      vertex   1.058197e+02 1.575000e+02 2.890814e+01
      vertex   1.051459e+02 1.575000e+02 2.990401e+01
    endloop
  endfacet
  facet normal -2.012583e-07 1.000000e+00 -1.033900e-07
    outer loop
      vertex   1.123358e+02 1.575000e+02 3.608579e+01
      vertex   1.051459e+02 1.575000e+02 2.990401e+01
      vertex   1.045964e+02 1.575000e+02 3.097356e+01
    endloop
  endfacet
  facet normal -8.039180e-08 1.000000e+00 -1.940830e-07
    outer loop
      vertex   1.132324e+02 1.575000e+02 3.556815e+01
      vertex   1.075000e+02 1.575000e+02 2.719375e+01
      vertex   1.127500e+02 1.575000e+02 3.576795e+01
    endloop
  endfacet
  facet normal -1.416305e-07 1.000000e+00 -1.565864e-07
    outer loop
      vertex   1.127500e+02 1.575000e+02 3.576795e+01
      vertex   1.075000e+02 1.575000e+02 2.719375e+01
      vertex   1.066082e+02 1.575000e+02 2.800034e+01
    endloop
  endfacet
  facet normal -1.618600e-07 1.000000e+00 -1.405911e-07
    outer loop
      vertex   1.127500e+02 1.575000e+02 3.576795e+01
      vertex   1.066082e+02 1.575000e+02 2.800034e+01
      vertex   1.058197e+02 1.575000e+02 2.890814e+01
    endloop
  endfacet
  facet normal -3.008503e-08 1.000000e+00 -2.285185e-07
    outer loop
      vertex   1.132324e+02 1.575000e+02 3.556815e+01
      vertex   1.137500e+02 1.575000e+02 3.550000e+01
      vertex   1.075000e+02 1.575000e+02 2.719375e+01
    endloop
  endfacet
  facet normal 0.000000e+00 1.000000e+00 -2.511559e-07
    outer loop
      vertex   1.075000e+02 1.575000e+02 2.719375e+01
      vertex   1.137500e+02 1.575000e+02 3.550000e+01
      vertex   1.200000e+02 1.575000e+02 2.719375e+01
    endloop
  endfacet
  facet normal -0.000000e+00 1.000000e+00 9.509559e-07
    outer loop
      vertex   1.075000e+02 1.575000e+02 2.719375e+01
      vertex   1.200000e+02 1.575000e+02 2.719375e+01
      vertex   1.075000e+02 1.575000e+02 2.500000e+01
    endloop
  endfacet
  facet normal -0.000000e+00 1.000000e+00 9.509559e-07
    outer loop
      vertex   1.075000e+02 1.575000e+02 2.500000e+01
      vertex   1.200000e+02 1.575000e+02 2.719375e+01
      vertex   1.200000e+02 1.575000e+02 2.500000e+01
    endloop
  endfacet
  facet normal 3.008503e-08 1.000000e+00 -2.285185e-07
    outer loop
      vertex   1.137500e+02 1.575000e+02 3.550000e+01
      vertex   1.142676e+02 1.575000e+02 3.556815e+01
      vertex   1.200000e+02 1.575000e+02 2.719375e+01
    endloop
  endfacet
  facet normal 8.039180e-08 1.000000e+00 -1.940830e-07
    outer loop
      vertex   1.200000e+02 1.575000e+02 2.719375e+01
      vertex   1.142676e+02 1.575000e+02 3.556815e+01
      vertex   1.147500e+02 1.575000e+02 3.576795e+01
    endloop
  endfacet
  facet normal 1.416305e-07 1.000000e+00 -1.565864e-07
    outer loop
      vertex   1.200000e+02 1.575000e+02 2.719375e+01
      vertex   1.147500e+02 1.575000e+02 3.576795e+01
      vertex   1.208918e+02 1.575000e+02 2.800034e+01
    endloop
  endfacet
  facet normal 1.618600e-07 1.000000e+00 -1.405911e-07
    outer loop
      vertex   1.208918e+02 1.575000e+02 2.800034e+01
      vertex   1.147500e+02 1.575000e+02 3.576795e+01
      vertex   1.216803e+02 1.575000e+02 2.890814e+01
    endloop
  endfacet
  facet normal 1.314519e-07 1.000000e+00 -1.713115e-07
    outer loop
      vertex   1.216803e+02 1.575000e+02 2.890814e+01
      vertex   1.147500e+02 1.575000e+02 3.576795e+01
      vertex   1.151642e+02 1.575000e+02 3.608579e+01
    endloop
  endfacet
  facet normal 1.834351e-07 1.000000e+00 -1.241199e-07
    outer loop
      vertex   1.216803e+02 1.575000e+02 2.890814e+01
      vertex   1.151642e+02 1.575000e+02 3.608579e+01
      vertex   1.223541e+02 1.575000e+02 2.990401e+01
    endloop
  endfacet
  facet normal 2.012583e-07 1.000000e+00 -1.033900e-07
    outer loop
      vertex   1.223541e+02 1.575000e+02 2.990401e+01
      vertex   1.151642e+02 1.575000e+02 3.608579e+01
      vertex   1.229036e+02 1.575000e+02 3.097356e+01
    endloop
  endfacet
  facet normal 2.166294e-07 1.000000e+00 -8.011999e-08
    outer loop
      vertex   1.229036e+02 1.575000e+02 3.097356e+01
      vertex   1.151642e+02 1.575000e+02 3.608579e+01
      vertex   1.233207e+02 1.575000e+02 3.210132e+01
    endloop
  endfacet
  facet normal 1.860346e-07 1.000000e+00 -1.427494e-07
    outer loop
      vertex   1.233207e+02 1.575000e+02 3.210132e+01
      vertex   1.151642e+02 1.575000e+02 3.608579e+01
      vertex   1.154821e+02 1.575000e+02 3.650000e+01
    endloop
  endfacet
  facet normal 2.347486e-07 1.000000e+00 -5.593917e-08
    outer loop
      vertex   1.233207e+02 1.575000e+02 3.210132e+01
      vertex   1.154821e+02 1.575000e+02 3.650000e+01
      vertex   1.235994e+02 1.575000e+02 3.327100e+01
    endloop
  endfacet
  facet normal 2.458417e-07 1.000000e+00 -2.805238e-08
    outer loop
      vertex   1.235994e+02 1.575000e+02 3.327100e+01
      vertex   1.154821e+02 1.575000e+02 3.650000e+01
      vertex   1.237357e+02 1.575000e+02 3.446567e+01
    endloop
  endfacet
  facet normal 2.531740e-07 1.000000e+00 1.696064e-09
    outer loop
      vertex   1.237357e+02 1.575000e+02 3.446567e+01
      vertex   1.154821e+02 1.575000e+02 3.650000e+01
      vertex   1.237277e+02 1.575000e+02 3.566807e+01
    endloop
  endfacet
  facet normal 2.428536e-07 1.000000e+00 -1.005933e-07
    outer loop
      vertex   1.237277e+02 1.575000e+02 3.566807e+01
      vertex   1.154821e+02 1.575000e+02 3.650000e+01
      vertex   1.156819e+02 1.575000e+02 3.698236e+01
    endloop
  endfacet
  facet normal 2.648097e-07 1.000000e+00 3.381665e-08
    outer loop
      vertex   1.237277e+02 1.575000e+02 3.566807e+01
      vertex   1.156819e+02 1.575000e+02 3.698236e+01
      vertex   1.235753e+02 1.575000e+02 3.686081e+01
    endloop
  endfacet
  facet normal 2.653205e-07 1.000000e+00 6.699322e-08
    outer loop
      vertex   1.235753e+02 1.575000e+02 3.686081e+01
      vertex   1.156819e+02 1.575000e+02 3.698236e+01
      vertex   1.232810e+02 1.575000e+02 3.802664e+01
    endloop
  endfacet
  facet normal 2.795851e-07 1.000000e+00 -3.680807e-08
    outer loop
      vertex   1.232810e+02 1.575000e+02 3.802664e+01
      vertex   1.156819e+02 1.575000e+02 3.698236e+01
      vertex   1.157500e+02 1.575000e+02 3.750000e+01
    endloop
  endfacet
  facet normal 2.697457e-07 1.000000e+00 1.038942e-07
    outer loop
      vertex   1.232810e+02 1.575000e+02 3.802664e+01
      vertex   1.157500e+02 1.575000e+02 3.750000e+01
      vertex   1.228488e+02 1.575000e+02 3.914872e+01
    endloop
  endfacet
  facet normal 2.616242e-07 1.000000e+00 1.388624e-07
    outer loop
      vertex   1.228488e+02 1.575000e+02 3.914872e+01
      vertex   1.157500e+02 1.575000e+02 3.750000e+01
      vertex   1.222851e+02 1.575000e+02 4.021081e+01
    endloop
  endfacet
  facet normal 3.026953e-07 1.000000e+00 3.985059e-08
    outer loop
      vertex   1.222851e+02 1.575000e+02 4.021081e+01
      vertex   1.157500e+02 1.575000e+02 3.750000e+01
      vertex   1.156819e+02 1.575000e+02 3.801764e+01
    endloop
  endfacet
  facet normal 2.565865e-07 1.000000e+00 1.786751e-07
    outer loop
      vertex   1.222851e+02 1.575000e+02 4.021081e+01
      vertex   1.156819e+02 1.575000e+02 3.801764e+01
      vertex   1.215979e+02 1.575000e+02 4.119757e+01
    endloop
  endfacet
  facet normal 2.383151e-07 1.000000e+00 2.126681e-07
    outer loop
      vertex   1.215979e+02 1.575000e+02 4.119757e+01
      vertex   1.156819e+02 1.575000e+02 3.801764e+01
      vertex   1.207973e+02 1.575000e+02 4.209471e+01
    endloop
  endfacet
  facet normal 3.065960e-07 1.000000e+00 1.269962e-07
    outer loop
      vertex   1.207973e+02 1.575000e+02 4.209471e+01
      vertex   1.156819e+02 1.575000e+02 3.801764e+01
      vertex   1.154821e+02 1.575000e+02 3.850000e+01
    endloop
  endfacet
  facet normal 2.219735e-07 1.000000e+00 2.521226e-07
    outer loop
      vertex   1.207973e+02 1.575000e+02 4.209471e+01
      vertex   1.154821e+02 1.575000e+02 3.850000e+01
      vertex   1.198949e+02 1.575000e+02 4.288928e+01
    endloop
  endfacet
  facet normal 2.681161e-07 1.000000e+00 2.057327e-07
    outer loop
      vertex   1.198949e+02 1.575000e+02 4.288928e+01
      vertex   1.154821e+02 1.575000e+02 3.850000e+01
      vertex   1.151642e+02 1.575000e+02 3.891421e+01
    endloop
  endfacet
  facet normal 1.982784e-07 1.000000e+00 2.888450e-07
    outer loop
      vertex   1.198949e+02 1.575000e+02 4.288928e+01
      vertex   1.151642e+02 1.575000e+02 3.891421e+01
      vertex   1.189035e+02 1.575000e+02 4.356979e+01
    endloop
  endfacet
  facet normal 1.648571e-07 1.000000e+00 3.156886e-07
    outer loop
      vertex   1.189035e+02 1.575000e+02 4.356979e+01
      vertex   1.151642e+02 1.575000e+02 3.891421e+01
      vertex   1.178377e+02 1.575000e+02 4.412639e+01
    endloop
  endfacet
  facet normal 2.203826e-07 1.000000e+00 2.872082e-07
    outer loop
      vertex   1.178377e+02 1.575000e+02 4.412639e+01
      vertex   1.151642e+02 1.575000e+02 3.891421e+01
      vertex   1.147500e+02 1.575000e+02 3.923205e+01
    endloop
  endfacet
  facet normal 1.299515e-07 1.000000e+00 3.442581e-07
    outer loop
      vertex   1.178377e+02 1.575000e+02 4.412639e+01
      vertex   1.147500e+02 1.575000e+02 3.923205e+01
      vertex   1.167127e+02 1.575000e+02 4.455103e+01
    endloop
  endfacet
  facet normal 1.409199e-07 1.000000e+00 3.402107e-07
    outer loop
      vertex   1.167127e+02 1.575000e+02 4.455103e+01
      vertex   1.147500e+02 1.575000e+02 3.923205e+01
      vertex   1.142676e+02 1.575000e+02 3.943185e+01
    endloop
  endfacet
  facet normal 8.950823e-08 1.000000e+00 3.647667e-07
    outer loop
      vertex   1.167127e+02 1.575000e+02 4.455103e+01
      vertex   1.142676e+02 1.575000e+02 3.943185e+01
      vertex   1.155449e+02 1.575000e+02 4.483759e+01
    endloop
  endfacet
  facet normal 4.536111e-08 1.000000e+00 3.751981e-07
    outer loop
      vertex   1.155449e+02 1.575000e+02 4.483759e+01
      vertex   1.142676e+02 1.575000e+02 3.943185e+01
      vertex   1.143512e+02 1.575000e+02 4.498191e+01
    endloop
  endfacet
  facet normal 4.938778e-08 1.000000e+00 3.751374e-07
    outer loop
      vertex   1.143512e+02 1.575000e+02 4.498191e+01
      vertex   1.142676e+02 1.575000e+02 3.943185e+01
      vertex   1.137500e+02 1.575000e+02 3.950000e+01
    endloop
  endfacet
  facet normal 0.000000e+00 1.000000e+00 3.805539e-07
    outer loop
      vertex   1.143512e+02 1.575000e+02 4.498191e+01
      vertex   1.137500e+02 1.575000e+02 3.950000e+01
      vertex   1.131488e+02 1.575000e+02 4.498191e+01
    endloop
  endfacet
  facet normal -4.938778e-08 1.000000e+00 3.751374e-07
    outer loop
      vertex   1.131488e+02 1.575000e+02 4.498191e+01
      vertex   1.137500e+02 1.575000e+02 3.950000e+01
      vertex   1.132324e+02 1.575000e+02 3.943185e+01
    endloop
  endfacet
  facet normal -4.536111e-08 1.000000e+00 3.751981e-07
    outer loop
      vertex   1.131488e+02 1.575000e+02 4.498191e+01
      vertex   1.132324e+02 1.575000e+02 3.943185e+01
      vertex   1.119551e+02 1.575000e+02 4.483759e+01
    endloop
  endfacet
  facet normal -8.950823e-08 1.000000e+00 3.647667e-07
    outer loop
      vertex   1.119551e+02 1.575000e+02 4.483759e+01
      vertex   1.132324e+02 1.575000e+02 3.943185e+01
      vertex   1.107873e+02 1.575000e+02 4.455103e+01
    endloop
  endfacet
  facet normal -1.409199e-07 1.000000e+00 3.402107e-07
    outer loop
      vertex   1.107873e+02 1.575000e+02 4.455103e+01
      vertex   1.132324e+02 1.575000e+02 3.943185e+01
      vertex   1.127500e+02 1.575000e+02 3.923205e+01
    endloop
  endfacet
  facet normal -1.299515e-07 1.000000e+00 3.442581e-07
    outer loop
      vertex   1.107873e+02 1.575000e+02 4.455103e+01
      vertex   1.127500e+02 1.575000e+02 3.923205e+01
      vertex   1.096623e+02 1.575000e+02 4.412639e+01
    endloop
  endfacet
  facet normal -2.203826e-07 1.000000e+00 2.872082e-07
    outer loop
      vertex   1.096623e+02 1.575000e+02 4.412639e+01
      vertex   1.127500e+02 1.575000e+02 3.923205e+01
      vertex   1.123358e+02 1.575000e+02 3.891421e+01
    endloop
  endfacet
  facet normal -1.648571e-07 1.000000e+00 3.156886e-07
    outer loop
      vertex   1.096623e+02 1.575000e+02 4.412639e+01
      vertex   1.123358e+02 1.575000e+02 3.891421e+01
      vertex   1.085965e+02 1.575000e+02 4.356979e+01
    endloop
  endfacet
  facet normal -1.982784e-07 1.000000e+00 2.888450e-07
    outer loop
      vertex   1.085965e+02 1.575000e+02 4.356979e+01
      vertex   1.123358e+02 1.575000e+02 3.891421e+01
      vertex   1.076051e+02 1.575000e+02 4.288928e+01
    endloop
  endfacet
  facet normal -2.681161e-07 1.000000e+00 2.057327e-07
    outer loop
      vertex   1.076051e+02 1.575000e+02 4.288928e+01
      vertex   1.123358e+02 1.575000e+02 3.891421e+01
      vertex   1.120180e+02 1.575000e+02 3.850000e+01
    endloop
  endfacet
  facet normal -2.219735e-07 1.000000e+00 2.521226e-07
    outer loop
      vertex   1.076051e+02 1.575000e+02 4.288928e+01
      vertex   1.120180e+02 1.575000e+02 3.850000e+01
      vertex   1.067027e+02 1.575000e+02 4.209471e+01
    endloop
  endfacet
  facet normal -3.065960e-07 1.000000e+00 1.269962e-07
    outer loop
      vertex   1.067027e+02 1.575000e+02 4.209471e+01
      vertex   1.120180e+02 1.575000e+02 3.850000e+01
      vertex   1.118181e+02 1.575000e+02 3.801764e+01
    endloop
  endfacet
  facet normal -2.383151e-07 1.000000e+00 2.126681e-07
    outer loop
      vertex   1.067027e+02 1.575000e+02 4.209471e+01
      vertex   1.118181e+02 1.575000e+02 3.801764e+01
      vertex   1.059021e+02 1.575000e+02 4.119757e+01
    endloop
  endfacet
  facet normal -2.565865e-07 1.000000e+00 1.786751e-07
    outer loop
      vertex   1.059021e+02 1.575000e+02 4.119757e+01
      vertex   1.118181e+02 1.575000e+02 3.801764e+01
      vertex   1.052149e+02 1.575000e+02 4.021081e+01
    endloop
  endfacet
  facet normal -1.585182e-06 1.000000e+00 -3.821463e-06
    outer loop
      vertex   1.052149e+02 1.575000e+02 4.021081e+01
      vertex   1.118181e+02 1.575000e+02 3.801764e+01
      vertex   1.117500e+02 1.575000e+02 3.750000e+01
    endloop
  endfacet
  facet normal -2.166294e-07 1.000000e+00 -8.011999e-08
    outer loop
      vertex   1.045964e+02 1.575000e+02 3.097356e+01
      vertex   1.041793e+02 1.575000e+02 3.210132e+01
      vertex   1.123358e+02 1.575000e+02 3.608579e+01
    endloop
  endfacet
  facet normal -2.531740e-07 1.000000e+00 1.696064e-09
    outer loop
      vertex   1.037643e+02 1.575000e+02 3.446567e+01
      vertex   1.037723e+02 1.575000e+02 3.566807e+01
      vertex   1.120180e+02 1.575000e+02 3.650000e+01
    endloop
  endfacet
  facet normal -1.000000e+00 0.000000e+00 0.000000e+00
    outer loop
      vertex   1.075000e+02 4.250000e+01 2.719375e+01
      vertex   1.075000e+02 1.575000e+02 2.719375e+01
      vertex   1.075000e+02 4.250000e+01 2.500000e+01
    endloop
  endfacet
  facet normal -1.000000e+00 0.000000e+00 0.000000e+00
    outer loop
      vertex   1.075000e+02 4.250000e+01 2.500000e+01
      vertex   1.075000e+02 1.575000e+02 2.719375e+01
      vertex   1.075000e+02 1.575000e+02 2.500000e+01
    endloop
  endfacet
  facet normal -6.708017e-01 -2.291151e-16 -7.416368e-01
    outer loop
      vertex   1.066082e+02 4.250000e+01 2.800034e+01
      vertex   1.066082e+02 6.550000e+01 2.800034e+01
      vertex   1.075000e+02 4.250000e+01 2.719375e+01
    endloop
  endfacet
  facet normal -6.708017e-01 0.000000e+00 -7.416368e-01
    outer loop
      vertex   1.075000e+02 4.250000e+01 2.719375e+01
      vertex   1.066082e+02 6.550000e+01 2.800034e+01
      vertex   1.066082e+02 8.850000e+01 2.800034e+01
    endloop
  endfacet
  facet normal -6.708017e-01 0.000000e+00 -7.416368e-01
    outer loop
      vertex   1.075000e+02 4.250000e+01 2.719375e+01
      vertex   1.066082e+02 8.850000e+01 2.800034e+01
      vertex   1.066082e+02 1.115000e+02 2.800034e+01
    endloop
  endfacet
  facet normal -7.549674e-01 -0.000000e+00 -6.557623e-01
    outer loop
      vertex   1.066082e+02 1.115000e+02 2.800034e+01
      vertex   1.066082e+02 8.850000e+01 2.800034e+01
      vertex   1.058197e+02 1.115000e+02 2.890814e+01
    endloop
  endfacet
  facet normal -7.549674e-01 0.000000e+00 -6.557623e-01
    outer loop
      vertex   1.066082e+02 1.115000e+02 2.800034e+01
      vertex   1.058197e+02 1.115000e+02 2.890814e+01
      vertex   1.058197e+02 1.345000e+02 2.890814e+01
    endloop
  endfacet
  facet normal -8.282176e-01 -0.000000e+00 -5.604067e-01
    outer loop
      vertex   1.058197e+02 1.345000e+02 2.890814e+01
      vertex   1.058197e+02 1.115000e+02 2.890814e+01
      vertex   1.051459e+02 1.345000e+02 2.990401e+01
    endloop
  endfacet
  facet normal -8.282176e-01 -1.726205e-16 -5.604067e-01
    outer loop
      vertex   1.058197e+02 1.345000e+02 2.890814e+01
      vertex   1.051459e+02 1.345000e+02 2.990401e+01
      vertex   1.051459e+02 1.575000e+02 2.990401e+01
    endloop
  endfacet
  facet normal -8.894931e-01 -1.411658e-16 -4.569485e-01
    outer loop
      vertex   1.051459e+02 1.575000e+02 2.990401e+01
      vertex   1.051459e+02 1.345000e+02 2.990401e+01
      vertex   1.045964e+02 1.575000e+02 3.097356e+01
    endloop
  endfacet
  facet normal -8.894931e-01 -0.000000e+00 -4.569485e-01
    outer loop
      vertex   1.045964e+02 1.575000e+02 3.097356e+01
      vertex   1.051459e+02 1.345000e+02 2.990401e+01
      vertex   1.045964e+02 1.345000e+02 3.097356e+01
    endloop
  endfacet
  facet normal -9.379082e-01 -0.000000e+00 -3.468837e-01
    outer loop
      vertex   1.045964e+02 1.575000e+02 3.097356e+01
      vertex   1.045964e+02 1.345000e+02 3.097356e+01
      vertex   1.041793e+02 1.575000e+02 3.210132e+01
    endloop
  endfacet
  facet normal -9.379082e-01 -0.000000e+00 -3.468837e-01
    outer loop
      vertex   1.041793e+02 1.575000e+02 3.210132e+01
      vertex   1.045964e+02 1.345000e+02 3.097356e+01
      vertex   1.041793e+02 1.345000e+02 3.210132e+01
    endloop
  endfacet
  facet normal -9.727626e-01 -0.000000e+00 -2.318035e-01
    outer loop
      vertex   1.041793e+02 1.575000e+02 3.210132e+01
      vertex   1.041793e+02 1.345000e+02 3.210132e+01
      vertex   1.039006e+02 1.575000e+02 3.327100e+01
    endloop
  endfacet
  facet normal -9.727626e-01 -7.161142e-17 -2.318035e-01
    outer loop
      vertex   1.039006e+02 1.575000e+02 3.327100e+01
      vertex   1.041793e+02 1.345000e+02 3.210132e+01
      vertex   1.039006e+02 1.345000e+02 3.327100e+01
    endloop
  endfacet
  facet normal -9.935526e-01 -3.502413e-17 -1.133718e-01
    outer loop
      vertex   1.039006e+02 1.575000e+02 3.327100e+01
      vertex   1.039006e+02 1.345000e+02 3.327100e+01
      vertex   1.037643e+02 1.575000e+02 3.446567e+01
    endloop
  endfacet
  facet normal -9.935526e-01 -3.502413e-17 -1.133718e-01
    outer loop
      vertex   1.037643e+02 1.575000e+02 3.446567e+01
      vertex   1.039006e+02 1.345000e+02 3.327100e+01
      vertex   1.037643e+02 1.345000e+02 3.446567e+01
    endloop
  endfacet
  facet normal -9.999776e-01 2.069549e-18 6.699053e-03
    outer loop
      vertex   1.037643e+02 1.575000e+02 3.446567e+01
      vertex   1.037643e+02 1.345000e+02 3.446567e+01
      vertex   1.037723e+02 1.575000e+02 3.566807e+01
    endloop
  endfacet
  facet normal -9.999776e-01 2.069549e-18 6.699053e-03
    outer loop
      vertex   1.037723e+02 1.575000e+02 3.566807e+01
      vertex   1.037643e+02 1.345000e+02 3.446567e+01
      vertex   1.037723e+02 1.345000e+02 3.566807e+01
    endloop
  endfacet
  facet normal -9.919445e-01 3.913331e-17 1.266730e-01
    outer loop
      vertex   1.037723e+02 1.575000e+02 3.566807e+01
      vertex   1.037723e+02 1.345000e+02 3.566807e+01
      vertex   1.039247e+02 1.575000e+02 3.686081e+01
    endloop
  endfacet
  facet normal -9.919445e-01 0.000000e+00 1.266730e-01
    outer loop
      vertex   1.039247e+02 1.575000e+02 3.686081e+01
      vertex   1.037723e+02 1.345000e+02 3.566807e+01
      vertex   1.039247e+02 1.345000e+02 3.686081e+01
    endloop
  endfacet
  facet normal -9.695697e-01 0.000000e+00 2.448155e-01
    outer loop
      vertex   1.039247e+02 1.575000e+02 3.686081e+01
      vertex   1.039247e+02 1.345000e+02 3.686081e+01
      vertex   1.042190e+02 1.575000e+02 3.802664e+01
    endloop
  endfacet
  facet normal -9.695697e-01 0.000000e+00 2.448155e-01
    outer loop
      vertex   1.042190e+02 1.575000e+02 3.802664e+01
      vertex   1.039247e+02 1.345000e+02 3.686081e+01
      vertex   1.042190e+02 1.345000e+02 3.802664e+01
    endloop
  endfacet
  facet normal -9.331765e-01 0.000000e+00 3.594184e-01
    outer loop
      vertex   1.042190e+02 1.575000e+02 3.802664e+01
      vertex   1.042190e+02 1.345000e+02 3.802664e+01
      vertex   1.046512e+02 1.575000e+02 3.914872e+01
    endloop
  endfacet
  facet normal -9.331765e-01 0.000000e+00 3.594184e-01
    outer loop
      vertex   1.046512e+02 1.575000e+02 3.914872e+01
      vertex   1.042190e+02 1.345000e+02 3.802664e+01
      vertex   1.046512e+02 1.345000e+02 3.914872e+01
    endloop
  endfacet
  facet normal -8.832912e-01 0.000000e+00 4.688248e-01
    outer loop
      vertex   1.046512e+02 1.575000e+02 3.914872e+01
      vertex   1.046512e+02 1.345000e+02 3.914872e+01
      vertex   1.052149e+02 1.575000e+02 4.021081e+01
    endloop
  endfacet
  facet normal -8.832912e-01 0.000000e+00 4.688248e-01
    outer loop
      vertex   1.052149e+02 1.575000e+02 4.021081e+01
      vertex   1.046512e+02 1.345000e+02 3.914872e+01
      vertex   1.052149e+02 1.345000e+02 4.021081e+01
    endloop
  endfacet
  facet normal -8.206350e-01 0.000000e+00 5.714527e-01
    outer loop
      vertex   1.052149e+02 1.575000e+02 4.021081e+01
      vertex   1.052149e+02 1.345000e+02 4.021081e+01
      vertex   1.059021e+02 1.575000e+02 4.119757e+01
    endloop
  endfacet
  facet normal -8.206350e-01 0.000000e+00 5.714527e-01
    outer loop
      vertex   1.059021e+02 1.575000e+02 4.119757e+01
      vertex   1.052149e+02 1.345000e+02 4.021081e+01
      vertex   1.059021e+02 1.345000e+02 4.119757e+01
    endloop
  endfacet
  facet normal -7.461139e-01 0.000000e+00 6.658184e-01
    outer loop
      vertex   1.059021e+02 1.575000e+02 4.119757e+01
      vertex   1.059021e+02 1.345000e+02 4.119757e+01
      vertex   1.067027e+02 1.575000e+02 4.209471e+01
    endloop
  endfacet
  facet normal -7.461139e-01 -2.056924e-16 6.658184e-01
    outer loop
      vertex   1.067027e+02 1.575000e+02 4.209471e+01
      vertex   1.059021e+02 1.345000e+02 4.119757e+01
      vertex   1.067027e+02 1.345000e+02 4.209471e+01
    endloop
  endfacet
  facet normal -6.608052e-01 -2.318709e-16 7.505575e-01
    outer loop
      vertex   1.067027e+02 1.575000e+02 4.209471e+01
      vertex   1.067027e+02 1.345000e+02 4.209471e+01
      vertex   1.076051e+02 1.575000e+02 4.288928e+01
    endloop
  endfacet
  facet normal -6.608052e-01 4.637419e-16 7.505575e-01
    outer loop
      vertex   1.076051e+02 1.575000e+02 4.288928e+01
      vertex   1.067027e+02 1.345000e+02 4.209471e+01
      vertex   1.076051e+02 1.345000e+02 4.288928e+01
    endloop
  endfacet
  facet normal -5.659424e-01 5.093941e-16 8.244448e-01
    outer loop
      vertex   1.076051e+02 1.575000e+02 4.288928e+01
      vertex   1.076051e+02 1.345000e+02 4.288928e+01
      vertex   1.085965e+02 1.575000e+02 4.356979e+01
    endloop
  endfacet
  facet normal -5.659424e-01 -3.496750e-16 8.244448e-01
    outer loop
      vertex   1.085965e+02 1.575000e+02 4.356979e+01
      vertex   1.076051e+02 1.345000e+02 4.288928e+01
      vertex   1.085965e+02 1.345000e+02 4.356979e+01
    endloop
  endfacet
  facet normal -4.628970e-01 -2.860071e-16 8.864121e-01
    outer loop
      vertex   1.085965e+02 1.575000e+02 4.356979e+01
      vertex   1.085965e+02 1.345000e+02 4.356979e+01
      vertex   1.096623e+02 1.575000e+02 4.412639e+01
    endloop
  endfacet
  facet normal -4.628970e-01 0.000000e+00 8.864121e-01
    outer loop
      vertex   1.096623e+02 1.575000e+02 4.412639e+01
      vertex   1.085965e+02 1.345000e+02 4.356979e+01
      vertex   1.096623e+02 1.345000e+02 4.412639e+01
    endloop
  endfacet
  facet normal -3.531590e-01 0.000000e+00 9.355633e-01
    outer loop
      vertex   1.096623e+02 1.575000e+02 4.412639e+01
      vertex   1.096623e+02 1.345000e+02 4.412639e+01
      vertex   1.107873e+02 1.575000e+02 4.455103e+01
    endloop
  endfacet
  facet normal -3.531590e-01 -5.780502e-16 9.355633e-01
    outer loop
      vertex   1.107873e+02 1.575000e+02 4.455103e+01
      vertex   1.096623e+02 1.345000e+02 4.412639e+01
      vertex   1.107873e+02 1.345000e+02 4.455103e+01
    endloop
  endfacet
  facet normal -2.383149e-01 -6.000613e-16 9.711879e-01
    outer loop
      vertex   1.107873e+02 1.575000e+02 4.455103e+01
      vertex   1.107873e+02 1.345000e+02 4.455103e+01
      vertex   1.119551e+02 1.575000e+02 4.483759e+01
    endloop
  endfacet
  facet normal -2.383149e-01 0.000000e+00 9.711879e-01
    outer loop
      vertex   1.119551e+02 1.575000e+02 4.483759e+01
      vertex   1.107873e+02 1.345000e+02 4.455103e+01
      vertex   1.119551e+02 1.345000e+02 4.483759e+01
    endloop
  endfacet
  facet normal -1.200251e-01 0.000000e+00 9.927709e-01
    outer loop
      vertex   1.119551e+02 1.575000e+02 4.483759e+01
      vertex   1.119551e+02 1.345000e+02 4.483759e+01
      vertex   1.131488e+02 1.575000e+02 4.498191e+01
    endloop
  endfacet
  facet normal -1.200251e-01 0.000000e+00 9.927709e-01
    outer loop
      vertex   1.131488e+02 1.575000e+02 4.498191e+01
      vertex   1.119551e+02 1.345000e+02 4.483759e+01
      vertex   1.131488e+02 1.345000e+02 4.498191e+01
    endloop
  endfacet
  facet normal -0.000000e+00 0.000000e+00 1.000000e+00
    outer loop
      vertex   1.131488e+02 1.575000e+02 4.498191e+01
      vertex   1.131488e+02 1.345000e+02 4.498191e+01
      vertex   1.143512e+02 1.575000e+02 4.498191e+01
    endloop
  endfacet
  facet normal 0.000000e+00 0.000000e+00 1.000000e+00
    outer loop
      vertex   1.143512e+02 1.575000e+02 4.498191e+01
      vertex   1.131488e+02 1.345000e+02 4.498191e+01
      vertex   1.143512e+02 1.345000e+02 4.498191e+01
    endloop
  endfacet
  facet normal 1.200251e-01 0.000000e+00 9.927709e-01
    outer loop
      vertex   1.143512e+02 1.575000e+02 4.498191e+01
      vertex   1.143512e+02 1.345000e+02 4.498191e+01
      vertex   1.155449e+02 1.575000e+02 4.483759e+01
    endloop
  endfacet
  facet normal 1.200251e-01 0.000000e+00 9.927709e-01
    outer loop
      vertex   1.155449e+02 1.575000e+02 4.483759e+01
      vertex   1.143512e+02 1.345000e+02 4.498191e+01
      vertex   1.155449e+02 1.345000e+02 4.483759e+01
    endloop
  endfacet
  facet normal 2.383149e-01 0.000000e+00 9.711879e-01
    outer loop
      vertex   1.155449e+02 1.575000e+02 4.483759e+01
      vertex   1.155449e+02 1.345000e+02 4.483759e+01
      vertex   1.167127e+02 1.575000e+02 4.455103e+01
    endloop
  endfacet
  facet normal 2.383149e-01 0.000000e+00 9.711879e-01
    outer loop
      vertex   1.167127e+02 1.575000e+02 4.455103e+01
      vertex   1.155449e+02 1.345000e+02 4.483759e+01
      vertex   1.167127e+02 1.345000e+02 4.455103e+01
    endloop
  endfacet
  facet normal 3.531590e-01 0.000000e+00 9.355633e-01
    outer loop
      vertex   1.167127e+02 1.575000e+02 4.455103e+01
      vertex   1.167127e+02 1.345000e+02 4.455103e+01
      vertex   1.178377e+02 1.575000e+02 4.412639e+01
    endloop
  endfacet
  facet normal 3.531590e-01 2.182040e-16 9.355633e-01
    outer loop
      vertex   1.178377e+02 1.575000e+02 4.412639e+01
      vertex   1.167127e+02 1.345000e+02 4.455103e+01
      vertex   1.178377e+02 1.345000e+02 4.412639e+01
    endloop
  endfacet
  facet normal 4.628970e-01 2.860071e-16 8.864121e-01
    outer loop
      vertex   1.178377e+02 1.575000e+02 4.412639e+01
      vertex   1.178377e+02 1.345000e+02 4.412639e+01
      vertex   1.189035e+02 1.575000e+02 4.356979e+01
    endloop
  endfacet
  facet normal 4.628970e-01 -2.738407e-16 8.864121e-01
    outer loop
      vertex   1.189035e+02 1.575000e+02 4.356979e+01
      vertex   1.178377e+02 1.345000e+02 4.412639e+01
      vertex   1.189035e+02 1.345000e+02 4.356979e+01
    endloop
  endfacet
  facet normal 5.659424e-01 -2.546971e-16 8.244448e-01
    outer loop
      vertex   1.189035e+02 1.575000e+02 4.356979e+01
      vertex   1.189035e+02 1.345000e+02 4.356979e+01
      vertex   1.198949e+02 1.575000e+02 4.288928e+01
    endloop
  endfacet
  facet normal 5.659424e-01 0.000000e+00 8.244448e-01
    outer loop
      vertex   1.198949e+02 1.575000e+02 4.288928e+01
      vertex   1.189035e+02 1.345000e+02 4.356979e+01
      vertex   1.198949e+02 1.345000e+02 4.288928e+01
    endloop
  endfacet
  facet normal 6.608052e-01 0.000000e+00 7.505575e-01
    outer loop
      vertex   1.198949e+02 1.575000e+02 4.288928e+01
      vertex   1.198949e+02 1.345000e+02 4.288928e+01
      vertex   1.207973e+02 1.575000e+02 4.209471e+01
    endloop
  endfacet
  facet normal 6.608052e-01 0.000000e+00 7.505575e-01
    outer loop
      vertex   1.207973e+02 1.575000e+02 4.209471e+01
      vertex   1.198949e+02 1.345000e+02 4.288928e+01
      vertex   1.207973e+02 1.345000e+02 4.209471e+01
    endloop
  endfacet
  facet normal 7.461139e-01 0.000000e+00 6.658184e-01
    outer loop
      vertex   1.207973e+02 1.575000e+02 4.209471e+01
      vertex   1.207973e+02 1.345000e+02 4.209471e+01
      vertex   1.215979e+02 1.575000e+02 4.119757e+01
    endloop
  endfacet
  facet normal 7.461139e-01 -4.113847e-16 6.658184e-01
    outer loop
      vertex   1.215979e+02 1.575000e+02 4.119757e+01
      vertex   1.207973e+02 1.345000e+02 4.209471e+01
      vertex   1.215979e+02 1.345000e+02 4.119757e+01
    endloop
  endfacet
  facet normal 8.206350e-01 -3.530796e-16 5.714527e-01
    outer loop
      vertex   1.215979e+02 1.575000e+02 4.119757e+01
      vertex   1.215979e+02 1.345000e+02 4.119757e+01
      vertex   1.222851e+02 1.575000e+02 4.021081e+01
    endloop
  endfacet
  facet normal 8.206350e-01 -1.765398e-16 5.714527e-01
    outer loop
      vertex   1.222851e+02 1.575000e+02 4.021081e+01
      vertex   1.215979e+02 1.345000e+02 4.119757e+01
      vertex   1.222851e+02 1.345000e+02 4.021081e+01
    endloop
  endfacet
  facet normal 8.832912e-01 -1.448348e-16 4.688248e-01
    outer loop
      vertex   1.222851e+02 1.575000e+02 4.021081e+01
      vertex   1.222851e+02 1.345000e+02 4.021081e+01
      vertex   1.228488e+02 1.575000e+02 3.914872e+01
    endloop
  endfacet
  facet normal 8.832912e-01 1.448348e-16 4.688248e-01
    outer loop
      vertex   1.228488e+02 1.575000e+02 3.914872e+01
      vertex   1.222851e+02 1.345000e+02 4.021081e+01
      vertex   1.228488e+02 1.345000e+02 3.914872e+01
    endloop
  endfacet
  facet normal 9.331765e-01 1.110357e-16 3.594184e-01
    outer loop
      vertex   1.228488e+02 1.575000e+02 3.914872e+01
      vertex   1.228488e+02 1.345000e+02 3.914872e+01
      vertex   1.232810e+02 1.575000e+02 3.802664e+01
    endloop
  endfacet
  facet normal 9.331765e-01 -1.110357e-16 3.594184e-01
    outer loop
      vertex   1.232810e+02 1.575000e+02 3.802664e+01
      vertex   1.228488e+02 1.345000e+02 3.914872e+01
      vertex   1.232810e+02 1.345000e+02 3.802664e+01
    endloop
  endfacet
  facet normal 9.695697e-01 -7.563126e-17 2.448155e-01
    outer loop
      vertex   1.232810e+02 1.575000e+02 3.802664e+01
      vertex   1.232810e+02 1.345000e+02 3.802664e+01
      vertex   1.235753e+02 1.575000e+02 3.686081e+01
    endloop
  endfacet
  facet normal 9.695697e-01 0.000000e+00 2.448155e-01
    outer loop
      vertex   1.235753e+02 1.575000e+02 3.686081e+01
      vertex   1.232810e+02 1.345000e+02 3.802664e+01
      vertex   1.235753e+02 1.345000e+02 3.686081e+01
    endloop
  endfacet
  facet normal 9.919445e-01 0.000000e+00 1.266730e-01
    outer loop
      vertex   1.235753e+02 1.575000e+02 3.686081e+01
      vertex   1.235753e+02 1.345000e+02 3.686081e+01
      vertex   1.237277e+02 1.575000e+02 3.566807e+01
    endloop
  endfacet
  facet normal 9.919445e-01 -3.913331e-17 1.266730e-01
    outer loop
      vertex   1.237277e+02 1.575000e+02 3.566807e+01
      vertex   1.235753e+02 1.345000e+02 3.686081e+01
      vertex   1.237277e+02 1.345000e+02 3.566807e+01
    endloop
  endfacet
  facet normal 9.999776e-01 -2.069549e-18 6.699053e-03
    outer loop
      vertex   1.237277e+02 1.575000e+02 3.566807e+01
      vertex   1.237277e+02 1.345000e+02 3.566807e+01
      vertex   1.237357e+02 1.575000e+02 3.446567e+01
    endloop
  endfacet
  facet normal 9.999776e-01 0.000000e+00 6.699053e-03
    outer loop
      vertex   1.237357e+02 1.575000e+02 3.446567e+01
      vertex   1.237277e+02 1.345000e+02 3.566807e+01
      vertex   1.237357e+02 1.345000e+02 3.446567e+01
    endloop
  endfacet
  facet normal 9.935526e-01 0.000000e+00 -1.133718e-01
    outer loop
      vertex   1.237357e+02 1.575000e+02 3.446567e+01
      vertex   1.237357e+02 1.345000e+02 3.446567e+01
      vertex   1.235994e+02 1.575000e+02 3.327100e+01
    endloop
  endfacet
  facet normal 9.935526e-01 0.000000e+00 -1.133718e-01
    outer loop
      vertex   1.235994e+02 1.575000e+02 3.327100e+01
      vertex   1.237357e+02 1.345000e+02 3.446567e+01
      vertex   1.235994e+02 1.345000e+02 3.327100e+01
    endloop
  endfacet
  facet normal 9.727626e-01 0.000000e+00 -2.318035e-01
    outer loop
      vertex   1.235994e+02 1.575000e+02 3.327100e+01
      vertex   1.235994e+02 1.345000e+02 3.327100e+01
      vertex   1.233207e+02 1.575000e+02 3.210132e+01
    endloop
  endfacet
  facet normal 9.727626e-01 7.161142e-17 -2.318035e-01
    outer loop
      vertex   1.233207e+02 1.575000e+02 3.210132e+01
      vertex   1.235994e+02 1.345000e+02 3.327100e+01
      vertex   1.233207e+02 1.345000e+02 3.210132e+01
    endloop
  endfacet
  facet normal 9.379082e-01 1.071633e-16 -3.468837e-01
    outer loop
      vertex   1.233207e+02 1.575000e+02 3.210132e+01
      vertex   1.233207e+02 1.345000e+02 3.210132e+01
      vertex   1.229036e+02 1.575000e+02 3.097356e+01
    endloop
  endfacet
  facet normal 9.379082e-01 0.000000e+00 -3.468837e-01
    outer loop
      vertex   1.229036e+02 1.575000e+02 3.097356e+01
      vertex   1.233207e+02 1.345000e+02 3.210132e+01
      vertex   1.229036e+02 1.345000e+02 3.097356e+01
    endloop
  endfacet
  facet normal 8.894931e-01 0.000000e+00 -4.569485e-01
    outer loop
      vertex   1.229036e+02 1.575000e+02 3.097356e+01
      vertex   1.229036e+02 1.345000e+02 3.097356e+01
      vertex   1.223541e+02 1.575000e+02 2.990401e+01
    endloop
  endfacet
  facet normal 8.894931e-01 -9.580044e-16 -4.569485e-01
    outer loop
      vertex   1.223541e+02 1.575000e+02 2.990401e+01
      vertex   1.229036e+02 1.345000e+02 3.097356e+01
      vertex   1.223541e+02 1.345000e+02 2.990401e+01
    endloop
  endfacet
  facet normal 8.282176e-01 -8.503231e-16 -5.604067e-01
    outer loop
      vertex   1.223541e+02 1.575000e+02 2.990401e+01
      vertex   1.223541e+02 1.345000e+02 2.990401e+01
      vertex   1.216803e+02 1.575000e+02 2.890814e+01
    endloop
  endfacet
  facet normal 8.282176e-01 -8.656367e-17 -5.604067e-01
    outer loop
      vertex   1.216803e+02 1.575000e+02 2.890814e+01
      vertex   1.223541e+02 1.345000e+02 2.990401e+01
      vertex   1.216803e+02 1.345000e+02 2.890814e+01
    endloop
  endfacet
  facet normal 7.549674e-01 -1.012929e-16 -6.557623e-01
    outer loop
      vertex   1.216803e+02 1.575000e+02 2.890814e+01
      vertex   1.216803e+02 1.345000e+02 2.890814e+01
      vertex   1.208918e+02 1.575000e+02 2.800034e+01
    endloop
  endfacet
  facet normal 7.549674e-01 0.000000e+00 -6.557623e-01
    outer loop
      vertex   1.208918e+02 1.575000e+02 2.800034e+01
      vertex   1.216803e+02 1.345000e+02 2.890814e+01
      vertex   1.208918e+02 1.345000e+02 2.800034e+01
    endloop
  endfacet
  facet normal 6.708017e-01 0.000000e+00 -7.416368e-01
    outer loop
      vertex   1.208918e+02 1.575000e+02 2.800034e+01
      vertex   1.208918e+02 1.345000e+02 2.800034e+01
      vertex   1.200000e+02 1.575000e+02 2.719375e+01
    endloop
  endfacet
  facet normal 6.708017e-01 0.000000e+00 -7.416368e-01
    outer loop
      vertex   1.200000e+02 1.575000e+02 2.719375e+01
      vertex   1.208918e+02 1.345000e+02 2.800034e+01
      vertex   1.208918e+02 1.115000e+02 2.800034e+01
    endloop
  endfacet
  facet normal 6.708017e-01 0.000000e+00 -7.416368e-01
    outer loop
      vertex   1.200000e+02 1.575000e+02 2.719375e+01
      vertex   1.208918e+02 1.115000e+02 2.800034e+01
      vertex   1.208918e+02 8.850000e+01 2.800034e+01
    endloop
  endfacet
  facet normal 7.549674e-01 0.000000e+00 -6.557623e-01
    outer loop
      vertex   1.208918e+02 8.850000e+01 2.800034e+01
      vertex   1.208918e+02 1.115000e+02 2.800034e+01
      vertex   1.216803e+02 8.850000e+01 2.890814e+01
    endloop
  endfacet
  facet normal 7.549674e-01 0.000000e+00 -6.557623e-01
    outer loop
      vertex   1.208918e+02 8.850000e+01 2.800034e+01
      vertex   1.216803e+02 8.850000e+01 2.890814e+01
      vertex   1.216803e+02 6.550000e+01 2.890814e+01
    endloop
  endfacet
  facet normal 8.282176e-01 0.000000e+00 -5.604067e-01
    outer loop
      vertex   1.216803e+02 6.550000e+01 2.890814e+01
      vertex   1.216803e+02 8.850000e+01 2.890814e+01
      vertex   1.223541e+02 6.550000e+01 2.990401e+01
    endloop
  endfacet
  facet normal 8.282176e-01 0.000000e+00 -5.604067e-01
    outer loop
      vertex   1.216803e+02 6.550000e+01 2.890814e+01
      vertex   1.223541e+02 6.550000e+01 2.990401e+01
      vertex   1.223541e+02 4.250000e+01 2.990401e+01
    endloop
  endfacet
  facet normal 8.894931e-01 0.000000e+00 -4.569485e-01
    outer loop
      vertex   1.223541e+02 4.250000e+01 2.990401e+01
      vertex   1.223541e+02 6.550000e+01 2.990401e+01
      vertex   1.229036e+02 4.250000e+01 3.097356e+01
    endloop
  endfacet
  facet normal 8.894931e-01 0.000000e+00 -4.569485e-01
    outer loop
      vertex   1.229036e+02 4.250000e+01 3.097356e+01
      vertex   1.223541e+02 6.550000e+01 2.990401e+01
      vertex   1.229036e+02 6.550000e+01 3.097356e+01
    endloop
  endfacet
  facet normal 9.379082e-01 0.000000e+00 -3.468837e-01
    outer loop
      vertex   1.229036e+02 4.250000e+01 3.097356e+01
      vertex   1.229036e+02 6.550000e+01 3.097356e+01
      vertex   1.233207e+02 4.250000e+01 3.210132e+01
    endloop
  endfacet
  facet normal 9.379082e-01 0.000000e+00 -3.468837e-01
    outer loop
      vertex   1.233207e+02 4.250000e+01 3.210132e+01
      vertex   1.229036e+02 6.550000e+01 3.097356e+01
      vertex   1.233207e+02 6.550000e+01 3.210132e+01
    endloop
  endfacet
  facet normal 9.727626e-01 0.000000e+00 -2.318035e-01
    outer loop
      vertex   1.233207e+02 4.250000e+01 3.210132e+01
      vertex   1.233207e+02 6.550000e+01 3.210132e+01
      vertex   1.235994e+02 4.250000e+01 3.327100e+01
    endloop
  endfacet
  facet normal 9.727626e-01 0.000000e+00 -2.318035e-01
    outer loop
      vertex   1.235994e+02 4.250000e+01 3.327100e+01
      vertex   1.233207e+02 6.550000e+01 3.210132e+01
      vertex   1.235994e+02 6.550000e+01 3.327100e+01
    endloop
  endfacet
  facet normal 9.935526e-01 0.000000e+00 -1.133718e-01
    outer loop
      vertex   1.235994e+02 4.250000e+01 3.327100e+01
      vertex   1.235994e+02 6.550000e+01 3.327100e+01
      vertex   1.237357e+02 4.250000e+01 3.446567e+01
    endloop
  endfacet
  facet normal 9.935526e-01 0.000000e+00 -1.133718e-01
    outer loop
      vertex   1.237357e+02 4.250000e+01 3.446567e+01
      vertex   1.235994e+02 6.550000e+01 3.327100e+01
      vertex   1.237357e+02 6.550000e+01 3.446567e+01
    endloop
  endfacet
  facet normal 9.999776e-01 -0.000000e+00 6.699053e-03
    outer loop
      vertex   1.237357e+02 4.250000e+01 3.446567e+01
      vertex   1.237357e+02 6.550000e+01 3.446567e+01
      vertex   1.237277e+02 4.250000e+01 3.566807e+01
    endloop
  endfacet
  facet normal 9.999776e-01 -0.000000e+00 6.699053e-03
    outer loop
      vertex   1.237277e+02 4.250000e+01 3.566807e+01
      vertex   1.237357e+02 6.550000e+01 3.446567e+01
      vertex   1.237277e+02 6.550000e+01 3.566807e+01
    endloop
  endfacet
  facet normal 9.919445e-01 -0.000000e+00 1.266730e-01
    outer loop
      vertex   1.237277e+02 4.250000e+01 3.566807e+01
      vertex   1.237277e+02 6.550000e+01 3.566807e+01
      vertex   1.235753e+02 4.250000e+01 3.686081e+01
    endloop
  endfacet
  facet normal 9.919445e-01 -0.000000e+00 1.266730e-01
    outer loop
      vertex   1.235753e+02 4.250000e+01 3.686081e+01
      vertex   1.237277e+02 6.550000e+01 3.566807e+01
      vertex   1.235753e+02 6.550000e+01 3.686081e+01
    endloop
  endfacet
  facet normal 9.695697e-01 -0.000000e+00 2.448155e-01
    outer loop
      vertex   1.235753e+02 4.250000e+01 3.686081e+01
      vertex   1.235753e+02 6.550000e+01 3.686081e+01
      vertex   1.232810e+02 4.250000e+01 3.802664e+01
    endloop
  endfacet
  facet normal 9.695697e-01 -0.000000e+00 2.448155e-01
    outer loop
      vertex   1.232810e+02 4.250000e+01 3.802664e+01
      vertex   1.235753e+02 6.550000e+01 3.686081e+01
      vertex   1.232810e+02 6.550000e+01 3.802664e+01
    endloop
  endfacet
  facet normal 9.331765e-01 -0.000000e+00 3.594184e-01
    outer loop
      vertex   1.232810e+02 4.250000e+01 3.802664e+01
      vertex   1.232810e+02 6.550000e+01 3.802664e+01
      vertex   1.228488e+02 4.250000e+01 3.914872e+01
    endloop
  endfacet
  facet normal 9.331765e-01 -1.110357e-16 3.594184e-01
    outer loop
      vertex   1.228488e+02 4.250000e+01 3.914872e+01
      vertex   1.232810e+02 6.550000e+01 3.802664e+01
      vertex   1.228488e+02 6.550000e+01 3.914872e+01
    endloop
  endfacet
  facet normal 8.832912e-01 -1.448348e-16 4.688248e-01
    outer loop
      vertex   1.228488e+02 4.250000e+01 3.914872e+01
      vertex   1.228488e+02 6.550000e+01 3.914872e+01
      vertex   1.222851e+02 4.250000e+01 4.021081e+01
    endloop
  endfacet
  facet normal 8.832912e-01 -0.000000e+00 4.688248e-01
    outer loop
      vertex   1.222851e+02 4.250000e+01 4.021081e+01
      vertex   1.228488e+02 6.550000e+01 3.914872e+01
      vertex   1.222851e+02 6.550000e+01 4.021081e+01
    endloop
  endfacet
  facet normal 8.206350e-01 -0.000000e+00 5.714527e-01
    outer loop
      vertex   1.222851e+02 4.250000e+01 4.021081e+01
      vertex   1.222851e+02 6.550000e+01 4.021081e+01
      vertex   1.215979e+02 4.250000e+01 4.119757e+01
    endloop
  endfacet
  facet normal 8.206350e-01 -0.000000e+00 5.714527e-01
    outer loop
      vertex   1.215979e+02 4.250000e+01 4.119757e+01
      vertex   1.222851e+02 6.550000e+01 4.021081e+01
      vertex   1.215979e+02 6.550000e+01 4.119757e+01
    endloop
  endfacet
  facet normal 7.461139e-01 -0.000000e+00 6.658184e-01
    outer loop
      vertex   1.215979e+02 4.250000e+01 4.119757e+01
      vertex   1.215979e+02 6.550000e+01 4.119757e+01
      vertex   1.207973e+02 4.250000e+01 4.209471e+01
    endloop
  endfacet
  facet normal 7.461139e-01 -2.056924e-16 6.658184e-01
    outer loop
      vertex   1.207973e+02 4.250000e+01 4.209471e+01
      vertex   1.215979e+02 6.550000e+01 4.119757e+01
      vertex   1.207973e+02 6.550000e+01 4.209471e+01
    endloop
  endfacet
  facet normal 6.608052e-01 -2.318709e-16 7.505575e-01
    outer loop
      vertex   1.207973e+02 4.250000e+01 4.209471e+01
      vertex   1.207973e+02 6.550000e+01 4.209471e+01
      vertex   1.198949e+02 4.250000e+01 4.288928e+01
    endloop
  endfacet
  facet normal 6.608052e-01 -0.000000e+00 7.505575e-01
    outer loop
      vertex   1.198949e+02 4.250000e+01 4.288928e+01
      vertex   1.207973e+02 6.550000e+01 4.209471e+01
      vertex   1.198949e+02 6.550000e+01 4.288928e+01
    endloop
  endfacet
  facet normal 5.659424e-01 -0.000000e+00 8.244448e-01
    outer loop
      vertex   1.198949e+02 4.250000e+01 4.288928e+01
      vertex   1.198949e+02 6.550000e+01 4.288928e+01
      vertex   1.189035e+02 4.250000e+01 4.356979e+01
    endloop
  endfacet
  facet normal 5.659424e-01 -0.000000e+00 8.244448e-01
    outer loop
      vertex   1.189035e+02 4.250000e+01 4.356979e+01
      vertex   1.198949e+02 6.550000e+01 4.288928e+01
      vertex   1.189035e+02 6.550000e+01 4.356979e+01
    endloop
  endfacet
  facet normal 4.628970e-01 -0.000000e+00 8.864121e-01
    outer loop
      vertex   1.189035e+02 4.250000e+01 4.356979e+01
      vertex   1.189035e+02 6.550000e+01 4.356979e+01
      vertex   1.178377e+02 4.250000e+01 4.412639e+01
    endloop
  endfacet
  facet normal 4.628970e-01 -0.000000e+00 8.864121e-01
    outer loop
      vertex   1.178377e+02 4.250000e+01 4.412639e+01
      vertex   1.189035e+02 6.550000e+01 4.356979e+01
      vertex   1.178377e+02 6.550000e+01 4.412639e+01
    endloop
  endfacet
  facet normal 3.531590e-01 -0.000000e+00 9.355633e-01
    outer loop
      vertex   1.178377e+02 4.250000e+01 4.412639e+01
      vertex   1.178377e+02 6.550000e+01 4.412639e+01
      vertex   1.167127e+02 4.250000e+01 4.455103e+01
    endloop
  endfacet
  facet normal 3.531590e-01 -5.780502e-16 9.355633e-01
    outer loop
      vertex   1.167127e+02 4.250000e+01 4.455103e+01
      vertex   1.178377e+02 6.550000e+01 4.412639e+01
      vertex   1.167127e+02 6.550000e+01 4.455103e+01
    endloop
  endfacet
  facet normal 2.383149e-01 -6.000613e-16 9.711879e-01
    outer loop
      vertex   1.167127e+02 4.250000e+01 4.455103e+01
      vertex   1.167127e+02 6.550000e+01 4.455103e+01
      vertex   1.155449e+02 4.250000e+01 4.483759e+01
    endloop
  endfacet
  facet normal 2.383149e-01 3.000307e-16 9.711879e-01
    outer loop
      vertex   1.155449e+02 4.250000e+01 4.483759e+01
      vertex   1.167127e+02 6.550000e+01 4.455103e+01
      vertex   1.155449e+02 6.550000e+01 4.483759e+01
    endloop
  endfacet
  facet normal 1.200251e-01 3.066983e-16 9.927709e-01
    outer loop
      vertex   1.155449e+02 4.250000e+01 4.483759e+01
      vertex   1.155449e+02 6.550000e+01 4.483759e+01
      vertex   1.143512e+02 4.250000e+01 4.498191e+01
    endloop
  endfacet
  facet normal 1.200251e-01 -0.000000e+00 9.927709e-01
    outer loop
      vertex   1.143512e+02 4.250000e+01 4.498191e+01
      vertex   1.155449e+02 6.550000e+01 4.483759e+01
      vertex   1.143512e+02 6.550000e+01 4.498191e+01
    endloop
  endfacet
  facet normal 0.000000e+00 -0.000000e+00 1.000000e+00
    outer loop
      vertex   1.143512e+02 4.250000e+01 4.498191e+01
      vertex   1.143512e+02 6.550000e+01 4.498191e+01
      vertex   1.131488e+02 4.250000e+01 4.498191e+01
    endloop
  endfacet
  facet normal 0.000000e+00 0.000000e+00 1.000000e+00
    outer loop
      vertex   1.131488e+02 4.250000e+01 4.498191e+01
      vertex   1.143512e+02 6.550000e+01 4.498191e+01
      vertex   1.131488e+02 6.550000e+01 4.498191e+01
    endloop
  endfacet
  facet normal -1.200251e-01 0.000000e+00 9.927709e-01
    outer loop
      vertex   1.131488e+02 4.250000e+01 4.498191e+01
      vertex   1.131488e+02 6.550000e+01 4.498191e+01
      vertex   1.119551e+02 4.250000e+01 4.483759e+01
    endloop
  endfacet
  facet normal -1.200251e-01 0.000000e+00 9.927709e-01
    outer loop
      vertex   1.119551e+02 4.250000e+01 4.483759e+01
      vertex   1.131488e+02 6.550000e+01 4.498191e+01
      vertex   1.119551e+02 6.550000e+01 4.483759e+01
    endloop
  endfacet
  facet normal -2.383149e-01 0.000000e+00 9.711879e-01
    outer loop
      vertex   1.119551e+02 4.250000e+01 4.483759e+01
      vertex   1.119551e+02 6.550000e+01 4.483759e+01
      vertex   1.107873e+02 4.250000e+01 4.455103e+01
    endloop
  endfacet
  facet normal -2.383149e-01 6.000613e-16 9.711879e-01
    outer loop
      vertex   1.107873e+02 4.250000e+01 4.455103e+01
      vertex   1.119551e+02 6.550000e+01 4.483759e+01
      vertex   1.107873e+02 6.550000e+01 4.455103e+01
    endloop
  endfacet
  facet normal -3.531590e-01 5.780502e-16 9.355633e-01
    outer loop
      vertex   1.107873e+02 4.250000e+01 4.455103e+01
      vertex   1.107873e+02 6.550000e+01 4.455103e+01
      vertex   1.096623e+02 4.250000e+01 4.412639e+01
    endloop
  endfacet
  facet normal -3.531590e-01 0.000000e+00 9.355633e-01
    outer loop
      vertex   1.096623e+02 4.250000e+01 4.412639e+01
      vertex   1.107873e+02 6.550000e+01 4.455103e+01
      vertex   1.096623e+02 6.550000e+01 4.412639e+01
    endloop
  endfacet
  facet normal -4.628970e-01 0.000000e+00 8.864121e-01
    outer loop
      vertex   1.096623e+02 4.250000e+01 4.412639e+01
      vertex   1.096623e+02 6.550000e+01 4.412639e+01
      vertex   1.085965e+02 4.250000e+01 4.356979e+01
    endloop
  endfacet
  facet normal -4.628970e-01 0.000000e+00 8.864121e-01
    outer loop
      vertex   1.085965e+02 4.250000e+01 4.356979e+01
      vertex   1.096623e+02 6.550000e+01 4.412639e+01
      vertex   1.085965e+02 6.550000e+01 4.356979e+01
    endloop
  endfacet
  facet normal -5.659424e-01 0.000000e+00 8.244448e-01
    outer loop
      vertex   1.085965e+02 4.250000e+01 4.356979e+01
      vertex   1.085965e+02 6.550000e+01 4.356979e+01
      vertex   1.076051e+02 4.250000e+01 4.288928e+01
    endloop
  endfacet
  facet normal -5.659424e-01 0.000000e+00 8.244448e-01
    outer loop
      vertex   1.076051e+02 4.250000e+01 4.288928e+01
      vertex   1.085965e+02 6.550000e+01 4.356979e+01
      vertex   1.076051e+02 6.550000e+01 4.288928e+01
    endloop
  endfacet
  facet normal -6.608052e-01 0.000000e+00 7.505575e-01
    outer loop
      vertex   1.076051e+02 4.250000e+01 4.288928e+01
      vertex   1.076051e+02 6.550000e+01 4.288928e+01
      vertex   1.067027e+02 4.250000e+01 4.209471e+01
    endloop
  endfacet
  facet normal -6.608052e-01 2.318709e-16 7.505575e-01
    outer loop
      vertex   1.067027e+02 4.250000e+01 4.209471e+01
      vertex   1.076051e+02 6.550000e+01 4.288928e+01
      vertex   1.067027e+02 6.550000e+01 4.209471e+01
    endloop
  endfacet
  facet normal -7.461139e-01 2.056924e-16 6.658184e-01
    outer loop
      vertex   1.067027e+02 4.250000e+01 4.209471e+01
      vertex   1.067027e+02 6.550000e+01 4.209471e+01
      vertex   1.059021e+02 4.250000e+01 4.119757e+01
    endloop
  endfacet
  facet normal -7.461139e-01 0.000000e+00 6.658184e-01
    outer loop
      vertex   1.059021e+02 4.250000e+01 4.119757e+01
      vertex   1.067027e+02 6.550000e+01 4.209471e+01
      vertex   1.059021e+02 6.550000e+01 4.119757e+01
    endloop
  endfacet
  facet normal -8.206350e-01 0.000000e+00 5.714527e-01
    outer loop
      vertex   1.059021e+02 4.250000e+01 4.119757e+01
      vertex   1.059021e+02 6.550000e+01 4.119757e+01
      vertex   1.052149e+02 4.250000e+01 4.021081e+01
    endloop
  endfacet
  facet normal -8.206350e-01 1.765398e-16 5.714527e-01
    outer loop
      vertex   1.052149e+02 4.250000e+01 4.021081e+01
      vertex   1.059021e+02 6.550000e+01 4.119757e+01
      vertex   1.052149e+02 6.550000e+01 4.021081e+01
    endloop
  endfacet
  facet normal -8.832912e-01 1.448348e-16 4.688248e-01
    outer loop
      vertex   1.052149e+02 4.250000e+01 4.021081e+01
      vertex   1.052149e+02 6.550000e+01 4.021081e+01
      vertex   1.046512e+02 4.250000e+01 3.914872e+01
    endloop
  endfacet
  facet normal -8.832912e-01 0.000000e+00 4.688248e-01
    outer loop
      vertex   1.046512e+02 4.250000e+01 3.914872e+01
      vertex   1.052149e+02 6.550000e+01 4.021081e+01
      vertex   1.046512e+02 6.550000e+01 3.914872e+01
    endloop
  endfacet
  facet normal -9.331765e-01 0.000000e+00 3.594184e-01
    outer loop
      vertex   1.046512e+02 4.250000e+01 3.914872e+01
      vertex   1.046512e+02 6.550000e+01 3.914872e+01
      vertex   1.042190e+02 4.250000e+01 3.802664e+01
    endloop
  endfacet
  facet normal -9.331765e-01 0.000000e+00 3.594184e-01
    outer loop
      vertex   1.042190e+02 4.250000e+01 3.802664e+01
      vertex   1.046512e+02 6.550000e+01 3.914872e+01
      vertex   1.042190e+02 6.550000e+01 3.802664e+01
    endloop
  endfacet
  facet normal -9.695697e-01 0.000000e+00 2.448155e-01
    outer loop
      vertex   1.042190e+02 4.250000e+01 3.802664e+01
      vertex   1.042190e+02 6.550000e+01 3.802664e+01
      vertex   1.039247e+02 4.250000e+01 3.686081e+01
    endloop
  endfacet
  facet normal -9.695697e-01 7.563126e-17 2.448155e-01
    outer loop
      vertex   1.039247e+02 4.250000e+01 3.686081e+01
      vertex   1.042190e+02 6.550000e+01 3.802664e+01
      vertex   1.039247e+02 6.550000e+01 3.686081e+01
    endloop
  endfacet
  facet normal -9.919445e-01 3.913331e-17 1.266730e-01
    outer loop
      vertex   1.039247e+02 4.250000e+01 3.686081e+01
      vertex   1.039247e+02 6.550000e+01 3.686081e+01
      vertex   1.037723e+02 4.250000e+01 3.566807e+01
    endloop
  endfacet
  facet normal -9.919445e-01 -1.225772e-15 1.266730e-01
    outer loop
      vertex   1.037723e+02 4.250000e+01 3.566807e+01
      vertex   1.039247e+02 6.550000e+01 3.686081e+01
      vertex   1.037723e+02 6.550000e+01 3.566807e+01
    endloop
  endfacet
  facet normal -9.999776e-01 -1.235699e-15 6.699053e-03
    outer loop
      vertex   1.037723e+02 4.250000e+01 3.566807e+01
      vertex   1.037723e+02 6.550000e+01 3.566807e+01
      vertex   1.037643e+02 4.250000e+01 3.446567e+01
    endloop
  endfacet
  facet normal -9.999776e-01 0.000000e+00 6.699053e-03
    outer loop
      vertex   1.037643e+02 4.250000e+01 3.446567e+01
      vertex   1.037723e+02 6.550000e+01 3.566807e+01
      vertex   1.037643e+02 6.550000e+01 3.446567e+01
    endloop
  endfacet
  facet normal -9.935526e-01 0.000000e+00 -1.133718e-01
    outer loop
      vertex   1.037643e+02 4.250000e+01 3.446567e+01
      vertex   1.037643e+02 6.550000e+01 3.446567e+01
      vertex   1.039006e+02 4.250000e+01 3.327100e+01
    endloop
  endfacet
  facet normal -9.935526e-01 0.000000e+00 -1.133718e-01
    outer loop
      vertex   1.039006e+02 4.250000e+01 3.327100e+01
      vertex   1.037643e+02 6.550000e+01 3.446567e+01
      vertex   1.039006e+02 6.550000e+01 3.327100e+01
    endloop
  endfacet
  facet normal -9.727626e-01 0.000000e+00 -2.318035e-01
    outer loop
      vertex   1.039006e+02 4.250000e+01 3.327100e+01
      vertex   1.039006e+02 6.550000e+01 3.327100e+01
      vertex   1.041793e+02 4.250000e+01 3.210132e+01
    endloop
  endfacet
  facet normal -9.727626e-01 0.000000e+00 -2.318035e-01
    outer loop
      vertex   1.041793e+02 4.250000e+01 3.210132e+01
      vertex   1.039006e+02 6.550000e+01 3.327100e+01
      vertex   1.041793e+02 6.550000e+01 3.210132e+01
    endloop
  endfacet
  facet normal -9.379082e-01 0.000000e+00 -3.468837e-01
    outer loop
      vertex   1.041793e+02 4.250000e+01 3.210132e+01
      vertex   1.041793e+02 6.550000e+01 3.210132e+01
      vertex   1.045964e+02 4.250000e+01 3.097356e+01
    endloop
  endfacet
  facet normal -9.379082e-01 0.000000e+00 -3.468837e-01
    outer loop
      vertex   1.045964e+02 4.250000e+01 3.097356e+01
      vertex   1.041793e+02 6.550000e+01 3.210132e+01
      vertex   1.045964e+02 6.550000e+01 3.097356e+01
    endloop
  endfacet
  facet normal -8.894931e-01 0.000000e+00 -4.569485e-01
    outer loop
      vertex   1.045964e+02 4.250000e+01 3.097356e+01
      vertex   1.045964e+02 6.550000e+01 3.097356e+01
      vertex   1.051459e+02 4.250000e+01 2.990401e+01
    endloop
  endfacet
  facet normal -8.894931e-01 7.058292e-17 -4.569485e-01
    outer loop
      vertex   1.051459e+02 4.250000e+01 2.990401e+01
      vertex   1.045964e+02 6.550000e+01 3.097356e+01
      vertex   1.051459e+02 6.550000e+01 2.990401e+01
    endloop
  endfacet
  facet normal -8.282176e-01 8.656367e-17 -5.604067e-01
    outer loop
      vertex   1.051459e+02 4.250000e+01 2.990401e+01
      vertex   1.051459e+02 6.550000e+01 2.990401e+01
      vertex   1.058197e+02 4.250000e+01 2.890814e+01
    endloop
  endfacet
  facet normal -8.282176e-01 0.000000e+00 -5.604067e-01
    outer loop
      vertex   1.058197e+02 4.250000e+01 2.890814e+01
      vertex   1.051459e+02 6.550000e+01 2.990401e+01
      vertex   1.058197e+02 6.550000e+01 2.890814e+01
    endloop
  endfacet
  facet normal -7.549674e-01 0.000000e+00 -6.557623e-01
    outer loop
      vertex   1.058197e+02 4.250000e+01 2.890814e+01
      vertex   1.058197e+02 6.550000e+01 2.890814e+01
      vertex   1.066082e+02 4.250000e+01 2.800034e+01
    endloop
  endfacet
  facet normal -7.549674e-01 -2.025857e-16 -6.557623e-01
    outer loop
      vertex   1.066082e+02 4.250000e+01 2.800034e+01
      vertex   1.058197e+02 6.550000e+01 2.890814e+01
      vertex   1.066082e+02 6.550000e+01 2.800034e+01
    endloop
  endfacet
  facet normal 8.282176e-01 8.430305e-17 -5.604067e-01
    outer loop
      vertex   1.223541e+02 4.250000e+01 2.990401e+01
      vertex   1.216803e+02 4.250000e+01 2.890814e+01
      vertex   1.216803e+02 6.550000e+01 2.890814e+01
    endloop
  endfacet
  facet normal 7.549674e-01 1.012929e-16 -6.557623e-01
    outer loop
      vertex   1.216803e+02 6.550000e+01 2.890814e+01
      vertex   1.216803e+02 4.250000e+01 2.890814e+01
      vertex   1.208918e+02 6.550000e+01 2.800034e+01
    endloop
  endfacet
  facet normal 7.549674e-01 0.000000e+00 -6.557623e-01
    outer loop
      vertex   1.216803e+02 6.550000e+01 2.890814e+01
      vertex   1.208918e+02 6.550000e+01 2.800034e+01
      vertex   1.208918e+02 8.850000e+01 2.800034e+01
    endloop
  endfacet
  facet normal 6.708017e-01 0.000000e+00 -7.416368e-01
    outer loop
      vertex   1.208918e+02 8.850000e+01 2.800034e+01
      vertex   1.208918e+02 6.550000e+01 2.800034e+01
      vertex   1.200000e+02 4.250000e+01 2.719375e+01
    endloop
  endfacet
  facet normal 6.708017e-01 0.000000e+00 -7.416368e-01
    outer loop
      vertex   1.208918e+02 8.850000e+01 2.800034e+01
      vertex   1.200000e+02 4.250000e+01 2.719375e+01
      vertex   1.200000e+02 1.575000e+02 2.719375e+01
    endloop
  endfacet
  facet normal 7.549674e-01 2.007215e-16 -6.557623e-01
    outer loop
      vertex   1.216803e+02 4.250000e+01 2.890814e+01
      vertex   1.208918e+02 4.250000e+01 2.800034e+01
      vertex   1.208918e+02 6.550000e+01 2.800034e+01
    endloop
  endfacet
  facet normal 6.708017e-01 2.291151e-16 -7.416368e-01
    outer loop
      vertex   1.208918e+02 6.550000e+01 2.800034e+01
      vertex   1.208918e+02 4.250000e+01 2.800034e+01
      vertex   1.200000e+02 4.250000e+01 2.719375e+01
    endloop
  endfacet
  facet normal -8.282176e-01 -8.831748e-17 -5.604067e-01
    outer loop
      vertex   1.051459e+02 1.575000e+02 2.990401e+01
      vertex   1.058197e+02 1.575000e+02 2.890814e+01
      vertex   1.058197e+02 1.345000e+02 2.890814e+01
    endloop
  endfacet
  facet normal -7.549674e-01 -1.012929e-16 -6.557623e-01
    outer loop
      vertex   1.058197e+02 1.345000e+02 2.890814e+01
      vertex   1.058197e+02 1.575000e+02 2.890814e+01
      vertex   1.066082e+02 1.345000e+02 2.800034e+01
    endloop
  endfacet
  facet normal -7.549674e-01 0.000000e+00 -6.557623e-01
    outer loop
      vertex   1.058197e+02 1.345000e+02 2.890814e+01
      vertex   1.066082e+02 1.345000e+02 2.800034e+01
      vertex   1.066082e+02 1.115000e+02 2.800034e+01
    endloop
  endfacet
  facet normal -6.708017e-01 0.000000e+00 -7.416368e-01
    outer loop
      vertex   1.066082e+02 1.115000e+02 2.800034e+01
      vertex   1.066082e+02 1.345000e+02 2.800034e+01
      vertex   1.075000e+02 1.575000e+02 2.719375e+01
    endloop
  endfacet
  facet normal -6.708017e-01 0.000000e+00 -7.416368e-01
    outer loop
      vertex   1.066082e+02 1.115000e+02 2.800034e+01
      vertex   1.075000e+02 1.575000e+02 2.719375e+01
      vertex   1.075000e+02 4.250000e+01 2.719375e+01
    endloop
  endfacet
  facet normal -7.549674e-01 -1.003608e-16 -6.557623e-01
    outer loop
      vertex   1.058197e+02 1.575000e+02 2.890814e+01
      vertex   1.066082e+02 1.575000e+02 2.800034e+01
      vertex   1.066082e+02 1.345000e+02 2.800034e+01
    endloop
  endfacet
  facet normal -6.708017e-01 -1.145575e-16 -7.416368e-01
    outer loop
      vertex   1.066082e+02 1.345000e+02 2.800034e+01
      vertex   1.066082e+02 1.575000e+02 2.800034e+01
      vertex   1.075000e+02 1.575000e+02 2.719375e+01
    endloop
  endfacet
  facet normal -7.549674e-01 -0.000000e+00 -6.557623e-01
    outer loop
      vertex   1.066082e+02 8.850000e+01 2.800034e+01
      vertex   1.066082e+02 6.550000e+01 2.800034e+01
      vertex   1.058197e+02 8.850000e+01 2.890814e+01
    endloop
  endfacet
  facet normal -7.549674e-01 -0.000000e+00 -6.557623e-01
    outer loop
      vertex   1.058197e+02 8.850000e+01 2.890814e+01
      vertex   1.066082e+02 6.550000e+01 2.800034e+01
      vertex   1.058197e+02 6.550000e+01 2.890814e+01
    endloop
  endfacet
  facet normal -8.282176e-01 -0.000000e+00 -5.604067e-01
    outer loop
      vertex   1.058197e+02 8.850000e+01 2.890814e+01
      vertex   1.058197e+02 6.550000e+01 2.890814e+01
      vertex   1.051459e+02 8.850000e+01 2.990401e+01
    endloop
  endfacet
  facet normal -8.282176e-01 -0.000000e+00 -5.604067e-01
    outer loop
      vertex   1.051459e+02 8.850000e+01 2.990401e+01
      vertex   1.058197e+02 6.550000e+01 2.890814e+01
      vertex   1.051459e+02 6.550000e+01 2.990401e+01
    endloop
  endfacet
  facet normal -8.894931e-01 -0.000000e+00 -4.569485e-01
    outer loop
      vertex   1.051459e+02 8.850000e+01 2.990401e+01
      vertex   1.051459e+02 6.550000e+01 2.990401e+01
      vertex   1.045964e+02 8.850000e+01 3.097356e+01
    endloop
  endfacet
  facet normal -8.894931e-01 -0.000000e+00 -4.569485e-01
    outer loop
      vertex   1.045964e+02 8.850000e+01 3.097356e+01
      vertex   1.051459e+02 6.550000e+01 2.990401e+01
      vertex   1.045964e+02 6.550000e+01 3.097356e+01
    endloop
  endfacet
  facet normal -9.379082e-01 -0.000000e+00 -3.468837e-01
    outer loop
      vertex   1.045964e+02 8.850000e+01 3.097356e+01
      vertex   1.045964e+02 6.550000e+01 3.097356e+01
      vertex   1.041793e+02 8.850000e+01 3.210132e+01
    endloop
  endfacet
  facet normal -9.379082e-01 -0.000000e+00 -3.468837e-01
    outer loop
      vertex   1.041793e+02 8.850000e+01 3.210132e+01
      vertex   1.045964e+02 6.550000e+01 3.097356e+01
      vertex   1.041793e+02 6.550000e+01 3.210132e+01
    endloop
  endfacet
  facet normal -9.727626e-01 -0.000000e+00 -2.318035e-01
    outer loop
      vertex   1.041793e+02 8.850000e+01 3.210132e+01
      vertex   1.041793e+02 6.550000e+01 3.210132e+01
      vertex   1.039006e+02 8.850000e+01 3.327100e+01
    endloop
  endfacet
  facet normal -9.727626e-01 -0.000000e+00 -2.318035e-01
    outer loop
      vertex   1.039006e+02 8.850000e+01 3.327100e+01
      vertex   1.041793e+02 6.550000e+01 3.210132e+01
      vertex   1.039006e+02 6.550000e+01 3.327100e+01
    endloop
  endfacet
  facet normal -9.935526e-01 -0.000000e+00 -1.133718e-01
    outer loop
      vertex   1.039006e+02 8.850000e+01 3.327100e+01
      vertex   1.039006e+02 6.550000e+01 3.327100e+01
      vertex   1.037643e+02 8.850000e+01 3.446567e+01
    endloop
  endfacet
  facet normal -9.935526e-01 -0.000000e+00 -1.133718e-01
    outer loop
      vertex   1.037643e+02 8.850000e+01 3.446567e+01
      vertex   1.039006e+02 6.550000e+01 3.327100e+01
      vertex   1.037643e+02 6.550000e+01 3.446567e+01
    endloop
  endfacet
  facet normal -9.999776e-01 0.000000e+00 6.699053e-03
    outer loop
      vertex   1.037643e+02 8.850000e+01 3.446567e+01
      vertex   1.037643e+02 6.550000e+01 3.446567e+01
      vertex   1.037723e+02 8.850000e+01 3.566807e+01
    endloop
  endfacet
  facet normal -9.999776e-01 0.000000e+00 6.699053e-03
    outer loop
      vertex   1.037723e+02 8.850000e+01 3.566807e+01
      vertex   1.037643e+02 6.550000e+01 3.446567e+01
      vertex   1.037723e+02 6.550000e+01 3.566807e+01
    endloop
  endfacet
  facet normal -9.919445e-01 0.000000e+00 1.266730e-01
    outer loop
      vertex   1.037723e+02 8.850000e+01 3.566807e+01
      vertex   1.037723e+02 6.550000e+01 3.566807e+01
      vertex   1.039247e+02 8.850000e+01 3.686081e+01
    endloop
  endfacet
  facet normal -9.919445e-01 0.000000e+00 1.266730e-01
    outer loop
      vertex   1.039247e+02 8.850000e+01 3.686081e+01
      vertex   1.037723e+02 6.550000e+01 3.566807e+01
      vertex   1.039247e+02 6.550000e+01 3.686081e+01
    endloop
  endfacet
  facet normal -9.695697e-01 0.000000e+00 2.448155e-01
    outer loop
      vertex   1.039247e+02 8.850000e+01 3.686081e+01
      vertex   1.039247e+02 6.550000e+01 3.686081e+01
      vertex   1.042190e+02 8.850000e+01 3.802664e+01
    endloop
  endfacet
  facet normal -9.695697e-01 0.000000e+00 2.448155e-01
    outer loop
      vertex   1.042190e+02 8.850000e+01 3.802664e+01
      vertex   1.039247e+02 6.550000e+01 3.686081e+01
      vertex   1.042190e+02 6.550000e+01 3.802664e+01
    endloop
  endfacet
  facet normal -9.331765e-01 0.000000e+00 3.594184e-01
    outer loop
      vertex   1.042190e+02 8.850000e+01 3.802664e+01
      vertex   1.042190e+02 6.550000e+01 3.802664e+01
      vertex   1.046512e+02 8.850000e+01 3.914872e+01
    endloop
  endfacet
  facet normal -9.331765e-01 0.000000e+00 3.594184e-01
    outer loop
      vertex   1.046512e+02 8.850000e+01 3.914872e+01
      vertex   1.042190e+02 6.550000e+01 3.802664e+01
      vertex   1.046512e+02 6.550000e+01 3.914872e+01
    endloop
  endfacet
  facet normal -8.832912e-01 0.000000e+00 4.688248e-01
    outer loop
      vertex   1.046512e+02 8.850000e+01 3.914872e+01
      vertex   1.046512e+02 6.550000e+01 3.914872e+01
      vertex   1.052149e+02 8.850000e+01 4.021081e+01
    endloop
  endfacet
  facet normal -8.832912e-01 0.000000e+00 4.688248e-01
    outer loop
      vertex   1.052149e+02 8.850000e+01 4.021081e+01
      vertex   1.046512e+02 6.550000e+01 3.914872e+01
      vertex   1.052149e+02 6.550000e+01 4.021081e+01
    endloop
  endfacet
  facet normal -8.206350e-01 0.000000e+00 5.714527e-01
    outer loop
      vertex   1.052149e+02 8.850000e+01 4.021081e+01
      vertex   1.052149e+02 6.550000e+01 4.021081e+01
      vertex   1.059021e+02 8.850000e+01 4.119757e+01
    endloop
  endfacet
  facet normal -8.206350e-01 0.000000e+00 5.714527e-01
    outer loop
      vertex   1.059021e+02 8.850000e+01 4.119757e+01
      vertex   1.052149e+02 6.550000e+01 4.021081e+01
      vertex   1.059021e+02 6.550000e+01 4.119757e+01
    endloop
  endfacet
  facet normal -7.461139e-01 0.000000e+00 6.658184e-01
    outer loop
      vertex   1.059021e+02 8.850000e+01 4.119757e+01
      vertex   1.059021e+02 6.550000e+01 4.119757e+01
      vertex   1.067027e+02 8.850000e+01 4.209471e+01
    endloop
  endfacet
  facet normal -7.461139e-01 0.000000e+00 6.658184e-01
    outer loop
      vertex   1.067027e+02 8.850000e+01 4.209471e+01
      vertex   1.059021e+02 6.550000e+01 4.119757e+01
      vertex   1.067027e+02 6.550000e+01 4.209471e+01
    endloop
  endfacet
  facet normal -6.608052e-01 0.000000e+00 7.505575e-01
    outer loop
      vertex   1.067027e+02 8.850000e+01 4.209471e+01
      vertex   1.067027e+02 6.550000e+01 4.209471e+01
      vertex   1.076051e+02 8.850000e+01 4.288928e+01
    endloop
  endfacet
  facet normal -6.608052e-01 0.000000e+00 7.505575e-01
    outer loop
      vertex   1.076051e+02 8.850000e+01 4.288928e+01
      vertex   1.067027e+02 6.550000e+01 4.209471e+01
      vertex   1.076051e+02 6.550000e+01 4.288928e+01
    endloop
  endfacet
  facet normal -5.659424e-01 0.000000e+00 8.244448e-01
    outer loop
      vertex   1.076051e+02 8.850000e+01 4.288928e+01
      vertex   1.076051e+02 6.550000e+01 4.288928e+01
      vertex   1.085965e+02 8.850000e+01 4.356979e+01
    endloop
  endfacet
  facet normal -5.659424e-01 0.000000e+00 8.244448e-01
    outer loop
      vertex   1.085965e+02 8.850000e+01 4.356979e+01
      vertex   1.076051e+02 6.550000e+01 4.288928e+01
      vertex   1.085965e+02 6.550000e+01 4.356979e+01
    endloop
  endfacet
  facet normal -4.628970e-01 0.000000e+00 8.864121e-01
    outer loop
      vertex   1.085965e+02 8.850000e+01 4.356979e+01
      vertex   1.085965e+02 6.550000e+01 4.356979e+01
      vertex   1.096623e+02 8.850000e+01 4.412639e+01
    endloop
  endfacet
  facet normal -4.628970e-01 0.000000e+00 8.864121e-01
    outer loop
      vertex   1.096623e+02 8.850000e+01 4.412639e+01
      vertex   1.085965e+02 6.550000e+01 4.356979e+01
      vertex   1.096623e+02 6.550000e+01 4.412639e+01
    endloop
  endfacet
  facet normal -3.531590e-01 0.000000e+00 9.355633e-01
    outer loop
      vertex   1.096623e+02 8.850000e+01 4.412639e+01
      vertex   1.096623e+02 6.550000e+01 4.412639e+01
      vertex   1.107873e+02 8.850000e+01 4.455103e+01
    endloop
  endfacet
  facet normal -3.531590e-01 0.000000e+00 9.355633e-01
    outer loop
      vertex   1.107873e+02 8.850000e+01 4.455103e+01
      vertex   1.096623e+02 6.550000e+01 4.412639e+01
      vertex   1.107873e+02 6.550000e+01 4.455103e+01
    endloop
  endfacet
  facet normal -2.383149e-01 0.000000e+00 9.711879e-01
    outer loop
      vertex   1.107873e+02 8.850000e+01 4.455103e+01
      vertex   1.107873e+02 6.550000e+01 4.455103e+01
      vertex   1.119551e+02 8.850000e+01 4.483759e+01
    endloop
  endfacet
  facet normal -2.383149e-01 0.000000e+00 9.711879e-01
    outer loop
      vertex   1.119551e+02 8.850000e+01 4.483759e+01
      vertex   1.107873e+02 6.550000e+01 4.455103e+01
      vertex   1.119551e+02 6.550000e+01 4.483759e+01
    endloop
  endfacet
  facet normal -1.200251e-01 0.000000e+00 9.927709e-01
    outer loop
      vertex   1.119551e+02 8.850000e+01 4.483759e+01
      vertex   1.119551e+02 6.550000e+01 4.483759e+01
      vertex   1.131488e+02 8.850000e+01 4.498191e+01
    endloop
  endfacet
  facet normal -1.200251e-01 -7.415910e-17 9.927709e-01
    outer loop
      vertex   1.131488e+02 8.850000e+01 4.498191e+01
      vertex   1.119551e+02 6.550000e+01 4.483759e+01
      vertex   1.131488e+02 6.550000e+01 4.498191e+01
    endloop
  endfacet
  facet normal -0.000000e+00 0.000000e+00 1.000000e+00
    outer loop
      vertex   1.131488e+02 8.850000e+01 4.498191e+01
      vertex   1.131488e+02 6.550000e+01 4.498191e+01
      vertex   1.143512e+02 8.850000e+01 4.498191e+01
    endloop
  endfacet
  facet normal 0.000000e+00 0.000000e+00 1.000000e+00
    outer loop
      vertex   1.143512e+02 8.850000e+01 4.498191e+01
      vertex   1.131488e+02 6.550000e+01 4.498191e+01
      vertex   1.143512e+02 6.550000e+01 4.498191e+01
    endloop
  endfacet
  facet normal 1.200251e-01 0.000000e+00 9.927709e-01
    outer loop
      vertex   1.143512e+02 8.850000e+01 4.498191e+01
      vertex   1.143512e+02 6.550000e+01 4.498191e+01
      vertex   1.155449e+02 8.850000e+01 4.483759e+01
    endloop
  endfacet
  facet normal 1.200251e-01 -2.325392e-16 9.927709e-01
    outer loop
      vertex   1.155449e+02 8.850000e+01 4.483759e+01
      vertex   1.143512e+02 6.550000e+01 4.498191e+01
      vertex   1.155449e+02 6.550000e+01 4.483759e+01
    endloop
  endfacet
  facet normal 2.383149e-01 -1.527847e-16 9.711879e-01
    outer loop
      vertex   1.155449e+02 8.850000e+01 4.483759e+01
      vertex   1.155449e+02 6.550000e+01 4.483759e+01
      vertex   1.167127e+02 8.850000e+01 4.455103e+01
    endloop
  endfacet
  facet normal 2.383149e-01 0.000000e+00 9.711879e-01
    outer loop
      vertex   1.167127e+02 8.850000e+01 4.455103e+01
      vertex   1.155449e+02 6.550000e+01 4.483759e+01
      vertex   1.167127e+02 6.550000e+01 4.455103e+01
    endloop
  endfacet
  facet normal 3.531590e-01 0.000000e+00 9.355633e-01
    outer loop
      vertex   1.167127e+02 8.850000e+01 4.455103e+01
      vertex   1.167127e+02 6.550000e+01 4.455103e+01
      vertex   1.178377e+02 8.850000e+01 4.412639e+01
    endloop
  endfacet
  facet normal 3.531590e-01 0.000000e+00 9.355633e-01
    outer loop
      vertex   1.178377e+02 8.850000e+01 4.412639e+01
      vertex   1.167127e+02 6.550000e+01 4.455103e+01
      vertex   1.178377e+02 6.550000e+01 4.412639e+01
    endloop
  endfacet
  facet normal 4.628970e-01 0.000000e+00 8.864121e-01
    outer loop
      vertex   1.178377e+02 8.850000e+01 4.412639e+01
      vertex   1.178377e+02 6.550000e+01 4.412639e+01
      vertex   1.189035e+02 8.850000e+01 4.356979e+01
    endloop
  endfacet
  facet normal 4.628970e-01 0.000000e+00 8.864121e-01
    outer loop
      vertex   1.189035e+02 8.850000e+01 4.356979e+01
      vertex   1.178377e+02 6.550000e+01 4.412639e+01
      vertex   1.189035e+02 6.550000e+01 4.356979e+01
    endloop
  endfacet
  facet normal 5.659424e-01 0.000000e+00 8.244448e-01
    outer loop
      vertex   1.189035e+02 8.850000e+01 4.356979e+01
      vertex   1.189035e+02 6.550000e+01 4.356979e+01
      vertex   1.198949e+02 8.850000e+01 4.288928e+01
    endloop
  endfacet
  facet normal 5.659424e-01 0.000000e+00 8.244448e-01
    outer loop
      vertex   1.198949e+02 8.850000e+01 4.288928e+01
      vertex   1.189035e+02 6.550000e+01 4.356979e+01
      vertex   1.198949e+02 6.550000e+01 4.288928e+01
    endloop
  endfacet
  facet normal 6.608052e-01 0.000000e+00 7.505575e-01
    outer loop
      vertex   1.198949e+02 8.850000e+01 4.288928e+01
      vertex   1.198949e+02 6.550000e+01 4.288928e+01
      vertex   1.207973e+02 8.850000e+01 4.209471e+01
    endloop
  endfacet
  facet normal 6.608052e-01 0.000000e+00 7.505575e-01
    outer loop
      vertex   1.207973e+02 8.850000e+01 4.209471e+01
      vertex   1.198949e+02 6.550000e+01 4.288928e+01
      vertex   1.207973e+02 6.550000e+01 4.209471e+01
    endloop
  endfacet
  facet normal 7.461139e-01 0.000000e+00 6.658184e-01
    outer loop
      vertex   1.207973e+02 8.850000e+01 4.209471e+01
      vertex   1.207973e+02 6.550000e+01 4.209471e+01
      vertex   1.215979e+02 8.850000e+01 4.119757e+01
    endloop
  endfacet
  facet normal 7.461139e-01 0.000000e+00 6.658184e-01
    outer loop
      vertex   1.215979e+02 8.850000e+01 4.119757e+01
      vertex   1.207973e+02 6.550000e+01 4.209471e+01
      vertex   1.215979e+02 6.550000e+01 4.119757e+01
    endloop
  endfacet
  facet normal 8.206350e-01 0.000000e+00 5.714527e-01
    outer loop
      vertex   1.215979e+02 8.850000e+01 4.119757e+01
      vertex   1.215979e+02 6.550000e+01 4.119757e+01
      vertex   1.222851e+02 8.850000e+01 4.021081e+01
    endloop
  endfacet
  facet normal 8.206350e-01 0.000000e+00 5.714527e-01
    outer loop
      vertex   1.222851e+02 8.850000e+01 4.021081e+01
      vertex   1.215979e+02 6.550000e+01 4.119757e+01
      vertex   1.222851e+02 6.550000e+01 4.021081e+01
    endloop
  endfacet
  facet normal 8.832912e-01 0.000000e+00 4.688248e-01
    outer loop
      vertex   1.222851e+02 8.850000e+01 4.021081e+01
      vertex   1.222851e+02 6.550000e+01 4.021081e+01
      vertex   1.228488e+02 8.850000e+01 3.914872e+01
    endloop
  endfacet
  facet normal 8.832912e-01 0.000000e+00 4.688248e-01
    outer loop
      vertex   1.228488e+02 8.850000e+01 3.914872e+01
      vertex   1.222851e+02 6.550000e+01 4.021081e+01
      vertex   1.228488e+02 6.550000e+01 3.914872e+01
    endloop
  endfacet
  facet normal 9.331765e-01 0.000000e+00 3.594184e-01
    outer loop
      vertex   1.228488e+02 8.850000e+01 3.914872e+01
      vertex   1.228488e+02 6.550000e+01 3.914872e+01
      vertex   1.232810e+02 8.850000e+01 3.802664e+01
    endloop
  endfacet
  facet normal 9.331765e-01 0.000000e+00 3.594184e-01
    outer loop
      vertex   1.232810e+02 8.850000e+01 3.802664e+01
      vertex   1.228488e+02 6.550000e+01 3.914872e+01
      vertex   1.232810e+02 6.550000e+01 3.802664e+01
    endloop
  endfacet
  facet normal 9.695697e-01 0.000000e+00 2.448155e-01
    outer loop
      vertex   1.232810e+02 8.850000e+01 3.802664e+01
      vertex   1.232810e+02 6.550000e+01 3.802664e+01
      vertex   1.235753e+02 8.850000e+01 3.686081e+01
    endloop
  endfacet
  facet normal 9.695697e-01 0.000000e+00 2.448155e-01
    outer loop
      vertex   1.235753e+02 8.850000e+01 3.686081e+01
      vertex   1.232810e+02 6.550000e+01 3.802664e+01
      vertex   1.235753e+02 6.550000e+01 3.686081e+01
    endloop
  endfacet
  facet normal 9.919445e-01 0.000000e+00 1.266730e-01
    outer loop
      vertex   1.235753e+02 8.850000e+01 3.686081e+01
      vertex   1.235753e+02 6.550000e+01 3.686081e+01
      vertex   1.237277e+02 8.850000e+01 3.566807e+01
    endloop
  endfacet
  facet normal 9.919445e-01 0.000000e+00 1.266730e-01
    outer loop
      vertex   1.237277e+02 8.850000e+01 3.566807e+01
      vertex   1.235753e+02 6.550000e+01 3.686081e+01
      vertex   1.237277e+02 6.550000e+01 3.566807e+01
    endloop
  endfacet
  facet normal 9.999776e-01 0.000000e+00 6.699053e-03
    outer loop
      vertex   1.237277e+02 8.850000e+01 3.566807e+01
      vertex   1.237277e+02 6.550000e+01 3.566807e+01
      vertex   1.237357e+02 8.850000e+01 3.446567e+01
    endloop
  endfacet
  facet normal 9.999776e-01 0.000000e+00 6.699053e-03
    outer loop
      vertex   1.237357e+02 8.850000e+01 3.446567e+01
      vertex   1.237277e+02 6.550000e+01 3.566807e+01
      vertex   1.237357e+02 6.550000e+01 3.446567e+01
    endloop
  endfacet
  facet normal 9.935526e-01 0.000000e+00 -1.133718e-01
    outer loop
      vertex   1.237357e+02 8.850000e+01 3.446567e+01
      vertex   1.237357e+02 6.550000e+01 3.446567e+01
      vertex   1.235994e+02 8.850000e+01 3.327100e+01
    endloop
  endfacet
  facet normal 9.935526e-01 0.000000e+00 -1.133718e-01
    outer loop
      vertex   1.235994e+02 8.850000e+01 3.327100e+01
      vertex   1.237357e+02 6.550000e+01 3.446567e+01
      vertex   1.235994e+02 6.550000e+01 3.327100e+01
    endloop
  endfacet
  facet normal 9.727626e-01 0.000000e+00 -2.318035e-01
    outer loop
      vertex   1.235994e+02 8.850000e+01 3.327100e+01
      vertex   1.235994e+02 6.550000e+01 3.327100e+01
      vertex   1.233207e+02 8.850000e+01 3.210132e+01
    endloop
  endfacet
  facet normal 9.727626e-01 0.000000e+00 -2.318035e-01
    outer loop
      vertex   1.233207e+02 8.850000e+01 3.210132e+01
      vertex   1.235994e+02 6.550000e+01 3.327100e+01
      vertex   1.233207e+02 6.550000e+01 3.210132e+01
    endloop
  endfacet
  facet normal 9.379082e-01 0.000000e+00 -3.468837e-01
    outer loop
      vertex   1.233207e+02 8.850000e+01 3.210132e+01
      vertex   1.233207e+02 6.550000e+01 3.210132e+01
      vertex   1.229036e+02 8.850000e+01 3.097356e+01
    endloop
  endfacet
  facet normal 9.379082e-01 0.000000e+00 -3.468837e-01
    outer loop
      vertex   1.229036e+02 8.850000e+01 3.097356e+01
      vertex   1.233207e+02 6.550000e+01 3.210132e+01
      vertex   1.229036e+02 6.550000e+01 3.097356e+01
    endloop
  endfacet
  facet normal 8.894931e-01 0.000000e+00 -4.569485e-01
    outer loop
      vertex   1.229036e+02 8.850000e+01 3.097356e+01
      vertex   1.229036e+02 6.550000e+01 3.097356e+01
      vertex   1.223541e+02 8.850000e+01 2.990401e+01
    endloop
  endfacet
  facet normal 8.894931e-01 0.000000e+00 -4.569485e-01
    outer loop
      vertex   1.223541e+02 8.850000e+01 2.990401e+01
      vertex   1.229036e+02 6.550000e+01 3.097356e+01
      vertex   1.223541e+02 6.550000e+01 2.990401e+01
    endloop
  endfacet
  facet normal 8.282176e-01 0.000000e+00 -5.604067e-01
    outer loop
      vertex   1.223541e+02 8.850000e+01 2.990401e+01
      vertex   1.223541e+02 6.550000e+01 2.990401e+01
      vertex   1.216803e+02 8.850000e+01 2.890814e+01
    endloop
  endfacet
  facet normal -7.549674e-01 0.000000e+00 -6.557623e-01
    outer loop
      vertex   1.066082e+02 8.850000e+01 2.800034e+01
      vertex   1.058197e+02 8.850000e+01 2.890814e+01
      vertex   1.058197e+02 1.115000e+02 2.890814e+01
    endloop
  endfacet
  facet normal -8.282176e-01 -0.000000e+00 -5.604067e-01
    outer loop
      vertex   1.058197e+02 1.115000e+02 2.890814e+01
      vertex   1.058197e+02 8.850000e+01 2.890814e+01
      vertex   1.051459e+02 1.115000e+02 2.990401e+01
    endloop
  endfacet
  facet normal -8.282176e-01 0.000000e+00 -5.604067e-01
    outer loop
      vertex   1.058197e+02 1.115000e+02 2.890814e+01
      vertex   1.051459e+02 1.115000e+02 2.990401e+01
      vertex   1.051459e+02 1.345000e+02 2.990401e+01
    endloop
  endfacet
  facet normal -8.894931e-01 -0.000000e+00 -4.569485e-01
    outer loop
      vertex   1.051459e+02 1.345000e+02 2.990401e+01
      vertex   1.051459e+02 1.115000e+02 2.990401e+01
      vertex   1.045964e+02 1.345000e+02 3.097356e+01
    endloop
  endfacet
  facet normal -8.282176e-01 -0.000000e+00 -5.604067e-01
    outer loop
      vertex   1.051459e+02 1.115000e+02 2.990401e+01
      vertex   1.058197e+02 8.850000e+01 2.890814e+01
      vertex   1.051459e+02 8.850000e+01 2.990401e+01
    endloop
  endfacet
  facet normal -8.894931e-01 -0.000000e+00 -4.569485e-01
    outer loop
      vertex   1.051459e+02 1.115000e+02 2.990401e+01
      vertex   1.051459e+02 8.850000e+01 2.990401e+01
      vertex   1.045964e+02 1.115000e+02 3.097356e+01
    endloop
  endfacet
  facet normal -8.894931e-01 -0.000000e+00 -4.569485e-01
    outer loop
      vertex   1.045964e+02 1.115000e+02 3.097356e+01
      vertex   1.051459e+02 8.850000e+01 2.990401e+01
      vertex   1.045964e+02 8.850000e+01 3.097356e+01
    endloop
  endfacet
  facet normal -9.379082e-01 -0.000000e+00 -3.468837e-01
    outer loop
      vertex   1.045964e+02 1.115000e+02 3.097356e+01
      vertex   1.045964e+02 8.850000e+01 3.097356e+01
      vertex   1.041793e+02 1.115000e+02 3.210132e+01
    endloop
  endfacet
  facet normal -9.379082e-01 -0.000000e+00 -3.468837e-01
    outer loop
      vertex   1.041793e+02 1.115000e+02 3.210132e+01
      vertex   1.045964e+02 8.850000e+01 3.097356e+01
      vertex   1.041793e+02 8.850000e+01 3.210132e+01
    endloop
  endfacet
  facet normal -9.727626e-01 -0.000000e+00 -2.318035e-01
    outer loop
      vertex   1.041793e+02 1.115000e+02 3.210132e+01
      vertex   1.041793e+02 8.850000e+01 3.210132e+01
      vertex   1.039006e+02 1.115000e+02 3.327100e+01
    endloop
  endfacet
  facet normal -9.727626e-01 -7.161142e-17 -2.318035e-01
    outer loop
      vertex   1.039006e+02 1.115000e+02 3.327100e+01
      vertex   1.041793e+02 8.850000e+01 3.210132e+01
      vertex   1.039006e+02 8.850000e+01 3.327100e+01
    endloop
  endfacet
  facet normal -9.935526e-01 -3.502413e-17 -1.133718e-01
    outer loop
      vertex   1.039006e+02 1.115000e+02 3.327100e+01
      vertex   1.039006e+02 8.850000e+01 3.327100e+01
      vertex   1.037643e+02 1.115000e+02 3.446567e+01
    endloop
  endfacet
  facet normal -9.935526e-01 -0.000000e+00 -1.133718e-01
    outer loop
      vertex   1.037643e+02 1.115000e+02 3.446567e+01
      vertex   1.039006e+02 8.850000e+01 3.327100e+01
      vertex   1.037643e+02 8.850000e+01 3.446567e+01
    endloop
  endfacet
  facet normal -9.999776e-01 0.000000e+00 6.699053e-03
    outer loop
      vertex   1.037643e+02 1.115000e+02 3.446567e+01
      vertex   1.037643e+02 8.850000e+01 3.446567e+01
      vertex   1.037723e+02 1.115000e+02 3.566807e+01
    endloop
  endfacet
  facet normal -9.999776e-01 0.000000e+00 6.699053e-03
    outer loop
      vertex   1.037723e+02 1.115000e+02 3.566807e+01
      vertex   1.037643e+02 8.850000e+01 3.446567e+01
      vertex   1.037723e+02 8.850000e+01 3.566807e+01
    endloop
  endfacet
  facet normal -9.919445e-01 0.000000e+00 1.266730e-01
    outer loop
      vertex   1.037723e+02 1.115000e+02 3.566807e+01
      vertex   1.037723e+02 8.850000e+01 3.566807e+01
      vertex   1.039247e+02 1.115000e+02 3.686081e+01
    endloop
  endfacet
  facet normal -9.919445e-01 0.000000e+00 1.266730e-01
    outer loop
      vertex   1.039247e+02 1.115000e+02 3.686081e+01
      vertex   1.037723e+02 8.850000e+01 3.566807e+01
      vertex   1.039247e+02 8.850000e+01 3.686081e+01
    endloop
  endfacet
  facet normal -9.695697e-01 0.000000e+00 2.448155e-01
    outer loop
      vertex   1.039247e+02 1.115000e+02 3.686081e+01
      vertex   1.039247e+02 8.850000e+01 3.686081e+01
      vertex   1.042190e+02 1.115000e+02 3.802664e+01
    endloop
  endfacet
  facet normal -9.695697e-01 0.000000e+00 2.448155e-01
    outer loop
      vertex   1.042190e+02 1.115000e+02 3.802664e+01
      vertex   1.039247e+02 8.850000e+01 3.686081e+01
      vertex   1.042190e+02 8.850000e+01 3.802664e+01
    endloop
  endfacet
  facet normal -9.331765e-01 0.000000e+00 3.594184e-01
    outer loop
      vertex   1.042190e+02 1.115000e+02 3.802664e+01
      vertex   1.042190e+02 8.850000e+01 3.802664e+01
      vertex   1.046512e+02 1.115000e+02 3.914872e+01
    endloop
  endfacet
  facet normal -9.331765e-01 0.000000e+00 3.594184e-01
    outer loop
      vertex   1.046512e+02 1.115000e+02 3.914872e+01
      vertex   1.042190e+02 8.850000e+01 3.802664e+01
      vertex   1.046512e+02 8.850000e+01 3.914872e+01
    endloop
  endfacet
  facet normal -8.832912e-01 0.000000e+00 4.688248e-01
    outer loop
      vertex   1.046512e+02 1.115000e+02 3.914872e+01
      vertex   1.046512e+02 8.850000e+01 3.914872e+01
      vertex   1.052149e+02 1.115000e+02 4.021081e+01
    endloop
  endfacet
  facet normal -8.832912e-01 0.000000e+00 4.688248e-01
    outer loop
      vertex   1.052149e+02 1.115000e+02 4.021081e+01
      vertex   1.046512e+02 8.850000e+01 3.914872e+01
      vertex   1.052149e+02 8.850000e+01 4.021081e+01
    endloop
  endfacet
  facet normal -8.206350e-01 0.000000e+00 5.714527e-01
    outer loop
      vertex   1.052149e+02 1.115000e+02 4.021081e+01
      vertex   1.052149e+02 8.850000e+01 4.021081e+01
      vertex   1.059021e+02 1.115000e+02 4.119757e+01
    endloop
  endfacet
  facet normal -8.206350e-01 0.000000e+00 5.714527e-01
    outer loop
      vertex   1.059021e+02 1.115000e+02 4.119757e+01
      vertex   1.052149e+02 8.850000e+01 4.021081e+01
      vertex   1.059021e+02 8.850000e+01 4.119757e+01
    endloop
  endfacet
  facet normal -7.461139e-01 0.000000e+00 6.658184e-01
    outer loop
      vertex   1.059021e+02 1.115000e+02 4.119757e+01
      vertex   1.059021e+02 8.850000e+01 4.119757e+01
      vertex   1.067027e+02 1.115000e+02 4.209471e+01
    endloop
  endfacet
  facet normal -7.461139e-01 0.000000e+00 6.658184e-01
    outer loop
      vertex   1.067027e+02 1.115000e+02 4.209471e+01
      vertex   1.059021e+02 8.850000e+01 4.119757e+01
      vertex   1.067027e+02 8.850000e+01 4.209471e+01
    endloop
  endfacet
  facet normal -6.608052e-01 0.000000e+00 7.505575e-01
    outer loop
      vertex   1.067027e+02 1.115000e+02 4.209471e+01
      vertex   1.067027e+02 8.850000e+01 4.209471e+01
      vertex   1.076051e+02 1.115000e+02 4.288928e+01
    endloop
  endfacet
  facet normal -6.608052e-01 0.000000e+00 7.505575e-01
    outer loop
      vertex   1.076051e+02 1.115000e+02 4.288928e+01
      vertex   1.067027e+02 8.850000e+01 4.209471e+01
      vertex   1.076051e+02 8.850000e+01 4.288928e+01
    endloop
  endfacet
  facet normal -5.659424e-01 0.000000e+00 8.244448e-01
    outer loop
      vertex   1.076051e+02 1.115000e+02 4.288928e+01
      vertex   1.076051e+02 8.850000e+01 4.288928e+01
      vertex   1.085965e+02 1.115000e+02 4.356979e+01
    endloop
  endfacet
  facet normal -5.659424e-01 0.000000e+00 8.244448e-01
    outer loop
      vertex   1.085965e+02 1.115000e+02 4.356979e+01
      vertex   1.076051e+02 8.850000e+01 4.288928e+01
      vertex   1.085965e+02 8.850000e+01 4.356979e+01
    endloop
  endfacet
  facet normal -4.628970e-01 0.000000e+00 8.864121e-01
    outer loop
      vertex   1.085965e+02 1.115000e+02 4.356979e+01
      vertex   1.085965e+02 8.850000e+01 4.356979e+01
      vertex   1.096623e+02 1.115000e+02 4.412639e+01
    endloop
  endfacet
  facet normal -4.628970e-01 0.000000e+00 8.864121e-01
    outer loop
      vertex   1.096623e+02 1.115000e+02 4.412639e+01
      vertex   1.085965e+02 8.850000e+01 4.356979e+01
      vertex   1.096623e+02 8.850000e+01 4.412639e+01
    endloop
  endfacet
  facet normal -3.531590e-01 0.000000e+00 9.355633e-01
    outer loop
      vertex   1.096623e+02 1.115000e+02 4.412639e+01
      vertex   1.096623e+02 8.850000e+01 4.412639e+01
      vertex   1.107873e+02 1.115000e+02 4.455103e+01
    endloop
  endfacet
  facet normal -3.531590e-01 0.000000e+00 9.355633e-01
    outer loop
      vertex   1.107873e+02 1.115000e+02 4.455103e+01
      vertex   1.096623e+02 8.850000e+01 4.412639e+01
      vertex   1.107873e+02 8.850000e+01 4.455103e+01
    endloop
  endfacet
  facet normal -2.383149e-01 0.000000e+00 9.711879e-01
    outer loop
      vertex   1.107873e+02 1.115000e+02 4.455103e+01
      vertex   1.107873e+02 8.850000e+01 4.455103e+01
      vertex   1.119551e+02 1.115000e+02 4.483759e+01
    endloop
  endfacet
  facet normal -2.383149e-01 0.000000e+00 9.711879e-01
    outer loop
      vertex   1.119551e+02 1.115000e+02 4.483759e+01
      vertex   1.107873e+02 8.850000e+01 4.455103e+01
      vertex   1.119551e+02 8.850000e+01 4.483759e+01
    endloop
  endfacet
  facet normal -1.200251e-01 0.000000e+00 9.927709e-01
    outer loop
      vertex   1.119551e+02 1.115000e+02 4.483759e+01
      vertex   1.119551e+02 8.850000e+01 4.483759e+01
      vertex   1.131488e+02 1.115000e+02 4.498191e+01
    endloop
  endfacet
  facet normal -1.200251e-01 0.000000e+00 9.927709e-01
    outer loop
      vertex   1.131488e+02 1.115000e+02 4.498191e+01
      vertex   1.119551e+02 8.850000e+01 4.483759e+01
      vertex   1.131488e+02 8.850000e+01 4.498191e+01
    endloop
  endfacet
  facet normal -0.000000e+00 0.000000e+00 1.000000e+00
    outer loop
      vertex   1.131488e+02 1.115000e+02 4.498191e+01
      vertex   1.131488e+02 8.850000e+01 4.498191e+01
      vertex   1.143512e+02 1.115000e+02 4.498191e+01
    endloop
  endfacet
  facet normal 0.000000e+00 0.000000e+00 1.000000e+00
    outer loop
      vertex   1.143512e+02 1.115000e+02 4.498191e+01
      vertex   1.131488e+02 8.850000e+01 4.498191e+01
      vertex   1.143512e+02 8.850000e+01 4.498191e+01
    endloop
  endfacet
  facet normal 1.200251e-01 0.000000e+00 9.927709e-01
    outer loop
      vertex   1.143512e+02 1.115000e+02 4.498191e+01
      vertex   1.143512e+02 8.850000e+01 4.498191e+01
      vertex   1.155449e+02 1.115000e+02 4.483759e+01
    endloop
  endfacet
  facet normal 1.200251e-01 0.000000e+00 9.927709e-01
    outer loop
      vertex   1.155449e+02 1.115000e+02 4.483759e+01
      vertex   1.143512e+02 8.850000e+01 4.498191e+01
      vertex   1.155449e+02 8.850000e+01 4.483759e+01
    endloop
  endfacet
  facet normal 2.383149e-01 0.000000e+00 9.711879e-01
    outer loop
      vertex   1.155449e+02 1.115000e+02 4.483759e+01
      vertex   1.155449e+02 8.850000e+01 4.483759e+01
      vertex   1.167127e+02 1.115000e+02 4.455103e+01
    endloop
  endfacet
  facet normal 2.383149e-01 0.000000e+00 9.711879e-01
    outer loop
      vertex   1.167127e+02 1.115000e+02 4.455103e+01
      vertex   1.155449e+02 8.850000e+01 4.483759e+01
      vertex   1.167127e+02 8.850000e+01 4.455103e+01
    endloop
  endfacet
  facet normal 3.531590e-01 0.000000e+00 9.355633e-01
    outer loop
      vertex   1.167127e+02 1.115000e+02 4.455103e+01
      vertex   1.167127e+02 8.850000e+01 4.455103e+01
      vertex   1.178377e+02 1.115000e+02 4.412639e+01
    endloop
  endfacet
  facet normal 3.531590e-01 0.000000e+00 9.355633e-01
    outer loop
      vertex   1.178377e+02 1.115000e+02 4.412639e+01
      vertex   1.167127e+02 8.850000e+01 4.455103e+01
      vertex   1.178377e+02 8.850000e+01 4.412639e+01
    endloop
  endfacet
  facet normal 4.628970e-01 0.000000e+00 8.864121e-01
    outer loop
      vertex   1.178377e+02 1.115000e+02 4.412639e+01
      vertex   1.178377e+02 8.850000e+01 4.412639e+01
      vertex   1.189035e+02 1.115000e+02 4.356979e+01
    endloop
  endfacet
  facet normal 4.628970e-01 0.000000e+00 8.864121e-01
    outer loop
      vertex   1.189035e+02 1.115000e+02 4.356979e+01
      vertex   1.178377e+02 8.850000e+01 4.412639e+01
      vertex   1.189035e+02 8.850000e+01 4.356979e+01
    endloop
  endfacet
  facet normal 5.659424e-01 0.000000e+00 8.244448e-01
    outer loop
      vertex   1.189035e+02 1.115000e+02 4.356979e+01
      vertex   1.189035e+02 8.850000e+01 4.356979e+01
      vertex   1.198949e+02 1.115000e+02 4.288928e+01
    endloop
  endfacet
  facet normal 5.659424e-01 0.000000e+00 8.244448e-01
    outer loop
      vertex   1.198949e+02 1.115000e+02 4.288928e+01
      vertex   1.189035e+02 8.850000e+01 4.356979e+01
      vertex   1.198949e+02 8.850000e+01 4.288928e+01
    endloop
  endfacet
  facet normal 6.608052e-01 0.000000e+00 7.505575e-01
    outer loop
      vertex   1.198949e+02 1.115000e+02 4.288928e+01
      vertex   1.198949e+02 8.850000e+01 4.288928e+01
      vertex   1.207973e+02 1.115000e+02 4.209471e+01
    endloop
  endfacet
  facet normal 6.608052e-01 0.000000e+00 7.505575e-01
    outer loop
      vertex   1.207973e+02 1.115000e+02 4.209471e+01
      vertex   1.198949e+02 8.850000e+01 4.288928e+01
      vertex   1.207973e+02 8.850000e+01 4.209471e+01
    endloop
  endfacet
  facet normal 7.461139e-01 0.000000e+00 6.658184e-01
    outer loop
      vertex   1.207973e+02 1.115000e+02 4.209471e+01
      vertex   1.207973e+02 8.850000e+01 4.209471e+01
      vertex   1.215979e+02 1.115000e+02 4.119757e+01
    endloop
  endfacet
  facet normal 7.461139e-01 0.000000e+00 6.658184e-01
    outer loop
      vertex   1.215979e+02 1.115000e+02 4.119757e+01
      vertex   1.207973e+02 8.850000e+01 4.209471e+01
      vertex   1.215979e+02 8.850000e+01 4.119757e+01
    endloop
  endfacet
  facet normal 8.206350e-01 0.000000e+00 5.714527e-01
    outer loop
      vertex   1.215979e+02 1.115000e+02 4.119757e+01
      vertex   1.215979e+02 8.850000e+01 4.119757e+01
      vertex   1.222851e+02 1.115000e+02 4.021081e+01
    endloop
  endfacet
  facet normal 8.206350e-01 0.000000e+00 5.714527e-01
    outer loop
      vertex   1.222851e+02 1.115000e+02 4.021081e+01
      vertex   1.215979e+02 8.850000e+01 4.119757e+01
      vertex   1.222851e+02 8.850000e+01 4.021081e+01
    endloop
  endfacet
  facet normal 8.832912e-01 0.000000e+00 4.688248e-01
    outer loop
      vertex   1.222851e+02 1.115000e+02 4.021081e+01
      vertex   1.222851e+02 8.850000e+01 4.021081e+01
      vertex   1.228488e+02 1.115000e+02 3.914872e+01
    endloop
  endfacet
  facet normal 8.832912e-01 0.000000e+00 4.688248e-01
    outer loop
      vertex   1.228488e+02 1.115000e+02 3.914872e+01
      vertex   1.222851e+02 8.850000e+01 4.021081e+01
      vertex   1.228488e+02 8.850000e+01 3.914872e+01
    endloop
  endfacet
  facet normal 9.331765e-01 0.000000e+00 3.594184e-01
    outer loop
      vertex   1.228488e+02 1.115000e+02 3.914872e+01
      vertex   1.228488e+02 8.850000e+01 3.914872e+01
      vertex   1.232810e+02 1.115000e+02 3.802664e+01
    endloop
  endfacet
  facet normal 9.331765e-01 0.000000e+00 3.594184e-01
    outer loop
      vertex   1.232810e+02 1.115000e+02 3.802664e+01
      vertex   1.228488e+02 8.850000e+01 3.914872e+01
      vertex   1.232810e+02 8.850000e+01 3.802664e+01
    endloop
  endfacet
  facet normal 9.695697e-01 0.000000e+00 2.448155e-01
    outer loop
      vertex   1.232810e+02 1.115000e+02 3.802664e+01
      vertex   1.232810e+02 8.850000e+01 3.802664e+01
      vertex   1.235753e+02 1.115000e+02 3.686081e+01
    endloop
  endfacet
  facet normal 9.695697e-01 0.000000e+00 2.448155e-01
    outer loop
      vertex   1.235753e+02 1.115000e+02 3.686081e+01
      vertex   1.232810e+02 8.850000e+01 3.802664e+01
      vertex   1.235753e+02 8.850000e+01 3.686081e+01
    endloop
  endfacet
  facet normal 9.919445e-01 0.000000e+00 1.266730e-01
    outer loop
      vertex   1.235753e+02 1.115000e+02 3.686081e+01
      vertex   1.235753e+02 8.850000e+01 3.686081e+01
      vertex   1.237277e+02 1.115000e+02 3.566807e+01
    endloop
  endfacet
  facet normal 9.919445e-01 0.000000e+00 1.266730e-01
    outer loop
      vertex   1.237277e+02 1.115000e+02 3.566807e+01
      vertex   1.235753e+02 8.850000e+01 3.686081e+01
      vertex   1.237277e+02 8.850000e+01 3.566807e+01
    endloop
  endfacet
  facet normal 9.999776e-01 0.000000e+00 6.699053e-03
    outer loop
      vertex   1.237277e+02 1.115000e+02 3.566807e+01
      vertex   1.237277e+02 8.850000e+01 3.566807e+01
      vertex   1.237357e+02 1.115000e+02 3.446567e+01
    endloop
  endfacet
  facet normal 9.999776e-01 0.000000e+00 6.699053e-03
    outer loop
      vertex   1.237357e+02 1.115000e+02 3.446567e+01
      vertex   1.237277e+02 8.850000e+01 3.566807e+01
      vertex   1.237357e+02 8.850000e+01 3.446567e+01
    endloop
  endfacet
  facet normal 9.935526e-01 0.000000e+00 -1.133718e-01
    outer loop
      vertex   1.237357e+02 1.115000e+02 3.446567e+01
      vertex   1.237357e+02 8.850000e+01 3.446567e+01
      vertex   1.235994e+02 1.115000e+02 3.327100e+01
    endloop
  endfacet
  facet normal 9.935526e-01 0.000000e+00 -1.133718e-01
    outer loop
      vertex   1.235994e+02 1.115000e+02 3.327100e+01
      vertex   1.237357e+02 8.850000e+01 3.446567e+01
      vertex   1.235994e+02 8.850000e+01 3.327100e+01
    endloop
  endfacet
  facet normal 9.727626e-01 0.000000e+00 -2.318035e-01
    outer loop
      vertex   1.235994e+02 1.115000e+02 3.327100e+01
      vertex   1.235994e+02 8.850000e+01 3.327100e+01
      vertex   1.233207e+02 1.115000e+02 3.210132e+01
    endloop
  endfacet
  facet normal 9.727626e-01 0.000000e+00 -2.318035e-01
    outer loop
      vertex   1.233207e+02 1.115000e+02 3.210132e+01
      vertex   1.235994e+02 8.850000e+01 3.327100e+01
      vertex   1.233207e+02 8.850000e+01 3.210132e+01
    endloop
  endfacet
  facet normal 9.379082e-01 0.000000e+00 -3.468837e-01
    outer loop
      vertex   1.233207e+02 1.115000e+02 3.210132e+01
      vertex   1.233207e+02 8.850000e+01 3.210132e+01
      vertex   1.229036e+02 1.115000e+02 3.097356e+01
    endloop
  endfacet
  facet normal 9.379082e-01 0.000000e+00 -3.468837e-01
    outer loop
      vertex   1.229036e+02 1.115000e+02 3.097356e+01
      vertex   1.233207e+02 8.850000e+01 3.210132e+01
      vertex   1.229036e+02 8.850000e+01 3.097356e+01
    endloop
  endfacet
  facet normal 8.894931e-01 0.000000e+00 -4.569485e-01
    outer loop
      vertex   1.229036e+02 1.115000e+02 3.097356e+01
      vertex   1.229036e+02 8.850000e+01 3.097356e+01
      vertex   1.223541e+02 1.115000e+02 2.990401e+01
    endloop
  endfacet
  facet normal 8.894931e-01 0.000000e+00 -4.569485e-01
    outer loop
      vertex   1.223541e+02 1.115000e+02 2.990401e+01
      vertex   1.229036e+02 8.850000e+01 3.097356e+01
      vertex   1.223541e+02 8.850000e+01 2.990401e+01
    endloop
  endfacet
  facet normal 8.282176e-01 0.000000e+00 -5.604067e-01
    outer loop
      vertex   1.223541e+02 1.115000e+02 2.990401e+01
      vertex   1.223541e+02 8.850000e+01 2.990401e+01
      vertex   1.216803e+02 1.115000e+02 2.890814e+01
    endloop
  endfacet
  facet normal 8.282176e-01 0.000000e+00 -5.604067e-01
    outer loop
      vertex   1.216803e+02 1.115000e+02 2.890814e+01
      vertex   1.223541e+02 8.850000e+01 2.990401e+01
      vertex   1.216803e+02 8.850000e+01 2.890814e+01
    endloop
  endfacet
  facet normal 7.549674e-01 0.000000e+00 -6.557623e-01
    outer loop
      vertex   1.216803e+02 1.115000e+02 2.890814e+01
      vertex   1.216803e+02 8.850000e+01 2.890814e+01
      vertex   1.208918e+02 1.115000e+02 2.800034e+01
    endloop
  endfacet
  facet normal -9.379082e-01 0.000000e+00 -3.468837e-01
    outer loop
      vertex   1.041793e+02 1.345000e+02 3.210132e+01
      vertex   1.045964e+02 1.345000e+02 3.097356e+01
      vertex   1.045964e+02 1.115000e+02 3.097356e+01
    endloop
  endfacet
  facet normal -8.894931e-01 0.000000e+00 -4.569485e-01
    outer loop
      vertex   1.045964e+02 1.115000e+02 3.097356e+01
      vertex   1.045964e+02 1.345000e+02 3.097356e+01
      vertex   1.051459e+02 1.115000e+02 2.990401e+01
    endloop
  endfacet
  facet normal -9.379082e-01 -0.000000e+00 -3.468837e-01
    outer loop
      vertex   1.041793e+02 1.345000e+02 3.210132e+01
      vertex   1.045964e+02 1.115000e+02 3.097356e+01
      vertex   1.041793e+02 1.115000e+02 3.210132e+01
    endloop
  endfacet
  facet normal -9.727626e-01 0.000000e+00 -2.318035e-01
    outer loop
      vertex   1.039006e+02 1.345000e+02 3.327100e+01
      vertex   1.041793e+02 1.345000e+02 3.210132e+01
      vertex   1.041793e+02 1.115000e+02 3.210132e+01
    endloop
  endfacet
  facet normal -9.727626e-01 -0.000000e+00 -2.318035e-01
    outer loop
      vertex   1.039006e+02 1.345000e+02 3.327100e+01
      vertex   1.041793e+02 1.115000e+02 3.210132e+01
      vertex   1.039006e+02 1.115000e+02 3.327100e+01
    endloop
  endfacet
  facet normal -9.935526e-01 0.000000e+00 -1.133718e-01
    outer loop
      vertex   1.037643e+02 1.345000e+02 3.446567e+01
      vertex   1.039006e+02 1.345000e+02 3.327100e+01
      vertex   1.039006e+02 1.115000e+02 3.327100e+01
    endloop
  endfacet
  facet normal -9.935526e-01 -0.000000e+00 -1.133718e-01
    outer loop
      vertex   1.037643e+02 1.345000e+02 3.446567e+01
      vertex   1.039006e+02 1.115000e+02 3.327100e+01
      vertex   1.037643e+02 1.115000e+02 3.446567e+01
    endloop
  endfacet
  facet normal -9.999776e-01 0.000000e+00 6.699053e-03
    outer loop
      vertex   1.037723e+02 1.345000e+02 3.566807e+01
      vertex   1.037643e+02 1.345000e+02 3.446567e+01
      vertex   1.037643e+02 1.115000e+02 3.446567e+01
    endloop
  endfacet
  facet normal -9.999776e-01 0.000000e+00 6.699053e-03
    outer loop
      vertex   1.037723e+02 1.345000e+02 3.566807e+01
      vertex   1.037643e+02 1.115000e+02 3.446567e+01
      vertex   1.037723e+02 1.115000e+02 3.566807e+01
    endloop
  endfacet
  facet normal -9.919445e-01 0.000000e+00 1.266730e-01
    outer loop
      vertex   1.039247e+02 1.345000e+02 3.686081e+01
      vertex   1.037723e+02 1.345000e+02 3.566807e+01
      vertex   1.037723e+02 1.115000e+02 3.566807e+01
    endloop
  endfacet
  facet normal -9.919445e-01 0.000000e+00 1.266730e-01
    outer loop
      vertex   1.039247e+02 1.345000e+02 3.686081e+01
      vertex   1.037723e+02 1.115000e+02 3.566807e+01
      vertex   1.039247e+02 1.115000e+02 3.686081e+01
    endloop
  endfacet
  facet normal -9.695697e-01 0.000000e+00 2.448155e-01
    outer loop
      vertex   1.042190e+02 1.345000e+02 3.802664e+01
      vertex   1.039247e+02 1.345000e+02 3.686081e+01
      vertex   1.039247e+02 1.115000e+02 3.686081e+01
    endloop
  endfacet
  facet normal -9.695697e-01 0.000000e+00 2.448155e-01
    outer loop
      vertex   1.042190e+02 1.345000e+02 3.802664e+01
      vertex   1.039247e+02 1.115000e+02 3.686081e+01
      vertex   1.042190e+02 1.115000e+02 3.802664e+01
    endloop
  endfacet
  facet normal -9.331765e-01 0.000000e+00 3.594184e-01
    outer loop
      vertex   1.046512e+02 1.345000e+02 3.914872e+01
      vertex   1.042190e+02 1.345000e+02 3.802664e+01
      vertex   1.042190e+02 1.115000e+02 3.802664e+01
    endloop
  endfacet
  facet normal -9.331765e-01 0.000000e+00 3.594184e-01
    outer loop
      vertex   1.046512e+02 1.345000e+02 3.914872e+01
      vertex   1.042190e+02 1.115000e+02 3.802664e+01
      vertex   1.046512e+02 1.115000e+02 3.914872e+01
    endloop
  endfacet
  facet normal -8.832912e-01 0.000000e+00 4.688248e-01
    outer loop
      vertex   1.052149e+02 1.345000e+02 4.021081e+01
      vertex   1.046512e+02 1.345000e+02 3.914872e+01
      vertex   1.046512e+02 1.115000e+02 3.914872e+01
    endloop
  endfacet
  facet normal -8.832912e-01 0.000000e+00 4.688248e-01
    outer loop
      vertex   1.052149e+02 1.345000e+02 4.021081e+01
      vertex   1.046512e+02 1.115000e+02 3.914872e+01
      vertex   1.052149e+02 1.115000e+02 4.021081e+01
    endloop
  endfacet
  facet normal -8.206350e-01 0.000000e+00 5.714527e-01
    outer loop
      vertex   1.059021e+02 1.345000e+02 4.119757e+01
      vertex   1.052149e+02 1.345000e+02 4.021081e+01
      vertex   1.052149e+02 1.115000e+02 4.021081e+01
    endloop
  endfacet
  facet normal -8.206350e-01 0.000000e+00 5.714527e-01
    outer loop
      vertex   1.059021e+02 1.345000e+02 4.119757e+01
      vertex   1.052149e+02 1.115000e+02 4.021081e+01
      vertex   1.059021e+02 1.115000e+02 4.119757e+01
    endloop
  endfacet
  facet normal -7.461139e-01 0.000000e+00 6.658184e-01
    outer loop
      vertex   1.067027e+02 1.345000e+02 4.209471e+01
      vertex   1.059021e+02 1.345000e+02 4.119757e+01
      vertex   1.059021e+02 1.115000e+02 4.119757e+01
    endloop
  endfacet
  facet normal -7.461139e-01 0.000000e+00 6.658184e-01
    outer loop
      vertex   1.067027e+02 1.345000e+02 4.209471e+01
      vertex   1.059021e+02 1.115000e+02 4.119757e+01
      vertex   1.067027e+02 1.115000e+02 4.209471e+01
    endloop
  endfacet
  facet normal -6.608052e-01 0.000000e+00 7.505575e-01
    outer loop
      vertex   1.076051e+02 1.345000e+02 4.288928e+01
      vertex   1.067027e+02 1.345000e+02 4.209471e+01
      vertex   1.067027e+02 1.115000e+02 4.209471e+01
    endloop
  endfacet
  facet normal -6.608052e-01 0.000000e+00 7.505575e-01
    outer loop
      vertex   1.076051e+02 1.345000e+02 4.288928e+01
      vertex   1.067027e+02 1.115000e+02 4.209471e+01
      vertex   1.076051e+02 1.115000e+02 4.288928e+01
    endloop
  endfacet
  facet normal -5.659424e-01 0.000000e+00 8.244448e-01
    outer loop
      vertex   1.085965e+02 1.345000e+02 4.356979e+01
      vertex   1.076051e+02 1.345000e+02 4.288928e+01
      vertex   1.076051e+02 1.115000e+02 4.288928e+01
    endloop
  endfacet
  facet normal -5.659424e-01 0.000000e+00 8.244448e-01
    outer loop
      vertex   1.085965e+02 1.345000e+02 4.356979e+01
      vertex   1.076051e+02 1.115000e+02 4.288928e+01
      vertex   1.085965e+02 1.115000e+02 4.356979e+01
    endloop
  endfacet
  facet normal -4.628970e-01 0.000000e+00 8.864121e-01
    outer loop
      vertex   1.096623e+02 1.345000e+02 4.412639e+01
      vertex   1.085965e+02 1.345000e+02 4.356979e+01
      vertex   1.085965e+02 1.115000e+02 4.356979e+01
    endloop
  endfacet
  facet normal -4.628970e-01 0.000000e+00 8.864121e-01
    outer loop
      vertex   1.096623e+02 1.345000e+02 4.412639e+01
      vertex   1.085965e+02 1.115000e+02 4.356979e+01
      vertex   1.096623e+02 1.115000e+02 4.412639e+01
    endloop
  endfacet
  facet normal -3.531590e-01 0.000000e+00 9.355633e-01
    outer loop
      vertex   1.107873e+02 1.345000e+02 4.455103e+01
      vertex   1.096623e+02 1.345000e+02 4.412639e+01
      vertex   1.096623e+02 1.115000e+02 4.412639e+01
    endloop
  endfacet
  facet normal -3.531590e-01 0.000000e+00 9.355633e-01
    outer loop
      vertex   1.107873e+02 1.345000e+02 4.455103e+01
      vertex   1.096623e+02 1.115000e+02 4.412639e+01
      vertex   1.107873e+02 1.115000e+02 4.455103e+01
    endloop
  endfacet
  facet normal -2.383149e-01 0.000000e+00 9.711879e-01
    outer loop
      vertex   1.119551e+02 1.345000e+02 4.483759e+01
      vertex   1.107873e+02 1.345000e+02 4.455103e+01
      vertex   1.107873e+02 1.115000e+02 4.455103e+01
    endloop
  endfacet
  facet normal -2.383149e-01 0.000000e+00 9.711879e-01
    outer loop
      vertex   1.119551e+02 1.345000e+02 4.483759e+01
      vertex   1.107873e+02 1.115000e+02 4.455103e+01
      vertex   1.119551e+02 1.115000e+02 4.483759e+01
    endloop
  endfacet
  facet normal -1.200251e-01 0.000000e+00 9.927709e-01
    outer loop
      vertex   1.131488e+02 1.345000e+02 4.498191e+01
      vertex   1.119551e+02 1.345000e+02 4.483759e+01
      vertex   1.119551e+02 1.115000e+02 4.483759e+01
    endloop
  endfacet
  facet normal -1.200251e-01 0.000000e+00 9.927709e-01
    outer loop
      vertex   1.131488e+02 1.345000e+02 4.498191e+01
      vertex   1.119551e+02 1.115000e+02 4.483759e+01
      vertex   1.131488e+02 1.115000e+02 4.498191e+01
    endloop
  endfacet
  facet normal 0.000000e+00 0.000000e+00 1.000000e+00
    outer loop
      vertex   1.143512e+02 1.345000e+02 4.498191e+01
      vertex   1.131488e+02 1.345000e+02 4.498191e+01
      vertex   1.131488e+02 1.115000e+02 4.498191e+01
    endloop
  endfacet
  facet normal 0.000000e+00 0.000000e+00 1.000000e+00
    outer loop
      vertex   1.143512e+02 1.345000e+02 4.498191e+01
      vertex   1.131488e+02 1.115000e+02 4.498191e+01
      vertex   1.143512e+02 1.115000e+02 4.498191e+01
    endloop
  endfacet
  facet normal 1.200251e-01 0.000000e+00 9.927709e-01
    outer loop
      vertex   1.155449e+02 1.345000e+02 4.483759e+01
      vertex   1.143512e+02 1.345000e+02 4.498191e+01
      vertex   1.143512e+02 1.115000e+02 4.498191e+01
    endloop
  endfacet
  facet normal 1.200251e-01 0.000000e+00 9.927709e-01
    outer loop
      vertex   1.155449e+02 1.345000e+02 4.483759e+01
      vertex   1.143512e+02 1.115000e+02 4.498191e+01
      vertex   1.155449e+02 1.115000e+02 4.483759e+01
    endloop
  endfacet
  facet normal 2.383149e-01 0.000000e+00 9.711879e-01
    outer loop
      vertex   1.167127e+02 1.345000e+02 4.455103e+01
      vertex   1.155449e+02 1.345000e+02 4.483759e+01
      vertex   1.155449e+02 1.115000e+02 4.483759e+01
    endloop
  endfacet
  facet normal 2.383149e-01 0.000000e+00 9.711879e-01
    outer loop
      vertex   1.167127e+02 1.345000e+02 4.455103e+01
      vertex   1.155449e+02 1.115000e+02 4.483759e+01
      vertex   1.167127e+02 1.115000e+02 4.455103e+01
    endloop
  endfacet
  facet normal 3.531590e-01 0.000000e+00 9.355633e-01
    outer loop
      vertex   1.178377e+02 1.345000e+02 4.412639e+01
      vertex   1.167127e+02 1.345000e+02 4.455103e+01
      vertex   1.167127e+02 1.115000e+02 4.455103e+01
    endloop
  endfacet
  facet normal 3.531590e-01 0.000000e+00 9.355633e-01
    outer loop
      vertex   1.178377e+02 1.345000e+02 4.412639e+01
      vertex   1.167127e+02 1.115000e+02 4.455103e+01
      vertex   1.178377e+02 1.115000e+02 4.412639e+01
    endloop
  endfacet
  facet normal 4.628970e-01 0.000000e+00 8.864121e-01
    outer loop
      vertex   1.189035e+02 1.345000e+02 4.356979e+01
      vertex   1.178377e+02 1.345000e+02 4.412639e+01
      vertex   1.178377e+02 1.115000e+02 4.412639e+01
    endloop
  endfacet
  facet normal 4.628970e-01 0.000000e+00 8.864121e-01
    outer loop
      vertex   1.189035e+02 1.345000e+02 4.356979e+01
      vertex   1.178377e+02 1.115000e+02 4.412639e+01
      vertex   1.189035e+02 1.115000e+02 4.356979e+01
    endloop
  endfacet
  facet normal 5.659424e-01 0.000000e+00 8.244448e-01
    outer loop
      vertex   1.198949e+02 1.345000e+02 4.288928e+01
      vertex   1.189035e+02 1.345000e+02 4.356979e+01
      vertex   1.189035e+02 1.115000e+02 4.356979e+01
    endloop
  endfacet
  facet normal 5.659424e-01 0.000000e+00 8.244448e-01
    outer loop
      vertex   1.198949e+02 1.345000e+02 4.288928e+01
      vertex   1.189035e+02 1.115000e+02 4.356979e+01
      vertex   1.198949e+02 1.115000e+02 4.288928e+01
    endloop
  endfacet
  facet normal 6.608052e-01 0.000000e+00 7.505575e-01
    outer loop
      vertex   1.207973e+02 1.345000e+02 4.209471e+01
      vertex   1.198949e+02 1.345000e+02 4.288928e+01
      vertex   1.198949e+02 1.115000e+02 4.288928e+01
    endloop
  endfacet
  facet normal 6.608052e-01 0.000000e+00 7.505575e-01
    outer loop
      vertex   1.207973e+02 1.345000e+02 4.209471e+01
      vertex   1.198949e+02 1.115000e+02 4.288928e+01
      vertex   1.207973e+02 1.115000e+02 4.209471e+01
    endloop
  endfacet
  facet normal 7.461139e-01 0.000000e+00 6.658184e-01
    outer loop
      vertex   1.215979e+02 1.345000e+02 4.119757e+01
      vertex   1.207973e+02 1.345000e+02 4.209471e+01
      vertex   1.207973e+02 1.115000e+02 4.209471e+01
    endloop
  endfacet
  facet normal 7.461139e-01 0.000000e+00 6.658184e-01
    outer loop
      vertex   1.215979e+02 1.345000e+02 4.119757e+01
      vertex   1.207973e+02 1.115000e+02 4.209471e+01
      vertex   1.215979e+02 1.115000e+02 4.119757e+01
    endloop
  endfacet
  facet normal 8.206350e-01 0.000000e+00 5.714527e-01
    outer loop
      vertex   1.222851e+02 1.345000e+02 4.021081e+01
      vertex   1.215979e+02 1.345000e+02 4.119757e+01
      vertex   1.215979e+02 1.115000e+02 4.119757e+01
    endloop
  endfacet
  facet normal 8.206350e-01 0.000000e+00 5.714527e-01
    outer loop
      vertex   1.222851e+02 1.345000e+02 4.021081e+01
      vertex   1.215979e+02 1.115000e+02 4.119757e+01
      vertex   1.222851e+02 1.115000e+02 4.021081e+01
    endloop
  endfacet
  facet normal 8.832912e-01 0.000000e+00 4.688248e-01
    outer loop
      vertex   1.228488e+02 1.345000e+02 3.914872e+01
      vertex   1.222851e+02 1.345000e+02 4.021081e+01
      vertex   1.222851e+02 1.115000e+02 4.021081e+01
    endloop
  endfacet
  facet normal 8.832912e-01 0.000000e+00 4.688248e-01
    outer loop
      vertex   1.228488e+02 1.345000e+02 3.914872e+01
      vertex   1.222851e+02 1.115000e+02 4.021081e+01
      vertex   1.228488e+02 1.115000e+02 3.914872e+01
    endloop
  endfacet
  facet normal 9.331765e-01 0.000000e+00 3.594184e-01
    outer loop
      vertex   1.232810e+02 1.345000e+02 3.802664e+01
      vertex   1.228488e+02 1.345000e+02 3.914872e+01
      vertex   1.228488e+02 1.115000e+02 3.914872e+01
    endloop
  endfacet
  facet normal 9.331765e-01 0.000000e+00 3.594184e-01
    outer loop
      vertex   1.232810e+02 1.345000e+02 3.802664e+01
      vertex   1.228488e+02 1.115000e+02 3.914872e+01
      vertex   1.232810e+02 1.115000e+02 3.802664e+01
    endloop
  endfacet
  facet normal 9.695697e-01 0.000000e+00 2.448155e-01
    outer loop
      vertex   1.235753e+02 1.345000e+02 3.686081e+01
      vertex   1.232810e+02 1.345000e+02 3.802664e+01
      vertex   1.232810e+02 1.115000e+02 3.802664e+01
    endloop
  endfacet
  facet normal 9.695697e-01 0.000000e+00 2.448155e-01
    outer loop
      vertex   1.235753e+02 1.345000e+02 3.686081e+01
      vertex   1.232810e+02 1.115000e+02 3.802664e+01
      vertex   1.235753e+02 1.115000e+02 3.686081e+01
    endloop
  endfacet
  facet normal 9.919445e-01 0.000000e+00 1.266730e-01
    outer loop
      vertex   1.237277e+02 1.345000e+02 3.566807e+01
      vertex   1.235753e+02 1.345000e+02 3.686081e+01
      vertex   1.235753e+02 1.115000e+02 3.686081e+01
    endloop
  endfacet
  facet normal 9.919445e-01 0.000000e+00 1.266730e-01
    outer loop
      vertex   1.237277e+02 1.345000e+02 3.566807e+01
      vertex   1.235753e+02 1.115000e+02 3.686081e+01
      vertex   1.237277e+02 1.115000e+02 3.566807e+01
    endloop
  endfacet
  facet normal 9.999776e-01 0.000000e+00 6.699053e-03
    outer loop
      vertex   1.237357e+02 1.345000e+02 3.446567e+01
      vertex   1.237277e+02 1.345000e+02 3.566807e+01
      vertex   1.237277e+02 1.115000e+02 3.566807e+01
    endloop
  endfacet
  facet normal 9.999776e-01 0.000000e+00 6.699053e-03
    outer loop
      vertex   1.237357e+02 1.345000e+02 3.446567e+01
      vertex   1.237277e+02 1.115000e+02 3.566807e+01
      vertex   1.237357e+02 1.115000e+02 3.446567e+01
    endloop
  endfacet
  facet normal 9.935526e-01 0.000000e+00 -1.133718e-01
    outer loop
      vertex   1.235994e+02 1.345000e+02 3.327100e+01
      vertex   1.237357e+02 1.345000e+02 3.446567e+01
      vertex   1.237357e+02 1.115000e+02 3.446567e+01
    endloop
  endfacet
  facet normal 9.935526e-01 0.000000e+00 -1.133718e-01
    outer loop
      vertex   1.235994e+02 1.345000e+02 3.327100e+01
      vertex   1.237357e+02 1.115000e+02 3.446567e+01
      vertex   1.235994e+02 1.115000e+02 3.327100e+01
    endloop
  endfacet
  facet normal 9.727626e-01 0.000000e+00 -2.318035e-01
    outer loop
      vertex   1.233207e+02 1.345000e+02 3.210132e+01
      vertex   1.235994e+02 1.345000e+02 3.327100e+01
      vertex   1.235994e+02 1.115000e+02 3.327100e+01
    endloop
  endfacet
  facet normal 9.727626e-01 0.000000e+00 -2.318035e-01
    outer loop
      vertex   1.233207e+02 1.345000e+02 3.210132e+01
      vertex   1.235994e+02 1.115000e+02 3.327100e+01
      vertex   1.233207e+02 1.115000e+02 3.210132e+01
    endloop
  endfacet
  facet normal 9.379082e-01 0.000000e+00 -3.468837e-01
    outer loop
      vertex   1.229036e+02 1.345000e+02 3.097356e+01
      vertex   1.233207e+02 1.345000e+02 3.210132e+01
      vertex   1.233207e+02 1.115000e+02 3.210132e+01
    endloop
  endfacet
  facet normal 9.379082e-01 0.000000e+00 -3.468837e-01
    outer loop
      vertex   1.229036e+02 1.345000e+02 3.097356e+01
      vertex   1.233207e+02 1.115000e+02 3.210132e+01
      vertex   1.229036e+02 1.115000e+02 3.097356e+01
    endloop
  endfacet
  facet normal 8.894931e-01 0.000000e+00 -4.569485e-01
    outer loop
      vertex   1.223541e+02 1.345000e+02 2.990401e+01
      vertex   1.229036e+02 1.345000e+02 3.097356e+01
      vertex   1.229036e+02 1.115000e+02 3.097356e+01
    endloop
  endfacet
  facet normal 8.894931e-01 0.000000e+00 -4.569485e-01
    outer loop
      vertex   1.223541e+02 1.345000e+02 2.990401e+01
      vertex   1.229036e+02 1.115000e+02 3.097356e+01
      vertex   1.223541e+02 1.115000e+02 2.990401e+01
    endloop
  endfacet
  facet normal 8.282176e-01 0.000000e+00 -5.604067e-01
    outer loop
      vertex   1.216803e+02 1.345000e+02 2.890814e+01
      vertex   1.223541e+02 1.345000e+02 2.990401e+01
      vertex   1.223541e+02 1.115000e+02 2.990401e+01
    endloop
  endfacet
  facet normal 8.282176e-01 0.000000e+00 -5.604067e-01
    outer loop
      vertex   1.216803e+02 1.345000e+02 2.890814e+01
      vertex   1.223541e+02 1.115000e+02 2.990401e+01
      vertex   1.216803e+02 1.115000e+02 2.890814e+01
    endloop
  endfacet
  facet normal 7.549674e-01 0.000000e+00 -6.557623e-01
    outer loop
      vertex   1.208918e+02 1.345000e+02 2.800034e+01
      vertex   1.216803e+02 1.345000e+02 2.890814e+01
      vertex   1.216803e+02 1.115000e+02 2.890814e+01
    endloop
  endfacet
  facet normal 7.549674e-01 0.000000e+00 -6.557623e-01
    outer loop
      vertex   1.208918e+02 1.345000e+02 2.800034e+01
      vertex   1.216803e+02 1.115000e+02 2.890814e+01
      vertex   1.208918e+02 1.115000e+02 2.800034e+01
    endloop
  endfacet
  facet normal 9.914449e-01 0.000000e+00 -1.305262e-01
    outer loop
      vertex   1.118181e+02 1.575000e+02 3.801764e+01
      vertex   1.118181e+02 1.470455e+02 3.801764e+01
      vertex   1.117500e+02 1.575000e+02 3.750000e+01
    endloop
  endfacet
  facet normal 9.914449e-01 0.000000e+00 -1.305262e-01
    outer loop
      vertex   1.117500e+02 1.575000e+02 3.750000e+01
      vertex   1.118181e+02 1.470455e+02 3.801764e+01
      vertex   1.117500e+02 1.470455e+02 3.750000e+01
    endloop
  endfacet
  facet normal 9.914449e-01 0.000000e+00 1.305262e-01
    outer loop
      vertex   1.117500e+02 1.575000e+02 3.750000e+01
      vertex   1.117500e+02 1.470455e+02 3.750000e+01
      vertex   1.118181e+02 1.470455e+02 3.698236e+01
    endloop
  endfacet
  facet normal 9.914449e-01 0.000000e+00 1.305262e-01
    outer loop
      vertex   1.118181e+02 1.470455e+02 3.698236e+01
      vertex   1.117500e+02 1.470455e+02 3.750000e+01
      vertex   1.117500e+02 1.365909e+02 3.750000e+01
    endloop
  endfacet
  facet normal 9.914449e-01 0.000000e+00 1.305262e-01
    outer loop
      vertex   1.118181e+02 1.470455e+02 3.698236e+01
      vertex   1.117500e+02 1.365909e+02 3.750000e+01
      vertex   1.118181e+02 1.365909e+02 3.698236e+01
    endloop
  endfacet
  facet normal 9.914449e-01 0.000000e+00 1.305262e-01
    outer loop
      vertex   1.118181e+02 1.365909e+02 3.698236e+01
      vertex   1.117500e+02 1.365909e+02 3.750000e+01
      vertex   1.117500e+02 1.261364e+02 3.750000e+01
    endloop
  endfacet
  facet normal 9.914449e-01 0.000000e+00 1.305262e-01
    outer loop
      vertex   1.118181e+02 1.365909e+02 3.698236e+01
      vertex   1.117500e+02 1.261364e+02 3.750000e+01
      vertex   1.118181e+02 1.261364e+02 3.698236e+01
    endloop
  endfacet
  facet normal 9.914449e-01 0.000000e+00 1.305262e-01
    outer loop
      vertex   1.118181e+02 1.261364e+02 3.698236e+01
      vertex   1.117500e+02 1.261364e+02 3.750000e+01
      vertex   1.117500e+02 1.156818e+02 3.750000e+01
    endloop
  endfacet
  facet normal 9.914449e-01 0.000000e+00 1.305262e-01
    outer loop
      vertex   1.118181e+02 1.261364e+02 3.698236e+01
      vertex   1.117500e+02 1.156818e+02 3.750000e+01
      vertex   1.118181e+02 1.156818e+02 3.698236e+01
    endloop
  endfacet
  facet normal 9.914449e-01 0.000000e+00 1.305262e-01
    outer loop
      vertex   1.118181e+02 1.156818e+02 3.698236e+01
      vertex   1.117500e+02 1.156818e+02 3.750000e+01
      vertex   1.117500e+02 1.052273e+02 3.750000e+01
    endloop
  endfacet
  facet normal 9.914449e-01 0.000000e+00 1.305262e-01
    outer loop
      vertex   1.118181e+02 1.156818e+02 3.698236e+01
      vertex   1.117500e+02 1.052273e+02 3.750000e+01
      vertex   1.118181e+02 1.052273e+02 3.698236e+01
    endloop
  endfacet
  facet normal 9.914449e-01 0.000000e+00 1.305262e-01
    outer loop
      vertex   1.118181e+02 1.052273e+02 3.698236e+01
      vertex   1.117500e+02 1.052273e+02 3.750000e+01
      vertex   1.117500e+02 9.477273e+01 3.750000e+01
    endloop
  endfacet
  facet normal 9.914449e-01 0.000000e+00 1.305262e-01
    outer loop
      vertex   1.118181e+02 1.052273e+02 3.698236e+01
      vertex   1.117500e+02 9.477273e+01 3.750000e+01
      vertex   1.118181e+02 9.477273e+01 3.698236e+01
    endloop
  endfacet
  facet normal 9.914449e-01 0.000000e+00 1.305262e-01
    outer loop
      vertex   1.118181e+02 9.477273e+01 3.698236e+01
      vertex   1.117500e+02 9.477273e+01 3.750000e+01
      vertex   1.117500e+02 8.431818e+01 3.750000e+01
    endloop
  endfacet
  facet normal 9.914449e-01 0.000000e+00 1.305262e-01
    outer loop
      vertex   1.118181e+02 9.477273e+01 3.698236e+01
      vertex   1.117500e+02 8.431818e+01 3.750000e+01
      vertex   1.118181e+02 8.431818e+01 3.698236e+01
    endloop
  endfacet
  facet normal 9.914449e-01 0.000000e+00 1.305262e-01
    outer loop
      vertex   1.118181e+02 8.431818e+01 3.698236e+01
      vertex   1.117500e+02 8.431818e+01 3.750000e+01
      vertex   1.117500e+02 7.386364e+01 3.750000e+01
    endloop
  endfacet
  facet normal 9.914449e-01 0.000000e+00 1.305262e-01
    outer loop
      vertex   1.118181e+02 8.431818e+01 3.698236e+01
      vertex   1.117500e+02 7.386364e+01 3.750000e+01
      vertex   1.118181e+02 7.386364e+01 3.698236e+01
    endloop
  endfacet
  facet normal 9.914449e-01 0.000000e+00 1.305262e-01
    outer loop
      vertex   1.118181e+02 7.386364e+01 3.698236e+01
      vertex   1.117500e+02 7.386364e+01 3.750000e+01
      vertex   1.117500e+02 6.340909e+01 3.750000e+01
    endloop
  endfacet
  facet normal 9.914449e-01 0.000000e+00 1.305262e-01
    outer loop
      vertex   1.118181e+02 7.386364e+01 3.698236e+01
      vertex   1.117500e+02 6.340909e+01 3.750000e+01
      vertex   1.118181e+02 6.340909e+01 3.698236e+01
    endloop
  endfacet
  facet normal 9.914449e-01 0.000000e+00 1.305262e-01
    outer loop
      vertex   1.118181e+02 6.340909e+01 3.698236e+01
      vertex   1.117500e+02 6.340909e+01 3.750000e+01
      vertex   1.117500e+02 5.295455e+01 3.750000e+01
    endloop
  endfacet
  facet normal 9.914449e-01 0.000000e+00 1.305262e-01
    outer loop
      vertex   1.118181e+02 6.340909e+01 3.698236e+01
      vertex   1.117500e+02 5.295455e+01 3.750000e+01
      vertex   1.118181e+02 5.295455e+01 3.698236e+01
    endloop
  endfacet
  facet normal 9.914449e-01 0.000000e+00 1.305262e-01
    outer loop
      vertex   1.118181e+02 5.295455e+01 3.698236e+01
      vertex   1.117500e+02 5.295455e+01 3.750000e+01
      vertex   1.117500e+02 4.250000e+01 3.750000e+01
    endloop
  endfacet
  facet normal 9.914449e-01 0.000000e+00 1.305262e-01
    outer loop
      vertex   1.118181e+02 5.295455e+01 3.698236e+01
      vertex   1.117500e+02 4.250000e+01 3.750000e+01
      vertex   1.118181e+02 4.250000e+01 3.698236e+01
    endloop
  endfacet
  facet normal 9.238795e-01 0.000000e+00 -3.826834e-01
    outer loop
      vertex   1.118181e+02 1.470455e+02 3.801764e+01
      vertex   1.118181e+02 1.575000e+02 3.801764e+01
      vertex   1.120180e+02 1.470455e+02 3.850000e+01
    endloop
  endfacet
  facet normal 9.238795e-01 0.000000e+00 -3.826834e-01
    outer loop
      vertex   1.120180e+02 1.470455e+02 3.850000e+01
      vertex   1.118181e+02 1.575000e+02 3.801764e+01
      vertex   1.120180e+02 1.575000e+02 3.850000e+01
    endloop
  endfacet
  facet normal 7.933533e-01 0.000000e+00 -6.087614e-01
    outer loop
      vertex   1.120180e+02 1.470455e+02 3.850000e+01
      vertex   1.120180e+02 1.575000e+02 3.850000e+01
      vertex   1.123358e+02 1.470455e+02 3.891421e+01
    endloop
  endfacet
  facet normal 7.933533e-01 0.000000e+00 -6.087614e-01
    outer loop
      vertex   1.123358e+02 1.470455e+02 3.891421e+01
      vertex   1.120180e+02 1.575000e+02 3.850000e+01
      vertex   1.123358e+02 1.575000e+02 3.891421e+01
    endloop
  endfacet
  facet normal 6.087614e-01 0.000000e+00 -7.933533e-01
    outer loop
      vertex   1.123358e+02 1.470455e+02 3.891421e+01
      vertex   1.123358e+02 1.575000e+02 3.891421e+01
      vertex   1.127500e+02 1.470455e+02 3.923205e+01
    endloop
  endfacet
  facet normal 6.087614e-01 -5.392022e-16 -7.933533e-01
    outer loop
      vertex   1.127500e+02 1.470455e+02 3.923205e+01
      vertex   1.123358e+02 1.575000e+02 3.891421e+01
      vertex   1.127500e+02 1.575000e+02 3.923205e+01
    endloop
  endfacet
  facet normal 3.826834e-01 -6.279143e-16 -9.238795e-01
    outer loop
      vertex   1.127500e+02 1.470455e+02 3.923205e+01
      vertex   1.127500e+02 1.575000e+02 3.923205e+01
      vertex   1.132324e+02 1.470455e+02 3.943185e+01
    endloop
  endfacet
  facet normal 3.826834e-01 0.000000e+00 -9.238795e-01
    outer loop
      vertex   1.132324e+02 1.470455e+02 3.943185e+01
      vertex   1.127500e+02 1.575000e+02 3.923205e+01
      vertex   1.132324e+02 1.575000e+02 3.943185e+01
    endloop
  endfacet
  facet normal 1.305262e-01 0.000000e+00 -9.914449e-01
    outer loop
      vertex   1.132324e+02 1.470455e+02 3.943185e+01
      vertex   1.132324e+02 1.575000e+02 3.943185e+01
      vertex   1.137500e+02 1.470455e+02 3.950000e+01
    endloop
  endfacet
  facet normal 1.305262e-01 0.000000e+00 -9.914449e-01
    outer loop
      vertex   1.137500e+02 1.470455e+02 3.950000e+01
      vertex   1.132324e+02 1.575000e+02 3.943185e+01
      vertex   1.137500e+02 1.575000e+02 3.950000e+01
    endloop
  endfacet
  facet normal -1.305262e-01 0.000000e+00 -9.914449e-01
    outer loop
      vertex   1.137500e+02 1.470455e+02 3.950000e+01
      vertex   1.137500e+02 1.575000e+02 3.950000e+01
      vertex   1.142676e+02 1.470455e+02 3.943185e+01
    endloop
  endfacet
  facet normal -1.305262e-01 0.000000e+00 -9.914449e-01
    outer loop
      vertex   1.142676e+02 1.470455e+02 3.943185e+01
      vertex   1.137500e+02 1.575000e+02 3.950000e+01
      vertex   1.142676e+02 1.575000e+02 3.943185e+01
    endloop
  endfacet
  facet normal -3.826834e-01 0.000000e+00 -9.238795e-01
    outer loop
      vertex   1.142676e+02 1.470455e+02 3.943185e+01
      vertex   1.142676e+02 1.575000e+02 3.943185e+01
      vertex   1.147500e+02 1.470455e+02 3.923205e+01
    endloop
  endfacet
  facet normal -3.826834e-01 0.000000e+00 -9.238795e-01
    outer loop
      vertex   1.147500e+02 1.470455e+02 3.923205e+01
      vertex   1.142676e+02 1.575000e+02 3.943185e+01
      vertex   1.147500e+02 1.575000e+02 3.923205e+01
    endloop
  endfacet
  facet normal -6.087614e-01 0.000000e+00 -7.933533e-01
    outer loop
      vertex   1.147500e+02 1.470455e+02 3.923205e+01
      vertex   1.147500e+02 1.575000e+02 3.923205e+01
      vertex   1.151642e+02 1.470455e+02 3.891421e+01
    endloop
  endfacet
  facet normal -6.087614e-01 0.000000e+00 -7.933533e-01
    outer loop
      vertex   1.151642e+02 1.470455e+02 3.891421e+01
      vertex   1.147500e+02 1.575000e+02 3.923205e+01
      vertex   1.151642e+02 1.575000e+02 3.891421e+01
    endloop
  endfacet
  facet normal -7.933533e-01 0.000000e+00 -6.087614e-01
    outer loop
      vertex   1.151642e+02 1.470455e+02 3.891421e+01
      vertex   1.151642e+02 1.575000e+02 3.891421e+01
      vertex   1.154821e+02 1.470455e+02 3.850000e+01
    endloop
  endfacet
  facet normal -7.933533e-01 0.000000e+00 -6.087614e-01
    outer loop
      vertex   1.154821e+02 1.470455e+02 3.850000e+01
      vertex   1.151642e+02 1.575000e+02 3.891421e+01
      vertex   1.154821e+02 1.575000e+02 3.850000e+01
    endloop
  endfacet
  facet normal -9.238795e-01 0.000000e+00 -3.826834e-01
    outer loop
      vertex   1.154821e+02 1.470455e+02 3.850000e+01
      vertex   1.154821e+02 1.575000e+02 3.850000e+01
      vertex   1.156819e+02 1.470455e+02 3.801764e+01
    endloop
  endfacet
  facet normal -9.238795e-01 0.000000e+00 -3.826834e-01
    outer loop
      vertex   1.156819e+02 1.470455e+02 3.801764e+01
      vertex   1.154821e+02 1.575000e+02 3.850000e+01
      vertex   1.156819e+02 1.575000e+02 3.801764e+01
    endloop
  endfacet
  facet normal -9.914449e-01 0.000000e+00 -1.305262e-01
    outer loop
      vertex   1.156819e+02 1.470455e+02 3.801764e+01
      vertex   1.156819e+02 1.575000e+02 3.801764e+01
      vertex   1.157500e+02 1.470455e+02 3.750000e+01
    endloop
  endfacet
  facet normal -9.914449e-01 0.000000e+00 -1.305262e-01
    outer loop
      vertex   1.157500e+02 1.470455e+02 3.750000e+01
      vertex   1.156819e+02 1.575000e+02 3.801764e+01
      vertex   1.157500e+02 1.575000e+02 3.750000e+01
    endloop
  endfacet
  facet normal -9.914449e-01 0.000000e+00 1.305262e-01
    outer loop
      vertex   1.157500e+02 1.470455e+02 3.750000e+01
      vertex   1.157500e+02 1.575000e+02 3.750000e+01
      vertex   1.156819e+02 1.470455e+02 3.698236e+01
    endloop
  endfacet
  facet normal -9.914449e-01 0.000000e+00 1.305262e-01
    outer loop
      vertex   1.156819e+02 1.470455e+02 3.698236e+01
      vertex   1.157500e+02 1.575000e+02 3.750000e+01
      vertex   1.156819e+02 1.575000e+02 3.698236e+01
    endloop
  endfacet
  facet normal -9.238795e-01 0.000000e+00 3.826834e-01
    outer loop
      vertex   1.156819e+02 1.470455e+02 3.698236e+01
      vertex   1.156819e+02 1.575000e+02 3.698236e+01
      vertex   1.154821e+02 1.470455e+02 3.650000e+01
    endloop
  endfacet
  facet normal -9.238795e-01 0.000000e+00 3.826834e-01
    outer loop
      vertex   1.154821e+02 1.470455e+02 3.650000e+01
      vertex   1.156819e+02 1.575000e+02 3.698236e+01
      vertex   1.154821e+02 1.575000e+02 3.650000e+01
    endloop
  endfacet
  facet normal -7.933533e-01 0.000000e+00 6.087614e-01
    outer loop
      vertex   1.154821e+02 1.470455e+02 3.650000e+01
      vertex   1.154821e+02 1.575000e+02 3.650000e+01
      vertex   1.151642e+02 1.470455e+02 3.608579e+01
    endloop
  endfacet
  facet normal -7.933533e-01 0.000000e+00 6.087614e-01
    outer loop
      vertex   1.151642e+02 1.470455e+02 3.608579e+01
      vertex   1.154821e+02 1.575000e+02 3.650000e+01
      vertex   1.151642e+02 1.575000e+02 3.608579e+01
    endloop
  endfacet
  facet normal -6.087614e-01 0.000000e+00 7.933533e-01
    outer loop
      vertex   1.151642e+02 1.470455e+02 3.608579e+01
      vertex   1.151642e+02 1.575000e+02 3.608579e+01
      vertex   1.147500e+02 1.470455e+02 3.576795e+01
    endloop
  endfacet
  facet normal -6.087614e-01 -5.392022e-16 7.933533e-01
    outer loop
      vertex   1.147500e+02 1.470455e+02 3.576795e+01
      vertex   1.151642e+02 1.575000e+02 3.608579e+01
      vertex   1.147500e+02 1.575000e+02 3.576795e+01
    endloop
  endfacet
  facet normal -3.826834e-01 -6.279143e-16 9.238795e-01
    outer loop
      vertex   1.147500e+02 1.470455e+02 3.576795e+01
      vertex   1.147500e+02 1.575000e+02 3.576795e+01
      vertex   1.142676e+02 1.470455e+02 3.556815e+01
    endloop
  endfacet
  facet normal -3.826834e-01 0.000000e+00 9.238795e-01
    outer loop
      vertex   1.142676e+02 1.470455e+02 3.556815e+01
      vertex   1.147500e+02 1.575000e+02 3.576795e+01
      vertex   1.142676e+02 1.575000e+02 3.556815e+01
    endloop
  endfacet
  facet normal -1.305262e-01 0.000000e+00 9.914449e-01
    outer loop
      vertex   1.142676e+02 1.470455e+02 3.556815e+01
      vertex   1.142676e+02 1.575000e+02 3.556815e+01
      vertex   1.137500e+02 1.470455e+02 3.550000e+01
    endloop
  endfacet
  facet normal -1.305262e-01 0.000000e+00 9.914449e-01
    outer loop
      vertex   1.137500e+02 1.470455e+02 3.550000e+01
      vertex   1.142676e+02 1.575000e+02 3.556815e+01
      vertex   1.137500e+02 1.575000e+02 3.550000e+01
    endloop
  endfacet
  facet normal 1.305262e-01 -0.000000e+00 9.914449e-01
    outer loop
      vertex   1.137500e+02 1.470455e+02 3.550000e+01
      vertex   1.137500e+02 1.575000e+02 3.550000e+01
      vertex   1.132324e+02 1.470455e+02 3.556815e+01
    endloop
  endfacet
  facet normal 1.305262e-01 -0.000000e+00 9.914449e-01
    outer loop
      vertex   1.132324e+02 1.470455e+02 3.556815e+01
      vertex   1.137500e+02 1.575000e+02 3.550000e+01
      vertex   1.132324e+02 1.575000e+02 3.556815e+01
    endloop
  endfacet
  facet normal 3.826834e-01 -0.000000e+00 9.238795e-01
    outer loop
      vertex   1.132324e+02 1.470455e+02 3.556815e+01
      vertex   1.132324e+02 1.575000e+02 3.556815e+01
      vertex   1.127500e+02 1.470455e+02 3.576795e+01
    endloop
  endfacet
  facet normal 3.826834e-01 -0.000000e+00 9.238795e-01
    outer loop
      vertex   1.127500e+02 1.470455e+02 3.576795e+01
      vertex   1.132324e+02 1.575000e+02 3.556815e+01
      vertex   1.127500e+02 1.575000e+02 3.576795e+01
    endloop
  endfacet
  facet normal 6.087614e-01 -0.000000e+00 7.933533e-01
    outer loop
      vertex   1.127500e+02 1.470455e+02 3.576795e+01
      vertex   1.127500e+02 1.575000e+02 3.576795e+01
      vertex   1.123358e+02 1.470455e+02 3.608579e+01
    endloop
  endfacet
  facet normal 6.087614e-01 -0.000000e+00 7.933533e-01
    outer loop
      vertex   1.123358e+02 1.470455e+02 3.608579e+01
      vertex   1.127500e+02 1.575000e+02 3.576795e+01
      vertex   1.123358e+02 1.575000e+02 3.608579e+01
    endloop
  endfacet
  facet normal 7.933533e-01 -0.000000e+00 6.087614e-01
    outer loop
      vertex   1.123358e+02 1.470455e+02 3.608579e+01
      vertex   1.123358e+02 1.575000e+02 3.608579e+01
      vertex   1.120180e+02 1.470455e+02 3.650000e+01
    endloop
  endfacet
  facet normal 7.933533e-01 -0.000000e+00 6.087614e-01
    outer loop
      vertex   1.120180e+02 1.470455e+02 3.650000e+01
      vertex   1.123358e+02 1.575000e+02 3.608579e+01
      vertex   1.120180e+02 1.575000e+02 3.650000e+01
    endloop
  endfacet
  facet normal 9.238795e-01 -0.000000e+00 3.826834e-01
    outer loop
      vertex   1.120180e+02 1.470455e+02 3.650000e+01
      vertex   1.120180e+02 1.575000e+02 3.650000e+01
      vertex   1.118181e+02 1.470455e+02 3.698236e+01
    endloop
  endfacet
  facet normal 9.238795e-01 -0.000000e+00 3.826834e-01
    outer loop
      vertex   1.118181e+02 1.470455e+02 3.698236e+01
      vertex   1.120180e+02 1.575000e+02 3.650000e+01
      vertex   1.118181e+02 1.575000e+02 3.698236e+01
    endloop
  endfacet
  facet normal 9.914449e-01 -0.000000e+00 1.305262e-01
    outer loop
      vertex   1.118181e+02 1.470455e+02 3.698236e+01
      vertex   1.118181e+02 1.575000e+02 3.698236e+01
      vertex   1.117500e+02 1.575000e+02 3.750000e+01
    endloop
  endfacet
  facet normal 9.238795e-01 0.000000e+00 3.826834e-01
    outer loop
      vertex   1.118181e+02 5.295455e+01 3.698236e+01
      vertex   1.118181e+02 4.250000e+01 3.698236e+01
      vertex   1.120180e+02 5.295455e+01 3.650000e+01
    endloop
  endfacet
  facet normal 9.238795e-01 0.000000e+00 3.826834e-01
    outer loop
      vertex   1.120180e+02 5.295455e+01 3.650000e+01
      vertex   1.118181e+02 4.250000e+01 3.698236e+01
      vertex   1.120180e+02 4.250000e+01 3.650000e+01
    endloop
  endfacet
  facet normal 7.933533e-01 0.000000e+00 6.087614e-01
    outer loop
      vertex   1.120180e+02 5.295455e+01 3.650000e+01
      vertex   1.120180e+02 4.250000e+01 3.650000e+01
      vertex   1.123358e+02 5.295455e+01 3.608579e+01
    endloop
  endfacet
  facet normal 7.933533e-01 0.000000e+00 6.087614e-01
    outer loop
      vertex   1.123358e+02 5.295455e+01 3.608579e+01
      vertex   1.120180e+02 4.250000e+01 3.650000e+01
      vertex   1.123358e+02 4.250000e+01 3.608579e+01
    endloop
  endfacet
  facet normal 6.087614e-01 0.000000e+00 7.933533e-01
    outer loop
      vertex   1.123358e+02 5.295455e+01 3.608579e+01
      vertex   1.123358e+02 4.250000e+01 3.608579e+01
      vertex   1.127500e+02 5.295455e+01 3.576795e+01
    endloop
  endfacet
  facet normal 6.087614e-01 0.000000e+00 7.933533e-01
    outer loop
      vertex   1.127500e+02 5.295455e+01 3.576795e+01
      vertex   1.123358e+02 4.250000e+01 3.608579e+01
      vertex   1.127500e+02 4.250000e+01 3.576795e+01
    endloop
  endfacet
  facet normal 3.826834e-01 0.000000e+00 9.238795e-01
    outer loop
      vertex   1.127500e+02 5.295455e+01 3.576795e+01
      vertex   1.127500e+02 4.250000e+01 3.576795e+01
      vertex   1.132324e+02 5.295455e+01 3.556815e+01
    endloop
  endfacet
  facet normal 3.826834e-01 0.000000e+00 9.238795e-01
    outer loop
      vertex   1.132324e+02 5.295455e+01 3.556815e+01
      vertex   1.127500e+02 4.250000e+01 3.576795e+01
      vertex   1.132324e+02 4.250000e+01 3.556815e+01
    endloop
  endfacet
  facet normal 1.305262e-01 0.000000e+00 9.914449e-01
    outer loop
      vertex   1.132324e+02 5.295455e+01 3.556815e+01
      vertex   1.132324e+02 4.250000e+01 3.556815e+01
      vertex   1.137500e+02 5.295455e+01 3.550000e+01
    endloop
  endfacet
  facet normal 1.305262e-01 0.000000e+00 9.914449e-01
    outer loop
      vertex   1.137500e+02 5.295455e+01 3.550000e+01
      vertex   1.132324e+02 4.250000e+01 3.556815e+01
      vertex   1.137500e+02 4.250000e+01 3.550000e+01
    endloop
  endfacet
  facet normal -1.305262e-01 0.000000e+00 9.914449e-01
    outer loop
      vertex   1.137500e+02 5.295455e+01 3.550000e+01
      vertex   1.137500e+02 4.250000e+01 3.550000e+01
      vertex   1.142676e+02 5.295455e+01 3.556815e+01
    endloop
  endfacet
  facet normal -1.305262e-01 0.000000e+00 9.914449e-01
    outer loop
      vertex   1.142676e+02 5.295455e+01 3.556815e+01
      vertex   1.137500e+02 4.250000e+01 3.550000e+01
      vertex   1.142676e+02 4.250000e+01 3.556815e+01
    endloop
  endfacet
  facet normal -3.826834e-01 0.000000e+00 9.238795e-01
    outer loop
      vertex   1.142676e+02 5.295455e+01 3.556815e+01
      vertex   1.142676e+02 4.250000e+01 3.556815e+01
      vertex   1.147500e+02 5.295455e+01 3.576795e+01
    endloop
  endfacet
  facet normal -3.826834e-01 6.279143e-16 9.238795e-01
    outer loop
      vertex   1.147500e+02 5.295455e+01 3.576795e+01
      vertex   1.142676e+02 4.250000e+01 3.556815e+01
      vertex   1.147500e+02 4.250000e+01 3.576795e+01
    endloop
  endfacet
  facet normal -6.087614e-01 5.392022e-16 7.933533e-01
    outer loop
      vertex   1.147500e+02 5.295455e+01 3.576795e+01
      vertex   1.147500e+02 4.250000e+01 3.576795e+01
      vertex   1.151642e+02 5.295455e+01 3.608579e+01
    endloop
  endfacet
  facet normal -6.087614e-01 0.000000e+00 7.933533e-01
    outer loop
      vertex   1.151642e+02 5.295455e+01 3.608579e+01
      vertex   1.147500e+02 4.250000e+01 3.576795e+01
      vertex   1.151642e+02 4.250000e+01 3.608579e+01
    endloop
  endfacet
  facet normal -7.933533e-01 0.000000e+00 6.087614e-01
    outer loop
      vertex   1.151642e+02 5.295455e+01 3.608579e+01
      vertex   1.151642e+02 4.250000e+01 3.608579e+01
      vertex   1.154821e+02 5.295455e+01 3.650000e+01
    endloop
  endfacet
  facet normal -7.933533e-01 0.000000e+00 6.087614e-01
    outer loop
      vertex   1.154821e+02 5.295455e+01 3.650000e+01
      vertex   1.151642e+02 4.250000e+01 3.608579e+01
      vertex   1.154821e+02 4.250000e+01 3.650000e+01
    endloop
  endfacet
  facet normal -9.238795e-01 0.000000e+00 3.826834e-01
    outer loop
      vertex   1.154821e+02 5.295455e+01 3.650000e+01
      vertex   1.154821e+02 4.250000e+01 3.650000e+01
      vertex   1.156819e+02 5.295455e+01 3.698236e+01
    endloop
  endfacet
  facet normal -9.238795e-01 0.000000e+00 3.826834e-01
    outer loop
      vertex   1.156819e+02 5.295455e+01 3.698236e+01
      vertex   1.154821e+02 4.250000e+01 3.650000e+01
      vertex   1.156819e+02 4.250000e+01 3.698236e+01
    endloop
  endfacet
  facet normal -9.914449e-01 0.000000e+00 1.305262e-01
    outer loop
      vertex   1.156819e+02 5.295455e+01 3.698236e+01
      vertex   1.156819e+02 4.250000e+01 3.698236e+01
      vertex   1.157500e+02 5.295455e+01 3.750000e+01
    endloop
  endfacet
  facet normal -9.914449e-01 0.000000e+00 1.305262e-01
    outer loop
      vertex   1.157500e+02 5.295455e+01 3.750000e+01
      vertex   1.156819e+02 4.250000e+01 3.698236e+01
      vertex   1.157500e+02 4.250000e+01 3.750000e+01
    endloop
  endfacet
  facet normal -9.914449e-01 -0.000000e+00 -1.305262e-01
    outer loop
      vertex   1.157500e+02 5.295455e+01 3.750000e+01
      vertex   1.157500e+02 4.250000e+01 3.750000e+01
      vertex   1.156819e+02 5.295455e+01 3.801764e+01
    endloop
  endfacet
  facet normal -9.914449e-01 -0.000000e+00 -1.305262e-01
    outer loop
      vertex   1.156819e+02 5.295455e+01 3.801764e+01
      vertex   1.157500e+02 4.250000e+01 3.750000e+01
      vertex   1.156819e+02 4.250000e+01 3.801764e+01
    endloop
  endfacet
  facet normal -9.238795e-01 -0.000000e+00 -3.826834e-01
    outer loop
      vertex   1.156819e+02 5.295455e+01 3.801764e+01
      vertex   1.156819e+02 4.250000e+01 3.801764e+01
      vertex   1.154821e+02 5.295455e+01 3.850000e+01
    endloop
  endfacet
  facet normal -9.238795e-01 -0.000000e+00 -3.826834e-01
    outer loop
      vertex   1.154821e+02 5.295455e+01 3.850000e+01
      vertex   1.156819e+02 4.250000e+01 3.801764e+01
      vertex   1.154821e+02 4.250000e+01 3.850000e+01
    endloop
  endfacet
  facet normal -7.933533e-01 -0.000000e+00 -6.087614e-01
    outer loop
      vertex   1.154821e+02 5.295455e+01 3.850000e+01
      vertex   1.154821e+02 4.250000e+01 3.850000e+01
      vertex   1.151642e+02 5.295455e+01 3.891421e+01
    endloop
  endfacet
  facet normal -7.933533e-01 -0.000000e+00 -6.087614e-01
    outer loop
      vertex   1.151642e+02 5.295455e+01 3.891421e+01
      vertex   1.154821e+02 4.250000e+01 3.850000e+01
      vertex   1.151642e+02 4.250000e+01 3.891421e+01
    endloop
  endfacet
  facet normal -6.087614e-01 -0.000000e+00 -7.933533e-01
    outer loop
      vertex   1.151642e+02 5.295455e+01 3.891421e+01
      vertex   1.151642e+02 4.250000e+01 3.891421e+01
      vertex   1.147500e+02 5.295455e+01 3.923205e+01
    endloop
  endfacet
  facet normal -6.087614e-01 -0.000000e+00 -7.933533e-01
    outer loop
      vertex   1.147500e+02 5.295455e+01 3.923205e+01
      vertex   1.151642e+02 4.250000e+01 3.891421e+01
      vertex   1.147500e+02 4.250000e+01 3.923205e+01
    endloop
  endfacet
  facet normal -3.826834e-01 -0.000000e+00 -9.238795e-01
    outer loop
      vertex   1.147500e+02 5.295455e+01 3.923205e+01
      vertex   1.147500e+02 4.250000e+01 3.923205e+01
      vertex   1.142676e+02 5.295455e+01 3.943185e+01
    endloop
  endfacet
  facet normal -3.826834e-01 -0.000000e+00 -9.238795e-01
    outer loop
      vertex   1.142676e+02 5.295455e+01 3.943185e+01
      vertex   1.147500e+02 4.250000e+01 3.923205e+01
      vertex   1.142676e+02 4.250000e+01 3.943185e+01
    endloop
  endfacet
  facet normal -1.305262e-01 -0.000000e+00 -9.914449e-01
    outer loop
      vertex   1.142676e+02 5.295455e+01 3.943185e+01
      vertex   1.142676e+02 4.250000e+01 3.943185e+01
      vertex   1.137500e+02 5.295455e+01 3.950000e+01
    endloop
  endfacet
  facet normal -1.305262e-01 -0.000000e+00 -9.914449e-01
    outer loop
      vertex   1.137500e+02 5.295455e+01 3.950000e+01
      vertex   1.142676e+02 4.250000e+01 3.943185e+01
      vertex   1.137500e+02 4.250000e+01 3.950000e+01
    endloop
  endfacet
  facet normal 1.305262e-01 0.000000e+00 -9.914449e-01
    outer loop
      vertex   1.137500e+02 5.295455e+01 3.950000e+01
      vertex   1.137500e+02 4.250000e+01 3.950000e+01
      vertex   1.132324e+02 5.295455e+01 3.943185e+01
    endloop
  endfacet
  facet normal 1.305262e-01 0.000000e+00 -9.914449e-01
    outer loop
      vertex   1.132324e+02 5.295455e+01 3.943185e+01
      vertex   1.137500e+02 4.250000e+01 3.950000e+01
      vertex   1.132324e+02 4.250000e+01 3.943185e+01
    endloop
  endfacet
  facet normal 3.826834e-01 0.000000e+00 -9.238795e-01
    outer loop
      vertex   1.132324e+02 5.295455e+01 3.943185e+01
      vertex   1.132324e+02 4.250000e+01 3.943185e+01
      vertex   1.127500e+02 5.295455e+01 3.923205e+01
    endloop
  endfacet
  facet normal 3.826834e-01 6.279143e-16 -9.238795e-01
    outer loop
      vertex   1.127500e+02 5.295455e+01 3.923205e+01
      vertex   1.132324e+02 4.250000e+01 3.943185e+01
      vertex   1.127500e+02 4.250000e+01 3.923205e+01
    endloop
  endfacet
  facet normal 6.087614e-01 5.392022e-16 -7.933533e-01
    outer loop
      vertex   1.127500e+02 5.295455e+01 3.923205e+01
      vertex   1.127500e+02 4.250000e+01 3.923205e+01
      vertex   1.123358e+02 5.295455e+01 3.891421e+01
    endloop
  endfacet
  facet normal 6.087614e-01 0.000000e+00 -7.933533e-01
    outer loop
      vertex   1.123358e+02 5.295455e+01 3.891421e+01
      vertex   1.127500e+02 4.250000e+01 3.923205e+01
      vertex   1.123358e+02 4.250000e+01 3.891421e+01
    endloop
  endfacet
  facet normal 7.933533e-01 0.000000e+00 -6.087614e-01
    outer loop
      vertex   1.123358e+02 5.295455e+01 3.891421e+01
      vertex   1.123358e+02 4.250000e+01 3.891421e+01
      vertex   1.120180e+02 5.295455e+01 3.850000e+01
    endloop
  endfacet
  facet normal 7.933533e-01 0.000000e+00 -6.087614e-01
    outer loop
      vertex   1.120180e+02 5.295455e+01 3.850000e+01
      vertex   1.123358e+02 4.250000e+01 3.891421e+01
      vertex   1.120180e+02 4.250000e+01 3.850000e+01
    endloop
  endfacet
  facet normal 9.238795e-01 0.000000e+00 -3.826834e-01
    outer loop
      vertex   1.120180e+02 5.295455e+01 3.850000e+01
      vertex   1.120180e+02 4.250000e+01 3.850000e+01
      vertex   1.118181e+02 5.295455e+01 3.801764e+01
    endloop
  endfacet
  facet normal 9.238795e-01 0.000000e+00 -3.826834e-01
    outer loop
      vertex   1.118181e+02 5.295455e+01 3.801764e+01
      vertex   1.120180e+02 4.250000e+01 3.850000e+01
      vertex   1.118181e+02 4.250000e+01 3.801764e+01
    endloop
  endfacet
  facet normal 9.914449e-01 0.000000e+00 -1.305262e-01
    outer loop
      vertex   1.118181e+02 5.295455e+01 3.801764e+01
      vertex   1.118181e+02 4.250000e+01 3.801764e+01
      vertex   1.117500e+02 5.295455e+01 3.750000e+01
    endloop
  endfacet
  facet normal 9.914449e-01 0.000000e+00 -1.305262e-01
    outer loop
      vertex   1.117500e+02 5.295455e+01 3.750000e+01
      vertex   1.118181e+02 4.250000e+01 3.801764e+01
      vertex   1.117500e+02 4.250000e+01 3.750000e+01
    endloop
  endfacet
  facet normal 9.914449e-01 0.000000e+00 -1.305262e-01
    outer loop
      vertex   1.117500e+02 1.365909e+02 3.750000e+01
      vertex   1.117500e+02 1.470455e+02 3.750000e+01
      vertex   1.118181e+02 1.365909e+02 3.801764e+01
    endloop
  endfacet
  facet normal 9.914449e-01 0.000000e+00 -1.305262e-01
    outer loop
      vertex   1.118181e+02 1.365909e+02 3.801764e+01
      vertex   1.117500e+02 1.470455e+02 3.750000e+01
      vertex   1.118181e+02 1.470455e+02 3.801764e+01
    endloop
  endfacet
  facet normal 9.238795e-01 0.000000e+00 -3.826834e-01
    outer loop
      vertex   1.118181e+02 1.365909e+02 3.801764e+01
      vertex   1.118181e+02 1.470455e+02 3.801764e+01
      vertex   1.120180e+02 1.365909e+02 3.850000e+01
    endloop
  endfacet
  facet normal 9.238795e-01 0.000000e+00 -3.826834e-01
    outer loop
      vertex   1.120180e+02 1.365909e+02 3.850000e+01
      vertex   1.118181e+02 1.470455e+02 3.801764e+01
      vertex   1.120180e+02 1.470455e+02 3.850000e+01
    endloop
  endfacet
  facet normal 7.933533e-01 0.000000e+00 -6.087614e-01
    outer loop
      vertex   1.120180e+02 1.365909e+02 3.850000e+01
      vertex   1.120180e+02 1.470455e+02 3.850000e+01
      vertex   1.123358e+02 1.365909e+02 3.891421e+01
    endloop
  endfacet
  facet normal 7.933533e-01 0.000000e+00 -6.087614e-01
    outer loop
      vertex   1.123358e+02 1.365909e+02 3.891421e+01
      vertex   1.120180e+02 1.470455e+02 3.850000e+01
      vertex   1.123358e+02 1.470455e+02 3.891421e+01
    endloop
  endfacet
  facet normal 6.087614e-01 0.000000e+00 -7.933533e-01
    outer loop
      vertex   1.123358e+02 1.365909e+02 3.891421e+01
      vertex   1.123358e+02 1.470455e+02 3.891421e+01
      vertex   1.127500e+02 1.365909e+02 3.923205e+01
    endloop
  endfacet
  facet normal 6.087614e-01 0.000000e+00 -7.933533e-01
    outer loop
      vertex   1.127500e+02 1.365909e+02 3.923205e+01
      vertex   1.123358e+02 1.470455e+02 3.891421e+01
      vertex   1.127500e+02 1.470455e+02 3.923205e+01
    endloop
  endfacet
  facet normal 3.826834e-01 0.000000e+00 -9.238795e-01
    outer loop
      vertex   1.127500e+02 1.365909e+02 3.923205e+01
      vertex   1.127500e+02 1.470455e+02 3.923205e+01
      vertex   1.132324e+02 1.365909e+02 3.943185e+01
    endloop
  endfacet
  facet normal 3.826834e-01 0.000000e+00 -9.238795e-01
    outer loop
      vertex   1.132324e+02 1.365909e+02 3.943185e+01
      vertex   1.127500e+02 1.470455e+02 3.923205e+01
      vertex   1.132324e+02 1.470455e+02 3.943185e+01
    endloop
  endfacet
  facet normal 1.305262e-01 0.000000e+00 -9.914449e-01
    outer loop
      vertex   1.132324e+02 1.365909e+02 3.943185e+01
      vertex   1.132324e+02 1.470455e+02 3.943185e+01
      vertex   1.137500e+02 1.365909e+02 3.950000e+01
    endloop
  endfacet
  facet normal 1.305262e-01 0.000000e+00 -9.914449e-01
    outer loop
      vertex   1.137500e+02 1.365909e+02 3.950000e+01
      vertex   1.132324e+02 1.470455e+02 3.943185e+01
      vertex   1.137500e+02 1.470455e+02 3.950000e+01
    endloop
  endfacet
  facet normal -1.305262e-01 0.000000e+00 -9.914449e-01
    outer loop
      vertex   1.137500e+02 1.365909e+02 3.950000e+01
      vertex   1.137500e+02 1.470455e+02 3.950000e+01
      vertex   1.142676e+02 1.365909e+02 3.943185e+01
    endloop
  endfacet
  facet normal -1.305262e-01 0.000000e+00 -9.914449e-01
    outer loop
      vertex   1.142676e+02 1.365909e+02 3.943185e+01
      vertex   1.137500e+02 1.470455e+02 3.950000e+01
      vertex   1.142676e+02 1.470455e+02 3.943185e+01
    endloop
  endfacet
  facet normal -3.826834e-01 0.000000e+00 -9.238795e-01
    outer loop
      vertex   1.142676e+02 1.365909e+02 3.943185e+01
      vertex   1.142676e+02 1.470455e+02 3.943185e+01
      vertex   1.147500e+02 1.365909e+02 3.923205e+01
    endloop
  endfacet
  facet normal -3.826834e-01 0.000000e+00 -9.238795e-01
    outer loop
      vertex   1.147500e+02 1.365909e+02 3.923205e+01
      vertex   1.142676e+02 1.470455e+02 3.943185e+01
      vertex   1.147500e+02 1.470455e+02 3.923205e+01
    endloop
  endfacet
  facet normal -6.087614e-01 0.000000e+00 -7.933533e-01
    outer loop
      vertex   1.147500e+02 1.365909e+02 3.923205e+01
      vertex   1.147500e+02 1.470455e+02 3.923205e+01
      vertex   1.151642e+02 1.365909e+02 3.891421e+01
    endloop
  endfacet
  facet normal -6.087614e-01 0.000000e+00 -7.933533e-01
    outer loop
      vertex   1.151642e+02 1.365909e+02 3.891421e+01
      vertex   1.147500e+02 1.470455e+02 3.923205e+01
      vertex   1.151642e+02 1.470455e+02 3.891421e+01
    endloop
  endfacet
  facet normal -7.933533e-01 0.000000e+00 -6.087614e-01
    outer loop
      vertex   1.151642e+02 1.365909e+02 3.891421e+01
      vertex   1.151642e+02 1.470455e+02 3.891421e+01
      vertex   1.154821e+02 1.365909e+02 3.850000e+01
    endloop
  endfacet
  facet normal -7.933533e-01 0.000000e+00 -6.087614e-01
    outer loop
      vertex   1.154821e+02 1.365909e+02 3.850000e+01
      vertex   1.151642e+02 1.470455e+02 3.891421e+01
      vertex   1.154821e+02 1.470455e+02 3.850000e+01
    endloop
  endfacet
  facet normal -9.238795e-01 0.000000e+00 -3.826834e-01
    outer loop
      vertex   1.154821e+02 1.365909e+02 3.850000e+01
      vertex   1.154821e+02 1.470455e+02 3.850000e+01
      vertex   1.156819e+02 1.365909e+02 3.801764e+01
    endloop
  endfacet
  facet normal -9.238795e-01 0.000000e+00 -3.826834e-01
    outer loop
      vertex   1.156819e+02 1.365909e+02 3.801764e+01
      vertex   1.154821e+02 1.470455e+02 3.850000e+01
      vertex   1.156819e+02 1.470455e+02 3.801764e+01
    endloop
  endfacet
  facet normal -9.914449e-01 0.000000e+00 -1.305262e-01
    outer loop
      vertex   1.156819e+02 1.365909e+02 3.801764e+01
      vertex   1.156819e+02 1.470455e+02 3.801764e+01
      vertex   1.157500e+02 1.365909e+02 3.750000e+01
    endloop
  endfacet
  facet normal -9.914449e-01 0.000000e+00 -1.305262e-01
    outer loop
      vertex   1.157500e+02 1.365909e+02 3.750000e+01
      vertex   1.156819e+02 1.470455e+02 3.801764e+01
      vertex   1.157500e+02 1.470455e+02 3.750000e+01
    endloop
  endfacet
  facet normal -9.914449e-01 0.000000e+00 1.305262e-01
    outer loop
      vertex   1.157500e+02 1.365909e+02 3.750000e+01
      vertex   1.157500e+02 1.470455e+02 3.750000e+01
      vertex   1.156819e+02 1.365909e+02 3.698236e+01
    endloop
  endfacet
  facet normal -9.914449e-01 0.000000e+00 1.305262e-01
    outer loop
      vertex   1.156819e+02 1.365909e+02 3.698236e+01
      vertex   1.157500e+02 1.470455e+02 3.750000e+01
      vertex   1.156819e+02 1.470455e+02 3.698236e+01
    endloop
  endfacet
  facet normal -9.238795e-01 0.000000e+00 3.826834e-01
    outer loop
      vertex   1.156819e+02 1.365909e+02 3.698236e+01
      vertex   1.156819e+02 1.470455e+02 3.698236e+01
      vertex   1.154821e+02 1.365909e+02 3.650000e+01
    endloop
  endfacet
  facet normal -9.238795e-01 0.000000e+00 3.826834e-01
    outer loop
      vertex   1.154821e+02 1.365909e+02 3.650000e+01
      vertex   1.156819e+02 1.470455e+02 3.698236e+01
      vertex   1.154821e+02 1.470455e+02 3.650000e+01
    endloop
  endfacet
  facet normal -7.933533e-01 0.000000e+00 6.087614e-01
    outer loop
      vertex   1.154821e+02 1.365909e+02 3.650000e+01
      vertex   1.154821e+02 1.470455e+02 3.650000e+01
      vertex   1.151642e+02 1.365909e+02 3.608579e+01
    endloop
  endfacet
  facet normal -7.933533e-01 0.000000e+00 6.087614e-01
    outer loop
      vertex   1.151642e+02 1.365909e+02 3.608579e+01
      vertex   1.154821e+02 1.470455e+02 3.650000e+01
      vertex   1.151642e+02 1.470455e+02 3.608579e+01
    endloop
  endfacet
  facet normal -6.087614e-01 0.000000e+00 7.933533e-01
    outer loop
      vertex   1.151642e+02 1.365909e+02 3.608579e+01
      vertex   1.151642e+02 1.470455e+02 3.608579e+01
      vertex   1.147500e+02 1.365909e+02 3.576795e+01
    endloop
  endfacet
  facet normal -6.087614e-01 0.000000e+00 7.933533e-01
    outer loop
      vertex   1.147500e+02 1.365909e+02 3.576795e+01
      vertex   1.151642e+02 1.470455e+02 3.608579e+01
      vertex   1.147500e+02 1.470455e+02 3.576795e+01
    endloop
  endfacet
  facet normal -3.826834e-01 0.000000e+00 9.238795e-01
    outer loop
      vertex   1.147500e+02 1.365909e+02 3.576795e+01
      vertex   1.147500e+02 1.470455e+02 3.576795e+01
      vertex   1.142676e+02 1.365909e+02 3.556815e+01
    endloop
  endfacet
  facet normal -3.826834e-01 0.000000e+00 9.238795e-01
    outer loop
      vertex   1.142676e+02 1.365909e+02 3.556815e+01
      vertex   1.147500e+02 1.470455e+02 3.576795e+01
      vertex   1.142676e+02 1.470455e+02 3.556815e+01
    endloop
  endfacet
  facet normal -1.305262e-01 0.000000e+00 9.914449e-01
    outer loop
      vertex   1.142676e+02 1.365909e+02 3.556815e+01
      vertex   1.142676e+02 1.470455e+02 3.556815e+01
      vertex   1.137500e+02 1.365909e+02 3.550000e+01
    endloop
  endfacet
  facet normal -1.305262e-01 0.000000e+00 9.914449e-01
    outer loop
      vertex   1.137500e+02 1.365909e+02 3.550000e+01
      vertex   1.142676e+02 1.470455e+02 3.556815e+01
      vertex   1.137500e+02 1.470455e+02 3.550000e+01
    endloop
  endfacet
  facet normal 1.305262e-01 -0.000000e+00 9.914449e-01
    outer loop
      vertex   1.137500e+02 1.365909e+02 3.550000e+01
      vertex   1.137500e+02 1.470455e+02 3.550000e+01
      vertex   1.132324e+02 1.365909e+02 3.556815e+01
    endloop
  endfacet
  facet normal 1.305262e-01 -0.000000e+00 9.914449e-01
    outer loop
      vertex   1.132324e+02 1.365909e+02 3.556815e+01
      vertex   1.137500e+02 1.470455e+02 3.550000e+01
      vertex   1.132324e+02 1.470455e+02 3.556815e+01
    endloop
  endfacet
  facet normal 3.826834e-01 -0.000000e+00 9.238795e-01
    outer loop
      vertex   1.132324e+02 1.365909e+02 3.556815e+01
      vertex   1.132324e+02 1.470455e+02 3.556815e+01
      vertex   1.127500e+02 1.365909e+02 3.576795e+01
    endloop
  endfacet
  facet normal 3.826834e-01 -0.000000e+00 9.238795e-01
    outer loop
      vertex   1.127500e+02 1.365909e+02 3.576795e+01
      vertex   1.132324e+02 1.470455e+02 3.556815e+01
      vertex   1.127500e+02 1.470455e+02 3.576795e+01
    endloop
  endfacet
  facet normal 6.087614e-01 -0.000000e+00 7.933533e-01
    outer loop
      vertex   1.127500e+02 1.365909e+02 3.576795e+01
      vertex   1.127500e+02 1.470455e+02 3.576795e+01
      vertex   1.123358e+02 1.365909e+02 3.608579e+01
    endloop
  endfacet
  facet normal 6.087614e-01 -0.000000e+00 7.933533e-01
    outer loop
      vertex   1.123358e+02 1.365909e+02 3.608579e+01
      vertex   1.127500e+02 1.470455e+02 3.576795e+01
      vertex   1.123358e+02 1.470455e+02 3.608579e+01
    endloop
  endfacet
  facet normal 7.933533e-01 -0.000000e+00 6.087614e-01
    outer loop
      vertex   1.123358e+02 1.365909e+02 3.608579e+01
      vertex   1.123358e+02 1.470455e+02 3.608579e+01
      vertex   1.120180e+02 1.365909e+02 3.650000e+01
    endloop
  endfacet
  facet normal 7.933533e-01 -0.000000e+00 6.087614e-01
    outer loop
      vertex   1.120180e+02 1.365909e+02 3.650000e+01
      vertex   1.123358e+02 1.470455e+02 3.608579e+01
      vertex   1.120180e+02 1.470455e+02 3.650000e+01
    endloop
  endfacet
  facet normal 9.238795e-01 -0.000000e+00 3.826834e-01
    outer loop
      vertex   1.120180e+02 1.365909e+02 3.650000e+01
      vertex   1.120180e+02 1.470455e+02 3.650000e+01
      vertex   1.118181e+02 1.365909e+02 3.698236e+01
    endloop
  endfacet
  facet normal 9.238795e-01 -0.000000e+00 3.826834e-01
    outer loop
      vertex   1.118181e+02 1.365909e+02 3.698236e+01
      vertex   1.120180e+02 1.470455e+02 3.650000e+01
      vertex   1.118181e+02 1.470455e+02 3.698236e+01
    endloop
  endfacet
  facet normal 9.914449e-01 0.000000e+00 -1.305262e-01
    outer loop
      vertex   1.117500e+02 1.261364e+02 3.750000e+01
      vertex   1.117500e+02 1.365909e+02 3.750000e+01
      vertex   1.118181e+02 1.261364e+02 3.801764e+01
    endloop
  endfacet
  facet normal 9.914449e-01 0.000000e+00 -1.305262e-01
    outer loop
      vertex   1.118181e+02 1.261364e+02 3.801764e+01
      vertex   1.117500e+02 1.365909e+02 3.750000e+01
      vertex   1.118181e+02 1.365909e+02 3.801764e+01
    endloop
  endfacet
  facet normal 9.238795e-01 0.000000e+00 -3.826834e-01
    outer loop
      vertex   1.118181e+02 1.261364e+02 3.801764e+01
      vertex   1.118181e+02 1.365909e+02 3.801764e+01
      vertex   1.120180e+02 1.261364e+02 3.850000e+01
    endloop
  endfacet
  facet normal 9.238795e-01 0.000000e+00 -3.826834e-01
    outer loop
      vertex   1.120180e+02 1.261364e+02 3.850000e+01
      vertex   1.118181e+02 1.365909e+02 3.801764e+01
      vertex   1.120180e+02 1.365909e+02 3.850000e+01
    endloop
  endfacet
  facet normal 7.933533e-01 0.000000e+00 -6.087614e-01
    outer loop
      vertex   1.120180e+02 1.261364e+02 3.850000e+01
      vertex   1.120180e+02 1.365909e+02 3.850000e+01
      vertex   1.123358e+02 1.261364e+02 3.891421e+01
    endloop
  endfacet
  facet normal 7.933533e-01 0.000000e+00 -6.087614e-01
    outer loop
      vertex   1.123358e+02 1.261364e+02 3.891421e+01
      vertex   1.120180e+02 1.365909e+02 3.850000e+01
      vertex   1.123358e+02 1.365909e+02 3.891421e+01
    endloop
  endfacet
  facet normal 6.087614e-01 0.000000e+00 -7.933533e-01
    outer loop
      vertex   1.123358e+02 1.261364e+02 3.891421e+01
      vertex   1.123358e+02 1.365909e+02 3.891421e+01
      vertex   1.127500e+02 1.261364e+02 3.923205e+01
    endloop
  endfacet
  facet normal 6.087614e-01 0.000000e+00 -7.933533e-01
    outer loop
      vertex   1.127500e+02 1.261364e+02 3.923205e+01
      vertex   1.123358e+02 1.365909e+02 3.891421e+01
      vertex   1.127500e+02 1.365909e+02 3.923205e+01
    endloop
  endfacet
  facet normal 3.826834e-01 0.000000e+00 -9.238795e-01
    outer loop
      vertex   1.127500e+02 1.261364e+02 3.923205e+01
      vertex   1.127500e+02 1.365909e+02 3.923205e+01
      vertex   1.132324e+02 1.261364e+02 3.943185e+01
    endloop
  endfacet
  facet normal 3.826834e-01 0.000000e+00 -9.238795e-01
    outer loop
      vertex   1.132324e+02 1.261364e+02 3.943185e+01
      vertex   1.127500e+02 1.365909e+02 3.923205e+01
      vertex   1.132324e+02 1.365909e+02 3.943185e+01
    endloop
  endfacet
  facet normal 1.305262e-01 0.000000e+00 -9.914449e-01
    outer loop
      vertex   1.132324e+02 1.261364e+02 3.943185e+01
      vertex   1.132324e+02 1.365909e+02 3.943185e+01
      vertex   1.137500e+02 1.261364e+02 3.950000e+01
    endloop
  endfacet
  facet normal 1.305262e-01 0.000000e+00 -9.914449e-01
    outer loop
      vertex   1.137500e+02 1.261364e+02 3.950000e+01
      vertex   1.132324e+02 1.365909e+02 3.943185e+01
      vertex   1.137500e+02 1.365909e+02 3.950000e+01
    endloop
  endfacet
  facet normal -1.305262e-01 0.000000e+00 -9.914449e-01
    outer loop
      vertex   1.137500e+02 1.261364e+02 3.950000e+01
      vertex   1.137500e+02 1.365909e+02 3.950000e+01
      vertex   1.142676e+02 1.261364e+02 3.943185e+01
    endloop
  endfacet
  facet normal -1.305262e-01 0.000000e+00 -9.914449e-01
    outer loop
      vertex   1.142676e+02 1.261364e+02 3.943185e+01
      vertex   1.137500e+02 1.365909e+02 3.950000e+01
      vertex   1.142676e+02 1.365909e+02 3.943185e+01
    endloop
  endfacet
  facet normal -3.826834e-01 0.000000e+00 -9.238795e-01
    outer loop
      vertex   1.142676e+02 1.261364e+02 3.943185e+01
      vertex   1.142676e+02 1.365909e+02 3.943185e+01
      vertex   1.147500e+02 1.261364e+02 3.923205e+01
    endloop
  endfacet
  facet normal -3.826834e-01 0.000000e+00 -9.238795e-01
    outer loop
      vertex   1.147500e+02 1.261364e+02 3.923205e+01
      vertex   1.142676e+02 1.365909e+02 3.943185e+01
      vertex   1.147500e+02 1.365909e+02 3.923205e+01
    endloop
  endfacet
  facet normal -6.087614e-01 0.000000e+00 -7.933533e-01
    outer loop
      vertex   1.147500e+02 1.261364e+02 3.923205e+01
      vertex   1.147500e+02 1.365909e+02 3.923205e+01
      vertex   1.151642e+02 1.261364e+02 3.891421e+01
    endloop
  endfacet
  facet normal -6.087614e-01 0.000000e+00 -7.933533e-01
    outer loop
      vertex   1.151642e+02 1.261364e+02 3.891421e+01
      vertex   1.147500e+02 1.365909e+02 3.923205e+01
      vertex   1.151642e+02 1.365909e+02 3.891421e+01
    endloop
  endfacet
  facet normal -7.933533e-01 0.000000e+00 -6.087614e-01
    outer loop
      vertex   1.151642e+02 1.261364e+02 3.891421e+01
      vertex   1.151642e+02 1.365909e+02 3.891421e+01
      vertex   1.154821e+02 1.261364e+02 3.850000e+01
    endloop
  endfacet
  facet normal -7.933533e-01 0.000000e+00 -6.087614e-01
    outer loop
      vertex   1.154821e+02 1.261364e+02 3.850000e+01
      vertex   1.151642e+02 1.365909e+02 3.891421e+01
      vertex   1.154821e+02 1.365909e+02 3.850000e+01
    endloop
  endfacet
  facet normal -9.238795e-01 0.000000e+00 -3.826834e-01
    outer loop
      vertex   1.154821e+02 1.261364e+02 3.850000e+01
      vertex   1.154821e+02 1.365909e+02 3.850000e+01
      vertex   1.156819e+02 1.261364e+02 3.801764e+01
    endloop
  endfacet
  facet normal -9.238795e-01 0.000000e+00 -3.826834e-01
    outer loop
      vertex   1.156819e+02 1.261364e+02 3.801764e+01
      vertex   1.154821e+02 1.365909e+02 3.850000e+01
      vertex   1.156819e+02 1.365909e+02 3.801764e+01
    endloop
  endfacet
  facet normal -9.914449e-01 0.000000e+00 -1.305262e-01
    outer loop
      vertex   1.156819e+02 1.261364e+02 3.801764e+01
      vertex   1.156819e+02 1.365909e+02 3.801764e+01
      vertex   1.157500e+02 1.261364e+02 3.750000e+01
    endloop
  endfacet
  facet normal -9.914449e-01 0.000000e+00 -1.305262e-01
    outer loop
      vertex   1.157500e+02 1.261364e+02 3.750000e+01
      vertex   1.156819e+02 1.365909e+02 3.801764e+01
      vertex   1.157500e+02 1.365909e+02 3.750000e+01
    endloop
  endfacet
  facet normal -9.914449e-01 0.000000e+00 1.305262e-01
    outer loop
      vertex   1.157500e+02 1.261364e+02 3.750000e+01
      vertex   1.157500e+02 1.365909e+02 3.750000e+01
      vertex   1.156819e+02 1.261364e+02 3.698236e+01
    endloop
  endfacet
  facet normal -9.914449e-01 0.000000e+00 1.305262e-01
    outer loop
      vertex   1.156819e+02 1.261364e+02 3.698236e+01
      vertex   1.157500e+02 1.365909e+02 3.750000e+01
      vertex   1.156819e+02 1.365909e+02 3.698236e+01
    endloop
  endfacet
  facet normal -9.238795e-01 0.000000e+00 3.826834e-01
    outer loop
      vertex   1.156819e+02 1.261364e+02 3.698236e+01
      vertex   1.156819e+02 1.365909e+02 3.698236e+01
      vertex   1.154821e+02 1.261364e+02 3.650000e+01
    endloop
  endfacet
  facet normal -9.238795e-01 0.000000e+00 3.826834e-01
    outer loop
      vertex   1.154821e+02 1.261364e+02 3.650000e+01
      vertex   1.156819e+02 1.365909e+02 3.698236e+01
      vertex   1.154821e+02 1.365909e+02 3.650000e+01
    endloop
  endfacet
  facet normal -7.933533e-01 0.000000e+00 6.087614e-01
    outer loop
      vertex   1.154821e+02 1.261364e+02 3.650000e+01
      vertex   1.154821e+02 1.365909e+02 3.650000e+01
      vertex   1.151642e+02 1.261364e+02 3.608579e+01
    endloop
  endfacet
  facet normal -7.933533e-01 0.000000e+00 6.087614e-01
    outer loop
      vertex   1.151642e+02 1.261364e+02 3.608579e+01
      vertex   1.154821e+02 1.365909e+02 3.650000e+01
      vertex   1.151642e+02 1.365909e+02 3.608579e+01
    endloop
  endfacet
  facet normal -6.087614e-01 0.000000e+00 7.933533e-01
    outer loop
      vertex   1.151642e+02 1.261364e+02 3.608579e+01
      vertex   1.151642e+02 1.365909e+02 3.608579e+01
      vertex   1.147500e+02 1.261364e+02 3.576795e+01
    endloop
  endfacet
  facet normal -6.087614e-01 0.000000e+00 7.933533e-01
    outer loop
      vertex   1.147500e+02 1.261364e+02 3.576795e+01
      vertex   1.151642e+02 1.365909e+02 3.608579e+01
      vertex   1.147500e+02 1.365909e+02 3.576795e+01
    endloop
  endfacet
  facet normal -3.826834e-01 0.000000e+00 9.238795e-01
    outer loop
      vertex   1.147500e+02 1.261364e+02 3.576795e+01
      vertex   1.147500e+02 1.365909e+02 3.576795e+01
      vertex   1.142676e+02 1.261364e+02 3.556815e+01
    endloop
  endfacet
  facet normal -3.826834e-01 0.000000e+00 9.238795e-01
    outer loop
      vertex   1.142676e+02 1.261364e+02 3.556815e+01
      vertex   1.147500e+02 1.365909e+02 3.576795e+01
      vertex   1.142676e+02 1.365909e+02 3.556815e+01
    endloop
  endfacet
  facet normal -1.305262e-01 0.000000e+00 9.914449e-01
    outer loop
      vertex   1.142676e+02 1.261364e+02 3.556815e+01
      vertex   1.142676e+02 1.365909e+02 3.556815e+01
      vertex   1.137500e+02 1.261364e+02 3.550000e+01
    endloop
  endfacet
  facet normal -1.305262e-01 0.000000e+00 9.914449e-01
    outer loop
      vertex   1.137500e+02 1.261364e+02 3.550000e+01
      vertex   1.142676e+02 1.365909e+02 3.556815e+01
      vertex   1.137500e+02 1.365909e+02 3.550000e+01
    endloop
  endfacet
  facet normal 1.305262e-01 -0.000000e+00 9.914449e-01
    outer loop
      vertex   1.137500e+02 1.261364e+02 3.550000e+01
      vertex   1.137500e+02 1.365909e+02 3.550000e+01
      vertex   1.132324e+02 1.261364e+02 3.556815e+01
    endloop
  endfacet
  facet normal 1.305262e-01 -0.000000e+00 9.914449e-01
    outer loop
      vertex   1.132324e+02 1.261364e+02 3.556815e+01
      vertex   1.137500e+02 1.365909e+02 3.550000e+01
      vertex   1.132324e+02 1.365909e+02 3.556815e+01
    endloop
  endfacet
  facet normal 3.826834e-01 -0.000000e+00 9.238795e-01
    outer loop
      vertex   1.132324e+02 1.261364e+02 3.556815e+01
      vertex   1.132324e+02 1.365909e+02 3.556815e+01
      vertex   1.127500e+02 1.261364e+02 3.576795e+01
    endloop
  endfacet
  facet normal 3.826834e-01 -0.000000e+00 9.238795e-01
    outer loop
      vertex   1.127500e+02 1.261364e+02 3.576795e+01
      vertex   1.132324e+02 1.365909e+02 3.556815e+01
      vertex   1.127500e+02 1.365909e+02 3.576795e+01
    endloop
  endfacet
  facet normal 6.087614e-01 -0.000000e+00 7.933533e-01
    outer loop
      vertex   1.127500e+02 1.261364e+02 3.576795e+01
      vertex   1.127500e+02 1.365909e+02 3.576795e+01
      vertex   1.123358e+02 1.261364e+02 3.608579e+01
    endloop
  endfacet
  facet normal 6.087614e-01 -0.000000e+00 7.933533e-01
    outer loop
      vertex   1.123358e+02 1.261364e+02 3.608579e+01
      vertex   1.127500e+02 1.365909e+02 3.576795e+01
      vertex   1.123358e+02 1.365909e+02 3.608579e+01
    endloop
  endfacet
  facet normal 7.933533e-01 -0.000000e+00 6.087614e-01
    outer loop
      vertex   1.123358e+02 1.261364e+02 3.608579e+01
      vertex   1.123358e+02 1.365909e+02 3.608579e+01
      vertex   1.120180e+02 1.261364e+02 3.650000e+01
    endloop
  endfacet
  facet normal 7.933533e-01 -0.000000e+00 6.087614e-01
    outer loop
      vertex   1.120180e+02 1.261364e+02 3.650000e+01
      vertex   1.123358e+02 1.365909e+02 3.608579e+01
      vertex   1.120180e+02 1.365909e+02 3.650000e+01
    endloop
  endfacet
  facet normal 9.238795e-01 -0.000000e+00 3.826834e-01
    outer loop
      vertex   1.120180e+02 1.261364e+02 3.650000e+01
      vertex   1.120180e+02 1.365909e+02 3.650000e+01
      vertex   1.118181e+02 1.261364e+02 3.698236e+01
    endloop
  endfacet
  facet normal 9.238795e-01 -0.000000e+00 3.826834e-01
    outer loop
      vertex   1.118181e+02 1.261364e+02 3.698236e+01
      vertex   1.120180e+02 1.365909e+02 3.650000e+01
      vertex   1.118181e+02 1.365909e+02 3.698236e+01
    endloop
  endfacet
  facet normal 9.914449e-01 0.000000e+00 -1.305262e-01
    outer loop
      vertex   1.117500e+02 1.156818e+02 3.750000e+01
      vertex   1.117500e+02 1.261364e+02 3.750000e+01
      vertex   1.118181e+02 1.156818e+02 3.801764e+01
    endloop
  endfacet
  facet normal 9.914449e-01 0.000000e+00 -1.305262e-01
    outer loop
      vertex   1.118181e+02 1.156818e+02 3.801764e+01
      vertex   1.117500e+02 1.261364e+02 3.750000e+01
      vertex   1.118181e+02 1.261364e+02 3.801764e+01
    endloop
  endfacet
  facet normal 9.238795e-01 0.000000e+00 -3.826834e-01
    outer loop
      vertex   1.118181e+02 1.156818e+02 3.801764e+01
      vertex   1.118181e+02 1.261364e+02 3.801764e+01
      vertex   1.120180e+02 1.156818e+02 3.850000e+01
    endloop
  endfacet
  facet normal 9.238795e-01 0.000000e+00 -3.826834e-01
    outer loop
      vertex   1.120180e+02 1.156818e+02 3.850000e+01
      vertex   1.118181e+02 1.261364e+02 3.801764e+01
      vertex   1.120180e+02 1.261364e+02 3.850000e+01
    endloop
  endfacet
  facet normal 7.933533e-01 0.000000e+00 -6.087614e-01
    outer loop
      vertex   1.120180e+02 1.156818e+02 3.850000e+01
      vertex   1.120180e+02 1.261364e+02 3.850000e+01
      vertex   1.123358e+02 1.156818e+02 3.891421e+01
    endloop
  endfacet
  facet normal 7.933533e-01 0.000000e+00 -6.087614e-01
    outer loop
      vertex   1.123358e+02 1.156818e+02 3.891421e+01
      vertex   1.120180e+02 1.261364e+02 3.850000e+01
      vertex   1.123358e+02 1.261364e+02 3.891421e+01
    endloop
  endfacet
  facet normal 6.087614e-01 0.000000e+00 -7.933533e-01
    outer loop
      vertex   1.123358e+02 1.156818e+02 3.891421e+01
      vertex   1.123358e+02 1.261364e+02 3.891421e+01
      vertex   1.127500e+02 1.156818e+02 3.923205e+01
    endloop
  endfacet
  facet normal 6.087614e-01 0.000000e+00 -7.933533e-01
    outer loop
      vertex   1.127500e+02 1.156818e+02 3.923205e+01
      vertex   1.123358e+02 1.261364e+02 3.891421e+01
      vertex   1.127500e+02 1.261364e+02 3.923205e+01
    endloop
  endfacet
  facet normal 3.826834e-01 0.000000e+00 -9.238795e-01
    outer loop
      vertex   1.127500e+02 1.156818e+02 3.923205e+01
      vertex   1.127500e+02 1.261364e+02 3.923205e+01
      vertex   1.132324e+02 1.156818e+02 3.943185e+01
    endloop
  endfacet
  facet normal 3.826834e-01 0.000000e+00 -9.238795e-01
    outer loop
      vertex   1.132324e+02 1.156818e+02 3.943185e+01
      vertex   1.127500e+02 1.261364e+02 3.923205e+01
      vertex   1.132324e+02 1.261364e+02 3.943185e+01
    endloop
  endfacet
  facet normal 1.305262e-01 0.000000e+00 -9.914449e-01
    outer loop
      vertex   1.132324e+02 1.156818e+02 3.943185e+01
      vertex   1.132324e+02 1.261364e+02 3.943185e+01
      vertex   1.137500e+02 1.156818e+02 3.950000e+01
    endloop
  endfacet
  facet normal 1.305262e-01 0.000000e+00 -9.914449e-01
    outer loop
      vertex   1.137500e+02 1.156818e+02 3.950000e+01
      vertex   1.132324e+02 1.261364e+02 3.943185e+01
      vertex   1.137500e+02 1.261364e+02 3.950000e+01
    endloop
  endfacet
  facet normal -1.305262e-01 0.000000e+00 -9.914449e-01
    outer loop
      vertex   1.137500e+02 1.156818e+02 3.950000e+01
      vertex   1.137500e+02 1.261364e+02 3.950000e+01
      vertex   1.142676e+02 1.156818e+02 3.943185e+01
    endloop
  endfacet
  facet normal -1.305262e-01 0.000000e+00 -9.914449e-01
    outer loop
      vertex   1.142676e+02 1.156818e+02 3.943185e+01
      vertex   1.137500e+02 1.261364e+02 3.950000e+01
      vertex   1.142676e+02 1.261364e+02 3.943185e+01
    endloop
  endfacet
  facet normal -3.826834e-01 0.000000e+00 -9.238795e-01
    outer loop
      vertex   1.142676e+02 1.156818e+02 3.943185e+01
      vertex   1.142676e+02 1.261364e+02 3.943185e+01
      vertex   1.147500e+02 1.156818e+02 3.923205e+01
    endloop
  endfacet
  facet normal -3.826834e-01 0.000000e+00 -9.238795e-01
    outer loop
      vertex   1.147500e+02 1.156818e+02 3.923205e+01
      vertex   1.142676e+02 1.261364e+02 3.943185e+01
      vertex   1.147500e+02 1.261364e+02 3.923205e+01
    endloop
  endfacet
  facet normal -6.087614e-01 0.000000e+00 -7.933533e-01
    outer loop
      vertex   1.147500e+02 1.156818e+02 3.923205e+01
      vertex   1.147500e+02 1.261364e+02 3.923205e+01
      vertex   1.151642e+02 1.156818e+02 3.891421e+01
    endloop
  endfacet
  facet normal -6.087614e-01 0.000000e+00 -7.933533e-01
    outer loop
      vertex   1.151642e+02 1.156818e+02 3.891421e+01
      vertex   1.147500e+02 1.261364e+02 3.923205e+01
      vertex   1.151642e+02 1.261364e+02 3.891421e+01
    endloop
  endfacet
  facet normal -7.933533e-01 0.000000e+00 -6.087614e-01
    outer loop
      vertex   1.151642e+02 1.156818e+02 3.891421e+01
      vertex   1.151642e+02 1.261364e+02 3.891421e+01
      vertex   1.154821e+02 1.156818e+02 3.850000e+01
    endloop
  endfacet
  facet normal -7.933533e-01 0.000000e+00 -6.087614e-01
    outer loop
      vertex   1.154821e+02 1.156818e+02 3.850000e+01
      vertex   1.151642e+02 1.261364e+02 3.891421e+01
      vertex   1.154821e+02 1.261364e+02 3.850000e+01
    endloop
  endfacet
  facet normal -9.238795e-01 0.000000e+00 -3.826834e-01
    outer loop
      vertex   1.154821e+02 1.156818e+02 3.850000e+01
      vertex   1.154821e+02 1.261364e+02 3.850000e+01
      vertex   1.156819e+02 1.156818e+02 3.801764e+01
    endloop
  endfacet
  facet normal -9.238795e-01 0.000000e+00 -3.826834e-01
    outer loop
      vertex   1.156819e+02 1.156818e+02 3.801764e+01
      vertex   1.154821e+02 1.261364e+02 3.850000e+01
      vertex   1.156819e+02 1.261364e+02 3.801764e+01
    endloop
  endfacet
  facet normal -9.914449e-01 0.000000e+00 -1.305262e-01
    outer loop
      vertex   1.156819e+02 1.156818e+02 3.801764e+01
      vertex   1.156819e+02 1.261364e+02 3.801764e+01
      vertex   1.157500e+02 1.156818e+02 3.750000e+01
    endloop
  endfacet
  facet normal -9.914449e-01 0.000000e+00 -1.305262e-01
    outer loop
      vertex   1.157500e+02 1.156818e+02 3.750000e+01
      vertex   1.156819e+02 1.261364e+02 3.801764e+01
      vertex   1.157500e+02 1.261364e+02 3.750000e+01
    endloop
  endfacet
  facet normal -9.914449e-01 0.000000e+00 1.305262e-01
    outer loop
      vertex   1.157500e+02 1.156818e+02 3.750000e+01
      vertex   1.157500e+02 1.261364e+02 3.750000e+01
      vertex   1.156819e+02 1.156818e+02 3.698236e+01
    endloop
  endfacet
  facet normal -9.914449e-01 0.000000e+00 1.305262e-01
    outer loop
      vertex   1.156819e+02 1.156818e+02 3.698236e+01
      vertex   1.157500e+02 1.261364e+02 3.750000e+01
      vertex   1.156819e+02 1.261364e+02 3.698236e+01
    endloop
  endfacet
  facet normal -9.238795e-01 0.000000e+00 3.826834e-01
    outer loop
      vertex   1.156819e+02 1.156818e+02 3.698236e+01
      vertex   1.156819e+02 1.261364e+02 3.698236e+01
      vertex   1.154821e+02 1.156818e+02 3.650000e+01
    endloop
  endfacet
  facet normal -9.238795e-01 0.000000e+00 3.826834e-01
    outer loop
      vertex   1.154821e+02 1.156818e+02 3.650000e+01
      vertex   1.156819e+02 1.261364e+02 3.698236e+01
      vertex   1.154821e+02 1.261364e+02 3.650000e+01
    endloop
  endfacet
  facet normal -7.933533e-01 0.000000e+00 6.087614e-01
    outer loop
      vertex   1.154821e+02 1.156818e+02 3.650000e+01
      vertex   1.154821e+02 1.261364e+02 3.650000e+01
      vertex   1.151642e+02 1.156818e+02 3.608579e+01
    endloop
  endfacet
  facet normal -7.933533e-01 0.000000e+00 6.087614e-01
    outer loop
      vertex   1.151642e+02 1.156818e+02 3.608579e+01
      vertex   1.154821e+02 1.261364e+02 3.650000e+01
      vertex   1.151642e+02 1.261364e+02 3.608579e+01
    endloop
  endfacet
  facet normal -6.087614e-01 0.000000e+00 7.933533e-01
    outer loop
      vertex   1.151642e+02 1.156818e+02 3.608579e+01
      vertex   1.151642e+02 1.261364e+02 3.608579e+01
      vertex   1.147500e+02 1.156818e+02 3.576795e+01
    endloop
  endfacet
  facet normal -6.087614e-01 0.000000e+00 7.933533e-01
    outer loop
      vertex   1.147500e+02 1.156818e+02 3.576795e+01
      vertex   1.151642e+02 1.261364e+02 3.608579e+01
      vertex   1.147500e+02 1.261364e+02 3.576795e+01
    endloop
  endfacet
  facet normal -3.826834e-01 0.000000e+00 9.238795e-01
    outer loop
      vertex   1.147500e+02 1.156818e+02 3.576795e+01
      vertex   1.147500e+02 1.261364e+02 3.576795e+01
      vertex   1.142676e+02 1.156818e+02 3.556815e+01
    endloop
  endfacet
  facet normal -3.826834e-01 0.000000e+00 9.238795e-01
    outer loop
      vertex   1.142676e+02 1.156818e+02 3.556815e+01
      vertex   1.147500e+02 1.261364e+02 3.576795e+01
      vertex   1.142676e+02 1.261364e+02 3.556815e+01
    endloop
  endfacet
  facet normal -1.305262e-01 0.000000e+00 9.914449e-01
    outer loop
      vertex   1.142676e+02 1.156818e+02 3.556815e+01
      vertex   1.142676e+02 1.261364e+02 3.556815e+01
      vertex   1.137500e+02 1.156818e+02 3.550000e+01
    endloop
  endfacet
  facet normal -1.305262e-01 0.000000e+00 9.914449e-01
    outer loop
      vertex   1.137500e+02 1.156818e+02 3.550000e+01
      vertex   1.142676e+02 1.261364e+02 3.556815e+01
      vertex   1.137500e+02 1.261364e+02 3.550000e+01
    endloop
  endfacet
  facet normal 1.305262e-01 -0.000000e+00 9.914449e-01
    outer loop
      vertex   1.137500e+02 1.156818e+02 3.550000e+01
      vertex   1.137500e+02 1.261364e+02 3.550000e+01
      vertex   1.132324e+02 1.156818e+02 3.556815e+01
    endloop
  endfacet
  facet normal 1.305262e-01 -0.000000e+00 9.914449e-01
    outer loop
      vertex   1.132324e+02 1.156818e+02 3.556815e+01
      vertex   1.137500e+02 1.261364e+02 3.550000e+01
      vertex   1.132324e+02 1.261364e+02 3.556815e+01
    endloop
  endfacet
  facet normal 3.826834e-01 -0.000000e+00 9.238795e-01
    outer loop
      vertex   1.132324e+02 1.156818e+02 3.556815e+01
      vertex   1.132324e+02 1.261364e+02 3.556815e+01
      vertex   1.127500e+02 1.156818e+02 3.576795e+01
    endloop
  endfacet
  facet normal 3.826834e-01 -0.000000e+00 9.238795e-01
    outer loop
      vertex   1.127500e+02 1.156818e+02 3.576795e+01
      vertex   1.132324e+02 1.261364e+02 3.556815e+01
      vertex   1.127500e+02 1.261364e+02 3.576795e+01
    endloop
  endfacet
  facet normal 6.087614e-01 -0.000000e+00 7.933533e-01
    outer loop
      vertex   1.127500e+02 1.156818e+02 3.576795e+01
      vertex   1.127500e+02 1.261364e+02 3.576795e+01
      vertex   1.123358e+02 1.156818e+02 3.608579e+01
    endloop
  endfacet
  facet normal 6.087614e-01 -0.000000e+00 7.933533e-01
    outer loop
      vertex   1.123358e+02 1.156818e+02 3.608579e+01
      vertex   1.127500e+02 1.261364e+02 3.576795e+01
      vertex   1.123358e+02 1.261364e+02 3.608579e+01
    endloop
  endfacet
  facet normal 7.933533e-01 -0.000000e+00 6.087614e-01
    outer loop
      vertex   1.123358e+02 1.156818e+02 3.608579e+01
      vertex   1.123358e+02 1.261364e+02 3.608579e+01
      vertex   1.120180e+02 1.156818e+02 3.650000e+01
    endloop
  endfacet
  facet normal 7.933533e-01 -0.000000e+00 6.087614e-01
    outer loop
      vertex   1.120180e+02 1.156818e+02 3.650000e+01
      vertex   1.123358e+02 1.261364e+02 3.608579e+01
      vertex   1.120180e+02 1.261364e+02 3.650000e+01
    endloop
  endfacet
  facet normal 9.238795e-01 -0.000000e+00 3.826834e-01
    outer loop
      vertex   1.120180e+02 1.156818e+02 3.650000e+01
      vertex   1.120180e+02 1.261364e+02 3.650000e+01
      vertex   1.118181e+02 1.156818e+02 3.698236e+01
    endloop
  endfacet
  facet normal 9.238795e-01 -0.000000e+00 3.826834e-01
    outer loop
      vertex   1.118181e+02 1.156818e+02 3.698236e+01
      vertex   1.120180e+02 1.261364e+02 3.650000e+01
      vertex   1.118181e+02 1.261364e+02 3.698236e+01
    endloop
  endfacet
  facet normal 9.914449e-01 0.000000e+00 -1.305262e-01
    outer loop
      vertex   1.117500e+02 1.052273e+02 3.750000e+01
      vertex   1.117500e+02 1.156818e+02 3.750000e+01
      vertex   1.118181e+02 1.052273e+02 3.801764e+01
    endloop
  endfacet
  facet normal 9.914449e-01 0.000000e+00 -1.305262e-01
    outer loop
      vertex   1.118181e+02 1.052273e+02 3.801764e+01
      vertex   1.117500e+02 1.156818e+02 3.750000e+01
      vertex   1.118181e+02 1.156818e+02 3.801764e+01
    endloop
  endfacet
  facet normal 9.238795e-01 0.000000e+00 -3.826834e-01
    outer loop
      vertex   1.118181e+02 1.052273e+02 3.801764e+01
      vertex   1.118181e+02 1.156818e+02 3.801764e+01
      vertex   1.120180e+02 1.052273e+02 3.850000e+01
    endloop
  endfacet
  facet normal 9.238795e-01 0.000000e+00 -3.826834e-01
    outer loop
      vertex   1.120180e+02 1.052273e+02 3.850000e+01
      vertex   1.118181e+02 1.156818e+02 3.801764e+01
      vertex   1.120180e+02 1.156818e+02 3.850000e+01
    endloop
  endfacet
  facet normal 7.933533e-01 0.000000e+00 -6.087614e-01
    outer loop
      vertex   1.120180e+02 1.052273e+02 3.850000e+01
      vertex   1.120180e+02 1.156818e+02 3.850000e+01
      vertex   1.123358e+02 1.052273e+02 3.891421e+01
    endloop
  endfacet
  facet normal 7.933533e-01 0.000000e+00 -6.087614e-01
    outer loop
      vertex   1.123358e+02 1.052273e+02 3.891421e+01
      vertex   1.120180e+02 1.156818e+02 3.850000e+01
      vertex   1.123358e+02 1.156818e+02 3.891421e+01
    endloop
  endfacet
  facet normal 6.087614e-01 0.000000e+00 -7.933533e-01
    outer loop
      vertex   1.123358e+02 1.052273e+02 3.891421e+01
      vertex   1.123358e+02 1.156818e+02 3.891421e+01
      vertex   1.127500e+02 1.052273e+02 3.923205e+01
    endloop
  endfacet
  facet normal 6.087614e-01 0.000000e+00 -7.933533e-01
    outer loop
      vertex   1.127500e+02 1.052273e+02 3.923205e+01
      vertex   1.123358e+02 1.156818e+02 3.891421e+01
      vertex   1.127500e+02 1.156818e+02 3.923205e+01
    endloop
  endfacet
  facet normal 3.826834e-01 0.000000e+00 -9.238795e-01
    outer loop
      vertex   1.127500e+02 1.052273e+02 3.923205e+01
      vertex   1.127500e+02 1.156818e+02 3.923205e+01
      vertex   1.132324e+02 1.052273e+02 3.943185e+01
    endloop
  endfacet
  facet normal 3.826834e-01 0.000000e+00 -9.238795e-01
    outer loop
      vertex   1.132324e+02 1.052273e+02 3.943185e+01
      vertex   1.127500e+02 1.156818e+02 3.923205e+01
      vertex   1.132324e+02 1.156818e+02 3.943185e+01
    endloop
  endfacet
  facet normal 1.305262e-01 0.000000e+00 -9.914449e-01
    outer loop
      vertex   1.132324e+02 1.052273e+02 3.943185e+01
      vertex   1.132324e+02 1.156818e+02 3.943185e+01
      vertex   1.137500e+02 1.052273e+02 3.950000e+01
    endloop
  endfacet
  facet normal 1.305262e-01 0.000000e+00 -9.914449e-01
    outer loop
      vertex   1.137500e+02 1.052273e+02 3.950000e+01
      vertex   1.132324e+02 1.156818e+02 3.943185e+01
      vertex   1.137500e+02 1.156818e+02 3.950000e+01
    endloop
  endfacet
  facet normal -1.305262e-01 0.000000e+00 -9.914449e-01
    outer loop
      vertex   1.137500e+02 1.052273e+02 3.950000e+01
      vertex   1.137500e+02 1.156818e+02 3.950000e+01
      vertex   1.142676e+02 1.052273e+02 3.943185e+01
    endloop
  endfacet
  facet normal -1.305262e-01 0.000000e+00 -9.914449e-01
    outer loop
      vertex   1.142676e+02 1.052273e+02 3.943185e+01
      vertex   1.137500e+02 1.156818e+02 3.950000e+01
      vertex   1.142676e+02 1.156818e+02 3.943185e+01
    endloop
  endfacet
  facet normal -3.826834e-01 0.000000e+00 -9.238795e-01
    outer loop
      vertex   1.142676e+02 1.052273e+02 3.943185e+01
      vertex   1.142676e+02 1.156818e+02 3.943185e+01
      vertex   1.147500e+02 1.052273e+02 3.923205e+01
    endloop
  endfacet
  facet normal -3.826834e-01 0.000000e+00 -9.238795e-01
    outer loop
      vertex   1.147500e+02 1.052273e+02 3.923205e+01
      vertex   1.142676e+02 1.156818e+02 3.943185e+01
      vertex   1.147500e+02 1.156818e+02 3.923205e+01
    endloop
  endfacet
  facet normal -6.087614e-01 0.000000e+00 -7.933533e-01
    outer loop
      vertex   1.147500e+02 1.052273e+02 3.923205e+01
      vertex   1.147500e+02 1.156818e+02 3.923205e+01
      vertex   1.151642e+02 1.052273e+02 3.891421e+01
    endloop
  endfacet
  facet normal -6.087614e-01 0.000000e+00 -7.933533e-01
    outer loop
      vertex   1.151642e+02 1.052273e+02 3.891421e+01
      vertex   1.147500e+02 1.156818e+02 3.923205e+01
      vertex   1.151642e+02 1.156818e+02 3.891421e+01
    endloop
  endfacet
  facet normal -7.933533e-01 0.000000e+00 -6.087614e-01
    outer loop
      vertex   1.151642e+02 1.052273e+02 3.891421e+01
      vertex   1.151642e+02 1.156818e+02 3.891421e+01
      vertex   1.154821e+02 1.052273e+02 3.850000e+01
    endloop
  endfacet
  facet normal -7.933533e-01 0.000000e+00 -6.087614e-01
    outer loop
      vertex   1.154821e+02 1.052273e+02 3.850000e+01
      vertex   1.151642e+02 1.156818e+02 3.891421e+01
      vertex   1.154821e+02 1.156818e+02 3.850000e+01
    endloop
  endfacet
  facet normal -9.238795e-01 0.000000e+00 -3.826834e-01
    outer loop
      vertex   1.154821e+02 1.052273e+02 3.850000e+01
      vertex   1.154821e+02 1.156818e+02 3.850000e+01
      vertex   1.156819e+02 1.052273e+02 3.801764e+01
    endloop
  endfacet
  facet normal -9.238795e-01 0.000000e+00 -3.826834e-01
    outer loop
      vertex   1.156819e+02 1.052273e+02 3.801764e+01
      vertex   1.154821e+02 1.156818e+02 3.850000e+01
      vertex   1.156819e+02 1.156818e+02 3.801764e+01
    endloop
  endfacet
  facet normal -9.914449e-01 0.000000e+00 -1.305262e-01
    outer loop
      vertex   1.156819e+02 1.052273e+02 3.801764e+01
      vertex   1.156819e+02 1.156818e+02 3.801764e+01
      vertex   1.157500e+02 1.052273e+02 3.750000e+01
    endloop
  endfacet
  facet normal -9.914449e-01 0.000000e+00 -1.305262e-01
    outer loop
      vertex   1.157500e+02 1.052273e+02 3.750000e+01
      vertex   1.156819e+02 1.156818e+02 3.801764e+01
      vertex   1.157500e+02 1.156818e+02 3.750000e+01
    endloop
  endfacet
  facet normal -9.914449e-01 0.000000e+00 1.305262e-01
    outer loop
      vertex   1.157500e+02 1.052273e+02 3.750000e+01
      vertex   1.157500e+02 1.156818e+02 3.750000e+01
      vertex   1.156819e+02 1.052273e+02 3.698236e+01
    endloop
  endfacet
  facet normal -9.914449e-01 0.000000e+00 1.305262e-01
    outer loop
      vertex   1.156819e+02 1.052273e+02 3.698236e+01
      vertex   1.157500e+02 1.156818e+02 3.750000e+01
      vertex   1.156819e+02 1.156818e+02 3.698236e+01
    endloop
  endfacet
  facet normal -9.238795e-01 0.000000e+00 3.826834e-01
    outer loop
      vertex   1.156819e+02 1.052273e+02 3.698236e+01
      vertex   1.156819e+02 1.156818e+02 3.698236e+01
      vertex   1.154821e+02 1.052273e+02 3.650000e+01
    endloop
  endfacet
  facet normal -9.238795e-01 0.000000e+00 3.826834e-01
    outer loop
      vertex   1.154821e+02 1.052273e+02 3.650000e+01
      vertex   1.156819e+02 1.156818e+02 3.698236e+01
      vertex   1.154821e+02 1.156818e+02 3.650000e+01
    endloop
  endfacet
  facet normal -7.933533e-01 0.000000e+00 6.087614e-01
    outer loop
      vertex   1.154821e+02 1.052273e+02 3.650000e+01
      vertex   1.154821e+02 1.156818e+02 3.650000e+01
      vertex   1.151642e+02 1.052273e+02 3.608579e+01
    endloop
  endfacet
  facet normal -7.933533e-01 0.000000e+00 6.087614e-01
    outer loop
      vertex   1.151642e+02 1.052273e+02 3.608579e+01
      vertex   1.154821e+02 1.156818e+02 3.650000e+01
      vertex   1.151642e+02 1.156818e+02 3.608579e+01
    endloop
  endfacet
  facet normal -6.087614e-01 0.000000e+00 7.933533e-01
    outer loop
      vertex   1.151642e+02 1.052273e+02 3.608579e+01
      vertex   1.151642e+02 1.156818e+02 3.608579e+01
      vertex   1.147500e+02 1.052273e+02 3.576795e+01
    endloop
  endfacet
  facet normal -6.087614e-01 0.000000e+00 7.933533e-01
    outer loop
      vertex   1.147500e+02 1.052273e+02 3.576795e+01
      vertex   1.151642e+02 1.156818e+02 3.608579e+01
      vertex   1.147500e+02 1.156818e+02 3.576795e+01
    endloop
  endfacet
  facet normal -3.826834e-01 0.000000e+00 9.238795e-01
    outer loop
      vertex   1.147500e+02 1.052273e+02 3.576795e+01
      vertex   1.147500e+02 1.156818e+02 3.576795e+01
      vertex   1.142676e+02 1.052273e+02 3.556815e+01
    endloop
  endfacet
  facet normal -3.826834e-01 0.000000e+00 9.238795e-01
    outer loop
      vertex   1.142676e+02 1.052273e+02 3.556815e+01
      vertex   1.147500e+02 1.156818e+02 3.576795e+01
      vertex   1.142676e+02 1.156818e+02 3.556815e+01
    endloop
  endfacet
  facet normal -1.305262e-01 0.000000e+00 9.914449e-01
    outer loop
      vertex   1.142676e+02 1.052273e+02 3.556815e+01
      vertex   1.142676e+02 1.156818e+02 3.556815e+01
      vertex   1.137500e+02 1.052273e+02 3.550000e+01
    endloop
  endfacet
  facet normal -1.305262e-01 0.000000e+00 9.914449e-01
    outer loop
      vertex   1.137500e+02 1.052273e+02 3.550000e+01
      vertex   1.142676e+02 1.156818e+02 3.556815e+01
      vertex   1.137500e+02 1.156818e+02 3.550000e+01
    endloop
  endfacet
  facet normal 1.305262e-01 -0.000000e+00 9.914449e-01
    outer loop
      vertex   1.137500e+02 1.052273e+02 3.550000e+01
      vertex   1.137500e+02 1.156818e+02 3.550000e+01
      vertex   1.132324e+02 1.052273e+02 3.556815e+01
    endloop
  endfacet
  facet normal 1.305262e-01 -0.000000e+00 9.914449e-01
    outer loop
      vertex   1.132324e+02 1.052273e+02 3.556815e+01
      vertex   1.137500e+02 1.156818e+02 3.550000e+01
      vertex   1.132324e+02 1.156818e+02 3.556815e+01
    endloop
  endfacet
  facet normal 3.826834e-01 -0.000000e+00 9.238795e-01
    outer loop
      vertex   1.132324e+02 1.052273e+02 3.556815e+01
      vertex   1.132324e+02 1.156818e+02 3.556815e+01
      vertex   1.127500e+02 1.052273e+02 3.576795e+01
    endloop
  endfacet
  facet normal 3.826834e-01 -0.000000e+00 9.238795e-01
    outer loop
      vertex   1.127500e+02 1.052273e+02 3.576795e+01
      vertex   1.132324e+02 1.156818e+02 3.556815e+01
      vertex   1.127500e+02 1.156818e+02 3.576795e+01
    endloop
  endfacet
  facet normal 6.087614e-01 -0.000000e+00 7.933533e-01
    outer loop
      vertex   1.127500e+02 1.052273e+02 3.576795e+01
      vertex   1.127500e+02 1.156818e+02 3.576795e+01
      vertex   1.123358e+02 1.052273e+02 3.608579e+01
    endloop
  endfacet
  facet normal 6.087614e-01 -0.000000e+00 7.933533e-01
    outer loop
      vertex   1.123358e+02 1.052273e+02 3.608579e+01
      vertex   1.127500e+02 1.156818e+02 3.576795e+01
      vertex   1.123358e+02 1.156818e+02 3.608579e+01
    endloop
  endfacet
  facet normal 7.933533e-01 -0.000000e+00 6.087614e-01
    outer loop
      vertex   1.123358e+02 1.052273e+02 3.608579e+01
      vertex   1.123358e+02 1.156818e+02 3.608579e+01
      vertex   1.120180e+02 1.052273e+02 3.650000e+01
    endloop
  endfacet
  facet normal 7.933533e-01 -0.000000e+00 6.087614e-01
    outer loop
      vertex   1.120180e+02 1.052273e+02 3.650000e+01
      vertex   1.123358e+02 1.156818e+02 3.608579e+01
      vertex   1.120180e+02 1.156818e+02 3.650000e+01
    endloop
  endfacet
  facet normal 9.238795e-01 -0.000000e+00 3.826834e-01
    outer loop
      vertex   1.120180e+02 1.052273e+02 3.650000e+01
      vertex   1.120180e+02 1.156818e+02 3.650000e+01
      vertex   1.118181e+02 1.052273e+02 3.698236e+01
    endloop
  endfacet
  facet normal 9.238795e-01 -0.000000e+00 3.826834e-01
    outer loop
      vertex   1.118181e+02 1.052273e+02 3.698236e+01
      vertex   1.120180e+02 1.156818e+02 3.650000e+01
      vertex   1.118181e+02 1.156818e+02 3.698236e+01
    endloop
  endfacet
  facet normal 9.914449e-01 0.000000e+00 -1.305262e-01
    outer loop
      vertex   1.117500e+02 9.477273e+01 3.750000e+01
      vertex   1.117500e+02 1.052273e+02 3.750000e+01
      vertex   1.118181e+02 9.477273e+01 3.801764e+01
    endloop
  endfacet
  facet normal 9.914449e-01 0.000000e+00 -1.305262e-01
    outer loop
      vertex   1.118181e+02 9.477273e+01 3.801764e+01
      vertex   1.117500e+02 1.052273e+02 3.750000e+01
      vertex   1.118181e+02 1.052273e+02 3.801764e+01
    endloop
  endfacet
  facet normal 9.238795e-01 0.000000e+00 -3.826834e-01
    outer loop
      vertex   1.118181e+02 9.477273e+01 3.801764e+01
      vertex   1.118181e+02 1.052273e+02 3.801764e+01
      vertex   1.120180e+02 9.477273e+01 3.850000e+01
    endloop
  endfacet
  facet normal 9.238795e-01 0.000000e+00 -3.826834e-01
    outer loop
      vertex   1.120180e+02 9.477273e+01 3.850000e+01
      vertex   1.118181e+02 1.052273e+02 3.801764e+01
      vertex   1.120180e+02 1.052273e+02 3.850000e+01
    endloop
  endfacet
  facet normal 7.933533e-01 0.000000e+00 -6.087614e-01
    outer loop
      vertex   1.120180e+02 9.477273e+01 3.850000e+01
      vertex   1.120180e+02 1.052273e+02 3.850000e+01
      vertex   1.123358e+02 9.477273e+01 3.891421e+01
    endloop
  endfacet
  facet normal 7.933533e-01 0.000000e+00 -6.087614e-01
    outer loop
      vertex   1.123358e+02 9.477273e+01 3.891421e+01
      vertex   1.120180e+02 1.052273e+02 3.850000e+01
      vertex   1.123358e+02 1.052273e+02 3.891421e+01
    endloop
  endfacet
  facet normal 6.087614e-01 0.000000e+00 -7.933533e-01
    outer loop
      vertex   1.123358e+02 9.477273e+01 3.891421e+01
      vertex   1.123358e+02 1.052273e+02 3.891421e+01
      vertex   1.127500e+02 9.477273e+01 3.923205e+01
    endloop
  endfacet
  facet normal 6.087614e-01 0.000000e+00 -7.933533e-01
    outer loop
      vertex   1.127500e+02 9.477273e+01 3.923205e+01
      vertex   1.123358e+02 1.052273e+02 3.891421e+01
      vertex   1.127500e+02 1.052273e+02 3.923205e+01
    endloop
  endfacet
  facet normal 3.826834e-01 0.000000e+00 -9.238795e-01
    outer loop
      vertex   1.127500e+02 9.477273e+01 3.923205e+01
      vertex   1.127500e+02 1.052273e+02 3.923205e+01
      vertex   1.132324e+02 9.477273e+01 3.943185e+01
    endloop
  endfacet
  facet normal 3.826834e-01 0.000000e+00 -9.238795e-01
    outer loop
      vertex   1.132324e+02 9.477273e+01 3.943185e+01
      vertex   1.127500e+02 1.052273e+02 3.923205e+01
      vertex   1.132324e+02 1.052273e+02 3.943185e+01
    endloop
  endfacet
  facet normal 1.305262e-01 0.000000e+00 -9.914449e-01
    outer loop
      vertex   1.132324e+02 9.477273e+01 3.943185e+01
      vertex   1.132324e+02 1.052273e+02 3.943185e+01
      vertex   1.137500e+02 9.477273e+01 3.950000e+01
    endloop
  endfacet
  facet normal 1.305262e-01 0.000000e+00 -9.914449e-01
    outer loop
      vertex   1.137500e+02 9.477273e+01 3.950000e+01
      vertex   1.132324e+02 1.052273e+02 3.943185e+01
      vertex   1.137500e+02 1.052273e+02 3.950000e+01
    endloop
  endfacet
  facet normal -1.305262e-01 0.000000e+00 -9.914449e-01
    outer loop
      vertex   1.137500e+02 9.477273e+01 3.950000e+01
      vertex   1.137500e+02 1.052273e+02 3.950000e+01
      vertex   1.142676e+02 9.477273e+01 3.943185e+01
    endloop
  endfacet
  facet normal -1.305262e-01 0.000000e+00 -9.914449e-01
    outer loop
      vertex   1.142676e+02 9.477273e+01 3.943185e+01
      vertex   1.137500e+02 1.052273e+02 3.950000e+01
      vertex   1.142676e+02 1.052273e+02 3.943185e+01
    endloop
  endfacet
  facet normal -3.826834e-01 0.000000e+00 -9.238795e-01
    outer loop
      vertex   1.142676e+02 9.477273e+01 3.943185e+01
      vertex   1.142676e+02 1.052273e+02 3.943185e+01
      vertex   1.147500e+02 9.477273e+01 3.923205e+01
    endloop
  endfacet
  facet normal -3.826834e-01 0.000000e+00 -9.238795e-01
    outer loop
      vertex   1.147500e+02 9.477273e+01 3.923205e+01
      vertex   1.142676e+02 1.052273e+02 3.943185e+01
      vertex   1.147500e+02 1.052273e+02 3.923205e+01
    endloop
  endfacet
  facet normal -6.087614e-01 0.000000e+00 -7.933533e-01
    outer loop
      vertex   1.147500e+02 9.477273e+01 3.923205e+01
      vertex   1.147500e+02 1.052273e+02 3.923205e+01
      vertex   1.151642e+02 9.477273e+01 3.891421e+01
    endloop
  endfacet
  facet normal -6.087614e-01 0.000000e+00 -7.933533e-01
    outer loop
      vertex   1.151642e+02 9.477273e+01 3.891421e+01
      vertex   1.147500e+02 1.052273e+02 3.923205e+01
      vertex   1.151642e+02 1.052273e+02 3.891421e+01
    endloop
  endfacet
  facet normal -7.933533e-01 0.000000e+00 -6.087614e-01
    outer loop
      vertex   1.151642e+02 9.477273e+01 3.891421e+01
      vertex   1.151642e+02 1.052273e+02 3.891421e+01
      vertex   1.154821e+02 9.477273e+01 3.850000e+01
    endloop
  endfacet
  facet normal -7.933533e-01 0.000000e+00 -6.087614e-01
    outer loop
      vertex   1.154821e+02 9.477273e+01 3.850000e+01
      vertex   1.151642e+02 1.052273e+02 3.891421e+01
      vertex   1.154821e+02 1.052273e+02 3.850000e+01
    endloop
  endfacet
  facet normal -9.238795e-01 0.000000e+00 -3.826834e-01
    outer loop
      vertex   1.154821e+02 9.477273e+01 3.850000e+01
      vertex   1.154821e+02 1.052273e+02 3.850000e+01
      vertex   1.156819e+02 9.477273e+01 3.801764e+01
    endloop
  endfacet
  facet normal -9.238795e-01 0.000000e+00 -3.826834e-01
    outer loop
      vertex   1.156819e+02 9.477273e+01 3.801764e+01
      vertex   1.154821e+02 1.052273e+02 3.850000e+01
      vertex   1.156819e+02 1.052273e+02 3.801764e+01
    endloop
  endfacet
  facet normal -9.914449e-01 0.000000e+00 -1.305262e-01
    outer loop
      vertex   1.156819e+02 9.477273e+01 3.801764e+01
      vertex   1.156819e+02 1.052273e+02 3.801764e+01
      vertex   1.157500e+02 9.477273e+01 3.750000e+01
    endloop
  endfacet
  facet normal -9.914449e-01 0.000000e+00 -1.305262e-01
    outer loop
      vertex   1.157500e+02 9.477273e+01 3.750000e+01
      vertex   1.156819e+02 1.052273e+02 3.801764e+01
      vertex   1.157500e+02 1.052273e+02 3.750000e+01
    endloop
  endfacet
  facet normal -9.914449e-01 0.000000e+00 1.305262e-01
    outer loop
      vertex   1.157500e+02 9.477273e+01 3.750000e+01
      vertex   1.157500e+02 1.052273e+02 3.750000e+01
      vertex   1.156819e+02 9.477273e+01 3.698236e+01
    endloop
  endfacet
  facet normal -9.914449e-01 0.000000e+00 1.305262e-01
    outer loop
      vertex   1.156819e+02 9.477273e+01 3.698236e+01
      vertex   1.157500e+02 1.052273e+02 3.750000e+01
      vertex   1.156819e+02 1.052273e+02 3.698236e+01
    endloop
  endfacet
  facet normal -9.238795e-01 0.000000e+00 3.826834e-01
    outer loop
      vertex   1.156819e+02 9.477273e+01 3.698236e+01
      vertex   1.156819e+02 1.052273e+02 3.698236e+01
      vertex   1.154821e+02 9.477273e+01 3.650000e+01
    endloop
  endfacet
  facet normal -9.238795e-01 0.000000e+00 3.826834e-01
    outer loop
      vertex   1.154821e+02 9.477273e+01 3.650000e+01
      vertex   1.156819e+02 1.052273e+02 3.698236e+01
      vertex   1.154821e+02 1.052273e+02 3.650000e+01
    endloop
  endfacet
  facet normal -7.933533e-01 0.000000e+00 6.087614e-01
    outer loop
      vertex   1.154821e+02 9.477273e+01 3.650000e+01
      vertex   1.154821e+02 1.052273e+02 3.650000e+01
      vertex   1.151642e+02 9.477273e+01 3.608579e+01
    endloop
  endfacet
  facet normal -7.933533e-01 0.000000e+00 6.087614e-01
    outer loop
      vertex   1.151642e+02 9.477273e+01 3.608579e+01
      vertex   1.154821e+02 1.052273e+02 3.650000e+01
      vertex   1.151642e+02 1.052273e+02 3.608579e+01
    endloop
  endfacet
  facet normal -6.087614e-01 0.000000e+00 7.933533e-01
    outer loop
      vertex   1.151642e+02 9.477273e+01 3.608579e+01
      vertex   1.151642e+02 1.052273e+02 3.608579e+01
      vertex   1.147500e+02 9.477273e+01 3.576795e+01
    endloop
  endfacet
  facet normal -6.087614e-01 0.000000e+00 7.933533e-01
    outer loop
      vertex   1.147500e+02 9.477273e+01 3.576795e+01
      vertex   1.151642e+02 1.052273e+02 3.608579e+01
      vertex   1.147500e+02 1.052273e+02 3.576795e+01
    endloop
  endfacet
  facet normal -3.826834e-01 0.000000e+00 9.238795e-01
    outer loop
      vertex   1.147500e+02 9.477273e+01 3.576795e+01
      vertex   1.147500e+02 1.052273e+02 3.576795e+01
      vertex   1.142676e+02 9.477273e+01 3.556815e+01
    endloop
  endfacet
  facet normal -3.826834e-01 0.000000e+00 9.238795e-01
    outer loop
      vertex   1.142676e+02 9.477273e+01 3.556815e+01
      vertex   1.147500e+02 1.052273e+02 3.576795e+01
      vertex   1.142676e+02 1.052273e+02 3.556815e+01
    endloop
  endfacet
  facet normal -1.305262e-01 0.000000e+00 9.914449e-01
    outer loop
      vertex   1.142676e+02 9.477273e+01 3.556815e+01
      vertex   1.142676e+02 1.052273e+02 3.556815e+01
      vertex   1.137500e+02 9.477273e+01 3.550000e+01
    endloop
  endfacet
  facet normal -1.305262e-01 0.000000e+00 9.914449e-01
    outer loop
      vertex   1.137500e+02 9.477273e+01 3.550000e+01
      vertex   1.142676e+02 1.052273e+02 3.556815e+01
      vertex   1.137500e+02 1.052273e+02 3.550000e+01
    endloop
  endfacet
  facet normal 1.305262e-01 -0.000000e+00 9.914449e-01
    outer loop
      vertex   1.137500e+02 9.477273e+01 3.550000e+01
      vertex   1.137500e+02 1.052273e+02 3.550000e+01
      vertex   1.132324e+02 9.477273e+01 3.556815e+01
    endloop
  endfacet
  facet normal 1.305262e-01 -0.000000e+00 9.914449e-01
    outer loop
      vertex   1.132324e+02 9.477273e+01 3.556815e+01
      vertex   1.137500e+02 1.052273e+02 3.550000e+01
      vertex   1.132324e+02 1.052273e+02 3.556815e+01
    endloop
  endfacet
  facet normal 3.826834e-01 -0.000000e+00 9.238795e-01
    outer loop
      vertex   1.132324e+02 9.477273e+01 3.556815e+01
      vertex   1.132324e+02 1.052273e+02 3.556815e+01
      vertex   1.127500e+02 9.477273e+01 3.576795e+01
    endloop
  endfacet
  facet normal 3.826834e-01 -0.000000e+00 9.238795e-01
    outer loop
      vertex   1.127500e+02 9.477273e+01 3.576795e+01
      vertex   1.132324e+02 1.052273e+02 3.556815e+01
      vertex   1.127500e+02 1.052273e+02 3.576795e+01
    endloop
  endfacet
  facet normal 6.087614e-01 -0.000000e+00 7.933533e-01
    outer loop
      vertex   1.127500e+02 9.477273e+01 3.576795e+01
      vertex   1.127500e+02 1.052273e+02 3.576795e+01
      vertex   1.123358e+02 9.477273e+01 3.608579e+01
    endloop
  endfacet
  facet normal 6.087614e-01 -0.000000e+00 7.933533e-01
    outer loop
      vertex   1.123358e+02 9.477273e+01 3.608579e+01
      vertex   1.127500e+02 1.052273e+02 3.576795e+01
      vertex   1.123358e+02 1.052273e+02 3.608579e+01
    endloop
  endfacet
  facet normal 7.933533e-01 -0.000000e+00 6.087614e-01
    outer loop
      vertex   1.123358e+02 9.477273e+01 3.608579e+01
      vertex   1.123358e+02 1.052273e+02 3.608579e+01
      vertex   1.120180e+02 9.477273e+01 3.650000e+01
    endloop
  endfacet
  facet normal 7.933533e-01 -0.000000e+00 6.087614e-01
    outer loop
      vertex   1.120180e+02 9.477273e+01 3.650000e+01
      vertex   1.123358e+02 1.052273e+02 3.608579e+01
      vertex   1.120180e+02 1.052273e+02 3.650000e+01
    endloop
  endfacet
  facet normal 9.238795e-01 -0.000000e+00 3.826834e-01
    outer loop
      vertex   1.120180e+02 9.477273e+01 3.650000e+01
      vertex   1.120180e+02 1.052273e+02 3.650000e+01
      vertex   1.118181e+02 9.477273e+01 3.698236e+01
    endloop
  endfacet
  facet normal 9.238795e-01 -0.000000e+00 3.826834e-01
    outer loop
      vertex   1.118181e+02 9.477273e+01 3.698236e+01
      vertex   1.120180e+02 1.052273e+02 3.650000e+01
      vertex   1.118181e+02 1.052273e+02 3.698236e+01
    endloop
  endfacet
  facet normal 9.914449e-01 0.000000e+00 -1.305262e-01
    outer loop
      vertex   1.117500e+02 8.431818e+01 3.750000e+01
      vertex   1.117500e+02 9.477273e+01 3.750000e+01
      vertex   1.118181e+02 8.431818e+01 3.801764e+01
    endloop
  endfacet
  facet normal 9.914449e-01 0.000000e+00 -1.305262e-01
    outer loop
      vertex   1.118181e+02 8.431818e+01 3.801764e+01
      vertex   1.117500e+02 9.477273e+01 3.750000e+01
      vertex   1.118181e+02 9.477273e+01 3.801764e+01
    endloop
  endfacet
  facet normal 9.238795e-01 0.000000e+00 -3.826834e-01
    outer loop
      vertex   1.118181e+02 8.431818e+01 3.801764e+01
      vertex   1.118181e+02 9.477273e+01 3.801764e+01
      vertex   1.120180e+02 8.431818e+01 3.850000e+01
    endloop
  endfacet
  facet normal 9.238795e-01 0.000000e+00 -3.826834e-01
    outer loop
      vertex   1.120180e+02 8.431818e+01 3.850000e+01
      vertex   1.118181e+02 9.477273e+01 3.801764e+01
      vertex   1.120180e+02 9.477273e+01 3.850000e+01
    endloop
  endfacet
  facet normal 7.933533e-01 0.000000e+00 -6.087614e-01
    outer loop
      vertex   1.120180e+02 8.431818e+01 3.850000e+01
      vertex   1.120180e+02 9.477273e+01 3.850000e+01
      vertex   1.123358e+02 8.431818e+01 3.891421e+01
    endloop
  endfacet
  facet normal 7.933533e-01 0.000000e+00 -6.087614e-01
    outer loop
      vertex   1.123358e+02 8.431818e+01 3.891421e+01
      vertex   1.120180e+02 9.477273e+01 3.850000e+01
      vertex   1.123358e+02 9.477273e+01 3.891421e+01
    endloop
  endfacet
  facet normal 6.087614e-01 0.000000e+00 -7.933533e-01
    outer loop
      vertex   1.123358e+02 8.431818e+01 3.891421e+01
      vertex   1.123358e+02 9.477273e+01 3.891421e+01
      vertex   1.127500e+02 8.431818e+01 3.923205e+01
    endloop
  endfacet
  facet normal 6.087614e-01 0.000000e+00 -7.933533e-01
    outer loop
      vertex   1.127500e+02 8.431818e+01 3.923205e+01
      vertex   1.123358e+02 9.477273e+01 3.891421e+01
      vertex   1.127500e+02 9.477273e+01 3.923205e+01
    endloop
  endfacet
  facet normal 3.826834e-01 0.000000e+00 -9.238795e-01
    outer loop
      vertex   1.127500e+02 8.431818e+01 3.923205e+01
      vertex   1.127500e+02 9.477273e+01 3.923205e+01
      vertex   1.132324e+02 8.431818e+01 3.943185e+01
    endloop
  endfacet
  facet normal 3.826834e-01 0.000000e+00 -9.238795e-01
    outer loop
      vertex   1.132324e+02 8.431818e+01 3.943185e+01
      vertex   1.127500e+02 9.477273e+01 3.923205e+01
      vertex   1.132324e+02 9.477273e+01 3.943185e+01
    endloop
  endfacet
  facet normal 1.305262e-01 0.000000e+00 -9.914449e-01
    outer loop
      vertex   1.132324e+02 8.431818e+01 3.943185e+01
      vertex   1.132324e+02 9.477273e+01 3.943185e+01
      vertex   1.137500e+02 8.431818e+01 3.950000e+01
    endloop
  endfacet
  facet normal 1.305262e-01 0.000000e+00 -9.914449e-01
    outer loop
      vertex   1.137500e+02 8.431818e+01 3.950000e+01
      vertex   1.132324e+02 9.477273e+01 3.943185e+01
      vertex   1.137500e+02 9.477273e+01 3.950000e+01
    endloop
  endfacet
  facet normal -1.305262e-01 0.000000e+00 -9.914449e-01
    outer loop
      vertex   1.137500e+02 8.431818e+01 3.950000e+01
      vertex   1.137500e+02 9.477273e+01 3.950000e+01
      vertex   1.142676e+02 8.431818e+01 3.943185e+01
    endloop
  endfacet
  facet normal -1.305262e-01 0.000000e+00 -9.914449e-01
    outer loop
      vertex   1.142676e+02 8.431818e+01 3.943185e+01
      vertex   1.137500e+02 9.477273e+01 3.950000e+01
      vertex   1.142676e+02 9.477273e+01 3.943185e+01
    endloop
  endfacet
  facet normal -3.826834e-01 0.000000e+00 -9.238795e-01
    outer loop
      vertex   1.142676e+02 8.431818e+01 3.943185e+01
      vertex   1.142676e+02 9.477273e+01 3.943185e+01
      vertex   1.147500e+02 8.431818e+01 3.923205e+01
    endloop
  endfacet
  facet normal -3.826834e-01 0.000000e+00 -9.238795e-01
    outer loop
      vertex   1.147500e+02 8.431818e+01 3.923205e+01
      vertex   1.142676e+02 9.477273e+01 3.943185e+01
      vertex   1.147500e+02 9.477273e+01 3.923205e+01
    endloop
  endfacet
  facet normal -6.087614e-01 0.000000e+00 -7.933533e-01
    outer loop
      vertex   1.147500e+02 8.431818e+01 3.923205e+01
      vertex   1.147500e+02 9.477273e+01 3.923205e+01
      vertex   1.151642e+02 8.431818e+01 3.891421e+01
    endloop
  endfacet
  facet normal -6.087614e-01 0.000000e+00 -7.933533e-01
    outer loop
      vertex   1.151642e+02 8.431818e+01 3.891421e+01
      vertex   1.147500e+02 9.477273e+01 3.923205e+01
      vertex   1.151642e+02 9.477273e+01 3.891421e+01
    endloop
  endfacet
  facet normal -7.933533e-01 0.000000e+00 -6.087614e-01
    outer loop
      vertex   1.151642e+02 8.431818e+01 3.891421e+01
      vertex   1.151642e+02 9.477273e+01 3.891421e+01
      vertex   1.154821e+02 8.431818e+01 3.850000e+01
    endloop
  endfacet
  facet normal -7.933533e-01 0.000000e+00 -6.087614e-01
    outer loop
      vertex   1.154821e+02 8.431818e+01 3.850000e+01
      vertex   1.151642e+02 9.477273e+01 3.891421e+01
      vertex   1.154821e+02 9.477273e+01 3.850000e+01
    endloop
  endfacet
  facet normal -9.238795e-01 0.000000e+00 -3.826834e-01
    outer loop
      vertex   1.154821e+02 8.431818e+01 3.850000e+01
      vertex   1.154821e+02 9.477273e+01 3.850000e+01
      vertex   1.156819e+02 8.431818e+01 3.801764e+01
    endloop
  endfacet
  facet normal -9.238795e-01 0.000000e+00 -3.826834e-01
    outer loop
      vertex   1.156819e+02 8.431818e+01 3.801764e+01
      vertex   1.154821e+02 9.477273e+01 3.850000e+01
      vertex   1.156819e+02 9.477273e+01 3.801764e+01
    endloop
  endfacet
  facet normal -9.914449e-01 0.000000e+00 -1.305262e-01
    outer loop
      vertex   1.156819e+02 8.431818e+01 3.801764e+01
      vertex   1.156819e+02 9.477273e+01 3.801764e+01
      vertex   1.157500e+02 8.431818e+01 3.750000e+01
    endloop
  endfacet
  facet normal -9.914449e-01 0.000000e+00 -1.305262e-01
    outer loop
      vertex   1.157500e+02 8.431818e+01 3.750000e+01
      vertex   1.156819e+02 9.477273e+01 3.801764e+01
      vertex   1.157500e+02 9.477273e+01 3.750000e+01
    endloop
  endfacet
  facet normal -9.914449e-01 0.000000e+00 1.305262e-01
    outer loop
      vertex   1.157500e+02 8.431818e+01 3.750000e+01
      vertex   1.157500e+02 9.477273e+01 3.750000e+01
      vertex   1.156819e+02 8.431818e+01 3.698236e+01
    endloop
  endfacet
  facet normal -9.914449e-01 0.000000e+00 1.305262e-01
    outer loop
      vertex   1.156819e+02 8.431818e+01 3.698236e+01
      vertex   1.157500e+02 9.477273e+01 3.750000e+01
      vertex   1.156819e+02 9.477273e+01 3.698236e+01
    endloop
  endfacet
  facet normal -9.238795e-01 0.000000e+00 3.826834e-01
    outer loop
      vertex   1.156819e+02 8.431818e+01 3.698236e+01
      vertex   1.156819e+02 9.477273e+01 3.698236e+01
      vertex   1.154821e+02 8.431818e+01 3.650000e+01
    endloop
  endfacet
  facet normal -9.238795e-01 0.000000e+00 3.826834e-01
    outer loop
      vertex   1.154821e+02 8.431818e+01 3.650000e+01
      vertex   1.156819e+02 9.477273e+01 3.698236e+01
      vertex   1.154821e+02 9.477273e+01 3.650000e+01
    endloop
  endfacet
  facet normal -7.933533e-01 0.000000e+00 6.087614e-01
    outer loop
      vertex   1.154821e+02 8.431818e+01 3.650000e+01
      vertex   1.154821e+02 9.477273e+01 3.650000e+01
      vertex   1.151642e+02 8.431818e+01 3.608579e+01
    endloop
  endfacet
  facet normal -7.933533e-01 0.000000e+00 6.087614e-01
    outer loop
      vertex   1.151642e+02 8.431818e+01 3.608579e+01
      vertex   1.154821e+02 9.477273e+01 3.650000e+01
      vertex   1.151642e+02 9.477273e+01 3.608579e+01
    endloop
  endfacet
  facet normal -6.087614e-01 0.000000e+00 7.933533e-01
    outer loop
      vertex   1.151642e+02 8.431818e+01 3.608579e+01
      vertex   1.151642e+02 9.477273e+01 3.608579e+01
      vertex   1.147500e+02 8.431818e+01 3.576795e+01
    endloop
  endfacet
  facet normal -6.087614e-01 0.000000e+00 7.933533e-01
    outer loop
      vertex   1.147500e+02 8.431818e+01 3.576795e+01
      vertex   1.151642e+02 9.477273e+01 3.608579e+01
      vertex   1.147500e+02 9.477273e+01 3.576795e+01
    endloop
  endfacet
  facet normal -3.826834e-01 0.000000e+00 9.238795e-01
    outer loop
      vertex   1.147500e+02 8.431818e+01 3.576795e+01
      vertex   1.147500e+02 9.477273e+01 3.576795e+01
      vertex   1.142676e+02 8.431818e+01 3.556815e+01
    endloop
  endfacet
  facet normal -3.826834e-01 0.000000e+00 9.238795e-01
    outer loop
      vertex   1.142676e+02 8.431818e+01 3.556815e+01
      vertex   1.147500e+02 9.477273e+01 3.576795e+01
      vertex   1.142676e+02 9.477273e+01 3.556815e+01
    endloop
  endfacet
  facet normal -1.305262e-01 0.000000e+00 9.914449e-01
    outer loop
      vertex   1.142676e+02 8.431818e+01 3.556815e+01
      vertex   1.142676e+02 9.477273e+01 3.556815e+01
      vertex   1.137500e+02 8.431818e+01 3.550000e+01
    endloop
  endfacet
  facet normal -1.305262e-01 0.000000e+00 9.914449e-01
    outer loop
      vertex   1.137500e+02 8.431818e+01 3.550000e+01
      vertex   1.142676e+02 9.477273e+01 3.556815e+01
      vertex   1.137500e+02 9.477273e+01 3.550000e+01
    endloop
  endfacet
  facet normal 1.305262e-01 -0.000000e+00 9.914449e-01
    outer loop
      vertex   1.137500e+02 8.431818e+01 3.550000e+01
      vertex   1.137500e+02 9.477273e+01 3.550000e+01
      vertex   1.132324e+02 8.431818e+01 3.556815e+01
    endloop
  endfacet
  facet normal 1.305262e-01 -0.000000e+00 9.914449e-01
    outer loop
      vertex   1.132324e+02 8.431818e+01 3.556815e+01
      vertex   1.137500e+02 9.477273e+01 3.550000e+01
      vertex   1.132324e+02 9.477273e+01 3.556815e+01
    endloop
  endfacet
  facet normal 3.826834e-01 -0.000000e+00 9.238795e-01
    outer loop
      vertex   1.132324e+02 8.431818e+01 3.556815e+01
      vertex   1.132324e+02 9.477273e+01 3.556815e+01
      vertex   1.127500e+02 8.431818e+01 3.576795e+01
    endloop
  endfacet
  facet normal 3.826834e-01 -0.000000e+00 9.238795e-01
    outer loop
      vertex   1.127500e+02 8.431818e+01 3.576795e+01
      vertex   1.132324e+02 9.477273e+01 3.556815e+01
      vertex   1.127500e+02 9.477273e+01 3.576795e+01
    endloop
  endfacet
  facet normal 6.087614e-01 -0.000000e+00 7.933533e-01
    outer loop
      vertex   1.127500e+02 8.431818e+01 3.576795e+01
      vertex   1.127500e+02 9.477273e+01 3.576795e+01
      vertex   1.123358e+02 8.431818e+01 3.608579e+01
    endloop
  endfacet
  facet normal 6.087614e-01 -0.000000e+00 7.933533e-01
    outer loop
      vertex   1.123358e+02 8.431818e+01 3.608579e+01
      vertex   1.127500e+02 9.477273e+01 3.576795e+01
      vertex   1.123358e+02 9.477273e+01 3.608579e+01
    endloop
  endfacet
  facet normal 7.933533e-01 -0.000000e+00 6.087614e-01
    outer loop
      vertex   1.123358e+02 8.431818e+01 3.608579e+01
      vertex   1.123358e+02 9.477273e+01 3.608579e+01
      vertex   1.120180e+02 8.431818e+01 3.650000e+01
    endloop
  endfacet
  facet normal 7.933533e-01 -0.000000e+00 6.087614e-01
    outer loop
      vertex   1.120180e+02 8.431818e+01 3.650000e+01
      vertex   1.123358e+02 9.477273e+01 3.608579e+01
      vertex   1.120180e+02 9.477273e+01 3.650000e+01
    endloop
  endfacet
  facet normal 9.238795e-01 -0.000000e+00 3.826834e-01
    outer loop
      vertex   1.120180e+02 8.431818e+01 3.650000e+01
      vertex   1.120180e+02 9.477273e+01 3.650000e+01
      vertex   1.118181e+02 8.431818e+01 3.698236e+01
    endloop
  endfacet
  facet normal 9.238795e-01 -0.000000e+00 3.826834e-01
    outer loop
      vertex   1.118181e+02 8.431818e+01 3.698236e+01
      vertex   1.120180e+02 9.477273e+01 3.650000e+01
      vertex   1.118181e+02 9.477273e+01 3.698236e+01
    endloop
  endfacet
  facet normal 9.914449e-01 0.000000e+00 -1.305262e-01
    outer loop
      vertex   1.117500e+02 7.386364e+01 3.750000e+01
      vertex   1.117500e+02 8.431818e+01 3.750000e+01
      vertex   1.118181e+02 7.386364e+01 3.801764e+01
    endloop
  endfacet
  facet normal 9.914449e-01 0.000000e+00 -1.305262e-01
    outer loop
      vertex   1.118181e+02 7.386364e+01 3.801764e+01
      vertex   1.117500e+02 8.431818e+01 3.750000e+01
      vertex   1.118181e+02 8.431818e+01 3.801764e+01
    endloop
  endfacet
  facet normal 9.238795e-01 0.000000e+00 -3.826834e-01
    outer loop
      vertex   1.118181e+02 7.386364e+01 3.801764e+01
      vertex   1.118181e+02 8.431818e+01 3.801764e+01
      vertex   1.120180e+02 7.386364e+01 3.850000e+01
    endloop
  endfacet
  facet normal 9.238795e-01 0.000000e+00 -3.826834e-01
    outer loop
      vertex   1.120180e+02 7.386364e+01 3.850000e+01
      vertex   1.118181e+02 8.431818e+01 3.801764e+01
      vertex   1.120180e+02 8.431818e+01 3.850000e+01
    endloop
  endfacet
  facet normal 7.933533e-01 0.000000e+00 -6.087614e-01
    outer loop
      vertex   1.120180e+02 7.386364e+01 3.850000e+01
      vertex   1.120180e+02 8.431818e+01 3.850000e+01
      vertex   1.123358e+02 7.386364e+01 3.891421e+01
    endloop
  endfacet
  facet normal 7.933533e-01 0.000000e+00 -6.087614e-01
    outer loop
      vertex   1.123358e+02 7.386364e+01 3.891421e+01
      vertex   1.120180e+02 8.431818e+01 3.850000e+01
      vertex   1.123358e+02 8.431818e+01 3.891421e+01
    endloop
  endfacet
  facet normal 6.087614e-01 0.000000e+00 -7.933533e-01
    outer loop
      vertex   1.123358e+02 7.386364e+01 3.891421e+01
      vertex   1.123358e+02 8.431818e+01 3.891421e+01
      vertex   1.127500e+02 7.386364e+01 3.923205e+01
    endloop
  endfacet
  facet normal 6.087614e-01 0.000000e+00 -7.933533e-01
    outer loop
      vertex   1.127500e+02 7.386364e+01 3.923205e+01
      vertex   1.123358e+02 8.431818e+01 3.891421e+01
      vertex   1.127500e+02 8.431818e+01 3.923205e+01
    endloop
  endfacet
  facet normal 3.826834e-01 0.000000e+00 -9.238795e-01
    outer loop
      vertex   1.127500e+02 7.386364e+01 3.923205e+01
      vertex   1.127500e+02 8.431818e+01 3.923205e+01
      vertex   1.132324e+02 7.386364e+01 3.943185e+01
    endloop
  endfacet
  facet normal 3.826834e-01 0.000000e+00 -9.238795e-01
    outer loop
      vertex   1.132324e+02 7.386364e+01 3.943185e+01
      vertex   1.127500e+02 8.431818e+01 3.923205e+01
      vertex   1.132324e+02 8.431818e+01 3.943185e+01
    endloop
  endfacet
  facet normal 1.305262e-01 0.000000e+00 -9.914449e-01
    outer loop
      vertex   1.132324e+02 7.386364e+01 3.943185e+01
      vertex   1.132324e+02 8.431818e+01 3.943185e+01
      vertex   1.137500e+02 7.386364e+01 3.950000e+01
    endloop
  endfacet
  facet normal 1.305262e-01 0.000000e+00 -9.914449e-01
    outer loop
      vertex   1.137500e+02 7.386364e+01 3.950000e+01
      vertex   1.132324e+02 8.431818e+01 3.943185e+01
      vertex   1.137500e+02 8.431818e+01 3.950000e+01
    endloop
  endfacet
  facet normal -1.305262e-01 0.000000e+00 -9.914449e-01
    outer loop
      vertex   1.137500e+02 7.386364e+01 3.950000e+01
      vertex   1.137500e+02 8.431818e+01 3.950000e+01
      vertex   1.142676e+02 7.386364e+01 3.943185e+01
    endloop
  endfacet
  facet normal -1.305262e-01 0.000000e+00 -9.914449e-01
    outer loop
      vertex   1.142676e+02 7.386364e+01 3.943185e+01
      vertex   1.137500e+02 8.431818e+01 3.950000e+01
      vertex   1.142676e+02 8.431818e+01 3.943185e+01
    endloop
  endfacet
  facet normal -3.826834e-01 0.000000e+00 -9.238795e-01
    outer loop
      vertex   1.142676e+02 7.386364e+01 3.943185e+01
      vertex   1.142676e+02 8.431818e+01 3.943185e+01
      vertex   1.147500e+02 7.386364e+01 3.923205e+01
    endloop
  endfacet
  facet normal -3.826834e-01 0.000000e+00 -9.238795e-01
    outer loop
      vertex   1.147500e+02 7.386364e+01 3.923205e+01
      vertex   1.142676e+02 8.431818e+01 3.943185e+01
      vertex   1.147500e+02 8.431818e+01 3.923205e+01
    endloop
  endfacet
  facet normal -6.087614e-01 0.000000e+00 -7.933533e-01
    outer loop
      vertex   1.147500e+02 7.386364e+01 3.923205e+01
      vertex   1.147500e+02 8.431818e+01 3.923205e+01
      vertex   1.151642e+02 7.386364e+01 3.891421e+01
    endloop
  endfacet
  facet normal -6.087614e-01 0.000000e+00 -7.933533e-01
    outer loop
      vertex   1.151642e+02 7.386364e+01 3.891421e+01
      vertex   1.147500e+02 8.431818e+01 3.923205e+01
      vertex   1.151642e+02 8.431818e+01 3.891421e+01
    endloop
  endfacet
  facet normal -7.933533e-01 0.000000e+00 -6.087614e-01
    outer loop
      vertex   1.151642e+02 7.386364e+01 3.891421e+01
      vertex   1.151642e+02 8.431818e+01 3.891421e+01
      vertex   1.154821e+02 7.386364e+01 3.850000e+01
    endloop
  endfacet
  facet normal -7.933533e-01 0.000000e+00 -6.087614e-01
    outer loop
      vertex   1.154821e+02 7.386364e+01 3.850000e+01
      vertex   1.151642e+02 8.431818e+01 3.891421e+01
      vertex   1.154821e+02 8.431818e+01 3.850000e+01
    endloop
  endfacet
  facet normal -9.238795e-01 0.000000e+00 -3.826834e-01
    outer loop
      vertex   1.154821e+02 7.386364e+01 3.850000e+01
      vertex   1.154821e+02 8.431818e+01 3.850000e+01
      vertex   1.156819e+02 7.386364e+01 3.801764e+01
    endloop
  endfacet
  facet normal -9.238795e-01 0.000000e+00 -3.826834e-01
    outer loop
      vertex   1.156819e+02 7.386364e+01 3.801764e+01
      vertex   1.154821e+02 8.431818e+01 3.850000e+01
      vertex   1.156819e+02 8.431818e+01 3.801764e+01
    endloop
  endfacet
  facet normal -9.914449e-01 0.000000e+00 -1.305262e-01
    outer loop
      vertex   1.156819e+02 7.386364e+01 3.801764e+01
      vertex   1.156819e+02 8.431818e+01 3.801764e+01
      vertex   1.157500e+02 7.386364e+01 3.750000e+01
    endloop
  endfacet
  facet normal -9.914449e-01 0.000000e+00 -1.305262e-01
    outer loop
      vertex   1.157500e+02 7.386364e+01 3.750000e+01
      vertex   1.156819e+02 8.431818e+01 3.801764e+01
      vertex   1.157500e+02 8.431818e+01 3.750000e+01
    endloop
  endfacet
  facet normal -9.914449e-01 0.000000e+00 1.305262e-01
    outer loop
      vertex   1.157500e+02 7.386364e+01 3.750000e+01
      vertex   1.157500e+02 8.431818e+01 3.750000e+01
      vertex   1.156819e+02 7.386364e+01 3.698236e+01
    endloop
  endfacet
  facet normal -9.914449e-01 0.000000e+00 1.305262e-01
    outer loop
      vertex   1.156819e+02 7.386364e+01 3.698236e+01
      vertex   1.157500e+02 8.431818e+01 3.750000e+01
      vertex   1.156819e+02 8.431818e+01 3.698236e+01
    endloop
  endfacet
  facet normal -9.238795e-01 0.000000e+00 3.826834e-01
    outer loop
      vertex   1.156819e+02 7.386364e+01 3.698236e+01
      vertex   1.156819e+02 8.431818e+01 3.698236e+01
      vertex   1.154821e+02 7.386364e+01 3.650000e+01
    endloop
  endfacet
  facet normal -9.238795e-01 0.000000e+00 3.826834e-01
    outer loop
      vertex   1.154821e+02 7.386364e+01 3.650000e+01
      vertex   1.156819e+02 8.431818e+01 3.698236e+01
      vertex   1.154821e+02 8.431818e+01 3.650000e+01
    endloop
  endfacet
  facet normal -7.933533e-01 0.000000e+00 6.087614e-01
    outer loop
      vertex   1.154821e+02 7.386364e+01 3.650000e+01
      vertex   1.154821e+02 8.431818e+01 3.650000e+01
      vertex   1.151642e+02 7.386364e+01 3.608579e+01
    endloop
  endfacet
  facet normal -7.933533e-01 0.000000e+00 6.087614e-01
    outer loop
      vertex   1.151642e+02 7.386364e+01 3.608579e+01
      vertex   1.154821e+02 8.431818e+01 3.650000e+01
      vertex   1.151642e+02 8.431818e+01 3.608579e+01
    endloop
  endfacet
  facet normal -6.087614e-01 0.000000e+00 7.933533e-01
    outer loop
      vertex   1.151642e+02 7.386364e+01 3.608579e+01
      vertex   1.151642e+02 8.431818e+01 3.608579e+01
      vertex   1.147500e+02 7.386364e+01 3.576795e+01
    endloop
  endfacet
  facet normal -6.087614e-01 0.000000e+00 7.933533e-01
    outer loop
      vertex   1.147500e+02 7.386364e+01 3.576795e+01
      vertex   1.151642e+02 8.431818e+01 3.608579e+01
      vertex   1.147500e+02 8.431818e+01 3.576795e+01
    endloop
  endfacet
  facet normal -3.826834e-01 0.000000e+00 9.238795e-01
    outer loop
      vertex   1.147500e+02 7.386364e+01 3.576795e+01
      vertex   1.147500e+02 8.431818e+01 3.576795e+01
      vertex   1.142676e+02 7.386364e+01 3.556815e+01
    endloop
  endfacet
  facet normal -3.826834e-01 0.000000e+00 9.238795e-01
    outer loop
      vertex   1.142676e+02 7.386364e+01 3.556815e+01
      vertex   1.147500e+02 8.431818e+01 3.576795e+01
      vertex   1.142676e+02 8.431818e+01 3.556815e+01
    endloop
  endfacet
  facet normal -1.305262e-01 0.000000e+00 9.914449e-01
    outer loop
      vertex   1.142676e+02 7.386364e+01 3.556815e+01
      vertex   1.142676e+02 8.431818e+01 3.556815e+01
      vertex   1.137500e+02 7.386364e+01 3.550000e+01
    endloop
  endfacet
  facet normal -1.305262e-01 0.000000e+00 9.914449e-01
    outer loop
      vertex   1.137500e+02 7.386364e+01 3.550000e+01
      vertex   1.142676e+02 8.431818e+01 3.556815e+01
      vertex   1.137500e+02 8.431818e+01 3.550000e+01
    endloop
  endfacet
  facet normal 1.305262e-01 -0.000000e+00 9.914449e-01
    outer loop
      vertex   1.137500e+02 7.386364e+01 3.550000e+01
      vertex   1.137500e+02 8.431818e+01 3.550000e+01
      vertex   1.132324e+02 7.386364e+01 3.556815e+01
    endloop
  endfacet
  facet normal 1.305262e-01 -0.000000e+00 9.914449e-01
    outer loop
      vertex   1.132324e+02 7.386364e+01 3.556815e+01
      vertex   1.137500e+02 8.431818e+01 3.550000e+01
      vertex   1.132324e+02 8.431818e+01 3.556815e+01
    endloop
  endfacet
  facet normal 3.826834e-01 -0.000000e+00 9.238795e-01
    outer loop
      vertex   1.132324e+02 7.386364e+01 3.556815e+01
      vertex   1.132324e+02 8.431818e+01 3.556815e+01
      vertex   1.127500e+02 7.386364e+01 3.576795e+01
    endloop
  endfacet
  facet normal 3.826834e-01 -0.000000e+00 9.238795e-01
    outer loop
      vertex   1.127500e+02 7.386364e+01 3.576795e+01
      vertex   1.132324e+02 8.431818e+01 3.556815e+01
      vertex   1.127500e+02 8.431818e+01 3.576795e+01
    endloop
  endfacet
  facet normal 6.087614e-01 -0.000000e+00 7.933533e-01
    outer loop
      vertex   1.127500e+02 7.386364e+01 3.576795e+01
      vertex   1.127500e+02 8.431818e+01 3.576795e+01
      vertex   1.123358e+02 7.386364e+01 3.608579e+01
    endloop
  endfacet
  facet normal 6.087614e-01 -0.000000e+00 7.933533e-01
    outer loop
      vertex   1.123358e+02 7.386364e+01 3.608579e+01
      vertex   1.127500e+02 8.431818e+01 3.576795e+01
      vertex   1.123358e+02 8.431818e+01 3.608579e+01
    endloop
  endfacet
  facet normal 7.933533e-01 -0.000000e+00 6.087614e-01
    outer loop
      vertex   1.123358e+02 7.386364e+01 3.608579e+01
      vertex   1.123358e+02 8.431818e+01 3.608579e+01
      vertex   1.120180e+02 7.386364e+01 3.650000e+01
    endloop
  endfacet
  facet normal 7.933533e-01 -0.000000e+00 6.087614e-01
    outer loop
      vertex   1.120180e+02 7.386364e+01 3.650000e+01
      vertex   1.123358e+02 8.431818e+01 3.608579e+01
      vertex   1.120180e+02 8.431818e+01 3.650000e+01
    endloop
  endfacet
  facet normal 9.238795e-01 -0.000000e+00 3.826834e-01
    outer loop
      vertex   1.120180e+02 7.386364e+01 3.650000e+01
      vertex   1.120180e+02 8.431818e+01 3.650000e+01
      vertex   1.118181e+02 7.386364e+01 3.698236e+01
    endloop
  endfacet
  facet normal 9.238795e-01 -0.000000e+00 3.826834e-01
    outer loop
      vertex   1.118181e+02 7.386364e+01 3.698236e+01
      vertex   1.120180e+02 8.431818e+01 3.650000e+01
      vertex   1.118181e+02 8.431818e+01 3.698236e+01
    endloop
  endfacet
  facet normal 9.914449e-01 0.000000e+00 -1.305262e-01
    outer loop
      vertex   1.118181e+02 5.295455e+01 3.801764e+01
      vertex   1.117500e+02 5.295455e+01 3.750000e+01
      vertex   1.117500e+02 6.340909e+01 3.750000e+01
    endloop
  endfacet
  facet normal 9.914449e-01 0.000000e+00 -1.305262e-01
    outer loop
      vertex   1.117500e+02 6.340909e+01 3.750000e+01
      vertex   1.117500e+02 7.386364e+01 3.750000e+01
      vertex   1.118181e+02 6.340909e+01 3.801764e+01
    endloop
  endfacet
  facet normal 9.914449e-01 0.000000e+00 -1.305262e-01
    outer loop
      vertex   1.118181e+02 6.340909e+01 3.801764e+01
      vertex   1.117500e+02 7.386364e+01 3.750000e+01
      vertex   1.118181e+02 7.386364e+01 3.801764e+01
    endloop
  endfacet
  facet normal 9.238795e-01 0.000000e+00 -3.826834e-01
    outer loop
      vertex   1.118181e+02 6.340909e+01 3.801764e+01
      vertex   1.118181e+02 7.386364e+01 3.801764e+01
      vertex   1.120180e+02 6.340909e+01 3.850000e+01
    endloop
  endfacet
  facet normal 9.238795e-01 0.000000e+00 -3.826834e-01
    outer loop
      vertex   1.120180e+02 6.340909e+01 3.850000e+01
      vertex   1.118181e+02 7.386364e+01 3.801764e+01
      vertex   1.120180e+02 7.386364e+01 3.850000e+01
    endloop
  endfacet
  facet normal 7.933533e-01 0.000000e+00 -6.087614e-01
    outer loop
      vertex   1.120180e+02 6.340909e+01 3.850000e+01
      vertex   1.120180e+02 7.386364e+01 3.850000e+01
      vertex   1.123358e+02 6.340909e+01 3.891421e+01
    endloop
  endfacet
  facet normal 7.933533e-01 0.000000e+00 -6.087614e-01
    outer loop
      vertex   1.123358e+02 6.340909e+01 3.891421e+01
      vertex   1.120180e+02 7.386364e+01 3.850000e+01
      vertex   1.123358e+02 7.386364e+01 3.891421e+01
    endloop
  endfacet
  facet normal 6.087614e-01 0.000000e+00 -7.933533e-01
    outer loop
      vertex   1.123358e+02 6.340909e+01 3.891421e+01
      vertex   1.123358e+02 7.386364e+01 3.891421e+01
      vertex   1.127500e+02 6.340909e+01 3.923205e+01
    endloop
  endfacet
  facet normal 6.087614e-01 0.000000e+00 -7.933533e-01
    outer loop
      vertex   1.127500e+02 6.340909e+01 3.923205e+01
      vertex   1.123358e+02 7.386364e+01 3.891421e+01
      vertex   1.127500e+02 7.386364e+01 3.923205e+01
    endloop
  endfacet
  facet normal 3.826834e-01 0.000000e+00 -9.238795e-01
    outer loop
      vertex   1.127500e+02 6.340909e+01 3.923205e+01
      vertex   1.127500e+02 7.386364e+01 3.923205e+01
      vertex   1.132324e+02 6.340909e+01 3.943185e+01
    endloop
  endfacet
  facet normal 3.826834e-01 0.000000e+00 -9.238795e-01
    outer loop
      vertex   1.132324e+02 6.340909e+01 3.943185e+01
      vertex   1.127500e+02 7.386364e+01 3.923205e+01
      vertex   1.132324e+02 7.386364e+01 3.943185e+01
    endloop
  endfacet
  facet normal 1.305262e-01 0.000000e+00 -9.914449e-01
    outer loop
      vertex   1.132324e+02 6.340909e+01 3.943185e+01
      vertex   1.132324e+02 7.386364e+01 3.943185e+01
      vertex   1.137500e+02 6.340909e+01 3.950000e+01
    endloop
  endfacet
  facet normal 1.305262e-01 0.000000e+00 -9.914449e-01
    outer loop
      vertex   1.137500e+02 6.340909e+01 3.950000e+01
      vertex   1.132324e+02 7.386364e+01 3.943185e+01
      vertex   1.137500e+02 7.386364e+01 3.950000e+01
    endloop
  endfacet
  facet normal -1.305262e-01 0.000000e+00 -9.914449e-01
    outer loop
      vertex   1.137500e+02 6.340909e+01 3.950000e+01
      vertex   1.137500e+02 7.386364e+01 3.950000e+01
      vertex   1.142676e+02 6.340909e+01 3.943185e+01
    endloop
  endfacet
  facet normal -1.305262e-01 0.000000e+00 -9.914449e-01
    outer loop
      vertex   1.142676e+02 6.340909e+01 3.943185e+01
      vertex   1.137500e+02 7.386364e+01 3.950000e+01
      vertex   1.142676e+02 7.386364e+01 3.943185e+01
    endloop
  endfacet
  facet normal -3.826834e-01 0.000000e+00 -9.238795e-01
    outer loop
      vertex   1.142676e+02 6.340909e+01 3.943185e+01
      vertex   1.142676e+02 7.386364e+01 3.943185e+01
      vertex   1.147500e+02 6.340909e+01 3.923205e+01
    endloop
  endfacet
  facet normal -3.826834e-01 0.000000e+00 -9.238795e-01
    outer loop
      vertex   1.147500e+02 6.340909e+01 3.923205e+01
      vertex   1.142676e+02 7.386364e+01 3.943185e+01
      vertex   1.147500e+02 7.386364e+01 3.923205e+01
    endloop
  endfacet
  facet normal -6.087614e-01 0.000000e+00 -7.933533e-01
    outer loop
      vertex   1.147500e+02 6.340909e+01 3.923205e+01
      vertex   1.147500e+02 7.386364e+01 3.923205e+01
      vertex   1.151642e+02 6.340909e+01 3.891421e+01
    endloop
  endfacet
  facet normal -6.087614e-01 0.000000e+00 -7.933533e-01
    outer loop
      vertex   1.151642e+02 6.340909e+01 3.891421e+01
      vertex   1.147500e+02 7.386364e+01 3.923205e+01
      vertex   1.151642e+02 7.386364e+01 3.891421e+01
    endloop
  endfacet
  facet normal -7.933533e-01 0.000000e+00 -6.087614e-01
    outer loop
      vertex   1.151642e+02 6.340909e+01 3.891421e+01
      vertex   1.151642e+02 7.386364e+01 3.891421e+01
      vertex   1.154821e+02 6.340909e+01 3.850000e+01
    endloop
  endfacet
  facet normal -7.933533e-01 0.000000e+00 -6.087614e-01
    outer loop
      vertex   1.154821e+02 6.340909e+01 3.850000e+01
      vertex   1.151642e+02 7.386364e+01 3.891421e+01
      vertex   1.154821e+02 7.386364e+01 3.850000e+01
    endloop
  endfacet
  facet normal -9.238795e-01 0.000000e+00 -3.826834e-01
    outer loop
      vertex   1.154821e+02 6.340909e+01 3.850000e+01
      vertex   1.154821e+02 7.386364e+01 3.850000e+01
      vertex   1.156819e+02 6.340909e+01 3.801764e+01
    endloop
  endfacet
  facet normal -9.238795e-01 0.000000e+00 -3.826834e-01
    outer loop
      vertex   1.156819e+02 6.340909e+01 3.801764e+01
      vertex   1.154821e+02 7.386364e+01 3.850000e+01
      vertex   1.156819e+02 7.386364e+01 3.801764e+01
    endloop
  endfacet
  facet normal -9.914449e-01 0.000000e+00 -1.305262e-01
    outer loop
      vertex   1.156819e+02 6.340909e+01 3.801764e+01
      vertex   1.156819e+02 7.386364e+01 3.801764e+01
      vertex   1.157500e+02 6.340909e+01 3.750000e+01
    endloop
  endfacet
  facet normal -9.914449e-01 0.000000e+00 -1.305262e-01
    outer loop
      vertex   1.157500e+02 6.340909e+01 3.750000e+01
      vertex   1.156819e+02 7.386364e+01 3.801764e+01
      vertex   1.157500e+02 7.386364e+01 3.750000e+01
    endloop
  endfacet
  facet normal -9.914449e-01 0.000000e+00 1.305262e-01
    outer loop
      vertex   1.157500e+02 6.340909e+01 3.750000e+01
      vertex   1.157500e+02 7.386364e+01 3.750000e+01
      vertex   1.156819e+02 6.340909e+01 3.698236e+01
    endloop
  endfacet
  facet normal -9.914449e-01 0.000000e+00 1.305262e-01
    outer loop
      vertex   1.156819e+02 6.340909e+01 3.698236e+01
      vertex   1.157500e+02 7.386364e+01 3.750000e+01
      vertex   1.156819e+02 7.386364e+01 3.698236e+01
    endloop
  endfacet
  facet normal -9.238795e-01 0.000000e+00 3.826834e-01
    outer loop
      vertex   1.156819e+02 6.340909e+01 3.698236e+01
      vertex   1.156819e+02 7.386364e+01 3.698236e+01
      vertex   1.154821e+02 6.340909e+01 3.650000e+01
    endloop
  endfacet
  facet normal -9.238795e-01 0.000000e+00 3.826834e-01
    outer loop
      vertex   1.154821e+02 6.340909e+01 3.650000e+01
      vertex   1.156819e+02 7.386364e+01 3.698236e+01
      vertex   1.154821e+02 7.386364e+01 3.650000e+01
    endloop
  endfacet
  facet normal -7.933533e-01 0.000000e+00 6.087614e-01
    outer loop
      vertex   1.154821e+02 6.340909e+01 3.650000e+01
      vertex   1.154821e+02 7.386364e+01 3.650000e+01
      vertex   1.151642e+02 6.340909e+01 3.608579e+01
    endloop
  endfacet
  facet normal -7.933533e-01 0.000000e+00 6.087614e-01
    outer loop
      vertex   1.151642e+02 6.340909e+01 3.608579e+01
      vertex   1.154821e+02 7.386364e+01 3.650000e+01
      vertex   1.151642e+02 7.386364e+01 3.608579e+01
    endloop
  endfacet
  facet normal -6.087614e-01 0.000000e+00 7.933533e-01
    outer loop
      vertex   1.151642e+02 6.340909e+01 3.608579e+01
      vertex   1.151642e+02 7.386364e+01 3.608579e+01
      vertex   1.147500e+02 6.340909e+01 3.576795e+01
    endloop
  endfacet
  facet normal -6.087614e-01 0.000000e+00 7.933533e-01
    outer loop
      vertex   1.147500e+02 6.340909e+01 3.576795e+01
      vertex   1.151642e+02 7.386364e+01 3.608579e+01
      vertex   1.147500e+02 7.386364e+01 3.576795e+01
    endloop
  endfacet
  facet normal -3.826834e-01 0.000000e+00 9.238795e-01
    outer loop
      vertex   1.147500e+02 6.340909e+01 3.576795e+01
      vertex   1.147500e+02 7.386364e+01 3.576795e+01
      vertex   1.142676e+02 6.340909e+01 3.556815e+01
    endloop
  endfacet
  facet normal -3.826834e-01 0.000000e+00 9.238795e-01
    outer loop
      vertex   1.142676e+02 6.340909e+01 3.556815e+01
      vertex   1.147500e+02 7.386364e+01 3.576795e+01
      vertex   1.142676e+02 7.386364e+01 3.556815e+01
    endloop
  endfacet
  facet normal -1.305262e-01 0.000000e+00 9.914449e-01
    outer loop
      vertex   1.142676e+02 6.340909e+01 3.556815e+01
      vertex   1.142676e+02 7.386364e+01 3.556815e+01
      vertex   1.137500e+02 6.340909e+01 3.550000e+01
    endloop
  endfacet
  facet normal -1.305262e-01 0.000000e+00 9.914449e-01
    outer loop
      vertex   1.137500e+02 6.340909e+01 3.550000e+01
      vertex   1.142676e+02 7.386364e+01 3.556815e+01
      vertex   1.137500e+02 7.386364e+01 3.550000e+01
    endloop
  endfacet
  facet normal 1.305262e-01 -0.000000e+00 9.914449e-01
    outer loop
      vertex   1.137500e+02 6.340909e+01 3.550000e+01
      vertex   1.137500e+02 7.386364e+01 3.550000e+01
      vertex   1.132324e+02 6.340909e+01 3.556815e+01
    endloop
  endfacet
  facet normal 1.305262e-01 -0.000000e+00 9.914449e-01
    outer loop
      vertex   1.132324e+02 6.340909e+01 3.556815e+01
      vertex   1.137500e+02 7.386364e+01 3.550000e+01
      vertex   1.132324e+02 7.386364e+01 3.556815e+01
    endloop
  endfacet
  facet normal 3.826834e-01 -0.000000e+00 9.238795e-01
    outer loop
      vertex   1.132324e+02 6.340909e+01 3.556815e+01
      vertex   1.132324e+02 7.386364e+01 3.556815e+01
      vertex   1.127500e+02 6.340909e+01 3.576795e+01
    endloop
  endfacet
  facet normal 3.826834e-01 -0.000000e+00 9.238795e-01
    outer loop
      vertex   1.127500e+02 6.340909e+01 3.576795e+01
      vertex   1.132324e+02 7.386364e+01 3.556815e+01
      vertex   1.127500e+02 7.386364e+01 3.576795e+01
    endloop
  endfacet
  facet normal 6.087614e-01 -0.000000e+00 7.933533e-01
    outer loop
      vertex   1.127500e+02 6.340909e+01 3.576795e+01
      vertex   1.127500e+02 7.386364e+01 3.576795e+01
      vertex   1.123358e+02 6.340909e+01 3.608579e+01
    endloop
  endfacet
  facet normal 6.087614e-01 -0.000000e+00 7.933533e-01
    outer loop
      vertex   1.123358e+02 6.340909e+01 3.608579e+01
      vertex   1.127500e+02 7.386364e+01 3.576795e+01
      vertex   1.123358e+02 7.386364e+01 3.608579e+01
    endloop
  endfacet
  facet normal 7.933533e-01 -0.000000e+00 6.087614e-01
    outer loop
      vertex   1.123358e+02 6.340909e+01 3.608579e+01
      vertex   1.123358e+02 7.386364e+01 3.608579e+01
      vertex   1.120180e+02 6.340909e+01 3.650000e+01
    endloop
  endfacet
  facet normal 7.933533e-01 -0.000000e+00 6.087614e-01
    outer loop
      vertex   1.120180e+02 6.340909e+01 3.650000e+01
      vertex   1.123358e+02 7.386364e+01 3.608579e+01
      vertex   1.120180e+02 7.386364e+01 3.650000e+01
    endloop
  endfacet
  facet normal 9.238795e-01 -0.000000e+00 3.826834e-01
    outer loop
      vertex   1.120180e+02 6.340909e+01 3.650000e+01
      vertex   1.120180e+02 7.386364e+01 3.650000e+01
      vertex   1.118181e+02 6.340909e+01 3.698236e+01
    endloop
  endfacet
  facet normal 9.238795e-01 -0.000000e+00 3.826834e-01
    outer loop
      vertex   1.118181e+02 6.340909e+01 3.698236e+01
      vertex   1.120180e+02 7.386364e+01 3.650000e+01
      vertex   1.118181e+02 7.386364e+01 3.698236e+01
    endloop
  endfacet
  facet normal 9.238795e-01 0.000000e+00 -3.826834e-01
    outer loop
      vertex   1.120180e+02 5.295455e+01 3.850000e+01
      vertex   1.118181e+02 5.295455e+01 3.801764e+01
      vertex   1.118181e+02 6.340909e+01 3.801764e+01
    endloop
  endfacet
  facet normal 9.914449e-01 0.000000e+00 -1.305262e-01
    outer loop
      vertex   1.118181e+02 6.340909e+01 3.801764e+01
      vertex   1.118181e+02 5.295455e+01 3.801764e+01
      vertex   1.117500e+02 6.340909e+01 3.750000e+01
    endloop
  endfacet
  facet normal 9.238795e-01 0.000000e+00 -3.826834e-01
    outer loop
      vertex   1.120180e+02 5.295455e+01 3.850000e+01
      vertex   1.118181e+02 6.340909e+01 3.801764e+01
      vertex   1.120180e+02 6.340909e+01 3.850000e+01
    endloop
  endfacet
  facet normal 7.933533e-01 0.000000e+00 -6.087614e-01
    outer loop
      vertex   1.123358e+02 5.295455e+01 3.891421e+01
      vertex   1.120180e+02 5.295455e+01 3.850000e+01
      vertex   1.120180e+02 6.340909e+01 3.850000e+01
    endloop
  endfacet
  facet normal 7.933533e-01 0.000000e+00 -6.087614e-01
    outer loop
      vertex   1.123358e+02 5.295455e+01 3.891421e+01
      vertex   1.120180e+02 6.340909e+01 3.850000e+01
      vertex   1.123358e+02 6.340909e+01 3.891421e+01
    endloop
  endfacet
  facet normal 6.087614e-01 0.000000e+00 -7.933533e-01
    outer loop
      vertex   1.127500e+02 5.295455e+01 3.923205e+01
      vertex   1.123358e+02 5.295455e+01 3.891421e+01
      vertex   1.123358e+02 6.340909e+01 3.891421e+01
    endloop
  endfacet
  facet normal 6.087614e-01 0.000000e+00 -7.933533e-01
    outer loop
      vertex   1.127500e+02 5.295455e+01 3.923205e+01
      vertex   1.123358e+02 6.340909e+01 3.891421e+01
      vertex   1.127500e+02 6.340909e+01 3.923205e+01
    endloop
  endfacet
  facet normal 3.826834e-01 0.000000e+00 -9.238795e-01
    outer loop
      vertex   1.132324e+02 5.295455e+01 3.943185e+01
      vertex   1.127500e+02 5.295455e+01 3.923205e+01
      vertex   1.127500e+02 6.340909e+01 3.923205e+01
    endloop
  endfacet
  facet normal 3.826834e-01 0.000000e+00 -9.238795e-01
    outer loop
      vertex   1.132324e+02 5.295455e+01 3.943185e+01
      vertex   1.127500e+02 6.340909e+01 3.923205e+01
      vertex   1.132324e+02 6.340909e+01 3.943185e+01
    endloop
  endfacet
  facet normal 1.305262e-01 0.000000e+00 -9.914449e-01
    outer loop
      vertex   1.137500e+02 5.295455e+01 3.950000e+01
      vertex   1.132324e+02 5.295455e+01 3.943185e+01
      vertex   1.132324e+02 6.340909e+01 3.943185e+01
    endloop
  endfacet
  facet normal 1.305262e-01 0.000000e+00 -9.914449e-01
    outer loop
      vertex   1.137500e+02 5.295455e+01 3.950000e+01
      vertex   1.132324e+02 6.340909e+01 3.943185e+01
      vertex   1.137500e+02 6.340909e+01 3.950000e+01
    endloop
  endfacet
  facet normal -1.305262e-01 0.000000e+00 -9.914449e-01
    outer loop
      vertex   1.142676e+02 5.295455e+01 3.943185e+01
      vertex   1.137500e+02 5.295455e+01 3.950000e+01
      vertex   1.137500e+02 6.340909e+01 3.950000e+01
    endloop
  endfacet
  facet normal -1.305262e-01 0.000000e+00 -9.914449e-01
    outer loop
      vertex   1.142676e+02 5.295455e+01 3.943185e+01
      vertex   1.137500e+02 6.340909e+01 3.950000e+01
      vertex   1.142676e+02 6.340909e+01 3.943185e+01
    endloop
  endfacet
  facet normal -3.826834e-01 0.000000e+00 -9.238795e-01
    outer loop
      vertex   1.147500e+02 5.295455e+01 3.923205e+01
      vertex   1.142676e+02 5.295455e+01 3.943185e+01
      vertex   1.142676e+02 6.340909e+01 3.943185e+01
    endloop
  endfacet
  facet normal -3.826834e-01 0.000000e+00 -9.238795e-01
    outer loop
      vertex   1.147500e+02 5.295455e+01 3.923205e+01
      vertex   1.142676e+02 6.340909e+01 3.943185e+01
      vertex   1.147500e+02 6.340909e+01 3.923205e+01
    endloop
  endfacet
  facet normal -6.087614e-01 0.000000e+00 -7.933533e-01
    outer loop
      vertex   1.151642e+02 5.295455e+01 3.891421e+01
      vertex   1.147500e+02 5.295455e+01 3.923205e+01
      vertex   1.147500e+02 6.340909e+01 3.923205e+01
    endloop
  endfacet
  facet normal -6.087614e-01 0.000000e+00 -7.933533e-01
    outer loop
      vertex   1.151642e+02 5.295455e+01 3.891421e+01
      vertex   1.147500e+02 6.340909e+01 3.923205e+01
      vertex   1.151642e+02 6.340909e+01 3.891421e+01
    endloop
  endfacet
  facet normal -7.933533e-01 0.000000e+00 -6.087614e-01
    outer loop
      vertex   1.154821e+02 5.295455e+01 3.850000e+01
      vertex   1.151642e+02 5.295455e+01 3.891421e+01
      vertex   1.151642e+02 6.340909e+01 3.891421e+01
    endloop
  endfacet
  facet normal -7.933533e-01 0.000000e+00 -6.087614e-01
    outer loop
      vertex   1.154821e+02 5.295455e+01 3.850000e+01
      vertex   1.151642e+02 6.340909e+01 3.891421e+01
      vertex   1.154821e+02 6.340909e+01 3.850000e+01
    endloop
  endfacet
  facet normal -9.238795e-01 0.000000e+00 -3.826834e-01
    outer loop
      vertex   1.156819e+02 5.295455e+01 3.801764e+01
      vertex   1.154821e+02 5.295455e+01 3.850000e+01
      vertex   1.154821e+02 6.340909e+01 3.850000e+01
    endloop
  endfacet
  facet normal -9.238795e-01 0.000000e+00 -3.826834e-01
    outer loop
      vertex   1.156819e+02 5.295455e+01 3.801764e+01
      vertex   1.154821e+02 6.340909e+01 3.850000e+01
      vertex   1.156819e+02 6.340909e+01 3.801764e+01
    endloop
  endfacet
  facet normal -9.914449e-01 0.000000e+00 -1.305262e-01
    outer loop
      vertex   1.157500e+02 5.295455e+01 3.750000e+01
      vertex   1.156819e+02 5.295455e+01 3.801764e+01
      vertex   1.156819e+02 6.340909e+01 3.801764e+01
    endloop
  endfacet
  facet normal -9.914449e-01 0.000000e+00 -1.305262e-01
    outer loop
      vertex   1.157500e+02 5.295455e+01 3.750000e+01
      vertex   1.156819e+02 6.340909e+01 3.801764e+01
      vertex   1.157500e+02 6.340909e+01 3.750000e+01
    endloop
  endfacet
  facet normal -9.914449e-01 0.000000e+00 1.305262e-01
    outer loop
      vertex   1.156819e+02 5.295455e+01 3.698236e+01
      vertex   1.157500e+02 5.295455e+01 3.750000e+01
      vertex   1.157500e+02 6.340909e+01 3.750000e+01
    endloop
  endfacet
  facet normal -9.914449e-01 0.000000e+00 1.305262e-01
    outer loop
      vertex   1.156819e+02 5.295455e+01 3.698236e+01
      vertex   1.157500e+02 6.340909e+01 3.750000e+01
      vertex   1.156819e+02 6.340909e+01 3.698236e+01
    endloop
  endfacet
  facet normal -9.238795e-01 0.000000e+00 3.826834e-01
    outer loop
      vertex   1.154821e+02 5.295455e+01 3.650000e+01
      vertex   1.156819e+02 5.295455e+01 3.698236e+01
      vertex   1.156819e+02 6.340909e+01 3.698236e+01
    endloop
  endfacet
  facet normal -9.238795e-01 0.000000e+00 3.826834e-01
    outer loop
      vertex   1.154821e+02 5.295455e+01 3.650000e+01
      vertex   1.156819e+02 6.340909e+01 3.698236e+01
      vertex   1.154821e+02 6.340909e+01 3.650000e+01
    endloop
  endfacet
  facet normal -7.933533e-01 0.000000e+00 6.087614e-01
    outer loop
      vertex   1.151642e+02 5.295455e+01 3.608579e+01
      vertex   1.154821e+02 5.295455e+01 3.650000e+01
      vertex   1.154821e+02 6.340909e+01 3.650000e+01
    endloop
  endfacet
  facet normal -7.933533e-01 0.000000e+00 6.087614e-01
    outer loop
      vertex   1.151642e+02 5.295455e+01 3.608579e+01
      vertex   1.154821e+02 6.340909e+01 3.650000e+01
      vertex   1.151642e+02 6.340909e+01 3.608579e+01
    endloop
  endfacet
  facet normal -6.087614e-01 0.000000e+00 7.933533e-01
    outer loop
      vertex   1.147500e+02 5.295455e+01 3.576795e+01
      vertex   1.151642e+02 5.295455e+01 3.608579e+01
      vertex   1.151642e+02 6.340909e+01 3.608579e+01
    endloop
  endfacet
  facet normal -6.087614e-01 0.000000e+00 7.933533e-01
    outer loop
      vertex   1.147500e+02 5.295455e+01 3.576795e+01
      vertex   1.151642e+02 6.340909e+01 3.608579e+01
      vertex   1.147500e+02 6.340909e+01 3.576795e+01
    endloop
  endfacet
  facet normal -3.826834e-01 0.000000e+00 9.238795e-01
    outer loop
      vertex   1.142676e+02 5.295455e+01 3.556815e+01
      vertex   1.147500e+02 5.295455e+01 3.576795e+01
      vertex   1.147500e+02 6.340909e+01 3.576795e+01
    endloop
  endfacet
  facet normal -3.826834e-01 0.000000e+00 9.238795e-01
    outer loop
      vertex   1.142676e+02 5.295455e+01 3.556815e+01
      vertex   1.147500e+02 6.340909e+01 3.576795e+01
      vertex   1.142676e+02 6.340909e+01 3.556815e+01
    endloop
  endfacet
  facet normal -1.305262e-01 0.000000e+00 9.914449e-01
    outer loop
      vertex   1.137500e+02 5.295455e+01 3.550000e+01
      vertex   1.142676e+02 5.295455e+01 3.556815e+01
      vertex   1.142676e+02 6.340909e+01 3.556815e+01
    endloop
  endfacet
  facet normal -1.305262e-01 0.000000e+00 9.914449e-01
    outer loop
      vertex   1.137500e+02 5.295455e+01 3.550000e+01
      vertex   1.142676e+02 6.340909e+01 3.556815e+01
      vertex   1.137500e+02 6.340909e+01 3.550000e+01
    endloop
  endfacet
  facet normal 1.305262e-01 0.000000e+00 9.914449e-01
    outer loop
      vertex   1.132324e+02 5.295455e+01 3.556815e+01
      vertex   1.137500e+02 5.295455e+01 3.550000e+01
      vertex   1.137500e+02 6.340909e+01 3.550000e+01
    endloop
  endfacet
  facet normal 1.305262e-01 -0.000000e+00 9.914449e-01
    outer loop
      vertex   1.132324e+02 5.295455e+01 3.556815e+01
      vertex   1.137500e+02 6.340909e+01 3.550000e+01
      vertex   1.132324e+02 6.340909e+01 3.556815e+01
    endloop
  endfacet
  facet normal 3.826834e-01 0.000000e+00 9.238795e-01
    outer loop
      vertex   1.127500e+02 5.295455e+01 3.576795e+01
      vertex   1.132324e+02 5.295455e+01 3.556815e+01
      vertex   1.132324e+02 6.340909e+01 3.556815e+01
    endloop
  endfacet
  facet normal 3.826834e-01 -0.000000e+00 9.238795e-01
    outer loop
      vertex   1.127500e+02 5.295455e+01 3.576795e+01
      vertex   1.132324e+02 6.340909e+01 3.556815e+01
      vertex   1.127500e+02 6.340909e+01 3.576795e+01
    endloop
  endfacet
  facet normal 6.087614e-01 0.000000e+00 7.933533e-01
    outer loop
      vertex   1.123358e+02 5.295455e+01 3.608579e+01
      vertex   1.127500e+02 5.295455e+01 3.576795e+01
      vertex   1.127500e+02 6.340909e+01 3.576795e+01
    endloop
  endfacet
  facet normal 6.087614e-01 -0.000000e+00 7.933533e-01
    outer loop
      vertex   1.123358e+02 5.295455e+01 3.608579e+01
      vertex   1.127500e+02 6.340909e+01 3.576795e+01
      vertex   1.123358e+02 6.340909e+01 3.608579e+01
    endloop
  endfacet
  facet normal 7.933533e-01 0.000000e+00 6.087614e-01
    outer loop
      vertex   1.120180e+02 5.295455e+01 3.650000e+01
      vertex   1.123358e+02 5.295455e+01 3.608579e+01
      vertex   1.123358e+02 6.340909e+01 3.608579e+01
    endloop
  endfacet
  facet normal 7.933533e-01 -0.000000e+00 6.087614e-01
    outer loop
      vertex   1.120180e+02 5.295455e+01 3.650000e+01
      vertex   1.123358e+02 6.340909e+01 3.608579e+01
      vertex   1.120180e+02 6.340909e+01 3.650000e+01
    endloop
  endfacet
  facet normal 9.238795e-01 0.000000e+00 3.826834e-01
    outer loop
      vertex   1.118181e+02 5.295455e+01 3.698236e+01
      vertex   1.120180e+02 5.295455e+01 3.650000e+01
      vertex   1.120180e+02 6.340909e+01 3.650000e+01
    endloop
  endfacet
  facet normal 9.238795e-01 -0.000000e+00 3.826834e-01
    outer loop
      vertex   1.118181e+02 5.295455e+01 3.698236e+01
      vertex   1.120180e+02 6.340909e+01 3.650000e+01
      vertex   1.118181e+02 6.340909e+01 3.698236e+01
    endloop
  endfacet
endsolid
