solid ASCII
  facet normal 7.372773e-01 0.000000e+00 -6.755902e-01
    outer loop
      vertex   6.319309e+01 1.575000e+02 7.353225e+01
      vertex   6.319309e+01 1.470455e+02 7.353225e+01
      vertex   6.284036e+01 1.575000e+02 7.314731e+01
    endloop
  endfacet
  facet normal 7.372773e-01 0.000000e+00 -6.755902e-01
    outer loop
      vertex   6.284036e+01 1.575000e+02 7.314731e+01
      vertex   6.319309e+01 1.470455e+02 7.353225e+01
      vertex   6.284036e+01 1.470455e+02 7.314731e+01
    endloop
  endfacet
  facet normal 8.870108e-01 0.000000e+00 -4.617486e-01
    outer loop
      vertex   6.284036e+01 1.575000e+02 7.314731e+01
      vertex   6.284036e+01 1.470455e+02 7.314731e+01
      vertex   6.259928e+01 1.575000e+02 7.268420e+01
    endloop
  endfacet
  facet normal 8.870108e-01 6.028565e-16 -4.617486e-01
    outer loop
      vertex   6.259928e+01 1.575000e+02 7.268420e+01
      vertex   6.284036e+01 1.470455e+02 7.314731e+01
      vertex   6.259928e+01 1.470455e+02 7.268420e+01
    endloop
  endfacet
  facet normal 9.762960e-01 6.635392e-16 -2.164396e-01
    outer loop
      vertex   6.259928e+01 1.575000e+02 7.268420e+01
      vertex   6.259928e+01 1.470455e+02 7.268420e+01
      vertex   6.248628e+01 1.575000e+02 7.217447e+01
    endloop
  endfacet
  facet normal 9.762960e-01 0.000000e+00 -2.164396e-01
    outer loop
      vertex   6.248628e+01 1.575000e+02 7.217447e+01
      vertex   6.259928e+01 1.470455e+02 7.268420e+01
      vertex   6.248628e+01 1.470455e+02 7.217447e+01
    endloop
  endfacet
  facet normal 9.990482e-01 0.000000e+00 4.361939e-02
    outer loop
      vertex   6.248628e+01 1.575000e+02 7.217447e+01
      vertex   6.248628e+01 1.470455e+02 7.217447e+01
      vertex   6.250905e+01 1.575000e+02 7.165286e+01
    endloop
  endfacet
  facet normal 9.990482e-01 0.000000e+00 4.361939e-02
    outer loop
      vertex   6.250905e+01 1.575000e+02 7.165286e+01
      vertex   6.248628e+01 1.470455e+02 7.217447e+01
      vertex   6.250905e+01 1.470455e+02 7.165286e+01
    endloop
  endfacet
  facet normal 9.537170e-01 0.000000e+00 3.007058e-01
    outer loop
      vertex   6.250905e+01 1.575000e+02 7.165286e+01
      vertex   6.250905e+01 1.470455e+02 7.165286e+01
      vertex   6.266605e+01 1.575000e+02 7.115492e+01
    endloop
  endfacet
  facet normal 9.537170e-01 0.000000e+00 3.007058e-01
    outer loop
      vertex   6.266605e+01 1.575000e+02 7.115492e+01
      vertex   6.250905e+01 1.470455e+02 7.165286e+01
      vertex   6.266605e+01 1.470455e+02 7.115492e+01
    endloop
  endfacet
  facet normal 8.433914e-01 0.000000e+00 5.372996e-01
    outer loop
      vertex   6.266605e+01 1.575000e+02 7.115492e+01
      vertex   6.266605e+01 1.470455e+02 7.115492e+01
      vertex   6.294658e+01 1.575000e+02 7.071459e+01
    endloop
  endfacet
  facet normal 8.433914e-01 0.000000e+00 5.372996e-01
    outer loop
      vertex   6.294658e+01 1.575000e+02 7.071459e+01
      vertex   6.266605e+01 1.470455e+02 7.115492e+01
      vertex   6.294658e+01 1.470455e+02 7.071459e+01
    endloop
  endfacet
  facet normal 6.755902e-01 0.000000e+00 7.372773e-01
    outer loop
      vertex   6.294658e+01 1.575000e+02 7.071459e+01
      vertex   6.294658e+01 1.470455e+02 7.071459e+01
      vertex   6.333151e+01 1.575000e+02 7.036186e+01
    endloop
  endfacet
  facet normal 6.755902e-01 0.000000e+00 7.372773e-01
    outer loop
      vertex   6.333151e+01 1.575000e+02 7.036186e+01
      vertex   6.294658e+01 1.470455e+02 7.071459e+01
      vertex   6.333151e+01 1.470455e+02 7.036186e+01
    endloop
  endfacet
  facet normal 4.617486e-01 0.000000e+00 8.870108e-01
    outer loop
      vertex   6.333151e+01 1.575000e+02 7.036186e+01
      vertex   6.333151e+01 1.470455e+02 7.036186e+01
      vertex   6.379462e+01 1.575000e+02 7.012078e+01
    endloop
  endfacet
  facet normal 4.617486e-01 1.205713e-15 8.870108e-01
    outer loop
      vertex   6.379462e+01 1.575000e+02 7.012078e+01
      vertex   6.333151e+01 1.470455e+02 7.036186e+01
      vertex   6.379462e+01 1.470455e+02 7.012078e+01
    endloop
  endfacet
  facet normal 2.164396e-01 1.327078e-15 9.762960e-01
    outer loop
      vertex   6.379462e+01 1.575000e+02 7.012078e+01
      vertex   6.379462e+01 1.470455e+02 7.012078e+01
      vertex   6.430435e+01 1.575000e+02 7.000777e+01
    endloop
  endfacet
  facet normal 2.164396e-01 0.000000e+00 9.762960e-01
    outer loop
      vertex   6.430435e+01 1.575000e+02 7.000777e+01
      vertex   6.379462e+01 1.470455e+02 7.012078e+01
      vertex   6.430435e+01 1.470455e+02 7.000777e+01
    endloop
  endfacet
  facet normal -4.361939e-02 0.000000e+00 9.990482e-01
    outer loop
      vertex   6.430435e+01 1.575000e+02 7.000777e+01
      vertex   6.430435e+01 1.470455e+02 7.000777e+01
      vertex   6.482596e+01 1.575000e+02 7.003055e+01
    endloop
  endfacet
  facet normal -4.361939e-02 0.000000e+00 9.990482e-01
    outer loop
      vertex   6.482596e+01 1.575000e+02 7.003055e+01
      vertex   6.430435e+01 1.470455e+02 7.000777e+01
      vertex   6.482596e+01 1.470455e+02 7.003055e+01
    endloop
  endfacet
  facet normal -3.007058e-01 0.000000e+00 9.537170e-01
    outer loop
      vertex   6.482596e+01 1.575000e+02 7.003055e+01
      vertex   6.482596e+01 1.470455e+02 7.003055e+01
      vertex   6.532390e+01 1.575000e+02 7.018755e+01
    endloop
  endfacet
  facet normal -3.007058e-01 0.000000e+00 9.537170e-01
    outer loop
      vertex   6.532390e+01 1.575000e+02 7.018755e+01
      vertex   6.482596e+01 1.470455e+02 7.003055e+01
      vertex   6.532390e+01 1.470455e+02 7.018755e+01
    endloop
  endfacet
  facet normal -5.372996e-01 0.000000e+00 8.433914e-01
    outer loop
      vertex   6.532390e+01 1.575000e+02 7.018755e+01
      vertex   6.532390e+01 1.470455e+02 7.018755e+01
      vertex   6.576424e+01 1.575000e+02 7.046807e+01
    endloop
  endfacet
  facet normal -5.372996e-01 0.000000e+00 8.433914e-01
    outer loop
      vertex   6.576424e+01 1.575000e+02 7.046807e+01
      vertex   6.532390e+01 1.470455e+02 7.018755e+01
      vertex   6.576424e+01 1.470455e+02 7.046807e+01
    endloop
  endfacet
  facet normal -7.372773e-01 0.000000e+00 6.755902e-01
    outer loop
      vertex   6.576424e+01 1.575000e+02 7.046807e+01
      vertex   6.576424e+01 1.470455e+02 7.046807e+01
      vertex   6.611697e+01 1.575000e+02 7.085301e+01
    endloop
  endfacet
  facet normal -7.372773e-01 0.000000e+00 6.755902e-01
    outer loop
      vertex   6.611697e+01 1.575000e+02 7.085301e+01
      vertex   6.576424e+01 1.470455e+02 7.046807e+01
      vertex   6.611697e+01 1.470455e+02 7.085301e+01
    endloop
  endfacet
  facet normal -8.870108e-01 0.000000e+00 4.617486e-01
    outer loop
      vertex   6.611697e+01 1.575000e+02 7.085301e+01
      vertex   6.611697e+01 1.470455e+02 7.085301e+01
      vertex   6.635805e+01 1.575000e+02 7.131612e+01
    endloop
  endfacet
  facet normal -8.870108e-01 1.205713e-15 4.617486e-01
    outer loop
      vertex   6.635805e+01 1.575000e+02 7.131612e+01
      vertex   6.611697e+01 1.470455e+02 7.085301e+01
      vertex   6.635805e+01 1.470455e+02 7.131612e+01
    endloop
  endfacet
  facet normal -9.762960e-01 1.327078e-15 2.164396e-01
    outer loop
      vertex   6.635805e+01 1.575000e+02 7.131612e+01
      vertex   6.635805e+01 1.470455e+02 7.131612e+01
      vertex   6.647105e+01 1.575000e+02 7.182585e+01
    endloop
  endfacet
  facet normal -9.762960e-01 0.000000e+00 2.164396e-01
    outer loop
      vertex   6.647105e+01 1.575000e+02 7.182585e+01
      vertex   6.635805e+01 1.470455e+02 7.131612e+01
      vertex   6.647105e+01 1.470455e+02 7.182585e+01
    endloop
  endfacet
  facet normal -9.990482e-01 -0.000000e+00 -4.361939e-02
    outer loop
      vertex   6.647105e+01 1.575000e+02 7.182585e+01
      vertex   6.647105e+01 1.470455e+02 7.182585e+01
      vertex   6.644828e+01 1.575000e+02 7.234746e+01
    endloop
  endfacet
  facet normal -9.990482e-01 -0.000000e+00 -4.361939e-02
    outer loop
      vertex   6.644828e+01 1.575000e+02 7.234746e+01
      vertex   6.647105e+01 1.470455e+02 7.182585e+01
      vertex   6.644828e+01 1.470455e+02 7.234746e+01
    endloop
  endfacet
  facet normal -9.537170e-01 -0.000000e+00 -3.007058e-01
    outer loop
      vertex   6.644828e+01 1.575000e+02 7.234746e+01
      vertex   6.644828e+01 1.470455e+02 7.234746e+01
      vertex   6.629128e+01 1.575000e+02 7.284540e+01
    endloop
  endfacet
  facet normal -9.537170e-01 -0.000000e+00 -3.007058e-01
    outer loop
      vertex   6.629128e+01 1.575000e+02 7.284540e+01
      vertex   6.644828e+01 1.470455e+02 7.234746e+01
      vertex   6.629128e+01 1.470455e+02 7.284540e+01
    endloop
  endfacet
  facet normal -8.433914e-01 -0.000000e+00 -5.372996e-01
    outer loop
      vertex   6.629128e+01 1.575000e+02 7.284540e+01
      vertex   6.629128e+01 1.470455e+02 7.284540e+01
      vertex   6.601075e+01 1.575000e+02 7.328574e+01
    endloop
  endfacet
  facet normal -8.433914e-01 -0.000000e+00 -5.372996e-01
    outer loop
      vertex   6.601075e+01 1.575000e+02 7.328574e+01
      vertex   6.629128e+01 1.470455e+02 7.284540e+01
      vertex   6.601075e+01 1.470455e+02 7.328574e+01
    endloop
  endfacet
  facet normal -6.755902e-01 -0.000000e+00 -7.372773e-01
    outer loop
      vertex   6.601075e+01 1.575000e+02 7.328574e+01
      vertex   6.601075e+01 1.470455e+02 7.328574e+01
      vertex   6.562582e+01 1.575000e+02 7.363846e+01
    endloop
  endfacet
  facet normal -6.755902e-01 -0.000000e+00 -7.372773e-01
    outer loop
      vertex   6.562582e+01 1.575000e+02 7.363846e+01
      vertex   6.601075e+01 1.470455e+02 7.328574e+01
      vertex   6.562582e+01 1.470455e+02 7.363846e+01
    endloop
  endfacet
  facet normal -4.617486e-01 -0.000000e+00 -8.870108e-01
    outer loop
      vertex   6.562582e+01 1.575000e+02 7.363846e+01
      vertex   6.562582e+01 1.470455e+02 7.363846e+01
      vertex   6.516271e+01 1.575000e+02 7.387955e+01
    endloop
  endfacet
  facet normal -4.617486e-01 -0.000000e+00 -8.870108e-01
    outer loop
      vertex   6.516271e+01 1.575000e+02 7.387955e+01
      vertex   6.562582e+01 1.470455e+02 7.363846e+01
      vertex   6.516271e+01 1.470455e+02 7.387955e+01
    endloop
  endfacet
  facet normal -2.164396e-01 -0.000000e+00 -9.762960e-01
    outer loop
      vertex   6.516271e+01 1.575000e+02 7.387955e+01
      vertex   6.516271e+01 1.470455e+02 7.387955e+01
      vertex   6.465298e+01 1.575000e+02 7.399255e+01
    endloop
  endfacet
  facet normal -2.164396e-01 -0.000000e+00 -9.762960e-01
    outer loop
      vertex   6.465298e+01 1.575000e+02 7.399255e+01
      vertex   6.516271e+01 1.470455e+02 7.387955e+01
      vertex   6.465298e+01 1.470455e+02 7.399255e+01
    endloop
  endfacet
  facet normal 4.361939e-02 0.000000e+00 -9.990482e-01
    outer loop
      vertex   6.465298e+01 1.575000e+02 7.399255e+01
      vertex   6.465298e+01 1.470455e+02 7.399255e+01
      vertex   6.413137e+01 1.575000e+02 7.396978e+01
    endloop
  endfacet
  facet normal 4.361939e-02 0.000000e+00 -9.990482e-01
    outer loop
      vertex   6.413137e+01 1.575000e+02 7.396978e+01
      vertex   6.465298e+01 1.470455e+02 7.399255e+01
      vertex   6.413137e+01 1.470455e+02 7.396978e+01
    endloop
  endfacet
  facet normal 3.007058e-01 0.000000e+00 -9.537170e-01
    outer loop
      vertex   6.413137e+01 1.575000e+02 7.396978e+01
      vertex   6.413137e+01 1.470455e+02 7.396978e+01
      vertex   6.363343e+01 1.575000e+02 7.381278e+01
    endloop
  endfacet
  facet normal 3.007058e-01 0.000000e+00 -9.537170e-01
    outer loop
      vertex   6.363343e+01 1.575000e+02 7.381278e+01
      vertex   6.413137e+01 1.470455e+02 7.396978e+01
      vertex   6.363343e+01 1.470455e+02 7.381278e+01
    endloop
  endfacet
  facet normal 5.372996e-01 0.000000e+00 -8.433914e-01
    outer loop
      vertex   6.363343e+01 1.575000e+02 7.381278e+01
      vertex   6.363343e+01 1.470455e+02 7.381278e+01
      vertex   6.319309e+01 1.575000e+02 7.353225e+01
    endloop
  endfacet
  facet normal 5.372996e-01 0.000000e+00 -8.433914e-01
    outer loop
      vertex   6.319309e+01 1.575000e+02 7.353225e+01
      vertex   6.363343e+01 1.470455e+02 7.381278e+01
      vertex   6.319309e+01 1.470455e+02 7.353225e+01
    endloop
  endfacet
  facet normal 8.870108e-01 -6.028565e-16 -4.617486e-01
    outer loop
      vertex   6.259928e+01 4.250000e+01 7.268420e+01
      vertex   6.259928e+01 5.295455e+01 7.268420e+01
      vertex   6.284036e+01 4.250000e+01 7.314731e+01
    endloop
  endfacet
  facet normal 8.870108e-01 0.000000e+00 -4.617486e-01
    outer loop
      vertex   6.284036e+01 4.250000e+01 7.314731e+01
      vertex   6.259928e+01 5.295455e+01 7.268420e+01
      vertex   6.284036e+01 5.295455e+01 7.314731e+01
    endloop
  endfacet
  facet normal 7.372773e-01 0.000000e+00 -6.755902e-01
    outer loop
      vertex   6.284036e+01 4.250000e+01 7.314731e+01
      vertex   6.284036e+01 5.295455e+01 7.314731e+01
      vertex   6.319309e+01 4.250000e+01 7.353225e+01
    endloop
  endfacet
  facet normal 7.372773e-01 0.000000e+00 -6.755902e-01
    outer loop
      vertex   6.319309e+01 4.250000e+01 7.353225e+01
      vertex   6.284036e+01 5.295455e+01 7.314731e+01
      vertex   6.319309e+01 5.295455e+01 7.353225e+01
    endloop
  endfacet
  facet normal 5.372996e-01 0.000000e+00 -8.433914e-01
    outer loop
      vertex   6.319309e+01 4.250000e+01 7.353225e+01
      vertex   6.319309e+01 5.295455e+01 7.353225e+01
      vertex   6.363343e+01 4.250000e+01 7.381278e+01
    endloop
  endfacet
  facet normal 5.372996e-01 0.000000e+00 -8.433914e-01
    outer loop
      vertex   6.363343e+01 4.250000e+01 7.381278e+01
      vertex   6.319309e+01 5.295455e+01 7.353225e+01
      vertex   6.363343e+01 5.295455e+01 7.381278e+01
    endloop
  endfacet
  facet normal 3.007058e-01 0.000000e+00 -9.537170e-01
    outer loop
      vertex   6.363343e+01 4.250000e+01 7.381278e+01
      vertex   6.363343e+01 5.295455e+01 7.381278e+01
      vertex   6.413137e+01 4.250000e+01 7.396978e+01
    endloop
  endfacet
  facet normal 3.007058e-01 0.000000e+00 -9.537170e-01
    outer loop
      vertex   6.413137e+01 4.250000e+01 7.396978e+01
      vertex   6.363343e+01 5.295455e+01 7.381278e+01
      vertex   6.413137e+01 5.295455e+01 7.396978e+01
    endloop
  endfacet
  facet normal 4.361939e-02 0.000000e+00 -9.990482e-01
    outer loop
      vertex   6.413137e+01 4.250000e+01 7.396978e+01
      vertex   6.413137e+01 5.295455e+01 7.396978e+01
      vertex   6.465298e+01 4.250000e+01 7.399255e+01
    endloop
  endfacet
  facet normal 4.361939e-02 0.000000e+00 -9.990482e-01
    outer loop
      vertex   6.465298e+01 4.250000e+01 7.399255e+01
      vertex   6.413137e+01 5.295455e+01 7.396978e+01
      vertex   6.465298e+01 5.295455e+01 7.399255e+01
    endloop
  endfacet
  facet normal -2.164396e-01 0.000000e+00 -9.762960e-01
    outer loop
      vertex   6.465298e+01 4.250000e+01 7.399255e+01
      vertex   6.465298e+01 5.295455e+01 7.399255e+01
      vertex   6.516271e+01 4.250000e+01 7.387955e+01
    endloop
  endfacet
  facet normal -2.164396e-01 0.000000e+00 -9.762960e-01
    outer loop
      vertex   6.516271e+01 4.250000e+01 7.387955e+01
      vertex   6.465298e+01 5.295455e+01 7.399255e+01
      vertex   6.516271e+01 5.295455e+01 7.387955e+01
    endloop
  endfacet
  facet normal -4.617486e-01 0.000000e+00 -8.870108e-01
    outer loop
      vertex   6.516271e+01 4.250000e+01 7.387955e+01
      vertex   6.516271e+01 5.295455e+01 7.387955e+01
      vertex   6.562582e+01 4.250000e+01 7.363846e+01
    endloop
  endfacet
  facet normal -4.617486e-01 0.000000e+00 -8.870108e-01
    outer loop
      vertex   6.562582e+01 4.250000e+01 7.363846e+01
      vertex   6.516271e+01 5.295455e+01 7.387955e+01
      vertex   6.562582e+01 5.295455e+01 7.363846e+01
    endloop
  endfacet
  facet normal -6.755902e-01 0.000000e+00 -7.372773e-01
    outer loop
      vertex   6.562582e+01 4.250000e+01 7.363846e+01
      vertex   6.562582e+01 5.295455e+01 7.363846e+01
      vertex   6.601075e+01 4.250000e+01 7.328574e+01
    endloop
  endfacet
  facet normal -6.755902e-01 0.000000e+00 -7.372773e-01
    outer loop
      vertex   6.601075e+01 4.250000e+01 7.328574e+01
      vertex   6.562582e+01 5.295455e+01 7.363846e+01
      vertex   6.601075e+01 5.295455e+01 7.328574e+01
    endloop
  endfacet
  facet normal -8.433914e-01 0.000000e+00 -5.372996e-01
    outer loop
      vertex   6.601075e+01 4.250000e+01 7.328574e+01
      vertex   6.601075e+01 5.295455e+01 7.328574e+01
      vertex   6.629128e+01 4.250000e+01 7.284540e+01
    endloop
  endfacet
  facet normal -8.433914e-01 0.000000e+00 -5.372996e-01
    outer loop
      vertex   6.629128e+01 4.250000e+01 7.284540e+01
      vertex   6.601075e+01 5.295455e+01 7.328574e+01
      vertex   6.629128e+01 5.295455e+01 7.284540e+01
    endloop
  endfacet
  facet normal -9.537170e-01 0.000000e+00 -3.007058e-01
    outer loop
      vertex   6.629128e+01 4.250000e+01 7.284540e+01
      vertex   6.629128e+01 5.295455e+01 7.284540e+01
      vertex   6.644828e+01 4.250000e+01 7.234746e+01
    endloop
  endfacet
  facet normal -9.537170e-01 0.000000e+00 -3.007058e-01
    outer loop
      vertex   6.644828e+01 4.250000e+01 7.234746e+01
      vertex   6.629128e+01 5.295455e+01 7.284540e+01
      vertex   6.644828e+01 5.295455e+01 7.234746e+01
    endloop
  endfacet
  facet normal -9.990482e-01 0.000000e+00 -4.361939e-02
    outer loop
      vertex   6.644828e+01 4.250000e+01 7.234746e+01
      vertex   6.644828e+01 5.295455e+01 7.234746e+01
      vertex   6.647105e+01 4.250000e+01 7.182585e+01
    endloop
  endfacet
  facet normal -9.990482e-01 0.000000e+00 -4.361939e-02
    outer loop
      vertex   6.647105e+01 4.250000e+01 7.182585e+01
      vertex   6.644828e+01 5.295455e+01 7.234746e+01
      vertex   6.647105e+01 5.295455e+01 7.182585e+01
    endloop
  endfacet
  facet normal -9.762960e-01 0.000000e+00 2.164396e-01
    outer loop
      vertex   6.647105e+01 4.250000e+01 7.182585e+01
      vertex   6.647105e+01 5.295455e+01 7.182585e+01
      vertex   6.635805e+01 4.250000e+01 7.131612e+01
    endloop
  endfacet
  facet normal -9.762960e-01 -1.327078e-15 2.164396e-01
    outer loop
      vertex   6.635805e+01 4.250000e+01 7.131612e+01
      vertex   6.647105e+01 5.295455e+01 7.182585e+01
      vertex   6.635805e+01 5.295455e+01 7.131612e+01
    endloop
  endfacet
  facet normal -8.870108e-01 -1.205713e-15 4.617486e-01
    outer loop
      vertex   6.635805e+01 4.250000e+01 7.131612e+01
      vertex   6.635805e+01 5.295455e+01 7.131612e+01
      vertex   6.611697e+01 4.250000e+01 7.085301e+01
    endloop
  endfacet
  facet normal -8.870108e-01 0.000000e+00 4.617486e-01
    outer loop
      vertex   6.611697e+01 4.250000e+01 7.085301e+01
      vertex   6.635805e+01 5.295455e+01 7.131612e+01
      vertex   6.611697e+01 5.295455e+01 7.085301e+01
    endloop
  endfacet
  facet normal -7.372773e-01 0.000000e+00 6.755902e-01
    outer loop
      vertex   6.611697e+01 4.250000e+01 7.085301e+01
      vertex   6.611697e+01 5.295455e+01 7.085301e+01
      vertex   6.576424e+01 4.250000e+01 7.046807e+01
    endloop
  endfacet
  facet normal -7.372773e-01 0.000000e+00 6.755902e-01
    outer loop
      vertex   6.576424e+01 4.250000e+01 7.046807e+01
      vertex   6.611697e+01 5.295455e+01 7.085301e+01
      vertex   6.576424e+01 5.295455e+01 7.046807e+01
    endloop
  endfacet
  facet normal -5.372996e-01 0.000000e+00 8.433914e-01
    outer loop
      vertex   6.576424e+01 4.250000e+01 7.046807e+01
      vertex   6.576424e+01 5.295455e+01 7.046807e+01
      vertex   6.532390e+01 4.250000e+01 7.018755e+01
    endloop
  endfacet
  facet normal -5.372996e-01 0.000000e+00 8.433914e-01
    outer loop
      vertex   6.532390e+01 4.250000e+01 7.018755e+01
      vertex   6.576424e+01 5.295455e+01 7.046807e+01
      vertex   6.532390e+01 5.295455e+01 7.018755e+01
    endloop
  endfacet
  facet normal -3.007058e-01 0.000000e+00 9.537170e-01
    outer loop
      vertex   6.532390e+01 4.250000e+01 7.018755e+01
      vertex   6.532390e+01 5.295455e+01 7.018755e+01
      vertex   6.482596e+01 4.250000e+01 7.003055e+01
    endloop
  endfacet
  facet normal -3.007058e-01 0.000000e+00 9.537170e-01
    outer loop
      vertex   6.482596e+01 4.250000e+01 7.003055e+01
      vertex   6.532390e+01 5.295455e+01 7.018755e+01
      vertex   6.482596e+01 5.295455e+01 7.003055e+01
    endloop
  endfacet
  facet normal -4.361939e-02 0.000000e+00 9.990482e-01
    outer loop
      vertex   6.482596e+01 4.250000e+01 7.003055e+01
      vertex   6.482596e+01 5.295455e+01 7.003055e+01
      vertex   6.430435e+01 4.250000e+01 7.000777e+01
    endloop
  endfacet
  facet normal -4.361939e-02 0.000000e+00 9.990482e-01
    outer loop
      vertex   6.430435e+01 4.250000e+01 7.000777e+01
      vertex   6.482596e+01 5.295455e+01 7.003055e+01
      vertex   6.430435e+01 5.295455e+01 7.000777e+01
    endloop
  endfacet
  facet normal 2.164396e-01 -0.000000e+00 9.762960e-01
    outer loop
      vertex   6.430435e+01 4.250000e+01 7.000777e+01
      vertex   6.430435e+01 5.295455e+01 7.000777e+01
      vertex   6.379462e+01 4.250000e+01 7.012078e+01
    endloop
  endfacet
  facet normal 2.164396e-01 -1.327078e-15 9.762960e-01
    outer loop
      vertex   6.379462e+01 4.250000e+01 7.012078e+01
      vertex   6.430435e+01 5.295455e+01 7.000777e+01
      vertex   6.379462e+01 5.295455e+01 7.012078e+01
    endloop
  endfacet
  facet normal 4.617486e-01 -1.205713e-15 8.870108e-01
    outer loop
      vertex   6.379462e+01 4.250000e+01 7.012078e+01
      vertex   6.379462e+01 5.295455e+01 7.012078e+01
      vertex   6.333151e+01 4.250000e+01 7.036186e+01
    endloop
  endfacet
  facet normal 4.617486e-01 -0.000000e+00 8.870108e-01
    outer loop
      vertex   6.333151e+01 4.250000e+01 7.036186e+01
      vertex   6.379462e+01 5.295455e+01 7.012078e+01
      vertex   6.333151e+01 5.295455e+01 7.036186e+01
    endloop
  endfacet
  facet normal 6.755902e-01 -0.000000e+00 7.372773e-01
    outer loop
      vertex   6.333151e+01 4.250000e+01 7.036186e+01
      vertex   6.333151e+01 5.295455e+01 7.036186e+01
      vertex   6.294658e+01 4.250000e+01 7.071459e+01
    endloop
  endfacet
  facet normal 6.755902e-01 -0.000000e+00 7.372773e-01
    outer loop
      vertex   6.294658e+01 4.250000e+01 7.071459e+01
      vertex   6.333151e+01 5.295455e+01 7.036186e+01
      vertex   6.294658e+01 5.295455e+01 7.071459e+01
    endloop
  endfacet
  facet normal 8.433914e-01 -0.000000e+00 5.372996e-01
    outer loop
      vertex   6.294658e+01 4.250000e+01 7.071459e+01
      vertex   6.294658e+01 5.295455e+01 7.071459e+01
      vertex   6.266605e+01 4.250000e+01 7.115492e+01
    endloop
  endfacet
  facet normal 8.433914e-01 -0.000000e+00 5.372996e-01
    outer loop
      vertex   6.266605e+01 4.250000e+01 7.115492e+01
      vertex   6.294658e+01 5.295455e+01 7.071459e+01
      vertex   6.266605e+01 5.295455e+01 7.115492e+01
    endloop
  endfacet
  facet normal 9.537170e-01 -0.000000e+00 3.007058e-01
    outer loop
      vertex   6.266605e+01 4.250000e+01 7.115492e+01
      vertex   6.266605e+01 5.295455e+01 7.115492e+01
      vertex   6.250905e+01 4.250000e+01 7.165286e+01
    endloop
  endfacet
  facet normal 9.537170e-01 -0.000000e+00 3.007058e-01
    outer loop
      vertex   6.250905e+01 4.250000e+01 7.165286e+01
      vertex   6.266605e+01 5.295455e+01 7.115492e+01
      vertex   6.250905e+01 5.295455e+01 7.165286e+01
    endloop
  endfacet
  facet normal 9.990482e-01 -0.000000e+00 4.361939e-02
    outer loop
      vertex   6.250905e+01 4.250000e+01 7.165286e+01
      vertex   6.250905e+01 5.295455e+01 7.165286e+01
      vertex   6.248628e+01 4.250000e+01 7.217447e+01
    endloop
  endfacet
  facet normal 9.990482e-01 -0.000000e+00 4.361939e-02
    outer loop
      vertex   6.248628e+01 4.250000e+01 7.217447e+01
      vertex   6.250905e+01 5.295455e+01 7.165286e+01
      vertex   6.248628e+01 5.295455e+01 7.217447e+01
    endloop
  endfacet
  facet normal 9.762960e-01 0.000000e+00 -2.164396e-01
    outer loop
      vertex   6.248628e+01 4.250000e+01 7.217447e+01
      vertex   6.248628e+01 5.295455e+01 7.217447e+01
      vertex   6.259928e+01 4.250000e+01 7.268420e+01
    endloop
  endfacet
  facet normal 9.762960e-01 -6.635392e-16 -2.164396e-01
    outer loop
      vertex   6.259928e+01 4.250000e+01 7.268420e+01
      vertex   6.248628e+01 5.295455e+01 7.217447e+01
      vertex   6.259928e+01 5.295455e+01 7.268420e+01
    endloop
  endfacet
  facet normal 8.870108e-01 0.000000e+00 -4.617486e-01
    outer loop
      vertex   6.284036e+01 1.470455e+02 7.314731e+01
      vertex   6.284036e+01 1.365909e+02 7.314731e+01
      vertex   6.259928e+01 1.470455e+02 7.268420e+01
    endloop
  endfacet
  facet normal 8.870108e-01 0.000000e+00 -4.617486e-01
    outer loop
      vertex   6.259928e+01 1.470455e+02 7.268420e+01
      vertex   6.284036e+01 1.365909e+02 7.314731e+01
      vertex   6.259928e+01 1.365909e+02 7.268420e+01
    endloop
  endfacet
  facet normal 9.762960e-01 0.000000e+00 -2.164396e-01
    outer loop
      vertex   6.259928e+01 1.470455e+02 7.268420e+01
      vertex   6.259928e+01 1.365909e+02 7.268420e+01
      vertex   6.248628e+01 1.470455e+02 7.217447e+01
    endloop
  endfacet
  facet normal 9.762960e-01 0.000000e+00 -2.164396e-01
    outer loop
      vertex   6.248628e+01 1.470455e+02 7.217447e+01
      vertex   6.259928e+01 1.365909e+02 7.268420e+01
      vertex   6.248628e+01 1.365909e+02 7.217447e+01
    endloop
  endfacet
  facet normal 9.990482e-01 0.000000e+00 4.361939e-02
    outer loop
      vertex   6.248628e+01 1.470455e+02 7.217447e+01
      vertex   6.248628e+01 1.365909e+02 7.217447e+01
      vertex   6.250905e+01 1.470455e+02 7.165286e+01
    endloop
  endfacet
  facet normal 9.990482e-01 0.000000e+00 4.361939e-02
    outer loop
      vertex   6.250905e+01 1.470455e+02 7.165286e+01
      vertex   6.248628e+01 1.365909e+02 7.217447e+01
      vertex   6.250905e+01 1.365909e+02 7.165286e+01
    endloop
  endfacet
  facet normal 9.537170e-01 0.000000e+00 3.007058e-01
    outer loop
      vertex   6.250905e+01 1.470455e+02 7.165286e+01
      vertex   6.250905e+01 1.365909e+02 7.165286e+01
      vertex   6.266605e+01 1.470455e+02 7.115492e+01
    endloop
  endfacet
  facet normal 9.537170e-01 0.000000e+00 3.007058e-01
    outer loop
      vertex   6.266605e+01 1.470455e+02 7.115492e+01
      vertex   6.250905e+01 1.365909e+02 7.165286e+01
      vertex   6.266605e+01 1.365909e+02 7.115492e+01
    endloop
  endfacet
  facet normal 8.433914e-01 0.000000e+00 5.372996e-01
    outer loop
      vertex   6.266605e+01 1.470455e+02 7.115492e+01
      vertex   6.266605e+01 1.365909e+02 7.115492e+01
      vertex   6.294658e+01 1.470455e+02 7.071459e+01
    endloop
  endfacet
  facet normal 8.433914e-01 0.000000e+00 5.372996e-01
    outer loop
      vertex   6.294658e+01 1.470455e+02 7.071459e+01
      vertex   6.266605e+01 1.365909e+02 7.115492e+01
      vertex   6.294658e+01 1.365909e+02 7.071459e+01
    endloop
  endfacet
  facet normal 6.755902e-01 0.000000e+00 7.372773e-01
    outer loop
      vertex   6.294658e+01 1.470455e+02 7.071459e+01
      vertex   6.294658e+01 1.365909e+02 7.071459e+01
      vertex   6.333151e+01 1.470455e+02 7.036186e+01
    endloop
  endfacet
  facet normal 6.755902e-01 0.000000e+00 7.372773e-01
    outer loop
      vertex   6.333151e+01 1.470455e+02 7.036186e+01
      vertex   6.294658e+01 1.365909e+02 7.071459e+01
      vertex   6.333151e+01 1.365909e+02 7.036186e+01
    endloop
  endfacet
  facet normal 4.617486e-01 0.000000e+00 8.870108e-01
    outer loop
      vertex   6.333151e+01 1.470455e+02 7.036186e+01
      vertex   6.333151e+01 1.365909e+02 7.036186e+01
      vertex   6.379462e+01 1.470455e+02 7.012078e+01
    endloop
  endfacet
  facet normal 4.617486e-01 0.000000e+00 8.870108e-01
    outer loop
      vertex   6.379462e+01 1.470455e+02 7.012078e+01
      vertex   6.333151e+01 1.365909e+02 7.036186e+01
      vertex   6.379462e+01 1.365909e+02 7.012078e+01
    endloop
  endfacet
  facet normal 2.164396e-01 0.000000e+00 9.762960e-01
    outer loop
      vertex   6.379462e+01 1.470455e+02 7.012078e+01
      vertex   6.379462e+01 1.365909e+02 7.012078e+01
      vertex   6.430435e+01 1.470455e+02 7.000777e+01
    endloop
  endfacet
  facet normal 2.164396e-01 0.000000e+00 9.762960e-01
    outer loop
      vertex   6.430435e+01 1.470455e+02 7.000777e+01
      vertex   6.379462e+01 1.365909e+02 7.012078e+01
      vertex   6.430435e+01 1.365909e+02 7.000777e+01
    endloop
  endfacet
  facet normal -4.361939e-02 0.000000e+00 9.990482e-01
    outer loop
      vertex   6.430435e+01 1.470455e+02 7.000777e+01
      vertex   6.430435e+01 1.365909e+02 7.000777e+01
      vertex   6.482596e+01 1.470455e+02 7.003055e+01
    endloop
  endfacet
  facet normal -4.361939e-02 0.000000e+00 9.990482e-01
    outer loop
      vertex   6.482596e+01 1.470455e+02 7.003055e+01
      vertex   6.430435e+01 1.365909e+02 7.000777e+01
      vertex   6.482596e+01 1.365909e+02 7.003055e+01
    endloop
  endfacet
  facet normal -3.007058e-01 0.000000e+00 9.537170e-01
    outer loop
      vertex   6.482596e+01 1.470455e+02 7.003055e+01
      vertex   6.482596e+01 1.365909e+02 7.003055e+01
      vertex   6.532390e+01 1.470455e+02 7.018755e+01
    endloop
  endfacet
  facet normal -3.007058e-01 0.000000e+00 9.537170e-01
    outer loop
      vertex   6.532390e+01 1.470455e+02 7.018755e+01
      vertex   6.482596e+01 1.365909e+02 7.003055e+01
      vertex   6.532390e+01 1.365909e+02 7.018755e+01
    endloop
  endfacet
  facet normal -5.372996e-01 0.000000e+00 8.433914e-01
    outer loop
      vertex   6.532390e+01 1.470455e+02 7.018755e+01
      vertex   6.532390e+01 1.365909e+02 7.018755e+01
      vertex   6.576424e+01 1.470455e+02 7.046807e+01
    endloop
  endfacet
  facet normal -5.372996e-01 0.000000e+00 8.433914e-01
    outer loop
      vertex   6.576424e+01 1.470455e+02 7.046807e+01
      vertex   6.532390e+01 1.365909e+02 7.018755e+01
      vertex   6.576424e+01 1.365909e+02 7.046807e+01
    endloop
  endfacet
  facet normal -7.372773e-01 0.000000e+00 6.755902e-01
    outer loop
      vertex   6.576424e+01 1.470455e+02 7.046807e+01
      vertex   6.576424e+01 1.365909e+02 7.046807e+01
      vertex   6.611697e+01 1.470455e+02 7.085301e+01
    endloop
  endfacet
  facet normal -7.372773e-01 0.000000e+00 6.755902e-01
    outer loop
      vertex   6.611697e+01 1.470455e+02 7.085301e+01
      vertex   6.576424e+01 1.365909e+02 7.046807e+01
      vertex   6.611697e+01 1.365909e+02 7.085301e+01
    endloop
  endfacet
  facet normal -8.870108e-01 0.000000e+00 4.617486e-01
    outer loop
      vertex   6.611697e+01 1.470455e+02 7.085301e+01
      vertex   6.611697e+01 1.365909e+02 7.085301e+01
      vertex   6.635805e+01 1.470455e+02 7.131612e+01
    endloop
  endfacet
  facet normal -8.870108e-01 0.000000e+00 4.617486e-01
    outer loop
      vertex   6.635805e+01 1.470455e+02 7.131612e+01
      vertex   6.611697e+01 1.365909e+02 7.085301e+01
      vertex   6.635805e+01 1.365909e+02 7.131612e+01
    endloop
  endfacet
  facet normal -9.762960e-01 0.000000e+00 2.164396e-01
    outer loop
      vertex   6.635805e+01 1.470455e+02 7.131612e+01
      vertex   6.635805e+01 1.365909e+02 7.131612e+01
      vertex   6.647105e+01 1.470455e+02 7.182585e+01
    endloop
  endfacet
  facet normal -9.762960e-01 0.000000e+00 2.164396e-01
    outer loop
      vertex   6.647105e+01 1.470455e+02 7.182585e+01
      vertex   6.635805e+01 1.365909e+02 7.131612e+01
      vertex   6.647105e+01 1.365909e+02 7.182585e+01
    endloop
  endfacet
  facet normal -9.990482e-01 -0.000000e+00 -4.361939e-02
    outer loop
      vertex   6.647105e+01 1.470455e+02 7.182585e+01
      vertex   6.647105e+01 1.365909e+02 7.182585e+01
      vertex   6.644828e+01 1.470455e+02 7.234746e+01
    endloop
  endfacet
  facet normal -9.990482e-01 -0.000000e+00 -4.361939e-02
    outer loop
      vertex   6.644828e+01 1.470455e+02 7.234746e+01
      vertex   6.647105e+01 1.365909e+02 7.182585e+01
      vertex   6.644828e+01 1.365909e+02 7.234746e+01
    endloop
  endfacet
  facet normal -9.537170e-01 -0.000000e+00 -3.007058e-01
    outer loop
      vertex   6.644828e+01 1.470455e+02 7.234746e+01
      vertex   6.644828e+01 1.365909e+02 7.234746e+01
      vertex   6.629128e+01 1.470455e+02 7.284540e+01
    endloop
  endfacet
  facet normal -9.537170e-01 -0.000000e+00 -3.007058e-01
    outer loop
      vertex   6.629128e+01 1.470455e+02 7.284540e+01
      vertex   6.644828e+01 1.365909e+02 7.234746e+01
      vertex   6.629128e+01 1.365909e+02 7.284540e+01
    endloop
  endfacet
  facet normal -8.433914e-01 -0.000000e+00 -5.372996e-01
    outer loop
      vertex   6.629128e+01 1.470455e+02 7.284540e+01
      vertex   6.629128e+01 1.365909e+02 7.284540e+01
      vertex   6.601075e+01 1.470455e+02 7.328574e+01
    endloop
  endfacet
  facet normal -8.433914e-01 -0.000000e+00 -5.372996e-01
    outer loop
      vertex   6.601075e+01 1.470455e+02 7.328574e+01
      vertex   6.629128e+01 1.365909e+02 7.284540e+01
      vertex   6.601075e+01 1.365909e+02 7.328574e+01
    endloop
  endfacet
  facet normal -6.755902e-01 -0.000000e+00 -7.372773e-01
    outer loop
      vertex   6.601075e+01 1.470455e+02 7.328574e+01
      vertex   6.601075e+01 1.365909e+02 7.328574e+01
      vertex   6.562582e+01 1.470455e+02 7.363846e+01
    endloop
  endfacet
  facet normal -6.755902e-01 -0.000000e+00 -7.372773e-01
    outer loop
      vertex   6.562582e+01 1.470455e+02 7.363846e+01
      vertex   6.601075e+01 1.365909e+02 7.328574e+01
      vertex   6.562582e+01 1.365909e+02 7.363846e+01
    endloop
  endfacet
  facet normal -4.617486e-01 -0.000000e+00 -8.870108e-01
    outer loop
      vertex   6.562582e+01 1.470455e+02 7.363846e+01
      vertex   6.562582e+01 1.365909e+02 7.363846e+01
      vertex   6.516271e+01 1.470455e+02 7.387955e+01
    endloop
  endfacet
  facet normal -4.617486e-01 -0.000000e+00 -8.870108e-01
    outer loop
      vertex   6.516271e+01 1.470455e+02 7.387955e+01
      vertex   6.562582e+01 1.365909e+02 7.363846e+01
      vertex   6.516271e+01 1.365909e+02 7.387955e+01
    endloop
  endfacet
  facet normal -2.164396e-01 -0.000000e+00 -9.762960e-01
    outer loop
      vertex   6.516271e+01 1.470455e+02 7.387955e+01
      vertex   6.516271e+01 1.365909e+02 7.387955e+01
      vertex   6.465298e+01 1.470455e+02 7.399255e+01
    endloop
  endfacet
  facet normal -2.164396e-01 -0.000000e+00 -9.762960e-01
    outer loop
      vertex   6.465298e+01 1.470455e+02 7.399255e+01
      vertex   6.516271e+01 1.365909e+02 7.387955e+01
      vertex   6.465298e+01 1.365909e+02 7.399255e+01
    endloop
  endfacet
  facet normal 4.361939e-02 0.000000e+00 -9.990482e-01
    outer loop
      vertex   6.465298e+01 1.470455e+02 7.399255e+01
      vertex   6.465298e+01 1.365909e+02 7.399255e+01
      vertex   6.413137e+01 1.470455e+02 7.396978e+01
    endloop
  endfacet
  facet normal 4.361939e-02 0.000000e+00 -9.990482e-01
    outer loop
      vertex   6.413137e+01 1.470455e+02 7.396978e+01
      vertex   6.465298e+01 1.365909e+02 7.399255e+01
      vertex   6.413137e+01 1.365909e+02 7.396978e+01
    endloop
  endfacet
  facet normal 3.007058e-01 0.000000e+00 -9.537170e-01
    outer loop
      vertex   6.413137e+01 1.470455e+02 7.396978e+01
      vertex   6.413137e+01 1.365909e+02 7.396978e+01
      vertex   6.363343e+01 1.470455e+02 7.381278e+01
    endloop
  endfacet
  facet normal 3.007058e-01 0.000000e+00 -9.537170e-01
    outer loop
      vertex   6.363343e+01 1.470455e+02 7.381278e+01
      vertex   6.413137e+01 1.365909e+02 7.396978e+01
      vertex   6.363343e+01 1.365909e+02 7.381278e+01
    endloop
  endfacet
  facet normal 5.372996e-01 0.000000e+00 -8.433914e-01
    outer loop
      vertex   6.363343e+01 1.470455e+02 7.381278e+01
      vertex   6.363343e+01 1.365909e+02 7.381278e+01
      vertex   6.319309e+01 1.470455e+02 7.353225e+01
    endloop
  endfacet
  facet normal 5.372996e-01 0.000000e+00 -8.433914e-01
    outer loop
      vertex   6.319309e+01 1.470455e+02 7.353225e+01
      vertex   6.363343e+01 1.365909e+02 7.381278e+01
      vertex   6.319309e+01 1.365909e+02 7.353225e+01
    endloop
  endfacet
  facet normal 7.372773e-01 0.000000e+00 -6.755902e-01
    outer loop
      vertex   6.319309e+01 1.470455e+02 7.353225e+01
      vertex   6.319309e+01 1.365909e+02 7.353225e+01
      vertex   6.284036e+01 1.470455e+02 7.314731e+01
    endloop
  endfacet
  facet normal 7.372773e-01 0.000000e+00 -6.755902e-01
    outer loop
      vertex   6.284036e+01 1.470455e+02 7.314731e+01
      vertex   6.319309e+01 1.365909e+02 7.353225e+01
      vertex   6.284036e+01 1.365909e+02 7.314731e+01
    endloop
  endfacet
  facet normal 8.870108e-01 0.000000e+00 -4.617486e-01
    outer loop
      vertex   6.284036e+01 1.365909e+02 7.314731e+01
      vertex   6.284036e+01 1.261364e+02 7.314731e+01
      vertex   6.259928e+01 1.365909e+02 7.268420e+01
    endloop
  endfacet
  facet normal 8.870108e-01 0.000000e+00 -4.617486e-01
    outer loop
      vertex   6.259928e+01 1.365909e+02 7.268420e+01
      vertex   6.284036e+01 1.261364e+02 7.314731e+01
      vertex   6.259928e+01 1.261364e+02 7.268420e+01
    endloop
  endfacet
  facet normal 9.762960e-01 0.000000e+00 -2.164396e-01
    outer loop
      vertex   6.259928e+01 1.365909e+02 7.268420e+01
      vertex   6.259928e+01 1.261364e+02 7.268420e+01
      vertex   6.248628e+01 1.365909e+02 7.217447e+01
    endloop
  endfacet
  facet normal 9.762960e-01 0.000000e+00 -2.164396e-01
    outer loop
      vertex   6.248628e+01 1.365909e+02 7.217447e+01
      vertex   6.259928e+01 1.261364e+02 7.268420e+01
      vertex   6.248628e+01 1.261364e+02 7.217447e+01
    endloop
  endfacet
  facet normal 9.990482e-01 0.000000e+00 4.361939e-02
    outer loop
      vertex   6.248628e+01 1.365909e+02 7.217447e+01
      vertex   6.248628e+01 1.261364e+02 7.217447e+01
      vertex   6.250905e+01 1.365909e+02 7.165286e+01
    endloop
  endfacet
  facet normal 9.990482e-01 0.000000e+00 4.361939e-02
    outer loop
      vertex   6.250905e+01 1.365909e+02 7.165286e+01
      vertex   6.248628e+01 1.261364e+02 7.217447e+01
      vertex   6.250905e+01 1.261364e+02 7.165286e+01
    endloop
  endfacet
  facet normal 9.537170e-01 0.000000e+00 3.007058e-01
    outer loop
      vertex   6.250905e+01 1.365909e+02 7.165286e+01
      vertex   6.250905e+01 1.261364e+02 7.165286e+01
      vertex   6.266605e+01 1.365909e+02 7.115492e+01
    endloop
  endfacet
  facet normal 9.537170e-01 0.000000e+00 3.007058e-01
    outer loop
      vertex   6.266605e+01 1.365909e+02 7.115492e+01
      vertex   6.250905e+01 1.261364e+02 7.165286e+01
      vertex   6.266605e+01 1.261364e+02 7.115492e+01
    endloop
  endfacet
  facet normal 8.433914e-01 0.000000e+00 5.372996e-01
    outer loop
      vertex   6.266605e+01 1.365909e+02 7.115492e+01
      vertex   6.266605e+01 1.261364e+02 7.115492e+01
      vertex   6.294658e+01 1.365909e+02 7.071459e+01
    endloop
  endfacet
  facet normal 8.433914e-01 0.000000e+00 5.372996e-01
    outer loop
      vertex   6.294658e+01 1.365909e+02 7.071459e+01
      vertex   6.266605e+01 1.261364e+02 7.115492e+01
      vertex   6.294658e+01 1.261364e+02 7.071459e+01
    endloop
  endfacet
  facet normal 6.755902e-01 0.000000e+00 7.372773e-01
    outer loop
      vertex   6.294658e+01 1.365909e+02 7.071459e+01
      vertex   6.294658e+01 1.261364e+02 7.071459e+01
      vertex   6.333151e+01 1.365909e+02 7.036186e+01
    endloop
  endfacet
  facet normal 6.755902e-01 0.000000e+00 7.372773e-01
    outer loop
      vertex   6.333151e+01 1.365909e+02 7.036186e+01
      vertex   6.294658e+01 1.261364e+02 7.071459e+01
      vertex   6.333151e+01 1.261364e+02 7.036186e+01
    endloop
  endfacet
  facet normal 4.617486e-01 0.000000e+00 8.870108e-01
    outer loop
      vertex   6.333151e+01 1.365909e+02 7.036186e+01
      vertex   6.333151e+01 1.261364e+02 7.036186e+01
      vertex   6.379462e+01 1.365909e+02 7.012078e+01
    endloop
  endfacet
  facet normal 4.617486e-01 0.000000e+00 8.870108e-01
    outer loop
      vertex   6.379462e+01 1.365909e+02 7.012078e+01
      vertex   6.333151e+01 1.261364e+02 7.036186e+01
      vertex   6.379462e+01 1.261364e+02 7.012078e+01
    endloop
  endfacet
  facet normal 2.164396e-01 0.000000e+00 9.762960e-01
    outer loop
      vertex   6.379462e+01 1.365909e+02 7.012078e+01
      vertex   6.379462e+01 1.261364e+02 7.012078e+01
      vertex   6.430435e+01 1.365909e+02 7.000777e+01
    endloop
  endfacet
  facet normal 2.164396e-01 0.000000e+00 9.762960e-01
    outer loop
      vertex   6.430435e+01 1.365909e+02 7.000777e+01
      vertex   6.379462e+01 1.261364e+02 7.012078e+01
      vertex   6.430435e+01 1.261364e+02 7.000777e+01
    endloop
  endfacet
  facet normal -4.361939e-02 0.000000e+00 9.990482e-01
    outer loop
      vertex   6.430435e+01 1.365909e+02 7.000777e+01
      vertex   6.430435e+01 1.261364e+02 7.000777e+01
      vertex   6.482596e+01 1.365909e+02 7.003055e+01
    endloop
  endfacet
  facet normal -4.361939e-02 0.000000e+00 9.990482e-01
    outer loop
      vertex   6.482596e+01 1.365909e+02 7.003055e+01
      vertex   6.430435e+01 1.261364e+02 7.000777e+01
      vertex   6.482596e+01 1.261364e+02 7.003055e+01
    endloop
  endfacet
  facet normal -3.007058e-01 0.000000e+00 9.537170e-01
    outer loop
      vertex   6.482596e+01 1.365909e+02 7.003055e+01
      vertex   6.482596e+01 1.261364e+02 7.003055e+01
      vertex   6.532390e+01 1.365909e+02 7.018755e+01
    endloop
  endfacet
  facet normal -3.007058e-01 0.000000e+00 9.537170e-01
    outer loop
      vertex   6.532390e+01 1.365909e+02 7.018755e+01
      vertex   6.482596e+01 1.261364e+02 7.003055e+01
      vertex   6.532390e+01 1.261364e+02 7.018755e+01
    endloop
  endfacet
  facet normal -5.372996e-01 0.000000e+00 8.433914e-01
    outer loop
      vertex   6.532390e+01 1.365909e+02 7.018755e+01
      vertex   6.532390e+01 1.261364e+02 7.018755e+01
      vertex   6.576424e+01 1.365909e+02 7.046807e+01
    endloop
  endfacet
  facet normal -5.372996e-01 0.000000e+00 8.433914e-01
    outer loop
      vertex   6.576424e+01 1.365909e+02 7.046807e+01
      vertex   6.532390e+01 1.261364e+02 7.018755e+01
      vertex   6.576424e+01 1.261364e+02 7.046807e+01
    endloop
  endfacet
  facet normal -7.372773e-01 0.000000e+00 6.755902e-01
    outer loop
      vertex   6.576424e+01 1.365909e+02 7.046807e+01
      vertex   6.576424e+01 1.261364e+02 7.046807e+01
      vertex   6.611697e+01 1.365909e+02 7.085301e+01
    endloop
  endfacet
  facet normal -7.372773e-01 0.000000e+00 6.755902e-01
    outer loop
      vertex   6.611697e+01 1.365909e+02 7.085301e+01
      vertex   6.576424e+01 1.261364e+02 7.046807e+01
      vertex   6.611697e+01 1.261364e+02 7.085301e+01
    endloop
  endfacet
  facet normal -8.870108e-01 0.000000e+00 4.617486e-01
    outer loop
      vertex   6.611697e+01 1.365909e+02 7.085301e+01
      vertex   6.611697e+01 1.261364e+02 7.085301e+01
      vertex   6.635805e+01 1.365909e+02 7.131612e+01
    endloop
  endfacet
  facet normal -8.870108e-01 0.000000e+00 4.617486e-01
    outer loop
      vertex   6.635805e+01 1.365909e+02 7.131612e+01
      vertex   6.611697e+01 1.261364e+02 7.085301e+01
      vertex   6.635805e+01 1.261364e+02 7.131612e+01
    endloop
  endfacet
  facet normal -9.762960e-01 0.000000e+00 2.164396e-01
    outer loop
      vertex   6.635805e+01 1.365909e+02 7.131612e+01
      vertex   6.635805e+01 1.261364e+02 7.131612e+01
      vertex   6.647105e+01 1.365909e+02 7.182585e+01
    endloop
  endfacet
  facet normal -9.762960e-01 0.000000e+00 2.164396e-01
    outer loop
      vertex   6.647105e+01 1.365909e+02 7.182585e+01
      vertex   6.635805e+01 1.261364e+02 7.131612e+01
      vertex   6.647105e+01 1.261364e+02 7.182585e+01
    endloop
  endfacet
  facet normal -9.990482e-01 -0.000000e+00 -4.361939e-02
    outer loop
      vertex   6.647105e+01 1.365909e+02 7.182585e+01
      vertex   6.647105e+01 1.261364e+02 7.182585e+01
      vertex   6.644828e+01 1.365909e+02 7.234746e+01
    endloop
  endfacet
  facet normal -9.990482e-01 -0.000000e+00 -4.361939e-02
    outer loop
      vertex   6.644828e+01 1.365909e+02 7.234746e+01
      vertex   6.647105e+01 1.261364e+02 7.182585e+01
      vertex   6.644828e+01 1.261364e+02 7.234746e+01
    endloop
  endfacet
  facet normal -9.537170e-01 -0.000000e+00 -3.007058e-01
    outer loop
      vertex   6.644828e+01 1.365909e+02 7.234746e+01
      vertex   6.644828e+01 1.261364e+02 7.234746e+01
      vertex   6.629128e+01 1.365909e+02 7.284540e+01
    endloop
  endfacet
  facet normal -9.537170e-01 -0.000000e+00 -3.007058e-01
    outer loop
      vertex   6.629128e+01 1.365909e+02 7.284540e+01
      vertex   6.644828e+01 1.261364e+02 7.234746e+01
      vertex   6.629128e+01 1.261364e+02 7.284540e+01
    endloop
  endfacet
  facet normal -8.433914e-01 -0.000000e+00 -5.372996e-01
    outer loop
      vertex   6.629128e+01 1.365909e+02 7.284540e+01
      vertex   6.629128e+01 1.261364e+02 7.284540e+01
      vertex   6.601075e+01 1.365909e+02 7.328574e+01
    endloop
  endfacet
  facet normal -8.433914e-01 -0.000000e+00 -5.372996e-01
    outer loop
      vertex   6.601075e+01 1.365909e+02 7.328574e+01
      vertex   6.629128e+01 1.261364e+02 7.284540e+01
      vertex   6.601075e+01 1.261364e+02 7.328574e+01
    endloop
  endfacet
  facet normal -6.755902e-01 -0.000000e+00 -7.372773e-01
    outer loop
      vertex   6.601075e+01 1.365909e+02 7.328574e+01
      vertex   6.601075e+01 1.261364e+02 7.328574e+01
      vertex   6.562582e+01 1.365909e+02 7.363846e+01
    endloop
  endfacet
  facet normal -6.755902e-01 -0.000000e+00 -7.372773e-01
    outer loop
      vertex   6.562582e+01 1.365909e+02 7.363846e+01
      vertex   6.601075e+01 1.261364e+02 7.328574e+01
      vertex   6.562582e+01 1.261364e+02 7.363846e+01
    endloop
  endfacet
  facet normal -4.617486e-01 -0.000000e+00 -8.870108e-01
    outer loop
      vertex   6.562582e+01 1.365909e+02 7.363846e+01
      vertex   6.562582e+01 1.261364e+02 7.363846e+01
      vertex   6.516271e+01 1.365909e+02 7.387955e+01
    endloop
  endfacet
  facet normal -4.617486e-01 -0.000000e+00 -8.870108e-01
    outer loop
      vertex   6.516271e+01 1.365909e+02 7.387955e+01
      vertex   6.562582e+01 1.261364e+02 7.363846e+01
      vertex   6.516271e+01 1.261364e+02 7.387955e+01
    endloop
  endfacet
  facet normal -2.164396e-01 -0.000000e+00 -9.762960e-01
    outer loop
      vertex   6.516271e+01 1.365909e+02 7.387955e+01
      vertex   6.516271e+01 1.261364e+02 7.387955e+01
      vertex   6.465298e+01 1.365909e+02 7.399255e+01
    endloop
  endfacet
  facet normal -2.164396e-01 -0.000000e+00 -9.762960e-01
    outer loop
      vertex   6.465298e+01 1.365909e+02 7.399255e+01
      vertex   6.516271e+01 1.261364e+02 7.387955e+01
      vertex   6.465298e+01 1.261364e+02 7.399255e+01
    endloop
  endfacet
  facet normal 4.361939e-02 0.000000e+00 -9.990482e-01
    outer loop
      vertex   6.465298e+01 1.365909e+02 7.399255e+01
      vertex   6.465298e+01 1.261364e+02 7.399255e+01
      vertex   6.413137e+01 1.365909e+02 7.396978e+01
    endloop
  endfacet
  facet normal 4.361939e-02 0.000000e+00 -9.990482e-01
    outer loop
      vertex   6.413137e+01 1.365909e+02 7.396978e+01
      vertex   6.465298e+01 1.261364e+02 7.399255e+01
      vertex   6.413137e+01 1.261364e+02 7.396978e+01
    endloop
  endfacet
  facet normal 3.007058e-01 0.000000e+00 -9.537170e-01
    outer loop
      vertex   6.413137e+01 1.365909e+02 7.396978e+01
      vertex   6.413137e+01 1.261364e+02 7.396978e+01
      vertex   6.363343e+01 1.365909e+02 7.381278e+01
    endloop
  endfacet
  facet normal 3.007058e-01 0.000000e+00 -9.537170e-01
    outer loop
      vertex   6.363343e+01 1.365909e+02 7.381278e+01
      vertex   6.413137e+01 1.261364e+02 7.396978e+01
      vertex   6.363343e+01 1.261364e+02 7.381278e+01
    endloop
  endfacet
  facet normal 5.372996e-01 0.000000e+00 -8.433914e-01
    outer loop
      vertex   6.363343e+01 1.365909e+02 7.381278e+01
      vertex   6.363343e+01 1.261364e+02 7.381278e+01
      vertex   6.319309e+01 1.365909e+02 7.353225e+01
    endloop
  endfacet
  facet normal 5.372996e-01 0.000000e+00 -8.433914e-01
    outer loop
      vertex   6.319309e+01 1.365909e+02 7.353225e+01
      vertex   6.363343e+01 1.261364e+02 7.381278e+01
      vertex   6.319309e+01 1.261364e+02 7.353225e+01
    endloop
  endfacet
  facet normal 7.372773e-01 0.000000e+00 -6.755902e-01
    outer loop
      vertex   6.319309e+01 1.365909e+02 7.353225e+01
      vertex   6.319309e+01 1.261364e+02 7.353225e+01
      vertex   6.284036e+01 1.365909e+02 7.314731e+01
    endloop
  endfacet
  facet normal 7.372773e-01 0.000000e+00 -6.755902e-01
    outer loop
      vertex   6.284036e+01 1.365909e+02 7.314731e+01
      vertex   6.319309e+01 1.261364e+02 7.353225e+01
      vertex   6.284036e+01 1.261364e+02 7.314731e+01
    endloop
  endfacet
  facet normal 8.870108e-01 0.000000e+00 -4.617486e-01
    outer loop
      vertex   6.284036e+01 1.261364e+02 7.314731e+01
      vertex   6.284036e+01 1.156818e+02 7.314731e+01
      vertex   6.259928e+01 1.261364e+02 7.268420e+01
    endloop
  endfacet
  facet normal 8.870108e-01 0.000000e+00 -4.617486e-01
    outer loop
      vertex   6.259928e+01 1.261364e+02 7.268420e+01
      vertex   6.284036e+01 1.156818e+02 7.314731e+01
      vertex   6.259928e+01 1.156818e+02 7.268420e+01
    endloop
  endfacet
  facet normal 9.762960e-01 0.000000e+00 -2.164396e-01
    outer loop
      vertex   6.259928e+01 1.261364e+02 7.268420e+01
      vertex   6.259928e+01 1.156818e+02 7.268420e+01
      vertex   6.248628e+01 1.261364e+02 7.217447e+01
    endloop
  endfacet
  facet normal 9.762960e-01 0.000000e+00 -2.164396e-01
    outer loop
      vertex   6.248628e+01 1.261364e+02 7.217447e+01
      vertex   6.259928e+01 1.156818e+02 7.268420e+01
      vertex   6.248628e+01 1.156818e+02 7.217447e+01
    endloop
  endfacet
  facet normal 9.990482e-01 0.000000e+00 4.361939e-02
    outer loop
      vertex   6.248628e+01 1.261364e+02 7.217447e+01
      vertex   6.248628e+01 1.156818e+02 7.217447e+01
      vertex   6.250905e+01 1.261364e+02 7.165286e+01
    endloop
  endfacet
  facet normal 9.990482e-01 0.000000e+00 4.361939e-02
    outer loop
      vertex   6.250905e+01 1.261364e+02 7.165286e+01
      vertex   6.248628e+01 1.156818e+02 7.217447e+01
      vertex   6.250905e+01 1.156818e+02 7.165286e+01
    endloop
  endfacet
  facet normal 9.537170e-01 0.000000e+00 3.007058e-01
    outer loop
      vertex   6.250905e+01 1.261364e+02 7.165286e+01
      vertex   6.250905e+01 1.156818e+02 7.165286e+01
      vertex   6.266605e+01 1.261364e+02 7.115492e+01
    endloop
  endfacet
  facet normal 9.537170e-01 0.000000e+00 3.007058e-01
    outer loop
      vertex   6.266605e+01 1.261364e+02 7.115492e+01
      vertex   6.250905e+01 1.156818e+02 7.165286e+01
      vertex   6.266605e+01 1.156818e+02 7.115492e+01
    endloop
  endfacet
  facet normal 8.433914e-01 0.000000e+00 5.372996e-01
    outer loop
      vertex   6.266605e+01 1.261364e+02 7.115492e+01
      vertex   6.266605e+01 1.156818e+02 7.115492e+01
      vertex   6.294658e+01 1.261364e+02 7.071459e+01
    endloop
  endfacet
  facet normal 8.433914e-01 0.000000e+00 5.372996e-01
    outer loop
      vertex   6.294658e+01 1.261364e+02 7.071459e+01
      vertex   6.266605e+01 1.156818e+02 7.115492e+01
      vertex   6.294658e+01 1.156818e+02 7.071459e+01
    endloop
  endfacet
  facet normal 6.755902e-01 0.000000e+00 7.372773e-01
    outer loop
      vertex   6.294658e+01 1.261364e+02 7.071459e+01
      vertex   6.294658e+01 1.156818e+02 7.071459e+01
      vertex   6.333151e+01 1.261364e+02 7.036186e+01
    endloop
  endfacet
  facet normal 6.755902e-01 0.000000e+00 7.372773e-01
    outer loop
      vertex   6.333151e+01 1.261364e+02 7.036186e+01
      vertex   6.294658e+01 1.156818e+02 7.071459e+01
      vertex   6.333151e+01 1.156818e+02 7.036186e+01
    endloop
  endfacet
  facet normal 4.617486e-01 0.000000e+00 8.870108e-01
    outer loop
      vertex   6.333151e+01 1.261364e+02 7.036186e+01
      vertex   6.333151e+01 1.156818e+02 7.036186e+01
      vertex   6.379462e+01 1.261364e+02 7.012078e+01
    endloop
  endfacet
  facet normal 4.617486e-01 0.000000e+00 8.870108e-01
    outer loop
      vertex   6.379462e+01 1.261364e+02 7.012078e+01
      vertex   6.333151e+01 1.156818e+02 7.036186e+01
      vertex   6.379462e+01 1.156818e+02 7.012078e+01
    endloop
  endfacet
  facet normal 2.164396e-01 0.000000e+00 9.762960e-01
    outer loop
      vertex   6.379462e+01 1.261364e+02 7.012078e+01
      vertex   6.379462e+01 1.156818e+02 7.012078e+01
      vertex   6.430435e+01 1.261364e+02 7.000777e+01
    endloop
  endfacet
  facet normal 2.164396e-01 0.000000e+00 9.762960e-01
    outer loop
      vertex   6.430435e+01 1.261364e+02 7.000777e+01
      vertex   6.379462e+01 1.156818e+02 7.012078e+01
      vertex   6.430435e+01 1.156818e+02 7.000777e+01
    endloop
  endfacet
  facet normal -4.361939e-02 0.000000e+00 9.990482e-01
    outer loop
      vertex   6.430435e+01 1.261364e+02 7.000777e+01
      vertex   6.430435e+01 1.156818e+02 7.000777e+01
      vertex   6.482596e+01 1.261364e+02 7.003055e+01
    endloop
  endfacet
  facet normal -4.361939e-02 0.000000e+00 9.990482e-01
    outer loop
      vertex   6.482596e+01 1.261364e+02 7.003055e+01
      vertex   6.430435e+01 1.156818e+02 7.000777e+01
      vertex   6.482596e+01 1.156818e+02 7.003055e+01
    endloop
  endfacet
  facet normal -3.007058e-01 0.000000e+00 9.537170e-01
    outer loop
      vertex   6.482596e+01 1.261364e+02 7.003055e+01
      vertex   6.482596e+01 1.156818e+02 7.003055e+01
      vertex   6.532390e+01 1.261364e+02 7.018755e+01
    endloop
  endfacet
  facet normal -3.007058e-01 0.000000e+00 9.537170e-01
    outer loop
      vertex   6.532390e+01 1.261364e+02 7.018755e+01
      vertex   6.482596e+01 1.156818e+02 7.003055e+01
      vertex   6.532390e+01 1.156818e+02 7.018755e+01
    endloop
  endfacet
  facet normal -5.372996e-01 0.000000e+00 8.433914e-01
    outer loop
      vertex   6.532390e+01 1.261364e+02 7.018755e+01
      vertex   6.532390e+01 1.156818e+02 7.018755e+01
      vertex   6.576424e+01 1.261364e+02 7.046807e+01
    endloop
  endfacet
  facet normal -5.372996e-01 0.000000e+00 8.433914e-01
    outer loop
      vertex   6.576424e+01 1.261364e+02 7.046807e+01
      vertex   6.532390e+01 1.156818e+02 7.018755e+01
      vertex   6.576424e+01 1.156818e+02 7.046807e+01
    endloop
  endfacet
  facet normal -7.372773e-01 0.000000e+00 6.755902e-01
    outer loop
      vertex   6.576424e+01 1.261364e+02 7.046807e+01
      vertex   6.576424e+01 1.156818e+02 7.046807e+01
      vertex   6.611697e+01 1.261364e+02 7.085301e+01
    endloop
  endfacet
  facet normal -7.372773e-01 0.000000e+00 6.755902e-01
    outer loop
      vertex   6.611697e+01 1.261364e+02 7.085301e+01
      vertex   6.576424e+01 1.156818e+02 7.046807e+01
      vertex   6.611697e+01 1.156818e+02 7.085301e+01
    endloop
  endfacet
  facet normal -8.870108e-01 0.000000e+00 4.617486e-01
    outer loop
      vertex   6.611697e+01 1.261364e+02 7.085301e+01
      vertex   6.611697e+01 1.156818e+02 7.085301e+01
      vertex   6.635805e+01 1.261364e+02 7.131612e+01
    endloop
  endfacet
  facet normal -8.870108e-01 0.000000e+00 4.617486e-01
    outer loop
      vertex   6.635805e+01 1.261364e+02 7.131612e+01
      vertex   6.611697e+01 1.156818e+02 7.085301e+01
      vertex   6.635805e+01 1.156818e+02 7.131612e+01
    endloop
  endfacet
  facet normal -9.762960e-01 0.000000e+00 2.164396e-01
    outer loop
      vertex   6.635805e+01 1.261364e+02 7.131612e+01
      vertex   6.635805e+01 1.156818e+02 7.131612e+01
      vertex   6.647105e+01 1.261364e+02 7.182585e+01
    endloop
  endfacet
  facet normal -9.762960e-01 0.000000e+00 2.164396e-01
    outer loop
      vertex   6.647105e+01 1.261364e+02 7.182585e+01
      vertex   6.635805e+01 1.156818e+02 7.131612e+01
      vertex   6.647105e+01 1.156818e+02 7.182585e+01
    endloop
  endfacet
  facet normal -9.990482e-01 -0.000000e+00 -4.361939e-02
    outer loop
      vertex   6.647105e+01 1.261364e+02 7.182585e+01
      vertex   6.647105e+01 1.156818e+02 7.182585e+01
      vertex   6.644828e+01 1.261364e+02 7.234746e+01
    endloop
  endfacet
  facet normal -9.990482e-01 -0.000000e+00 -4.361939e-02
    outer loop
      vertex   6.644828e+01 1.261364e+02 7.234746e+01
      vertex   6.647105e+01 1.156818e+02 7.182585e+01
      vertex   6.644828e+01 1.156818e+02 7.234746e+01
    endloop
  endfacet
  facet normal -9.537170e-01 -0.000000e+00 -3.007058e-01
    outer loop
      vertex   6.644828e+01 1.261364e+02 7.234746e+01
      vertex   6.644828e+01 1.156818e+02 7.234746e+01
      vertex   6.629128e+01 1.261364e+02 7.284540e+01
    endloop
  endfacet
  facet normal -9.537170e-01 -0.000000e+00 -3.007058e-01
    outer loop
      vertex   6.629128e+01 1.261364e+02 7.284540e+01
      vertex   6.644828e+01 1.156818e+02 7.234746e+01
      vertex   6.629128e+01 1.156818e+02 7.284540e+01
    endloop
  endfacet
  facet normal -8.433914e-01 -0.000000e+00 -5.372996e-01
    outer loop
      vertex   6.629128e+01 1.261364e+02 7.284540e+01
      vertex   6.629128e+01 1.156818e+02 7.284540e+01
      vertex   6.601075e+01 1.261364e+02 7.328574e+01
    endloop
  endfacet
  facet normal -8.433914e-01 -0.000000e+00 -5.372996e-01
    outer loop
      vertex   6.601075e+01 1.261364e+02 7.328574e+01
      vertex   6.629128e+01 1.156818e+02 7.284540e+01
      vertex   6.601075e+01 1.156818e+02 7.328574e+01
    endloop
  endfacet
  facet normal -6.755902e-01 -0.000000e+00 -7.372773e-01
    outer loop
      vertex   6.601075e+01 1.261364e+02 7.328574e+01
      vertex   6.601075e+01 1.156818e+02 7.328574e+01
      vertex   6.562582e+01 1.261364e+02 7.363846e+01
    endloop
  endfacet
  facet normal -6.755902e-01 -0.000000e+00 -7.372773e-01
    outer loop
      vertex   6.562582e+01 1.261364e+02 7.363846e+01
      vertex   6.601075e+01 1.156818e+02 7.328574e+01
      vertex   6.562582e+01 1.156818e+02 7.363846e+01
    endloop
  endfacet
  facet normal -4.617486e-01 -0.000000e+00 -8.870108e-01
    outer loop
      vertex   6.562582e+01 1.261364e+02 7.363846e+01
      vertex   6.562582e+01 1.156818e+02 7.363846e+01
      vertex   6.516271e+01 1.261364e+02 7.387955e+01
    endloop
  endfacet
  facet normal -4.617486e-01 -0.000000e+00 -8.870108e-01
    outer loop
      vertex   6.516271e+01 1.261364e+02 7.387955e+01
      vertex   6.562582e+01 1.156818e+02 7.363846e+01
      vertex   6.516271e+01 1.156818e+02 7.387955e+01
    endloop
  endfacet
  facet normal -2.164396e-01 -0.000000e+00 -9.762960e-01
    outer loop
      vertex   6.516271e+01 1.261364e+02 7.387955e+01
      vertex   6.516271e+01 1.156818e+02 7.387955e+01
      vertex   6.465298e+01 1.261364e+02 7.399255e+01
    endloop
  endfacet
  facet normal -2.164396e-01 -0.000000e+00 -9.762960e-01
    outer loop
      vertex   6.465298e+01 1.261364e+02 7.399255e+01
      vertex   6.516271e+01 1.156818e+02 7.387955e+01
      vertex   6.465298e+01 1.156818e+02 7.399255e+01
    endloop
  endfacet
  facet normal 4.361939e-02 0.000000e+00 -9.990482e-01
    outer loop
      vertex   6.465298e+01 1.261364e+02 7.399255e+01
      vertex   6.465298e+01 1.156818e+02 7.399255e+01
      vertex   6.413137e+01 1.261364e+02 7.396978e+01
    endloop
  endfacet
  facet normal 4.361939e-02 0.000000e+00 -9.990482e-01
    outer loop
      vertex   6.413137e+01 1.261364e+02 7.396978e+01
      vertex   6.465298e+01 1.156818e+02 7.399255e+01
      vertex   6.413137e+01 1.156818e+02 7.396978e+01
    endloop
  endfacet
  facet normal 3.007058e-01 0.000000e+00 -9.537170e-01
    outer loop
      vertex   6.413137e+01 1.261364e+02 7.396978e+01
      vertex   6.413137e+01 1.156818e+02 7.396978e+01
      vertex   6.363343e+01 1.261364e+02 7.381278e+01
    endloop
  endfacet
  facet normal 3.007058e-01 0.000000e+00 -9.537170e-01
    outer loop
      vertex   6.363343e+01 1.261364e+02 7.381278e+01
      vertex   6.413137e+01 1.156818e+02 7.396978e+01
      vertex   6.363343e+01 1.156818e+02 7.381278e+01
    endloop
  endfacet
  facet normal 5.372996e-01 0.000000e+00 -8.433914e-01
    outer loop
      vertex   6.363343e+01 1.261364e+02 7.381278e+01
      vertex   6.363343e+01 1.156818e+02 7.381278e+01
      vertex   6.319309e+01 1.261364e+02 7.353225e+01
    endloop
  endfacet
  facet normal 5.372996e-01 0.000000e+00 -8.433914e-01
    outer loop
      vertex   6.319309e+01 1.261364e+02 7.353225e+01
      vertex   6.363343e+01 1.156818e+02 7.381278e+01
      vertex   6.319309e+01 1.156818e+02 7.353225e+01
    endloop
  endfacet
  facet normal 7.372773e-01 0.000000e+00 -6.755902e-01
    outer loop
      vertex   6.319309e+01 1.261364e+02 7.353225e+01
      vertex   6.319309e+01 1.156818e+02 7.353225e+01
      vertex   6.284036e+01 1.261364e+02 7.314731e+01
    endloop
  endfacet
  facet normal 7.372773e-01 0.000000e+00 -6.755902e-01
    outer loop
      vertex   6.284036e+01 1.261364e+02 7.314731e+01
      vertex   6.319309e+01 1.156818e+02 7.353225e+01
      vertex   6.284036e+01 1.156818e+02 7.314731e+01
    endloop
  endfacet
  facet normal 8.870108e-01 0.000000e+00 -4.617486e-01
    outer loop
      vertex   6.284036e+01 1.156818e+02 7.314731e+01
      vertex   6.284036e+01 1.052273e+02 7.314731e+01
      vertex   6.259928e+01 1.156818e+02 7.268420e+01
    endloop
  endfacet
  facet normal 8.870108e-01 0.000000e+00 -4.617486e-01
    outer loop
      vertex   6.259928e+01 1.156818e+02 7.268420e+01
      vertex   6.284036e+01 1.052273e+02 7.314731e+01
      vertex   6.259928e+01 1.052273e+02 7.268420e+01
    endloop
  endfacet
  facet normal 9.762960e-01 0.000000e+00 -2.164396e-01
    outer loop
      vertex   6.259928e+01 1.156818e+02 7.268420e+01
      vertex   6.259928e+01 1.052273e+02 7.268420e+01
      vertex   6.248628e+01 1.156818e+02 7.217447e+01
    endloop
  endfacet
  facet normal 9.762960e-01 0.000000e+00 -2.164396e-01
    outer loop
      vertex   6.248628e+01 1.156818e+02 7.217447e+01
      vertex   6.259928e+01 1.052273e+02 7.268420e+01
      vertex   6.248628e+01 1.052273e+02 7.217447e+01
    endloop
  endfacet
  facet normal 9.990482e-01 0.000000e+00 4.361939e-02
    outer loop
      vertex   6.248628e+01 1.156818e+02 7.217447e+01
      vertex   6.248628e+01 1.052273e+02 7.217447e+01
      vertex   6.250905e+01 1.156818e+02 7.165286e+01
    endloop
  endfacet
  facet normal 9.990482e-01 0.000000e+00 4.361939e-02
    outer loop
      vertex   6.250905e+01 1.156818e+02 7.165286e+01
      vertex   6.248628e+01 1.052273e+02 7.217447e+01
      vertex   6.250905e+01 1.052273e+02 7.165286e+01
    endloop
  endfacet
  facet normal 9.537170e-01 0.000000e+00 3.007058e-01
    outer loop
      vertex   6.250905e+01 1.156818e+02 7.165286e+01
      vertex   6.250905e+01 1.052273e+02 7.165286e+01
      vertex   6.266605e+01 1.156818e+02 7.115492e+01
    endloop
  endfacet
  facet normal 9.537170e-01 0.000000e+00 3.007058e-01
    outer loop
      vertex   6.266605e+01 1.156818e+02 7.115492e+01
      vertex   6.250905e+01 1.052273e+02 7.165286e+01
      vertex   6.266605e+01 1.052273e+02 7.115492e+01
    endloop
  endfacet
  facet normal 8.433914e-01 0.000000e+00 5.372996e-01
    outer loop
      vertex   6.266605e+01 1.156818e+02 7.115492e+01
      vertex   6.266605e+01 1.052273e+02 7.115492e+01
      vertex   6.294658e+01 1.156818e+02 7.071459e+01
    endloop
  endfacet
  facet normal 8.433914e-01 0.000000e+00 5.372996e-01
    outer loop
      vertex   6.294658e+01 1.156818e+02 7.071459e+01
      vertex   6.266605e+01 1.052273e+02 7.115492e+01
      vertex   6.294658e+01 1.052273e+02 7.071459e+01
    endloop
  endfacet
  facet normal 6.755902e-01 0.000000e+00 7.372773e-01
    outer loop
      vertex   6.294658e+01 1.156818e+02 7.071459e+01
      vertex   6.294658e+01 1.052273e+02 7.071459e+01
      vertex   6.333151e+01 1.156818e+02 7.036186e+01
    endloop
  endfacet
  facet normal 6.755902e-01 0.000000e+00 7.372773e-01
    outer loop
      vertex   6.333151e+01 1.156818e+02 7.036186e+01
      vertex   6.294658e+01 1.052273e+02 7.071459e+01
      vertex   6.333151e+01 1.052273e+02 7.036186e+01
    endloop
  endfacet
  facet normal 4.617486e-01 0.000000e+00 8.870108e-01
    outer loop
      vertex   6.333151e+01 1.156818e+02 7.036186e+01
      vertex   6.333151e+01 1.052273e+02 7.036186e+01
      vertex   6.379462e+01 1.156818e+02 7.012078e+01
    endloop
  endfacet
  facet normal 4.617486e-01 0.000000e+00 8.870108e-01
    outer loop
      vertex   6.379462e+01 1.156818e+02 7.012078e+01
      vertex   6.333151e+01 1.052273e+02 7.036186e+01
      vertex   6.379462e+01 1.052273e+02 7.012078e+01
    endloop
  endfacet
  facet normal 2.164396e-01 0.000000e+00 9.762960e-01
    outer loop
      vertex   6.379462e+01 1.156818e+02 7.012078e+01
      vertex   6.379462e+01 1.052273e+02 7.012078e+01
      vertex   6.430435e+01 1.156818e+02 7.000777e+01
    endloop
  endfacet
  facet normal 2.164396e-01 0.000000e+00 9.762960e-01
    outer loop
      vertex   6.430435e+01 1.156818e+02 7.000777e+01
      vertex   6.379462e+01 1.052273e+02 7.012078e+01
      vertex   6.430435e+01 1.052273e+02 7.000777e+01
    endloop
  endfacet
  facet normal -4.361939e-02 0.000000e+00 9.990482e-01
    outer loop
      vertex   6.430435e+01 1.156818e+02 7.000777e+01
      vertex   6.430435e+01 1.052273e+02 7.000777e+01
      vertex   6.482596e+01 1.156818e+02 7.003055e+01
    endloop
  endfacet
  facet normal -4.361939e-02 0.000000e+00 9.990482e-01
    outer loop
      vertex   6.482596e+01 1.156818e+02 7.003055e+01
      vertex   6.430435e+01 1.052273e+02 7.000777e+01
      vertex   6.482596e+01 1.052273e+02 7.003055e+01
    endloop
  endfacet
  facet normal -3.007058e-01 0.000000e+00 9.537170e-01
    outer loop
      vertex   6.482596e+01 1.156818e+02 7.003055e+01
      vertex   6.482596e+01 1.052273e+02 7.003055e+01
      vertex   6.532390e+01 1.156818e+02 7.018755e+01
    endloop
  endfacet
  facet normal -3.007058e-01 0.000000e+00 9.537170e-01
    outer loop
      vertex   6.532390e+01 1.156818e+02 7.018755e+01
      vertex   6.482596e+01 1.052273e+02 7.003055e+01
      vertex   6.532390e+01 1.052273e+02 7.018755e+01
    endloop
  endfacet
  facet normal -5.372996e-01 0.000000e+00 8.433914e-01
    outer loop
      vertex   6.532390e+01 1.156818e+02 7.018755e+01
      vertex   6.532390e+01 1.052273e+02 7.018755e+01
      vertex   6.576424e+01 1.156818e+02 7.046807e+01
    endloop
  endfacet
  facet normal -5.372996e-01 0.000000e+00 8.433914e-01
    outer loop
      vertex   6.576424e+01 1.156818e+02 7.046807e+01
      vertex   6.532390e+01 1.052273e+02 7.018755e+01
      vertex   6.576424e+01 1.052273e+02 7.046807e+01
    endloop
  endfacet
  facet normal -7.372773e-01 0.000000e+00 6.755902e-01
    outer loop
      vertex   6.576424e+01 1.156818e+02 7.046807e+01
      vertex   6.576424e+01 1.052273e+02 7.046807e+01
      vertex   6.611697e+01 1.156818e+02 7.085301e+01
    endloop
  endfacet
  facet normal -7.372773e-01 0.000000e+00 6.755902e-01
    outer loop
      vertex   6.611697e+01 1.156818e+02 7.085301e+01
      vertex   6.576424e+01 1.052273e+02 7.046807e+01
      vertex   6.611697e+01 1.052273e+02 7.085301e+01
    endloop
  endfacet
  facet normal -8.870108e-01 0.000000e+00 4.617486e-01
    outer loop
      vertex   6.611697e+01 1.156818e+02 7.085301e+01
      vertex   6.611697e+01 1.052273e+02 7.085301e+01
      vertex   6.635805e+01 1.156818e+02 7.131612e+01
    endloop
  endfacet
  facet normal -8.870108e-01 0.000000e+00 4.617486e-01
    outer loop
      vertex   6.635805e+01 1.156818e+02 7.131612e+01
      vertex   6.611697e+01 1.052273e+02 7.085301e+01
      vertex   6.635805e+01 1.052273e+02 7.131612e+01
    endloop
  endfacet
  facet normal -9.762960e-01 0.000000e+00 2.164396e-01
    outer loop
      vertex   6.635805e+01 1.156818e+02 7.131612e+01
      vertex   6.635805e+01 1.052273e+02 7.131612e+01
      vertex   6.647105e+01 1.156818e+02 7.182585e+01
    endloop
  endfacet
  facet normal -9.762960e-01 0.000000e+00 2.164396e-01
    outer loop
      vertex   6.647105e+01 1.156818e+02 7.182585e+01
      vertex   6.635805e+01 1.052273e+02 7.131612e+01
      vertex   6.647105e+01 1.052273e+02 7.182585e+01
    endloop
  endfacet
  facet normal -9.990482e-01 -0.000000e+00 -4.361939e-02
    outer loop
      vertex   6.647105e+01 1.156818e+02 7.182585e+01
      vertex   6.647105e+01 1.052273e+02 7.182585e+01
      vertex   6.644828e+01 1.156818e+02 7.234746e+01
    endloop
  endfacet
  facet normal -9.990482e-01 -0.000000e+00 -4.361939e-02
    outer loop
      vertex   6.644828e+01 1.156818e+02 7.234746e+01
      vertex   6.647105e+01 1.052273e+02 7.182585e+01
      vertex   6.644828e+01 1.052273e+02 7.234746e+01
    endloop
  endfacet
  facet normal -9.537170e-01 -0.000000e+00 -3.007058e-01
    outer loop
      vertex   6.644828e+01 1.156818e+02 7.234746e+01
      vertex   6.644828e+01 1.052273e+02 7.234746e+01
      vertex   6.629128e+01 1.156818e+02 7.284540e+01
    endloop
  endfacet
  facet normal -9.537170e-01 -0.000000e+00 -3.007058e-01
    outer loop
      vertex   6.629128e+01 1.156818e+02 7.284540e+01
      vertex   6.644828e+01 1.052273e+02 7.234746e+01
      vertex   6.629128e+01 1.052273e+02 7.284540e+01
    endloop
  endfacet
  facet normal -8.433914e-01 -0.000000e+00 -5.372996e-01
    outer loop
      vertex   6.629128e+01 1.156818e+02 7.284540e+01
      vertex   6.629128e+01 1.052273e+02 7.284540e+01
      vertex   6.601075e+01 1.156818e+02 7.328574e+01
    endloop
  endfacet
  facet normal -8.433914e-01 -0.000000e+00 -5.372996e-01
    outer loop
      vertex   6.601075e+01 1.156818e+02 7.328574e+01
      vertex   6.629128e+01 1.052273e+02 7.284540e+01
      vertex   6.601075e+01 1.052273e+02 7.328574e+01
    endloop
  endfacet
  facet normal -6.755902e-01 -0.000000e+00 -7.372773e-01
    outer loop
      vertex   6.601075e+01 1.156818e+02 7.328574e+01
      vertex   6.601075e+01 1.052273e+02 7.328574e+01
      vertex   6.562582e+01 1.156818e+02 7.363846e+01
    endloop
  endfacet
  facet normal -6.755902e-01 -0.000000e+00 -7.372773e-01
    outer loop
      vertex   6.562582e+01 1.156818e+02 7.363846e+01
      vertex   6.601075e+01 1.052273e+02 7.328574e+01
      vertex   6.562582e+01 1.052273e+02 7.363846e+01
    endloop
  endfacet
  facet normal -4.617486e-01 -0.000000e+00 -8.870108e-01
    outer loop
      vertex   6.562582e+01 1.156818e+02 7.363846e+01
      vertex   6.562582e+01 1.052273e+02 7.363846e+01
      vertex   6.516271e+01 1.156818e+02 7.387955e+01
    endloop
  endfacet
  facet normal -4.617486e-01 -0.000000e+00 -8.870108e-01
    outer loop
      vertex   6.516271e+01 1.156818e+02 7.387955e+01
      vertex   6.562582e+01 1.052273e+02 7.363846e+01
      vertex   6.516271e+01 1.052273e+02 7.387955e+01
    endloop
  endfacet
  facet normal -2.164396e-01 -0.000000e+00 -9.762960e-01
    outer loop
      vertex   6.516271e+01 1.156818e+02 7.387955e+01
      vertex   6.516271e+01 1.052273e+02 7.387955e+01
      vertex   6.465298e+01 1.156818e+02 7.399255e+01
    endloop
  endfacet
  facet normal -2.164396e-01 -0.000000e+00 -9.762960e-01
    outer loop
      vertex   6.465298e+01 1.156818e+02 7.399255e+01
      vertex   6.516271e+01 1.052273e+02 7.387955e+01
      vertex   6.465298e+01 1.052273e+02 7.399255e+01
    endloop
  endfacet
  facet normal 4.361939e-02 0.000000e+00 -9.990482e-01
    outer loop
      vertex   6.465298e+01 1.156818e+02 7.399255e+01
      vertex   6.465298e+01 1.052273e+02 7.399255e+01
      vertex   6.413137e+01 1.156818e+02 7.396978e+01
    endloop
  endfacet
  facet normal 4.361939e-02 0.000000e+00 -9.990482e-01
    outer loop
      vertex   6.413137e+01 1.156818e+02 7.396978e+01
      vertex   6.465298e+01 1.052273e+02 7.399255e+01
      vertex   6.413137e+01 1.052273e+02 7.396978e+01
    endloop
  endfacet
  facet normal 3.007058e-01 0.000000e+00 -9.537170e-01
    outer loop
      vertex   6.413137e+01 1.156818e+02 7.396978e+01
      vertex   6.413137e+01 1.052273e+02 7.396978e+01
      vertex   6.363343e+01 1.156818e+02 7.381278e+01
    endloop
  endfacet
  facet normal 3.007058e-01 0.000000e+00 -9.537170e-01
    outer loop
      vertex   6.363343e+01 1.156818e+02 7.381278e+01
      vertex   6.413137e+01 1.052273e+02 7.396978e+01
      vertex   6.363343e+01 1.052273e+02 7.381278e+01
    endloop
  endfacet
  facet normal 5.372996e-01 0.000000e+00 -8.433914e-01
    outer loop
      vertex   6.363343e+01 1.156818e+02 7.381278e+01
      vertex   6.363343e+01 1.052273e+02 7.381278e+01
      vertex   6.319309e+01 1.156818e+02 7.353225e+01
    endloop
  endfacet
  facet normal 5.372996e-01 0.000000e+00 -8.433914e-01
    outer loop
      vertex   6.319309e+01 1.156818e+02 7.353225e+01
      vertex   6.363343e+01 1.052273e+02 7.381278e+01
      vertex   6.319309e+01 1.052273e+02 7.353225e+01
    endloop
  endfacet
  facet normal 7.372773e-01 0.000000e+00 -6.755902e-01
    outer loop
      vertex   6.319309e+01 1.156818e+02 7.353225e+01
      vertex   6.319309e+01 1.052273e+02 7.353225e+01
      vertex   6.284036e+01 1.156818e+02 7.314731e+01
    endloop
  endfacet
  facet normal 7.372773e-01 0.000000e+00 -6.755902e-01
    outer loop
      vertex   6.284036e+01 1.156818e+02 7.314731e+01
      vertex   6.319309e+01 1.052273e+02 7.353225e+01
      vertex   6.284036e+01 1.052273e+02 7.314731e+01
    endloop
  endfacet
  facet normal 8.870108e-01 0.000000e+00 -4.617486e-01
    outer loop
      vertex   6.284036e+01 1.052273e+02 7.314731e+01
      vertex   6.284036e+01 9.477273e+01 7.314731e+01
      vertex   6.259928e+01 1.052273e+02 7.268420e+01
    endloop
  endfacet
  facet normal 8.870108e-01 0.000000e+00 -4.617486e-01
    outer loop
      vertex   6.259928e+01 1.052273e+02 7.268420e+01
      vertex   6.284036e+01 9.477273e+01 7.314731e+01
      vertex   6.259928e+01 9.477273e+01 7.268420e+01
    endloop
  endfacet
  facet normal 9.762960e-01 0.000000e+00 -2.164396e-01
    outer loop
      vertex   6.259928e+01 1.052273e+02 7.268420e+01
      vertex   6.259928e+01 9.477273e+01 7.268420e+01
      vertex   6.248628e+01 1.052273e+02 7.217447e+01
    endloop
  endfacet
  facet normal 9.762960e-01 0.000000e+00 -2.164396e-01
    outer loop
      vertex   6.248628e+01 1.052273e+02 7.217447e+01
      vertex   6.259928e+01 9.477273e+01 7.268420e+01
      vertex   6.248628e+01 9.477273e+01 7.217447e+01
    endloop
  endfacet
  facet normal 9.990482e-01 0.000000e+00 4.361939e-02
    outer loop
      vertex   6.248628e+01 1.052273e+02 7.217447e+01
      vertex   6.248628e+01 9.477273e+01 7.217447e+01
      vertex   6.250905e+01 1.052273e+02 7.165286e+01
    endloop
  endfacet
  facet normal 9.990482e-01 0.000000e+00 4.361939e-02
    outer loop
      vertex   6.250905e+01 1.052273e+02 7.165286e+01
      vertex   6.248628e+01 9.477273e+01 7.217447e+01
      vertex   6.250905e+01 9.477273e+01 7.165286e+01
    endloop
  endfacet
  facet normal 9.537170e-01 0.000000e+00 3.007058e-01
    outer loop
      vertex   6.250905e+01 1.052273e+02 7.165286e+01
      vertex   6.250905e+01 9.477273e+01 7.165286e+01
      vertex   6.266605e+01 1.052273e+02 7.115492e+01
    endloop
  endfacet
  facet normal 9.537170e-01 0.000000e+00 3.007058e-01
    outer loop
      vertex   6.266605e+01 1.052273e+02 7.115492e+01
      vertex   6.250905e+01 9.477273e+01 7.165286e+01
      vertex   6.266605e+01 9.477273e+01 7.115492e+01
    endloop
  endfacet
  facet normal 8.433914e-01 0.000000e+00 5.372996e-01
    outer loop
      vertex   6.266605e+01 1.052273e+02 7.115492e+01
      vertex   6.266605e+01 9.477273e+01 7.115492e+01
      vertex   6.294658e+01 1.052273e+02 7.071459e+01
    endloop
  endfacet
  facet normal 8.433914e-01 0.000000e+00 5.372996e-01
    outer loop
      vertex   6.294658e+01 1.052273e+02 7.071459e+01
      vertex   6.266605e+01 9.477273e+01 7.115492e+01
      vertex   6.294658e+01 9.477273e+01 7.071459e+01
    endloop
  endfacet
  facet normal 6.755902e-01 0.000000e+00 7.372773e-01
    outer loop
      vertex   6.294658e+01 1.052273e+02 7.071459e+01
      vertex   6.294658e+01 9.477273e+01 7.071459e+01
      vertex   6.333151e+01 1.052273e+02 7.036186e+01
    endloop
  endfacet
  facet normal 6.755902e-01 0.000000e+00 7.372773e-01
    outer loop
      vertex   6.333151e+01 1.052273e+02 7.036186e+01
      vertex   6.294658e+01 9.477273e+01 7.071459e+01
      vertex   6.333151e+01 9.477273e+01 7.036186e+01
    endloop
  endfacet
  facet normal 4.617486e-01 0.000000e+00 8.870108e-01
    outer loop
      vertex   6.333151e+01 1.052273e+02 7.036186e+01
      vertex   6.333151e+01 9.477273e+01 7.036186e+01
      vertex   6.379462e+01 1.052273e+02 7.012078e+01
    endloop
  endfacet
  facet normal 4.617486e-01 0.000000e+00 8.870108e-01
    outer loop
      vertex   6.379462e+01 1.052273e+02 7.012078e+01
      vertex   6.333151e+01 9.477273e+01 7.036186e+01
      vertex   6.379462e+01 9.477273e+01 7.012078e+01
    endloop
  endfacet
  facet normal 2.164396e-01 0.000000e+00 9.762960e-01
    outer loop
      vertex   6.379462e+01 1.052273e+02 7.012078e+01
      vertex   6.379462e+01 9.477273e+01 7.012078e+01
      vertex   6.430435e+01 1.052273e+02 7.000777e+01
    endloop
  endfacet
  facet normal 2.164396e-01 0.000000e+00 9.762960e-01
    outer loop
      vertex   6.430435e+01 1.052273e+02 7.000777e+01
      vertex   6.379462e+01 9.477273e+01 7.012078e+01
      vertex   6.430435e+01 9.477273e+01 7.000777e+01
    endloop
  endfacet
  facet normal -4.361939e-02 0.000000e+00 9.990482e-01
    outer loop
      vertex   6.430435e+01 1.052273e+02 7.000777e+01
      vertex   6.430435e+01 9.477273e+01 7.000777e+01
      vertex   6.482596e+01 1.052273e+02 7.003055e+01
    endloop
  endfacet
  facet normal -4.361939e-02 0.000000e+00 9.990482e-01
    outer loop
      vertex   6.482596e+01 1.052273e+02 7.003055e+01
      vertex   6.430435e+01 9.477273e+01 7.000777e+01
      vertex   6.482596e+01 9.477273e+01 7.003055e+01
    endloop
  endfacet
  facet normal -3.007058e-01 0.000000e+00 9.537170e-01
    outer loop
      vertex   6.482596e+01 1.052273e+02 7.003055e+01
      vertex   6.482596e+01 9.477273e+01 7.003055e+01
      vertex   6.532390e+01 1.052273e+02 7.018755e+01
    endloop
  endfacet
  facet normal -3.007058e-01 0.000000e+00 9.537170e-01
    outer loop
      vertex   6.532390e+01 1.052273e+02 7.018755e+01
      vertex   6.482596e+01 9.477273e+01 7.003055e+01
      vertex   6.532390e+01 9.477273e+01 7.018755e+01
    endloop
  endfacet
  facet normal -5.372996e-01 0.000000e+00 8.433914e-01
    outer loop
      vertex   6.532390e+01 1.052273e+02 7.018755e+01
      vertex   6.532390e+01 9.477273e+01 7.018755e+01
      vertex   6.576424e+01 1.052273e+02 7.046807e+01
    endloop
  endfacet
  facet normal -5.372996e-01 0.000000e+00 8.433914e-01
    outer loop
      vertex   6.576424e+01 1.052273e+02 7.046807e+01
      vertex   6.532390e+01 9.477273e+01 7.018755e+01
      vertex   6.576424e+01 9.477273e+01 7.046807e+01
    endloop
  endfacet
  facet normal -7.372773e-01 0.000000e+00 6.755902e-01
    outer loop
      vertex   6.576424e+01 1.052273e+02 7.046807e+01
      vertex   6.576424e+01 9.477273e+01 7.046807e+01
      vertex   6.611697e+01 1.052273e+02 7.085301e+01
    endloop
  endfacet
  facet normal -7.372773e-01 0.000000e+00 6.755902e-01
    outer loop
      vertex   6.611697e+01 1.052273e+02 7.085301e+01
      vertex   6.576424e+01 9.477273e+01 7.046807e+01
      vertex   6.611697e+01 9.477273e+01 7.085301e+01
    endloop
  endfacet
  facet normal -8.870108e-01 0.000000e+00 4.617486e-01
    outer loop
      vertex   6.611697e+01 1.052273e+02 7.085301e+01
      vertex   6.611697e+01 9.477273e+01 7.085301e+01
      vertex   6.635805e+01 1.052273e+02 7.131612e+01
    endloop
  endfacet
  facet normal -8.870108e-01 0.000000e+00 4.617486e-01
    outer loop
      vertex   6.635805e+01 1.052273e+02 7.131612e+01
      vertex   6.611697e+01 9.477273e+01 7.085301e+01
      vertex   6.635805e+01 9.477273e+01 7.131612e+01
    endloop
  endfacet
  facet normal -9.762960e-01 0.000000e+00 2.164396e-01
    outer loop
      vertex   6.635805e+01 1.052273e+02 7.131612e+01
      vertex   6.635805e+01 9.477273e+01 7.131612e+01
      vertex   6.647105e+01 1.052273e+02 7.182585e+01
    endloop
  endfacet
  facet normal -9.762960e-01 0.000000e+00 2.164396e-01
    outer loop
      vertex   6.647105e+01 1.052273e+02 7.182585e+01
      vertex   6.635805e+01 9.477273e+01 7.131612e+01
      vertex   6.647105e+01 9.477273e+01 7.182585e+01
    endloop
  endfacet
  facet normal -9.990482e-01 -0.000000e+00 -4.361939e-02
    outer loop
      vertex   6.647105e+01 1.052273e+02 7.182585e+01
      vertex   6.647105e+01 9.477273e+01 7.182585e+01
      vertex   6.644828e+01 1.052273e+02 7.234746e+01
    endloop
  endfacet
  facet normal -9.990482e-01 -0.000000e+00 -4.361939e-02
    outer loop
      vertex   6.644828e+01 1.052273e+02 7.234746e+01
      vertex   6.647105e+01 9.477273e+01 7.182585e+01
      vertex   6.644828e+01 9.477273e+01 7.234746e+01
    endloop
  endfacet
  facet normal -9.537170e-01 -0.000000e+00 -3.007058e-01
    outer loop
      vertex   6.644828e+01 1.052273e+02 7.234746e+01
      vertex   6.644828e+01 9.477273e+01 7.234746e+01
      vertex   6.629128e+01 1.052273e+02 7.284540e+01
    endloop
  endfacet
  facet normal -9.537170e-01 -0.000000e+00 -3.007058e-01
    outer loop
      vertex   6.629128e+01 1.052273e+02 7.284540e+01
      vertex   6.644828e+01 9.477273e+01 7.234746e+01
      vertex   6.629128e+01 9.477273e+01 7.284540e+01
    endloop
  endfacet
  facet normal -8.433914e-01 -0.000000e+00 -5.372996e-01
    outer loop
      vertex   6.629128e+01 1.052273e+02 7.284540e+01
      vertex   6.629128e+01 9.477273e+01 7.284540e+01
      vertex   6.601075e+01 1.052273e+02 7.328574e+01
    endloop
  endfacet
  facet normal -8.433914e-01 -0.000000e+00 -5.372996e-01
    outer loop
      vertex   6.601075e+01 1.052273e+02 7.328574e+01
      vertex   6.629128e+01 9.477273e+01 7.284540e+01
      vertex   6.601075e+01 9.477273e+01 7.328574e+01
    endloop
  endfacet
  facet normal -6.755902e-01 -0.000000e+00 -7.372773e-01
    outer loop
      vertex   6.601075e+01 1.052273e+02 7.328574e+01
      vertex   6.601075e+01 9.477273e+01 7.328574e+01
      vertex   6.562582e+01 1.052273e+02 7.363846e+01
    endloop
  endfacet
  facet normal -6.755902e-01 -0.000000e+00 -7.372773e-01
    outer loop
      vertex   6.562582e+01 1.052273e+02 7.363846e+01
      vertex   6.601075e+01 9.477273e+01 7.328574e+01
      vertex   6.562582e+01 9.477273e+01 7.363846e+01
    endloop
  endfacet
  facet normal -4.617486e-01 -0.000000e+00 -8.870108e-01
    outer loop
      vertex   6.562582e+01 1.052273e+02 7.363846e+01
      vertex   6.562582e+01 9.477273e+01 7.363846e+01
      vertex   6.516271e+01 1.052273e+02 7.387955e+01
    endloop
  endfacet
  facet normal -4.617486e-01 -0.000000e+00 -8.870108e-01
    outer loop
      vertex   6.516271e+01 1.052273e+02 7.387955e+01
      vertex   6.562582e+01 9.477273e+01 7.363846e+01
      vertex   6.516271e+01 9.477273e+01 7.387955e+01
    endloop
  endfacet
  facet normal -2.164396e-01 -0.000000e+00 -9.762960e-01
    outer loop
      vertex   6.516271e+01 1.052273e+02 7.387955e+01
      vertex   6.516271e+01 9.477273e+01 7.387955e+01
      vertex   6.465298e+01 1.052273e+02 7.399255e+01
    endloop
  endfacet
  facet normal -2.164396e-01 -0.000000e+00 -9.762960e-01
    outer loop
      vertex   6.465298e+01 1.052273e+02 7.399255e+01
      vertex   6.516271e+01 9.477273e+01 7.387955e+01
      vertex   6.465298e+01 9.477273e+01 7.399255e+01
    endloop
  endfacet
  facet normal 4.361939e-02 0.000000e+00 -9.990482e-01
    outer loop
      vertex   6.465298e+01 1.052273e+02 7.399255e+01
      vertex   6.465298e+01 9.477273e+01 7.399255e+01
      vertex   6.413137e+01 1.052273e+02 7.396978e+01
    endloop
  endfacet
  facet normal 4.361939e-02 0.000000e+00 -9.990482e-01
    outer loop
      vertex   6.413137e+01 1.052273e+02 7.396978e+01
      vertex   6.465298e+01 9.477273e+01 7.399255e+01
      vertex   6.413137e+01 9.477273e+01 7.396978e+01
    endloop
  endfacet
  facet normal 3.007058e-01 0.000000e+00 -9.537170e-01
    outer loop
      vertex   6.413137e+01 1.052273e+02 7.396978e+01
      vertex   6.413137e+01 9.477273e+01 7.396978e+01
      vertex   6.363343e+01 1.052273e+02 7.381278e+01
    endloop
  endfacet
  facet normal 3.007058e-01 0.000000e+00 -9.537170e-01
    outer loop
      vertex   6.363343e+01 1.052273e+02 7.381278e+01
      vertex   6.413137e+01 9.477273e+01 7.396978e+01
      vertex   6.363343e+01 9.477273e+01 7.381278e+01
    endloop
  endfacet
  facet normal 5.372996e-01 0.000000e+00 -8.433914e-01
    outer loop
      vertex   6.363343e+01 1.052273e+02 7.381278e+01
      vertex   6.363343e+01 9.477273e+01 7.381278e+01
      vertex   6.319309e+01 1.052273e+02 7.353225e+01
    endloop
  endfacet
  facet normal 5.372996e-01 0.000000e+00 -8.433914e-01
    outer loop
      vertex   6.319309e+01 1.052273e+02 7.353225e+01
      vertex   6.363343e+01 9.477273e+01 7.381278e+01
      vertex   6.319309e+01 9.477273e+01 7.353225e+01
    endloop
  endfacet
  facet normal 7.372773e-01 0.000000e+00 -6.755902e-01
    outer loop
      vertex   6.319309e+01 1.052273e+02 7.353225e+01
      vertex   6.319309e+01 9.477273e+01 7.353225e+01
      vertex   6.284036e+01 1.052273e+02 7.314731e+01
    endloop
  endfacet
  facet normal 7.372773e-01 0.000000e+00 -6.755902e-01
    outer loop
      vertex   6.284036e+01 1.052273e+02 7.314731e+01
      vertex   6.319309e+01 9.477273e+01 7.353225e+01
      vertex   6.284036e+01 9.477273e+01 7.314731e+01
    endloop
  endfacet
  facet normal 8.870108e-01 0.000000e+00 -4.617486e-01
    outer loop
      vertex   6.284036e+01 9.477273e+01 7.314731e+01
      vertex   6.284036e+01 8.431818e+01 7.314731e+01
      vertex   6.259928e+01 9.477273e+01 7.268420e+01
    endloop
  endfacet
  facet normal 8.870108e-01 0.000000e+00 -4.617486e-01
    outer loop
      vertex   6.259928e+01 9.477273e+01 7.268420e+01
      vertex   6.284036e+01 8.431818e+01 7.314731e+01
      vertex   6.259928e+01 8.431818e+01 7.268420e+01
    endloop
  endfacet
  facet normal 9.762960e-01 0.000000e+00 -2.164396e-01
    outer loop
      vertex   6.259928e+01 9.477273e+01 7.268420e+01
      vertex   6.259928e+01 8.431818e+01 7.268420e+01
      vertex   6.248628e+01 9.477273e+01 7.217447e+01
    endloop
  endfacet
  facet normal 9.762960e-01 0.000000e+00 -2.164396e-01
    outer loop
      vertex   6.248628e+01 9.477273e+01 7.217447e+01
      vertex   6.259928e+01 8.431818e+01 7.268420e+01
      vertex   6.248628e+01 8.431818e+01 7.217447e+01
    endloop
  endfacet
  facet normal 9.990482e-01 0.000000e+00 4.361939e-02
    outer loop
      vertex   6.248628e+01 9.477273e+01 7.217447e+01
      vertex   6.248628e+01 8.431818e+01 7.217447e+01
      vertex   6.250905e+01 9.477273e+01 7.165286e+01
    endloop
  endfacet
  facet normal 9.990482e-01 0.000000e+00 4.361939e-02
    outer loop
      vertex   6.250905e+01 9.477273e+01 7.165286e+01
      vertex   6.248628e+01 8.431818e+01 7.217447e+01
      vertex   6.250905e+01 8.431818e+01 7.165286e+01
    endloop
  endfacet
  facet normal 9.537170e-01 0.000000e+00 3.007058e-01
    outer loop
      vertex   6.250905e+01 9.477273e+01 7.165286e+01
      vertex   6.250905e+01 8.431818e+01 7.165286e+01
      vertex   6.266605e+01 9.477273e+01 7.115492e+01
    endloop
  endfacet
  facet normal 9.537170e-01 0.000000e+00 3.007058e-01
    outer loop
      vertex   6.266605e+01 9.477273e+01 7.115492e+01
      vertex   6.250905e+01 8.431818e+01 7.165286e+01
      vertex   6.266605e+01 8.431818e+01 7.115492e+01
    endloop
  endfacet
  facet normal 8.433914e-01 0.000000e+00 5.372996e-01
    outer loop
      vertex   6.266605e+01 9.477273e+01 7.115492e+01
      vertex   6.266605e+01 8.431818e+01 7.115492e+01
      vertex   6.294658e+01 9.477273e+01 7.071459e+01
    endloop
  endfacet
  facet normal 8.433914e-01 0.000000e+00 5.372996e-01
    outer loop
      vertex   6.294658e+01 9.477273e+01 7.071459e+01
      vertex   6.266605e+01 8.431818e+01 7.115492e+01
      vertex   6.294658e+01 8.431818e+01 7.071459e+01
    endloop
  endfacet
  facet normal 6.755902e-01 0.000000e+00 7.372773e-01
    outer loop
      vertex   6.294658e+01 9.477273e+01 7.071459e+01
      vertex   6.294658e+01 8.431818e+01 7.071459e+01
      vertex   6.333151e+01 9.477273e+01 7.036186e+01
    endloop
  endfacet
  facet normal 6.755902e-01 0.000000e+00 7.372773e-01
    outer loop
      vertex   6.333151e+01 9.477273e+01 7.036186e+01
      vertex   6.294658e+01 8.431818e+01 7.071459e+01
      vertex   6.333151e+01 8.431818e+01 7.036186e+01
    endloop
  endfacet
  facet normal 4.617486e-01 0.000000e+00 8.870108e-01
    outer loop
      vertex   6.333151e+01 9.477273e+01 7.036186e+01
      vertex   6.333151e+01 8.431818e+01 7.036186e+01
      vertex   6.379462e+01 9.477273e+01 7.012078e+01
    endloop
  endfacet
  facet normal 4.617486e-01 0.000000e+00 8.870108e-01
    outer loop
      vertex   6.379462e+01 9.477273e+01 7.012078e+01
      vertex   6.333151e+01 8.431818e+01 7.036186e+01
      vertex   6.379462e+01 8.431818e+01 7.012078e+01
    endloop
  endfacet
  facet normal 2.164396e-01 0.000000e+00 9.762960e-01
    outer loop
      vertex   6.379462e+01 9.477273e+01 7.012078e+01
      vertex   6.379462e+01 8.431818e+01 7.012078e+01
      vertex   6.430435e+01 9.477273e+01 7.000777e+01
    endloop
  endfacet
  facet normal 2.164396e-01 0.000000e+00 9.762960e-01
    outer loop
      vertex   6.430435e+01 9.477273e+01 7.000777e+01
      vertex   6.379462e+01 8.431818e+01 7.012078e+01
      vertex   6.430435e+01 8.431818e+01 7.000777e+01
    endloop
  endfacet
  facet normal -4.361939e-02 0.000000e+00 9.990482e-01
    outer loop
      vertex   6.430435e+01 9.477273e+01 7.000777e+01
      vertex   6.430435e+01 8.431818e+01 7.000777e+01
      vertex   6.482596e+01 9.477273e+01 7.003055e+01
    endloop
  endfacet
  facet normal -4.361939e-02 0.000000e+00 9.990482e-01
    outer loop
      vertex   6.482596e+01 9.477273e+01 7.003055e+01
      vertex   6.430435e+01 8.431818e+01 7.000777e+01
      vertex   6.482596e+01 8.431818e+01 7.003055e+01
    endloop
  endfacet
  facet normal -3.007058e-01 0.000000e+00 9.537170e-01
    outer loop
      vertex   6.482596e+01 9.477273e+01 7.003055e+01
      vertex   6.482596e+01 8.431818e+01 7.003055e+01
      vertex   6.532390e+01 9.477273e+01 7.018755e+01
    endloop
  endfacet
  facet normal -3.007058e-01 0.000000e+00 9.537170e-01
    outer loop
      vertex   6.532390e+01 9.477273e+01 7.018755e+01
      vertex   6.482596e+01 8.431818e+01 7.003055e+01
      vertex   6.532390e+01 8.431818e+01 7.018755e+01
    endloop
  endfacet
  facet normal -5.372996e-01 0.000000e+00 8.433914e-01
    outer loop
      vertex   6.532390e+01 9.477273e+01 7.018755e+01
      vertex   6.532390e+01 8.431818e+01 7.018755e+01
      vertex   6.576424e+01 9.477273e+01 7.046807e+01
    endloop
  endfacet
  facet normal -5.372996e-01 0.000000e+00 8.433914e-01
    outer loop
      vertex   6.576424e+01 9.477273e+01 7.046807e+01
      vertex   6.532390e+01 8.431818e+01 7.018755e+01
      vertex   6.576424e+01 8.431818e+01 7.046807e+01
    endloop
  endfacet
  facet normal -7.372773e-01 0.000000e+00 6.755902e-01
    outer loop
      vertex   6.576424e+01 9.477273e+01 7.046807e+01
      vertex   6.576424e+01 8.431818e+01 7.046807e+01
      vertex   6.611697e+01 9.477273e+01 7.085301e+01
    endloop
  endfacet
  facet normal -7.372773e-01 0.000000e+00 6.755902e-01
    outer loop
      vertex   6.611697e+01 9.477273e+01 7.085301e+01
      vertex   6.576424e+01 8.431818e+01 7.046807e+01
      vertex   6.611697e+01 8.431818e+01 7.085301e+01
    endloop
  endfacet
  facet normal -8.870108e-01 0.000000e+00 4.617486e-01
    outer loop
      vertex   6.611697e+01 9.477273e+01 7.085301e+01
      vertex   6.611697e+01 8.431818e+01 7.085301e+01
      vertex   6.635805e+01 9.477273e+01 7.131612e+01
    endloop
  endfacet
  facet normal -8.870108e-01 0.000000e+00 4.617486e-01
    outer loop
      vertex   6.635805e+01 9.477273e+01 7.131612e+01
      vertex   6.611697e+01 8.431818e+01 7.085301e+01
      vertex   6.635805e+01 8.431818e+01 7.131612e+01
    endloop
  endfacet
  facet normal -9.762960e-01 0.000000e+00 2.164396e-01
    outer loop
      vertex   6.635805e+01 9.477273e+01 7.131612e+01
      vertex   6.635805e+01 8.431818e+01 7.131612e+01
      vertex   6.647105e+01 9.477273e+01 7.182585e+01
    endloop
  endfacet
  facet normal -9.762960e-01 0.000000e+00 2.164396e-01
    outer loop
      vertex   6.647105e+01 9.477273e+01 7.182585e+01
      vertex   6.635805e+01 8.431818e+01 7.131612e+01
      vertex   6.647105e+01 8.431818e+01 7.182585e+01
    endloop
  endfacet
  facet normal -9.990482e-01 -0.000000e+00 -4.361939e-02
    outer loop
      vertex   6.647105e+01 9.477273e+01 7.182585e+01
      vertex   6.647105e+01 8.431818e+01 7.182585e+01
      vertex   6.644828e+01 9.477273e+01 7.234746e+01
    endloop
  endfacet
  facet normal -9.990482e-01 -0.000000e+00 -4.361939e-02
    outer loop
      vertex   6.644828e+01 9.477273e+01 7.234746e+01
      vertex   6.647105e+01 8.431818e+01 7.182585e+01
      vertex   6.644828e+01 8.431818e+01 7.234746e+01
    endloop
  endfacet
  facet normal -9.537170e-01 -0.000000e+00 -3.007058e-01
    outer loop
      vertex   6.644828e+01 9.477273e+01 7.234746e+01
      vertex   6.644828e+01 8.431818e+01 7.234746e+01
      vertex   6.629128e+01 9.477273e+01 7.284540e+01
    endloop
  endfacet
  facet normal -9.537170e-01 -0.000000e+00 -3.007058e-01
    outer loop
      vertex   6.629128e+01 9.477273e+01 7.284540e+01
      vertex   6.644828e+01 8.431818e+01 7.234746e+01
      vertex   6.629128e+01 8.431818e+01 7.284540e+01
    endloop
  endfacet
  facet normal -8.433914e-01 -0.000000e+00 -5.372996e-01
    outer loop
      vertex   6.629128e+01 9.477273e+01 7.284540e+01
      vertex   6.629128e+01 8.431818e+01 7.284540e+01
      vertex   6.601075e+01 9.477273e+01 7.328574e+01
    endloop
  endfacet
  facet normal -8.433914e-01 -0.000000e+00 -5.372996e-01
    outer loop
      vertex   6.601075e+01 9.477273e+01 7.328574e+01
      vertex   6.629128e+01 8.431818e+01 7.284540e+01
      vertex   6.601075e+01 8.431818e+01 7.328574e+01
    endloop
  endfacet
  facet normal -6.755902e-01 -0.000000e+00 -7.372773e-01
    outer loop
      vertex   6.601075e+01 9.477273e+01 7.328574e+01
      vertex   6.601075e+01 8.431818e+01 7.328574e+01
      vertex   6.562582e+01 9.477273e+01 7.363846e+01
    endloop
  endfacet
  facet normal -6.755902e-01 -0.000000e+00 -7.372773e-01
    outer loop
      vertex   6.562582e+01 9.477273e+01 7.363846e+01
      vertex   6.601075e+01 8.431818e+01 7.328574e+01
      vertex   6.562582e+01 8.431818e+01 7.363846e+01
    endloop
  endfacet
  facet normal -4.617486e-01 -0.000000e+00 -8.870108e-01
    outer loop
      vertex   6.562582e+01 9.477273e+01 7.363846e+01
      vertex   6.562582e+01 8.431818e+01 7.363846e+01
      vertex   6.516271e+01 9.477273e+01 7.387955e+01
    endloop
  endfacet
  facet normal -4.617486e-01 -0.000000e+00 -8.870108e-01
    outer loop
      vertex   6.516271e+01 9.477273e+01 7.387955e+01
      vertex   6.562582e+01 8.431818e+01 7.363846e+01
      vertex   6.516271e+01 8.431818e+01 7.387955e+01
    endloop
  endfacet
  facet normal -2.164396e-01 -0.000000e+00 -9.762960e-01
    outer loop
      vertex   6.516271e+01 9.477273e+01 7.387955e+01
      vertex   6.516271e+01 8.431818e+01 7.387955e+01
      vertex   6.465298e+01 9.477273e+01 7.399255e+01
    endloop
  endfacet
  facet normal -2.164396e-01 -0.000000e+00 -9.762960e-01
    outer loop
      vertex   6.465298e+01 9.477273e+01 7.399255e+01
      vertex   6.516271e+01 8.431818e+01 7.387955e+01
      vertex   6.465298e+01 8.431818e+01 7.399255e+01
    endloop
  endfacet
  facet normal 4.361939e-02 0.000000e+00 -9.990482e-01
    outer loop
      vertex   6.465298e+01 9.477273e+01 7.399255e+01
      vertex   6.465298e+01 8.431818e+01 7.399255e+01
      vertex   6.413137e+01 9.477273e+01 7.396978e+01
    endloop
  endfacet
  facet normal 4.361939e-02 0.000000e+00 -9.990482e-01
    outer loop
      vertex   6.413137e+01 9.477273e+01 7.396978e+01
      vertex   6.465298e+01 8.431818e+01 7.399255e+01
      vertex   6.413137e+01 8.431818e+01 7.396978e+01
    endloop
  endfacet
  facet normal 3.007058e-01 0.000000e+00 -9.537170e-01
    outer loop
      vertex   6.413137e+01 9.477273e+01 7.396978e+01
      vertex   6.413137e+01 8.431818e+01 7.396978e+01
      vertex   6.363343e+01 9.477273e+01 7.381278e+01
    endloop
  endfacet
  facet normal 3.007058e-01 0.000000e+00 -9.537170e-01
    outer loop
      vertex   6.363343e+01 9.477273e+01 7.381278e+01
      vertex   6.413137e+01 8.431818e+01 7.396978e+01
      vertex   6.363343e+01 8.431818e+01 7.381278e+01
    endloop
  endfacet
  facet normal 5.372996e-01 0.000000e+00 -8.433914e-01
    outer loop
      vertex   6.363343e+01 9.477273e+01 7.381278e+01
      vertex   6.363343e+01 8.431818e+01 7.381278e+01
      vertex   6.319309e+01 9.477273e+01 7.353225e+01
    endloop
  endfacet
  facet normal 5.372996e-01 0.000000e+00 -8.433914e-01
    outer loop
      vertex   6.319309e+01 9.477273e+01 7.353225e+01
      vertex   6.363343e+01 8.431818e+01 7.381278e+01
      vertex   6.319309e+01 8.431818e+01 7.353225e+01
    endloop
  endfacet
  facet normal 7.372773e-01 0.000000e+00 -6.755902e-01
    outer loop
      vertex   6.319309e+01 9.477273e+01 7.353225e+01
      vertex   6.319309e+01 8.431818e+01 7.353225e+01
      vertex   6.284036e+01 9.477273e+01 7.314731e+01
    endloop
  endfacet
  facet normal 7.372773e-01 0.000000e+00 -6.755902e-01
    outer loop
      vertex   6.284036e+01 9.477273e+01 7.314731e+01
      vertex   6.319309e+01 8.431818e+01 7.353225e+01
      vertex   6.284036e+01 8.431818e+01 7.314731e+01
    endloop
  endfacet
  facet normal 8.870108e-01 0.000000e+00 -4.617486e-01
    outer loop
      vertex   6.284036e+01 8.431818e+01 7.314731e+01
      vertex   6.284036e+01 7.386364e+01 7.314731e+01
      vertex   6.259928e+01 8.431818e+01 7.268420e+01
    endloop
  endfacet
  facet normal 8.870108e-01 0.000000e+00 -4.617486e-01
    outer loop
      vertex   6.259928e+01 8.431818e+01 7.268420e+01
      vertex   6.284036e+01 7.386364e+01 7.314731e+01
      vertex   6.259928e+01 7.386364e+01 7.268420e+01
    endloop
  endfacet
  facet normal 9.762960e-01 0.000000e+00 -2.164396e-01
    outer loop
      vertex   6.259928e+01 8.431818e+01 7.268420e+01
      vertex   6.259928e+01 7.386364e+01 7.268420e+01
      vertex   6.248628e+01 8.431818e+01 7.217447e+01
    endloop
  endfacet
  facet normal 9.762960e-01 0.000000e+00 -2.164396e-01
    outer loop
      vertex   6.248628e+01 8.431818e+01 7.217447e+01
      vertex   6.259928e+01 7.386364e+01 7.268420e+01
      vertex   6.248628e+01 7.386364e+01 7.217447e+01
    endloop
  endfacet
  facet normal 9.990482e-01 0.000000e+00 4.361939e-02
    outer loop
      vertex   6.248628e+01 8.431818e+01 7.217447e+01
      vertex   6.248628e+01 7.386364e+01 7.217447e+01
      vertex   6.250905e+01 8.431818e+01 7.165286e+01
    endloop
  endfacet
  facet normal 9.990482e-01 0.000000e+00 4.361939e-02
    outer loop
      vertex   6.250905e+01 8.431818e+01 7.165286e+01
      vertex   6.248628e+01 7.386364e+01 7.217447e+01
      vertex   6.250905e+01 7.386364e+01 7.165286e+01
    endloop
  endfacet
  facet normal 9.537170e-01 0.000000e+00 3.007058e-01
    outer loop
      vertex   6.250905e+01 8.431818e+01 7.165286e+01
      vertex   6.250905e+01 7.386364e+01 7.165286e+01
      vertex   6.266605e+01 8.431818e+01 7.115492e+01
    endloop
  endfacet
  facet normal 9.537170e-01 0.000000e+00 3.007058e-01
    outer loop
      vertex   6.266605e+01 8.431818e+01 7.115492e+01
      vertex   6.250905e+01 7.386364e+01 7.165286e+01
      vertex   6.266605e+01 7.386364e+01 7.115492e+01
    endloop
  endfacet
  facet normal 8.433914e-01 0.000000e+00 5.372996e-01
    outer loop
      vertex   6.266605e+01 8.431818e+01 7.115492e+01
      vertex   6.266605e+01 7.386364e+01 7.115492e+01
      vertex   6.294658e+01 8.431818e+01 7.071459e+01
    endloop
  endfacet
  facet normal 8.433914e-01 0.000000e+00 5.372996e-01
    outer loop
      vertex   6.294658e+01 8.431818e+01 7.071459e+01
      vertex   6.266605e+01 7.386364e+01 7.115492e+01
      vertex   6.294658e+01 7.386364e+01 7.071459e+01
    endloop
  endfacet
  facet normal 6.755902e-01 0.000000e+00 7.372773e-01
    outer loop
      vertex   6.294658e+01 8.431818e+01 7.071459e+01
      vertex   6.294658e+01 7.386364e+01 7.071459e+01
      vertex   6.333151e+01 8.431818e+01 7.036186e+01
    endloop
  endfacet
  facet normal 6.755902e-01 0.000000e+00 7.372773e-01
    outer loop
      vertex   6.333151e+01 8.431818e+01 7.036186e+01
      vertex   6.294658e+01 7.386364e+01 7.071459e+01
      vertex   6.333151e+01 7.386364e+01 7.036186e+01
    endloop
  endfacet
  facet normal 4.617486e-01 0.000000e+00 8.870108e-01
    outer loop
      vertex   6.333151e+01 8.431818e+01 7.036186e+01
      vertex   6.333151e+01 7.386364e+01 7.036186e+01
      vertex   6.379462e+01 8.431818e+01 7.012078e+01
    endloop
  endfacet
  facet normal 4.617486e-01 0.000000e+00 8.870108e-01
    outer loop
      vertex   6.379462e+01 8.431818e+01 7.012078e+01
      vertex   6.333151e+01 7.386364e+01 7.036186e+01
      vertex   6.379462e+01 7.386364e+01 7.012078e+01
    endloop
  endfacet
  facet normal 2.164396e-01 0.000000e+00 9.762960e-01
    outer loop
      vertex   6.379462e+01 8.431818e+01 7.012078e+01
      vertex   6.379462e+01 7.386364e+01 7.012078e+01
      vertex   6.430435e+01 8.431818e+01 7.000777e+01
    endloop
  endfacet
  facet normal 2.164396e-01 0.000000e+00 9.762960e-01
    outer loop
      vertex   6.430435e+01 8.431818e+01 7.000777e+01
      vertex   6.379462e+01 7.386364e+01 7.012078e+01
      vertex   6.430435e+01 7.386364e+01 7.000777e+01
    endloop
  endfacet
  facet normal -4.361939e-02 0.000000e+00 9.990482e-01
    outer loop
      vertex   6.430435e+01 8.431818e+01 7.000777e+01
      vertex   6.430435e+01 7.386364e+01 7.000777e+01
      vertex   6.482596e+01 8.431818e+01 7.003055e+01
    endloop
  endfacet
  facet normal -4.361939e-02 0.000000e+00 9.990482e-01
    outer loop
      vertex   6.482596e+01 8.431818e+01 7.003055e+01
      vertex   6.430435e+01 7.386364e+01 7.000777e+01
      vertex   6.482596e+01 7.386364e+01 7.003055e+01
    endloop
  endfacet
  facet normal -3.007058e-01 0.000000e+00 9.537170e-01
    outer loop
      vertex   6.482596e+01 8.431818e+01 7.003055e+01
      vertex   6.482596e+01 7.386364e+01 7.003055e+01
      vertex   6.532390e+01 8.431818e+01 7.018755e+01
    endloop
  endfacet
  facet normal -3.007058e-01 0.000000e+00 9.537170e-01
    outer loop
      vertex   6.532390e+01 8.431818e+01 7.018755e+01
      vertex   6.482596e+01 7.386364e+01 7.003055e+01
      vertex   6.532390e+01 7.386364e+01 7.018755e+01
    endloop
  endfacet
  facet normal -5.372996e-01 0.000000e+00 8.433914e-01
    outer loop
      vertex   6.532390e+01 8.431818e+01 7.018755e+01
      vertex   6.532390e+01 7.386364e+01 7.018755e+01
      vertex   6.576424e+01 8.431818e+01 7.046807e+01
    endloop
  endfacet
  facet normal -5.372996e-01 0.000000e+00 8.433914e-01
    outer loop
      vertex   6.576424e+01 8.431818e+01 7.046807e+01
      vertex   6.532390e+01 7.386364e+01 7.018755e+01
      vertex   6.576424e+01 7.386364e+01 7.046807e+01
    endloop
  endfacet
  facet normal -7.372773e-01 0.000000e+00 6.755902e-01
    outer loop
      vertex   6.576424e+01 8.431818e+01 7.046807e+01
      vertex   6.576424e+01 7.386364e+01 7.046807e+01
      vertex   6.611697e+01 8.431818e+01 7.085301e+01
    endloop
  endfacet
  facet normal -7.372773e-01 0.000000e+00 6.755902e-01
    outer loop
      vertex   6.611697e+01 8.431818e+01 7.085301e+01
      vertex   6.576424e+01 7.386364e+01 7.046807e+01
      vertex   6.611697e+01 7.386364e+01 7.085301e+01
    endloop
  endfacet
  facet normal -8.870108e-01 0.000000e+00 4.617486e-01
    outer loop
      vertex   6.611697e+01 8.431818e+01 7.085301e+01
      vertex   6.611697e+01 7.386364e+01 7.085301e+01
      vertex   6.635805e+01 8.431818e+01 7.131612e+01
    endloop
  endfacet
  facet normal -8.870108e-01 0.000000e+00 4.617486e-01
    outer loop
      vertex   6.635805e+01 8.431818e+01 7.131612e+01
      vertex   6.611697e+01 7.386364e+01 7.085301e+01
      vertex   6.635805e+01 7.386364e+01 7.131612e+01
    endloop
  endfacet
  facet normal -9.762960e-01 0.000000e+00 2.164396e-01
    outer loop
      vertex   6.635805e+01 8.431818e+01 7.131612e+01
      vertex   6.635805e+01 7.386364e+01 7.131612e+01
      vertex   6.647105e+01 8.431818e+01 7.182585e+01
    endloop
  endfacet
  facet normal -9.762960e-01 0.000000e+00 2.164396e-01
    outer loop
      vertex   6.647105e+01 8.431818e+01 7.182585e+01
      vertex   6.635805e+01 7.386364e+01 7.131612e+01
      vertex   6.647105e+01 7.386364e+01 7.182585e+01
    endloop
  endfacet
  facet normal -9.990482e-01 -0.000000e+00 -4.361939e-02
    outer loop
      vertex   6.647105e+01 8.431818e+01 7.182585e+01
      vertex   6.647105e+01 7.386364e+01 7.182585e+01
      vertex   6.644828e+01 8.431818e+01 7.234746e+01
    endloop
  endfacet
  facet normal -9.990482e-01 -0.000000e+00 -4.361939e-02
    outer loop
      vertex   6.644828e+01 8.431818e+01 7.234746e+01
      vertex   6.647105e+01 7.386364e+01 7.182585e+01
      vertex   6.644828e+01 7.386364e+01 7.234746e+01
    endloop
  endfacet
  facet normal -9.537170e-01 -0.000000e+00 -3.007058e-01
    outer loop
      vertex   6.644828e+01 8.431818e+01 7.234746e+01
      vertex   6.644828e+01 7.386364e+01 7.234746e+01
      vertex   6.629128e+01 8.431818e+01 7.284540e+01
    endloop
  endfacet
  facet normal -9.537170e-01 -0.000000e+00 -3.007058e-01
    outer loop
      vertex   6.629128e+01 8.431818e+01 7.284540e+01
      vertex   6.644828e+01 7.386364e+01 7.234746e+01
      vertex   6.629128e+01 7.386364e+01 7.284540e+01
    endloop
  endfacet
  facet normal -8.433914e-01 -0.000000e+00 -5.372996e-01
    outer loop
      vertex   6.629128e+01 8.431818e+01 7.284540e+01
      vertex   6.629128e+01 7.386364e+01 7.284540e+01
      vertex   6.601075e+01 8.431818e+01 7.328574e+01
    endloop
  endfacet
  facet normal -8.433914e-01 -0.000000e+00 -5.372996e-01
    outer loop
      vertex   6.601075e+01 8.431818e+01 7.328574e+01
      vertex   6.629128e+01 7.386364e+01 7.284540e+01
      vertex   6.601075e+01 7.386364e+01 7.328574e+01
    endloop
  endfacet
  facet normal -6.755902e-01 -0.000000e+00 -7.372773e-01
    outer loop
      vertex   6.601075e+01 8.431818e+01 7.328574e+01
      vertex   6.601075e+01 7.386364e+01 7.328574e+01
      vertex   6.562582e+01 8.431818e+01 7.363846e+01
    endloop
  endfacet
  facet normal -6.755902e-01 -0.000000e+00 -7.372773e-01
    outer loop
      vertex   6.562582e+01 8.431818e+01 7.363846e+01
      vertex   6.601075e+01 7.386364e+01 7.328574e+01
      vertex   6.562582e+01 7.386364e+01 7.363846e+01
    endloop
  endfacet
  facet normal -4.617486e-01 -0.000000e+00 -8.870108e-01
    outer loop
      vertex   6.562582e+01 8.431818e+01 7.363846e+01
      vertex   6.562582e+01 7.386364e+01 7.363846e+01
      vertex   6.516271e+01 8.431818e+01 7.387955e+01
    endloop
  endfacet
  facet normal -4.617486e-01 -0.000000e+00 -8.870108e-01
    outer loop
      vertex   6.516271e+01 8.431818e+01 7.387955e+01
      vertex   6.562582e+01 7.386364e+01 7.363846e+01
      vertex   6.516271e+01 7.386364e+01 7.387955e+01
    endloop
  endfacet
  facet normal -2.164396e-01 -0.000000e+00 -9.762960e-01
    outer loop
      vertex   6.516271e+01 8.431818e+01 7.387955e+01
      vertex   6.516271e+01 7.386364e+01 7.387955e+01
      vertex   6.465298e+01 8.431818e+01 7.399255e+01
    endloop
  endfacet
  facet normal -2.164396e-01 -0.000000e+00 -9.762960e-01
    outer loop
      vertex   6.465298e+01 8.431818e+01 7.399255e+01
      vertex   6.516271e+01 7.386364e+01 7.387955e+01
      vertex   6.465298e+01 7.386364e+01 7.399255e+01
    endloop
  endfacet
  facet normal 4.361939e-02 0.000000e+00 -9.990482e-01
    outer loop
      vertex   6.465298e+01 8.431818e+01 7.399255e+01
      vertex   6.465298e+01 7.386364e+01 7.399255e+01
      vertex   6.413137e+01 8.431818e+01 7.396978e+01
    endloop
  endfacet
  facet normal 4.361939e-02 0.000000e+00 -9.990482e-01
    outer loop
      vertex   6.413137e+01 8.431818e+01 7.396978e+01
      vertex   6.465298e+01 7.386364e+01 7.399255e+01
      vertex   6.413137e+01 7.386364e+01 7.396978e+01
    endloop
  endfacet
  facet normal 3.007058e-01 0.000000e+00 -9.537170e-01
    outer loop
      vertex   6.413137e+01 8.431818e+01 7.396978e+01
      vertex   6.413137e+01 7.386364e+01 7.396978e+01
      vertex   6.363343e+01 8.431818e+01 7.381278e+01
    endloop
  endfacet
  facet normal 3.007058e-01 0.000000e+00 -9.537170e-01
    outer loop
      vertex   6.363343e+01 8.431818e+01 7.381278e+01
      vertex   6.413137e+01 7.386364e+01 7.396978e+01
      vertex   6.363343e+01 7.386364e+01 7.381278e+01
    endloop
  endfacet
  facet normal 5.372996e-01 0.000000e+00 -8.433914e-01
    outer loop
      vertex   6.363343e+01 8.431818e+01 7.381278e+01
      vertex   6.363343e+01 7.386364e+01 7.381278e+01
      vertex   6.319309e+01 8.431818e+01 7.353225e+01
    endloop
  endfacet
  facet normal 5.372996e-01 0.000000e+00 -8.433914e-01
    outer loop
      vertex   6.319309e+01 8.431818e+01 7.353225e+01
      vertex   6.363343e+01 7.386364e+01 7.381278e+01
      vertex   6.319309e+01 7.386364e+01 7.353225e+01
    endloop
  endfacet
  facet normal 7.372773e-01 0.000000e+00 -6.755902e-01
    outer loop
      vertex   6.319309e+01 8.431818e+01 7.353225e+01
      vertex   6.319309e+01 7.386364e+01 7.353225e+01
      vertex   6.284036e+01 8.431818e+01 7.314731e+01
    endloop
  endfacet
  facet normal 7.372773e-01 0.000000e+00 -6.755902e-01
    outer loop
      vertex   6.284036e+01 8.431818e+01 7.314731e+01
      vertex   6.319309e+01 7.386364e+01 7.353225e+01
      vertex   6.284036e+01 7.386364e+01 7.314731e+01
    endloop
  endfacet
  facet normal 8.870108e-01 0.000000e+00 -4.617486e-01
    outer loop
      vertex   6.284036e+01 7.386364e+01 7.314731e+01
      vertex   6.284036e+01 6.340909e+01 7.314731e+01
      vertex   6.259928e+01 7.386364e+01 7.268420e+01
    endloop
  endfacet
  facet normal 8.870108e-01 0.000000e+00 -4.617486e-01
    outer loop
      vertex   6.259928e+01 7.386364e+01 7.268420e+01
      vertex   6.284036e+01 6.340909e+01 7.314731e+01
      vertex   6.259928e+01 6.340909e+01 7.268420e+01
    endloop
  endfacet
  facet normal 9.762960e-01 0.000000e+00 -2.164396e-01
    outer loop
      vertex   6.259928e+01 7.386364e+01 7.268420e+01
      vertex   6.259928e+01 6.340909e+01 7.268420e+01
      vertex   6.248628e+01 7.386364e+01 7.217447e+01
    endloop
  endfacet
  facet normal 9.762960e-01 0.000000e+00 -2.164396e-01
    outer loop
      vertex   6.248628e+01 7.386364e+01 7.217447e+01
      vertex   6.259928e+01 6.340909e+01 7.268420e+01
      vertex   6.248628e+01 6.340909e+01 7.217447e+01
    endloop
  endfacet
  facet normal 9.990482e-01 0.000000e+00 4.361939e-02
    outer loop
      vertex   6.248628e+01 7.386364e+01 7.217447e+01
      vertex   6.248628e+01 6.340909e+01 7.217447e+01
      vertex   6.250905e+01 7.386364e+01 7.165286e+01
    endloop
  endfacet
  facet normal 9.990482e-01 0.000000e+00 4.361939e-02
    outer loop
      vertex   6.250905e+01 7.386364e+01 7.165286e+01
      vertex   6.248628e+01 6.340909e+01 7.217447e+01
      vertex   6.250905e+01 6.340909e+01 7.165286e+01
    endloop
  endfacet
  facet normal 9.537170e-01 0.000000e+00 3.007058e-01
    outer loop
      vertex   6.250905e+01 7.386364e+01 7.165286e+01
      vertex   6.250905e+01 6.340909e+01 7.165286e+01
      vertex   6.266605e+01 7.386364e+01 7.115492e+01
    endloop
  endfacet
  facet normal 9.537170e-01 0.000000e+00 3.007058e-01
    outer loop
      vertex   6.266605e+01 7.386364e+01 7.115492e+01
      vertex   6.250905e+01 6.340909e+01 7.165286e+01
      vertex   6.266605e+01 6.340909e+01 7.115492e+01
    endloop
  endfacet
  facet normal 8.433914e-01 0.000000e+00 5.372996e-01
    outer loop
      vertex   6.266605e+01 7.386364e+01 7.115492e+01
      vertex   6.266605e+01 6.340909e+01 7.115492e+01
      vertex   6.294658e+01 7.386364e+01 7.071459e+01
    endloop
  endfacet
  facet normal 8.433914e-01 0.000000e+00 5.372996e-01
    outer loop
      vertex   6.294658e+01 7.386364e+01 7.071459e+01
      vertex   6.266605e+01 6.340909e+01 7.115492e+01
      vertex   6.294658e+01 6.340909e+01 7.071459e+01
    endloop
  endfacet
  facet normal 6.755902e-01 0.000000e+00 7.372773e-01
    outer loop
      vertex   6.294658e+01 7.386364e+01 7.071459e+01
      vertex   6.294658e+01 6.340909e+01 7.071459e+01
      vertex   6.333151e+01 7.386364e+01 7.036186e+01
    endloop
  endfacet
  facet normal 6.755902e-01 0.000000e+00 7.372773e-01
    outer loop
      vertex   6.333151e+01 7.386364e+01 7.036186e+01
      vertex   6.294658e+01 6.340909e+01 7.071459e+01
      vertex   6.333151e+01 6.340909e+01 7.036186e+01
    endloop
  endfacet
  facet normal 4.617486e-01 0.000000e+00 8.870108e-01
    outer loop
      vertex   6.333151e+01 7.386364e+01 7.036186e+01
      vertex   6.333151e+01 6.340909e+01 7.036186e+01
      vertex   6.379462e+01 7.386364e+01 7.012078e+01
    endloop
  endfacet
  facet normal 4.617486e-01 0.000000e+00 8.870108e-01
    outer loop
      vertex   6.379462e+01 7.386364e+01 7.012078e+01
      vertex   6.333151e+01 6.340909e+01 7.036186e+01
      vertex   6.379462e+01 6.340909e+01 7.012078e+01
    endloop
  endfacet
  facet normal 2.164396e-01 0.000000e+00 9.762960e-01
    outer loop
      vertex   6.379462e+01 7.386364e+01 7.012078e+01
      vertex   6.379462e+01 6.340909e+01 7.012078e+01
      vertex   6.430435e+01 7.386364e+01 7.000777e+01
    endloop
  endfacet
  facet normal 2.164396e-01 0.000000e+00 9.762960e-01
    outer loop
      vertex   6.430435e+01 7.386364e+01 7.000777e+01
      vertex   6.379462e+01 6.340909e+01 7.012078e+01
      vertex   6.430435e+01 6.340909e+01 7.000777e+01
    endloop
  endfacet
  facet normal -4.361939e-02 0.000000e+00 9.990482e-01
    outer loop
      vertex   6.430435e+01 7.386364e+01 7.000777e+01
      vertex   6.430435e+01 6.340909e+01 7.000777e+01
      vertex   6.482596e+01 7.386364e+01 7.003055e+01
    endloop
  endfacet
  facet normal -4.361939e-02 0.000000e+00 9.990482e-01
    outer loop
      vertex   6.482596e+01 7.386364e+01 7.003055e+01
      vertex   6.430435e+01 6.340909e+01 7.000777e+01
      vertex   6.482596e+01 6.340909e+01 7.003055e+01
    endloop
  endfacet
  facet normal -3.007058e-01 0.000000e+00 9.537170e-01
    outer loop
      vertex   6.482596e+01 7.386364e+01 7.003055e+01
      vertex   6.482596e+01 6.340909e+01 7.003055e+01
      vertex   6.532390e+01 7.386364e+01 7.018755e+01
    endloop
  endfacet
  facet normal -3.007058e-01 0.000000e+00 9.537170e-01
    outer loop
      vertex   6.532390e+01 7.386364e+01 7.018755e+01
      vertex   6.482596e+01 6.340909e+01 7.003055e+01
      vertex   6.532390e+01 6.340909e+01 7.018755e+01
    endloop
  endfacet
  facet normal -5.372996e-01 0.000000e+00 8.433914e-01
    outer loop
      vertex   6.532390e+01 7.386364e+01 7.018755e+01
      vertex   6.532390e+01 6.340909e+01 7.018755e+01
      vertex   6.576424e+01 7.386364e+01 7.046807e+01
    endloop
  endfacet
  facet normal -5.372996e-01 0.000000e+00 8.433914e-01
    outer loop
      vertex   6.576424e+01 7.386364e+01 7.046807e+01
      vertex   6.532390e+01 6.340909e+01 7.018755e+01
      vertex   6.576424e+01 6.340909e+01 7.046807e+01
    endloop
  endfacet
  facet normal -7.372773e-01 0.000000e+00 6.755902e-01
    outer loop
      vertex   6.576424e+01 7.386364e+01 7.046807e+01
      vertex   6.576424e+01 6.340909e+01 7.046807e+01
      vertex   6.611697e+01 7.386364e+01 7.085301e+01
    endloop
  endfacet
  facet normal -7.372773e-01 0.000000e+00 6.755902e-01
    outer loop
      vertex   6.611697e+01 7.386364e+01 7.085301e+01
      vertex   6.576424e+01 6.340909e+01 7.046807e+01
      vertex   6.611697e+01 6.340909e+01 7.085301e+01
    endloop
  endfacet
  facet normal -8.870108e-01 0.000000e+00 4.617486e-01
    outer loop
      vertex   6.611697e+01 7.386364e+01 7.085301e+01
      vertex   6.611697e+01 6.340909e+01 7.085301e+01
      vertex   6.635805e+01 7.386364e+01 7.131612e+01
    endloop
  endfacet
  facet normal -8.870108e-01 0.000000e+00 4.617486e-01
    outer loop
      vertex   6.635805e+01 7.386364e+01 7.131612e+01
      vertex   6.611697e+01 6.340909e+01 7.085301e+01
      vertex   6.635805e+01 6.340909e+01 7.131612e+01
    endloop
  endfacet
  facet normal -9.762960e-01 0.000000e+00 2.164396e-01
    outer loop
      vertex   6.635805e+01 7.386364e+01 7.131612e+01
      vertex   6.635805e+01 6.340909e+01 7.131612e+01
      vertex   6.647105e+01 7.386364e+01 7.182585e+01
    endloop
  endfacet
  facet normal -9.762960e-01 0.000000e+00 2.164396e-01
    outer loop
      vertex   6.647105e+01 7.386364e+01 7.182585e+01
      vertex   6.635805e+01 6.340909e+01 7.131612e+01
      vertex   6.647105e+01 6.340909e+01 7.182585e+01
    endloop
  endfacet
  facet normal -9.990482e-01 -0.000000e+00 -4.361939e-02
    outer loop
      vertex   6.647105e+01 7.386364e+01 7.182585e+01
      vertex   6.647105e+01 6.340909e+01 7.182585e+01
      vertex   6.644828e+01 7.386364e+01 7.234746e+01
    endloop
  endfacet
  facet normal -9.990482e-01 -0.000000e+00 -4.361939e-02
    outer loop
      vertex   6.644828e+01 7.386364e+01 7.234746e+01
      vertex   6.647105e+01 6.340909e+01 7.182585e+01
      vertex   6.644828e+01 6.340909e+01 7.234746e+01
    endloop
  endfacet
  facet normal -9.537170e-01 -0.000000e+00 -3.007058e-01
    outer loop
      vertex   6.644828e+01 7.386364e+01 7.234746e+01
      vertex   6.644828e+01 6.340909e+01 7.234746e+01
      vertex   6.629128e+01 7.386364e+01 7.284540e+01
    endloop
  endfacet
  facet normal -9.537170e-01 -0.000000e+00 -3.007058e-01
    outer loop
      vertex   6.629128e+01 7.386364e+01 7.284540e+01
      vertex   6.644828e+01 6.340909e+01 7.234746e+01
      vertex   6.629128e+01 6.340909e+01 7.284540e+01
    endloop
  endfacet
  facet normal -8.433914e-01 -0.000000e+00 -5.372996e-01
    outer loop
      vertex   6.629128e+01 7.386364e+01 7.284540e+01
      vertex   6.629128e+01 6.340909e+01 7.284540e+01
      vertex   6.601075e+01 7.386364e+01 7.328574e+01
    endloop
  endfacet
  facet normal -8.433914e-01 -0.000000e+00 -5.372996e-01
    outer loop
      vertex   6.601075e+01 7.386364e+01 7.328574e+01
      vertex   6.629128e+01 6.340909e+01 7.284540e+01
      vertex   6.601075e+01 6.340909e+01 7.328574e+01
    endloop
  endfacet
  facet normal -6.755902e-01 -0.000000e+00 -7.372773e-01
    outer loop
      vertex   6.601075e+01 7.386364e+01 7.328574e+01
      vertex   6.601075e+01 6.340909e+01 7.328574e+01
      vertex   6.562582e+01 7.386364e+01 7.363846e+01
    endloop
  endfacet
  facet normal -6.755902e-01 -0.000000e+00 -7.372773e-01
    outer loop
      vertex   6.562582e+01 7.386364e+01 7.363846e+01
      vertex   6.601075e+01 6.340909e+01 7.328574e+01
      vertex   6.562582e+01 6.340909e+01 7.363846e+01
    endloop
  endfacet
  facet normal -4.617486e-01 -0.000000e+00 -8.870108e-01
    outer loop
      vertex   6.562582e+01 7.386364e+01 7.363846e+01
      vertex   6.562582e+01 6.340909e+01 7.363846e+01
      vertex   6.516271e+01 7.386364e+01 7.387955e+01
    endloop
  endfacet
  facet normal -4.617486e-01 -0.000000e+00 -8.870108e-01
    outer loop
      vertex   6.516271e+01 7.386364e+01 7.387955e+01
      vertex   6.562582e+01 6.340909e+01 7.363846e+01
      vertex   6.516271e+01 6.340909e+01 7.387955e+01
    endloop
  endfacet
  facet normal -2.164396e-01 -0.000000e+00 -9.762960e-01
    outer loop
      vertex   6.516271e+01 7.386364e+01 7.387955e+01
      vertex   6.516271e+01 6.340909e+01 7.387955e+01
      vertex   6.465298e+01 7.386364e+01 7.399255e+01
    endloop
  endfacet
  facet normal -2.164396e-01 -0.000000e+00 -9.762960e-01
    outer loop
      vertex   6.465298e+01 7.386364e+01 7.399255e+01
      vertex   6.516271e+01 6.340909e+01 7.387955e+01
      vertex   6.465298e+01 6.340909e+01 7.399255e+01
    endloop
  endfacet
  facet normal 4.361939e-02 0.000000e+00 -9.990482e-01
    outer loop
      vertex   6.465298e+01 7.386364e+01 7.399255e+01
      vertex   6.465298e+01 6.340909e+01 7.399255e+01
      vertex   6.413137e+01 7.386364e+01 7.396978e+01
    endloop
  endfacet
  facet normal 4.361939e-02 0.000000e+00 -9.990482e-01
    outer loop
      vertex   6.413137e+01 7.386364e+01 7.396978e+01
      vertex   6.465298e+01 6.340909e+01 7.399255e+01
      vertex   6.413137e+01 6.340909e+01 7.396978e+01
    endloop
  endfacet
  facet normal 3.007058e-01 0.000000e+00 -9.537170e-01
    outer loop
      vertex   6.413137e+01 7.386364e+01 7.396978e+01
      vertex   6.413137e+01 6.340909e+01 7.396978e+01
      vertex   6.363343e+01 7.386364e+01 7.381278e+01
    endloop
  endfacet
  facet normal 3.007058e-01 0.000000e+00 -9.537170e-01
    outer loop
      vertex   6.363343e+01 7.386364e+01 7.381278e+01
      vertex   6.413137e+01 6.340909e+01 7.396978e+01
      vertex   6.363343e+01 6.340909e+01 7.381278e+01
    endloop
  endfacet
  facet normal 5.372996e-01 0.000000e+00 -8.433914e-01
    outer loop
      vertex   6.363343e+01 7.386364e+01 7.381278e+01
      vertex   6.363343e+01 6.340909e+01 7.381278e+01
      vertex   6.319309e+01 7.386364e+01 7.353225e+01
    endloop
  endfacet
  facet normal 5.372996e-01 0.000000e+00 -8.433914e-01
    outer loop
      vertex   6.319309e+01 7.386364e+01 7.353225e+01
      vertex   6.363343e+01 6.340909e+01 7.381278e+01
      vertex   6.319309e+01 6.340909e+01 7.353225e+01
    endloop
  endfacet
  facet normal 7.372773e-01 0.000000e+00 -6.755902e-01
    outer loop
      vertex   6.319309e+01 7.386364e+01 7.353225e+01
      vertex   6.319309e+01 6.340909e+01 7.353225e+01
      vertex   6.284036e+01 7.386364e+01 7.314731e+01
    endloop
  endfacet
  facet normal 7.372773e-01 0.000000e+00 -6.755902e-01
    outer loop
      vertex   6.284036e+01 7.386364e+01 7.314731e+01
      vertex   6.319309e+01 6.340909e+01 7.353225e+01
      vertex   6.284036e+01 6.340909e+01 7.314731e+01
    endloop
  endfacet
  facet normal 8.870108e-01 0.000000e+00 -4.617486e-01
    outer loop
      vertex   6.284036e+01 6.340909e+01 7.314731e+01
      vertex   6.284036e+01 5.295455e+01 7.314731e+01
      vertex   6.259928e+01 6.340909e+01 7.268420e+01
    endloop
  endfacet
  facet normal 8.870108e-01 0.000000e+00 -4.617486e-01
    outer loop
      vertex   6.259928e+01 6.340909e+01 7.268420e+01
      vertex   6.284036e+01 5.295455e+01 7.314731e+01
      vertex   6.259928e+01 5.295455e+01 7.268420e+01
    endloop
  endfacet
  facet normal 9.762960e-01 0.000000e+00 -2.164396e-01
    outer loop
      vertex   6.259928e+01 6.340909e+01 7.268420e+01
      vertex   6.259928e+01 5.295455e+01 7.268420e+01
      vertex   6.248628e+01 6.340909e+01 7.217447e+01
    endloop
  endfacet
  facet normal 9.762960e-01 0.000000e+00 -2.164396e-01
    outer loop
      vertex   6.248628e+01 6.340909e+01 7.217447e+01
      vertex   6.259928e+01 5.295455e+01 7.268420e+01
      vertex   6.248628e+01 5.295455e+01 7.217447e+01
    endloop
  endfacet
  facet normal 9.990482e-01 0.000000e+00 4.361939e-02
    outer loop
      vertex   6.248628e+01 6.340909e+01 7.217447e+01
      vertex   6.248628e+01 5.295455e+01 7.217447e+01
      vertex   6.250905e+01 6.340909e+01 7.165286e+01
    endloop
  endfacet
  facet normal 9.990482e-01 0.000000e+00 4.361939e-02
    outer loop
      vertex   6.250905e+01 6.340909e+01 7.165286e+01
      vertex   6.248628e+01 5.295455e+01 7.217447e+01
      vertex   6.250905e+01 5.295455e+01 7.165286e+01
    endloop
  endfacet
  facet normal 9.537170e-01 0.000000e+00 3.007058e-01
    outer loop
      vertex   6.250905e+01 6.340909e+01 7.165286e+01
      vertex   6.250905e+01 5.295455e+01 7.165286e+01
      vertex   6.266605e+01 6.340909e+01 7.115492e+01
    endloop
  endfacet
  facet normal 9.537170e-01 0.000000e+00 3.007058e-01
    outer loop
      vertex   6.266605e+01 6.340909e+01 7.115492e+01
      vertex   6.250905e+01 5.295455e+01 7.165286e+01
      vertex   6.266605e+01 5.295455e+01 7.115492e+01
    endloop
  endfacet
  facet normal 8.433914e-01 0.000000e+00 5.372996e-01
    outer loop
      vertex   6.266605e+01 6.340909e+01 7.115492e+01
      vertex   6.266605e+01 5.295455e+01 7.115492e+01
      vertex   6.294658e+01 6.340909e+01 7.071459e+01
    endloop
  endfacet
  facet normal 8.433914e-01 0.000000e+00 5.372996e-01
    outer loop
      vertex   6.294658e+01 6.340909e+01 7.071459e+01
      vertex   6.266605e+01 5.295455e+01 7.115492e+01
      vertex   6.294658e+01 5.295455e+01 7.071459e+01
    endloop
  endfacet
  facet normal 6.755902e-01 0.000000e+00 7.372773e-01
    outer loop
      vertex   6.294658e+01 6.340909e+01 7.071459e+01
      vertex   6.294658e+01 5.295455e+01 7.071459e+01
      vertex   6.333151e+01 6.340909e+01 7.036186e+01
    endloop
  endfacet
  facet normal 6.755902e-01 0.000000e+00 7.372773e-01
    outer loop
      vertex   6.333151e+01 6.340909e+01 7.036186e+01
      vertex   6.294658e+01 5.295455e+01 7.071459e+01
      vertex   6.333151e+01 5.295455e+01 7.036186e+01
    endloop
  endfacet
  facet normal 4.617486e-01 0.000000e+00 8.870108e-01
    outer loop
      vertex   6.333151e+01 6.340909e+01 7.036186e+01
      vertex   6.333151e+01 5.295455e+01 7.036186e+01
      vertex   6.379462e+01 6.340909e+01 7.012078e+01
    endloop
  endfacet
  facet normal 4.617486e-01 0.000000e+00 8.870108e-01
    outer loop
      vertex   6.379462e+01 6.340909e+01 7.012078e+01
      vertex   6.333151e+01 5.295455e+01 7.036186e+01
      vertex   6.379462e+01 5.295455e+01 7.012078e+01
    endloop
  endfacet
  facet normal 2.164396e-01 0.000000e+00 9.762960e-01
    outer loop
      vertex   6.379462e+01 6.340909e+01 7.012078e+01
      vertex   6.379462e+01 5.295455e+01 7.012078e+01
      vertex   6.430435e+01 6.340909e+01 7.000777e+01
    endloop
  endfacet
  facet normal 2.164396e-01 0.000000e+00 9.762960e-01
    outer loop
      vertex   6.430435e+01 6.340909e+01 7.000777e+01
      vertex   6.379462e+01 5.295455e+01 7.012078e+01
      vertex   6.430435e+01 5.295455e+01 7.000777e+01
    endloop
  endfacet
  facet normal -4.361939e-02 0.000000e+00 9.990482e-01
    outer loop
      vertex   6.430435e+01 6.340909e+01 7.000777e+01
      vertex   6.430435e+01 5.295455e+01 7.000777e+01
      vertex   6.482596e+01 6.340909e+01 7.003055e+01
    endloop
  endfacet
  facet normal -4.361939e-02 0.000000e+00 9.990482e-01
    outer loop
      vertex   6.482596e+01 6.340909e+01 7.003055e+01
      vertex   6.430435e+01 5.295455e+01 7.000777e+01
      vertex   6.482596e+01 5.295455e+01 7.003055e+01
    endloop
  endfacet
  facet normal -3.007058e-01 0.000000e+00 9.537170e-01
    outer loop
      vertex   6.482596e+01 6.340909e+01 7.003055e+01
      vertex   6.482596e+01 5.295455e+01 7.003055e+01
      vertex   6.532390e+01 6.340909e+01 7.018755e+01
    endloop
  endfacet
  facet normal -3.007058e-01 0.000000e+00 9.537170e-01
    outer loop
      vertex   6.532390e+01 6.340909e+01 7.018755e+01
      vertex   6.482596e+01 5.295455e+01 7.003055e+01
      vertex   6.532390e+01 5.295455e+01 7.018755e+01
    endloop
  endfacet
  facet normal -5.372996e-01 0.000000e+00 8.433914e-01
    outer loop
      vertex   6.532390e+01 6.340909e+01 7.018755e+01
      vertex   6.532390e+01 5.295455e+01 7.018755e+01
      vertex   6.576424e+01 6.340909e+01 7.046807e+01
    endloop
  endfacet
  facet normal -5.372996e-01 0.000000e+00 8.433914e-01
    outer loop
      vertex   6.576424e+01 6.340909e+01 7.046807e+01
      vertex   6.532390e+01 5.295455e+01 7.018755e+01
      vertex   6.576424e+01 5.295455e+01 7.046807e+01
    endloop
  endfacet
  facet normal -7.372773e-01 0.000000e+00 6.755902e-01
    outer loop
      vertex   6.576424e+01 6.340909e+01 7.046807e+01
      vertex   6.576424e+01 5.295455e+01 7.046807e+01
      vertex   6.611697e+01 6.340909e+01 7.085301e+01
    endloop
  endfacet
  facet normal -7.372773e-01 0.000000e+00 6.755902e-01
    outer loop
      vertex   6.611697e+01 6.340909e+01 7.085301e+01
      vertex   6.576424e+01 5.295455e+01 7.046807e+01
      vertex   6.611697e+01 5.295455e+01 7.085301e+01
    endloop
  endfacet
  facet normal -8.870108e-01 0.000000e+00 4.617486e-01
    outer loop
      vertex   6.611697e+01 6.340909e+01 7.085301e+01
      vertex   6.611697e+01 5.295455e+01 7.085301e+01
      vertex   6.635805e+01 6.340909e+01 7.131612e+01
    endloop
  endfacet
  facet normal -8.870108e-01 0.000000e+00 4.617486e-01
    outer loop
      vertex   6.635805e+01 6.340909e+01 7.131612e+01
      vertex   6.611697e+01 5.295455e+01 7.085301e+01
      vertex   6.635805e+01 5.295455e+01 7.131612e+01
    endloop
  endfacet
  facet normal -9.762960e-01 0.000000e+00 2.164396e-01
    outer loop
      vertex   6.635805e+01 6.340909e+01 7.131612e+01
      vertex   6.635805e+01 5.295455e+01 7.131612e+01
      vertex   6.647105e+01 6.340909e+01 7.182585e+01
    endloop
  endfacet
  facet normal -9.762960e-01 0.000000e+00 2.164396e-01
    outer loop
      vertex   6.647105e+01 6.340909e+01 7.182585e+01
      vertex   6.635805e+01 5.295455e+01 7.131612e+01
      vertex   6.647105e+01 5.295455e+01 7.182585e+01
    endloop
  endfacet
  facet normal -9.990482e-01 -0.000000e+00 -4.361939e-02
    outer loop
      vertex   6.647105e+01 6.340909e+01 7.182585e+01
      vertex   6.647105e+01 5.295455e+01 7.182585e+01
      vertex   6.644828e+01 6.340909e+01 7.234746e+01
    endloop
  endfacet
  facet normal -9.990482e-01 -0.000000e+00 -4.361939e-02
    outer loop
      vertex   6.644828e+01 6.340909e+01 7.234746e+01
      vertex   6.647105e+01 5.295455e+01 7.182585e+01
      vertex   6.644828e+01 5.295455e+01 7.234746e+01
    endloop
  endfacet
  facet normal -9.537170e-01 -0.000000e+00 -3.007058e-01
    outer loop
      vertex   6.644828e+01 6.340909e+01 7.234746e+01
      vertex   6.644828e+01 5.295455e+01 7.234746e+01
      vertex   6.629128e+01 6.340909e+01 7.284540e+01
    endloop
  endfacet
  facet normal -9.537170e-01 -0.000000e+00 -3.007058e-01
    outer loop
      vertex   6.629128e+01 6.340909e+01 7.284540e+01
      vertex   6.644828e+01 5.295455e+01 7.234746e+01
      vertex   6.629128e+01 5.295455e+01 7.284540e+01
    endloop
  endfacet
  facet normal -8.433914e-01 -0.000000e+00 -5.372996e-01
    outer loop
      vertex   6.629128e+01 6.340909e+01 7.284540e+01
      vertex   6.629128e+01 5.295455e+01 7.284540e+01
      vertex   6.601075e+01 6.340909e+01 7.328574e+01
    endloop
  endfacet
  facet normal -8.433914e-01 -0.000000e+00 -5.372996e-01
    outer loop
      vertex   6.601075e+01 6.340909e+01 7.328574e+01
      vertex   6.629128e+01 5.295455e+01 7.284540e+01
      vertex   6.601075e+01 5.295455e+01 7.328574e+01
    endloop
  endfacet
  facet normal -6.755902e-01 -0.000000e+00 -7.372773e-01
    outer loop
      vertex   6.601075e+01 6.340909e+01 7.328574e+01
      vertex   6.601075e+01 5.295455e+01 7.328574e+01
      vertex   6.562582e+01 6.340909e+01 7.363846e+01
    endloop
  endfacet
  facet normal -6.755902e-01 -0.000000e+00 -7.372773e-01
    outer loop
      vertex   6.562582e+01 6.340909e+01 7.363846e+01
      vertex   6.601075e+01 5.295455e+01 7.328574e+01
      vertex   6.562582e+01 5.295455e+01 7.363846e+01
    endloop
  endfacet
  facet normal -4.617486e-01 -0.000000e+00 -8.870108e-01
    outer loop
      vertex   6.562582e+01 6.340909e+01 7.363846e+01
      vertex   6.562582e+01 5.295455e+01 7.363846e+01
      vertex   6.516271e+01 6.340909e+01 7.387955e+01
    endloop
  endfacet
  facet normal -4.617486e-01 -0.000000e+00 -8.870108e-01
    outer loop
      vertex   6.516271e+01 6.340909e+01 7.387955e+01
      vertex   6.562582e+01 5.295455e+01 7.363846e+01
      vertex   6.516271e+01 5.295455e+01 7.387955e+01
    endloop
  endfacet
  facet normal -2.164396e-01 -0.000000e+00 -9.762960e-01
    outer loop
      vertex   6.516271e+01 6.340909e+01 7.387955e+01
      vertex   6.516271e+01 5.295455e+01 7.387955e+01
      vertex   6.465298e+01 6.340909e+01 7.399255e+01
    endloop
  endfacet
  facet normal -2.164396e-01 -0.000000e+00 -9.762960e-01
    outer loop
      vertex   6.465298e+01 6.340909e+01 7.399255e+01
      vertex   6.516271e+01 5.295455e+01 7.387955e+01
      vertex   6.465298e+01 5.295455e+01 7.399255e+01
    endloop
  endfacet
  facet normal 4.361939e-02 0.000000e+00 -9.990482e-01
    outer loop
      vertex   6.465298e+01 6.340909e+01 7.399255e+01
      vertex   6.465298e+01 5.295455e+01 7.399255e+01
      vertex   6.413137e+01 6.340909e+01 7.396978e+01
    endloop
  endfacet
  facet normal 4.361939e-02 0.000000e+00 -9.990482e-01
    outer loop
      vertex   6.413137e+01 6.340909e+01 7.396978e+01
      vertex   6.465298e+01 5.295455e+01 7.399255e+01
      vertex   6.413137e+01 5.295455e+01 7.396978e+01
    endloop
  endfacet
  facet normal 3.007058e-01 0.000000e+00 -9.537170e-01
    outer loop
      vertex   6.413137e+01 6.340909e+01 7.396978e+01
      vertex   6.413137e+01 5.295455e+01 7.396978e+01
      vertex   6.363343e+01 6.340909e+01 7.381278e+01
    endloop
  endfacet
  facet normal 3.007058e-01 0.000000e+00 -9.537170e-01
    outer loop
      vertex   6.363343e+01 6.340909e+01 7.381278e+01
      vertex   6.413137e+01 5.295455e+01 7.396978e+01
      vertex   6.363343e+01 5.295455e+01 7.381278e+01
    endloop
  endfacet
  facet normal 5.372996e-01 0.000000e+00 -8.433914e-01
    outer loop
      vertex   6.363343e+01 6.340909e+01 7.381278e+01
      vertex   6.363343e+01 5.295455e+01 7.381278e+01
      vertex   6.319309e+01 6.340909e+01 7.353225e+01
    endloop
  endfacet
  facet normal 5.372996e-01 0.000000e+00 -8.433914e-01
    outer loop
      vertex   6.319309e+01 6.340909e+01 7.353225e+01
      vertex   6.363343e+01 5.295455e+01 7.381278e+01
      vertex   6.319309e+01 5.295455e+01 7.353225e+01
    endloop
  endfacet
  facet normal 7.372773e-01 0.000000e+00 -6.755902e-01
    outer loop
      vertex   6.319309e+01 6.340909e+01 7.353225e+01
      vertex   6.319309e+01 5.295455e+01 7.353225e+01
      vertex   6.284036e+01 6.340909e+01 7.314731e+01
    endloop
  endfacet
  facet normal 7.372773e-01 0.000000e+00 -6.755902e-01
    outer loop
      vertex   6.284036e+01 6.340909e+01 7.314731e+01
      vertex   6.319309e+01 5.295455e+01 7.353225e+01
      vertex   6.284036e+01 5.295455e+01 7.314731e+01
    endloop
  endfacet
  facet normal -0.000000e+00 -1.000000e+00 0.000000e+00
    outer loop
      vertex   6.319309e+01 4.250000e+01 7.353225e+01
      vertex   5.821181e+01 4.250000e+01 7.774268e+01
      vertex   6.284036e+01 4.250000e+01 7.314731e+01
    endloop
  endfacet
  facet normal 0.000000e+00 -1.000000e+00 0.000000e+00
    outer loop
      vertex   6.284036e+01 4.250000e+01 7.314731e+01
      vertex   5.821181e+01 4.250000e+01 7.774268e+01
      vertex   5.751587e+01 4.250000e+01 7.687556e+01
    endloop
  endfacet
  facet normal 0.000000e+00 -1.000000e+00 0.000000e+00
    outer loop
      vertex   6.284036e+01 4.250000e+01 7.314731e+01
      vertex   5.751587e+01 4.250000e+01 7.687556e+01
      vertex   5.693907e+01 4.250000e+01 7.592502e+01
    endloop
  endfacet
  facet normal -0.000000e+00 -1.000000e+00 0.000000e+00
    outer loop
      vertex   6.363343e+01 4.250000e+01 7.381278e+01
      vertex   5.991162e+01 4.250000e+01 7.916899e+01
      vertex   6.319309e+01 4.250000e+01 7.353225e+01
    endloop
  endfacet
  facet normal 0.000000e+00 -1.000000e+00 0.000000e+00
    outer loop
      vertex   6.319309e+01 4.250000e+01 7.353225e+01
      vertex   5.991162e+01 4.250000e+01 7.916899e+01
      vertex   5.901497e+01 4.250000e+01 7.851154e+01
    endloop
  endfacet
  facet normal 0.000000e+00 -1.000000e+00 0.000000e+00
    outer loop
      vertex   6.319309e+01 4.250000e+01 7.353225e+01
      vertex   5.901497e+01 4.250000e+01 7.851154e+01
      vertex   5.821181e+01 4.250000e+01 7.774268e+01
    endloop
  endfacet
  facet normal -0.000000e+00 -1.000000e+00 0.000000e+00
    outer loop
      vertex   6.413137e+01 4.250000e+01 7.396978e+01
      vertex   6.192267e+01 4.250000e+01 8.010675e+01
      vertex   6.363343e+01 4.250000e+01 7.381278e+01
    endloop
  endfacet
  facet normal 0.000000e+00 -1.000000e+00 0.000000e+00
    outer loop
      vertex   6.363343e+01 4.250000e+01 7.381278e+01
      vertex   6.192267e+01 4.250000e+01 8.010675e+01
      vertex   6.088641e+01 4.250000e+01 7.970378e+01
    endloop
  endfacet
  facet normal 0.000000e+00 -1.000000e+00 0.000000e+00
    outer loop
      vertex   6.363343e+01 4.250000e+01 7.381278e+01
      vertex   6.088641e+01 4.250000e+01 7.970378e+01
      vertex   5.991162e+01 4.250000e+01 7.916899e+01
    endloop
  endfacet
  facet normal -0.000000e+00 -1.000000e+00 0.000000e+00
    outer loop
      vertex   6.465298e+01 4.250000e+01 7.399255e+01
      vertex   6.410790e+01 4.250000e+01 8.049207e+01
      vertex   6.413137e+01 4.250000e+01 7.396978e+01
    endloop
  endfacet
  facet normal 0.000000e+00 -1.000000e+00 0.000000e+00
    outer loop
      vertex   6.413137e+01 4.250000e+01 7.396978e+01
      vertex   6.410790e+01 4.250000e+01 8.049207e+01
      vertex   6.300266e+01 4.250000e+01 8.037103e+01
    endloop
  endfacet
  facet normal 0.000000e+00 -1.000000e+00 0.000000e+00
    outer loop
      vertex   6.413137e+01 4.250000e+01 7.396978e+01
      vertex   6.300266e+01 4.250000e+01 8.037103e+01
      vertex   6.192267e+01 4.250000e+01 8.010675e+01
    endloop
  endfacet
  facet normal 0.000000e+00 -1.000000e+00 0.000000e+00
    outer loop
      vertex   6.516271e+01 4.250000e+01 7.387955e+01
      vertex   6.631840e+01 4.250000e+01 8.029868e+01
      vertex   6.465298e+01 4.250000e+01 7.399255e+01
    endloop
  endfacet
  facet normal 0.000000e+00 -1.000000e+00 0.000000e+00
    outer loop
      vertex   6.465298e+01 4.250000e+01 7.399255e+01
      vertex   6.631840e+01 4.250000e+01 8.029868e+01
      vertex   6.521949e+01 4.250000e+01 8.046782e+01
    endloop
  endfacet
  facet normal 0.000000e+00 -1.000000e+00 0.000000e+00
    outer loop
      vertex   6.465298e+01 4.250000e+01 7.399255e+01
      vertex   6.521949e+01 4.250000e+01 8.046782e+01
      vertex   6.410790e+01 4.250000e+01 8.049207e+01
    endloop
  endfacet
  facet normal 0.000000e+00 -1.000000e+00 0.000000e+00
    outer loop
      vertex   6.562582e+01 4.250000e+01 7.363846e+01
      vertex   6.840353e+01 4.250000e+01 7.953975e+01
      vertex   6.516271e+01 4.250000e+01 7.387955e+01
    endloop
  endfacet
  facet normal 0.000000e+00 -1.000000e+00 0.000000e+00
    outer loop
      vertex   6.516271e+01 4.250000e+01 7.387955e+01
      vertex   6.840353e+01 4.250000e+01 7.953975e+01
      vertex   6.738584e+01 4.250000e+01 7.998755e+01
    endloop
  endfacet
  facet normal 0.000000e+00 -1.000000e+00 0.000000e+00
    outer loop
      vertex   6.516271e+01 4.250000e+01 7.387955e+01
      vertex   6.738584e+01 4.250000e+01 7.998755e+01
      vertex   6.631840e+01 4.250000e+01 8.029868e+01
    endloop
  endfacet
  facet normal 0.000000e+00 -1.000000e+00 0.000000e+00
    outer loop
      vertex   6.601075e+01 4.250000e+01 7.328574e+01
      vertex   7.022118e+01 4.250000e+01 7.826702e+01
      vertex   6.562582e+01 4.250000e+01 7.363846e+01
    endloop
  endfacet
  facet normal 0.000000e+00 -1.000000e+00 0.000000e+00
    outer loop
      vertex   6.562582e+01 4.250000e+01 7.363846e+01
      vertex   7.022118e+01 4.250000e+01 7.826702e+01
      vertex   6.935406e+01 4.250000e+01 7.896295e+01
    endloop
  endfacet
  facet normal 0.000000e+00 -1.000000e+00 0.000000e+00
    outer loop
      vertex   6.562582e+01 4.250000e+01 7.363846e+01
      vertex   6.935406e+01 4.250000e+01 7.896295e+01
      vertex   6.840353e+01 4.250000e+01 7.953975e+01
    endloop
  endfacet
  facet normal 0.000000e+00 -1.000000e+00 0.000000e+00
    outer loop
      vertex   6.629128e+01 4.250000e+01 7.284540e+01
      vertex   7.164749e+01 4.250000e+01 7.656721e+01
      vertex   6.601075e+01 4.250000e+01 7.328574e+01
    endloop
  endfacet
  facet normal 0.000000e+00 -1.000000e+00 0.000000e+00
    outer loop
      vertex   6.601075e+01 4.250000e+01 7.328574e+01
      vertex   7.164749e+01 4.250000e+01 7.656721e+01
      vertex   7.099004e+01 4.250000e+01 7.746386e+01
    endloop
  endfacet
  facet normal 0.000000e+00 -1.000000e+00 0.000000e+00
    outer loop
      vertex   6.601075e+01 4.250000e+01 7.328574e+01
      vertex   7.099004e+01 4.250000e+01 7.746386e+01
      vertex   7.022118e+01 4.250000e+01 7.826702e+01
    endloop
  endfacet
  facet normal 0.000000e+00 -1.000000e+00 0.000000e+00
    outer loop
      vertex   6.644828e+01 4.250000e+01 7.234746e+01
      vertex   7.258526e+01 4.250000e+01 7.455616e+01
      vertex   6.629128e+01 4.250000e+01 7.284540e+01
    endloop
  endfacet
  facet normal 0.000000e+00 -1.000000e+00 0.000000e+00
    outer loop
      vertex   6.629128e+01 4.250000e+01 7.284540e+01
      vertex   7.258526e+01 4.250000e+01 7.455616e+01
      vertex   7.218228e+01 4.250000e+01 7.559242e+01
    endloop
  endfacet
  facet normal 0.000000e+00 -1.000000e+00 0.000000e+00
    outer loop
      vertex   6.629128e+01 4.250000e+01 7.284540e+01
      vertex   7.218228e+01 4.250000e+01 7.559242e+01
      vertex   7.164749e+01 4.250000e+01 7.656721e+01
    endloop
  endfacet
  facet normal 0.000000e+00 -1.000000e+00 0.000000e+00
    outer loop
      vertex   6.647105e+01 4.250000e+01 7.182585e+01
      vertex   7.297058e+01 4.250000e+01 7.237093e+01
      vertex   6.644828e+01 4.250000e+01 7.234746e+01
    endloop
  endfacet
  facet normal 0.000000e+00 -1.000000e+00 0.000000e+00
    outer loop
      vertex   6.644828e+01 4.250000e+01 7.234746e+01
      vertex   7.297058e+01 4.250000e+01 7.237093e+01
      vertex   7.284953e+01 4.250000e+01 7.347617e+01
    endloop
  endfacet
  facet normal 0.000000e+00 -1.000000e+00 0.000000e+00
    outer loop
      vertex   6.644828e+01 4.250000e+01 7.234746e+01
      vertex   7.284953e+01 4.250000e+01 7.347617e+01
      vertex   7.258526e+01 4.250000e+01 7.455616e+01
    endloop
  endfacet
  facet normal 0.000000e+00 -1.000000e+00 0.000000e+00
    outer loop
      vertex   6.635805e+01 4.250000e+01 7.131612e+01
      vertex   7.277718e+01 4.250000e+01 7.016042e+01
      vertex   6.647105e+01 4.250000e+01 7.182585e+01
    endloop
  endfacet
  facet normal 0.000000e+00 -1.000000e+00 0.000000e+00
    outer loop
      vertex   6.647105e+01 4.250000e+01 7.182585e+01
      vertex   7.277718e+01 4.250000e+01 7.016042e+01
      vertex   7.294632e+01 4.250000e+01 7.125934e+01
    endloop
  endfacet
  facet normal 0.000000e+00 -1.000000e+00 0.000000e+00
    outer loop
      vertex   6.647105e+01 4.250000e+01 7.182585e+01
      vertex   7.294632e+01 4.250000e+01 7.125934e+01
      vertex   7.297058e+01 4.250000e+01 7.237093e+01
    endloop
  endfacet
  facet normal 0.000000e+00 -1.000000e+00 0.000000e+00
    outer loop
      vertex   6.611697e+01 4.250000e+01 7.085301e+01
      vertex   7.201826e+01 4.250000e+01 6.807530e+01
      vertex   6.635805e+01 4.250000e+01 7.131612e+01
    endloop
  endfacet
  facet normal 0.000000e+00 -1.000000e+00 0.000000e+00
    outer loop
      vertex   6.635805e+01 4.250000e+01 7.131612e+01
      vertex   7.201826e+01 4.250000e+01 6.807530e+01
      vertex   7.246605e+01 4.250000e+01 6.909299e+01
    endloop
  endfacet
  facet normal 0.000000e+00 -1.000000e+00 0.000000e+00
    outer loop
      vertex   6.635805e+01 4.250000e+01 7.131612e+01
      vertex   7.246605e+01 4.250000e+01 6.909299e+01
      vertex   7.277718e+01 4.250000e+01 7.016042e+01
    endloop
  endfacet
  facet normal 0.000000e+00 -1.000000e+00 0.000000e+00
    outer loop
      vertex   6.576424e+01 4.250000e+01 7.046807e+01
      vertex   7.074552e+01 4.250000e+01 6.625764e+01
      vertex   6.611697e+01 4.250000e+01 7.085301e+01
    endloop
  endfacet
  facet normal 0.000000e+00 -1.000000e+00 0.000000e+00
    outer loop
      vertex   6.611697e+01 4.250000e+01 7.085301e+01
      vertex   7.074552e+01 4.250000e+01 6.625764e+01
      vertex   7.144146e+01 4.250000e+01 6.712476e+01
    endloop
  endfacet
  facet normal 0.000000e+00 -1.000000e+00 0.000000e+00
    outer loop
      vertex   6.611697e+01 4.250000e+01 7.085301e+01
      vertex   7.144146e+01 4.250000e+01 6.712476e+01
      vertex   7.201826e+01 4.250000e+01 6.807530e+01
    endloop
  endfacet
  facet normal 0.000000e+00 -1.000000e+00 0.000000e+00
    outer loop
      vertex   6.532390e+01 4.250000e+01 7.018755e+01
      vertex   6.904571e+01 4.250000e+01 6.483133e+01
      vertex   6.576424e+01 4.250000e+01 7.046807e+01
    endloop
  endfacet
  facet normal 0.000000e+00 -1.000000e+00 0.000000e+00
    outer loop
      vertex   6.576424e+01 4.250000e+01 7.046807e+01
      vertex   6.904571e+01 4.250000e+01 6.483133e+01
      vertex   6.994236e+01 4.250000e+01 6.548878e+01
    endloop
  endfacet
  facet normal 0.000000e+00 -1.000000e+00 0.000000e+00
    outer loop
      vertex   6.576424e+01 4.250000e+01 7.046807e+01
      vertex   6.994236e+01 4.250000e+01 6.548878e+01
      vertex   7.074552e+01 4.250000e+01 6.625764e+01
    endloop
  endfacet
  facet normal 0.000000e+00 -1.000000e+00 0.000000e+00
    outer loop
      vertex   6.482596e+01 4.250000e+01 7.003055e+01
      vertex   6.703466e+01 4.250000e+01 6.389357e+01
      vertex   6.532390e+01 4.250000e+01 7.018755e+01
    endloop
  endfacet
  facet normal 0.000000e+00 -1.000000e+00 0.000000e+00
    outer loop
      vertex   6.532390e+01 4.250000e+01 7.018755e+01
      vertex   6.703466e+01 4.250000e+01 6.389357e+01
      vertex   6.807092e+01 4.250000e+01 6.429654e+01
    endloop
  endfacet
  facet normal 0.000000e+00 -1.000000e+00 0.000000e+00
    outer loop
      vertex   6.532390e+01 4.250000e+01 7.018755e+01
      vertex   6.807092e+01 4.250000e+01 6.429654e+01
      vertex   6.904571e+01 4.250000e+01 6.483133e+01
    endloop
  endfacet
  facet normal 0.000000e+00 -1.000000e+00 0.000000e+00
    outer loop
      vertex   6.430435e+01 4.250000e+01 7.000777e+01
      vertex   6.484943e+01 4.250000e+01 6.350825e+01
      vertex   6.482596e+01 4.250000e+01 7.003055e+01
    endloop
  endfacet
  facet normal 0.000000e+00 -1.000000e+00 0.000000e+00
    outer loop
      vertex   6.482596e+01 4.250000e+01 7.003055e+01
      vertex   6.484943e+01 4.250000e+01 6.350825e+01
      vertex   6.595467e+01 4.250000e+01 6.362929e+01
    endloop
  endfacet
  facet normal 0.000000e+00 -1.000000e+00 0.000000e+00
    outer loop
      vertex   6.482596e+01 4.250000e+01 7.003055e+01
      vertex   6.595467e+01 4.250000e+01 6.362929e+01
      vertex   6.703466e+01 4.250000e+01 6.389357e+01
    endloop
  endfacet
  facet normal 0.000000e+00 -1.000000e+00 -0.000000e+00
    outer loop
      vertex   6.379462e+01 4.250000e+01 7.012078e+01
      vertex   6.263893e+01 4.250000e+01 6.370164e+01
      vertex   6.430435e+01 4.250000e+01 7.000777e+01
    endloop
  endfacet
  facet normal 0.000000e+00 -1.000000e+00 0.000000e+00
    outer loop
      vertex   6.430435e+01 4.250000e+01 7.000777e+01
      vertex   6.263893e+01 4.250000e+01 6.370164e+01
      vertex   6.373784e+01 4.250000e+01 6.353251e+01
    endloop
  endfacet
  facet normal 0.000000e+00 -1.000000e+00 -0.000000e+00
    outer loop
      vertex   6.430435e+01 4.250000e+01 7.000777e+01
      vertex   6.373784e+01 4.250000e+01 6.353251e+01
      vertex   6.484943e+01 4.250000e+01 6.350825e+01
    endloop
  endfacet
  facet normal 0.000000e+00 -1.000000e+00 -0.000000e+00
    outer loop
      vertex   6.333151e+01 4.250000e+01 7.036186e+01
      vertex   6.055380e+01 4.250000e+01 6.446057e+01
      vertex   6.379462e+01 4.250000e+01 7.012078e+01
    endloop
  endfacet
  facet normal 0.000000e+00 -1.000000e+00 0.000000e+00
    outer loop
      vertex   6.379462e+01 4.250000e+01 7.012078e+01
      vertex   6.055380e+01 4.250000e+01 6.446057e+01
      vertex   6.157149e+01 4.250000e+01 6.401277e+01
    endloop
  endfacet
  facet normal 0.000000e+00 -1.000000e+00 0.000000e+00
    outer loop
      vertex   6.379462e+01 4.250000e+01 7.012078e+01
      vertex   6.157149e+01 4.250000e+01 6.401277e+01
      vertex   6.263893e+01 4.250000e+01 6.370164e+01
    endloop
  endfacet
  facet normal 0.000000e+00 -1.000000e+00 -0.000000e+00
    outer loop
      vertex   6.294658e+01 4.250000e+01 7.071459e+01
      vertex   5.873615e+01 4.250000e+01 6.573330e+01
      vertex   6.333151e+01 4.250000e+01 7.036186e+01
    endloop
  endfacet
  facet normal 0.000000e+00 -1.000000e+00 0.000000e+00
    outer loop
      vertex   6.333151e+01 4.250000e+01 7.036186e+01
      vertex   5.873615e+01 4.250000e+01 6.573330e+01
      vertex   5.960327e+01 4.250000e+01 6.503737e+01
    endloop
  endfacet
  facet normal 0.000000e+00 -1.000000e+00 0.000000e+00
    outer loop
      vertex   6.333151e+01 4.250000e+01 7.036186e+01
      vertex   5.960327e+01 4.250000e+01 6.503737e+01
      vertex   6.055380e+01 4.250000e+01 6.446057e+01
    endloop
  endfacet
  facet normal 0.000000e+00 -1.000000e+00 -0.000000e+00
    outer loop
      vertex   6.266605e+01 4.250000e+01 7.115492e+01
      vertex   5.730984e+01 4.250000e+01 6.743311e+01
      vertex   6.294658e+01 4.250000e+01 7.071459e+01
    endloop
  endfacet
  facet normal 0.000000e+00 -1.000000e+00 0.000000e+00
    outer loop
      vertex   6.294658e+01 4.250000e+01 7.071459e+01
      vertex   5.730984e+01 4.250000e+01 6.743311e+01
      vertex   5.796729e+01 4.250000e+01 6.653647e+01
    endloop
  endfacet
  facet normal 0.000000e+00 -1.000000e+00 0.000000e+00
    outer loop
      vertex   6.294658e+01 4.250000e+01 7.071459e+01
      vertex   5.796729e+01 4.250000e+01 6.653647e+01
      vertex   5.873615e+01 4.250000e+01 6.573330e+01
    endloop
  endfacet
  facet normal 0.000000e+00 -1.000000e+00 -0.000000e+00
    outer loop
      vertex   6.250905e+01 4.250000e+01 7.165286e+01
      vertex   5.637207e+01 4.250000e+01 6.944416e+01
      vertex   6.266605e+01 4.250000e+01 7.115492e+01
    endloop
  endfacet
  facet normal 0.000000e+00 -1.000000e+00 0.000000e+00
    outer loop
      vertex   6.266605e+01 4.250000e+01 7.115492e+01
      vertex   5.637207e+01 4.250000e+01 6.944416e+01
      vertex   5.677505e+01 4.250000e+01 6.840791e+01
    endloop
  endfacet
  facet normal 0.000000e+00 -1.000000e+00 0.000000e+00
    outer loop
      vertex   6.266605e+01 4.250000e+01 7.115492e+01
      vertex   5.677505e+01 4.250000e+01 6.840791e+01
      vertex   5.730984e+01 4.250000e+01 6.743311e+01
    endloop
  endfacet
  facet normal 0.000000e+00 -1.000000e+00 -0.000000e+00
    outer loop
      vertex   6.248628e+01 4.250000e+01 7.217447e+01
      vertex   5.598676e+01 4.250000e+01 7.162940e+01
      vertex   6.250905e+01 4.250000e+01 7.165286e+01
    endloop
  endfacet
  facet normal 0.000000e+00 -1.000000e+00 0.000000e+00
    outer loop
      vertex   6.250905e+01 4.250000e+01 7.165286e+01
      vertex   5.598676e+01 4.250000e+01 7.162940e+01
      vertex   5.610780e+01 4.250000e+01 7.052415e+01
    endloop
  endfacet
  facet normal 0.000000e+00 -1.000000e+00 0.000000e+00
    outer loop
      vertex   6.250905e+01 4.250000e+01 7.165286e+01
      vertex   5.610780e+01 4.250000e+01 7.052415e+01
      vertex   5.637207e+01 4.250000e+01 6.944416e+01
    endloop
  endfacet
  facet normal -0.000000e+00 -1.000000e+00 0.000000e+00
    outer loop
      vertex   6.259928e+01 4.250000e+01 7.268420e+01
      vertex   5.618015e+01 4.250000e+01 7.383990e+01
      vertex   6.248628e+01 4.250000e+01 7.217447e+01
    endloop
  endfacet
  facet normal 0.000000e+00 -1.000000e+00 0.000000e+00
    outer loop
      vertex   6.248628e+01 4.250000e+01 7.217447e+01
      vertex   5.618015e+01 4.250000e+01 7.383990e+01
      vertex   5.601101e+01 4.250000e+01 7.274098e+01
    endloop
  endfacet
  facet normal -0.000000e+00 -1.000000e+00 0.000000e+00
    outer loop
      vertex   6.248628e+01 4.250000e+01 7.217447e+01
      vertex   5.601101e+01 4.250000e+01 7.274098e+01
      vertex   5.598676e+01 4.250000e+01 7.162940e+01
    endloop
  endfacet
  facet normal -0.000000e+00 -1.000000e+00 0.000000e+00
    outer loop
      vertex   6.284036e+01 4.250000e+01 7.314731e+01
      vertex   5.693907e+01 4.250000e+01 7.592502e+01
      vertex   6.259928e+01 4.250000e+01 7.268420e+01
    endloop
  endfacet
  facet normal 0.000000e+00 -1.000000e+00 0.000000e+00
    outer loop
      vertex   6.259928e+01 4.250000e+01 7.268420e+01
      vertex   5.693907e+01 4.250000e+01 7.592502e+01
      vertex   5.649128e+01 4.250000e+01 7.490733e+01
    endloop
  endfacet
  facet normal 0.000000e+00 -1.000000e+00 0.000000e+00
    outer loop
      vertex   6.259928e+01 4.250000e+01 7.268420e+01
      vertex   5.649128e+01 4.250000e+01 7.490733e+01
      vertex   5.618015e+01 4.250000e+01 7.383990e+01
    endloop
  endfacet
  facet normal -7.798845e-01 0.000000e+00 6.259235e-01
    outer loop
      vertex   5.821181e+01 4.250000e+01 7.774268e+01
      vertex   5.821181e+01 5.750000e+01 7.774268e+01
      vertex   5.751587e+01 4.250000e+01 7.687556e+01
    endloop
  endfacet
  facet normal -7.798845e-01 -9.624213e-16 6.259235e-01
    outer loop
      vertex   5.751587e+01 4.250000e+01 7.687556e+01
      vertex   5.821181e+01 5.750000e+01 7.774268e+01
      vertex   5.751587e+01 5.750000e+01 7.687556e+01
    endloop
  endfacet
  facet normal -8.549119e-01 -8.964484e-16 5.187733e-01
    outer loop
      vertex   5.751587e+01 4.250000e+01 7.687556e+01
      vertex   5.751587e+01 5.750000e+01 7.687556e+01
      vertex   5.693907e+01 4.250000e+01 7.592502e+01
    endloop
  endfacet
  facet normal -8.549119e-01 0.000000e+00 5.187733e-01
    outer loop
      vertex   5.693907e+01 4.250000e+01 7.592502e+01
      vertex   5.751587e+01 5.750000e+01 7.687556e+01
      vertex   5.693907e+01 5.750000e+01 7.592502e+01
    endloop
  endfacet
  facet normal -9.153115e-01 0.000000e+00 4.027467e-01
    outer loop
      vertex   5.693907e+01 4.250000e+01 7.592502e+01
      vertex   5.693907e+01 5.750000e+01 7.592502e+01
      vertex   5.649128e+01 4.250000e+01 7.490733e+01
    endloop
  endfacet
  facet normal -9.153115e-01 0.000000e+00 4.027467e-01
    outer loop
      vertex   5.649128e+01 4.250000e+01 7.490733e+01
      vertex   5.693907e+01 5.750000e+01 7.592502e+01
      vertex   5.649128e+01 5.750000e+01 7.490733e+01
    endloop
  endfacet
  facet normal -9.600499e-01 0.000000e+00 2.798290e-01
    outer loop
      vertex   5.649128e+01 4.250000e+01 7.490733e+01
      vertex   5.649128e+01 5.750000e+01 7.490733e+01
      vertex   5.618015e+01 4.250000e+01 7.383990e+01
    endloop
  endfacet
  facet normal -9.600499e-01 0.000000e+00 2.798290e-01
    outer loop
      vertex   5.618015e+01 4.250000e+01 7.383990e+01
      vertex   5.649128e+01 5.750000e+01 7.490733e+01
      vertex   5.618015e+01 5.750000e+01 7.383990e+01
    endloop
  endfacet
  facet normal -9.883615e-01 0.000000e+00 1.521234e-01
    outer loop
      vertex   5.618015e+01 4.250000e+01 7.383990e+01
      vertex   5.618015e+01 5.750000e+01 7.383990e+01
      vertex   5.601101e+01 4.250000e+01 7.274098e+01
    endloop
  endfacet
  facet normal -9.883615e-01 0.000000e+00 1.521234e-01
    outer loop
      vertex   5.601101e+01 4.250000e+01 7.274098e+01
      vertex   5.618015e+01 5.750000e+01 7.383990e+01
      vertex   5.601101e+01 5.750000e+01 7.274098e+01
    endloop
  endfacet
  facet normal -9.997620e-01 0.000000e+00 2.181489e-02
    outer loop
      vertex   5.601101e+01 4.250000e+01 7.274098e+01
      vertex   5.601101e+01 5.750000e+01 7.274098e+01
      vertex   5.598676e+01 4.250000e+01 7.162940e+01
    endloop
  endfacet
  facet normal -9.997620e-01 -4.529152e-16 2.181489e-02
    outer loop
      vertex   5.598676e+01 4.250000e+01 7.162940e+01
      vertex   5.601101e+01 5.750000e+01 7.274098e+01
      vertex   5.598676e+01 5.750000e+01 7.162940e+01
    endloop
  endfacet
  facet normal -9.940563e-01 -5.740191e-16 -1.088669e-01
    outer loop
      vertex   5.598676e+01 4.250000e+01 7.162940e+01
      vertex   5.598676e+01 5.750000e+01 7.162940e+01
      vertex   5.610780e+01 4.250000e+01 7.052415e+01
    endloop
  endfacet
  facet normal -9.940563e-01 0.000000e+00 -1.088669e-01
    outer loop
      vertex   5.610780e+01 4.250000e+01 7.052415e+01
      vertex   5.598676e+01 5.750000e+01 7.162940e+01
      vertex   5.610780e+01 5.750000e+01 7.052415e+01
    endloop
  endfacet
  facet normal -9.713421e-01 0.000000e+00 -2.376859e-01
    outer loop
      vertex   5.610780e+01 4.250000e+01 7.052415e+01
      vertex   5.610780e+01 5.750000e+01 7.052415e+01
      vertex   5.637207e+01 4.250000e+01 6.944416e+01
    endloop
  endfacet
  facet normal -9.713421e-01 0.000000e+00 -2.376859e-01
    outer loop
      vertex   5.637207e+01 4.250000e+01 6.944416e+01
      vertex   5.610780e+01 5.750000e+01 7.052415e+01
      vertex   5.637207e+01 5.750000e+01 6.944416e+01
    endloop
  endfacet
  facet normal -9.320079e-01 0.000000e+00 -3.624380e-01
    outer loop
      vertex   5.637207e+01 4.250000e+01 6.944416e+01
      vertex   5.637207e+01 5.750000e+01 6.944416e+01
      vertex   5.677505e+01 4.250000e+01 6.840791e+01
    endloop
  endfacet
  facet normal -9.320079e-01 0.000000e+00 -3.624380e-01
    outer loop
      vertex   5.677505e+01 4.250000e+01 6.840791e+01
      vertex   5.637207e+01 5.750000e+01 6.944416e+01
      vertex   5.677505e+01 5.750000e+01 6.840791e+01
    endloop
  endfacet
  facet normal -8.767268e-01 0.000000e+00 -4.809888e-01
    outer loop
      vertex   5.677505e+01 4.250000e+01 6.840791e+01
      vertex   5.677505e+01 5.750000e+01 6.840791e+01
      vertex   5.730984e+01 4.250000e+01 6.743311e+01
    endloop
  endfacet
  facet normal -8.767268e-01 0.000000e+00 -4.809888e-01
    outer loop
      vertex   5.730984e+01 4.250000e+01 6.743311e+01
      vertex   5.677505e+01 5.750000e+01 6.840791e+01
      vertex   5.730984e+01 5.750000e+01 6.743311e+01
    endloop
  endfacet
  facet normal -8.064446e-01 0.000000e+00 -5.913096e-01
    outer loop
      vertex   5.730984e+01 4.250000e+01 6.743311e+01
      vertex   5.730984e+01 5.750000e+01 6.743311e+01
      vertex   5.796729e+01 4.250000e+01 6.653647e+01
    endloop
  endfacet
  facet normal -8.064446e-01 -7.640178e-16 -5.913096e-01
    outer loop
      vertex   5.796729e+01 4.250000e+01 6.653647e+01
      vertex   5.730984e+01 5.750000e+01 6.743311e+01
      vertex   5.796729e+01 5.750000e+01 6.653647e+01
    endloop
  endfacet
  facet normal -7.223640e-01 -6.843606e-16 -6.915131e-01
    outer loop
      vertex   5.796729e+01 4.250000e+01 6.653647e+01
      vertex   5.796729e+01 5.750000e+01 6.653647e+01
      vertex   5.873615e+01 4.250000e+01 6.573330e+01
    endloop
  endfacet
  facet normal -7.223640e-01 -6.551328e-16 -6.915131e-01
    outer loop
      vertex   5.873615e+01 4.250000e+01 6.573330e+01
      vertex   5.796729e+01 5.750000e+01 6.653647e+01
      vertex   5.873615e+01 5.750000e+01 6.573330e+01
    endloop
  endfacet
  facet normal -6.259235e-01 -7.388550e-16 -7.798845e-01
    outer loop
      vertex   5.873615e+01 4.250000e+01 6.573330e+01
      vertex   5.873615e+01 5.750000e+01 6.573330e+01
      vertex   5.960327e+01 4.250000e+01 6.503737e+01
    endloop
  endfacet
  facet normal -6.259235e-01 0.000000e+00 -7.798845e-01
    outer loop
      vertex   5.960327e+01 4.250000e+01 6.503737e+01
      vertex   5.873615e+01 5.750000e+01 6.573330e+01
      vertex   5.960327e+01 5.750000e+01 6.503737e+01
    endloop
  endfacet
  facet normal -5.187733e-01 0.000000e+00 -8.549119e-01
    outer loop
      vertex   5.960327e+01 4.250000e+01 6.503737e+01
      vertex   5.960327e+01 5.750000e+01 6.503737e+01
      vertex   6.055380e+01 4.250000e+01 6.446057e+01
    endloop
  endfacet
  facet normal -5.187733e-01 0.000000e+00 -8.549119e-01
    outer loop
      vertex   6.055380e+01 4.250000e+01 6.446057e+01
      vertex   5.960327e+01 5.750000e+01 6.503737e+01
      vertex   6.055380e+01 5.750000e+01 6.446057e+01
    endloop
  endfacet
  facet normal -4.027467e-01 0.000000e+00 -9.153115e-01
    outer loop
      vertex   6.055380e+01 4.250000e+01 6.446057e+01
      vertex   6.055380e+01 5.750000e+01 6.446057e+01
      vertex   6.157149e+01 4.250000e+01 6.401277e+01
    endloop
  endfacet
  facet normal -4.027467e-01 -1.907792e-16 -9.153115e-01
    outer loop
      vertex   6.157149e+01 4.250000e+01 6.401277e+01
      vertex   6.055380e+01 5.750000e+01 6.446057e+01
      vertex   6.157149e+01 5.750000e+01 6.401277e+01
    endloop
  endfacet
  facet normal -2.798290e-01 -1.325536e-16 -9.600499e-01
    outer loop
      vertex   6.157149e+01 4.250000e+01 6.401277e+01
      vertex   6.157149e+01 5.750000e+01 6.401277e+01
      vertex   6.263893e+01 4.250000e+01 6.370164e+01
    endloop
  endfacet
  facet normal -2.798290e-01 0.000000e+00 -9.600499e-01
    outer loop
      vertex   6.263893e+01 4.250000e+01 6.370164e+01
      vertex   6.157149e+01 5.750000e+01 6.401277e+01
      vertex   6.263893e+01 5.750000e+01 6.370164e+01
    endloop
  endfacet
  facet normal -1.521234e-01 0.000000e+00 -9.883615e-01
    outer loop
      vertex   6.263893e+01 4.250000e+01 6.370164e+01
      vertex   6.263893e+01 5.750000e+01 6.370164e+01
      vertex   6.373784e+01 4.250000e+01 6.353251e+01
    endloop
  endfacet
  facet normal -1.521234e-01 -1.080484e-15 -9.883615e-01
    outer loop
      vertex   6.373784e+01 4.250000e+01 6.353251e+01
      vertex   6.263893e+01 5.750000e+01 6.370164e+01
      vertex   6.373784e+01 5.750000e+01 6.353251e+01
    endloop
  endfacet
  facet normal -2.181489e-02 -9.678321e-16 -9.997620e-01
    outer loop
      vertex   6.373784e+01 4.250000e+01 6.353251e+01
      vertex   6.373784e+01 5.750000e+01 6.353251e+01
      vertex   6.484943e+01 4.250000e+01 6.350825e+01
    endloop
  endfacet
  facet normal -2.181489e-02 2.066721e-17 -9.997620e-01
    outer loop
      vertex   6.484943e+01 4.250000e+01 6.350825e+01
      vertex   6.373784e+01 5.750000e+01 6.353251e+01
      vertex   6.484943e+01 5.750000e+01 6.350825e+01
    endloop
  endfacet
  facet normal 1.088669e-01 -1.031394e-16 -9.940563e-01
    outer loop
      vertex   6.484943e+01 4.250000e+01 6.350825e+01
      vertex   6.484943e+01 5.750000e+01 6.350825e+01
      vertex   6.595467e+01 4.250000e+01 6.362929e+01
    endloop
  endfacet
  facet normal 1.088669e-01 -9.417593e-16 -9.940563e-01
    outer loop
      vertex   6.595467e+01 4.250000e+01 6.362929e+01
      vertex   6.484943e+01 5.750000e+01 6.350825e+01
      vertex   6.595467e+01 5.750000e+01 6.362929e+01
    endloop
  endfacet
  facet normal 2.376859e-01 -9.202401e-16 -9.713421e-01
    outer loop
      vertex   6.595467e+01 4.250000e+01 6.362929e+01
      vertex   6.595467e+01 5.750000e+01 6.362929e+01
      vertex   6.703466e+01 4.250000e+01 6.389357e+01
    endloop
  endfacet
  facet normal 2.376859e-01 -2.251813e-16 -9.713421e-01
    outer loop
      vertex   6.703466e+01 4.250000e+01 6.389357e+01
      vertex   6.595467e+01 5.750000e+01 6.362929e+01
      vertex   6.703466e+01 5.750000e+01 6.389357e+01
    endloop
  endfacet
  facet normal 3.624380e-01 -3.433703e-16 -9.320079e-01
    outer loop
      vertex   6.703466e+01 4.250000e+01 6.389357e+01
      vertex   6.703466e+01 5.750000e+01 6.389357e+01
      vertex   6.807092e+01 4.250000e+01 6.429654e+01
    endloop
  endfacet
  facet normal 3.624380e-01 -1.226346e-15 -9.320079e-01
    outer loop
      vertex   6.807092e+01 4.250000e+01 6.429654e+01
      vertex   6.703466e+01 5.750000e+01 6.389357e+01
      vertex   6.807092e+01 5.750000e+01 6.429654e+01
    endloop
  endfacet
  facet normal 4.809888e-01 -1.286287e-15 -8.767268e-01
    outer loop
      vertex   6.807092e+01 4.250000e+01 6.429654e+01
      vertex   6.807092e+01 5.750000e+01 6.429654e+01
      vertex   6.904571e+01 4.250000e+01 6.483133e+01
    endloop
  endfacet
  facet normal 4.809888e-01 0.000000e+00 -8.767268e-01
    outer loop
      vertex   6.904571e+01 4.250000e+01 6.483133e+01
      vertex   6.807092e+01 5.750000e+01 6.429654e+01
      vertex   6.904571e+01 5.750000e+01 6.483133e+01
    endloop
  endfacet
  facet normal 5.913096e-01 0.000000e+00 -8.064446e-01
    outer loop
      vertex   6.904571e+01 4.250000e+01 6.483133e+01
      vertex   6.904571e+01 5.750000e+01 6.483133e+01
      vertex   6.994236e+01 4.250000e+01 6.548878e+01
    endloop
  endfacet
  facet normal 5.913096e-01 0.000000e+00 -8.064446e-01
    outer loop
      vertex   6.994236e+01 4.250000e+01 6.548878e+01
      vertex   6.904571e+01 5.750000e+01 6.483133e+01
      vertex   6.994236e+01 5.750000e+01 6.548878e+01
    endloop
  endfacet
  facet normal 6.915131e-01 0.000000e+00 -7.223640e-01
    outer loop
      vertex   6.994236e+01 4.250000e+01 6.548878e+01
      vertex   6.994236e+01 5.750000e+01 6.548878e+01
      vertex   7.074552e+01 4.250000e+01 6.625764e+01
    endloop
  endfacet
  facet normal 6.915131e-01 0.000000e+00 -7.223640e-01
    outer loop
      vertex   7.074552e+01 4.250000e+01 6.625764e+01
      vertex   6.994236e+01 5.750000e+01 6.548878e+01
      vertex   7.074552e+01 5.750000e+01 6.625764e+01
    endloop
  endfacet
  facet normal 7.798845e-01 0.000000e+00 -6.259235e-01
    outer loop
      vertex   7.074552e+01 4.250000e+01 6.625764e+01
      vertex   7.074552e+01 5.750000e+01 6.625764e+01
      vertex   7.144146e+01 4.250000e+01 6.712476e+01
    endloop
  endfacet
  facet normal 7.798845e-01 0.000000e+00 -6.259235e-01
    outer loop
      vertex   7.144146e+01 4.250000e+01 6.712476e+01
      vertex   7.074552e+01 5.750000e+01 6.625764e+01
      vertex   7.144146e+01 5.750000e+01 6.712476e+01
    endloop
  endfacet
  facet normal 8.549119e-01 0.000000e+00 -5.187733e-01
    outer loop
      vertex   7.144146e+01 4.250000e+01 6.712476e+01
      vertex   7.144146e+01 5.750000e+01 6.712476e+01
      vertex   7.201826e+01 4.250000e+01 6.807530e+01
    endloop
  endfacet
  facet normal 8.549119e-01 0.000000e+00 -5.187733e-01
    outer loop
      vertex   7.201826e+01 4.250000e+01 6.807530e+01
      vertex   7.144146e+01 5.750000e+01 6.712476e+01
      vertex   7.201826e+01 5.750000e+01 6.807530e+01
    endloop
  endfacet
  facet normal 9.153115e-01 0.000000e+00 -4.027467e-01
    outer loop
      vertex   7.201826e+01 4.250000e+01 6.807530e+01
      vertex   7.201826e+01 5.750000e+01 6.807530e+01
      vertex   7.246605e+01 4.250000e+01 6.909299e+01
    endloop
  endfacet
  facet normal 9.153115e-01 -8.671572e-16 -4.027467e-01
    outer loop
      vertex   7.246605e+01 4.250000e+01 6.909299e+01
      vertex   7.201826e+01 5.750000e+01 6.807530e+01
      vertex   7.246605e+01 5.750000e+01 6.909299e+01
    endloop
  endfacet
  facet normal 9.600499e-01 -9.095419e-16 -2.798290e-01
    outer loop
      vertex   7.246605e+01 4.250000e+01 6.909299e+01
      vertex   7.246605e+01 5.750000e+01 6.909299e+01
      vertex   7.277718e+01 4.250000e+01 7.016042e+01
    endloop
  endfacet
  facet normal 9.600499e-01 0.000000e+00 -2.798290e-01
    outer loop
      vertex   7.277718e+01 4.250000e+01 7.016042e+01
      vertex   7.246605e+01 5.750000e+01 6.909299e+01
      vertex   7.277718e+01 5.750000e+01 7.016042e+01
    endloop
  endfacet
  facet normal 9.883615e-01 0.000000e+00 -1.521234e-01
    outer loop
      vertex   7.277718e+01 4.250000e+01 7.016042e+01
      vertex   7.277718e+01 5.750000e+01 7.016042e+01
      vertex   7.294632e+01 4.250000e+01 7.125934e+01
    endloop
  endfacet
  facet normal 9.883615e-01 0.000000e+00 -1.521234e-01
    outer loop
      vertex   7.294632e+01 4.250000e+01 7.125934e+01
      vertex   7.277718e+01 5.750000e+01 7.016042e+01
      vertex   7.294632e+01 5.750000e+01 7.125934e+01
    endloop
  endfacet
  facet normal 9.997620e-01 0.000000e+00 -2.181489e-02
    outer loop
      vertex   7.294632e+01 4.250000e+01 7.125934e+01
      vertex   7.294632e+01 5.750000e+01 7.125934e+01
      vertex   7.297058e+01 4.250000e+01 7.237093e+01
    endloop
  endfacet
  facet normal 9.997620e-01 2.066721e-17 -2.181489e-02
    outer loop
      vertex   7.297058e+01 4.250000e+01 7.237093e+01
      vertex   7.294632e+01 5.750000e+01 7.125934e+01
      vertex   7.297058e+01 5.750000e+01 7.237093e+01
    endloop
  endfacet
  facet normal 9.940563e-01 -1.031394e-16 1.088669e-01
    outer loop
      vertex   7.297058e+01 4.250000e+01 7.237093e+01
      vertex   7.297058e+01 5.750000e+01 7.237093e+01
      vertex   7.284953e+01 4.250000e+01 7.347617e+01
    endloop
  endfacet
  facet normal 9.940563e-01 -0.000000e+00 1.088669e-01
    outer loop
      vertex   7.284953e+01 4.250000e+01 7.347617e+01
      vertex   7.297058e+01 5.750000e+01 7.237093e+01
      vertex   7.284953e+01 5.750000e+01 7.347617e+01
    endloop
  endfacet
  facet normal 9.713421e-01 -0.000000e+00 2.376859e-01
    outer loop
      vertex   7.284953e+01 4.250000e+01 7.347617e+01
      vertex   7.284953e+01 5.750000e+01 7.347617e+01
      vertex   7.258526e+01 4.250000e+01 7.455616e+01
    endloop
  endfacet
  facet normal 9.713421e-01 -2.251813e-16 2.376859e-01
    outer loop
      vertex   7.258526e+01 4.250000e+01 7.455616e+01
      vertex   7.284953e+01 5.750000e+01 7.347617e+01
      vertex   7.258526e+01 5.750000e+01 7.455616e+01
    endloop
  endfacet
  facet normal 9.320079e-01 -3.433703e-16 3.624380e-01
    outer loop
      vertex   7.258526e+01 4.250000e+01 7.455616e+01
      vertex   7.258526e+01 5.750000e+01 7.455616e+01
      vertex   7.218228e+01 4.250000e+01 7.559242e+01
    endloop
  endfacet
  facet normal 9.320079e-01 -8.829752e-16 3.624380e-01
    outer loop
      vertex   7.218228e+01 4.250000e+01 7.559242e+01
      vertex   7.258526e+01 5.750000e+01 7.455616e+01
      vertex   7.218228e+01 5.750000e+01 7.559242e+01
    endloop
  endfacet
  facet normal 8.767268e-01 -8.306024e-16 4.809888e-01
    outer loop
      vertex   7.218228e+01 4.250000e+01 7.559242e+01
      vertex   7.218228e+01 5.750000e+01 7.559242e+01
      vertex   7.164749e+01 4.250000e+01 7.656721e+01
    endloop
  endfacet
  facet normal 8.767268e-01 -0.000000e+00 4.809888e-01
    outer loop
      vertex   7.164749e+01 4.250000e+01 7.656721e+01
      vertex   7.218228e+01 5.750000e+01 7.559242e+01
      vertex   7.164749e+01 5.750000e+01 7.656721e+01
    endloop
  endfacet
  facet normal 8.064446e-01 -0.000000e+00 5.913096e-01
    outer loop
      vertex   7.164749e+01 4.250000e+01 7.656721e+01
      vertex   7.164749e+01 5.750000e+01 7.656721e+01
      vertex   7.099004e+01 4.250000e+01 7.746386e+01
    endloop
  endfacet
  facet normal 8.064446e-01 -0.000000e+00 5.913096e-01
    outer loop
      vertex   7.099004e+01 4.250000e+01 7.746386e+01
      vertex   7.164749e+01 5.750000e+01 7.656721e+01
      vertex   7.099004e+01 5.750000e+01 7.746386e+01
    endloop
  endfacet
  facet normal 7.223640e-01 -0.000000e+00 6.915131e-01
    outer loop
      vertex   7.099004e+01 4.250000e+01 7.746386e+01
      vertex   7.099004e+01 5.750000e+01 7.746386e+01
      vertex   7.022118e+01 4.250000e+01 7.826702e+01
    endloop
  endfacet
  facet normal 7.223640e-01 -6.551328e-16 6.915131e-01
    outer loop
      vertex   7.022118e+01 4.250000e+01 7.826702e+01
      vertex   7.099004e+01 5.750000e+01 7.746386e+01
      vertex   7.022118e+01 5.750000e+01 7.826702e+01
    endloop
  endfacet
  facet normal 6.259235e-01 -7.388550e-16 7.798845e-01
    outer loop
      vertex   7.022118e+01 4.250000e+01 7.826702e+01
      vertex   7.022118e+01 5.750000e+01 7.826702e+01
      vertex   6.935406e+01 4.250000e+01 7.896295e+01
    endloop
  endfacet
  facet normal 6.259235e-01 -0.000000e+00 7.798845e-01
    outer loop
      vertex   6.935406e+01 4.250000e+01 7.896295e+01
      vertex   7.022118e+01 5.750000e+01 7.826702e+01
      vertex   6.935406e+01 5.750000e+01 7.896295e+01
    endloop
  endfacet
  facet normal 5.187733e-01 -0.000000e+00 8.549119e-01
    outer loop
      vertex   6.935406e+01 4.250000e+01 7.896295e+01
      vertex   6.935406e+01 5.750000e+01 7.896295e+01
      vertex   6.840353e+01 4.250000e+01 7.953975e+01
    endloop
  endfacet
  facet normal 5.187733e-01 -0.000000e+00 8.549119e-01
    outer loop
      vertex   6.840353e+01 4.250000e+01 7.953975e+01
      vertex   6.935406e+01 5.750000e+01 7.896295e+01
      vertex   6.840353e+01 5.750000e+01 7.953975e+01
    endloop
  endfacet
  facet normal 4.027467e-01 -0.000000e+00 9.153115e-01
    outer loop
      vertex   6.840353e+01 4.250000e+01 7.953975e+01
      vertex   6.840353e+01 5.750000e+01 7.953975e+01
      vertex   6.738584e+01 4.250000e+01 7.998755e+01
    endloop
  endfacet
  facet normal 4.027467e-01 -8.671572e-16 9.153115e-01
    outer loop
      vertex   6.738584e+01 4.250000e+01 7.998755e+01
      vertex   6.840353e+01 5.750000e+01 7.953975e+01
      vertex   6.738584e+01 5.750000e+01 7.998755e+01
    endloop
  endfacet
  facet normal 2.798290e-01 -9.095419e-16 9.600499e-01
    outer loop
      vertex   6.738584e+01 4.250000e+01 7.998755e+01
      vertex   6.738584e+01 5.750000e+01 7.998755e+01
      vertex   6.631840e+01 4.250000e+01 8.029868e+01
    endloop
  endfacet
  facet normal 2.798290e-01 -0.000000e+00 9.600499e-01
    outer loop
      vertex   6.631840e+01 4.250000e+01 8.029868e+01
      vertex   6.738584e+01 5.750000e+01 7.998755e+01
      vertex   6.631840e+01 5.750000e+01 8.029868e+01
    endloop
  endfacet
  facet normal 1.521234e-01 -0.000000e+00 9.883615e-01
    outer loop
      vertex   6.631840e+01 4.250000e+01 8.029868e+01
      vertex   6.631840e+01 5.750000e+01 8.029868e+01
      vertex   6.521949e+01 4.250000e+01 8.046782e+01
    endloop
  endfacet
  facet normal 1.521234e-01 -1.441202e-16 9.883615e-01
    outer loop
      vertex   6.521949e+01 4.250000e+01 8.046782e+01
      vertex   6.631840e+01 5.750000e+01 8.029868e+01
      vertex   6.521949e+01 5.750000e+01 8.046782e+01
    endloop
  endfacet
  facet normal 2.181489e-02 -2.066721e-17 9.997620e-01
    outer loop
      vertex   6.521949e+01 4.250000e+01 8.046782e+01
      vertex   6.521949e+01 5.750000e+01 8.046782e+01
      vertex   6.410790e+01 4.250000e+01 8.049207e+01
    endloop
  endfacet
  facet normal 2.181489e-02 -0.000000e+00 9.997620e-01
    outer loop
      vertex   6.410790e+01 4.250000e+01 8.049207e+01
      vertex   6.521949e+01 5.750000e+01 8.046782e+01
      vertex   6.410790e+01 5.750000e+01 8.049207e+01
    endloop
  endfacet
  facet normal -1.088669e-01 0.000000e+00 9.940563e-01
    outer loop
      vertex   6.410790e+01 4.250000e+01 8.049207e+01
      vertex   6.410790e+01 5.750000e+01 8.049207e+01
      vertex   6.300266e+01 4.250000e+01 8.037103e+01
    endloop
  endfacet
  facet normal -1.088669e-01 0.000000e+00 9.940563e-01
    outer loop
      vertex   6.300266e+01 4.250000e+01 8.037103e+01
      vertex   6.410790e+01 5.750000e+01 8.049207e+01
      vertex   6.300266e+01 5.750000e+01 8.037103e+01
    endloop
  endfacet
  facet normal -2.376859e-01 0.000000e+00 9.713421e-01
    outer loop
      vertex   6.300266e+01 4.250000e+01 8.037103e+01
      vertex   6.300266e+01 5.750000e+01 8.037103e+01
      vertex   6.192267e+01 4.250000e+01 8.010675e+01
    endloop
  endfacet
  facet normal -2.376859e-01 1.125907e-16 9.713421e-01
    outer loop
      vertex   6.192267e+01 4.250000e+01 8.010675e+01
      vertex   6.300266e+01 5.750000e+01 8.037103e+01
      vertex   6.192267e+01 5.750000e+01 8.010675e+01
    endloop
  endfacet
  facet normal -3.624380e-01 1.716851e-16 9.320079e-01
    outer loop
      vertex   6.192267e+01 4.250000e+01 8.010675e+01
      vertex   6.192267e+01 5.750000e+01 8.010675e+01
      vertex   6.088641e+01 4.250000e+01 7.970378e+01
    endloop
  endfacet
  facet normal -3.624380e-01 -1.054660e-15 9.320079e-01
    outer loop
      vertex   6.088641e+01 4.250000e+01 7.970378e+01
      vertex   6.192267e+01 5.750000e+01 8.010675e+01
      vertex   6.088641e+01 5.750000e+01 7.970378e+01
    endloop
  endfacet
  facet normal -4.809888e-01 -1.058444e-15 8.767268e-01
    outer loop
      vertex   6.088641e+01 4.250000e+01 7.970378e+01
      vertex   6.088641e+01 5.750000e+01 7.970378e+01
      vertex   5.991162e+01 4.250000e+01 7.916899e+01
    endloop
  endfacet
  facet normal -4.809888e-01 0.000000e+00 8.767268e-01
    outer loop
      vertex   5.991162e+01 4.250000e+01 7.916899e+01
      vertex   6.088641e+01 5.750000e+01 7.970378e+01
      vertex   5.991162e+01 5.750000e+01 7.916899e+01
    endloop
  endfacet
  facet normal -5.913096e-01 0.000000e+00 8.064446e-01
    outer loop
      vertex   5.991162e+01 4.250000e+01 7.916899e+01
      vertex   5.991162e+01 5.750000e+01 7.916899e+01
      vertex   5.901497e+01 4.250000e+01 7.851154e+01
    endloop
  endfacet
  facet normal -5.913096e-01 0.000000e+00 8.064446e-01
    outer loop
      vertex   5.901497e+01 4.250000e+01 7.851154e+01
      vertex   5.991162e+01 5.750000e+01 7.916899e+01
      vertex   5.901497e+01 5.750000e+01 7.851154e+01
    endloop
  endfacet
  facet normal -6.915131e-01 0.000000e+00 7.223640e-01
    outer loop
      vertex   5.901497e+01 4.250000e+01 7.851154e+01
      vertex   5.901497e+01 5.750000e+01 7.851154e+01
      vertex   5.821181e+01 4.250000e+01 7.774268e+01
    endloop
  endfacet
  facet normal -6.915131e-01 0.000000e+00 7.223640e-01
    outer loop
      vertex   5.821181e+01 4.250000e+01 7.774268e+01
      vertex   5.901497e+01 5.750000e+01 7.851154e+01
      vertex   5.821181e+01 5.750000e+01 7.774268e+01
    endloop
  endfacet
  facet normal -7.407716e-01 4.991965e-01 4.495112e-01
    outer loop
      vertex   5.693907e+01 5.750000e+01 7.592502e+01
      vertex   5.751587e+01 5.750000e+01 7.687556e+01
      vertex   5.813024e+01 5.879904e+01 7.644538e+01
    endloop
  endfacet
  facet normal -6.757612e-01 4.991965e-01 5.423557e-01
    outer loop
      vertex   5.813024e+01 5.879904e+01 7.644538e+01
      vertex   5.751587e+01 5.750000e+01 7.687556e+01
      vertex   5.821181e+01 5.750000e+01 7.774268e+01
    endloop
  endfacet
  facet normal -6.735365e-01 5.007073e-01 5.437286e-01
    outer loop
      vertex   5.813024e+01 5.879904e+01 7.644538e+01
      vertex   5.821181e+01 5.750000e+01 7.774268e+01
      vertex   5.879466e+01 5.879904e+01 7.726842e+01
    endloop
  endfacet
  facet normal -5.997386e-01 4.978126e-01 6.264952e-01
    outer loop
      vertex   5.879466e+01 5.879904e+01 7.726842e+01
      vertex   5.821181e+01 5.750000e+01 7.774268e+01
      vertex   5.901497e+01 5.750000e+01 7.851154e+01
    endloop
  endfacet
  facet normal -5.926533e-01 5.021477e-01 6.297696e-01
    outer loop
      vertex   5.879466e+01 5.879904e+01 7.726842e+01
      vertex   5.901497e+01 5.750000e+01 7.851154e+01
      vertex   5.956496e+01 5.879904e+01 7.799332e+01
    endloop
  endfacet
  facet normal -5.132612e-01 4.965511e-01 7.000000e-01
    outer loop
      vertex   5.956496e+01 5.879904e+01 7.799332e+01
      vertex   5.901497e+01 5.750000e+01 7.851154e+01
      vertex   5.991162e+01 5.750000e+01 7.916899e+01
    endloop
  endfacet
  facet normal -5.009413e-01 5.034475e-01 7.039875e-01
    outer loop
      vertex   5.956496e+01 5.879904e+01 7.799332e+01
      vertex   5.991162e+01 5.750000e+01 7.916899e+01
      vertex   6.042679e+01 5.879904e+01 7.860659e+01
    endloop
  endfacet
  facet normal -4.178146e-01 4.954129e-01 7.615754e-01
    outer loop
      vertex   6.042679e+01 5.879904e+01 7.860659e+01
      vertex   5.991162e+01 5.750000e+01 7.916899e+01
      vertex   6.088641e+01 5.750000e+01 7.970378e+01
    endloop
  endfacet
  facet normal -4.001022e-01 5.046077e-01 7.650420e-01
    outer loop
      vertex   6.042679e+01 5.879904e+01 7.860659e+01
      vertex   6.088641e+01 5.750000e+01 7.970378e+01
      vertex   6.136411e+01 5.879904e+01 7.909678e+01
    endloop
  endfacet
  facet normal -3.150439e-01 4.943989e-01 8.101340e-01
    outer loop
      vertex   6.136411e+01 5.879904e+01 7.909678e+01
      vertex   6.088641e+01 5.750000e+01 7.970378e+01
      vertex   6.192267e+01 5.750000e+01 8.010675e+01
    endloop
  endfacet
  facet normal -2.920000e-01 5.056293e-01 8.118344e-01
    outer loop
      vertex   6.136411e+01 5.879904e+01 7.909678e+01
      vertex   6.192267e+01 5.750000e+01 8.010675e+01
      vertex   6.235944e+01 5.879904e+01 7.945478e+01
    endloop
  endfacet
  facet normal -2.067250e-01 4.935100e-01 8.448152e-01
    outer loop
      vertex   6.235944e+01 5.879904e+01 7.945478e+01
      vertex   6.192267e+01 5.750000e+01 8.010675e+01
      vertex   6.300266e+01 5.750000e+01 8.037103e+01
    endloop
  endfacet
  facet normal -1.786281e-01 5.065129e-01 8.435263e-01
    outer loop
      vertex   6.235944e+01 5.879904e+01 7.945478e+01
      vertex   6.300266e+01 5.750000e+01 8.037103e+01
      vertex   6.339425e+01 5.879904e+01 7.967392e+01
    endloop
  endfacet
  facet normal -9.473299e-02 4.927467e-01 8.650008e-01
    outer loop
      vertex   6.339425e+01 5.879904e+01 7.967392e+01
      vertex   6.300266e+01 5.750000e+01 8.037103e+01
      vertex   6.410790e+01 5.750000e+01 8.049207e+01
    endloop
  endfacet
  facet normal -6.207262e-02 5.072595e-01 8.595550e-01
    outer loop
      vertex   6.339425e+01 5.879904e+01 7.967392e+01
      vertex   6.410790e+01 5.750000e+01 8.049207e+01
      vertex   6.444926e+01 5.879904e+01 7.975010e+01
    endloop
  endfacet
  facet normal 1.899058e-02 4.921098e-01 8.703260e-01
    outer loop
      vertex   6.444926e+01 5.879904e+01 7.975010e+01
      vertex   6.410790e+01 5.750000e+01 8.049207e+01
      vertex   6.521949e+01 5.750000e+01 8.046782e+01
    endloop
  endfacet
  facet normal 5.552509e-02 5.078695e-01 8.596427e-01
    outer loop
      vertex   6.444926e+01 5.879904e+01 7.975010e+01
      vertex   6.521949e+01 5.750000e+01 8.046782e+01
      vertex   6.550482e+01 5.879904e+01 7.968193e+01
    endloop
  endfacet
  facet normal 1.324723e-01 4.915996e-01 8.606863e-01
    outer loop
      vertex   6.550482e+01 5.879904e+01 7.968193e+01
      vertex   6.521949e+01 5.750000e+01 8.046782e+01
      vertex   6.631840e+01 5.750000e+01 8.029868e+01
    endloop
  endfacet
  facet normal 1.720068e-01 5.083434e-01 8.438013e-01
    outer loop
      vertex   6.550482e+01 5.879904e+01 7.968193e+01
      vertex   6.631840e+01 5.750000e+01 8.029868e+01
      vertex   6.654126e+01 5.879904e+01 7.947065e+01
    endloop
  endfacet
  facet normal 2.437415e-01 4.912167e-01 8.362393e-01
    outer loop
      vertex   6.654126e+01 5.879904e+01 7.947065e+01
      vertex   6.631840e+01 5.750000e+01 8.029868e+01
      vertex   6.738584e+01 5.750000e+01 7.998755e+01
    endloop
  endfacet
  facet normal 2.852361e-01 5.086816e-01 8.123320e-01
    outer loop
      vertex   6.654126e+01 5.879904e+01 7.947065e+01
      vertex   6.738584e+01 5.750000e+01 7.998755e+01
      vertex   6.753928e+01 5.879904e+01 7.912021e+01
    endloop
  endfacet
  facet normal 3.508654e-01 4.909612e-01 7.974024e-01
    outer loop
      vertex   6.753928e+01 5.879904e+01 7.912021e+01
      vertex   6.738584e+01 5.750000e+01 7.998755e+01
      vertex   6.840353e+01 5.750000e+01 7.953975e+01
    endloop
  endfacet
  facet normal 3.931372e-01 5.088845e-01 7.658197e-01
    outer loop
      vertex   6.753928e+01 5.879904e+01 7.912021e+01
      vertex   6.840353e+01 5.750000e+01 7.953975e+01
      vertex   6.848029e+01 5.879904e+01 7.863714e+01
    endloop
  endfacet
  facet normal 4.519830e-01 4.908334e-01 7.448449e-01
    outer loop
      vertex   6.848029e+01 5.879904e+01 7.863714e+01
      vertex   6.840353e+01 5.750000e+01 7.953975e+01
      vertex   6.935406e+01 5.750000e+01 7.896295e+01
    endloop
  endfacet
  facet normal 4.937316e-01 5.089521e-01 7.051219e-01
    outer loop
      vertex   6.848029e+01 5.879904e+01 7.863714e+01
      vertex   6.935406e+01 5.750000e+01 7.896295e+01
      vertex   6.934675e+01 5.879904e+01 7.803044e+01
    endloop
  endfacet
  facet normal 5.453380e-01 4.908334e-01 6.794770e-01
    outer loop
      vertex   6.934675e+01 5.879904e+01 7.803044e+01
      vertex   6.935406e+01 5.750000e+01 7.896295e+01
      vertex   7.022118e+01 5.750000e+01 7.826702e+01
    endloop
  endfacet
  facet normal 5.851742e-01 5.088845e-01 6.313538e-01
    outer loop
      vertex   6.934675e+01 5.879904e+01 7.803044e+01
      vertex   7.022118e+01 5.750000e+01 7.826702e+01
      vertex   7.012253e+01 5.879904e+01 7.731140e+01
    endloop
  endfacet
  facet normal 6.293101e-01 4.909612e-01 6.024333e-01
    outer loop
      vertex   7.012253e+01 5.879904e+01 7.731140e+01
      vertex   7.022118e+01 5.750000e+01 7.826702e+01
      vertex   7.099004e+01 5.750000e+01 7.746386e+01
    endloop
  endfacet
  facet normal 6.657859e-01 5.086816e-01 5.458682e-01
    outer loop
      vertex   7.012253e+01 5.879904e+01 7.731140e+01
      vertex   7.099004e+01 5.750000e+01 7.746386e+01
      vertex   7.079318e+01 5.879904e+01 7.649342e+01
    endloop
  endfacet
  facet normal 7.024434e-01 4.912167e-01 5.150528e-01
    outer loop
      vertex   7.079318e+01 5.879904e+01 7.649342e+01
      vertex   7.099004e+01 5.750000e+01 7.746386e+01
      vertex   7.164749e+01 5.750000e+01 7.656721e+01
    endloop
  endfacet
  facet normal 7.340841e-01 5.083434e-01 4.502305e-01
    outer loop
      vertex   7.079318e+01 5.879904e+01 7.649342e+01
      vertex   7.164749e+01 5.750000e+01 7.656721e+01
      vertex   7.134620e+01 5.879904e+01 7.559175e+01
    endloop
  endfacet
  facet normal 7.634724e-01 4.915996e-01 4.188553e-01
    outer loop
      vertex   7.134620e+01 5.879904e+01 7.559175e+01
      vertex   7.164749e+01 5.750000e+01 7.656721e+01
      vertex   7.218228e+01 5.750000e+01 7.559242e+01
    endloop
  endfacet
  facet normal 7.888092e-01 5.078695e-01 3.461916e-01
    outer loop
      vertex   7.134620e+01 5.879904e+01 7.559175e+01
      vertex   7.218228e+01 5.750000e+01 7.559242e+01
      vertex   7.177129e+01 5.879904e+01 7.462317e+01
    endloop
  endfacet
  facet normal 8.113437e-01 4.921098e-01 3.155143e-01
    outer loop
      vertex   7.177129e+01 5.879904e+01 7.462317e+01
      vertex   7.218228e+01 5.750000e+01 7.559242e+01
      vertex   7.258526e+01 5.750000e+01 7.455616e+01
    endloop
  endfacet
  facet normal 8.289476e-01 5.072595e-01 2.356559e-01
    outer loop
      vertex   7.177129e+01 5.879904e+01 7.462317e+01
      vertex   7.258526e+01 5.750000e+01 7.455616e+01
      vertex   7.206053e+01 5.879904e+01 7.360572e+01
    endloop
  endfacet
  facet normal 8.452354e-01 4.927467e-01 2.068278e-01
    outer loop
      vertex   7.206053e+01 5.879904e+01 7.360572e+01
      vertex   7.258526e+01 5.750000e+01 7.455616e+01
      vertex   7.284953e+01 5.750000e+01 7.347617e+01
    endloop
  endfacet
  facet normal 8.537499e-01 5.065129e-01 1.206474e-01
    outer loop
      vertex   7.206053e+01 5.879904e+01 7.360572e+01
      vertex   7.284953e+01 5.750000e+01 7.347617e+01
      vertex   7.220854e+01 5.879904e+01 7.255837e+01
    endloop
  endfacet
  facet normal 8.645707e-01 4.935100e-01 9.468589e-02
    outer loop
      vertex   7.220854e+01 5.879904e+01 7.255837e+01
      vertex   7.284953e+01 5.750000e+01 7.347617e+01
      vertex   7.297058e+01 5.750000e+01 7.237093e+01
    endloop
  endfacet
  facet normal 8.627446e-01 5.056293e-01 3.273436e-03
    outer loop
      vertex   7.220854e+01 5.879904e+01 7.255837e+01
      vertex   7.297058e+01 5.750000e+01 7.237093e+01
      vertex   7.221255e+01 5.879904e+01 7.150062e+01
    endloop
  endfacet
  facet normal 8.690283e-01 4.943989e-01 -1.896226e-02
    outer loop
      vertex   7.221255e+01 5.879904e+01 7.150062e+01
      vertex   7.297058e+01 5.750000e+01 7.237093e+01
      vertex   7.294632e+01 5.750000e+01 7.125934e+01
    endloop
  endfacet
  facet normal 8.557473e-01 5.046077e-01 -1.143133e-01
    outer loop
      vertex   7.221255e+01 5.879904e+01 7.150062e+01
      vertex   7.294632e+01 5.750000e+01 7.125934e+01
      vertex   7.207249e+01 5.879904e+01 7.045218e+01
    endloop
  endfacet
  facet normal 8.585478e-01 4.954129e-01 -1.321431e-01
    outer loop
      vertex   7.207249e+01 5.879904e+01 7.045218e+01
      vertex   7.294632e+01 5.750000e+01 7.125934e+01
      vertex   7.277718e+01 5.750000e+01 7.016042e+01
    endloop
  endfacet
  facet normal 8.328639e-01 5.034475e-01 -2.299530e-01
    outer loop
      vertex   7.207249e+01 5.879904e+01 7.045218e+01
      vertex   7.277718e+01 5.750000e+01 7.016042e+01
      vertex   7.179098e+01 5.879904e+01 6.943257e+01
    endloop
  endfacet
  facet normal 8.333305e-01 4.965511e-01 -2.428937e-01
    outer loop
      vertex   7.179098e+01 5.879904e+01 6.943257e+01
      vertex   7.277718e+01 5.750000e+01 7.016042e+01
      vertex   7.246605e+01 5.750000e+01 6.909299e+01
    endloop
  endfacet
  facet normal 7.944892e-01 5.021477e-01 -3.415181e-01
    outer loop
      vertex   7.179098e+01 5.879904e+01 6.943257e+01
      vertex   7.246605e+01 5.750000e+01 6.909299e+01
      vertex   7.137325e+01 5.879904e+01 6.846079e+01
    endloop
  endfacet
  facet normal 7.938356e-01 4.978126e-01 -3.492960e-01
    outer loop
      vertex   7.137325e+01 5.879904e+01 6.846079e+01
      vertex   7.246605e+01 5.750000e+01 6.909299e+01
      vertex   7.201826e+01 5.750000e+01 6.807530e+01
    endloop
  endfacet
  facet normal 7.413008e-01 5.007073e-01 -4.469511e-01
    outer loop
      vertex   7.137325e+01 5.879904e+01 6.846079e+01
      vertex   7.201826e+01 5.750000e+01 6.807530e+01
      vertex   7.082709e+01 5.879904e+01 6.755494e+01
    endloop
  endfacet
  facet normal 7.407716e-01 4.991965e-01 -4.495112e-01
    outer loop
      vertex   7.082709e+01 5.879904e+01 6.755494e+01
      vertex   7.201826e+01 5.750000e+01 6.807530e+01
      vertex   7.144146e+01 5.750000e+01 6.712476e+01
    endloop
  endfacet
  facet normal 6.757612e-01 4.991965e-01 -5.423557e-01
    outer loop
      vertex   7.082709e+01 5.879904e+01 6.755494e+01
      vertex   7.144146e+01 5.750000e+01 6.712476e+01
      vertex   7.074552e+01 5.750000e+01 6.625764e+01
    endloop
  endfacet
  facet normal 6.735365e-01 5.007073e-01 -5.437286e-01
    outer loop
      vertex   7.082709e+01 5.879904e+01 6.755494e+01
      vertex   7.074552e+01 5.750000e+01 6.625764e+01
      vertex   7.016267e+01 5.879904e+01 6.673190e+01
    endloop
  endfacet
  facet normal 5.997386e-01 4.978126e-01 -6.264952e-01
    outer loop
      vertex   7.016267e+01 5.879904e+01 6.673190e+01
      vertex   7.074552e+01 5.750000e+01 6.625764e+01
      vertex   6.994236e+01 5.750000e+01 6.548878e+01
    endloop
  endfacet
  facet normal 5.926533e-01 5.021477e-01 -6.297696e-01
    outer loop
      vertex   7.016267e+01 5.879904e+01 6.673190e+01
      vertex   6.994236e+01 5.750000e+01 6.548878e+01
      vertex   6.939237e+01 5.879904e+01 6.600700e+01
    endloop
  endfacet
  facet normal 5.132612e-01 4.965511e-01 -7.000000e-01
    outer loop
      vertex   6.939237e+01 5.879904e+01 6.600700e+01
      vertex   6.994236e+01 5.750000e+01 6.548878e+01
      vertex   6.904571e+01 5.750000e+01 6.483133e+01
    endloop
  endfacet
  facet normal 5.009413e-01 5.034475e-01 -7.039875e-01
    outer loop
      vertex   6.939237e+01 5.879904e+01 6.600700e+01
      vertex   6.904571e+01 5.750000e+01 6.483133e+01
      vertex   6.853054e+01 5.879904e+01 6.539374e+01
    endloop
  endfacet
  facet normal 4.178146e-01 4.954129e-01 -7.615754e-01
    outer loop
      vertex   6.853054e+01 5.879904e+01 6.539374e+01
      vertex   6.904571e+01 5.750000e+01 6.483133e+01
      vertex   6.807092e+01 5.750000e+01 6.429654e+01
    endloop
  endfacet
  facet normal 4.001022e-01 5.046077e-01 -7.650420e-01
    outer loop
      vertex   6.853054e+01 5.879904e+01 6.539374e+01
      vertex   6.807092e+01 5.750000e+01 6.429654e+01
      vertex   6.759322e+01 5.879904e+01 6.490354e+01
    endloop
  endfacet
  facet normal 3.150439e-01 4.943989e-01 -8.101340e-01
    outer loop
      vertex   6.759322e+01 5.879904e+01 6.490354e+01
      vertex   6.807092e+01 5.750000e+01 6.429654e+01
      vertex   6.703466e+01 5.750000e+01 6.389357e+01
    endloop
  endfacet
  facet normal 2.920000e-01 5.056293e-01 -8.118344e-01
    outer loop
      vertex   6.759322e+01 5.879904e+01 6.490354e+01
      vertex   6.703466e+01 5.750000e+01 6.389357e+01
      vertex   6.659789e+01 5.879904e+01 6.454554e+01
    endloop
  endfacet
  facet normal 2.067250e-01 4.935100e-01 -8.448152e-01
    outer loop
      vertex   6.659789e+01 5.879904e+01 6.454554e+01
      vertex   6.703466e+01 5.750000e+01 6.389357e+01
      vertex   6.595467e+01 5.750000e+01 6.362929e+01
    endloop
  endfacet
  facet normal 1.786281e-01 5.065129e-01 -8.435263e-01
    outer loop
      vertex   6.659789e+01 5.879904e+01 6.454554e+01
      vertex   6.595467e+01 5.750000e+01 6.362929e+01
      vertex   6.556308e+01 5.879904e+01 6.432640e+01
    endloop
  endfacet
  facet normal 9.473299e-02 4.927467e-01 -8.650008e-01
    outer loop
      vertex   6.556308e+01 5.879904e+01 6.432640e+01
      vertex   6.595467e+01 5.750000e+01 6.362929e+01
      vertex   6.484943e+01 5.750000e+01 6.350825e+01
    endloop
  endfacet
  facet normal 6.207262e-02 5.072595e-01 -8.595550e-01
    outer loop
      vertex   6.556308e+01 5.879904e+01 6.432640e+01
      vertex   6.484943e+01 5.750000e+01 6.350825e+01
      vertex   6.450807e+01 5.879904e+01 6.425022e+01
    endloop
  endfacet
  facet normal -1.899058e-02 4.921098e-01 -8.703260e-01
    outer loop
      vertex   6.450807e+01 5.879904e+01 6.425022e+01
      vertex   6.484943e+01 5.750000e+01 6.350825e+01
      vertex   6.373784e+01 5.750000e+01 6.353251e+01
    endloop
  endfacet
  facet normal -5.552509e-02 5.078695e-01 -8.596427e-01
    outer loop
      vertex   6.450807e+01 5.879904e+01 6.425022e+01
      vertex   6.373784e+01 5.750000e+01 6.353251e+01
      vertex   6.345251e+01 5.879904e+01 6.431840e+01
    endloop
  endfacet
  facet normal -1.324723e-01 4.915996e-01 -8.606863e-01
    outer loop
      vertex   6.345251e+01 5.879904e+01 6.431840e+01
      vertex   6.373784e+01 5.750000e+01 6.353251e+01
      vertex   6.263893e+01 5.750000e+01 6.370164e+01
    endloop
  endfacet
  facet normal -1.720068e-01 5.083434e-01 -8.438013e-01
    outer loop
      vertex   6.345251e+01 5.879904e+01 6.431840e+01
      vertex   6.263893e+01 5.750000e+01 6.370164e+01
      vertex   6.241607e+01 5.879904e+01 6.452967e+01
    endloop
  endfacet
  facet normal -2.437415e-01 4.912167e-01 -8.362393e-01
    outer loop
      vertex   6.241607e+01 5.879904e+01 6.452967e+01
      vertex   6.263893e+01 5.750000e+01 6.370164e+01
      vertex   6.157149e+01 5.750000e+01 6.401277e+01
    endloop
  endfacet
  facet normal -2.852361e-01 5.086816e-01 -8.123320e-01
    outer loop
      vertex   6.241607e+01 5.879904e+01 6.452967e+01
      vertex   6.157149e+01 5.750000e+01 6.401277e+01
      vertex   6.141805e+01 5.879904e+01 6.488011e+01
    endloop
  endfacet
  facet normal -3.508654e-01 4.909612e-01 -7.974024e-01
    outer loop
      vertex   6.141805e+01 5.879904e+01 6.488011e+01
      vertex   6.157149e+01 5.750000e+01 6.401277e+01
      vertex   6.055380e+01 5.750000e+01 6.446057e+01
    endloop
  endfacet
  facet normal -3.931372e-01 5.088845e-01 -7.658197e-01
    outer loop
      vertex   6.141805e+01 5.879904e+01 6.488011e+01
      vertex   6.055380e+01 5.750000e+01 6.446057e+01
      vertex   6.047704e+01 5.879904e+01 6.536318e+01
    endloop
  endfacet
  facet normal -4.519830e-01 4.908334e-01 -7.448449e-01
    outer loop
      vertex   6.047704e+01 5.879904e+01 6.536318e+01
      vertex   6.055380e+01 5.750000e+01 6.446057e+01
      vertex   5.960327e+01 5.750000e+01 6.503737e+01
    endloop
  endfacet
  facet normal -4.937316e-01 5.089521e-01 -7.051219e-01
    outer loop
      vertex   6.047704e+01 5.879904e+01 6.536318e+01
      vertex   5.960327e+01 5.750000e+01 6.503737e+01
      vertex   5.961058e+01 5.879904e+01 6.596988e+01
    endloop
  endfacet
  facet normal -5.453380e-01 4.908334e-01 -6.794770e-01
    outer loop
      vertex   5.961058e+01 5.879904e+01 6.596988e+01
      vertex   5.960327e+01 5.750000e+01 6.503737e+01
      vertex   5.873615e+01 5.750000e+01 6.573330e+01
    endloop
  endfacet
  facet normal -5.851742e-01 5.088845e-01 -6.313538e-01
    outer loop
      vertex   5.961058e+01 5.879904e+01 6.596988e+01
      vertex   5.873615e+01 5.750000e+01 6.573330e+01
      vertex   5.883480e+01 5.879904e+01 6.668892e+01
    endloop
  endfacet
  facet normal -6.293101e-01 4.909612e-01 -6.024333e-01
    outer loop
      vertex   5.883480e+01 5.879904e+01 6.668892e+01
      vertex   5.873615e+01 5.750000e+01 6.573330e+01
      vertex   5.796729e+01 5.750000e+01 6.653647e+01
    endloop
  endfacet
  facet normal -6.657859e-01 5.086816e-01 -5.458682e-01
    outer loop
      vertex   5.883480e+01 5.879904e+01 6.668892e+01
      vertex   5.796729e+01 5.750000e+01 6.653647e+01
      vertex   5.816415e+01 5.879904e+01 6.750690e+01
    endloop
  endfacet
  facet normal -7.024434e-01 4.912167e-01 -5.150528e-01
    outer loop
      vertex   5.816415e+01 5.879904e+01 6.750690e+01
      vertex   5.796729e+01 5.750000e+01 6.653647e+01
      vertex   5.730984e+01 5.750000e+01 6.743311e+01
    endloop
  endfacet
  facet normal -7.340841e-01 5.083434e-01 -4.502305e-01
    outer loop
      vertex   5.816415e+01 5.879904e+01 6.750690e+01
      vertex   5.730984e+01 5.750000e+01 6.743311e+01
      vertex   5.761113e+01 5.879904e+01 6.840857e+01
    endloop
  endfacet
  facet normal -7.634724e-01 4.915996e-01 -4.188553e-01
    outer loop
      vertex   5.761113e+01 5.879904e+01 6.840857e+01
      vertex   5.730984e+01 5.750000e+01 6.743311e+01
      vertex   5.677505e+01 5.750000e+01 6.840791e+01
    endloop
  endfacet
  facet normal -7.888092e-01 5.078695e-01 -3.461916e-01
    outer loop
      vertex   5.761113e+01 5.879904e+01 6.840857e+01
      vertex   5.677505e+01 5.750000e+01 6.840791e+01
      vertex   5.718604e+01 5.879904e+01 6.937716e+01
    endloop
  endfacet
  facet normal -8.113437e-01 4.921098e-01 -3.155143e-01
    outer loop
      vertex   5.718604e+01 5.879904e+01 6.937716e+01
      vertex   5.677505e+01 5.750000e+01 6.840791e+01
      vertex   5.637207e+01 5.750000e+01 6.944416e+01
    endloop
  endfacet
  facet normal -8.289476e-01 5.072595e-01 -2.356559e-01
    outer loop
      vertex   5.718604e+01 5.879904e+01 6.937716e+01
      vertex   5.637207e+01 5.750000e+01 6.944416e+01
      vertex   5.689680e+01 5.879904e+01 7.039460e+01
    endloop
  endfacet
  facet normal -8.452354e-01 4.927467e-01 -2.068278e-01
    outer loop
      vertex   5.689680e+01 5.879904e+01 7.039460e+01
      vertex   5.637207e+01 5.750000e+01 6.944416e+01
      vertex   5.610780e+01 5.750000e+01 7.052415e+01
    endloop
  endfacet
  facet normal -8.537499e-01 5.065129e-01 -1.206474e-01
    outer loop
      vertex   5.689680e+01 5.879904e+01 7.039460e+01
      vertex   5.610780e+01 5.750000e+01 7.052415e+01
      vertex   5.674879e+01 5.879904e+01 7.144195e+01
    endloop
  endfacet
  facet normal -8.645707e-01 4.935100e-01 -9.468589e-02
    outer loop
      vertex   5.674879e+01 5.879904e+01 7.144195e+01
      vertex   5.610780e+01 5.750000e+01 7.052415e+01
      vertex   5.598676e+01 5.750000e+01 7.162940e+01
    endloop
  endfacet
  facet normal -8.627446e-01 5.056293e-01 -3.273436e-03
    outer loop
      vertex   5.674879e+01 5.879904e+01 7.144195e+01
      vertex   5.598676e+01 5.750000e+01 7.162940e+01
      vertex   5.674478e+01 5.879904e+01 7.249970e+01
    endloop
  endfacet
  facet normal -8.690283e-01 4.943989e-01 1.896226e-02
    outer loop
      vertex   5.674478e+01 5.879904e+01 7.249970e+01
      vertex   5.598676e+01 5.750000e+01 7.162940e+01
      vertex   5.601101e+01 5.750000e+01 7.274098e+01
    endloop
  endfacet
  facet normal -8.557473e-01 5.046077e-01 1.143133e-01
    outer loop
      vertex   5.674478e+01 5.879904e+01 7.249970e+01
      vertex   5.601101e+01 5.750000e+01 7.274098e+01
      vertex   5.688484e+01 5.879904e+01 7.354814e+01
    endloop
  endfacet
  facet normal -8.585478e-01 4.954129e-01 1.321431e-01
    outer loop
      vertex   5.688484e+01 5.879904e+01 7.354814e+01
      vertex   5.601101e+01 5.750000e+01 7.274098e+01
      vertex   5.618015e+01 5.750000e+01 7.383990e+01
    endloop
  endfacet
  facet normal -8.328639e-01 5.034475e-01 2.299530e-01
    outer loop
      vertex   5.688484e+01 5.879904e+01 7.354814e+01
      vertex   5.618015e+01 5.750000e+01 7.383990e+01
      vertex   5.716635e+01 5.879904e+01 7.456775e+01
    endloop
  endfacet
  facet normal -8.333305e-01 4.965511e-01 2.428937e-01
    outer loop
      vertex   5.716635e+01 5.879904e+01 7.456775e+01
      vertex   5.618015e+01 5.750000e+01 7.383990e+01
      vertex   5.649128e+01 5.750000e+01 7.490733e+01
    endloop
  endfacet
  facet normal -7.944892e-01 5.021477e-01 3.415181e-01
    outer loop
      vertex   5.716635e+01 5.879904e+01 7.456775e+01
      vertex   5.649128e+01 5.750000e+01 7.490733e+01
      vertex   5.758408e+01 5.879904e+01 7.553953e+01
    endloop
  endfacet
  facet normal -7.938356e-01 4.978126e-01 3.492960e-01
    outer loop
      vertex   5.758408e+01 5.879904e+01 7.553953e+01
      vertex   5.649128e+01 5.750000e+01 7.490733e+01
      vertex   5.693907e+01 5.750000e+01 7.592502e+01
    endloop
  endfacet
  facet normal -7.413008e-01 5.007073e-01 4.469511e-01
    outer loop
      vertex   5.758408e+01 5.879904e+01 7.553953e+01
      vertex   5.693907e+01 5.750000e+01 7.592502e+01
      vertex   5.813024e+01 5.879904e+01 7.644538e+01
    endloop
  endfacet
  facet normal -6.735365e-01 -5.007073e-01 5.437286e-01
    outer loop
      vertex   5.879466e+01 5.879904e+01 7.726842e+01
      vertex   5.821181e+01 6.009808e+01 7.774268e+01
      vertex   5.813024e+01 5.879904e+01 7.644538e+01
    endloop
  endfacet
  facet normal -6.757612e-01 -4.991965e-01 5.423557e-01
    outer loop
      vertex   5.813024e+01 5.879904e+01 7.644538e+01
      vertex   5.821181e+01 6.009808e+01 7.774268e+01
      vertex   5.751587e+01 6.009808e+01 7.687556e+01
    endloop
  endfacet
  facet normal -7.407716e-01 -4.991965e-01 4.495112e-01
    outer loop
      vertex   5.813024e+01 5.879904e+01 7.644538e+01
      vertex   5.751587e+01 6.009808e+01 7.687556e+01
      vertex   5.693907e+01 6.009808e+01 7.592502e+01
    endloop
  endfacet
  facet normal -5.997386e-01 -4.978126e-01 6.264952e-01
    outer loop
      vertex   5.821181e+01 6.009808e+01 7.774268e+01
      vertex   5.879466e+01 5.879904e+01 7.726842e+01
      vertex   5.901497e+01 6.009808e+01 7.851154e+01
    endloop
  endfacet
  facet normal -5.926533e-01 -5.021477e-01 6.297696e-01
    outer loop
      vertex   5.901497e+01 6.009808e+01 7.851154e+01
      vertex   5.879466e+01 5.879904e+01 7.726842e+01
      vertex   5.956496e+01 5.879904e+01 7.799332e+01
    endloop
  endfacet
  facet normal -5.132612e-01 -4.965511e-01 7.000000e-01
    outer loop
      vertex   5.901497e+01 6.009808e+01 7.851154e+01
      vertex   5.956496e+01 5.879904e+01 7.799332e+01
      vertex   5.991162e+01 6.009808e+01 7.916899e+01
    endloop
  endfacet
  facet normal -5.009413e-01 -5.034475e-01 7.039875e-01
    outer loop
      vertex   5.991162e+01 6.009808e+01 7.916899e+01
      vertex   5.956496e+01 5.879904e+01 7.799332e+01
      vertex   6.042679e+01 5.879904e+01 7.860659e+01
    endloop
  endfacet
  facet normal -4.178146e-01 -4.954129e-01 7.615754e-01
    outer loop
      vertex   5.991162e+01 6.009808e+01 7.916899e+01
      vertex   6.042679e+01 5.879904e+01 7.860659e+01
      vertex   6.088641e+01 6.009808e+01 7.970378e+01
    endloop
  endfacet
  facet normal -4.001022e-01 -5.046077e-01 7.650420e-01
    outer loop
      vertex   6.088641e+01 6.009808e+01 7.970378e+01
      vertex   6.042679e+01 5.879904e+01 7.860659e+01
      vertex   6.136411e+01 5.879904e+01 7.909678e+01
    endloop
  endfacet
  facet normal -3.150439e-01 -4.943989e-01 8.101340e-01
    outer loop
      vertex   6.088641e+01 6.009808e+01 7.970378e+01
      vertex   6.136411e+01 5.879904e+01 7.909678e+01
      vertex   6.192267e+01 6.009808e+01 8.010675e+01
    endloop
  endfacet
  facet normal -2.920000e-01 -5.056293e-01 8.118344e-01
    outer loop
      vertex   6.192267e+01 6.009808e+01 8.010675e+01
      vertex   6.136411e+01 5.879904e+01 7.909678e+01
      vertex   6.235944e+01 5.879904e+01 7.945478e+01
    endloop
  endfacet
  facet normal -2.067250e-01 -4.935100e-01 8.448152e-01
    outer loop
      vertex   6.192267e+01 6.009808e+01 8.010675e+01
      vertex   6.235944e+01 5.879904e+01 7.945478e+01
      vertex   6.300266e+01 6.009808e+01 8.037103e+01
    endloop
  endfacet
  facet normal -1.786281e-01 -5.065129e-01 8.435263e-01
    outer loop
      vertex   6.300266e+01 6.009808e+01 8.037103e+01
      vertex   6.235944e+01 5.879904e+01 7.945478e+01
      vertex   6.339425e+01 5.879904e+01 7.967392e+01
    endloop
  endfacet
  facet normal -9.473299e-02 -4.927467e-01 8.650008e-01
    outer loop
      vertex   6.300266e+01 6.009808e+01 8.037103e+01
      vertex   6.339425e+01 5.879904e+01 7.967392e+01
      vertex   6.410790e+01 6.009808e+01 8.049207e+01
    endloop
  endfacet
  facet normal -6.207262e-02 -5.072595e-01 8.595550e-01
    outer loop
      vertex   6.410790e+01 6.009808e+01 8.049207e+01
      vertex   6.339425e+01 5.879904e+01 7.967392e+01
      vertex   6.444926e+01 5.879904e+01 7.975010e+01
    endloop
  endfacet
  facet normal 1.899058e-02 -4.921098e-01 8.703260e-01
    outer loop
      vertex   6.410790e+01 6.009808e+01 8.049207e+01
      vertex   6.444926e+01 5.879904e+01 7.975010e+01
      vertex   6.521949e+01 6.009808e+01 8.046782e+01
    endloop
  endfacet
  facet normal 5.552509e-02 -5.078695e-01 8.596427e-01
    outer loop
      vertex   6.521949e+01 6.009808e+01 8.046782e+01
      vertex   6.444926e+01 5.879904e+01 7.975010e+01
      vertex   6.550482e+01 5.879904e+01 7.968193e+01
    endloop
  endfacet
  facet normal 1.324723e-01 -4.915996e-01 8.606863e-01
    outer loop
      vertex   6.521949e+01 6.009808e+01 8.046782e+01
      vertex   6.550482e+01 5.879904e+01 7.968193e+01
      vertex   6.631840e+01 6.009808e+01 8.029868e+01
    endloop
  endfacet
  facet normal 1.720068e-01 -5.083434e-01 8.438013e-01
    outer loop
      vertex   6.631840e+01 6.009808e+01 8.029868e+01
      vertex   6.550482e+01 5.879904e+01 7.968193e+01
      vertex   6.654126e+01 5.879904e+01 7.947065e+01
    endloop
  endfacet
  facet normal 2.437415e-01 -4.912167e-01 8.362393e-01
    outer loop
      vertex   6.631840e+01 6.009808e+01 8.029868e+01
      vertex   6.654126e+01 5.879904e+01 7.947065e+01
      vertex   6.738584e+01 6.009808e+01 7.998755e+01
    endloop
  endfacet
  facet normal 2.852361e-01 -5.086816e-01 8.123320e-01
    outer loop
      vertex   6.738584e+01 6.009808e+01 7.998755e+01
      vertex   6.654126e+01 5.879904e+01 7.947065e+01
      vertex   6.753928e+01 5.879904e+01 7.912021e+01
    endloop
  endfacet
  facet normal 3.508654e-01 -4.909612e-01 7.974024e-01
    outer loop
      vertex   6.738584e+01 6.009808e+01 7.998755e+01
      vertex   6.753928e+01 5.879904e+01 7.912021e+01
      vertex   6.840353e+01 6.009808e+01 7.953975e+01
    endloop
  endfacet
  facet normal 3.931372e-01 -5.088845e-01 7.658197e-01
    outer loop
      vertex   6.840353e+01 6.009808e+01 7.953975e+01
      vertex   6.753928e+01 5.879904e+01 7.912021e+01
      vertex   6.848029e+01 5.879904e+01 7.863714e+01
    endloop
  endfacet
  facet normal 4.519830e-01 -4.908334e-01 7.448449e-01
    outer loop
      vertex   6.840353e+01 6.009808e+01 7.953975e+01
      vertex   6.848029e+01 5.879904e+01 7.863714e+01
      vertex   6.935406e+01 6.009808e+01 7.896295e+01
    endloop
  endfacet
  facet normal 4.937316e-01 -5.089521e-01 7.051219e-01
    outer loop
      vertex   6.935406e+01 6.009808e+01 7.896295e+01
      vertex   6.848029e+01 5.879904e+01 7.863714e+01
      vertex   6.934675e+01 5.879904e+01 7.803044e+01
    endloop
  endfacet
  facet normal 5.453380e-01 -4.908334e-01 6.794770e-01
    outer loop
      vertex   6.935406e+01 6.009808e+01 7.896295e+01
      vertex   6.934675e+01 5.879904e+01 7.803044e+01
      vertex   7.022118e+01 6.009808e+01 7.826702e+01
    endloop
  endfacet
  facet normal 5.851742e-01 -5.088845e-01 6.313538e-01
    outer loop
      vertex   7.022118e+01 6.009808e+01 7.826702e+01
      vertex   6.934675e+01 5.879904e+01 7.803044e+01
      vertex   7.012253e+01 5.879904e+01 7.731140e+01
    endloop
  endfacet
  facet normal 6.293101e-01 -4.909612e-01 6.024333e-01
    outer loop
      vertex   7.022118e+01 6.009808e+01 7.826702e+01
      vertex   7.012253e+01 5.879904e+01 7.731140e+01
      vertex   7.099004e+01 6.009808e+01 7.746386e+01
    endloop
  endfacet
  facet normal 6.657859e-01 -5.086816e-01 5.458682e-01
    outer loop
      vertex   7.099004e+01 6.009808e+01 7.746386e+01
      vertex   7.012253e+01 5.879904e+01 7.731140e+01
      vertex   7.079318e+01 5.879904e+01 7.649342e+01
    endloop
  endfacet
  facet normal 7.024434e-01 -4.912167e-01 5.150528e-01
    outer loop
      vertex   7.099004e+01 6.009808e+01 7.746386e+01
      vertex   7.079318e+01 5.879904e+01 7.649342e+01
      vertex   7.164749e+01 6.009808e+01 7.656721e+01
    endloop
  endfacet
  facet normal 7.340841e-01 -5.083434e-01 4.502305e-01
    outer loop
      vertex   7.164749e+01 6.009808e+01 7.656721e+01
      vertex   7.079318e+01 5.879904e+01 7.649342e+01
      vertex   7.134620e+01 5.879904e+01 7.559175e+01
    endloop
  endfacet
  facet normal 7.634724e-01 -4.915996e-01 4.188553e-01
    outer loop
      vertex   7.164749e+01 6.009808e+01 7.656721e+01
      vertex   7.134620e+01 5.879904e+01 7.559175e+01
      vertex   7.218228e+01 6.009808e+01 7.559242e+01
    endloop
  endfacet
  facet normal 7.888092e-01 -5.078695e-01 3.461916e-01
    outer loop
      vertex   7.218228e+01 6.009808e+01 7.559242e+01
      vertex   7.134620e+01 5.879904e+01 7.559175e+01
      vertex   7.177129e+01 5.879904e+01 7.462317e+01
    endloop
  endfacet
  facet normal 8.113437e-01 -4.921098e-01 3.155143e-01
    outer loop
      vertex   7.218228e+01 6.009808e+01 7.559242e+01
      vertex   7.177129e+01 5.879904e+01 7.462317e+01
      vertex   7.258526e+01 6.009808e+01 7.455616e+01
    endloop
  endfacet
  facet normal 8.289476e-01 -5.072595e-01 2.356559e-01
    outer loop
      vertex   7.258526e+01 6.009808e+01 7.455616e+01
      vertex   7.177129e+01 5.879904e+01 7.462317e+01
      vertex   7.206053e+01 5.879904e+01 7.360572e+01
    endloop
  endfacet
  facet normal 8.452354e-01 -4.927467e-01 2.068278e-01
    outer loop
      vertex   7.258526e+01 6.009808e+01 7.455616e+01
      vertex   7.206053e+01 5.879904e+01 7.360572e+01
      vertex   7.284953e+01 6.009808e+01 7.347617e+01
    endloop
  endfacet
  facet normal 8.537499e-01 -5.065129e-01 1.206474e-01
    outer loop
      vertex   7.284953e+01 6.009808e+01 7.347617e+01
      vertex   7.206053e+01 5.879904e+01 7.360572e+01
      vertex   7.220854e+01 5.879904e+01 7.255837e+01
    endloop
  endfacet
  facet normal 8.645707e-01 -4.935100e-01 9.468589e-02
    outer loop
      vertex   7.284953e+01 6.009808e+01 7.347617e+01
      vertex   7.220854e+01 5.879904e+01 7.255837e+01
      vertex   7.297058e+01 6.009808e+01 7.237093e+01
    endloop
  endfacet
  facet normal 8.627446e-01 -5.056293e-01 3.273436e-03
    outer loop
      vertex   7.297058e+01 6.009808e+01 7.237093e+01
      vertex   7.220854e+01 5.879904e+01 7.255837e+01
      vertex   7.221255e+01 5.879904e+01 7.150062e+01
    endloop
  endfacet
  facet normal 8.690283e-01 -4.943989e-01 -1.896226e-02
    outer loop
      vertex   7.297058e+01 6.009808e+01 7.237093e+01
      vertex   7.221255e+01 5.879904e+01 7.150062e+01
      vertex   7.294632e+01 6.009808e+01 7.125934e+01
    endloop
  endfacet
  facet normal 8.557473e-01 -5.046077e-01 -1.143133e-01
    outer loop
      vertex   7.294632e+01 6.009808e+01 7.125934e+01
      vertex   7.221255e+01 5.879904e+01 7.150062e+01
      vertex   7.207249e+01 5.879904e+01 7.045218e+01
    endloop
  endfacet
  facet normal 8.585478e-01 -4.954129e-01 -1.321431e-01
    outer loop
      vertex   7.294632e+01 6.009808e+01 7.125934e+01
      vertex   7.207249e+01 5.879904e+01 7.045218e+01
      vertex   7.277718e+01 6.009808e+01 7.016042e+01
    endloop
  endfacet
  facet normal 8.328639e-01 -5.034475e-01 -2.299530e-01
    outer loop
      vertex   7.277718e+01 6.009808e+01 7.016042e+01
      vertex   7.207249e+01 5.879904e+01 7.045218e+01
      vertex   7.179098e+01 5.879904e+01 6.943257e+01
    endloop
  endfacet
  facet normal 8.333305e-01 -4.965511e-01 -2.428937e-01
    outer loop
      vertex   7.277718e+01 6.009808e+01 7.016042e+01
      vertex   7.179098e+01 5.879904e+01 6.943257e+01
      vertex   7.246605e+01 6.009808e+01 6.909299e+01
    endloop
  endfacet
  facet normal 7.944892e-01 -5.021477e-01 -3.415181e-01
    outer loop
      vertex   7.246605e+01 6.009808e+01 6.909299e+01
      vertex   7.179098e+01 5.879904e+01 6.943257e+01
      vertex   7.137325e+01 5.879904e+01 6.846079e+01
    endloop
  endfacet
  facet normal 7.938356e-01 -4.978126e-01 -3.492960e-01
    outer loop
      vertex   7.246605e+01 6.009808e+01 6.909299e+01
      vertex   7.137325e+01 5.879904e+01 6.846079e+01
      vertex   7.201826e+01 6.009808e+01 6.807530e+01
    endloop
  endfacet
  facet normal 7.413008e-01 -5.007073e-01 -4.469511e-01
    outer loop
      vertex   7.201826e+01 6.009808e+01 6.807530e+01
      vertex   7.137325e+01 5.879904e+01 6.846079e+01
      vertex   7.082709e+01 5.879904e+01 6.755494e+01
    endloop
  endfacet
  facet normal 7.407716e-01 -4.991965e-01 -4.495112e-01
    outer loop
      vertex   7.201826e+01 6.009808e+01 6.807530e+01
      vertex   7.082709e+01 5.879904e+01 6.755494e+01
      vertex   7.144146e+01 6.009808e+01 6.712476e+01
    endloop
  endfacet
  facet normal 6.757612e-01 -4.991965e-01 -5.423557e-01
    outer loop
      vertex   7.144146e+01 6.009808e+01 6.712476e+01
      vertex   7.082709e+01 5.879904e+01 6.755494e+01
      vertex   7.074552e+01 6.009808e+01 6.625764e+01
    endloop
  endfacet
  facet normal 6.735365e-01 -5.007073e-01 -5.437286e-01
    outer loop
      vertex   7.074552e+01 6.009808e+01 6.625764e+01
      vertex   7.082709e+01 5.879904e+01 6.755494e+01
      vertex   7.016267e+01 5.879904e+01 6.673190e+01
    endloop
  endfacet
  facet normal 5.997386e-01 -4.978126e-01 -6.264952e-01
    outer loop
      vertex   7.074552e+01 6.009808e+01 6.625764e+01
      vertex   7.016267e+01 5.879904e+01 6.673190e+01
      vertex   6.994236e+01 6.009808e+01 6.548878e+01
    endloop
  endfacet
  facet normal 5.926533e-01 -5.021477e-01 -6.297696e-01
    outer loop
      vertex   6.994236e+01 6.009808e+01 6.548878e+01
      vertex   7.016267e+01 5.879904e+01 6.673190e+01
      vertex   6.939237e+01 5.879904e+01 6.600700e+01
    endloop
  endfacet
  facet normal 5.132612e-01 -4.965511e-01 -7.000000e-01
    outer loop
      vertex   6.994236e+01 6.009808e+01 6.548878e+01
      vertex   6.939237e+01 5.879904e+01 6.600700e+01
      vertex   6.904571e+01 6.009808e+01 6.483133e+01
    endloop
  endfacet
  facet normal 5.009413e-01 -5.034475e-01 -7.039875e-01
    outer loop
      vertex   6.904571e+01 6.009808e+01 6.483133e+01
      vertex   6.939237e+01 5.879904e+01 6.600700e+01
      vertex   6.853054e+01 5.879904e+01 6.539374e+01
    endloop
  endfacet
  facet normal 4.178146e-01 -4.954129e-01 -7.615754e-01
    outer loop
      vertex   6.904571e+01 6.009808e+01 6.483133e+01
      vertex   6.853054e+01 5.879904e+01 6.539374e+01
      vertex   6.807092e+01 6.009808e+01 6.429654e+01
    endloop
  endfacet
  facet normal 4.001022e-01 -5.046077e-01 -7.650420e-01
    outer loop
      vertex   6.807092e+01 6.009808e+01 6.429654e+01
      vertex   6.853054e+01 5.879904e+01 6.539374e+01
      vertex   6.759322e+01 5.879904e+01 6.490354e+01
    endloop
  endfacet
  facet normal 3.150439e-01 -4.943989e-01 -8.101340e-01
    outer loop
      vertex   6.807092e+01 6.009808e+01 6.429654e+01
      vertex   6.759322e+01 5.879904e+01 6.490354e+01
      vertex   6.703466e+01 6.009808e+01 6.389357e+01
    endloop
  endfacet
  facet normal 2.920000e-01 -5.056293e-01 -8.118344e-01
    outer loop
      vertex   6.703466e+01 6.009808e+01 6.389357e+01
      vertex   6.759322e+01 5.879904e+01 6.490354e+01
      vertex   6.659789e+01 5.879904e+01 6.454554e+01
    endloop
  endfacet
  facet normal 2.067250e-01 -4.935100e-01 -8.448152e-01
    outer loop
      vertex   6.703466e+01 6.009808e+01 6.389357e+01
      vertex   6.659789e+01 5.879904e+01 6.454554e+01
      vertex   6.595467e+01 6.009808e+01 6.362929e+01
    endloop
  endfacet
  facet normal 1.786281e-01 -5.065129e-01 -8.435263e-01
    outer loop
      vertex   6.595467e+01 6.009808e+01 6.362929e+01
      vertex   6.659789e+01 5.879904e+01 6.454554e+01
      vertex   6.556308e+01 5.879904e+01 6.432640e+01
    endloop
  endfacet
  facet normal 9.473299e-02 -4.927467e-01 -8.650008e-01
    outer loop
      vertex   6.595467e+01 6.009808e+01 6.362929e+01
      vertex   6.556308e+01 5.879904e+01 6.432640e+01
      vertex   6.484943e+01 6.009808e+01 6.350825e+01
    endloop
  endfacet
  facet normal 6.207262e-02 -5.072595e-01 -8.595550e-01
    outer loop
      vertex   6.484943e+01 6.009808e+01 6.350825e+01
      vertex   6.556308e+01 5.879904e+01 6.432640e+01
      vertex   6.450807e+01 5.879904e+01 6.425022e+01
    endloop
  endfacet
  facet normal -1.899058e-02 -4.921098e-01 -8.703260e-01
    outer loop
      vertex   6.484943e+01 6.009808e+01 6.350825e+01
      vertex   6.450807e+01 5.879904e+01 6.425022e+01
      vertex   6.373784e+01 6.009808e+01 6.353251e+01
    endloop
  endfacet
  facet normal -5.552509e-02 -5.078695e-01 -8.596427e-01
    outer loop
      vertex   6.373784e+01 6.009808e+01 6.353251e+01
      vertex   6.450807e+01 5.879904e+01 6.425022e+01
      vertex   6.345251e+01 5.879904e+01 6.431840e+01
    endloop
  endfacet
  facet normal -1.324723e-01 -4.915996e-01 -8.606863e-01
    outer loop
      vertex   6.373784e+01 6.009808e+01 6.353251e+01
      vertex   6.345251e+01 5.879904e+01 6.431840e+01
      vertex   6.263893e+01 6.009808e+01 6.370164e+01
    endloop
  endfacet
  facet normal -1.720068e-01 -5.083434e-01 -8.438013e-01
    outer loop
      vertex   6.263893e+01 6.009808e+01 6.370164e+01
      vertex   6.345251e+01 5.879904e+01 6.431840e+01
      vertex   6.241607e+01 5.879904e+01 6.452967e+01
    endloop
  endfacet
  facet normal -2.437415e-01 -4.912167e-01 -8.362393e-01
    outer loop
      vertex   6.263893e+01 6.009808e+01 6.370164e+01
      vertex   6.241607e+01 5.879904e+01 6.452967e+01
      vertex   6.157149e+01 6.009808e+01 6.401277e+01
    endloop
  endfacet
  facet normal -2.852361e-01 -5.086816e-01 -8.123320e-01
    outer loop
      vertex   6.157149e+01 6.009808e+01 6.401277e+01
      vertex   6.241607e+01 5.879904e+01 6.452967e+01
      vertex   6.141805e+01 5.879904e+01 6.488011e+01
    endloop
  endfacet
  facet normal -3.508654e-01 -4.909612e-01 -7.974024e-01
    outer loop
      vertex   6.157149e+01 6.009808e+01 6.401277e+01
      vertex   6.141805e+01 5.879904e+01 6.488011e+01
      vertex   6.055380e+01 6.009808e+01 6.446057e+01
    endloop
  endfacet
  facet normal -3.931372e-01 -5.088845e-01 -7.658197e-01
    outer loop
      vertex   6.055380e+01 6.009808e+01 6.446057e+01
      vertex   6.141805e+01 5.879904e+01 6.488011e+01
      vertex   6.047704e+01 5.879904e+01 6.536318e+01
    endloop
  endfacet
  facet normal -4.519830e-01 -4.908334e-01 -7.448449e-01
    outer loop
      vertex   6.055380e+01 6.009808e+01 6.446057e+01
      vertex   6.047704e+01 5.879904e+01 6.536318e+01
      vertex   5.960327e+01 6.009808e+01 6.503737e+01
    endloop
  endfacet
  facet normal -4.937316e-01 -5.089521e-01 -7.051219e-01
    outer loop
      vertex   5.960327e+01 6.009808e+01 6.503737e+01
      vertex   6.047704e+01 5.879904e+01 6.536318e+01
      vertex   5.961058e+01 5.879904e+01 6.596988e+01
    endloop
  endfacet
  facet normal -5.453380e-01 -4.908334e-01 -6.794770e-01
    outer loop
      vertex   5.960327e+01 6.009808e+01 6.503737e+01
      vertex   5.961058e+01 5.879904e+01 6.596988e+01
      vertex   5.873615e+01 6.009808e+01 6.573330e+01
    endloop
  endfacet
  facet normal -5.851742e-01 -5.088845e-01 -6.313538e-01
    outer loop
      vertex   5.873615e+01 6.009808e+01 6.573330e+01
      vertex   5.961058e+01 5.879904e+01 6.596988e+01
      vertex   5.883480e+01 5.879904e+01 6.668892e+01
    endloop
  endfacet
  facet normal -6.293101e-01 -4.909612e-01 -6.024333e-01
    outer loop
      vertex   5.873615e+01 6.009808e+01 6.573330e+01
      vertex   5.883480e+01 5.879904e+01 6.668892e+01
      vertex   5.796729e+01 6.009808e+01 6.653647e+01
    endloop
  endfacet
  facet normal -6.657859e-01 -5.086816e-01 -5.458682e-01
    outer loop
      vertex   5.796729e+01 6.009808e+01 6.653647e+01
      vertex   5.883480e+01 5.879904e+01 6.668892e+01
      vertex   5.816415e+01 5.879904e+01 6.750690e+01
    endloop
  endfacet
  facet normal -7.024434e-01 -4.912167e-01 -5.150528e-01
    outer loop
      vertex   5.796729e+01 6.009808e+01 6.653647e+01
      vertex   5.816415e+01 5.879904e+01 6.750690e+01
      vertex   5.730984e+01 6.009808e+01 6.743311e+01
    endloop
  endfacet
  facet normal -7.340841e-01 -5.083434e-01 -4.502305e-01
    outer loop
      vertex   5.730984e+01 6.009808e+01 6.743311e+01
      vertex   5.816415e+01 5.879904e+01 6.750690e+01
      vertex   5.761113e+01 5.879904e+01 6.840857e+01
    endloop
  endfacet
  facet normal -7.634724e-01 -4.915996e-01 -4.188553e-01
    outer loop
      vertex   5.730984e+01 6.009808e+01 6.743311e+01
      vertex   5.761113e+01 5.879904e+01 6.840857e+01
      vertex   5.677505e+01 6.009808e+01 6.840791e+01
    endloop
  endfacet
  facet normal -7.888092e-01 -5.078695e-01 -3.461916e-01
    outer loop
      vertex   5.677505e+01 6.009808e+01 6.840791e+01
      vertex   5.761113e+01 5.879904e+01 6.840857e+01
      vertex   5.718604e+01 5.879904e+01 6.937716e+01
    endloop
  endfacet
  facet normal -8.113437e-01 -4.921098e-01 -3.155143e-01
    outer loop
      vertex   5.677505e+01 6.009808e+01 6.840791e+01
      vertex   5.718604e+01 5.879904e+01 6.937716e+01
      vertex   5.637207e+01 6.009808e+01 6.944416e+01
    endloop
  endfacet
  facet normal -8.289476e-01 -5.072595e-01 -2.356559e-01
    outer loop
      vertex   5.637207e+01 6.009808e+01 6.944416e+01
      vertex   5.718604e+01 5.879904e+01 6.937716e+01
      vertex   5.689680e+01 5.879904e+01 7.039460e+01
    endloop
  endfacet
  facet normal -8.452354e-01 -4.927467e-01 -2.068278e-01
    outer loop
      vertex   5.637207e+01 6.009808e+01 6.944416e+01
      vertex   5.689680e+01 5.879904e+01 7.039460e+01
      vertex   5.610780e+01 6.009808e+01 7.052415e+01
    endloop
  endfacet
  facet normal -8.537499e-01 -5.065129e-01 -1.206474e-01
    outer loop
      vertex   5.610780e+01 6.009808e+01 7.052415e+01
      vertex   5.689680e+01 5.879904e+01 7.039460e+01
      vertex   5.674879e+01 5.879904e+01 7.144195e+01
    endloop
  endfacet
  facet normal -8.645707e-01 -4.935100e-01 -9.468589e-02
    outer loop
      vertex   5.610780e+01 6.009808e+01 7.052415e+01
      vertex   5.674879e+01 5.879904e+01 7.144195e+01
      vertex   5.598676e+01 6.009808e+01 7.162940e+01
    endloop
  endfacet
  facet normal -8.627446e-01 -5.056293e-01 -3.273436e-03
    outer loop
      vertex   5.598676e+01 6.009808e+01 7.162940e+01
      vertex   5.674879e+01 5.879904e+01 7.144195e+01
      vertex   5.674478e+01 5.879904e+01 7.249970e+01
    endloop
  endfacet
  facet normal -8.690283e-01 -4.943989e-01 1.896226e-02
    outer loop
      vertex   5.598676e+01 6.009808e+01 7.162940e+01
      vertex   5.674478e+01 5.879904e+01 7.249970e+01
      vertex   5.601101e+01 6.009808e+01 7.274098e+01
    endloop
  endfacet
  facet normal -8.557473e-01 -5.046077e-01 1.143133e-01
    outer loop
      vertex   5.601101e+01 6.009808e+01 7.274098e+01
      vertex   5.674478e+01 5.879904e+01 7.249970e+01
      vertex   5.688484e+01 5.879904e+01 7.354814e+01
    endloop
  endfacet
  facet normal -8.585478e-01 -4.954129e-01 1.321431e-01
    outer loop
      vertex   5.601101e+01 6.009808e+01 7.274098e+01
      vertex   5.688484e+01 5.879904e+01 7.354814e+01
      vertex   5.618015e+01 6.009808e+01 7.383990e+01
    endloop
  endfacet
  facet normal -8.328639e-01 -5.034475e-01 2.299530e-01
    outer loop
      vertex   5.618015e+01 6.009808e+01 7.383990e+01
      vertex   5.688484e+01 5.879904e+01 7.354814e+01
      vertex   5.716635e+01 5.879904e+01 7.456775e+01
    endloop
  endfacet
  facet normal -8.333305e-01 -4.965511e-01 2.428937e-01
    outer loop
      vertex   5.618015e+01 6.009808e+01 7.383990e+01
      vertex   5.716635e+01 5.879904e+01 7.456775e+01
      vertex   5.649128e+01 6.009808e+01 7.490733e+01
    endloop
  endfacet
  facet normal -7.944892e-01 -5.021477e-01 3.415181e-01
    outer loop
      vertex   5.649128e+01 6.009808e+01 7.490733e+01
      vertex   5.716635e+01 5.879904e+01 7.456775e+01
      vertex   5.758408e+01 5.879904e+01 7.553953e+01
    endloop
  endfacet
  facet normal -7.938356e-01 -4.978126e-01 3.492960e-01
    outer loop
      vertex   5.649128e+01 6.009808e+01 7.490733e+01
      vertex   5.758408e+01 5.879904e+01 7.553953e+01
      vertex   5.693907e+01 6.009808e+01 7.592502e+01
    endloop
  endfacet
  facet normal -7.413008e-01 -5.007073e-01 4.469511e-01
    outer loop
      vertex   5.693907e+01 6.009808e+01 7.592502e+01
      vertex   5.758408e+01 5.879904e+01 7.553953e+01
      vertex   5.813024e+01 5.879904e+01 7.644538e+01
    endloop
  endfacet
  facet normal -7.798845e-01 2.770706e-16 6.259235e-01
    outer loop
      vertex   5.821181e+01 6.009808e+01 7.774268e+01
      vertex   5.821181e+01 8.009808e+01 7.774268e+01
      vertex   5.751587e+01 6.009808e+01 7.687556e+01
    endloop
  endfacet
  facet normal -7.798845e-01 7.218160e-16 6.259235e-01
    outer loop
      vertex   5.751587e+01 6.009808e+01 7.687556e+01
      vertex   5.821181e+01 8.009808e+01 7.774268e+01
      vertex   5.751587e+01 8.009808e+01 7.687556e+01
    endloop
  endfacet
  facet normal -8.549119e-01 6.723363e-16 5.187733e-01
    outer loop
      vertex   5.751587e+01 6.009808e+01 7.687556e+01
      vertex   5.751587e+01 8.009808e+01 7.687556e+01
      vertex   5.693907e+01 6.009808e+01 7.592502e+01
    endloop
  endfacet
  facet normal -8.549119e-01 6.723363e-16 5.187733e-01
    outer loop
      vertex   5.693907e+01 6.009808e+01 7.592502e+01
      vertex   5.751587e+01 8.009808e+01 7.687556e+01
      vertex   5.693907e+01 8.009808e+01 7.592502e+01
    endloop
  endfacet
  facet normal -9.153115e-01 6.113527e-16 4.027467e-01
    outer loop
      vertex   5.693907e+01 6.009808e+01 7.592502e+01
      vertex   5.693907e+01 8.009808e+01 7.592502e+01
      vertex   5.649128e+01 6.009808e+01 7.490733e+01
    endloop
  endfacet
  facet normal -9.153115e-01 6.503679e-16 4.027467e-01
    outer loop
      vertex   5.649128e+01 6.009808e+01 7.490733e+01
      vertex   5.693907e+01 8.009808e+01 7.592502e+01
      vertex   5.649128e+01 8.009808e+01 7.490733e+01
    endloop
  endfacet
  facet normal -9.600499e-01 6.821565e-16 2.798290e-01
    outer loop
      vertex   5.649128e+01 6.009808e+01 7.490733e+01
      vertex   5.649128e+01 8.009808e+01 7.490733e+01
      vertex   5.618015e+01 6.009808e+01 7.383990e+01
    endloop
  endfacet
  facet normal -9.600499e-01 3.410782e-16 2.798290e-01
    outer loop
      vertex   5.618015e+01 6.009808e+01 7.383990e+01
      vertex   5.649128e+01 8.009808e+01 7.490733e+01
      vertex   5.618015e+01 8.009808e+01 7.383990e+01
    endloop
  endfacet
  facet normal -9.883615e-01 3.511365e-16 1.521234e-01
    outer loop
      vertex   5.618015e+01 6.009808e+01 7.383990e+01
      vertex   5.618015e+01 8.009808e+01 7.383990e+01
      vertex   5.601101e+01 6.009808e+01 7.274098e+01
    endloop
  endfacet
  facet normal -9.883615e-01 -1.080902e-16 1.521234e-01
    outer loop
      vertex   5.601101e+01 6.009808e+01 7.274098e+01
      vertex   5.618015e+01 8.009808e+01 7.383990e+01
      vertex   5.601101e+01 8.009808e+01 7.274098e+01
    endloop
  endfacet
  facet normal -9.997620e-01 -1.550041e-17 2.181489e-02
    outer loop
      vertex   5.601101e+01 6.009808e+01 7.274098e+01
      vertex   5.601101e+01 8.009808e+01 7.274098e+01
      vertex   5.598676e+01 6.009808e+01 7.162940e+01
    endloop
  endfacet
  facet normal -9.997620e-01 0.000000e+00 2.181489e-02
    outer loop
      vertex   5.598676e+01 6.009808e+01 7.162940e+01
      vertex   5.601101e+01 8.009808e+01 7.274098e+01
      vertex   5.598676e+01 8.009808e+01 7.162940e+01
    endloop
  endfacet
  facet normal -9.940563e-01 0.000000e+00 -1.088669e-01
    outer loop
      vertex   5.598676e+01 6.009808e+01 7.162940e+01
      vertex   5.598676e+01 8.009808e+01 7.162940e+01
      vertex   5.610780e+01 6.009808e+01 7.052415e+01
    endloop
  endfacet
  facet normal -9.940563e-01 4.305143e-16 -1.088669e-01
    outer loop
      vertex   5.610780e+01 6.009808e+01 7.052415e+01
      vertex   5.598676e+01 8.009808e+01 7.162940e+01
      vertex   5.610780e+01 8.009808e+01 7.052415e+01
    endloop
  endfacet
  facet normal -9.713421e-01 5.139760e-16 -2.376859e-01
    outer loop
      vertex   5.610780e+01 6.009808e+01 7.052415e+01
      vertex   5.610780e+01 8.009808e+01 7.052415e+01
      vertex   5.637207e+01 6.009808e+01 6.944416e+01
    endloop
  endfacet
  facet normal -9.713421e-01 3.450900e-16 -2.376859e-01
    outer loop
      vertex   5.637207e+01 6.009808e+01 6.944416e+01
      vertex   5.610780e+01 8.009808e+01 7.052415e+01
      vertex   5.637207e+01 8.009808e+01 6.944416e+01
    endloop
  endfacet
  facet normal -9.320079e-01 3.311157e-16 -3.624380e-01
    outer loop
      vertex   5.637207e+01 6.009808e+01 6.944416e+01
      vertex   5.637207e+01 8.009808e+01 6.944416e+01
      vertex   5.677505e+01 6.009808e+01 6.840791e+01
    endloop
  endfacet
  facet normal -9.320079e-01 6.622314e-16 -3.624380e-01
    outer loop
      vertex   5.677505e+01 6.009808e+01 6.840791e+01
      vertex   5.637207e+01 8.009808e+01 6.944416e+01
      vertex   5.677505e+01 8.009808e+01 6.840791e+01
    endloop
  endfacet
  facet normal -8.767268e-01 6.229518e-16 -4.809888e-01
    outer loop
      vertex   5.677505e+01 6.009808e+01 6.840791e+01
      vertex   5.677505e+01 8.009808e+01 6.840791e+01
      vertex   5.730984e+01 6.009808e+01 6.743311e+01
    endloop
  endfacet
  facet normal -8.767268e-01 3.114759e-16 -4.809888e-01
    outer loop
      vertex   5.730984e+01 6.009808e+01 6.743311e+01
      vertex   5.677505e+01 8.009808e+01 6.840791e+01
      vertex   5.730984e+01 8.009808e+01 6.743311e+01
    endloop
  endfacet
  facet normal -8.064446e-01 2.865067e-16 -5.913096e-01
    outer loop
      vertex   5.730984e+01 6.009808e+01 6.743311e+01
      vertex   5.730984e+01 8.009808e+01 6.743311e+01
      vertex   5.796729e+01 6.009808e+01 6.653647e+01
    endloop
  endfacet
  facet normal -8.064446e-01 7.066575e-16 -5.913096e-01
    outer loop
      vertex   5.796729e+01 6.009808e+01 6.653647e+01
      vertex   5.730984e+01 8.009808e+01 6.743311e+01
      vertex   5.796729e+01 8.009808e+01 6.653647e+01
    endloop
  endfacet
  facet normal -7.223640e-01 7.479848e-16 -6.915131e-01
    outer loop
      vertex   5.796729e+01 6.009808e+01 6.653647e+01
      vertex   5.796729e+01 8.009808e+01 6.653647e+01
      vertex   5.873615e+01 6.009808e+01 6.573330e+01
    endloop
  endfacet
  facet normal -7.223640e-01 4.913496e-16 -6.915131e-01
    outer loop
      vertex   5.873615e+01 6.009808e+01 6.573330e+01
      vertex   5.796729e+01 8.009808e+01 6.653647e+01
      vertex   5.873615e+01 8.009808e+01 6.573330e+01
    endloop
  endfacet
  facet normal -6.259235e-01 5.541413e-16 -7.798845e-01
    outer loop
      vertex   5.873615e+01 6.009808e+01 6.573330e+01
      vertex   5.873615e+01 8.009808e+01 6.573330e+01
      vertex   5.960327e+01 6.009808e+01 6.503737e+01
    endloop
  endfacet
  facet normal -6.259235e-01 0.000000e+00 -7.798845e-01
    outer loop
      vertex   5.960327e+01 6.009808e+01 6.503737e+01
      vertex   5.873615e+01 8.009808e+01 6.573330e+01
      vertex   5.960327e+01 8.009808e+01 6.503737e+01
    endloop
  endfacet
  facet normal -5.187733e-01 0.000000e+00 -8.549119e-01
    outer loop
      vertex   5.960327e+01 6.009808e+01 6.503737e+01
      vertex   5.960327e+01 8.009808e+01 6.503737e+01
      vertex   6.055380e+01 6.009808e+01 6.446057e+01
    endloop
  endfacet
  facet normal -5.187733e-01 6.074514e-16 -8.549119e-01
    outer loop
      vertex   6.055380e+01 6.009808e+01 6.446057e+01
      vertex   5.960327e+01 8.009808e+01 6.503737e+01
      vertex   6.055380e+01 8.009808e+01 6.446057e+01
    endloop
  endfacet
  facet normal -4.027467e-01 6.503679e-16 -9.153115e-01
    outer loop
      vertex   6.055380e+01 6.009808e+01 6.446057e+01
      vertex   6.055380e+01 8.009808e+01 6.446057e+01
      vertex   6.157149e+01 6.009808e+01 6.401277e+01
    endloop
  endfacet
  facet normal -4.027467e-01 7.934523e-16 -9.153115e-01
    outer loop
      vertex   6.157149e+01 6.009808e+01 6.401277e+01
      vertex   6.055380e+01 8.009808e+01 6.446057e+01
      vertex   6.157149e+01 8.009808e+01 6.401277e+01
    endloop
  endfacet
  facet normal -2.798290e-01 7.815717e-16 -9.600499e-01
    outer loop
      vertex   6.157149e+01 6.009808e+01 6.401277e+01
      vertex   6.157149e+01 8.009808e+01 6.401277e+01
      vertex   6.263893e+01 6.009808e+01 6.370164e+01
    endloop
  endfacet
  facet normal -2.798290e-01 7.815717e-16 -9.600499e-01
    outer loop
      vertex   6.263893e+01 6.009808e+01 6.370164e+01
      vertex   6.157149e+01 8.009808e+01 6.401277e+01
      vertex   6.263893e+01 8.009808e+01 6.370164e+01
    endloop
  endfacet
  facet normal -1.521234e-01 7.563182e-16 -9.883615e-01
    outer loop
      vertex   6.263893e+01 6.009808e+01 6.370164e+01
      vertex   6.263893e+01 8.009808e+01 6.370164e+01
      vertex   6.373784e+01 6.009808e+01 6.353251e+01
    endloop
  endfacet
  facet normal -1.521234e-01 2.430464e-16 -9.883615e-01
    outer loop
      vertex   6.373784e+01 6.009808e+01 6.353251e+01
      vertex   6.263893e+01 8.009808e+01 6.370164e+01
      vertex   6.373784e+01 8.009808e+01 6.353251e+01
    endloop
  endfacet
  facet normal -2.181489e-02 3.396864e-16 -9.997620e-01
    outer loop
      vertex   6.373784e+01 6.009808e+01 6.353251e+01
      vertex   6.373784e+01 8.009808e+01 6.353251e+01
      vertex   6.484943e+01 6.009808e+01 6.350825e+01
    endloop
  endfacet
  facet normal -2.181489e-02 1.550041e-17 -9.997620e-01
    outer loop
      vertex   6.484943e+01 6.009808e+01 6.350825e+01
      vertex   6.373784e+01 8.009808e+01 6.353251e+01
      vertex   6.484943e+01 8.009808e+01 6.350825e+01
    endloop
  endfacet
  facet normal 1.088669e-01 -7.735457e-17 -9.940563e-01
    outer loop
      vertex   6.484943e+01 6.009808e+01 6.350825e+01
      vertex   6.484943e+01 8.009808e+01 6.350825e+01
      vertex   6.595467e+01 6.009808e+01 6.362929e+01
    endloop
  endfacet
  facet normal 1.088669e-01 3.531598e-16 -9.940563e-01
    outer loop
      vertex   6.595467e+01 6.009808e+01 6.362929e+01
      vertex   6.484943e+01 8.009808e+01 6.350825e+01
      vertex   6.595467e+01 8.009808e+01 6.362929e+01
    endloop
  endfacet
  facet normal 2.376859e-01 3.450900e-16 -9.713421e-01
    outer loop
      vertex   6.595467e+01 6.009808e+01 6.362929e+01
      vertex   6.595467e+01 8.009808e+01 6.362929e+01
      vertex   6.703466e+01 6.009808e+01 6.389357e+01
    endloop
  endfacet
  facet normal 2.376859e-01 1.688860e-16 -9.713421e-01
    outer loop
      vertex   6.703466e+01 6.009808e+01 6.389357e+01
      vertex   6.595467e+01 8.009808e+01 6.362929e+01
      vertex   6.703466e+01 8.009808e+01 6.389357e+01
    endloop
  endfacet
  facet normal 3.624380e-01 2.575277e-16 -9.320079e-01
    outer loop
      vertex   6.703466e+01 6.009808e+01 6.389357e+01
      vertex   6.703466e+01 8.009808e+01 6.389357e+01
      vertex   6.807092e+01 6.009808e+01 6.429654e+01
    endloop
  endfacet
  facet normal 3.624380e-01 2.575277e-16 -9.320079e-01
    outer loop
      vertex   6.807092e+01 6.009808e+01 6.429654e+01
      vertex   6.703466e+01 8.009808e+01 6.389357e+01
      vertex   6.807092e+01 8.009808e+01 6.429654e+01
    endloop
  endfacet
  facet normal 4.809888e-01 3.417631e-16 -8.767268e-01
    outer loop
      vertex   6.807092e+01 6.009808e+01 6.429654e+01
      vertex   6.807092e+01 8.009808e+01 6.429654e+01
      vertex   6.904571e+01 6.009808e+01 6.483133e+01
    endloop
  endfacet
  facet normal 4.809888e-01 -3.417631e-16 -8.767268e-01
    outer loop
      vertex   6.904571e+01 6.009808e+01 6.483133e+01
      vertex   6.807092e+01 8.009808e+01 6.429654e+01
      vertex   6.904571e+01 8.009808e+01 6.483133e+01
    endloop
  endfacet
  facet normal 5.913096e-01 -4.201508e-16 -8.064446e-01
    outer loop
      vertex   6.904571e+01 6.009808e+01 6.483133e+01
      vertex   6.904571e+01 8.009808e+01 6.483133e+01
      vertex   6.994236e+01 6.009808e+01 6.548878e+01
    endloop
  endfacet
  facet normal 5.913096e-01 9.931641e-16 -8.064446e-01
    outer loop
      vertex   6.994236e+01 6.009808e+01 6.548878e+01
      vertex   6.904571e+01 8.009808e+01 6.483133e+01
      vertex   6.994236e+01 8.009808e+01 6.548878e+01
    endloop
  endfacet
  facet normal 6.915131e-01 1.004620e-15 -7.223640e-01
    outer loop
      vertex   6.994236e+01 6.009808e+01 6.548878e+01
      vertex   6.994236e+01 8.009808e+01 6.548878e+01
      vertex   7.074552e+01 6.009808e+01 6.625764e+01
    endloop
  endfacet
  facet normal 6.915131e-01 0.000000e+00 -7.223640e-01
    outer loop
      vertex   7.074552e+01 6.009808e+01 6.625764e+01
      vertex   6.994236e+01 8.009808e+01 6.548878e+01
      vertex   7.074552e+01 8.009808e+01 6.625764e+01
    endloop
  endfacet
  facet normal 7.798845e-01 0.000000e+00 -6.259235e-01
    outer loop
      vertex   7.074552e+01 6.009808e+01 6.625764e+01
      vertex   7.074552e+01 8.009808e+01 6.625764e+01
      vertex   7.144146e+01 6.009808e+01 6.712476e+01
    endloop
  endfacet
  facet normal 7.798845e-01 0.000000e+00 -6.259235e-01
    outer loop
      vertex   7.144146e+01 6.009808e+01 6.712476e+01
      vertex   7.074552e+01 8.009808e+01 6.625764e+01
      vertex   7.144146e+01 8.009808e+01 6.712476e+01
    endloop
  endfacet
  facet normal 8.549119e-01 0.000000e+00 -5.187733e-01
    outer loop
      vertex   7.144146e+01 6.009808e+01 6.712476e+01
      vertex   7.144146e+01 8.009808e+01 6.712476e+01
      vertex   7.201826e+01 6.009808e+01 6.807530e+01
    endloop
  endfacet
  facet normal 8.549119e-01 6.074514e-16 -5.187733e-01
    outer loop
      vertex   7.201826e+01 6.009808e+01 6.807530e+01
      vertex   7.144146e+01 8.009808e+01 6.712476e+01
      vertex   7.201826e+01 8.009808e+01 6.807530e+01
    endloop
  endfacet
  facet normal 9.153115e-01 6.503679e-16 -4.027467e-01
    outer loop
      vertex   7.201826e+01 6.009808e+01 6.807530e+01
      vertex   7.201826e+01 8.009808e+01 6.807530e+01
      vertex   7.246605e+01 6.009808e+01 6.909299e+01
    endloop
  endfacet
  facet normal 9.153115e-01 0.000000e+00 -4.027467e-01
    outer loop
      vertex   7.246605e+01 6.009808e+01 6.909299e+01
      vertex   7.201826e+01 8.009808e+01 6.807530e+01
      vertex   7.246605e+01 8.009808e+01 6.909299e+01
    endloop
  endfacet
  facet normal 9.600499e-01 0.000000e+00 -2.798290e-01
    outer loop
      vertex   7.246605e+01 6.009808e+01 6.909299e+01
      vertex   7.246605e+01 8.009808e+01 6.909299e+01
      vertex   7.277718e+01 6.009808e+01 7.016042e+01
    endloop
  endfacet
  facet normal 9.600499e-01 6.821565e-16 -2.798290e-01
    outer loop
      vertex   7.277718e+01 6.009808e+01 7.016042e+01
      vertex   7.246605e+01 8.009808e+01 6.909299e+01
      vertex   7.277718e+01 8.009808e+01 7.016042e+01
    endloop
  endfacet
  facet normal 9.883615e-01 7.022731e-16 -1.521234e-01
    outer loop
      vertex   7.277718e+01 6.009808e+01 7.016042e+01
      vertex   7.277718e+01 8.009808e+01 7.016042e+01
      vertex   7.294632e+01 6.009808e+01 7.125934e+01
    endloop
  endfacet
  facet normal 9.883615e-01 -1.080902e-16 -1.521234e-01
    outer loop
      vertex   7.294632e+01 6.009808e+01 7.125934e+01
      vertex   7.277718e+01 8.009808e+01 7.016042e+01
      vertex   7.294632e+01 8.009808e+01 7.125934e+01
    endloop
  endfacet
  facet normal 9.997620e-01 -1.550041e-17 -2.181489e-02
    outer loop
      vertex   7.294632e+01 6.009808e+01 7.125934e+01
      vertex   7.294632e+01 8.009808e+01 7.125934e+01
      vertex   7.297058e+01 6.009808e+01 7.237093e+01
    endloop
  endfacet
  facet normal 9.997620e-01 1.550041e-17 -2.181489e-02
    outer loop
      vertex   7.297058e+01 6.009808e+01 7.237093e+01
      vertex   7.294632e+01 8.009808e+01 7.125934e+01
      vertex   7.297058e+01 8.009808e+01 7.237093e+01
    endloop
  endfacet
  facet normal 9.940563e-01 -7.735457e-17 1.088669e-01
    outer loop
      vertex   7.297058e+01 6.009808e+01 7.237093e+01
      vertex   7.297058e+01 8.009808e+01 7.237093e+01
      vertex   7.284953e+01 6.009808e+01 7.347617e+01
    endloop
  endfacet
  facet normal 9.940563e-01 -0.000000e+00 1.088669e-01
    outer loop
      vertex   7.284953e+01 6.009808e+01 7.347617e+01
      vertex   7.297058e+01 8.009808e+01 7.237093e+01
      vertex   7.284953e+01 8.009808e+01 7.347617e+01
    endloop
  endfacet
  facet normal 9.713421e-01 -0.000000e+00 2.376859e-01
    outer loop
      vertex   7.284953e+01 6.009808e+01 7.347617e+01
      vertex   7.284953e+01 8.009808e+01 7.347617e+01
      vertex   7.258526e+01 6.009808e+01 7.455616e+01
    endloop
  endfacet
  facet normal 9.713421e-01 1.688860e-16 2.376859e-01
    outer loop
      vertex   7.258526e+01 6.009808e+01 7.455616e+01
      vertex   7.284953e+01 8.009808e+01 7.347617e+01
      vertex   7.258526e+01 8.009808e+01 7.455616e+01
    endloop
  endfacet
  facet normal 9.320079e-01 2.575277e-16 3.624380e-01
    outer loop
      vertex   7.258526e+01 6.009808e+01 7.455616e+01
      vertex   7.258526e+01 8.009808e+01 7.455616e+01
      vertex   7.218228e+01 6.009808e+01 7.559242e+01
    endloop
  endfacet
  facet normal 9.320079e-01 -0.000000e+00 3.624380e-01
    outer loop
      vertex   7.218228e+01 6.009808e+01 7.559242e+01
      vertex   7.258526e+01 8.009808e+01 7.455616e+01
      vertex   7.218228e+01 8.009808e+01 7.559242e+01
    endloop
  endfacet
  facet normal 8.767268e-01 -0.000000e+00 4.809888e-01
    outer loop
      vertex   7.218228e+01 6.009808e+01 7.559242e+01
      vertex   7.218228e+01 8.009808e+01 7.559242e+01
      vertex   7.164749e+01 6.009808e+01 7.656721e+01
    endloop
  endfacet
  facet normal 8.767268e-01 -0.000000e+00 4.809888e-01
    outer loop
      vertex   7.164749e+01 6.009808e+01 7.656721e+01
      vertex   7.218228e+01 8.009808e+01 7.559242e+01
      vertex   7.164749e+01 8.009808e+01 7.656721e+01
    endloop
  endfacet
  facet normal 8.064446e-01 -0.000000e+00 5.913096e-01
    outer loop
      vertex   7.164749e+01 6.009808e+01 7.656721e+01
      vertex   7.164749e+01 8.009808e+01 7.656721e+01
      vertex   7.099004e+01 6.009808e+01 7.746386e+01
    endloop
  endfacet
  facet normal 8.064446e-01 9.931641e-16 5.913096e-01
    outer loop
      vertex   7.099004e+01 6.009808e+01 7.746386e+01
      vertex   7.164749e+01 8.009808e+01 7.656721e+01
      vertex   7.099004e+01 8.009808e+01 7.746386e+01
    endloop
  endfacet
  facet normal 7.223640e-01 1.004620e-15 6.915131e-01
    outer loop
      vertex   7.099004e+01 6.009808e+01 7.746386e+01
      vertex   7.099004e+01 8.009808e+01 7.746386e+01
      vertex   7.022118e+01 6.009808e+01 7.826702e+01
    endloop
  endfacet
  facet normal 7.223640e-01 -0.000000e+00 6.915131e-01
    outer loop
      vertex   7.022118e+01 6.009808e+01 7.826702e+01
      vertex   7.099004e+01 8.009808e+01 7.746386e+01
      vertex   7.022118e+01 8.009808e+01 7.826702e+01
    endloop
  endfacet
  facet normal 6.259235e-01 -0.000000e+00 7.798845e-01
    outer loop
      vertex   7.022118e+01 6.009808e+01 7.826702e+01
      vertex   7.022118e+01 8.009808e+01 7.826702e+01
      vertex   6.935406e+01 6.009808e+01 7.896295e+01
    endloop
  endfacet
  facet normal 6.259235e-01 -0.000000e+00 7.798845e-01
    outer loop
      vertex   6.935406e+01 6.009808e+01 7.896295e+01
      vertex   7.022118e+01 8.009808e+01 7.826702e+01
      vertex   6.935406e+01 8.009808e+01 7.896295e+01
    endloop
  endfacet
  facet normal 5.187733e-01 -0.000000e+00 8.549119e-01
    outer loop
      vertex   6.935406e+01 6.009808e+01 7.896295e+01
      vertex   6.935406e+01 8.009808e+01 7.896295e+01
      vertex   6.840353e+01 6.009808e+01 7.953975e+01
    endloop
  endfacet
  facet normal 5.187733e-01 6.074514e-16 8.549119e-01
    outer loop
      vertex   6.840353e+01 6.009808e+01 7.953975e+01
      vertex   6.935406e+01 8.009808e+01 7.896295e+01
      vertex   6.840353e+01 8.009808e+01 7.953975e+01
    endloop
  endfacet
  facet normal 4.027467e-01 6.503679e-16 9.153115e-01
    outer loop
      vertex   6.840353e+01 6.009808e+01 7.953975e+01
      vertex   6.840353e+01 8.009808e+01 7.953975e+01
      vertex   6.738584e+01 6.009808e+01 7.998755e+01
    endloop
  endfacet
  facet normal 4.027467e-01 -0.000000e+00 9.153115e-01
    outer loop
      vertex   6.738584e+01 6.009808e+01 7.998755e+01
      vertex   6.840353e+01 8.009808e+01 7.953975e+01
      vertex   6.738584e+01 8.009808e+01 7.998755e+01
    endloop
  endfacet
  facet normal 2.798290e-01 -0.000000e+00 9.600499e-01
    outer loop
      vertex   6.738584e+01 6.009808e+01 7.998755e+01
      vertex   6.738584e+01 8.009808e+01 7.998755e+01
      vertex   6.631840e+01 6.009808e+01 8.029868e+01
    endloop
  endfacet
  facet normal 2.798290e-01 -0.000000e+00 9.600499e-01
    outer loop
      vertex   6.631840e+01 6.009808e+01 8.029868e+01
      vertex   6.738584e+01 8.009808e+01 7.998755e+01
      vertex   6.631840e+01 8.009808e+01 8.029868e+01
    endloop
  endfacet
  facet normal 1.521234e-01 -0.000000e+00 9.883615e-01
    outer loop
      vertex   6.631840e+01 6.009808e+01 8.029868e+01
      vertex   6.631840e+01 8.009808e+01 8.029868e+01
      vertex   6.521949e+01 6.009808e+01 8.046782e+01
    endloop
  endfacet
  facet normal 1.521234e-01 1.296456e-15 9.883615e-01
    outer loop
      vertex   6.521949e+01 6.009808e+01 8.046782e+01
      vertex   6.631840e+01 8.009808e+01 8.029868e+01
      vertex   6.521949e+01 8.009808e+01 8.046782e+01
    endloop
  endfacet
  facet normal 2.181489e-02 1.405247e-15 9.997620e-01
    outer loop
      vertex   6.521949e+01 6.009808e+01 8.046782e+01
      vertex   6.521949e+01 8.009808e+01 8.046782e+01
      vertex   6.410790e+01 6.009808e+01 8.049207e+01
    endloop
  endfacet
  facet normal 2.181489e-02 1.550041e-17 9.997620e-01
    outer loop
      vertex   6.410790e+01 6.009808e+01 8.049207e+01
      vertex   6.521949e+01 8.009808e+01 8.046782e+01
      vertex   6.410790e+01 8.009808e+01 8.049207e+01
    endloop
  endfacet
  facet normal -1.088669e-01 -7.735457e-17 9.940563e-01
    outer loop
      vertex   6.410790e+01 6.009808e+01 8.049207e+01
      vertex   6.410790e+01 8.009808e+01 8.049207e+01
      vertex   6.300266e+01 6.009808e+01 8.037103e+01
    endloop
  endfacet
  facet normal -1.088669e-01 1.451316e-15 9.940563e-01
    outer loop
      vertex   6.300266e+01 6.009808e+01 8.037103e+01
      vertex   6.410790e+01 8.009808e+01 8.049207e+01
      vertex   6.300266e+01 8.009808e+01 8.037103e+01
    endloop
  endfacet
  facet normal -2.376859e-01 1.464803e-15 9.713421e-01
    outer loop
      vertex   6.300266e+01 6.009808e+01 8.037103e+01
      vertex   6.300266e+01 8.009808e+01 8.037103e+01
      vertex   6.192267e+01 6.009808e+01 8.010675e+01
    endloop
  endfacet
  facet normal -2.376859e-01 6.901801e-16 9.713421e-01
    outer loop
      vertex   6.192267e+01 6.009808e+01 8.010675e+01
      vertex   6.300266e+01 8.009808e+01 8.037103e+01
      vertex   6.192267e+01 8.009808e+01 8.010675e+01
    endloop
  endfacet
  facet normal -3.624380e-01 6.622314e-16 9.320079e-01
    outer loop
      vertex   6.192267e+01 6.009808e+01 8.010675e+01
      vertex   6.192267e+01 8.009808e+01 8.010675e+01
      vertex   6.088641e+01 6.009808e+01 7.970378e+01
    endloop
  endfacet
  facet normal -3.624380e-01 1.287639e-16 9.320079e-01
    outer loop
      vertex   6.088641e+01 6.009808e+01 7.970378e+01
      vertex   6.192267e+01 8.009808e+01 8.010675e+01
      vertex   6.088641e+01 8.009808e+01 7.970378e+01
    endloop
  endfacet
  facet normal -4.809888e-01 1.708815e-16 8.767268e-01
    outer loop
      vertex   6.088641e+01 6.009808e+01 7.970378e+01
      vertex   6.088641e+01 8.009808e+01 7.970378e+01
      vertex   5.991162e+01 6.009808e+01 7.916899e+01
    endloop
  endfacet
  facet normal -4.809888e-01 1.708815e-16 8.767268e-01
    outer loop
      vertex   5.991162e+01 6.009808e+01 7.916899e+01
      vertex   6.088641e+01 8.009808e+01 7.970378e+01
      vertex   5.991162e+01 8.009808e+01 7.916899e+01
    endloop
  endfacet
  facet normal -5.913096e-01 2.100754e-16 8.064446e-01
    outer loop
      vertex   5.991162e+01 6.009808e+01 7.916899e+01
      vertex   5.991162e+01 8.009808e+01 7.916899e+01
      vertex   5.901497e+01 6.009808e+01 7.851154e+01
    endloop
  endfacet
  facet normal -5.913096e-01 5.730134e-16 8.064446e-01
    outer loop
      vertex   5.901497e+01 6.009808e+01 7.851154e+01
      vertex   5.991162e+01 8.009808e+01 7.916899e+01
      vertex   5.901497e+01 8.009808e+01 7.851154e+01
    endloop
  endfacet
  facet normal -6.915131e-01 5.132705e-16 7.223640e-01
    outer loop
      vertex   5.901497e+01 6.009808e+01 7.851154e+01
      vertex   5.901497e+01 8.009808e+01 7.851154e+01
      vertex   5.821181e+01 6.009808e+01 7.774268e+01
    endloop
  endfacet
  facet normal -6.915131e-01 2.456748e-16 7.223640e-01
    outer loop
      vertex   5.821181e+01 6.009808e+01 7.774268e+01
      vertex   5.901497e+01 8.009808e+01 7.851154e+01
      vertex   5.821181e+01 8.009808e+01 7.774268e+01
    endloop
  endfacet
  facet normal -7.407716e-01 4.991965e-01 4.495112e-01
    outer loop
      vertex   5.693907e+01 8.009808e+01 7.592502e+01
      vertex   5.751587e+01 8.009808e+01 7.687556e+01
      vertex   5.813024e+01 8.139711e+01 7.644538e+01
    endloop
  endfacet
  facet normal -6.757612e-01 4.991965e-01 5.423557e-01
    outer loop
      vertex   5.813024e+01 8.139711e+01 7.644538e+01
      vertex   5.751587e+01 8.009808e+01 7.687556e+01
      vertex   5.821181e+01 8.009808e+01 7.774268e+01
    endloop
  endfacet
  facet normal -6.735365e-01 5.007073e-01 5.437286e-01
    outer loop
      vertex   5.813024e+01 8.139711e+01 7.644538e+01
      vertex   5.821181e+01 8.009808e+01 7.774268e+01
      vertex   5.879466e+01 8.139711e+01 7.726842e+01
    endloop
  endfacet
  facet normal -5.997386e-01 4.978126e-01 6.264952e-01
    outer loop
      vertex   5.879466e+01 8.139711e+01 7.726842e+01
      vertex   5.821181e+01 8.009808e+01 7.774268e+01
      vertex   5.901497e+01 8.009808e+01 7.851154e+01
    endloop
  endfacet
  facet normal -5.926533e-01 5.021477e-01 6.297696e-01
    outer loop
      vertex   5.879466e+01 8.139711e+01 7.726842e+01
      vertex   5.901497e+01 8.009808e+01 7.851154e+01
      vertex   5.956496e+01 8.139711e+01 7.799332e+01
    endloop
  endfacet
  facet normal -5.132612e-01 4.965511e-01 7.000000e-01
    outer loop
      vertex   5.956496e+01 8.139711e+01 7.799332e+01
      vertex   5.901497e+01 8.009808e+01 7.851154e+01
      vertex   5.991162e+01 8.009808e+01 7.916899e+01
    endloop
  endfacet
  facet normal -5.009413e-01 5.034475e-01 7.039875e-01
    outer loop
      vertex   5.956496e+01 8.139711e+01 7.799332e+01
      vertex   5.991162e+01 8.009808e+01 7.916899e+01
      vertex   6.042679e+01 8.139711e+01 7.860659e+01
    endloop
  endfacet
  facet normal -4.178146e-01 4.954129e-01 7.615754e-01
    outer loop
      vertex   6.042679e+01 8.139711e+01 7.860659e+01
      vertex   5.991162e+01 8.009808e+01 7.916899e+01
      vertex   6.088641e+01 8.009808e+01 7.970378e+01
    endloop
  endfacet
  facet normal -4.001022e-01 5.046077e-01 7.650420e-01
    outer loop
      vertex   6.042679e+01 8.139711e+01 7.860659e+01
      vertex   6.088641e+01 8.009808e+01 7.970378e+01
      vertex   6.136411e+01 8.139711e+01 7.909678e+01
    endloop
  endfacet
  facet normal -3.150439e-01 4.943989e-01 8.101340e-01
    outer loop
      vertex   6.136411e+01 8.139711e+01 7.909678e+01
      vertex   6.088641e+01 8.009808e+01 7.970378e+01
      vertex   6.192267e+01 8.009808e+01 8.010675e+01
    endloop
  endfacet
  facet normal -2.920000e-01 5.056293e-01 8.118344e-01
    outer loop
      vertex   6.136411e+01 8.139711e+01 7.909678e+01
      vertex   6.192267e+01 8.009808e+01 8.010675e+01
      vertex   6.235944e+01 8.139711e+01 7.945478e+01
    endloop
  endfacet
  facet normal -2.067250e-01 4.935100e-01 8.448152e-01
    outer loop
      vertex   6.235944e+01 8.139711e+01 7.945478e+01
      vertex   6.192267e+01 8.009808e+01 8.010675e+01
      vertex   6.300266e+01 8.009808e+01 8.037103e+01
    endloop
  endfacet
  facet normal -1.786281e-01 5.065129e-01 8.435263e-01
    outer loop
      vertex   6.235944e+01 8.139711e+01 7.945478e+01
      vertex   6.300266e+01 8.009808e+01 8.037103e+01
      vertex   6.339425e+01 8.139711e+01 7.967392e+01
    endloop
  endfacet
  facet normal -9.473299e-02 4.927467e-01 8.650008e-01
    outer loop
      vertex   6.339425e+01 8.139711e+01 7.967392e+01
      vertex   6.300266e+01 8.009808e+01 8.037103e+01
      vertex   6.410790e+01 8.009808e+01 8.049207e+01
    endloop
  endfacet
  facet normal -6.207262e-02 5.072595e-01 8.595550e-01
    outer loop
      vertex   6.339425e+01 8.139711e+01 7.967392e+01
      vertex   6.410790e+01 8.009808e+01 8.049207e+01
      vertex   6.444926e+01 8.139711e+01 7.975010e+01
    endloop
  endfacet
  facet normal 1.899058e-02 4.921098e-01 8.703260e-01
    outer loop
      vertex   6.444926e+01 8.139711e+01 7.975010e+01
      vertex   6.410790e+01 8.009808e+01 8.049207e+01
      vertex   6.521949e+01 8.009808e+01 8.046782e+01
    endloop
  endfacet
  facet normal 5.552509e-02 5.078695e-01 8.596427e-01
    outer loop
      vertex   6.444926e+01 8.139711e+01 7.975010e+01
      vertex   6.521949e+01 8.009808e+01 8.046782e+01
      vertex   6.550482e+01 8.139711e+01 7.968193e+01
    endloop
  endfacet
  facet normal 1.324723e-01 4.915996e-01 8.606863e-01
    outer loop
      vertex   6.550482e+01 8.139711e+01 7.968193e+01
      vertex   6.521949e+01 8.009808e+01 8.046782e+01
      vertex   6.631840e+01 8.009808e+01 8.029868e+01
    endloop
  endfacet
  facet normal 1.720068e-01 5.083434e-01 8.438013e-01
    outer loop
      vertex   6.550482e+01 8.139711e+01 7.968193e+01
      vertex   6.631840e+01 8.009808e+01 8.029868e+01
      vertex   6.654126e+01 8.139711e+01 7.947065e+01
    endloop
  endfacet
  facet normal 2.437415e-01 4.912167e-01 8.362393e-01
    outer loop
      vertex   6.654126e+01 8.139711e+01 7.947065e+01
      vertex   6.631840e+01 8.009808e+01 8.029868e+01
      vertex   6.738584e+01 8.009808e+01 7.998755e+01
    endloop
  endfacet
  facet normal 2.852361e-01 5.086816e-01 8.123320e-01
    outer loop
      vertex   6.654126e+01 8.139711e+01 7.947065e+01
      vertex   6.738584e+01 8.009808e+01 7.998755e+01
      vertex   6.753928e+01 8.139711e+01 7.912021e+01
    endloop
  endfacet
  facet normal 3.508654e-01 4.909612e-01 7.974024e-01
    outer loop
      vertex   6.753928e+01 8.139711e+01 7.912021e+01
      vertex   6.738584e+01 8.009808e+01 7.998755e+01
      vertex   6.840353e+01 8.009808e+01 7.953975e+01
    endloop
  endfacet
  facet normal 3.931372e-01 5.088845e-01 7.658197e-01
    outer loop
      vertex   6.753928e+01 8.139711e+01 7.912021e+01
      vertex   6.840353e+01 8.009808e+01 7.953975e+01
      vertex   6.848029e+01 8.139711e+01 7.863714e+01
    endloop
  endfacet
  facet normal 4.519830e-01 4.908334e-01 7.448449e-01
    outer loop
      vertex   6.848029e+01 8.139711e+01 7.863714e+01
      vertex   6.840353e+01 8.009808e+01 7.953975e+01
      vertex   6.935406e+01 8.009808e+01 7.896295e+01
    endloop
  endfacet
  facet normal 4.937316e-01 5.089521e-01 7.051219e-01
    outer loop
      vertex   6.848029e+01 8.139711e+01 7.863714e+01
      vertex   6.935406e+01 8.009808e+01 7.896295e+01
      vertex   6.934675e+01 8.139711e+01 7.803044e+01
    endloop
  endfacet
  facet normal 5.453380e-01 4.908334e-01 6.794770e-01
    outer loop
      vertex   6.934675e+01 8.139711e+01 7.803044e+01
      vertex   6.935406e+01 8.009808e+01 7.896295e+01
      vertex   7.022118e+01 8.009808e+01 7.826702e+01
    endloop
  endfacet
  facet normal 5.851742e-01 5.088845e-01 6.313538e-01
    outer loop
      vertex   6.934675e+01 8.139711e+01 7.803044e+01
      vertex   7.022118e+01 8.009808e+01 7.826702e+01
      vertex   7.012253e+01 8.139711e+01 7.731140e+01
    endloop
  endfacet
  facet normal 6.293101e-01 4.909612e-01 6.024333e-01
    outer loop
      vertex   7.012253e+01 8.139711e+01 7.731140e+01
      vertex   7.022118e+01 8.009808e+01 7.826702e+01
      vertex   7.099004e+01 8.009808e+01 7.746386e+01
    endloop
  endfacet
  facet normal 6.657859e-01 5.086816e-01 5.458682e-01
    outer loop
      vertex   7.012253e+01 8.139711e+01 7.731140e+01
      vertex   7.099004e+01 8.009808e+01 7.746386e+01
      vertex   7.079318e+01 8.139711e+01 7.649342e+01
    endloop
  endfacet
  facet normal 7.024434e-01 4.912167e-01 5.150528e-01
    outer loop
      vertex   7.079318e+01 8.139711e+01 7.649342e+01
      vertex   7.099004e+01 8.009808e+01 7.746386e+01
      vertex   7.164749e+01 8.009808e+01 7.656721e+01
    endloop
  endfacet
  facet normal 7.340841e-01 5.083434e-01 4.502305e-01
    outer loop
      vertex   7.079318e+01 8.139711e+01 7.649342e+01
      vertex   7.164749e+01 8.009808e+01 7.656721e+01
      vertex   7.134620e+01 8.139711e+01 7.559175e+01
    endloop
  endfacet
  facet normal 7.634724e-01 4.915996e-01 4.188553e-01
    outer loop
      vertex   7.134620e+01 8.139711e+01 7.559175e+01
      vertex   7.164749e+01 8.009808e+01 7.656721e+01
      vertex   7.218228e+01 8.009808e+01 7.559242e+01
    endloop
  endfacet
  facet normal 7.888092e-01 5.078695e-01 3.461916e-01
    outer loop
      vertex   7.134620e+01 8.139711e+01 7.559175e+01
      vertex   7.218228e+01 8.009808e+01 7.559242e+01
      vertex   7.177129e+01 8.139711e+01 7.462317e+01
    endloop
  endfacet
  facet normal 8.113437e-01 4.921098e-01 3.155143e-01
    outer loop
      vertex   7.177129e+01 8.139711e+01 7.462317e+01
      vertex   7.218228e+01 8.009808e+01 7.559242e+01
      vertex   7.258526e+01 8.009808e+01 7.455616e+01
    endloop
  endfacet
  facet normal 8.289476e-01 5.072595e-01 2.356559e-01
    outer loop
      vertex   7.177129e+01 8.139711e+01 7.462317e+01
      vertex   7.258526e+01 8.009808e+01 7.455616e+01
      vertex   7.206053e+01 8.139711e+01 7.360572e+01
    endloop
  endfacet
  facet normal 8.452354e-01 4.927467e-01 2.068278e-01
    outer loop
      vertex   7.206053e+01 8.139711e+01 7.360572e+01
      vertex   7.258526e+01 8.009808e+01 7.455616e+01
      vertex   7.284953e+01 8.009808e+01 7.347617e+01
    endloop
  endfacet
  facet normal 8.537499e-01 5.065129e-01 1.206474e-01
    outer loop
      vertex   7.206053e+01 8.139711e+01 7.360572e+01
      vertex   7.284953e+01 8.009808e+01 7.347617e+01
      vertex   7.220854e+01 8.139711e+01 7.255837e+01
    endloop
  endfacet
  facet normal 8.645707e-01 4.935100e-01 9.468589e-02
    outer loop
      vertex   7.220854e+01 8.139711e+01 7.255837e+01
      vertex   7.284953e+01 8.009808e+01 7.347617e+01
      vertex   7.297058e+01 8.009808e+01 7.237093e+01
    endloop
  endfacet
  facet normal 8.627446e-01 5.056293e-01 3.273436e-03
    outer loop
      vertex   7.220854e+01 8.139711e+01 7.255837e+01
      vertex   7.297058e+01 8.009808e+01 7.237093e+01
      vertex   7.221255e+01 8.139711e+01 7.150062e+01
    endloop
  endfacet
  facet normal 8.690283e-01 4.943989e-01 -1.896226e-02
    outer loop
      vertex   7.221255e+01 8.139711e+01 7.150062e+01
      vertex   7.297058e+01 8.009808e+01 7.237093e+01
      vertex   7.294632e+01 8.009808e+01 7.125934e+01
    endloop
  endfacet
  facet normal 8.557473e-01 5.046077e-01 -1.143133e-01
    outer loop
      vertex   7.221255e+01 8.139711e+01 7.150062e+01
      vertex   7.294632e+01 8.009808e+01 7.125934e+01
      vertex   7.207249e+01 8.139711e+01 7.045218e+01
    endloop
  endfacet
  facet normal 8.585478e-01 4.954129e-01 -1.321431e-01
    outer loop
      vertex   7.207249e+01 8.139711e+01 7.045218e+01
      vertex   7.294632e+01 8.009808e+01 7.125934e+01
      vertex   7.277718e+01 8.009808e+01 7.016042e+01
    endloop
  endfacet
  facet normal 8.328639e-01 5.034475e-01 -2.299530e-01
    outer loop
      vertex   7.207249e+01 8.139711e+01 7.045218e+01
      vertex   7.277718e+01 8.009808e+01 7.016042e+01
      vertex   7.179098e+01 8.139711e+01 6.943257e+01
    endloop
  endfacet
  facet normal 8.333305e-01 4.965511e-01 -2.428937e-01
    outer loop
      vertex   7.179098e+01 8.139711e+01 6.943257e+01
      vertex   7.277718e+01 8.009808e+01 7.016042e+01
      vertex   7.246605e+01 8.009808e+01 6.909299e+01
    endloop
  endfacet
  facet normal 7.944892e-01 5.021477e-01 -3.415181e-01
    outer loop
      vertex   7.179098e+01 8.139711e+01 6.943257e+01
      vertex   7.246605e+01 8.009808e+01 6.909299e+01
      vertex   7.137325e+01 8.139711e+01 6.846079e+01
    endloop
  endfacet
  facet normal 7.938356e-01 4.978126e-01 -3.492960e-01
    outer loop
      vertex   7.137325e+01 8.139711e+01 6.846079e+01
      vertex   7.246605e+01 8.009808e+01 6.909299e+01
      vertex   7.201826e+01 8.009808e+01 6.807530e+01
    endloop
  endfacet
  facet normal 7.413008e-01 5.007073e-01 -4.469511e-01
    outer loop
      vertex   7.137325e+01 8.139711e+01 6.846079e+01
      vertex   7.201826e+01 8.009808e+01 6.807530e+01
      vertex   7.082709e+01 8.139711e+01 6.755494e+01
    endloop
  endfacet
  facet normal 7.407716e-01 4.991965e-01 -4.495112e-01
    outer loop
      vertex   7.082709e+01 8.139711e+01 6.755494e+01
      vertex   7.201826e+01 8.009808e+01 6.807530e+01
      vertex   7.144146e+01 8.009808e+01 6.712476e+01
    endloop
  endfacet
  facet normal 6.757612e-01 4.991965e-01 -5.423557e-01
    outer loop
      vertex   7.082709e+01 8.139711e+01 6.755494e+01
      vertex   7.144146e+01 8.009808e+01 6.712476e+01
      vertex   7.074552e+01 8.009808e+01 6.625764e+01
    endloop
  endfacet
  facet normal 6.735365e-01 5.007073e-01 -5.437286e-01
    outer loop
      vertex   7.082709e+01 8.139711e+01 6.755494e+01
      vertex   7.074552e+01 8.009808e+01 6.625764e+01
      vertex   7.016267e+01 8.139711e+01 6.673190e+01
    endloop
  endfacet
  facet normal 5.997386e-01 4.978126e-01 -6.264952e-01
    outer loop
      vertex   7.016267e+01 8.139711e+01 6.673190e+01
      vertex   7.074552e+01 8.009808e+01 6.625764e+01
      vertex   6.994236e+01 8.009808e+01 6.548878e+01
    endloop
  endfacet
  facet normal 5.926533e-01 5.021477e-01 -6.297696e-01
    outer loop
      vertex   7.016267e+01 8.139711e+01 6.673190e+01
      vertex   6.994236e+01 8.009808e+01 6.548878e+01
      vertex   6.939237e+01 8.139711e+01 6.600700e+01
    endloop
  endfacet
  facet normal 5.132612e-01 4.965511e-01 -7.000000e-01
    outer loop
      vertex   6.939237e+01 8.139711e+01 6.600700e+01
      vertex   6.994236e+01 8.009808e+01 6.548878e+01
      vertex   6.904571e+01 8.009808e+01 6.483133e+01
    endloop
  endfacet
  facet normal 5.009413e-01 5.034475e-01 -7.039875e-01
    outer loop
      vertex   6.939237e+01 8.139711e+01 6.600700e+01
      vertex   6.904571e+01 8.009808e+01 6.483133e+01
      vertex   6.853054e+01 8.139711e+01 6.539374e+01
    endloop
  endfacet
  facet normal 4.178146e-01 4.954129e-01 -7.615754e-01
    outer loop
      vertex   6.853054e+01 8.139711e+01 6.539374e+01
      vertex   6.904571e+01 8.009808e+01 6.483133e+01
      vertex   6.807092e+01 8.009808e+01 6.429654e+01
    endloop
  endfacet
  facet normal 4.001022e-01 5.046077e-01 -7.650420e-01
    outer loop
      vertex   6.853054e+01 8.139711e+01 6.539374e+01
      vertex   6.807092e+01 8.009808e+01 6.429654e+01
      vertex   6.759322e+01 8.139711e+01 6.490354e+01
    endloop
  endfacet
  facet normal 3.150439e-01 4.943989e-01 -8.101340e-01
    outer loop
      vertex   6.759322e+01 8.139711e+01 6.490354e+01
      vertex   6.807092e+01 8.009808e+01 6.429654e+01
      vertex   6.703466e+01 8.009808e+01 6.389357e+01
    endloop
  endfacet
  facet normal 2.920000e-01 5.056293e-01 -8.118344e-01
    outer loop
      vertex   6.759322e+01 8.139711e+01 6.490354e+01
      vertex   6.703466e+01 8.009808e+01 6.389357e+01
      vertex   6.659789e+01 8.139711e+01 6.454554e+01
    endloop
  endfacet
  facet normal 2.067250e-01 4.935100e-01 -8.448152e-01
    outer loop
      vertex   6.659789e+01 8.139711e+01 6.454554e+01
      vertex   6.703466e+01 8.009808e+01 6.389357e+01
      vertex   6.595467e+01 8.009808e+01 6.362929e+01
    endloop
  endfacet
  facet normal 1.786281e-01 5.065129e-01 -8.435263e-01
    outer loop
      vertex   6.659789e+01 8.139711e+01 6.454554e+01
      vertex   6.595467e+01 8.009808e+01 6.362929e+01
      vertex   6.556308e+01 8.139711e+01 6.432640e+01
    endloop
  endfacet
  facet normal 9.473299e-02 4.927467e-01 -8.650008e-01
    outer loop
      vertex   6.556308e+01 8.139711e+01 6.432640e+01
      vertex   6.595467e+01 8.009808e+01 6.362929e+01
      vertex   6.484943e+01 8.009808e+01 6.350825e+01
    endloop
  endfacet
  facet normal 6.207262e-02 5.072595e-01 -8.595550e-01
    outer loop
      vertex   6.556308e+01 8.139711e+01 6.432640e+01
      vertex   6.484943e+01 8.009808e+01 6.350825e+01
      vertex   6.450807e+01 8.139711e+01 6.425022e+01
    endloop
  endfacet
  facet normal -1.899058e-02 4.921098e-01 -8.703260e-01
    outer loop
      vertex   6.450807e+01 8.139711e+01 6.425022e+01
      vertex   6.484943e+01 8.009808e+01 6.350825e+01
      vertex   6.373784e+01 8.009808e+01 6.353251e+01
    endloop
  endfacet
  facet normal -5.552509e-02 5.078695e-01 -8.596427e-01
    outer loop
      vertex   6.450807e+01 8.139711e+01 6.425022e+01
      vertex   6.373784e+01 8.009808e+01 6.353251e+01
      vertex   6.345251e+01 8.139711e+01 6.431840e+01
    endloop
  endfacet
  facet normal -1.324723e-01 4.915996e-01 -8.606863e-01
    outer loop
      vertex   6.345251e+01 8.139711e+01 6.431840e+01
      vertex   6.373784e+01 8.009808e+01 6.353251e+01
      vertex   6.263893e+01 8.009808e+01 6.370164e+01
    endloop
  endfacet
  facet normal -1.720068e-01 5.083434e-01 -8.438013e-01
    outer loop
      vertex   6.345251e+01 8.139711e+01 6.431840e+01
      vertex   6.263893e+01 8.009808e+01 6.370164e+01
      vertex   6.241607e+01 8.139711e+01 6.452967e+01
    endloop
  endfacet
  facet normal -2.437415e-01 4.912167e-01 -8.362393e-01
    outer loop
      vertex   6.241607e+01 8.139711e+01 6.452967e+01
      vertex   6.263893e+01 8.009808e+01 6.370164e+01
      vertex   6.157149e+01 8.009808e+01 6.401277e+01
    endloop
  endfacet
  facet normal -2.852361e-01 5.086816e-01 -8.123320e-01
    outer loop
      vertex   6.241607e+01 8.139711e+01 6.452967e+01
      vertex   6.157149e+01 8.009808e+01 6.401277e+01
      vertex   6.141805e+01 8.139711e+01 6.488011e+01
    endloop
  endfacet
  facet normal -3.508654e-01 4.909612e-01 -7.974024e-01
    outer loop
      vertex   6.141805e+01 8.139711e+01 6.488011e+01
      vertex   6.157149e+01 8.009808e+01 6.401277e+01
      vertex   6.055380e+01 8.009808e+01 6.446057e+01
    endloop
  endfacet
  facet normal -3.931372e-01 5.088845e-01 -7.658197e-01
    outer loop
      vertex   6.141805e+01 8.139711e+01 6.488011e+01
      vertex   6.055380e+01 8.009808e+01 6.446057e+01
      vertex   6.047704e+01 8.139711e+01 6.536318e+01
    endloop
  endfacet
  facet normal -4.519830e-01 4.908334e-01 -7.448449e-01
    outer loop
      vertex   6.047704e+01 8.139711e+01 6.536318e+01
      vertex   6.055380e+01 8.009808e+01 6.446057e+01
      vertex   5.960327e+01 8.009808e+01 6.503737e+01
    endloop
  endfacet
  facet normal -4.937316e-01 5.089521e-01 -7.051219e-01
    outer loop
      vertex   6.047704e+01 8.139711e+01 6.536318e+01
      vertex   5.960327e+01 8.009808e+01 6.503737e+01
      vertex   5.961058e+01 8.139711e+01 6.596988e+01
    endloop
  endfacet
  facet normal -5.453380e-01 4.908334e-01 -6.794770e-01
    outer loop
      vertex   5.961058e+01 8.139711e+01 6.596988e+01
      vertex   5.960327e+01 8.009808e+01 6.503737e+01
      vertex   5.873615e+01 8.009808e+01 6.573330e+01
    endloop
  endfacet
  facet normal -5.851742e-01 5.088845e-01 -6.313538e-01
    outer loop
      vertex   5.961058e+01 8.139711e+01 6.596988e+01
      vertex   5.873615e+01 8.009808e+01 6.573330e+01
      vertex   5.883480e+01 8.139711e+01 6.668892e+01
    endloop
  endfacet
  facet normal -6.293101e-01 4.909612e-01 -6.024333e-01
    outer loop
      vertex   5.883480e+01 8.139711e+01 6.668892e+01
      vertex   5.873615e+01 8.009808e+01 6.573330e+01
      vertex   5.796729e+01 8.009808e+01 6.653647e+01
    endloop
  endfacet
  facet normal -6.657859e-01 5.086816e-01 -5.458682e-01
    outer loop
      vertex   5.883480e+01 8.139711e+01 6.668892e+01
      vertex   5.796729e+01 8.009808e+01 6.653647e+01
      vertex   5.816415e+01 8.139711e+01 6.750690e+01
    endloop
  endfacet
  facet normal -7.024434e-01 4.912167e-01 -5.150528e-01
    outer loop
      vertex   5.816415e+01 8.139711e+01 6.750690e+01
      vertex   5.796729e+01 8.009808e+01 6.653647e+01
      vertex   5.730984e+01 8.009808e+01 6.743311e+01
    endloop
  endfacet
  facet normal -7.340841e-01 5.083434e-01 -4.502305e-01
    outer loop
      vertex   5.816415e+01 8.139711e+01 6.750690e+01
      vertex   5.730984e+01 8.009808e+01 6.743311e+01
      vertex   5.761113e+01 8.139711e+01 6.840857e+01
    endloop
  endfacet
  facet normal -7.634724e-01 4.915996e-01 -4.188553e-01
    outer loop
      vertex   5.761113e+01 8.139711e+01 6.840857e+01
      vertex   5.730984e+01 8.009808e+01 6.743311e+01
      vertex   5.677505e+01 8.009808e+01 6.840791e+01
    endloop
  endfacet
  facet normal -7.888092e-01 5.078695e-01 -3.461916e-01
    outer loop
      vertex   5.761113e+01 8.139711e+01 6.840857e+01
      vertex   5.677505e+01 8.009808e+01 6.840791e+01
      vertex   5.718604e+01 8.139711e+01 6.937716e+01
    endloop
  endfacet
  facet normal -8.113437e-01 4.921098e-01 -3.155143e-01
    outer loop
      vertex   5.718604e+01 8.139711e+01 6.937716e+01
      vertex   5.677505e+01 8.009808e+01 6.840791e+01
      vertex   5.637207e+01 8.009808e+01 6.944416e+01
    endloop
  endfacet
  facet normal -8.289476e-01 5.072595e-01 -2.356559e-01
    outer loop
      vertex   5.718604e+01 8.139711e+01 6.937716e+01
      vertex   5.637207e+01 8.009808e+01 6.944416e+01
      vertex   5.689680e+01 8.139711e+01 7.039460e+01
    endloop
  endfacet
  facet normal -8.452354e-01 4.927467e-01 -2.068278e-01
    outer loop
      vertex   5.689680e+01 8.139711e+01 7.039460e+01
      vertex   5.637207e+01 8.009808e+01 6.944416e+01
      vertex   5.610780e+01 8.009808e+01 7.052415e+01
    endloop
  endfacet
  facet normal -8.537499e-01 5.065129e-01 -1.206474e-01
    outer loop
      vertex   5.689680e+01 8.139711e+01 7.039460e+01
      vertex   5.610780e+01 8.009808e+01 7.052415e+01
      vertex   5.674879e+01 8.139711e+01 7.144195e+01
    endloop
  endfacet
  facet normal -8.645707e-01 4.935100e-01 -9.468589e-02
    outer loop
      vertex   5.674879e+01 8.139711e+01 7.144195e+01
      vertex   5.610780e+01 8.009808e+01 7.052415e+01
      vertex   5.598676e+01 8.009808e+01 7.162940e+01
    endloop
  endfacet
  facet normal -8.627446e-01 5.056293e-01 -3.273436e-03
    outer loop
      vertex   5.674879e+01 8.139711e+01 7.144195e+01
      vertex   5.598676e+01 8.009808e+01 7.162940e+01
      vertex   5.674478e+01 8.139711e+01 7.249970e+01
    endloop
  endfacet
  facet normal -8.690283e-01 4.943989e-01 1.896226e-02
    outer loop
      vertex   5.674478e+01 8.139711e+01 7.249970e+01
      vertex   5.598676e+01 8.009808e+01 7.162940e+01
      vertex   5.601101e+01 8.009808e+01 7.274098e+01
    endloop
  endfacet
  facet normal -8.557473e-01 5.046077e-01 1.143133e-01
    outer loop
      vertex   5.674478e+01 8.139711e+01 7.249970e+01
      vertex   5.601101e+01 8.009808e+01 7.274098e+01
      vertex   5.688484e+01 8.139711e+01 7.354814e+01
    endloop
  endfacet
  facet normal -8.585478e-01 4.954129e-01 1.321431e-01
    outer loop
      vertex   5.688484e+01 8.139711e+01 7.354814e+01
      vertex   5.601101e+01 8.009808e+01 7.274098e+01
      vertex   5.618015e+01 8.009808e+01 7.383990e+01
    endloop
  endfacet
  facet normal -8.328639e-01 5.034475e-01 2.299530e-01
    outer loop
      vertex   5.688484e+01 8.139711e+01 7.354814e+01
      vertex   5.618015e+01 8.009808e+01 7.383990e+01
      vertex   5.716635e+01 8.139711e+01 7.456775e+01
    endloop
  endfacet
  facet normal -8.333305e-01 4.965511e-01 2.428937e-01
    outer loop
      vertex   5.716635e+01 8.139711e+01 7.456775e+01
      vertex   5.618015e+01 8.009808e+01 7.383990e+01
      vertex   5.649128e+01 8.009808e+01 7.490733e+01
    endloop
  endfacet
  facet normal -7.944892e-01 5.021477e-01 3.415181e-01
    outer loop
      vertex   5.716635e+01 8.139711e+01 7.456775e+01
      vertex   5.649128e+01 8.009808e+01 7.490733e+01
      vertex   5.758408e+01 8.139711e+01 7.553953e+01
    endloop
  endfacet
  facet normal -7.938356e-01 4.978126e-01 3.492960e-01
    outer loop
      vertex   5.758408e+01 8.139711e+01 7.553953e+01
      vertex   5.649128e+01 8.009808e+01 7.490733e+01
      vertex   5.693907e+01 8.009808e+01 7.592502e+01
    endloop
  endfacet
  facet normal -7.413008e-01 5.007073e-01 4.469511e-01
    outer loop
      vertex   5.758408e+01 8.139711e+01 7.553953e+01
      vertex   5.693907e+01 8.009808e+01 7.592502e+01
      vertex   5.813024e+01 8.139711e+01 7.644538e+01
    endloop
  endfacet
  facet normal -6.735365e-01 -5.007073e-01 5.437286e-01
    outer loop
      vertex   5.879466e+01 8.139711e+01 7.726842e+01
      vertex   5.821181e+01 8.269615e+01 7.774268e+01
      vertex   5.813024e+01 8.139711e+01 7.644538e+01
    endloop
  endfacet
  facet normal -6.757612e-01 -4.991965e-01 5.423557e-01
    outer loop
      vertex   5.813024e+01 8.139711e+01 7.644538e+01
      vertex   5.821181e+01 8.269615e+01 7.774268e+01
      vertex   5.751587e+01 8.269615e+01 7.687556e+01
    endloop
  endfacet
  facet normal -7.407716e-01 -4.991965e-01 4.495112e-01
    outer loop
      vertex   5.813024e+01 8.139711e+01 7.644538e+01
      vertex   5.751587e+01 8.269615e+01 7.687556e+01
      vertex   5.693907e+01 8.269615e+01 7.592502e+01
    endloop
  endfacet
  facet normal -5.997386e-01 -4.978126e-01 6.264952e-01
    outer loop
      vertex   5.821181e+01 8.269615e+01 7.774268e+01
      vertex   5.879466e+01 8.139711e+01 7.726842e+01
      vertex   5.901497e+01 8.269615e+01 7.851154e+01
    endloop
  endfacet
  facet normal -5.926533e-01 -5.021477e-01 6.297696e-01
    outer loop
      vertex   5.901497e+01 8.269615e+01 7.851154e+01
      vertex   5.879466e+01 8.139711e+01 7.726842e+01
      vertex   5.956496e+01 8.139711e+01 7.799332e+01
    endloop
  endfacet
  facet normal -5.132612e-01 -4.965511e-01 7.000000e-01
    outer loop
      vertex   5.901497e+01 8.269615e+01 7.851154e+01
      vertex   5.956496e+01 8.139711e+01 7.799332e+01
      vertex   5.991162e+01 8.269615e+01 7.916899e+01
    endloop
  endfacet
  facet normal -5.009413e-01 -5.034475e-01 7.039875e-01
    outer loop
      vertex   5.991162e+01 8.269615e+01 7.916899e+01
      vertex   5.956496e+01 8.139711e+01 7.799332e+01
      vertex   6.042679e+01 8.139711e+01 7.860659e+01
    endloop
  endfacet
  facet normal -4.178146e-01 -4.954129e-01 7.615754e-01
    outer loop
      vertex   5.991162e+01 8.269615e+01 7.916899e+01
      vertex   6.042679e+01 8.139711e+01 7.860659e+01
      vertex   6.088641e+01 8.269615e+01 7.970378e+01
    endloop
  endfacet
  facet normal -4.001022e-01 -5.046077e-01 7.650420e-01
    outer loop
      vertex   6.088641e+01 8.269615e+01 7.970378e+01
      vertex   6.042679e+01 8.139711e+01 7.860659e+01
      vertex   6.136411e+01 8.139711e+01 7.909678e+01
    endloop
  endfacet
  facet normal -3.150439e-01 -4.943989e-01 8.101340e-01
    outer loop
      vertex   6.088641e+01 8.269615e+01 7.970378e+01
      vertex   6.136411e+01 8.139711e+01 7.909678e+01
      vertex   6.192267e+01 8.269615e+01 8.010675e+01
    endloop
  endfacet
  facet normal -2.920000e-01 -5.056293e-01 8.118344e-01
    outer loop
      vertex   6.192267e+01 8.269615e+01 8.010675e+01
      vertex   6.136411e+01 8.139711e+01 7.909678e+01
      vertex   6.235944e+01 8.139711e+01 7.945478e+01
    endloop
  endfacet
  facet normal -2.067250e-01 -4.935100e-01 8.448152e-01
    outer loop
      vertex   6.192267e+01 8.269615e+01 8.010675e+01
      vertex   6.235944e+01 8.139711e+01 7.945478e+01
      vertex   6.300266e+01 8.269615e+01 8.037103e+01
    endloop
  endfacet
  facet normal -1.786281e-01 -5.065129e-01 8.435263e-01
    outer loop
      vertex   6.300266e+01 8.269615e+01 8.037103e+01
      vertex   6.235944e+01 8.139711e+01 7.945478e+01
      vertex   6.339425e+01 8.139711e+01 7.967392e+01
    endloop
  endfacet
  facet normal -9.473299e-02 -4.927467e-01 8.650008e-01
    outer loop
      vertex   6.300266e+01 8.269615e+01 8.037103e+01
      vertex   6.339425e+01 8.139711e+01 7.967392e+01
      vertex   6.410790e+01 8.269615e+01 8.049207e+01
    endloop
  endfacet
  facet normal -6.207262e-02 -5.072595e-01 8.595550e-01
    outer loop
      vertex   6.410790e+01 8.269615e+01 8.049207e+01
      vertex   6.339425e+01 8.139711e+01 7.967392e+01
      vertex   6.444926e+01 8.139711e+01 7.975010e+01
    endloop
  endfacet
  facet normal 1.899058e-02 -4.921098e-01 8.703260e-01
    outer loop
      vertex   6.410790e+01 8.269615e+01 8.049207e+01
      vertex   6.444926e+01 8.139711e+01 7.975010e+01
      vertex   6.521949e+01 8.269615e+01 8.046782e+01
    endloop
  endfacet
  facet normal 5.552509e-02 -5.078695e-01 8.596427e-01
    outer loop
      vertex   6.521949e+01 8.269615e+01 8.046782e+01
      vertex   6.444926e+01 8.139711e+01 7.975010e+01
      vertex   6.550482e+01 8.139711e+01 7.968193e+01
    endloop
  endfacet
  facet normal 1.324723e-01 -4.915996e-01 8.606863e-01
    outer loop
      vertex   6.521949e+01 8.269615e+01 8.046782e+01
      vertex   6.550482e+01 8.139711e+01 7.968193e+01
      vertex   6.631840e+01 8.269615e+01 8.029868e+01
    endloop
  endfacet
  facet normal 1.720068e-01 -5.083434e-01 8.438013e-01
    outer loop
      vertex   6.631840e+01 8.269615e+01 8.029868e+01
      vertex   6.550482e+01 8.139711e+01 7.968193e+01
      vertex   6.654126e+01 8.139711e+01 7.947065e+01
    endloop
  endfacet
  facet normal 2.437415e-01 -4.912167e-01 8.362393e-01
    outer loop
      vertex   6.631840e+01 8.269615e+01 8.029868e+01
      vertex   6.654126e+01 8.139711e+01 7.947065e+01
      vertex   6.738584e+01 8.269615e+01 7.998755e+01
    endloop
  endfacet
  facet normal 2.852361e-01 -5.086816e-01 8.123320e-01
    outer loop
      vertex   6.738584e+01 8.269615e+01 7.998755e+01
      vertex   6.654126e+01 8.139711e+01 7.947065e+01
      vertex   6.753928e+01 8.139711e+01 7.912021e+01
    endloop
  endfacet
  facet normal 3.508654e-01 -4.909612e-01 7.974024e-01
    outer loop
      vertex   6.738584e+01 8.269615e+01 7.998755e+01
      vertex   6.753928e+01 8.139711e+01 7.912021e+01
      vertex   6.840353e+01 8.269615e+01 7.953975e+01
    endloop
  endfacet
  facet normal 3.931372e-01 -5.088845e-01 7.658197e-01
    outer loop
      vertex   6.840353e+01 8.269615e+01 7.953975e+01
      vertex   6.753928e+01 8.139711e+01 7.912021e+01
      vertex   6.848029e+01 8.139711e+01 7.863714e+01
    endloop
  endfacet
  facet normal 4.519830e-01 -4.908334e-01 7.448449e-01
    outer loop
      vertex   6.840353e+01 8.269615e+01 7.953975e+01
      vertex   6.848029e+01 8.139711e+01 7.863714e+01
      vertex   6.935406e+01 8.269615e+01 7.896295e+01
    endloop
  endfacet
  facet normal 4.937316e-01 -5.089521e-01 7.051219e-01
    outer loop
      vertex   6.935406e+01 8.269615e+01 7.896295e+01
      vertex   6.848029e+01 8.139711e+01 7.863714e+01
      vertex   6.934675e+01 8.139711e+01 7.803044e+01
    endloop
  endfacet
  facet normal 5.453380e-01 -4.908334e-01 6.794770e-01
    outer loop
      vertex   6.935406e+01 8.269615e+01 7.896295e+01
      vertex   6.934675e+01 8.139711e+01 7.803044e+01
      vertex   7.022118e+01 8.269615e+01 7.826702e+01
    endloop
  endfacet
  facet normal 5.851742e-01 -5.088845e-01 6.313538e-01
    outer loop
      vertex   7.022118e+01 8.269615e+01 7.826702e+01
      vertex   6.934675e+01 8.139711e+01 7.803044e+01
      vertex   7.012253e+01 8.139711e+01 7.731140e+01
    endloop
  endfacet
  facet normal 6.293101e-01 -4.909612e-01 6.024333e-01
    outer loop
      vertex   7.022118e+01 8.269615e+01 7.826702e+01
      vertex   7.012253e+01 8.139711e+01 7.731140e+01
      vertex   7.099004e+01 8.269615e+01 7.746386e+01
    endloop
  endfacet
  facet normal 6.657859e-01 -5.086816e-01 5.458682e-01
    outer loop
      vertex   7.099004e+01 8.269615e+01 7.746386e+01
      vertex   7.012253e+01 8.139711e+01 7.731140e+01
      vertex   7.079318e+01 8.139711e+01 7.649342e+01
    endloop
  endfacet
  facet normal 7.024434e-01 -4.912167e-01 5.150528e-01
    outer loop
      vertex   7.099004e+01 8.269615e+01 7.746386e+01
      vertex   7.079318e+01 8.139711e+01 7.649342e+01
      vertex   7.164749e+01 8.269615e+01 7.656721e+01
    endloop
  endfacet
  facet normal 7.340841e-01 -5.083434e-01 4.502305e-01
    outer loop
      vertex   7.164749e+01 8.269615e+01 7.656721e+01
      vertex   7.079318e+01 8.139711e+01 7.649342e+01
      vertex   7.134620e+01 8.139711e+01 7.559175e+01
    endloop
  endfacet
  facet normal 7.634724e-01 -4.915996e-01 4.188553e-01
    outer loop
      vertex   7.164749e+01 8.269615e+01 7.656721e+01
      vertex   7.134620e+01 8.139711e+01 7.559175e+01
      vertex   7.218228e+01 8.269615e+01 7.559242e+01
    endloop
  endfacet
  facet normal 7.888092e-01 -5.078695e-01 3.461916e-01
    outer loop
      vertex   7.218228e+01 8.269615e+01 7.559242e+01
      vertex   7.134620e+01 8.139711e+01 7.559175e+01
      vertex   7.177129e+01 8.139711e+01 7.462317e+01
    endloop
  endfacet
  facet normal 8.113437e-01 -4.921098e-01 3.155143e-01
    outer loop
      vertex   7.218228e+01 8.269615e+01 7.559242e+01
      vertex   7.177129e+01 8.139711e+01 7.462317e+01
      vertex   7.258526e+01 8.269615e+01 7.455616e+01
    endloop
  endfacet
  facet normal 8.289476e-01 -5.072595e-01 2.356559e-01
    outer loop
      vertex   7.258526e+01 8.269615e+01 7.455616e+01
      vertex   7.177129e+01 8.139711e+01 7.462317e+01
      vertex   7.206053e+01 8.139711e+01 7.360572e+01
    endloop
  endfacet
  facet normal 8.452354e-01 -4.927467e-01 2.068278e-01
    outer loop
      vertex   7.258526e+01 8.269615e+01 7.455616e+01
      vertex   7.206053e+01 8.139711e+01 7.360572e+01
      vertex   7.284953e+01 8.269615e+01 7.347617e+01
    endloop
  endfacet
  facet normal 8.537499e-01 -5.065129e-01 1.206474e-01
    outer loop
      vertex   7.284953e+01 8.269615e+01 7.347617e+01
      vertex   7.206053e+01 8.139711e+01 7.360572e+01
      vertex   7.220854e+01 8.139711e+01 7.255837e+01
    endloop
  endfacet
  facet normal 8.645707e-01 -4.935100e-01 9.468589e-02
    outer loop
      vertex   7.284953e+01 8.269615e+01 7.347617e+01
      vertex   7.220854e+01 8.139711e+01 7.255837e+01
      vertex   7.297058e+01 8.269615e+01 7.237093e+01
    endloop
  endfacet
  facet normal 8.627446e-01 -5.056293e-01 3.273436e-03
    outer loop
      vertex   7.297058e+01 8.269615e+01 7.237093e+01
      vertex   7.220854e+01 8.139711e+01 7.255837e+01
      vertex   7.221255e+01 8.139711e+01 7.150062e+01
    endloop
  endfacet
  facet normal 8.690283e-01 -4.943989e-01 -1.896226e-02
    outer loop
      vertex   7.297058e+01 8.269615e+01 7.237093e+01
      vertex   7.221255e+01 8.139711e+01 7.150062e+01
      vertex   7.294632e+01 8.269615e+01 7.125934e+01
    endloop
  endfacet
  facet normal 8.557473e-01 -5.046077e-01 -1.143133e-01
    outer loop
      vertex   7.294632e+01 8.269615e+01 7.125934e+01
      vertex   7.221255e+01 8.139711e+01 7.150062e+01
      vertex   7.207249e+01 8.139711e+01 7.045218e+01
    endloop
  endfacet
  facet normal 8.585478e-01 -4.954129e-01 -1.321431e-01
    outer loop
      vertex   7.294632e+01 8.269615e+01 7.125934e+01
      vertex   7.207249e+01 8.139711e+01 7.045218e+01
      vertex   7.277718e+01 8.269615e+01 7.016042e+01
    endloop
  endfacet
  facet normal 8.328639e-01 -5.034475e-01 -2.299530e-01
    outer loop
      vertex   7.277718e+01 8.269615e+01 7.016042e+01
      vertex   7.207249e+01 8.139711e+01 7.045218e+01
      vertex   7.179098e+01 8.139711e+01 6.943257e+01
    endloop
  endfacet
  facet normal 8.333305e-01 -4.965511e-01 -2.428937e-01
    outer loop
      vertex   7.277718e+01 8.269615e+01 7.016042e+01
      vertex   7.179098e+01 8.139711e+01 6.943257e+01
      vertex   7.246605e+01 8.269615e+01 6.909299e+01
    endloop
  endfacet
  facet normal 7.944892e-01 -5.021477e-01 -3.415181e-01
    outer loop
      vertex   7.246605e+01 8.269615e+01 6.909299e+01
      vertex   7.179098e+01 8.139711e+01 6.943257e+01
      vertex   7.137325e+01 8.139711e+01 6.846079e+01
    endloop
  endfacet
  facet normal 7.938356e-01 -4.978126e-01 -3.492960e-01
    outer loop
      vertex   7.246605e+01 8.269615e+01 6.909299e+01
      vertex   7.137325e+01 8.139711e+01 6.846079e+01
      vertex   7.201826e+01 8.269615e+01 6.807530e+01
    endloop
  endfacet
  facet normal 7.413008e-01 -5.007073e-01 -4.469511e-01
    outer loop
      vertex   7.201826e+01 8.269615e+01 6.807530e+01
      vertex   7.137325e+01 8.139711e+01 6.846079e+01
      vertex   7.082709e+01 8.139711e+01 6.755494e+01
    endloop
  endfacet
  facet normal 7.407716e-01 -4.991965e-01 -4.495112e-01
    outer loop
      vertex   7.201826e+01 8.269615e+01 6.807530e+01
      vertex   7.082709e+01 8.139711e+01 6.755494e+01
      vertex   7.144146e+01 8.269615e+01 6.712476e+01
    endloop
  endfacet
  facet normal 6.757612e-01 -4.991965e-01 -5.423557e-01
    outer loop
      vertex   7.144146e+01 8.269615e+01 6.712476e+01
      vertex   7.082709e+01 8.139711e+01 6.755494e+01
      vertex   7.074552e+01 8.269615e+01 6.625764e+01
    endloop
  endfacet
  facet normal 6.735365e-01 -5.007073e-01 -5.437286e-01
    outer loop
      vertex   7.074552e+01 8.269615e+01 6.625764e+01
      vertex   7.082709e+01 8.139711e+01 6.755494e+01
      vertex   7.016267e+01 8.139711e+01 6.673190e+01
    endloop
  endfacet
  facet normal 5.997386e-01 -4.978126e-01 -6.264952e-01
    outer loop
      vertex   7.074552e+01 8.269615e+01 6.625764e+01
      vertex   7.016267e+01 8.139711e+01 6.673190e+01
      vertex   6.994236e+01 8.269615e+01 6.548878e+01
    endloop
  endfacet
  facet normal 5.926533e-01 -5.021477e-01 -6.297696e-01
    outer loop
      vertex   6.994236e+01 8.269615e+01 6.548878e+01
      vertex   7.016267e+01 8.139711e+01 6.673190e+01
      vertex   6.939237e+01 8.139711e+01 6.600700e+01
    endloop
  endfacet
  facet normal 5.132612e-01 -4.965511e-01 -7.000000e-01
    outer loop
      vertex   6.994236e+01 8.269615e+01 6.548878e+01
      vertex   6.939237e+01 8.139711e+01 6.600700e+01
      vertex   6.904571e+01 8.269615e+01 6.483133e+01
    endloop
  endfacet
  facet normal 5.009413e-01 -5.034475e-01 -7.039875e-01
    outer loop
      vertex   6.904571e+01 8.269615e+01 6.483133e+01
      vertex   6.939237e+01 8.139711e+01 6.600700e+01
      vertex   6.853054e+01 8.139711e+01 6.539374e+01
    endloop
  endfacet
  facet normal 4.178146e-01 -4.954129e-01 -7.615754e-01
    outer loop
      vertex   6.904571e+01 8.269615e+01 6.483133e+01
      vertex   6.853054e+01 8.139711e+01 6.539374e+01
      vertex   6.807092e+01 8.269615e+01 6.429654e+01
    endloop
  endfacet
  facet normal 4.001022e-01 -5.046077e-01 -7.650420e-01
    outer loop
      vertex   6.807092e+01 8.269615e+01 6.429654e+01
      vertex   6.853054e+01 8.139711e+01 6.539374e+01
      vertex   6.759322e+01 8.139711e+01 6.490354e+01
    endloop
  endfacet
  facet normal 3.150439e-01 -4.943989e-01 -8.101340e-01
    outer loop
      vertex   6.807092e+01 8.269615e+01 6.429654e+01
      vertex   6.759322e+01 8.139711e+01 6.490354e+01
      vertex   6.703466e+01 8.269615e+01 6.389357e+01
    endloop
  endfacet
  facet normal 2.920000e-01 -5.056293e-01 -8.118344e-01
    outer loop
      vertex   6.703466e+01 8.269615e+01 6.389357e+01
      vertex   6.759322e+01 8.139711e+01 6.490354e+01
      vertex   6.659789e+01 8.139711e+01 6.454554e+01
    endloop
  endfacet
  facet normal 2.067250e-01 -4.935100e-01 -8.448152e-01
    outer loop
      vertex   6.703466e+01 8.269615e+01 6.389357e+01
      vertex   6.659789e+01 8.139711e+01 6.454554e+01
      vertex   6.595467e+01 8.269615e+01 6.362929e+01
    endloop
  endfacet
  facet normal 1.786281e-01 -5.065129e-01 -8.435263e-01
    outer loop
      vertex   6.595467e+01 8.269615e+01 6.362929e+01
      vertex   6.659789e+01 8.139711e+01 6.454554e+01
      vertex   6.556308e+01 8.139711e+01 6.432640e+01
    endloop
  endfacet
  facet normal 9.473299e-02 -4.927467e-01 -8.650008e-01
    outer loop
      vertex   6.595467e+01 8.269615e+01 6.362929e+01
      vertex   6.556308e+01 8.139711e+01 6.432640e+01
      vertex   6.484943e+01 8.269615e+01 6.350825e+01
    endloop
  endfacet
  facet normal 6.207262e-02 -5.072595e-01 -8.595550e-01
    outer loop
      vertex   6.484943e+01 8.269615e+01 6.350825e+01
      vertex   6.556308e+01 8.139711e+01 6.432640e+01
      vertex   6.450807e+01 8.139711e+01 6.425022e+01
    endloop
  endfacet
  facet normal -1.899058e-02 -4.921098e-01 -8.703260e-01
    outer loop
      vertex   6.484943e+01 8.269615e+01 6.350825e+01
      vertex   6.450807e+01 8.139711e+01 6.425022e+01
      vertex   6.373784e+01 8.269615e+01 6.353251e+01
    endloop
  endfacet
  facet normal -5.552509e-02 -5.078695e-01 -8.596427e-01
    outer loop
      vertex   6.373784e+01 8.269615e+01 6.353251e+01
      vertex   6.450807e+01 8.139711e+01 6.425022e+01
      vertex   6.345251e+01 8.139711e+01 6.431840e+01
    endloop
  endfacet
  facet normal -1.324723e-01 -4.915996e-01 -8.606863e-01
    outer loop
      vertex   6.373784e+01 8.269615e+01 6.353251e+01
      vertex   6.345251e+01 8.139711e+01 6.431840e+01
      vertex   6.263893e+01 8.269615e+01 6.370164e+01
    endloop
  endfacet
  facet normal -1.720068e-01 -5.083434e-01 -8.438013e-01
    outer loop
      vertex   6.263893e+01 8.269615e+01 6.370164e+01
      vertex   6.345251e+01 8.139711e+01 6.431840e+01
      vertex   6.241607e+01 8.139711e+01 6.452967e+01
    endloop
  endfacet
  facet normal -2.437415e-01 -4.912167e-01 -8.362393e-01
    outer loop
      vertex   6.263893e+01 8.269615e+01 6.370164e+01
      vertex   6.241607e+01 8.139711e+01 6.452967e+01
      vertex   6.157149e+01 8.269615e+01 6.401277e+01
    endloop
  endfacet
  facet normal -2.852361e-01 -5.086816e-01 -8.123320e-01
    outer loop
      vertex   6.157149e+01 8.269615e+01 6.401277e+01
      vertex   6.241607e+01 8.139711e+01 6.452967e+01
      vertex   6.141805e+01 8.139711e+01 6.488011e+01
    endloop
  endfacet
  facet normal -3.508654e-01 -4.909612e-01 -7.974024e-01
    outer loop
      vertex   6.157149e+01 8.269615e+01 6.401277e+01
      vertex   6.141805e+01 8.139711e+01 6.488011e+01
      vertex   6.055380e+01 8.269615e+01 6.446057e+01
    endloop
  endfacet
  facet normal -3.931372e-01 -5.088845e-01 -7.658197e-01
    outer loop
      vertex   6.055380e+01 8.269615e+01 6.446057e+01
      vertex   6.141805e+01 8.139711e+01 6.488011e+01
      vertex   6.047704e+01 8.139711e+01 6.536318e+01
    endloop
  endfacet
  facet normal -4.519830e-01 -4.908334e-01 -7.448449e-01
    outer loop
      vertex   6.055380e+01 8.269615e+01 6.446057e+01
      vertex   6.047704e+01 8.139711e+01 6.536318e+01
      vertex   5.960327e+01 8.269615e+01 6.503737e+01
    endloop
  endfacet
  facet normal -4.937316e-01 -5.089521e-01 -7.051219e-01
    outer loop
      vertex   5.960327e+01 8.269615e+01 6.503737e+01
      vertex   6.047704e+01 8.139711e+01 6.536318e+01
      vertex   5.961058e+01 8.139711e+01 6.596988e+01
    endloop
  endfacet
  facet normal -5.453380e-01 -4.908334e-01 -6.794770e-01
    outer loop
      vertex   5.960327e+01 8.269615e+01 6.503737e+01
      vertex   5.961058e+01 8.139711e+01 6.596988e+01
      vertex   5.873615e+01 8.269615e+01 6.573330e+01
    endloop
  endfacet
  facet normal -5.851742e-01 -5.088845e-01 -6.313538e-01
    outer loop
      vertex   5.873615e+01 8.269615e+01 6.573330e+01
      vertex   5.961058e+01 8.139711e+01 6.596988e+01
      vertex   5.883480e+01 8.139711e+01 6.668892e+01
    endloop
  endfacet
  facet normal -6.293101e-01 -4.909612e-01 -6.024333e-01
    outer loop
      vertex   5.873615e+01 8.269615e+01 6.573330e+01
      vertex   5.883480e+01 8.139711e+01 6.668892e+01
      vertex   5.796729e+01 8.269615e+01 6.653647e+01
    endloop
  endfacet
  facet normal -6.657859e-01 -5.086816e-01 -5.458682e-01
    outer loop
      vertex   5.796729e+01 8.269615e+01 6.653647e+01
      vertex   5.883480e+01 8.139711e+01 6.668892e+01
      vertex   5.816415e+01 8.139711e+01 6.750690e+01
    endloop
  endfacet
  facet normal -7.024434e-01 -4.912167e-01 -5.150528e-01
    outer loop
      vertex   5.796729e+01 8.269615e+01 6.653647e+01
      vertex   5.816415e+01 8.139711e+01 6.750690e+01
      vertex   5.730984e+01 8.269615e+01 6.743311e+01
    endloop
  endfacet
  facet normal -7.340841e-01 -5.083434e-01 -4.502305e-01
    outer loop
      vertex   5.730984e+01 8.269615e+01 6.743311e+01
      vertex   5.816415e+01 8.139711e+01 6.750690e+01
      vertex   5.761113e+01 8.139711e+01 6.840857e+01
    endloop
  endfacet
  facet normal -7.634724e-01 -4.915996e-01 -4.188553e-01
    outer loop
      vertex   5.730984e+01 8.269615e+01 6.743311e+01
      vertex   5.761113e+01 8.139711e+01 6.840857e+01
      vertex   5.677505e+01 8.269615e+01 6.840791e+01
    endloop
  endfacet
  facet normal -7.888092e-01 -5.078695e-01 -3.461916e-01
    outer loop
      vertex   5.677505e+01 8.269615e+01 6.840791e+01
      vertex   5.761113e+01 8.139711e+01 6.840857e+01
      vertex   5.718604e+01 8.139711e+01 6.937716e+01
    endloop
  endfacet
  facet normal -8.113437e-01 -4.921098e-01 -3.155143e-01
    outer loop
      vertex   5.677505e+01 8.269615e+01 6.840791e+01
      vertex   5.718604e+01 8.139711e+01 6.937716e+01
      vertex   5.637207e+01 8.269615e+01 6.944416e+01
    endloop
  endfacet
  facet normal -8.289476e-01 -5.072595e-01 -2.356559e-01
    outer loop
      vertex   5.637207e+01 8.269615e+01 6.944416e+01
      vertex   5.718604e+01 8.139711e+01 6.937716e+01
      vertex   5.689680e+01 8.139711e+01 7.039460e+01
    endloop
  endfacet
  facet normal -8.452354e-01 -4.927467e-01 -2.068278e-01
    outer loop
      vertex   5.637207e+01 8.269615e+01 6.944416e+01
      vertex   5.689680e+01 8.139711e+01 7.039460e+01
      vertex   5.610780e+01 8.269615e+01 7.052415e+01
    endloop
  endfacet
  facet normal -8.537499e-01 -5.065129e-01 -1.206474e-01
    outer loop
      vertex   5.610780e+01 8.269615e+01 7.052415e+01
      vertex   5.689680e+01 8.139711e+01 7.039460e+01
      vertex   5.674879e+01 8.139711e+01 7.144195e+01
    endloop
  endfacet
  facet normal -8.645707e-01 -4.935100e-01 -9.468589e-02
    outer loop
      vertex   5.610780e+01 8.269615e+01 7.052415e+01
      vertex   5.674879e+01 8.139711e+01 7.144195e+01
      vertex   5.598676e+01 8.269615e+01 7.162940e+01
    endloop
  endfacet
  facet normal -8.627446e-01 -5.056293e-01 -3.273436e-03
    outer loop
      vertex   5.598676e+01 8.269615e+01 7.162940e+01
      vertex   5.674879e+01 8.139711e+01 7.144195e+01
      vertex   5.674478e+01 8.139711e+01 7.249970e+01
    endloop
  endfacet
  facet normal -8.690283e-01 -4.943989e-01 1.896226e-02
    outer loop
      vertex   5.598676e+01 8.269615e+01 7.162940e+01
      vertex   5.674478e+01 8.139711e+01 7.249970e+01
      vertex   5.601101e+01 8.269615e+01 7.274098e+01
    endloop
  endfacet
  facet normal -8.557473e-01 -5.046077e-01 1.143133e-01
    outer loop
      vertex   5.601101e+01 8.269615e+01 7.274098e+01
      vertex   5.674478e+01 8.139711e+01 7.249970e+01
      vertex   5.688484e+01 8.139711e+01 7.354814e+01
    endloop
  endfacet
  facet normal -8.585478e-01 -4.954129e-01 1.321431e-01
    outer loop
      vertex   5.601101e+01 8.269615e+01 7.274098e+01
      vertex   5.688484e+01 8.139711e+01 7.354814e+01
      vertex   5.618015e+01 8.269615e+01 7.383990e+01
    endloop
  endfacet
  facet normal -8.328639e-01 -5.034475e-01 2.299530e-01
    outer loop
      vertex   5.618015e+01 8.269615e+01 7.383990e+01
      vertex   5.688484e+01 8.139711e+01 7.354814e+01
      vertex   5.716635e+01 8.139711e+01 7.456775e+01
    endloop
  endfacet
  facet normal -8.333305e-01 -4.965511e-01 2.428937e-01
    outer loop
      vertex   5.618015e+01 8.269615e+01 7.383990e+01
      vertex   5.716635e+01 8.139711e+01 7.456775e+01
      vertex   5.649128e+01 8.269615e+01 7.490733e+01
    endloop
  endfacet
  facet normal -7.944892e-01 -5.021477e-01 3.415181e-01
    outer loop
      vertex   5.649128e+01 8.269615e+01 7.490733e+01
      vertex   5.716635e+01 8.139711e+01 7.456775e+01
      vertex   5.758408e+01 8.139711e+01 7.553953e+01
    endloop
  endfacet
  facet normal -7.938356e-01 -4.978126e-01 3.492960e-01
    outer loop
      vertex   5.649128e+01 8.269615e+01 7.490733e+01
      vertex   5.758408e+01 8.139711e+01 7.553953e+01
      vertex   5.693907e+01 8.269615e+01 7.592502e+01
    endloop
  endfacet
  facet normal -7.413008e-01 -5.007073e-01 4.469511e-01
    outer loop
      vertex   5.693907e+01 8.269615e+01 7.592502e+01
      vertex   5.758408e+01 8.139711e+01 7.553953e+01
      vertex   5.813024e+01 8.139711e+01 7.644538e+01
    endloop
  endfacet
  facet normal -7.798845e-01 -6.404833e-16 6.259235e-01
    outer loop
      vertex   5.821181e+01 8.269615e+01 7.774268e+01
      vertex   5.821181e+01 1.000000e+02 7.774268e+01
      vertex   5.751587e+01 8.269615e+01 7.687556e+01
    endloop
  endfacet
  facet normal -7.798845e-01 -8.342838e-16 6.259235e-01
    outer loop
      vertex   5.751587e+01 8.269615e+01 7.687556e+01
      vertex   5.821181e+01 1.000000e+02 7.774268e+01
      vertex   5.751587e+01 1.000000e+02 7.687556e+01
    endloop
  endfacet
  facet normal -8.549119e-01 -7.770945e-16 5.187733e-01
    outer loop
      vertex   5.751587e+01 8.269615e+01 7.687556e+01
      vertex   5.751587e+01 1.000000e+02 7.687556e+01
      vertex   5.693907e+01 8.269615e+01 7.592502e+01
    endloop
  endfacet
  facet normal -8.549119e-01 0.000000e+00 5.187733e-01
    outer loop
      vertex   5.693907e+01 8.269615e+01 7.592502e+01
      vertex   5.751587e+01 1.000000e+02 7.687556e+01
      vertex   5.693907e+01 1.000000e+02 7.592502e+01
    endloop
  endfacet
  facet normal -9.153115e-01 0.000000e+00 4.027467e-01
    outer loop
      vertex   5.693907e+01 8.269615e+01 7.592502e+01
      vertex   5.693907e+01 1.000000e+02 7.592502e+01
      vertex   5.649128e+01 8.269615e+01 7.490733e+01
    endloop
  endfacet
  facet normal -9.153115e-01 -7.517032e-16 4.027467e-01
    outer loop
      vertex   5.649128e+01 8.269615e+01 7.490733e+01
      vertex   5.693907e+01 1.000000e+02 7.592502e+01
      vertex   5.649128e+01 1.000000e+02 7.490733e+01
    endloop
  endfacet
  facet normal -9.600499e-01 -7.884448e-16 2.798290e-01
    outer loop
      vertex   5.649128e+01 8.269615e+01 7.490733e+01
      vertex   5.649128e+01 1.000000e+02 7.490733e+01
      vertex   5.618015e+01 8.269615e+01 7.383990e+01
    endloop
  endfacet
  facet normal -9.600499e-01 -3.942224e-16 2.798290e-01
    outer loop
      vertex   5.618015e+01 8.269615e+01 7.383990e+01
      vertex   5.649128e+01 1.000000e+02 7.490733e+01
      vertex   5.618015e+01 1.000000e+02 7.383990e+01
    endloop
  endfacet
  facet normal -9.883615e-01 -4.058479e-16 1.521234e-01
    outer loop
      vertex   5.618015e+01 8.269615e+01 7.383990e+01
      vertex   5.618015e+01 1.000000e+02 7.383990e+01
      vertex   5.601101e+01 8.269615e+01 7.274098e+01
    endloop
  endfacet
  facet normal -9.883615e-01 -4.058479e-16 1.521234e-01
    outer loop
      vertex   5.601101e+01 8.269615e+01 7.274098e+01
      vertex   5.618015e+01 1.000000e+02 7.383990e+01
      vertex   5.601101e+01 1.000000e+02 7.274098e+01
    endloop
  endfacet
  facet normal -9.997620e-01 -4.105293e-16 2.181489e-02
    outer loop
      vertex   5.601101e+01 8.269615e+01 7.274098e+01
      vertex   5.601101e+01 1.000000e+02 7.274098e+01
      vertex   5.598676e+01 8.269615e+01 7.162940e+01
    endloop
  endfacet
  facet normal -9.997620e-01 -4.105293e-16 2.181489e-02
    outer loop
      vertex   5.598676e+01 8.269615e+01 7.162940e+01
      vertex   5.601101e+01 1.000000e+02 7.274098e+01
      vertex   5.598676e+01 1.000000e+02 7.162940e+01
    endloop
  endfacet
  facet normal -9.940563e-01 -4.081864e-16 -1.088669e-01
    outer loop
      vertex   5.598676e+01 8.269615e+01 7.162940e+01
      vertex   5.598676e+01 1.000000e+02 7.162940e+01
      vertex   5.610780e+01 8.269615e+01 7.052415e+01
    endloop
  endfacet
  facet normal -9.940563e-01 -4.081864e-16 -1.088669e-01
    outer loop
      vertex   5.610780e+01 8.269615e+01 7.052415e+01
      vertex   5.598676e+01 1.000000e+02 7.162940e+01
      vertex   5.610780e+01 1.000000e+02 7.052415e+01
    endloop
  endfacet
  facet normal -9.713421e-01 -3.988593e-16 -2.376859e-01
    outer loop
      vertex   5.610780e+01 8.269615e+01 7.052415e+01
      vertex   5.610780e+01 1.000000e+02 7.052415e+01
      vertex   5.637207e+01 8.269615e+01 6.944416e+01
    endloop
  endfacet
  facet normal -9.713421e-01 -3.988593e-16 -2.376859e-01
    outer loop
      vertex   5.637207e+01 8.269615e+01 6.944416e+01
      vertex   5.610780e+01 1.000000e+02 7.052415e+01
      vertex   5.637207e+01 1.000000e+02 6.944416e+01
    endloop
  endfacet
  facet normal -9.320079e-01 -3.827076e-16 -3.624380e-01
    outer loop
      vertex   5.637207e+01 8.269615e+01 6.944416e+01
      vertex   5.637207e+01 1.000000e+02 6.944416e+01
      vertex   5.677505e+01 8.269615e+01 6.840791e+01
    endloop
  endfacet
  facet normal -9.320079e-01 -6.803613e-16 -3.624380e-01
    outer loop
      vertex   5.677505e+01 8.269615e+01 6.840791e+01
      vertex   5.637207e+01 1.000000e+02 6.944416e+01
      vertex   5.677505e+01 1.000000e+02 6.840791e+01
    endloop
  endfacet
  facet normal -8.767268e-01 -7.550217e-16 -4.809888e-01
    outer loop
      vertex   5.677505e+01 8.269615e+01 6.840791e+01
      vertex   5.677505e+01 1.000000e+02 6.840791e+01
      vertex   5.730984e+01 8.269615e+01 6.743311e+01
    endloop
  endfacet
  facet normal -8.767268e-01 -7.550217e-16 -4.809888e-01
    outer loop
      vertex   5.730984e+01 8.269615e+01 6.743311e+01
      vertex   5.677505e+01 1.000000e+02 6.840791e+01
      vertex   5.730984e+01 1.000000e+02 6.743311e+01
    endloop
  endfacet
  facet normal -8.064446e-01 -8.167634e-16 -5.913096e-01
    outer loop
      vertex   5.730984e+01 8.269615e+01 6.743311e+01
      vertex   5.730984e+01 1.000000e+02 6.743311e+01
      vertex   5.796729e+01 8.269615e+01 6.653647e+01
    endloop
  endfacet
  facet normal -8.064446e-01 -8.167634e-16 -5.913096e-01
    outer loop
      vertex   5.796729e+01 8.269615e+01 6.653647e+01
      vertex   5.730984e+01 1.000000e+02 6.743311e+01
      vertex   5.796729e+01 1.000000e+02 6.653647e+01
    endloop
  endfacet
  facet normal -7.223640e-01 -8.645301e-16 -6.915131e-01
    outer loop
      vertex   5.796729e+01 8.269615e+01 6.653647e+01
      vertex   5.796729e+01 1.000000e+02 6.653647e+01
      vertex   5.873615e+01 8.269615e+01 6.573330e+01
    endloop
  endfacet
  facet normal -7.223640e-01 0.000000e+00 -6.915131e-01
    outer loop
      vertex   5.873615e+01 8.269615e+01 6.573330e+01
      vertex   5.796729e+01 1.000000e+02 6.653647e+01
      vertex   5.873615e+01 1.000000e+02 6.573330e+01
    endloop
  endfacet
  facet normal -6.259235e-01 0.000000e+00 -7.798845e-01
    outer loop
      vertex   5.873615e+01 8.269615e+01 6.573330e+01
      vertex   5.873615e+01 1.000000e+02 6.573330e+01
      vertex   5.960327e+01 8.269615e+01 6.503737e+01
    endloop
  endfacet
  facet normal -6.259235e-01 -2.570211e-16 -7.798845e-01
    outer loop
      vertex   5.960327e+01 8.269615e+01 6.503737e+01
      vertex   5.873615e+01 1.000000e+02 6.573330e+01
      vertex   5.960327e+01 1.000000e+02 6.503737e+01
    endloop
  endfacet
  facet normal -5.187733e-01 -2.130223e-16 -8.549119e-01
    outer loop
      vertex   5.960327e+01 8.269615e+01 6.503737e+01
      vertex   5.960327e+01 1.000000e+02 6.503737e+01
      vertex   6.055380e+01 8.269615e+01 6.446057e+01
    endloop
  endfacet
  facet normal -5.187733e-01 0.000000e+00 -8.549119e-01
    outer loop
      vertex   6.055380e+01 8.269615e+01 6.446057e+01
      vertex   5.960327e+01 1.000000e+02 6.503737e+01
      vertex   6.055380e+01 1.000000e+02 6.446057e+01
    endloop
  endfacet
  facet normal -4.027467e-01 0.000000e+00 -9.153115e-01
    outer loop
      vertex   6.055380e+01 8.269615e+01 6.446057e+01
      vertex   6.055380e+01 1.000000e+02 6.446057e+01
      vertex   6.157149e+01 8.269615e+01 6.401277e+01
    endloop
  endfacet
  facet normal -4.027467e-01 -7.517032e-16 -9.153115e-01
    outer loop
      vertex   6.157149e+01 8.269615e+01 6.401277e+01
      vertex   6.055380e+01 1.000000e+02 6.446057e+01
      vertex   6.157149e+01 1.000000e+02 6.401277e+01
    endloop
  endfacet
  facet normal -2.798290e-01 -7.884448e-16 -9.600499e-01
    outer loop
      vertex   6.157149e+01 8.269615e+01 6.401277e+01
      vertex   6.157149e+01 1.000000e+02 6.401277e+01
      vertex   6.263893e+01 8.269615e+01 6.370164e+01
    endloop
  endfacet
  facet normal -2.798290e-01 -3.942224e-16 -9.600499e-01
    outer loop
      vertex   6.263893e+01 8.269615e+01 6.370164e+01
      vertex   6.157149e+01 1.000000e+02 6.401277e+01
      vertex   6.263893e+01 1.000000e+02 6.370164e+01
    endloop
  endfacet
  facet normal -1.521234e-01 -4.058479e-16 -9.883615e-01
    outer loop
      vertex   6.263893e+01 8.269615e+01 6.370164e+01
      vertex   6.263893e+01 1.000000e+02 6.370164e+01
      vertex   6.373784e+01 8.269615e+01 6.353251e+01
    endloop
  endfacet
  facet normal -1.521234e-01 -8.116959e-16 -9.883615e-01
    outer loop
      vertex   6.373784e+01 8.269615e+01 6.353251e+01
      vertex   6.263893e+01 1.000000e+02 6.370164e+01
      vertex   6.373784e+01 1.000000e+02 6.353251e+01
    endloop
  endfacet
  facet normal -2.181489e-02 -8.210586e-16 -9.997620e-01
    outer loop
      vertex   6.373784e+01 8.269615e+01 6.353251e+01
      vertex   6.373784e+01 1.000000e+02 6.353251e+01
      vertex   6.484943e+01 8.269615e+01 6.350825e+01
    endloop
  endfacet
  facet normal -2.181489e-02 -4.105293e-16 -9.997620e-01
    outer loop
      vertex   6.484943e+01 8.269615e+01 6.350825e+01
      vertex   6.373784e+01 1.000000e+02 6.353251e+01
      vertex   6.484943e+01 1.000000e+02 6.350825e+01
    endloop
  endfacet
  facet normal 1.088669e-01 -4.081864e-16 -9.940563e-01
    outer loop
      vertex   6.484943e+01 8.269615e+01 6.350825e+01
      vertex   6.484943e+01 1.000000e+02 6.350825e+01
      vertex   6.595467e+01 8.269615e+01 6.362929e+01
    endloop
  endfacet
  facet normal 1.088669e-01 -1.224559e-15 -9.940563e-01
    outer loop
      vertex   6.595467e+01 8.269615e+01 6.362929e+01
      vertex   6.484943e+01 1.000000e+02 6.350825e+01
      vertex   6.595467e+01 1.000000e+02 6.362929e+01
    endloop
  endfacet
  facet normal 2.376859e-01 -1.196578e-15 -9.713421e-01
    outer loop
      vertex   6.595467e+01 8.269615e+01 6.362929e+01
      vertex   6.595467e+01 1.000000e+02 6.362929e+01
      vertex   6.703466e+01 8.269615e+01 6.389357e+01
    endloop
  endfacet
  facet normal 2.376859e-01 -1.952005e-16 -9.713421e-01
    outer loop
      vertex   6.703466e+01 8.269615e+01 6.389357e+01
      vertex   6.595467e+01 1.000000e+02 6.362929e+01
      vertex   6.703466e+01 1.000000e+02 6.389357e+01
    endloop
  endfacet
  facet normal 3.624380e-01 -2.976537e-16 -9.320079e-01
    outer loop
      vertex   6.703466e+01 8.269615e+01 6.389357e+01
      vertex   6.703466e+01 1.000000e+02 6.389357e+01
      vertex   6.807092e+01 8.269615e+01 6.429654e+01
    endloop
  endfacet
  facet normal 3.624380e-01 -1.063069e-15 -9.320079e-01
    outer loop
      vertex   6.807092e+01 8.269615e+01 6.429654e+01
      vertex   6.703466e+01 1.000000e+02 6.389357e+01
      vertex   6.807092e+01 1.000000e+02 6.429654e+01
    endloop
  endfacet
  facet normal 4.809888e-01 -1.115029e-15 -8.767268e-01
    outer loop
      vertex   6.807092e+01 8.269615e+01 6.429654e+01
      vertex   6.807092e+01 1.000000e+02 6.429654e+01
      vertex   6.904571e+01 8.269615e+01 6.483133e+01
    endloop
  endfacet
  facet normal 4.809888e-01 -3.950140e-16 -8.767268e-01
    outer loop
      vertex   6.904571e+01 8.269615e+01 6.483133e+01
      vertex   6.807092e+01 1.000000e+02 6.429654e+01
      vertex   6.904571e+01 1.000000e+02 6.483133e+01
    endloop
  endfacet
  facet normal 5.913096e-01 -4.856154e-16 -8.064446e-01
    outer loop
      vertex   6.904571e+01 8.269615e+01 6.483133e+01
      vertex   6.904571e+01 1.000000e+02 6.483133e+01
      vertex   6.994236e+01 8.269615e+01 6.548878e+01
    endloop
  endfacet
  facet normal 5.913096e-01 -4.856154e-16 -8.064446e-01
    outer loop
      vertex   6.994236e+01 8.269615e+01 6.548878e+01
      vertex   6.904571e+01 1.000000e+02 6.483133e+01
      vertex   6.994236e+01 1.000000e+02 6.548878e+01
    endloop
  endfacet
  facet normal 6.915131e-01 -5.679079e-16 -7.223640e-01
    outer loop
      vertex   6.994236e+01 8.269615e+01 6.548878e+01
      vertex   6.994236e+01 1.000000e+02 6.548878e+01
      vertex   7.074552e+01 8.269615e+01 6.625764e+01
    endloop
  endfacet
  facet normal 6.915131e-01 0.000000e+00 -7.223640e-01
    outer loop
      vertex   7.074552e+01 8.269615e+01 6.625764e+01
      vertex   6.994236e+01 1.000000e+02 6.548878e+01
      vertex   7.074552e+01 1.000000e+02 6.625764e+01
    endloop
  endfacet
  facet normal 7.798845e-01 0.000000e+00 -6.259235e-01
    outer loop
      vertex   7.074552e+01 8.269615e+01 6.625764e+01
      vertex   7.074552e+01 1.000000e+02 6.625764e+01
      vertex   7.144146e+01 8.269615e+01 6.712476e+01
    endloop
  endfacet
  facet normal 7.798845e-01 0.000000e+00 -6.259235e-01
    outer loop
      vertex   7.144146e+01 8.269615e+01 6.712476e+01
      vertex   7.074552e+01 1.000000e+02 6.625764e+01
      vertex   7.144146e+01 1.000000e+02 6.712476e+01
    endloop
  endfacet
  facet normal 8.549119e-01 0.000000e+00 -5.187733e-01
    outer loop
      vertex   7.144146e+01 8.269615e+01 6.712476e+01
      vertex   7.144146e+01 1.000000e+02 6.712476e+01
      vertex   7.201826e+01 8.269615e+01 6.807530e+01
    endloop
  endfacet
  facet normal 8.549119e-01 0.000000e+00 -5.187733e-01
    outer loop
      vertex   7.201826e+01 8.269615e+01 6.807530e+01
      vertex   7.144146e+01 1.000000e+02 6.712476e+01
      vertex   7.201826e+01 1.000000e+02 6.807530e+01
    endloop
  endfacet
  facet normal 9.153115e-01 0.000000e+00 -4.027467e-01
    outer loop
      vertex   7.201826e+01 8.269615e+01 6.807530e+01
      vertex   7.201826e+01 1.000000e+02 6.807530e+01
      vertex   7.246605e+01 8.269615e+01 6.909299e+01
    endloop
  endfacet
  facet normal 9.153115e-01 -7.517032e-16 -4.027467e-01
    outer loop
      vertex   7.246605e+01 8.269615e+01 6.909299e+01
      vertex   7.201826e+01 1.000000e+02 6.807530e+01
      vertex   7.246605e+01 1.000000e+02 6.909299e+01
    endloop
  endfacet
  facet normal 9.600499e-01 -7.884448e-16 -2.798290e-01
    outer loop
      vertex   7.246605e+01 8.269615e+01 6.909299e+01
      vertex   7.246605e+01 1.000000e+02 6.909299e+01
      vertex   7.277718e+01 8.269615e+01 7.016042e+01
    endloop
  endfacet
  facet normal 9.600499e-01 0.000000e+00 -2.798290e-01
    outer loop
      vertex   7.277718e+01 8.269615e+01 7.016042e+01
      vertex   7.246605e+01 1.000000e+02 6.909299e+01
      vertex   7.277718e+01 1.000000e+02 7.016042e+01
    endloop
  endfacet
  facet normal 9.883615e-01 0.000000e+00 -1.521234e-01
    outer loop
      vertex   7.277718e+01 8.269615e+01 7.016042e+01
      vertex   7.277718e+01 1.000000e+02 7.016042e+01
      vertex   7.294632e+01 8.269615e+01 7.125934e+01
    endloop
  endfacet
  facet normal 9.883615e-01 -8.116959e-16 -1.521234e-01
    outer loop
      vertex   7.294632e+01 8.269615e+01 7.125934e+01
      vertex   7.277718e+01 1.000000e+02 7.016042e+01
      vertex   7.294632e+01 1.000000e+02 7.125934e+01
    endloop
  endfacet
  facet normal 9.997620e-01 -8.210586e-16 -2.181489e-02
    outer loop
      vertex   7.294632e+01 8.269615e+01 7.125934e+01
      vertex   7.294632e+01 1.000000e+02 7.125934e+01
      vertex   7.297058e+01 8.269615e+01 7.237093e+01
    endloop
  endfacet
  facet normal 9.997620e-01 0.000000e+00 -2.181489e-02
    outer loop
      vertex   7.297058e+01 8.269615e+01 7.237093e+01
      vertex   7.294632e+01 1.000000e+02 7.125934e+01
      vertex   7.297058e+01 1.000000e+02 7.237093e+01
    endloop
  endfacet
  facet normal 9.940563e-01 -0.000000e+00 1.088669e-01
    outer loop
      vertex   7.297058e+01 8.269615e+01 7.237093e+01
      vertex   7.297058e+01 1.000000e+02 7.237093e+01
      vertex   7.284953e+01 8.269615e+01 7.347617e+01
    endloop
  endfacet
  facet normal 9.940563e-01 -8.163728e-16 1.088669e-01
    outer loop
      vertex   7.284953e+01 8.269615e+01 7.347617e+01
      vertex   7.297058e+01 1.000000e+02 7.237093e+01
      vertex   7.284953e+01 1.000000e+02 7.347617e+01
    endloop
  endfacet
  facet normal 9.713421e-01 -7.977186e-16 2.376859e-01
    outer loop
      vertex   7.284953e+01 8.269615e+01 7.347617e+01
      vertex   7.284953e+01 1.000000e+02 7.347617e+01
      vertex   7.258526e+01 8.269615e+01 7.455616e+01
    endloop
  endfacet
  facet normal 9.713421e-01 -7.977186e-16 2.376859e-01
    outer loop
      vertex   7.258526e+01 8.269615e+01 7.455616e+01
      vertex   7.284953e+01 1.000000e+02 7.347617e+01
      vertex   7.258526e+01 1.000000e+02 7.455616e+01
    endloop
  endfacet
  facet normal 9.320079e-01 -7.654152e-16 3.624380e-01
    outer loop
      vertex   7.258526e+01 8.269615e+01 7.455616e+01
      vertex   7.258526e+01 1.000000e+02 7.455616e+01
      vertex   7.218228e+01 8.269615e+01 7.559242e+01
    endloop
  endfacet
  facet normal 9.320079e-01 -7.654152e-16 3.624380e-01
    outer loop
      vertex   7.218228e+01 8.269615e+01 7.559242e+01
      vertex   7.258526e+01 1.000000e+02 7.455616e+01
      vertex   7.218228e+01 1.000000e+02 7.559242e+01
    endloop
  endfacet
  facet normal 8.767268e-01 -7.200154e-16 4.809888e-01
    outer loop
      vertex   7.218228e+01 8.269615e+01 7.559242e+01
      vertex   7.218228e+01 1.000000e+02 7.559242e+01
      vertex   7.164749e+01 8.269615e+01 7.656721e+01
    endloop
  endfacet
  facet normal 8.767268e-01 -7.200154e-16 4.809888e-01
    outer loop
      vertex   7.164749e+01 8.269615e+01 7.656721e+01
      vertex   7.218228e+01 1.000000e+02 7.559242e+01
      vertex   7.164749e+01 1.000000e+02 7.656721e+01
    endloop
  endfacet
  facet normal 8.064446e-01 -6.622959e-16 5.913096e-01
    outer loop
      vertex   7.164749e+01 8.269615e+01 7.656721e+01
      vertex   7.164749e+01 1.000000e+02 7.656721e+01
      vertex   7.099004e+01 8.269615e+01 7.746386e+01
    endloop
  endfacet
  facet normal 8.064446e-01 -1.147911e-15 5.913096e-01
    outer loop
      vertex   7.099004e+01 8.269615e+01 7.746386e+01
      vertex   7.164749e+01 1.000000e+02 7.656721e+01
      vertex   7.099004e+01 1.000000e+02 7.746386e+01
    endloop
  endfacet
  facet normal 7.223640e-01 -1.161152e-15 6.915131e-01
    outer loop
      vertex   7.099004e+01 8.269615e+01 7.746386e+01
      vertex   7.099004e+01 1.000000e+02 7.746386e+01
      vertex   7.022118e+01 8.269615e+01 7.826702e+01
    endloop
  endfacet
  facet normal 7.223640e-01 -0.000000e+00 6.915131e-01
    outer loop
      vertex   7.022118e+01 8.269615e+01 7.826702e+01
      vertex   7.099004e+01 1.000000e+02 7.746386e+01
      vertex   7.022118e+01 1.000000e+02 7.826702e+01
    endloop
  endfacet
  facet normal 6.259235e-01 -0.000000e+00 7.798845e-01
    outer loop
      vertex   7.022118e+01 8.269615e+01 7.826702e+01
      vertex   7.022118e+01 1.000000e+02 7.826702e+01
      vertex   6.935406e+01 8.269615e+01 7.896295e+01
    endloop
  endfacet
  facet normal 6.259235e-01 -0.000000e+00 7.798845e-01
    outer loop
      vertex   6.935406e+01 8.269615e+01 7.896295e+01
      vertex   7.022118e+01 1.000000e+02 7.826702e+01
      vertex   6.935406e+01 1.000000e+02 7.896295e+01
    endloop
  endfacet
  facet normal 5.187733e-01 -0.000000e+00 8.549119e-01
    outer loop
      vertex   6.935406e+01 8.269615e+01 7.896295e+01
      vertex   6.935406e+01 1.000000e+02 7.896295e+01
      vertex   6.840353e+01 8.269615e+01 7.953975e+01
    endloop
  endfacet
  facet normal 5.187733e-01 -0.000000e+00 8.549119e-01
    outer loop
      vertex   6.840353e+01 8.269615e+01 7.953975e+01
      vertex   6.935406e+01 1.000000e+02 7.896295e+01
      vertex   6.840353e+01 1.000000e+02 7.953975e+01
    endloop
  endfacet
  facet normal 4.027467e-01 -0.000000e+00 9.153115e-01
    outer loop
      vertex   6.840353e+01 8.269615e+01 7.953975e+01
      vertex   6.840353e+01 1.000000e+02 7.953975e+01
      vertex   6.738584e+01 8.269615e+01 7.998755e+01
    endloop
  endfacet
  facet normal 4.027467e-01 -7.517032e-16 9.153115e-01
    outer loop
      vertex   6.738584e+01 8.269615e+01 7.998755e+01
      vertex   6.840353e+01 1.000000e+02 7.953975e+01
      vertex   6.738584e+01 1.000000e+02 7.998755e+01
    endloop
  endfacet
  facet normal 2.798290e-01 -7.884448e-16 9.600499e-01
    outer loop
      vertex   6.738584e+01 8.269615e+01 7.998755e+01
      vertex   6.738584e+01 1.000000e+02 7.998755e+01
      vertex   6.631840e+01 8.269615e+01 8.029868e+01
    endloop
  endfacet
  facet normal 2.798290e-01 -0.000000e+00 9.600499e-01
    outer loop
      vertex   6.631840e+01 8.269615e+01 8.029868e+01
      vertex   6.738584e+01 1.000000e+02 7.998755e+01
      vertex   6.631840e+01 1.000000e+02 8.029868e+01
    endloop
  endfacet
  facet normal 1.521234e-01 -0.000000e+00 9.883615e-01
    outer loop
      vertex   6.631840e+01 8.269615e+01 8.029868e+01
      vertex   6.631840e+01 1.000000e+02 8.029868e+01
      vertex   6.521949e+01 8.269615e+01 8.046782e+01
    endloop
  endfacet
  facet normal 1.521234e-01 -0.000000e+00 9.883615e-01
    outer loop
      vertex   6.521949e+01 8.269615e+01 8.046782e+01
      vertex   6.631840e+01 1.000000e+02 8.029868e+01
      vertex   6.521949e+01 1.000000e+02 8.046782e+01
    endloop
  endfacet
  facet normal 2.181489e-02 -0.000000e+00 9.997620e-01
    outer loop
      vertex   6.521949e+01 8.269615e+01 8.046782e+01
      vertex   6.521949e+01 1.000000e+02 8.046782e+01
      vertex   6.410790e+01 8.269615e+01 8.049207e+01
    endloop
  endfacet
  facet normal 2.181489e-02 -0.000000e+00 9.997620e-01
    outer loop
      vertex   6.410790e+01 8.269615e+01 8.049207e+01
      vertex   6.521949e+01 1.000000e+02 8.046782e+01
      vertex   6.410790e+01 1.000000e+02 8.049207e+01
    endloop
  endfacet
  facet normal -1.088669e-01 0.000000e+00 9.940563e-01
    outer loop
      vertex   6.410790e+01 8.269615e+01 8.049207e+01
      vertex   6.410790e+01 1.000000e+02 8.049207e+01
      vertex   6.300266e+01 8.269615e+01 8.037103e+01
    endloop
  endfacet
  facet normal -1.088669e-01 -1.632746e-15 9.940563e-01
    outer loop
      vertex   6.300266e+01 8.269615e+01 8.037103e+01
      vertex   6.410790e+01 1.000000e+02 8.049207e+01
      vertex   6.300266e+01 1.000000e+02 8.037103e+01
    endloop
  endfacet
  facet normal -2.376859e-01 -1.595437e-15 9.713421e-01
    outer loop
      vertex   6.300266e+01 8.269615e+01 8.037103e+01
      vertex   6.300266e+01 1.000000e+02 8.037103e+01
      vertex   6.192267e+01 8.269615e+01 8.010675e+01
    endloop
  endfacet
  facet normal -2.376859e-01 0.000000e+00 9.713421e-01
    outer loop
      vertex   6.192267e+01 8.269615e+01 8.010675e+01
      vertex   6.300266e+01 1.000000e+02 8.037103e+01
      vertex   6.192267e+01 1.000000e+02 8.010675e+01
    endloop
  endfacet
  facet normal -3.624380e-01 0.000000e+00 9.320079e-01
    outer loop
      vertex   6.192267e+01 8.269615e+01 8.010675e+01
      vertex   6.192267e+01 1.000000e+02 8.010675e+01
      vertex   6.088641e+01 8.269615e+01 7.970378e+01
    endloop
  endfacet
  facet normal -3.624380e-01 -9.142421e-16 9.320079e-01
    outer loop
      vertex   6.088641e+01 8.269615e+01 7.970378e+01
      vertex   6.192267e+01 1.000000e+02 8.010675e+01
      vertex   6.088641e+01 1.000000e+02 7.970378e+01
    endloop
  endfacet
  facet normal -4.809888e-01 -9.175224e-16 8.767268e-01
    outer loop
      vertex   6.088641e+01 8.269615e+01 7.970378e+01
      vertex   6.088641e+01 1.000000e+02 7.970378e+01
      vertex   5.991162e+01 8.269615e+01 7.916899e+01
    endloop
  endfacet
  facet normal -4.809888e-01 0.000000e+00 8.767268e-01
    outer loop
      vertex   5.991162e+01 8.269615e+01 7.916899e+01
      vertex   6.088641e+01 1.000000e+02 7.970378e+01
      vertex   5.991162e+01 1.000000e+02 7.916899e+01
    endloop
  endfacet
  facet normal -5.913096e-01 0.000000e+00 8.064446e-01
    outer loop
      vertex   5.991162e+01 8.269615e+01 7.916899e+01
      vertex   5.991162e+01 1.000000e+02 7.916899e+01
      vertex   5.901497e+01 8.269615e+01 7.851154e+01
    endloop
  endfacet
  facet normal -5.913096e-01 -1.147911e-15 8.064446e-01
    outer loop
      vertex   5.901497e+01 8.269615e+01 7.851154e+01
      vertex   5.991162e+01 1.000000e+02 7.916899e+01
      vertex   5.901497e+01 1.000000e+02 7.851154e+01
    endloop
  endfacet
  facet normal -6.915131e-01 -1.161152e-15 7.223640e-01
    outer loop
      vertex   5.901497e+01 8.269615e+01 7.851154e+01
      vertex   5.901497e+01 1.000000e+02 7.851154e+01
      vertex   5.821181e+01 8.269615e+01 7.774268e+01
    endloop
  endfacet
  facet normal -6.915131e-01 -5.679079e-16 7.223640e-01
    outer loop
      vertex   5.821181e+01 8.269615e+01 7.774268e+01
      vertex   5.901497e+01 1.000000e+02 7.851154e+01
      vertex   5.821181e+01 1.000000e+02 7.774268e+01
    endloop
  endfacet
  facet normal -8.549119e-01 -3.510499e-16 5.187733e-01
    outer loop
      vertex   5.693907e+01 1.173038e+02 7.592502e+01
      vertex   5.693907e+01 1.000000e+02 7.592502e+01
      vertex   5.751587e+01 1.173038e+02 7.687556e+01
    endloop
  endfacet
  facet normal -8.549119e-01 -3.510499e-16 5.187733e-01
    outer loop
      vertex   5.751587e+01 1.173038e+02 7.687556e+01
      vertex   5.693907e+01 1.000000e+02 7.592502e+01
      vertex   5.751587e+01 1.000000e+02 7.687556e+01
    endloop
  endfacet
  facet normal -7.798845e-01 -3.202416e-16 6.259235e-01
    outer loop
      vertex   5.751587e+01 1.173038e+02 7.687556e+01
      vertex   5.751587e+01 1.000000e+02 7.687556e+01
      vertex   5.821181e+01 1.173038e+02 7.774268e+01
    endloop
  endfacet
  facet normal -7.798845e-01 -3.202416e-16 6.259235e-01
    outer loop
      vertex   5.821181e+01 1.173038e+02 7.774268e+01
      vertex   5.751587e+01 1.000000e+02 7.687556e+01
      vertex   5.821181e+01 1.000000e+02 7.774268e+01
    endloop
  endfacet
  facet normal -6.915131e-01 -2.839539e-16 7.223640e-01
    outer loop
      vertex   5.821181e+01 1.173038e+02 7.774268e+01
      vertex   5.821181e+01 1.000000e+02 7.774268e+01
      vertex   5.901497e+01 1.173038e+02 7.851154e+01
    endloop
  endfacet
  facet normal -6.915131e-01 0.000000e+00 7.223640e-01
    outer loop
      vertex   5.901497e+01 1.173038e+02 7.851154e+01
      vertex   5.821181e+01 1.000000e+02 7.774268e+01
      vertex   5.901497e+01 1.000000e+02 7.851154e+01
    endloop
  endfacet
  facet normal -5.913096e-01 0.000000e+00 8.064446e-01
    outer loop
      vertex   5.901497e+01 1.173038e+02 7.851154e+01
      vertex   5.901497e+01 1.000000e+02 7.851154e+01
      vertex   5.991162e+01 1.173038e+02 7.916899e+01
    endloop
  endfacet
  facet normal -5.913096e-01 -9.051036e-16 8.064446e-01
    outer loop
      vertex   5.991162e+01 1.173038e+02 7.916899e+01
      vertex   5.901497e+01 1.000000e+02 7.851154e+01
      vertex   5.991162e+01 1.000000e+02 7.916899e+01
    endloop
  endfacet
  facet normal -4.809888e-01 -9.175224e-16 8.767268e-01
    outer loop
      vertex   5.991162e+01 1.173038e+02 7.916899e+01
      vertex   5.991162e+01 1.000000e+02 7.916899e+01
      vertex   6.088641e+01 1.173038e+02 7.970378e+01
    endloop
  endfacet
  facet normal -4.809888e-01 -1.975070e-16 8.767268e-01
    outer loop
      vertex   6.088641e+01 1.173038e+02 7.970378e+01
      vertex   5.991162e+01 1.000000e+02 7.916899e+01
      vertex   6.088641e+01 1.000000e+02 7.970378e+01
    endloop
  endfacet
  facet normal -3.624380e-01 -1.488269e-16 9.320079e-01
    outer loop
      vertex   6.088641e+01 1.173038e+02 7.970378e+01
      vertex   6.088641e+01 1.000000e+02 7.970378e+01
      vertex   6.192267e+01 1.173038e+02 8.010675e+01
    endloop
  endfacet
  facet normal -3.624380e-01 -7.654152e-16 9.320079e-01
    outer loop
      vertex   6.192267e+01 1.173038e+02 8.010675e+01
      vertex   6.088641e+01 1.000000e+02 7.970378e+01
      vertex   6.192267e+01 1.000000e+02 8.010675e+01
    endloop
  endfacet
  facet normal -2.376859e-01 -7.977186e-16 9.713421e-01
    outer loop
      vertex   6.192267e+01 1.173038e+02 8.010675e+01
      vertex   6.192267e+01 1.000000e+02 8.010675e+01
      vertex   6.300266e+01 1.173038e+02 8.037103e+01
    endloop
  endfacet
  facet normal -2.376859e-01 0.000000e+00 9.713421e-01
    outer loop
      vertex   6.300266e+01 1.173038e+02 8.037103e+01
      vertex   6.192267e+01 1.000000e+02 8.010675e+01
      vertex   6.300266e+01 1.000000e+02 8.037103e+01
    endloop
  endfacet
  facet normal -1.088669e-01 0.000000e+00 9.940563e-01
    outer loop
      vertex   6.300266e+01 1.173038e+02 8.037103e+01
      vertex   6.300266e+01 1.000000e+02 8.037103e+01
      vertex   6.410790e+01 1.173038e+02 8.049207e+01
    endloop
  endfacet
  facet normal -1.088669e-01 -1.632746e-15 9.940563e-01
    outer loop
      vertex   6.410790e+01 1.173038e+02 8.049207e+01
      vertex   6.300266e+01 1.000000e+02 8.037103e+01
      vertex   6.410790e+01 1.000000e+02 8.049207e+01
    endloop
  endfacet
  facet normal 2.181489e-02 -1.642117e-15 9.997620e-01
    outer loop
      vertex   6.410790e+01 1.173038e+02 8.049207e+01
      vertex   6.410790e+01 1.000000e+02 8.049207e+01
      vertex   6.521949e+01 1.173038e+02 8.046782e+01
    endloop
  endfacet
  facet normal 2.181489e-02 -8.210586e-16 9.997620e-01
    outer loop
      vertex   6.521949e+01 1.173038e+02 8.046782e+01
      vertex   6.410790e+01 1.000000e+02 8.049207e+01
      vertex   6.521949e+01 1.000000e+02 8.046782e+01
    endloop
  endfacet
  facet normal 1.521234e-01 -8.116959e-16 9.883615e-01
    outer loop
      vertex   6.521949e+01 1.173038e+02 8.046782e+01
      vertex   6.521949e+01 1.000000e+02 8.046782e+01
      vertex   6.631840e+01 1.173038e+02 8.029868e+01
    endloop
  endfacet
  facet normal 1.521234e-01 -8.116959e-16 9.883615e-01
    outer loop
      vertex   6.631840e+01 1.173038e+02 8.029868e+01
      vertex   6.521949e+01 1.000000e+02 8.046782e+01
      vertex   6.631840e+01 1.000000e+02 8.029868e+01
    endloop
  endfacet
  facet normal 2.798290e-01 -7.884448e-16 9.600499e-01
    outer loop
      vertex   6.631840e+01 1.173038e+02 8.029868e+01
      vertex   6.631840e+01 1.000000e+02 8.029868e+01
      vertex   6.738584e+01 1.173038e+02 7.998755e+01
    endloop
  endfacet
  facet normal 2.798290e-01 0.000000e+00 9.600499e-01
    outer loop
      vertex   6.738584e+01 1.173038e+02 7.998755e+01
      vertex   6.631840e+01 1.000000e+02 8.029868e+01
      vertex   6.738584e+01 1.000000e+02 7.998755e+01
    endloop
  endfacet
  facet normal 4.027467e-01 0.000000e+00 9.153115e-01
    outer loop
      vertex   6.738584e+01 1.173038e+02 7.998755e+01
      vertex   6.738584e+01 1.000000e+02 7.998755e+01
      vertex   6.840353e+01 1.173038e+02 7.953975e+01
    endloop
  endfacet
  facet normal 4.027467e-01 0.000000e+00 9.153115e-01
    outer loop
      vertex   6.840353e+01 1.173038e+02 7.953975e+01
      vertex   6.738584e+01 1.000000e+02 7.998755e+01
      vertex   6.840353e+01 1.000000e+02 7.953975e+01
    endloop
  endfacet
  facet normal 5.187733e-01 0.000000e+00 8.549119e-01
    outer loop
      vertex   6.840353e+01 1.173038e+02 7.953975e+01
      vertex   6.840353e+01 1.000000e+02 7.953975e+01
      vertex   6.935406e+01 1.173038e+02 7.896295e+01
    endloop
  endfacet
  facet normal 5.187733e-01 -1.128144e-15 8.549119e-01
    outer loop
      vertex   6.935406e+01 1.173038e+02 7.896295e+01
      vertex   6.840353e+01 1.000000e+02 7.953975e+01
      vertex   6.935406e+01 1.000000e+02 7.896295e+01
    endloop
  endfacet
  facet normal 6.259235e-01 -1.154525e-15 7.798845e-01
    outer loop
      vertex   6.935406e+01 1.173038e+02 7.896295e+01
      vertex   6.935406e+01 1.000000e+02 7.896295e+01
      vertex   7.022118e+01 1.173038e+02 7.826702e+01
    endloop
  endfacet
  facet normal 6.259235e-01 -6.404833e-16 7.798845e-01
    outer loop
      vertex   7.022118e+01 1.173038e+02 7.826702e+01
      vertex   6.935406e+01 1.000000e+02 7.896295e+01
      vertex   7.022118e+01 1.000000e+02 7.826702e+01
    endloop
  endfacet
  facet normal 7.223640e-01 -5.679079e-16 6.915131e-01
    outer loop
      vertex   7.022118e+01 1.173038e+02 7.826702e+01
      vertex   7.022118e+01 1.000000e+02 7.826702e+01
      vertex   7.099004e+01 1.173038e+02 7.746386e+01
    endloop
  endfacet
  facet normal 7.223640e-01 0.000000e+00 6.915131e-01
    outer loop
      vertex   7.099004e+01 1.173038e+02 7.746386e+01
      vertex   7.022118e+01 1.000000e+02 7.826702e+01
      vertex   7.099004e+01 1.000000e+02 7.746386e+01
    endloop
  endfacet
  facet normal 8.064446e-01 0.000000e+00 5.913096e-01
    outer loop
      vertex   7.099004e+01 1.173038e+02 7.746386e+01
      vertex   7.099004e+01 1.000000e+02 7.746386e+01
      vertex   7.164749e+01 1.173038e+02 7.656721e+01
    endloop
  endfacet
  facet normal 8.064446e-01 -4.856154e-16 5.913096e-01
    outer loop
      vertex   7.164749e+01 1.173038e+02 7.656721e+01
      vertex   7.099004e+01 1.000000e+02 7.746386e+01
      vertex   7.164749e+01 1.000000e+02 7.656721e+01
    endloop
  endfacet
  facet normal 8.767268e-01 -3.950140e-16 4.809888e-01
    outer loop
      vertex   7.164749e+01 1.173038e+02 7.656721e+01
      vertex   7.164749e+01 1.000000e+02 7.656721e+01
      vertex   7.218228e+01 1.173038e+02 7.559242e+01
    endloop
  endfacet
  facet normal 8.767268e-01 0.000000e+00 4.809888e-01
    outer loop
      vertex   7.218228e+01 1.173038e+02 7.559242e+01
      vertex   7.164749e+01 1.000000e+02 7.656721e+01
      vertex   7.218228e+01 1.000000e+02 7.559242e+01
    endloop
  endfacet
  facet normal 9.320079e-01 0.000000e+00 3.624380e-01
    outer loop
      vertex   7.218228e+01 1.173038e+02 7.559242e+01
      vertex   7.218228e+01 1.000000e+02 7.559242e+01
      vertex   7.258526e+01 1.173038e+02 7.455616e+01
    endloop
  endfacet
  facet normal 9.320079e-01 -7.654152e-16 3.624380e-01
    outer loop
      vertex   7.258526e+01 1.173038e+02 7.455616e+01
      vertex   7.218228e+01 1.000000e+02 7.559242e+01
      vertex   7.258526e+01 1.000000e+02 7.455616e+01
    endloop
  endfacet
  facet normal 9.713421e-01 -7.977186e-16 2.376859e-01
    outer loop
      vertex   7.258526e+01 1.173038e+02 7.455616e+01
      vertex   7.258526e+01 1.000000e+02 7.455616e+01
      vertex   7.284953e+01 1.173038e+02 7.347617e+01
    endloop
  endfacet
  facet normal 9.713421e-01 0.000000e+00 2.376859e-01
    outer loop
      vertex   7.284953e+01 1.173038e+02 7.347617e+01
      vertex   7.258526e+01 1.000000e+02 7.455616e+01
      vertex   7.284953e+01 1.000000e+02 7.347617e+01
    endloop
  endfacet
  facet normal 9.940563e-01 0.000000e+00 1.088669e-01
    outer loop
      vertex   7.284953e+01 1.173038e+02 7.347617e+01
      vertex   7.284953e+01 1.000000e+02 7.347617e+01
      vertex   7.297058e+01 1.173038e+02 7.237093e+01
    endloop
  endfacet
  facet normal 9.940563e-01 -8.163728e-16 1.088669e-01
    outer loop
      vertex   7.297058e+01 1.173038e+02 7.237093e+01
      vertex   7.284953e+01 1.000000e+02 7.347617e+01
      vertex   7.297058e+01 1.000000e+02 7.237093e+01
    endloop
  endfacet
  facet normal 9.997620e-01 -8.210586e-16 -2.181489e-02
    outer loop
      vertex   7.297058e+01 1.173038e+02 7.237093e+01
      vertex   7.297058e+01 1.000000e+02 7.237093e+01
      vertex   7.294632e+01 1.173038e+02 7.125934e+01
    endloop
  endfacet
  facet normal 9.997620e-01 0.000000e+00 -2.181489e-02
    outer loop
      vertex   7.294632e+01 1.173038e+02 7.125934e+01
      vertex   7.297058e+01 1.000000e+02 7.237093e+01
      vertex   7.294632e+01 1.000000e+02 7.125934e+01
    endloop
  endfacet
  facet normal 9.883615e-01 0.000000e+00 -1.521234e-01
    outer loop
      vertex   7.294632e+01 1.173038e+02 7.125934e+01
      vertex   7.294632e+01 1.000000e+02 7.125934e+01
      vertex   7.277718e+01 1.173038e+02 7.016042e+01
    endloop
  endfacet
  facet normal 9.883615e-01 0.000000e+00 -1.521234e-01
    outer loop
      vertex   7.277718e+01 1.173038e+02 7.016042e+01
      vertex   7.294632e+01 1.000000e+02 7.125934e+01
      vertex   7.277718e+01 1.000000e+02 7.016042e+01
    endloop
  endfacet
  facet normal 9.600499e-01 0.000000e+00 -2.798290e-01
    outer loop
      vertex   7.277718e+01 1.173038e+02 7.016042e+01
      vertex   7.277718e+01 1.000000e+02 7.016042e+01
      vertex   7.246605e+01 1.173038e+02 6.909299e+01
    endloop
  endfacet
  facet normal 9.600499e-01 -7.884448e-16 -2.798290e-01
    outer loop
      vertex   7.246605e+01 1.173038e+02 6.909299e+01
      vertex   7.277718e+01 1.000000e+02 7.016042e+01
      vertex   7.246605e+01 1.000000e+02 6.909299e+01
    endloop
  endfacet
  facet normal 9.153115e-01 -7.517032e-16 -4.027467e-01
    outer loop
      vertex   7.246605e+01 1.173038e+02 6.909299e+01
      vertex   7.246605e+01 1.000000e+02 6.909299e+01
      vertex   7.201826e+01 1.173038e+02 6.807530e+01
    endloop
  endfacet
  facet normal 9.153115e-01 -7.517032e-16 -4.027467e-01
    outer loop
      vertex   7.201826e+01 1.173038e+02 6.807530e+01
      vertex   7.246605e+01 1.000000e+02 6.909299e+01
      vertex   7.201826e+01 1.000000e+02 6.807530e+01
    endloop
  endfacet
  facet normal 8.549119e-01 -7.020998e-16 -5.187733e-01
    outer loop
      vertex   7.201826e+01 1.173038e+02 6.807530e+01
      vertex   7.201826e+01 1.000000e+02 6.807530e+01
      vertex   7.144146e+01 1.173038e+02 6.712476e+01
    endloop
  endfacet
  facet normal 8.549119e-01 -7.020998e-16 -5.187733e-01
    outer loop
      vertex   7.144146e+01 1.173038e+02 6.712476e+01
      vertex   7.201826e+01 1.000000e+02 6.807530e+01
      vertex   7.144146e+01 1.000000e+02 6.712476e+01
    endloop
  endfacet
  facet normal 7.798845e-01 -6.404833e-16 -6.259235e-01
    outer loop
      vertex   7.144146e+01 1.173038e+02 6.712476e+01
      vertex   7.144146e+01 1.000000e+02 6.712476e+01
      vertex   7.074552e+01 1.173038e+02 6.625764e+01
    endloop
  endfacet
  facet normal 7.798845e-01 -1.280967e-15 -6.259235e-01
    outer loop
      vertex   7.074552e+01 1.173038e+02 6.625764e+01
      vertex   7.144146e+01 1.000000e+02 6.712476e+01
      vertex   7.074552e+01 1.000000e+02 6.625764e+01
    endloop
  endfacet
  facet normal 6.915131e-01 -1.135816e-15 -7.223640e-01
    outer loop
      vertex   7.074552e+01 1.173038e+02 6.625764e+01
      vertex   7.074552e+01 1.000000e+02 6.625764e+01
      vertex   6.994236e+01 1.173038e+02 6.548878e+01
    endloop
  endfacet
  facet normal 6.915131e-01 -5.932443e-16 -7.223640e-01
    outer loop
      vertex   6.994236e+01 1.173038e+02 6.548878e+01
      vertex   7.074552e+01 1.000000e+02 6.625764e+01
      vertex   6.994236e+01 1.000000e+02 6.548878e+01
    endloop
  endfacet
  facet normal 5.913096e-01 -6.622959e-16 -8.064446e-01
    outer loop
      vertex   6.994236e+01 1.173038e+02 6.548878e+01
      vertex   6.994236e+01 1.000000e+02 6.548878e+01
      vertex   6.904571e+01 1.173038e+02 6.483133e+01
    endloop
  endfacet
  facet normal 5.913096e-01 -6.622959e-16 -8.064446e-01
    outer loop
      vertex   6.904571e+01 1.173038e+02 6.483133e+01
      vertex   6.994236e+01 1.000000e+02 6.548878e+01
      vertex   6.904571e+01 1.000000e+02 6.483133e+01
    endloop
  endfacet
  facet normal 4.809888e-01 -7.200154e-16 -8.767268e-01
    outer loop
      vertex   6.904571e+01 1.173038e+02 6.483133e+01
      vertex   6.904571e+01 1.000000e+02 6.483133e+01
      vertex   6.807092e+01 1.173038e+02 6.429654e+01
    endloop
  endfacet
  facet normal 4.809888e-01 0.000000e+00 -8.767268e-01
    outer loop
      vertex   6.807092e+01 1.173038e+02 6.429654e+01
      vertex   6.904571e+01 1.000000e+02 6.483133e+01
      vertex   6.807092e+01 1.000000e+02 6.429654e+01
    endloop
  endfacet
  facet normal 3.624380e-01 0.000000e+00 -9.320079e-01
    outer loop
      vertex   6.807092e+01 1.173038e+02 6.429654e+01
      vertex   6.807092e+01 1.000000e+02 6.429654e+01
      vertex   6.703466e+01 1.173038e+02 6.389357e+01
    endloop
  endfacet
  facet normal 3.624380e-01 -1.148123e-15 -9.320079e-01
    outer loop
      vertex   6.703466e+01 1.173038e+02 6.389357e+01
      vertex   6.807092e+01 1.000000e+02 6.429654e+01
      vertex   6.703466e+01 1.000000e+02 6.389357e+01
    endloop
  endfacet
  facet normal 2.376859e-01 -1.196578e-15 -9.713421e-01
    outer loop
      vertex   6.703466e+01 1.173038e+02 6.389357e+01
      vertex   6.703466e+01 1.000000e+02 6.389357e+01
      vertex   6.595467e+01 1.173038e+02 6.362929e+01
    endloop
  endfacet
  facet normal 2.376859e-01 -3.988593e-16 -9.713421e-01
    outer loop
      vertex   6.595467e+01 1.173038e+02 6.362929e+01
      vertex   6.703466e+01 1.000000e+02 6.389357e+01
      vertex   6.595467e+01 1.000000e+02 6.362929e+01
    endloop
  endfacet
  facet normal 1.088669e-01 -4.081864e-16 -9.940563e-01
    outer loop
      vertex   6.595467e+01 1.173038e+02 6.362929e+01
      vertex   6.595467e+01 1.000000e+02 6.362929e+01
      vertex   6.484943e+01 1.173038e+02 6.350825e+01
    endloop
  endfacet
  facet normal 1.088669e-01 -4.081864e-16 -9.940563e-01
    outer loop
      vertex   6.484943e+01 1.173038e+02 6.350825e+01
      vertex   6.595467e+01 1.000000e+02 6.362929e+01
      vertex   6.484943e+01 1.000000e+02 6.350825e+01
    endloop
  endfacet
  facet normal -2.181489e-02 -4.105293e-16 -9.997620e-01
    outer loop
      vertex   6.484943e+01 1.173038e+02 6.350825e+01
      vertex   6.484943e+01 1.000000e+02 6.350825e+01
      vertex   6.373784e+01 1.173038e+02 6.353251e+01
    endloop
  endfacet
  facet normal -2.181489e-02 -4.105293e-16 -9.997620e-01
    outer loop
      vertex   6.373784e+01 1.173038e+02 6.353251e+01
      vertex   6.484943e+01 1.000000e+02 6.350825e+01
      vertex   6.373784e+01 1.000000e+02 6.353251e+01
    endloop
  endfacet
  facet normal -1.521234e-01 -4.058479e-16 -9.883615e-01
    outer loop
      vertex   6.373784e+01 1.173038e+02 6.353251e+01
      vertex   6.373784e+01 1.000000e+02 6.353251e+01
      vertex   6.263893e+01 1.173038e+02 6.370164e+01
    endloop
  endfacet
  facet normal -1.521234e-01 -4.058479e-16 -9.883615e-01
    outer loop
      vertex   6.263893e+01 1.173038e+02 6.370164e+01
      vertex   6.373784e+01 1.000000e+02 6.353251e+01
      vertex   6.263893e+01 1.000000e+02 6.370164e+01
    endloop
  endfacet
  facet normal -2.798290e-01 -3.942224e-16 -9.600499e-01
    outer loop
      vertex   6.263893e+01 1.173038e+02 6.370164e+01
      vertex   6.263893e+01 1.000000e+02 6.370164e+01
      vertex   6.157149e+01 1.173038e+02 6.401277e+01
    endloop
  endfacet
  facet normal -2.798290e-01 -7.884448e-16 -9.600499e-01
    outer loop
      vertex   6.157149e+01 1.173038e+02 6.401277e+01
      vertex   6.263893e+01 1.000000e+02 6.370164e+01
      vertex   6.157149e+01 1.000000e+02 6.401277e+01
    endloop
  endfacet
  facet normal -4.027467e-01 -7.517032e-16 -9.153115e-01
    outer loop
      vertex   6.157149e+01 1.173038e+02 6.401277e+01
      vertex   6.157149e+01 1.000000e+02 6.401277e+01
      vertex   6.055380e+01 1.173038e+02 6.446057e+01
    endloop
  endfacet
  facet normal -4.027467e-01 -0.000000e+00 -9.153115e-01
    outer loop
      vertex   6.055380e+01 1.173038e+02 6.446057e+01
      vertex   6.157149e+01 1.000000e+02 6.401277e+01
      vertex   6.055380e+01 1.000000e+02 6.446057e+01
    endloop
  endfacet
  facet normal -5.187733e-01 -0.000000e+00 -8.549119e-01
    outer loop
      vertex   6.055380e+01 1.173038e+02 6.446057e+01
      vertex   6.055380e+01 1.000000e+02 6.446057e+01
      vertex   5.960327e+01 1.173038e+02 6.503737e+01
    endloop
  endfacet
  facet normal -5.187733e-01 -7.020998e-16 -8.549119e-01
    outer loop
      vertex   5.960327e+01 1.173038e+02 6.503737e+01
      vertex   6.055380e+01 1.000000e+02 6.446057e+01
      vertex   5.960327e+01 1.000000e+02 6.503737e+01
    endloop
  endfacet
  facet normal -6.259235e-01 -6.404833e-16 -7.798845e-01
    outer loop
      vertex   5.960327e+01 1.173038e+02 6.503737e+01
      vertex   5.960327e+01 1.000000e+02 6.503737e+01
      vertex   5.873615e+01 1.173038e+02 6.573330e+01
    endloop
  endfacet
  facet normal -6.259235e-01 -8.975044e-16 -7.798845e-01
    outer loop
      vertex   5.873615e+01 1.173038e+02 6.573330e+01
      vertex   5.960327e+01 1.000000e+02 6.503737e+01
      vertex   5.873615e+01 1.000000e+02 6.573330e+01
    endloop
  endfacet
  facet normal -7.223640e-01 -8.645301e-16 -6.915131e-01
    outer loop
      vertex   5.873615e+01 1.173038e+02 6.573330e+01
      vertex   5.873615e+01 1.000000e+02 6.573330e+01
      vertex   5.796729e+01 1.173038e+02 6.653647e+01
    endloop
  endfacet
  facet normal -7.223640e-01 -1.161152e-15 -6.915131e-01
    outer loop
      vertex   5.796729e+01 1.173038e+02 6.653647e+01
      vertex   5.873615e+01 1.000000e+02 6.573330e+01
      vertex   5.796729e+01 1.000000e+02 6.653647e+01
    endloop
  endfacet
  facet normal -8.064446e-01 -1.147911e-15 -5.913096e-01
    outer loop
      vertex   5.796729e+01 1.173038e+02 6.653647e+01
      vertex   5.796729e+01 1.000000e+02 6.653647e+01
      vertex   5.730984e+01 1.173038e+02 6.743311e+01
    endloop
  endfacet
  facet normal -8.064446e-01 -6.622959e-16 -5.913096e-01
    outer loop
      vertex   5.730984e+01 1.173038e+02 6.743311e+01
      vertex   5.796729e+01 1.000000e+02 6.653647e+01
      vertex   5.730984e+01 1.000000e+02 6.743311e+01
    endloop
  endfacet
  facet normal -8.767268e-01 -7.200154e-16 -4.809888e-01
    outer loop
      vertex   5.730984e+01 1.173038e+02 6.743311e+01
      vertex   5.730984e+01 1.000000e+02 6.743311e+01
      vertex   5.677505e+01 1.173038e+02 6.840791e+01
    endloop
  endfacet
  facet normal -8.767268e-01 -3.600077e-16 -4.809888e-01
    outer loop
      vertex   5.677505e+01 1.173038e+02 6.840791e+01
      vertex   5.730984e+01 1.000000e+02 6.743311e+01
      vertex   5.677505e+01 1.000000e+02 6.840791e+01
    endloop
  endfacet
  facet normal -9.320079e-01 -3.827076e-16 -3.624380e-01
    outer loop
      vertex   5.677505e+01 1.173038e+02 6.840791e+01
      vertex   5.677505e+01 1.000000e+02 6.840791e+01
      vertex   5.637207e+01 1.173038e+02 6.944416e+01
    endloop
  endfacet
  facet normal -9.320079e-01 -6.803613e-16 -3.624380e-01
    outer loop
      vertex   5.637207e+01 1.173038e+02 6.944416e+01
      vertex   5.677505e+01 1.000000e+02 6.840791e+01
      vertex   5.637207e+01 1.000000e+02 6.944416e+01
    endloop
  endfacet
  facet normal -9.713421e-01 -5.940598e-16 -2.376859e-01
    outer loop
      vertex   5.637207e+01 1.173038e+02 6.944416e+01
      vertex   5.637207e+01 1.000000e+02 6.944416e+01
      vertex   5.610780e+01 1.173038e+02 7.052415e+01
    endloop
  endfacet
  facet normal -9.713421e-01 -3.988593e-16 -2.376859e-01
    outer loop
      vertex   5.610780e+01 1.173038e+02 7.052415e+01
      vertex   5.637207e+01 1.000000e+02 6.944416e+01
      vertex   5.610780e+01 1.000000e+02 7.052415e+01
    endloop
  endfacet
  facet normal -9.940563e-01 -4.081864e-16 -1.088669e-01
    outer loop
      vertex   5.610780e+01 1.173038e+02 7.052415e+01
      vertex   5.610780e+01 1.000000e+02 7.052415e+01
      vertex   5.598676e+01 1.173038e+02 7.162940e+01
    endloop
  endfacet
  facet normal -9.940563e-01 -8.163728e-16 -1.088669e-01
    outer loop
      vertex   5.598676e+01 1.173038e+02 7.162940e+01
      vertex   5.610780e+01 1.000000e+02 7.052415e+01
      vertex   5.598676e+01 1.000000e+02 7.162940e+01
    endloop
  endfacet
  facet normal -9.997620e-01 -8.210586e-16 2.181489e-02
    outer loop
      vertex   5.598676e+01 1.173038e+02 7.162940e+01
      vertex   5.598676e+01 1.000000e+02 7.162940e+01
      vertex   5.601101e+01 1.173038e+02 7.274098e+01
    endloop
  endfacet
  facet normal -9.997620e-01 -4.105293e-16 2.181489e-02
    outer loop
      vertex   5.601101e+01 1.173038e+02 7.274098e+01
      vertex   5.598676e+01 1.000000e+02 7.162940e+01
      vertex   5.601101e+01 1.000000e+02 7.274098e+01
    endloop
  endfacet
  facet normal -9.883615e-01 -4.058479e-16 1.521234e-01
    outer loop
      vertex   5.601101e+01 1.173038e+02 7.274098e+01
      vertex   5.601101e+01 1.000000e+02 7.274098e+01
      vertex   5.618015e+01 1.173038e+02 7.383990e+01
    endloop
  endfacet
  facet normal -9.883615e-01 -8.116959e-16 1.521234e-01
    outer loop
      vertex   5.618015e+01 1.173038e+02 7.383990e+01
      vertex   5.601101e+01 1.000000e+02 7.274098e+01
      vertex   5.618015e+01 1.000000e+02 7.383990e+01
    endloop
  endfacet
  facet normal -9.600499e-01 -7.884448e-16 2.798290e-01
    outer loop
      vertex   5.618015e+01 1.173038e+02 7.383990e+01
      vertex   5.618015e+01 1.000000e+02 7.383990e+01
      vertex   5.649128e+01 1.173038e+02 7.490733e+01
    endloop
  endfacet
  facet normal -9.600499e-01 -3.942224e-16 2.798290e-01
    outer loop
      vertex   5.649128e+01 1.173038e+02 7.490733e+01
      vertex   5.618015e+01 1.000000e+02 7.383990e+01
      vertex   5.649128e+01 1.000000e+02 7.490733e+01
    endloop
  endfacet
  facet normal -9.153115e-01 -3.758516e-16 4.027467e-01
    outer loop
      vertex   5.649128e+01 1.173038e+02 7.490733e+01
      vertex   5.649128e+01 1.000000e+02 7.490733e+01
      vertex   5.693907e+01 1.173038e+02 7.592502e+01
    endloop
  endfacet
  facet normal -9.153115e-01 -3.758516e-16 4.027467e-01
    outer loop
      vertex   5.693907e+01 1.173038e+02 7.592502e+01
      vertex   5.649128e+01 1.000000e+02 7.490733e+01
      vertex   5.693907e+01 1.000000e+02 7.592502e+01
    endloop
  endfacet
  facet normal -7.407716e-01 4.991965e-01 4.495112e-01
    outer loop
      vertex   5.693907e+01 1.173038e+02 7.592502e+01
      vertex   5.751587e+01 1.173038e+02 7.687556e+01
      vertex   5.813024e+01 1.186029e+02 7.644538e+01
    endloop
  endfacet
  facet normal -6.757612e-01 4.991965e-01 5.423557e-01
    outer loop
      vertex   5.813024e+01 1.186029e+02 7.644538e+01
      vertex   5.751587e+01 1.173038e+02 7.687556e+01
      vertex   5.821181e+01 1.173038e+02 7.774268e+01
    endloop
  endfacet
  facet normal -6.735365e-01 5.007073e-01 5.437286e-01
    outer loop
      vertex   5.813024e+01 1.186029e+02 7.644538e+01
      vertex   5.821181e+01 1.173038e+02 7.774268e+01
      vertex   5.879466e+01 1.186029e+02 7.726842e+01
    endloop
  endfacet
  facet normal -5.997386e-01 4.978126e-01 6.264952e-01
    outer loop
      vertex   5.879466e+01 1.186029e+02 7.726842e+01
      vertex   5.821181e+01 1.173038e+02 7.774268e+01
      vertex   5.901497e+01 1.173038e+02 7.851154e+01
    endloop
  endfacet
  facet normal -5.926533e-01 5.021477e-01 6.297696e-01
    outer loop
      vertex   5.879466e+01 1.186029e+02 7.726842e+01
      vertex   5.901497e+01 1.173038e+02 7.851154e+01
      vertex   5.956496e+01 1.186029e+02 7.799332e+01
    endloop
  endfacet
  facet normal -5.132612e-01 4.965511e-01 7.000000e-01
    outer loop
      vertex   5.956496e+01 1.186029e+02 7.799332e+01
      vertex   5.901497e+01 1.173038e+02 7.851154e+01
      vertex   5.991162e+01 1.173038e+02 7.916899e+01
    endloop
  endfacet
  facet normal -5.009413e-01 5.034475e-01 7.039875e-01
    outer loop
      vertex   5.956496e+01 1.186029e+02 7.799332e+01
      vertex   5.991162e+01 1.173038e+02 7.916899e+01
      vertex   6.042679e+01 1.186029e+02 7.860659e+01
    endloop
  endfacet
  facet normal -4.178146e-01 4.954129e-01 7.615754e-01
    outer loop
      vertex   6.042679e+01 1.186029e+02 7.860659e+01
      vertex   5.991162e+01 1.173038e+02 7.916899e+01
      vertex   6.088641e+01 1.173038e+02 7.970378e+01
    endloop
  endfacet
  facet normal -4.001022e-01 5.046077e-01 7.650420e-01
    outer loop
      vertex   6.042679e+01 1.186029e+02 7.860659e+01
      vertex   6.088641e+01 1.173038e+02 7.970378e+01
      vertex   6.136411e+01 1.186029e+02 7.909678e+01
    endloop
  endfacet
  facet normal -3.150439e-01 4.943989e-01 8.101340e-01
    outer loop
      vertex   6.136411e+01 1.186029e+02 7.909678e+01
      vertex   6.088641e+01 1.173038e+02 7.970378e+01
      vertex   6.192267e+01 1.173038e+02 8.010675e+01
    endloop
  endfacet
  facet normal -2.920000e-01 5.056293e-01 8.118344e-01
    outer loop
      vertex   6.136411e+01 1.186029e+02 7.909678e+01
      vertex   6.192267e+01 1.173038e+02 8.010675e+01
      vertex   6.235944e+01 1.186029e+02 7.945478e+01
    endloop
  endfacet
  facet normal -2.067250e-01 4.935100e-01 8.448152e-01
    outer loop
      vertex   6.235944e+01 1.186029e+02 7.945478e+01
      vertex   6.192267e+01 1.173038e+02 8.010675e+01
      vertex   6.300266e+01 1.173038e+02 8.037103e+01
    endloop
  endfacet
  facet normal -1.786281e-01 5.065129e-01 8.435263e-01
    outer loop
      vertex   6.235944e+01 1.186029e+02 7.945478e+01
      vertex   6.300266e+01 1.173038e+02 8.037103e+01
      vertex   6.339425e+01 1.186029e+02 7.967392e+01
    endloop
  endfacet
  facet normal -9.473299e-02 4.927467e-01 8.650008e-01
    outer loop
      vertex   6.339425e+01 1.186029e+02 7.967392e+01
      vertex   6.300266e+01 1.173038e+02 8.037103e+01
      vertex   6.410790e+01 1.173038e+02 8.049207e+01
    endloop
  endfacet
  facet normal -6.207262e-02 5.072595e-01 8.595550e-01
    outer loop
      vertex   6.339425e+01 1.186029e+02 7.967392e+01
      vertex   6.410790e+01 1.173038e+02 8.049207e+01
      vertex   6.444926e+01 1.186029e+02 7.975010e+01
    endloop
  endfacet
  facet normal 1.899058e-02 4.921098e-01 8.703260e-01
    outer loop
      vertex   6.444926e+01 1.186029e+02 7.975010e+01
      vertex   6.410790e+01 1.173038e+02 8.049207e+01
      vertex   6.521949e+01 1.173038e+02 8.046782e+01
    endloop
  endfacet
  facet normal 5.552509e-02 5.078695e-01 8.596427e-01
    outer loop
      vertex   6.444926e+01 1.186029e+02 7.975010e+01
      vertex   6.521949e+01 1.173038e+02 8.046782e+01
      vertex   6.550482e+01 1.186029e+02 7.968193e+01
    endloop
  endfacet
  facet normal 1.324723e-01 4.915996e-01 8.606863e-01
    outer loop
      vertex   6.550482e+01 1.186029e+02 7.968193e+01
      vertex   6.521949e+01 1.173038e+02 8.046782e+01
      vertex   6.631840e+01 1.173038e+02 8.029868e+01
    endloop
  endfacet
  facet normal 1.720068e-01 5.083434e-01 8.438013e-01
    outer loop
      vertex   6.550482e+01 1.186029e+02 7.968193e+01
      vertex   6.631840e+01 1.173038e+02 8.029868e+01
      vertex   6.654126e+01 1.186029e+02 7.947065e+01
    endloop
  endfacet
  facet normal 2.437415e-01 4.912167e-01 8.362393e-01
    outer loop
      vertex   6.654126e+01 1.186029e+02 7.947065e+01
      vertex   6.631840e+01 1.173038e+02 8.029868e+01
      vertex   6.738584e+01 1.173038e+02 7.998755e+01
    endloop
  endfacet
  facet normal 2.852361e-01 5.086816e-01 8.123320e-01
    outer loop
      vertex   6.654126e+01 1.186029e+02 7.947065e+01
      vertex   6.738584e+01 1.173038e+02 7.998755e+01
      vertex   6.753928e+01 1.186029e+02 7.912021e+01
    endloop
  endfacet
  facet normal 3.508654e-01 4.909612e-01 7.974024e-01
    outer loop
      vertex   6.753928e+01 1.186029e+02 7.912021e+01
      vertex   6.738584e+01 1.173038e+02 7.998755e+01
      vertex   6.840353e+01 1.173038e+02 7.953975e+01
    endloop
  endfacet
  facet normal 3.931372e-01 5.088845e-01 7.658197e-01
    outer loop
      vertex   6.753928e+01 1.186029e+02 7.912021e+01
      vertex   6.840353e+01 1.173038e+02 7.953975e+01
      vertex   6.848029e+01 1.186029e+02 7.863714e+01
    endloop
  endfacet
  facet normal 4.519830e-01 4.908334e-01 7.448449e-01
    outer loop
      vertex   6.848029e+01 1.186029e+02 7.863714e+01
      vertex   6.840353e+01 1.173038e+02 7.953975e+01
      vertex   6.935406e+01 1.173038e+02 7.896295e+01
    endloop
  endfacet
  facet normal 4.937316e-01 5.089521e-01 7.051219e-01
    outer loop
      vertex   6.848029e+01 1.186029e+02 7.863714e+01
      vertex   6.935406e+01 1.173038e+02 7.896295e+01
      vertex   6.934675e+01 1.186029e+02 7.803044e+01
    endloop
  endfacet
  facet normal 5.453380e-01 4.908334e-01 6.794770e-01
    outer loop
      vertex   6.934675e+01 1.186029e+02 7.803044e+01
      vertex   6.935406e+01 1.173038e+02 7.896295e+01
      vertex   7.022118e+01 1.173038e+02 7.826702e+01
    endloop
  endfacet
  facet normal 5.851742e-01 5.088845e-01 6.313538e-01
    outer loop
      vertex   6.934675e+01 1.186029e+02 7.803044e+01
      vertex   7.022118e+01 1.173038e+02 7.826702e+01
      vertex   7.012253e+01 1.186029e+02 7.731140e+01
    endloop
  endfacet
  facet normal 6.293101e-01 4.909612e-01 6.024333e-01
    outer loop
      vertex   7.012253e+01 1.186029e+02 7.731140e+01
      vertex   7.022118e+01 1.173038e+02 7.826702e+01
      vertex   7.099004e+01 1.173038e+02 7.746386e+01
    endloop
  endfacet
  facet normal 6.657859e-01 5.086816e-01 5.458682e-01
    outer loop
      vertex   7.012253e+01 1.186029e+02 7.731140e+01
      vertex   7.099004e+01 1.173038e+02 7.746386e+01
      vertex   7.079318e+01 1.186029e+02 7.649342e+01
    endloop
  endfacet
  facet normal 7.024434e-01 4.912167e-01 5.150528e-01
    outer loop
      vertex   7.079318e+01 1.186029e+02 7.649342e+01
      vertex   7.099004e+01 1.173038e+02 7.746386e+01
      vertex   7.164749e+01 1.173038e+02 7.656721e+01
    endloop
  endfacet
  facet normal 7.340841e-01 5.083434e-01 4.502305e-01
    outer loop
      vertex   7.079318e+01 1.186029e+02 7.649342e+01
      vertex   7.164749e+01 1.173038e+02 7.656721e+01
      vertex   7.134620e+01 1.186029e+02 7.559175e+01
    endloop
  endfacet
  facet normal 7.634724e-01 4.915996e-01 4.188553e-01
    outer loop
      vertex   7.134620e+01 1.186029e+02 7.559175e+01
      vertex   7.164749e+01 1.173038e+02 7.656721e+01
      vertex   7.218228e+01 1.173038e+02 7.559242e+01
    endloop
  endfacet
  facet normal 7.888092e-01 5.078695e-01 3.461916e-01
    outer loop
      vertex   7.134620e+01 1.186029e+02 7.559175e+01
      vertex   7.218228e+01 1.173038e+02 7.559242e+01
      vertex   7.177129e+01 1.186029e+02 7.462317e+01
    endloop
  endfacet
  facet normal 8.113437e-01 4.921098e-01 3.155143e-01
    outer loop
      vertex   7.177129e+01 1.186029e+02 7.462317e+01
      vertex   7.218228e+01 1.173038e+02 7.559242e+01
      vertex   7.258526e+01 1.173038e+02 7.455616e+01
    endloop
  endfacet
  facet normal 8.289476e-01 5.072595e-01 2.356559e-01
    outer loop
      vertex   7.177129e+01 1.186029e+02 7.462317e+01
      vertex   7.258526e+01 1.173038e+02 7.455616e+01
      vertex   7.206053e+01 1.186029e+02 7.360572e+01
    endloop
  endfacet
  facet normal 8.452354e-01 4.927467e-01 2.068278e-01
    outer loop
      vertex   7.206053e+01 1.186029e+02 7.360572e+01
      vertex   7.258526e+01 1.173038e+02 7.455616e+01
      vertex   7.284953e+01 1.173038e+02 7.347617e+01
    endloop
  endfacet
  facet normal 8.537499e-01 5.065129e-01 1.206474e-01
    outer loop
      vertex   7.206053e+01 1.186029e+02 7.360572e+01
      vertex   7.284953e+01 1.173038e+02 7.347617e+01
      vertex   7.220854e+01 1.186029e+02 7.255837e+01
    endloop
  endfacet
  facet normal 8.645707e-01 4.935100e-01 9.468589e-02
    outer loop
      vertex   7.220854e+01 1.186029e+02 7.255837e+01
      vertex   7.284953e+01 1.173038e+02 7.347617e+01
      vertex   7.297058e+01 1.173038e+02 7.237093e+01
    endloop
  endfacet
  facet normal 8.627446e-01 5.056293e-01 3.273436e-03
    outer loop
      vertex   7.220854e+01 1.186029e+02 7.255837e+01
      vertex   7.297058e+01 1.173038e+02 7.237093e+01
      vertex   7.221255e+01 1.186029e+02 7.150062e+01
    endloop
  endfacet
  facet normal 8.690283e-01 4.943989e-01 -1.896226e-02
    outer loop
      vertex   7.221255e+01 1.186029e+02 7.150062e+01
      vertex   7.297058e+01 1.173038e+02 7.237093e+01
      vertex   7.294632e+01 1.173038e+02 7.125934e+01
    endloop
  endfacet
  facet normal 8.557473e-01 5.046077e-01 -1.143133e-01
    outer loop
      vertex   7.221255e+01 1.186029e+02 7.150062e+01
      vertex   7.294632e+01 1.173038e+02 7.125934e+01
      vertex   7.207249e+01 1.186029e+02 7.045218e+01
    endloop
  endfacet
  facet normal 8.585478e-01 4.954129e-01 -1.321431e-01
    outer loop
      vertex   7.207249e+01 1.186029e+02 7.045218e+01
      vertex   7.294632e+01 1.173038e+02 7.125934e+01
      vertex   7.277718e+01 1.173038e+02 7.016042e+01
    endloop
  endfacet
  facet normal 8.328639e-01 5.034475e-01 -2.299530e-01
    outer loop
      vertex   7.207249e+01 1.186029e+02 7.045218e+01
      vertex   7.277718e+01 1.173038e+02 7.016042e+01
      vertex   7.179098e+01 1.186029e+02 6.943257e+01
    endloop
  endfacet
  facet normal 8.333305e-01 4.965511e-01 -2.428937e-01
    outer loop
      vertex   7.179098e+01 1.186029e+02 6.943257e+01
      vertex   7.277718e+01 1.173038e+02 7.016042e+01
      vertex   7.246605e+01 1.173038e+02 6.909299e+01
    endloop
  endfacet
  facet normal 7.944892e-01 5.021477e-01 -3.415181e-01
    outer loop
      vertex   7.179098e+01 1.186029e+02 6.943257e+01
      vertex   7.246605e+01 1.173038e+02 6.909299e+01
      vertex   7.137325e+01 1.186029e+02 6.846079e+01
    endloop
  endfacet
  facet normal 7.938356e-01 4.978126e-01 -3.492960e-01
    outer loop
      vertex   7.137325e+01 1.186029e+02 6.846079e+01
      vertex   7.246605e+01 1.173038e+02 6.909299e+01
      vertex   7.201826e+01 1.173038e+02 6.807530e+01
    endloop
  endfacet
  facet normal 7.413008e-01 5.007073e-01 -4.469511e-01
    outer loop
      vertex   7.137325e+01 1.186029e+02 6.846079e+01
      vertex   7.201826e+01 1.173038e+02 6.807530e+01
      vertex   7.082709e+01 1.186029e+02 6.755494e+01
    endloop
  endfacet
  facet normal 7.407716e-01 4.991965e-01 -4.495112e-01
    outer loop
      vertex   7.082709e+01 1.186029e+02 6.755494e+01
      vertex   7.201826e+01 1.173038e+02 6.807530e+01
      vertex   7.144146e+01 1.173038e+02 6.712476e+01
    endloop
  endfacet
  facet normal 6.757612e-01 4.991965e-01 -5.423557e-01
    outer loop
      vertex   7.082709e+01 1.186029e+02 6.755494e+01
      vertex   7.144146e+01 1.173038e+02 6.712476e+01
      vertex   7.074552e+01 1.173038e+02 6.625764e+01
    endloop
  endfacet
  facet normal 6.735365e-01 5.007073e-01 -5.437286e-01
    outer loop
      vertex   7.082709e+01 1.186029e+02 6.755494e+01
      vertex   7.074552e+01 1.173038e+02 6.625764e+01
      vertex   7.016267e+01 1.186029e+02 6.673190e+01
    endloop
  endfacet
  facet normal 5.997386e-01 4.978126e-01 -6.264952e-01
    outer loop
      vertex   7.016267e+01 1.186029e+02 6.673190e+01
      vertex   7.074552e+01 1.173038e+02 6.625764e+01
      vertex   6.994236e+01 1.173038e+02 6.548878e+01
    endloop
  endfacet
  facet normal 5.926533e-01 5.021477e-01 -6.297696e-01
    outer loop
      vertex   7.016267e+01 1.186029e+02 6.673190e+01
      vertex   6.994236e+01 1.173038e+02 6.548878e+01
      vertex   6.939237e+01 1.186029e+02 6.600700e+01
    endloop
  endfacet
  facet normal 5.132612e-01 4.965511e-01 -7.000000e-01
    outer loop
      vertex   6.939237e+01 1.186029e+02 6.600700e+01
      vertex   6.994236e+01 1.173038e+02 6.548878e+01
      vertex   6.904571e+01 1.173038e+02 6.483133e+01
    endloop
  endfacet
  facet normal 5.009413e-01 5.034475e-01 -7.039875e-01
    outer loop
      vertex   6.939237e+01 1.186029e+02 6.600700e+01
      vertex   6.904571e+01 1.173038e+02 6.483133e+01
      vertex   6.853054e+01 1.186029e+02 6.539374e+01
    endloop
  endfacet
  facet normal 4.178146e-01 4.954129e-01 -7.615754e-01
    outer loop
      vertex   6.853054e+01 1.186029e+02 6.539374e+01
      vertex   6.904571e+01 1.173038e+02 6.483133e+01
      vertex   6.807092e+01 1.173038e+02 6.429654e+01
    endloop
  endfacet
  facet normal 4.001022e-01 5.046077e-01 -7.650420e-01
    outer loop
      vertex   6.853054e+01 1.186029e+02 6.539374e+01
      vertex   6.807092e+01 1.173038e+02 6.429654e+01
      vertex   6.759322e+01 1.186029e+02 6.490354e+01
    endloop
  endfacet
  facet normal 3.150439e-01 4.943989e-01 -8.101340e-01
    outer loop
      vertex   6.759322e+01 1.186029e+02 6.490354e+01
      vertex   6.807092e+01 1.173038e+02 6.429654e+01
      vertex   6.703466e+01 1.173038e+02 6.389357e+01
    endloop
  endfacet
  facet normal 2.920000e-01 5.056293e-01 -8.118344e-01
    outer loop
      vertex   6.759322e+01 1.186029e+02 6.490354e+01
      vertex   6.703466e+01 1.173038e+02 6.389357e+01
      vertex   6.659789e+01 1.186029e+02 6.454554e+01
    endloop
  endfacet
  facet normal 2.067250e-01 4.935100e-01 -8.448152e-01
    outer loop
      vertex   6.659789e+01 1.186029e+02 6.454554e+01
      vertex   6.703466e+01 1.173038e+02 6.389357e+01
      vertex   6.595467e+01 1.173038e+02 6.362929e+01
    endloop
  endfacet
  facet normal 1.786281e-01 5.065129e-01 -8.435263e-01
    outer loop
      vertex   6.659789e+01 1.186029e+02 6.454554e+01
      vertex   6.595467e+01 1.173038e+02 6.362929e+01
      vertex   6.556308e+01 1.186029e+02 6.432640e+01
    endloop
  endfacet
  facet normal 9.473299e-02 4.927467e-01 -8.650008e-01
    outer loop
      vertex   6.556308e+01 1.186029e+02 6.432640e+01
      vertex   6.595467e+01 1.173038e+02 6.362929e+01
      vertex   6.484943e+01 1.173038e+02 6.350825e+01
    endloop
  endfacet
  facet normal 6.207262e-02 5.072595e-01 -8.595550e-01
    outer loop
      vertex   6.556308e+01 1.186029e+02 6.432640e+01
      vertex   6.484943e+01 1.173038e+02 6.350825e+01
      vertex   6.450807e+01 1.186029e+02 6.425022e+01
    endloop
  endfacet
  facet normal -1.899058e-02 4.921098e-01 -8.703260e-01
    outer loop
      vertex   6.450807e+01 1.186029e+02 6.425022e+01
      vertex   6.484943e+01 1.173038e+02 6.350825e+01
      vertex   6.373784e+01 1.173038e+02 6.353251e+01
    endloop
  endfacet
  facet normal -5.552509e-02 5.078695e-01 -8.596427e-01
    outer loop
      vertex   6.450807e+01 1.186029e+02 6.425022e+01
      vertex   6.373784e+01 1.173038e+02 6.353251e+01
      vertex   6.345251e+01 1.186029e+02 6.431840e+01
    endloop
  endfacet
  facet normal -1.324723e-01 4.915996e-01 -8.606863e-01
    outer loop
      vertex   6.345251e+01 1.186029e+02 6.431840e+01
      vertex   6.373784e+01 1.173038e+02 6.353251e+01
      vertex   6.263893e+01 1.173038e+02 6.370164e+01
    endloop
  endfacet
  facet normal -1.720068e-01 5.083434e-01 -8.438013e-01
    outer loop
      vertex   6.345251e+01 1.186029e+02 6.431840e+01
      vertex   6.263893e+01 1.173038e+02 6.370164e+01
      vertex   6.241607e+01 1.186029e+02 6.452967e+01
    endloop
  endfacet
  facet normal -2.437415e-01 4.912167e-01 -8.362393e-01
    outer loop
      vertex   6.241607e+01 1.186029e+02 6.452967e+01
      vertex   6.263893e+01 1.173038e+02 6.370164e+01
      vertex   6.157149e+01 1.173038e+02 6.401277e+01
    endloop
  endfacet
  facet normal -2.852361e-01 5.086816e-01 -8.123320e-01
    outer loop
      vertex   6.241607e+01 1.186029e+02 6.452967e+01
      vertex   6.157149e+01 1.173038e+02 6.401277e+01
      vertex   6.141805e+01 1.186029e+02 6.488011e+01
    endloop
  endfacet
  facet normal -3.508654e-01 4.909612e-01 -7.974024e-01
    outer loop
      vertex   6.141805e+01 1.186029e+02 6.488011e+01
      vertex   6.157149e+01 1.173038e+02 6.401277e+01
      vertex   6.055380e+01 1.173038e+02 6.446057e+01
    endloop
  endfacet
  facet normal -3.931372e-01 5.088845e-01 -7.658197e-01
    outer loop
      vertex   6.141805e+01 1.186029e+02 6.488011e+01
      vertex   6.055380e+01 1.173038e+02 6.446057e+01
      vertex   6.047704e+01 1.186029e+02 6.536318e+01
    endloop
  endfacet
  facet normal -4.519830e-01 4.908334e-01 -7.448449e-01
    outer loop
      vertex   6.047704e+01 1.186029e+02 6.536318e+01
      vertex   6.055380e+01 1.173038e+02 6.446057e+01
      vertex   5.960327e+01 1.173038e+02 6.503737e+01
    endloop
  endfacet
  facet normal -4.937316e-01 5.089521e-01 -7.051219e-01
    outer loop
      vertex   6.047704e+01 1.186029e+02 6.536318e+01
      vertex   5.960327e+01 1.173038e+02 6.503737e+01
      vertex   5.961058e+01 1.186029e+02 6.596988e+01
    endloop
  endfacet
  facet normal -5.453380e-01 4.908334e-01 -6.794770e-01
    outer loop
      vertex   5.961058e+01 1.186029e+02 6.596988e+01
      vertex   5.960327e+01 1.173038e+02 6.503737e+01
      vertex   5.873615e+01 1.173038e+02 6.573330e+01
    endloop
  endfacet
  facet normal -5.851742e-01 5.088845e-01 -6.313538e-01
    outer loop
      vertex   5.961058e+01 1.186029e+02 6.596988e+01
      vertex   5.873615e+01 1.173038e+02 6.573330e+01
      vertex   5.883480e+01 1.186029e+02 6.668892e+01
    endloop
  endfacet
  facet normal -6.293101e-01 4.909612e-01 -6.024333e-01
    outer loop
      vertex   5.883480e+01 1.186029e+02 6.668892e+01
      vertex   5.873615e+01 1.173038e+02 6.573330e+01
      vertex   5.796729e+01 1.173038e+02 6.653647e+01
    endloop
  endfacet
  facet normal -6.657859e-01 5.086816e-01 -5.458682e-01
    outer loop
      vertex   5.883480e+01 1.186029e+02 6.668892e+01
      vertex   5.796729e+01 1.173038e+02 6.653647e+01
      vertex   5.816415e+01 1.186029e+02 6.750690e+01
    endloop
  endfacet
  facet normal -7.024434e-01 4.912167e-01 -5.150528e-01
    outer loop
      vertex   5.816415e+01 1.186029e+02 6.750690e+01
      vertex   5.796729e+01 1.173038e+02 6.653647e+01
      vertex   5.730984e+01 1.173038e+02 6.743311e+01
    endloop
  endfacet
  facet normal -7.340841e-01 5.083434e-01 -4.502305e-01
    outer loop
      vertex   5.816415e+01 1.186029e+02 6.750690e+01
      vertex   5.730984e+01 1.173038e+02 6.743311e+01
      vertex   5.761113e+01 1.186029e+02 6.840857e+01
    endloop
  endfacet
  facet normal -7.634724e-01 4.915996e-01 -4.188553e-01
    outer loop
      vertex   5.761113e+01 1.186029e+02 6.840857e+01
      vertex   5.730984e+01 1.173038e+02 6.743311e+01
      vertex   5.677505e+01 1.173038e+02 6.840791e+01
    endloop
  endfacet
  facet normal -7.888092e-01 5.078695e-01 -3.461916e-01
    outer loop
      vertex   5.761113e+01 1.186029e+02 6.840857e+01
      vertex   5.677505e+01 1.173038e+02 6.840791e+01
      vertex   5.718604e+01 1.186029e+02 6.937716e+01
    endloop
  endfacet
  facet normal -8.113437e-01 4.921098e-01 -3.155143e-01
    outer loop
      vertex   5.718604e+01 1.186029e+02 6.937716e+01
      vertex   5.677505e+01 1.173038e+02 6.840791e+01
      vertex   5.637207e+01 1.173038e+02 6.944416e+01
    endloop
  endfacet
  facet normal -8.289476e-01 5.072595e-01 -2.356559e-01
    outer loop
      vertex   5.718604e+01 1.186029e+02 6.937716e+01
      vertex   5.637207e+01 1.173038e+02 6.944416e+01
      vertex   5.689680e+01 1.186029e+02 7.039460e+01
    endloop
  endfacet
  facet normal -8.452354e-01 4.927467e-01 -2.068278e-01
    outer loop
      vertex   5.689680e+01 1.186029e+02 7.039460e+01
      vertex   5.637207e+01 1.173038e+02 6.944416e+01
      vertex   5.610780e+01 1.173038e+02 7.052415e+01
    endloop
  endfacet
  facet normal -8.537499e-01 5.065129e-01 -1.206474e-01
    outer loop
      vertex   5.689680e+01 1.186029e+02 7.039460e+01
      vertex   5.610780e+01 1.173038e+02 7.052415e+01
      vertex   5.674879e+01 1.186029e+02 7.144195e+01
    endloop
  endfacet
  facet normal -8.645707e-01 4.935100e-01 -9.468589e-02
    outer loop
      vertex   5.674879e+01 1.186029e+02 7.144195e+01
      vertex   5.610780e+01 1.173038e+02 7.052415e+01
      vertex   5.598676e+01 1.173038e+02 7.162940e+01
    endloop
  endfacet
  facet normal -8.627446e-01 5.056293e-01 -3.273436e-03
    outer loop
      vertex   5.674879e+01 1.186029e+02 7.144195e+01
      vertex   5.598676e+01 1.173038e+02 7.162940e+01
      vertex   5.674478e+01 1.186029e+02 7.249970e+01
    endloop
  endfacet
  facet normal -8.690283e-01 4.943989e-01 1.896226e-02
    outer loop
      vertex   5.674478e+01 1.186029e+02 7.249970e+01
      vertex   5.598676e+01 1.173038e+02 7.162940e+01
      vertex   5.601101e+01 1.173038e+02 7.274098e+01
    endloop
  endfacet
  facet normal -8.557473e-01 5.046077e-01 1.143133e-01
    outer loop
      vertex   5.674478e+01 1.186029e+02 7.249970e+01
      vertex   5.601101e+01 1.173038e+02 7.274098e+01
      vertex   5.688484e+01 1.186029e+02 7.354814e+01
    endloop
  endfacet
  facet normal -8.585478e-01 4.954129e-01 1.321431e-01
    outer loop
      vertex   5.688484e+01 1.186029e+02 7.354814e+01
      vertex   5.601101e+01 1.173038e+02 7.274098e+01
      vertex   5.618015e+01 1.173038e+02 7.383990e+01
    endloop
  endfacet
  facet normal -8.328639e-01 5.034475e-01 2.299530e-01
    outer loop
      vertex   5.688484e+01 1.186029e+02 7.354814e+01
      vertex   5.618015e+01 1.173038e+02 7.383990e+01
      vertex   5.716635e+01 1.186029e+02 7.456775e+01
    endloop
  endfacet
  facet normal -8.333305e-01 4.965511e-01 2.428937e-01
    outer loop
      vertex   5.716635e+01 1.186029e+02 7.456775e+01
      vertex   5.618015e+01 1.173038e+02 7.383990e+01
      vertex   5.649128e+01 1.173038e+02 7.490733e+01
    endloop
  endfacet
  facet normal -7.944892e-01 5.021477e-01 3.415181e-01
    outer loop
      vertex   5.716635e+01 1.186029e+02 7.456775e+01
      vertex   5.649128e+01 1.173038e+02 7.490733e+01
      vertex   5.758408e+01 1.186029e+02 7.553953e+01
    endloop
  endfacet
  facet normal -7.938356e-01 4.978126e-01 3.492960e-01
    outer loop
      vertex   5.758408e+01 1.186029e+02 7.553953e+01
      vertex   5.649128e+01 1.173038e+02 7.490733e+01
      vertex   5.693907e+01 1.173038e+02 7.592502e+01
    endloop
  endfacet
  facet normal -7.413008e-01 5.007073e-01 4.469511e-01
    outer loop
      vertex   5.758408e+01 1.186029e+02 7.553953e+01
      vertex   5.693907e+01 1.173038e+02 7.592502e+01
      vertex   5.813024e+01 1.186029e+02 7.644538e+01
    endloop
  endfacet
  facet normal -6.735365e-01 -5.007073e-01 5.437286e-01
    outer loop
      vertex   5.879466e+01 1.186029e+02 7.726842e+01
      vertex   5.821181e+01 1.199019e+02 7.774268e+01
      vertex   5.813024e+01 1.186029e+02 7.644538e+01
    endloop
  endfacet
  facet normal -6.757612e-01 -4.991965e-01 5.423557e-01
    outer loop
      vertex   5.813024e+01 1.186029e+02 7.644538e+01
      vertex   5.821181e+01 1.199019e+02 7.774268e+01
      vertex   5.751587e+01 1.199019e+02 7.687556e+01
    endloop
  endfacet
  facet normal -7.407716e-01 -4.991965e-01 4.495112e-01
    outer loop
      vertex   5.813024e+01 1.186029e+02 7.644538e+01
      vertex   5.751587e+01 1.199019e+02 7.687556e+01
      vertex   5.693907e+01 1.199019e+02 7.592502e+01
    endloop
  endfacet
  facet normal -5.997386e-01 -4.978126e-01 6.264952e-01
    outer loop
      vertex   5.821181e+01 1.199019e+02 7.774268e+01
      vertex   5.879466e+01 1.186029e+02 7.726842e+01
      vertex   5.901497e+01 1.199019e+02 7.851154e+01
    endloop
  endfacet
  facet normal -5.926533e-01 -5.021477e-01 6.297696e-01
    outer loop
      vertex   5.901497e+01 1.199019e+02 7.851154e+01
      vertex   5.879466e+01 1.186029e+02 7.726842e+01
      vertex   5.956496e+01 1.186029e+02 7.799332e+01
    endloop
  endfacet
  facet normal -5.132612e-01 -4.965511e-01 7.000000e-01
    outer loop
      vertex   5.901497e+01 1.199019e+02 7.851154e+01
      vertex   5.956496e+01 1.186029e+02 7.799332e+01
      vertex   5.991162e+01 1.199019e+02 7.916899e+01
    endloop
  endfacet
  facet normal -5.009413e-01 -5.034475e-01 7.039875e-01
    outer loop
      vertex   5.991162e+01 1.199019e+02 7.916899e+01
      vertex   5.956496e+01 1.186029e+02 7.799332e+01
      vertex   6.042679e+01 1.186029e+02 7.860659e+01
    endloop
  endfacet
  facet normal -4.178146e-01 -4.954129e-01 7.615754e-01
    outer loop
      vertex   5.991162e+01 1.199019e+02 7.916899e+01
      vertex   6.042679e+01 1.186029e+02 7.860659e+01
      vertex   6.088641e+01 1.199019e+02 7.970378e+01
    endloop
  endfacet
  facet normal -4.001022e-01 -5.046077e-01 7.650420e-01
    outer loop
      vertex   6.088641e+01 1.199019e+02 7.970378e+01
      vertex   6.042679e+01 1.186029e+02 7.860659e+01
      vertex   6.136411e+01 1.186029e+02 7.909678e+01
    endloop
  endfacet
  facet normal -3.150439e-01 -4.943989e-01 8.101340e-01
    outer loop
      vertex   6.088641e+01 1.199019e+02 7.970378e+01
      vertex   6.136411e+01 1.186029e+02 7.909678e+01
      vertex   6.192267e+01 1.199019e+02 8.010675e+01
    endloop
  endfacet
  facet normal -2.920000e-01 -5.056293e-01 8.118344e-01
    outer loop
      vertex   6.192267e+01 1.199019e+02 8.010675e+01
      vertex   6.136411e+01 1.186029e+02 7.909678e+01
      vertex   6.235944e+01 1.186029e+02 7.945478e+01
    endloop
  endfacet
  facet normal -2.067250e-01 -4.935100e-01 8.448152e-01
    outer loop
      vertex   6.192267e+01 1.199019e+02 8.010675e+01
      vertex   6.235944e+01 1.186029e+02 7.945478e+01
      vertex   6.300266e+01 1.199019e+02 8.037103e+01
    endloop
  endfacet
  facet normal -1.786281e-01 -5.065129e-01 8.435263e-01
    outer loop
      vertex   6.300266e+01 1.199019e+02 8.037103e+01
      vertex   6.235944e+01 1.186029e+02 7.945478e+01
      vertex   6.339425e+01 1.186029e+02 7.967392e+01
    endloop
  endfacet
  facet normal -9.473299e-02 -4.927467e-01 8.650008e-01
    outer loop
      vertex   6.300266e+01 1.199019e+02 8.037103e+01
      vertex   6.339425e+01 1.186029e+02 7.967392e+01
      vertex   6.410790e+01 1.199019e+02 8.049207e+01
    endloop
  endfacet
  facet normal -6.207262e-02 -5.072595e-01 8.595550e-01
    outer loop
      vertex   6.410790e+01 1.199019e+02 8.049207e+01
      vertex   6.339425e+01 1.186029e+02 7.967392e+01
      vertex   6.444926e+01 1.186029e+02 7.975010e+01
    endloop
  endfacet
  facet normal 1.899058e-02 -4.921098e-01 8.703260e-01
    outer loop
      vertex   6.410790e+01 1.199019e+02 8.049207e+01
      vertex   6.444926e+01 1.186029e+02 7.975010e+01
      vertex   6.521949e+01 1.199019e+02 8.046782e+01
    endloop
  endfacet
  facet normal 5.552509e-02 -5.078695e-01 8.596427e-01
    outer loop
      vertex   6.521949e+01 1.199019e+02 8.046782e+01
      vertex   6.444926e+01 1.186029e+02 7.975010e+01
      vertex   6.550482e+01 1.186029e+02 7.968193e+01
    endloop
  endfacet
  facet normal 1.324723e-01 -4.915996e-01 8.606863e-01
    outer loop
      vertex   6.521949e+01 1.199019e+02 8.046782e+01
      vertex   6.550482e+01 1.186029e+02 7.968193e+01
      vertex   6.631840e+01 1.199019e+02 8.029868e+01
    endloop
  endfacet
  facet normal 1.720068e-01 -5.083434e-01 8.438013e-01
    outer loop
      vertex   6.631840e+01 1.199019e+02 8.029868e+01
      vertex   6.550482e+01 1.186029e+02 7.968193e+01
      vertex   6.654126e+01 1.186029e+02 7.947065e+01
    endloop
  endfacet
  facet normal 2.437415e-01 -4.912167e-01 8.362393e-01
    outer loop
      vertex   6.631840e+01 1.199019e+02 8.029868e+01
      vertex   6.654126e+01 1.186029e+02 7.947065e+01
      vertex   6.738584e+01 1.199019e+02 7.998755e+01
    endloop
  endfacet
  facet normal 2.852361e-01 -5.086816e-01 8.123320e-01
    outer loop
      vertex   6.738584e+01 1.199019e+02 7.998755e+01
      vertex   6.654126e+01 1.186029e+02 7.947065e+01
      vertex   6.753928e+01 1.186029e+02 7.912021e+01
    endloop
  endfacet
  facet normal 3.508654e-01 -4.909612e-01 7.974024e-01
    outer loop
      vertex   6.738584e+01 1.199019e+02 7.998755e+01
      vertex   6.753928e+01 1.186029e+02 7.912021e+01
      vertex   6.840353e+01 1.199019e+02 7.953975e+01
    endloop
  endfacet
  facet normal 3.931372e-01 -5.088845e-01 7.658197e-01
    outer loop
      vertex   6.840353e+01 1.199019e+02 7.953975e+01
      vertex   6.753928e+01 1.186029e+02 7.912021e+01
      vertex   6.848029e+01 1.186029e+02 7.863714e+01
    endloop
  endfacet
  facet normal 4.519830e-01 -4.908334e-01 7.448449e-01
    outer loop
      vertex   6.840353e+01 1.199019e+02 7.953975e+01
      vertex   6.848029e+01 1.186029e+02 7.863714e+01
      vertex   6.935406e+01 1.199019e+02 7.896295e+01
    endloop
  endfacet
  facet normal 4.937316e-01 -5.089521e-01 7.051219e-01
    outer loop
      vertex   6.935406e+01 1.199019e+02 7.896295e+01
      vertex   6.848029e+01 1.186029e+02 7.863714e+01
      vertex   6.934675e+01 1.186029e+02 7.803044e+01
    endloop
  endfacet
  facet normal 5.453380e-01 -4.908334e-01 6.794770e-01
    outer loop
      vertex   6.935406e+01 1.199019e+02 7.896295e+01
      vertex   6.934675e+01 1.186029e+02 7.803044e+01
      vertex   7.022118e+01 1.199019e+02 7.826702e+01
    endloop
  endfacet
  facet normal 5.851742e-01 -5.088845e-01 6.313538e-01
    outer loop
      vertex   7.022118e+01 1.199019e+02 7.826702e+01
      vertex   6.934675e+01 1.186029e+02 7.803044e+01
      vertex   7.012253e+01 1.186029e+02 7.731140e+01
    endloop
  endfacet
  facet normal 6.293101e-01 -4.909612e-01 6.024333e-01
    outer loop
      vertex   7.022118e+01 1.199019e+02 7.826702e+01
      vertex   7.012253e+01 1.186029e+02 7.731140e+01
      vertex   7.099004e+01 1.199019e+02 7.746386e+01
    endloop
  endfacet
  facet normal 6.657859e-01 -5.086816e-01 5.458682e-01
    outer loop
      vertex   7.099004e+01 1.199019e+02 7.746386e+01
      vertex   7.012253e+01 1.186029e+02 7.731140e+01
      vertex   7.079318e+01 1.186029e+02 7.649342e+01
    endloop
  endfacet
  facet normal 7.024434e-01 -4.912167e-01 5.150528e-01
    outer loop
      vertex   7.099004e+01 1.199019e+02 7.746386e+01
      vertex   7.079318e+01 1.186029e+02 7.649342e+01
      vertex   7.164749e+01 1.199019e+02 7.656721e+01
    endloop
  endfacet
  facet normal 7.340841e-01 -5.083434e-01 4.502305e-01
    outer loop
      vertex   7.164749e+01 1.199019e+02 7.656721e+01
      vertex   7.079318e+01 1.186029e+02 7.649342e+01
      vertex   7.134620e+01 1.186029e+02 7.559175e+01
    endloop
  endfacet
  facet normal 7.634724e-01 -4.915996e-01 4.188553e-01
    outer loop
      vertex   7.164749e+01 1.199019e+02 7.656721e+01
      vertex   7.134620e+01 1.186029e+02 7.559175e+01
      vertex   7.218228e+01 1.199019e+02 7.559242e+01
    endloop
  endfacet
  facet normal 7.888092e-01 -5.078695e-01 3.461916e-01
    outer loop
      vertex   7.218228e+01 1.199019e+02 7.559242e+01
      vertex   7.134620e+01 1.186029e+02 7.559175e+01
      vertex   7.177129e+01 1.186029e+02 7.462317e+01
    endloop
  endfacet
  facet normal 8.113437e-01 -4.921098e-01 3.155143e-01
    outer loop
      vertex   7.218228e+01 1.199019e+02 7.559242e+01
      vertex   7.177129e+01 1.186029e+02 7.462317e+01
      vertex   7.258526e+01 1.199019e+02 7.455616e+01
    endloop
  endfacet
  facet normal 8.289476e-01 -5.072595e-01 2.356559e-01
    outer loop
      vertex   7.258526e+01 1.199019e+02 7.455616e+01
      vertex   7.177129e+01 1.186029e+02 7.462317e+01
      vertex   7.206053e+01 1.186029e+02 7.360572e+01
    endloop
  endfacet
  facet normal 8.452354e-01 -4.927467e-01 2.068278e-01
    outer loop
      vertex   7.258526e+01 1.199019e+02 7.455616e+01
      vertex   7.206053e+01 1.186029e+02 7.360572e+01
      vertex   7.284953e+01 1.199019e+02 7.347617e+01
    endloop
  endfacet
  facet normal 8.537499e-01 -5.065129e-01 1.206474e-01
    outer loop
      vertex   7.284953e+01 1.199019e+02 7.347617e+01
      vertex   7.206053e+01 1.186029e+02 7.360572e+01
      vertex   7.220854e+01 1.186029e+02 7.255837e+01
    endloop
  endfacet
  facet normal 8.645707e-01 -4.935100e-01 9.468589e-02
    outer loop
      vertex   7.284953e+01 1.199019e+02 7.347617e+01
      vertex   7.220854e+01 1.186029e+02 7.255837e+01
      vertex   7.297058e+01 1.199019e+02 7.237093e+01
    endloop
  endfacet
  facet normal 8.627446e-01 -5.056293e-01 3.273436e-03
    outer loop
      vertex   7.297058e+01 1.199019e+02 7.237093e+01
      vertex   7.220854e+01 1.186029e+02 7.255837e+01
      vertex   7.221255e+01 1.186029e+02 7.150062e+01
    endloop
  endfacet
  facet normal 8.690283e-01 -4.943989e-01 -1.896226e-02
    outer loop
      vertex   7.297058e+01 1.199019e+02 7.237093e+01
      vertex   7.221255e+01 1.186029e+02 7.150062e+01
      vertex   7.294632e+01 1.199019e+02 7.125934e+01
    endloop
  endfacet
  facet normal 8.557473e-01 -5.046077e-01 -1.143133e-01
    outer loop
      vertex   7.294632e+01 1.199019e+02 7.125934e+01
      vertex   7.221255e+01 1.186029e+02 7.150062e+01
      vertex   7.207249e+01 1.186029e+02 7.045218e+01
    endloop
  endfacet
  facet normal 8.585478e-01 -4.954129e-01 -1.321431e-01
    outer loop
      vertex   7.294632e+01 1.199019e+02 7.125934e+01
      vertex   7.207249e+01 1.186029e+02 7.045218e+01
      vertex   7.277718e+01 1.199019e+02 7.016042e+01
    endloop
  endfacet
  facet normal 8.328639e-01 -5.034475e-01 -2.299530e-01
    outer loop
      vertex   7.277718e+01 1.199019e+02 7.016042e+01
      vertex   7.207249e+01 1.186029e+02 7.045218e+01
      vertex   7.179098e+01 1.186029e+02 6.943257e+01
    endloop
  endfacet
  facet normal 8.333305e-01 -4.965511e-01 -2.428937e-01
    outer loop
      vertex   7.277718e+01 1.199019e+02 7.016042e+01
      vertex   7.179098e+01 1.186029e+02 6.943257e+01
      vertex   7.246605e+01 1.199019e+02 6.909299e+01
    endloop
  endfacet
  facet normal 7.944892e-01 -5.021477e-01 -3.415181e-01
    outer loop
      vertex   7.246605e+01 1.199019e+02 6.909299e+01
      vertex   7.179098e+01 1.186029e+02 6.943257e+01
      vertex   7.137325e+01 1.186029e+02 6.846079e+01
    endloop
  endfacet
  facet normal 7.938356e-01 -4.978126e-01 -3.492960e-01
    outer loop
      vertex   7.246605e+01 1.199019e+02 6.909299e+01
      vertex   7.137325e+01 1.186029e+02 6.846079e+01
      vertex   7.201826e+01 1.199019e+02 6.807530e+01
    endloop
  endfacet
  facet normal 7.413008e-01 -5.007073e-01 -4.469511e-01
    outer loop
      vertex   7.201826e+01 1.199019e+02 6.807530e+01
      vertex   7.137325e+01 1.186029e+02 6.846079e+01
      vertex   7.082709e+01 1.186029e+02 6.755494e+01
    endloop
  endfacet
  facet normal 7.407716e-01 -4.991965e-01 -4.495112e-01
    outer loop
      vertex   7.201826e+01 1.199019e+02 6.807530e+01
      vertex   7.082709e+01 1.186029e+02 6.755494e+01
      vertex   7.144146e+01 1.199019e+02 6.712476e+01
    endloop
  endfacet
  facet normal 6.757612e-01 -4.991965e-01 -5.423557e-01
    outer loop
      vertex   7.144146e+01 1.199019e+02 6.712476e+01
      vertex   7.082709e+01 1.186029e+02 6.755494e+01
      vertex   7.074552e+01 1.199019e+02 6.625764e+01
    endloop
  endfacet
  facet normal 6.735365e-01 -5.007073e-01 -5.437286e-01
    outer loop
      vertex   7.074552e+01 1.199019e+02 6.625764e+01
      vertex   7.082709e+01 1.186029e+02 6.755494e+01
      vertex   7.016267e+01 1.186029e+02 6.673190e+01
    endloop
  endfacet
  facet normal 5.997386e-01 -4.978126e-01 -6.264952e-01
    outer loop
      vertex   7.074552e+01 1.199019e+02 6.625764e+01
      vertex   7.016267e+01 1.186029e+02 6.673190e+01
      vertex   6.994236e+01 1.199019e+02 6.548878e+01
    endloop
  endfacet
  facet normal 5.926533e-01 -5.021477e-01 -6.297696e-01
    outer loop
      vertex   6.994236e+01 1.199019e+02 6.548878e+01
      vertex   7.016267e+01 1.186029e+02 6.673190e+01
      vertex   6.939237e+01 1.186029e+02 6.600700e+01
    endloop
  endfacet
  facet normal 5.132612e-01 -4.965511e-01 -7.000000e-01
    outer loop
      vertex   6.994236e+01 1.199019e+02 6.548878e+01
      vertex   6.939237e+01 1.186029e+02 6.600700e+01
      vertex   6.904571e+01 1.199019e+02 6.483133e+01
    endloop
  endfacet
  facet normal 5.009413e-01 -5.034475e-01 -7.039875e-01
    outer loop
      vertex   6.904571e+01 1.199019e+02 6.483133e+01
      vertex   6.939237e+01 1.186029e+02 6.600700e+01
      vertex   6.853054e+01 1.186029e+02 6.539374e+01
    endloop
  endfacet
  facet normal 4.178146e-01 -4.954129e-01 -7.615754e-01
    outer loop
      vertex   6.904571e+01 1.199019e+02 6.483133e+01
      vertex   6.853054e+01 1.186029e+02 6.539374e+01
      vertex   6.807092e+01 1.199019e+02 6.429654e+01
    endloop
  endfacet
  facet normal 4.001022e-01 -5.046077e-01 -7.650420e-01
    outer loop
      vertex   6.807092e+01 1.199019e+02 6.429654e+01
      vertex   6.853054e+01 1.186029e+02 6.539374e+01
      vertex   6.759322e+01 1.186029e+02 6.490354e+01
    endloop
  endfacet
  facet normal 3.150439e-01 -4.943989e-01 -8.101340e-01
    outer loop
      vertex   6.807092e+01 1.199019e+02 6.429654e+01
      vertex   6.759322e+01 1.186029e+02 6.490354e+01
      vertex   6.703466e+01 1.199019e+02 6.389357e+01
    endloop
  endfacet
  facet normal 2.920000e-01 -5.056293e-01 -8.118344e-01
    outer loop
      vertex   6.703466e+01 1.199019e+02 6.389357e+01
      vertex   6.759322e+01 1.186029e+02 6.490354e+01
      vertex   6.659789e+01 1.186029e+02 6.454554e+01
    endloop
  endfacet
  facet normal 2.067250e-01 -4.935100e-01 -8.448152e-01
    outer loop
      vertex   6.703466e+01 1.199019e+02 6.389357e+01
      vertex   6.659789e+01 1.186029e+02 6.454554e+01
      vertex   6.595467e+01 1.199019e+02 6.362929e+01
    endloop
  endfacet
  facet normal 1.786281e-01 -5.065129e-01 -8.435263e-01
    outer loop
      vertex   6.595467e+01 1.199019e+02 6.362929e+01
      vertex   6.659789e+01 1.186029e+02 6.454554e+01
      vertex   6.556308e+01 1.186029e+02 6.432640e+01
    endloop
  endfacet
  facet normal 9.473299e-02 -4.927467e-01 -8.650008e-01
    outer loop
      vertex   6.595467e+01 1.199019e+02 6.362929e+01
      vertex   6.556308e+01 1.186029e+02 6.432640e+01
      vertex   6.484943e+01 1.199019e+02 6.350825e+01
    endloop
  endfacet
  facet normal 6.207262e-02 -5.072595e-01 -8.595550e-01
    outer loop
      vertex   6.484943e+01 1.199019e+02 6.350825e+01
      vertex   6.556308e+01 1.186029e+02 6.432640e+01
      vertex   6.450807e+01 1.186029e+02 6.425022e+01
    endloop
  endfacet
  facet normal -1.899058e-02 -4.921098e-01 -8.703260e-01
    outer loop
      vertex   6.484943e+01 1.199019e+02 6.350825e+01
      vertex   6.450807e+01 1.186029e+02 6.425022e+01
      vertex   6.373784e+01 1.199019e+02 6.353251e+01
    endloop
  endfacet
  facet normal -5.552509e-02 -5.078695e-01 -8.596427e-01
    outer loop
      vertex   6.373784e+01 1.199019e+02 6.353251e+01
      vertex   6.450807e+01 1.186029e+02 6.425022e+01
      vertex   6.345251e+01 1.186029e+02 6.431840e+01
    endloop
  endfacet
  facet normal -1.324723e-01 -4.915996e-01 -8.606863e-01
    outer loop
      vertex   6.373784e+01 1.199019e+02 6.353251e+01
      vertex   6.345251e+01 1.186029e+02 6.431840e+01
      vertex   6.263893e+01 1.199019e+02 6.370164e+01
    endloop
  endfacet
  facet normal -1.720068e-01 -5.083434e-01 -8.438013e-01
    outer loop
      vertex   6.263893e+01 1.199019e+02 6.370164e+01
      vertex   6.345251e+01 1.186029e+02 6.431840e+01
      vertex   6.241607e+01 1.186029e+02 6.452967e+01
    endloop
  endfacet
  facet normal -2.437415e-01 -4.912167e-01 -8.362393e-01
    outer loop
      vertex   6.263893e+01 1.199019e+02 6.370164e+01
      vertex   6.241607e+01 1.186029e+02 6.452967e+01
      vertex   6.157149e+01 1.199019e+02 6.401277e+01
    endloop
  endfacet
  facet normal -2.852361e-01 -5.086816e-01 -8.123320e-01
    outer loop
      vertex   6.157149e+01 1.199019e+02 6.401277e+01
      vertex   6.241607e+01 1.186029e+02 6.452967e+01
      vertex   6.141805e+01 1.186029e+02 6.488011e+01
    endloop
  endfacet
  facet normal -3.508654e-01 -4.909612e-01 -7.974024e-01
    outer loop
      vertex   6.157149e+01 1.199019e+02 6.401277e+01
      vertex   6.141805e+01 1.186029e+02 6.488011e+01
      vertex   6.055380e+01 1.199019e+02 6.446057e+01
    endloop
  endfacet
  facet normal -3.931372e-01 -5.088845e-01 -7.658197e-01
    outer loop
      vertex   6.055380e+01 1.199019e+02 6.446057e+01
      vertex   6.141805e+01 1.186029e+02 6.488011e+01
      vertex   6.047704e+01 1.186029e+02 6.536318e+01
    endloop
  endfacet
  facet normal -4.519830e-01 -4.908334e-01 -7.448449e-01
    outer loop
      vertex   6.055380e+01 1.199019e+02 6.446057e+01
      vertex   6.047704e+01 1.186029e+02 6.536318e+01
      vertex   5.960327e+01 1.199019e+02 6.503737e+01
    endloop
  endfacet
  facet normal -4.937316e-01 -5.089521e-01 -7.051219e-01
    outer loop
      vertex   5.960327e+01 1.199019e+02 6.503737e+01
      vertex   6.047704e+01 1.186029e+02 6.536318e+01
      vertex   5.961058e+01 1.186029e+02 6.596988e+01
    endloop
  endfacet
  facet normal -5.453380e-01 -4.908334e-01 -6.794770e-01
    outer loop
      vertex   5.960327e+01 1.199019e+02 6.503737e+01
      vertex   5.961058e+01 1.186029e+02 6.596988e+01
      vertex   5.873615e+01 1.199019e+02 6.573330e+01
    endloop
  endfacet
  facet normal -5.851742e-01 -5.088845e-01 -6.313538e-01
    outer loop
      vertex   5.873615e+01 1.199019e+02 6.573330e+01
      vertex   5.961058e+01 1.186029e+02 6.596988e+01
      vertex   5.883480e+01 1.186029e+02 6.668892e+01
    endloop
  endfacet
  facet normal -6.293101e-01 -4.909612e-01 -6.024333e-01
    outer loop
      vertex   5.873615e+01 1.199019e+02 6.573330e+01
      vertex   5.883480e+01 1.186029e+02 6.668892e+01
      vertex   5.796729e+01 1.199019e+02 6.653647e+01
    endloop
  endfacet
  facet normal -6.657859e-01 -5.086816e-01 -5.458682e-01
    outer loop
      vertex   5.796729e+01 1.199019e+02 6.653647e+01
      vertex   5.883480e+01 1.186029e+02 6.668892e+01
      vertex   5.816415e+01 1.186029e+02 6.750690e+01
    endloop
  endfacet
  facet normal -7.024434e-01 -4.912167e-01 -5.150528e-01
    outer loop
      vertex   5.796729e+01 1.199019e+02 6.653647e+01
      vertex   5.816415e+01 1.186029e+02 6.750690e+01
      vertex   5.730984e+01 1.199019e+02 6.743311e+01
    endloop
  endfacet
  facet normal -7.340841e-01 -5.083434e-01 -4.502305e-01
    outer loop
      vertex   5.730984e+01 1.199019e+02 6.743311e+01
      vertex   5.816415e+01 1.186029e+02 6.750690e+01
      vertex   5.761113e+01 1.186029e+02 6.840857e+01
    endloop
  endfacet
  facet normal -7.634724e-01 -4.915996e-01 -4.188553e-01
    outer loop
      vertex   5.730984e+01 1.199019e+02 6.743311e+01
      vertex   5.761113e+01 1.186029e+02 6.840857e+01
      vertex   5.677505e+01 1.199019e+02 6.840791e+01
    endloop
  endfacet
  facet normal -7.888092e-01 -5.078695e-01 -3.461916e-01
    outer loop
      vertex   5.677505e+01 1.199019e+02 6.840791e+01
      vertex   5.761113e+01 1.186029e+02 6.840857e+01
      vertex   5.718604e+01 1.186029e+02 6.937716e+01
    endloop
  endfacet
  facet normal -8.113437e-01 -4.921098e-01 -3.155143e-01
    outer loop
      vertex   5.677505e+01 1.199019e+02 6.840791e+01
      vertex   5.718604e+01 1.186029e+02 6.937716e+01
      vertex   5.637207e+01 1.199019e+02 6.944416e+01
    endloop
  endfacet
  facet normal -8.289476e-01 -5.072595e-01 -2.356559e-01
    outer loop
      vertex   5.637207e+01 1.199019e+02 6.944416e+01
      vertex   5.718604e+01 1.186029e+02 6.937716e+01
      vertex   5.689680e+01 1.186029e+02 7.039460e+01
    endloop
  endfacet
  facet normal -8.452354e-01 -4.927467e-01 -2.068278e-01
    outer loop
      vertex   5.637207e+01 1.199019e+02 6.944416e+01
      vertex   5.689680e+01 1.186029e+02 7.039460e+01
      vertex   5.610780e+01 1.199019e+02 7.052415e+01
    endloop
  endfacet
  facet normal -8.537499e-01 -5.065129e-01 -1.206474e-01
    outer loop
      vertex   5.610780e+01 1.199019e+02 7.052415e+01
      vertex   5.689680e+01 1.186029e+02 7.039460e+01
      vertex   5.674879e+01 1.186029e+02 7.144195e+01
    endloop
  endfacet
  facet normal -8.645707e-01 -4.935100e-01 -9.468589e-02
    outer loop
      vertex   5.610780e+01 1.199019e+02 7.052415e+01
      vertex   5.674879e+01 1.186029e+02 7.144195e+01
      vertex   5.598676e+01 1.199019e+02 7.162940e+01
    endloop
  endfacet
  facet normal -8.627446e-01 -5.056293e-01 -3.273436e-03
    outer loop
      vertex   5.598676e+01 1.199019e+02 7.162940e+01
      vertex   5.674879e+01 1.186029e+02 7.144195e+01
      vertex   5.674478e+01 1.186029e+02 7.249970e+01
    endloop
  endfacet
  facet normal -8.690283e-01 -4.943989e-01 1.896226e-02
    outer loop
      vertex   5.598676e+01 1.199019e+02 7.162940e+01
      vertex   5.674478e+01 1.186029e+02 7.249970e+01
      vertex   5.601101e+01 1.199019e+02 7.274098e+01
    endloop
  endfacet
  facet normal -8.557473e-01 -5.046077e-01 1.143133e-01
    outer loop
      vertex   5.601101e+01 1.199019e+02 7.274098e+01
      vertex   5.674478e+01 1.186029e+02 7.249970e+01
      vertex   5.688484e+01 1.186029e+02 7.354814e+01
    endloop
  endfacet
  facet normal -8.585478e-01 -4.954129e-01 1.321431e-01
    outer loop
      vertex   5.601101e+01 1.199019e+02 7.274098e+01
      vertex   5.688484e+01 1.186029e+02 7.354814e+01
      vertex   5.618015e+01 1.199019e+02 7.383990e+01
    endloop
  endfacet
  facet normal -8.328639e-01 -5.034475e-01 2.299530e-01
    outer loop
      vertex   5.618015e+01 1.199019e+02 7.383990e+01
      vertex   5.688484e+01 1.186029e+02 7.354814e+01
      vertex   5.716635e+01 1.186029e+02 7.456775e+01
    endloop
  endfacet
  facet normal -8.333305e-01 -4.965511e-01 2.428937e-01
    outer loop
      vertex   5.618015e+01 1.199019e+02 7.383990e+01
      vertex   5.716635e+01 1.186029e+02 7.456775e+01
      vertex   5.649128e+01 1.199019e+02 7.490733e+01
    endloop
  endfacet
  facet normal -7.944892e-01 -5.021477e-01 3.415181e-01
    outer loop
      vertex   5.649128e+01 1.199019e+02 7.490733e+01
      vertex   5.716635e+01 1.186029e+02 7.456775e+01
      vertex   5.758408e+01 1.186029e+02 7.553953e+01
    endloop
  endfacet
  facet normal -7.938356e-01 -4.978126e-01 3.492960e-01
    outer loop
      vertex   5.649128e+01 1.199019e+02 7.490733e+01
      vertex   5.758408e+01 1.186029e+02 7.553953e+01
      vertex   5.693907e+01 1.199019e+02 7.592502e+01
    endloop
  endfacet
  facet normal -7.413008e-01 -5.007073e-01 4.469511e-01
    outer loop
      vertex   5.693907e+01 1.199019e+02 7.592502e+01
      vertex   5.758408e+01 1.186029e+02 7.553953e+01
      vertex   5.813024e+01 1.186029e+02 7.644538e+01
    endloop
  endfacet
  facet normal -7.798845e-01 0.000000e+00 6.259235e-01
    outer loop
      vertex   5.821181e+01 1.199019e+02 7.774268e+01
      vertex   5.821181e+01 1.399019e+02 7.774268e+01
      vertex   5.751587e+01 1.199019e+02 7.687556e+01
    endloop
  endfacet
  facet normal -7.798845e-01 0.000000e+00 6.259235e-01
    outer loop
      vertex   5.751587e+01 1.199019e+02 7.687556e+01
      vertex   5.821181e+01 1.399019e+02 7.774268e+01
      vertex   5.751587e+01 1.399019e+02 7.687556e+01
    endloop
  endfacet
  facet normal -8.549119e-01 0.000000e+00 5.187733e-01
    outer loop
      vertex   5.751587e+01 1.199019e+02 7.687556e+01
      vertex   5.751587e+01 1.399019e+02 7.687556e+01
      vertex   5.693907e+01 1.199019e+02 7.592502e+01
    endloop
  endfacet
  facet normal -8.549119e-01 -3.686106e-16 5.187733e-01
    outer loop
      vertex   5.693907e+01 1.199019e+02 7.592502e+01
      vertex   5.751587e+01 1.399019e+02 7.687556e+01
      vertex   5.693907e+01 1.399019e+02 7.592502e+01
    endloop
  endfacet
  facet normal -9.153115e-01 -2.861687e-16 4.027467e-01
    outer loop
      vertex   5.693907e+01 1.199019e+02 7.592502e+01
      vertex   5.693907e+01 1.399019e+02 7.592502e+01
      vertex   5.649128e+01 1.199019e+02 7.490733e+01
    endloop
  endfacet
  facet normal -9.153115e-01 0.000000e+00 4.027467e-01
    outer loop
      vertex   5.649128e+01 1.199019e+02 7.490733e+01
      vertex   5.693907e+01 1.399019e+02 7.592502e+01
      vertex   5.649128e+01 1.399019e+02 7.490733e+01
    endloop
  endfacet
  facet normal -9.600499e-01 0.000000e+00 2.798290e-01
    outer loop
      vertex   5.649128e+01 1.199019e+02 7.490733e+01
      vertex   5.649128e+01 1.399019e+02 7.490733e+01
      vertex   5.618015e+01 1.199019e+02 7.383990e+01
    endloop
  endfacet
  facet normal -9.600499e-01 0.000000e+00 2.798290e-01
    outer loop
      vertex   5.618015e+01 1.199019e+02 7.383990e+01
      vertex   5.649128e+01 1.399019e+02 7.490733e+01
      vertex   5.618015e+01 1.399019e+02 7.383990e+01
    endloop
  endfacet
  facet normal -9.883615e-01 0.000000e+00 1.521234e-01
    outer loop
      vertex   5.618015e+01 1.199019e+02 7.383990e+01
      vertex   5.618015e+01 1.399019e+02 7.383990e+01
      vertex   5.601101e+01 1.199019e+02 7.274098e+01
    endloop
  endfacet
  facet normal -9.883615e-01 -3.511365e-16 1.521234e-01
    outer loop
      vertex   5.601101e+01 1.199019e+02 7.274098e+01
      vertex   5.618015e+01 1.399019e+02 7.383990e+01
      vertex   5.601101e+01 1.399019e+02 7.274098e+01
    endloop
  endfacet
  facet normal -9.997620e-01 -3.551868e-16 2.181489e-02
    outer loop
      vertex   5.601101e+01 1.199019e+02 7.274098e+01
      vertex   5.601101e+01 1.399019e+02 7.274098e+01
      vertex   5.598676e+01 1.199019e+02 7.162940e+01
    endloop
  endfacet
  facet normal -9.997620e-01 0.000000e+00 2.181489e-02
    outer loop
      vertex   5.598676e+01 1.199019e+02 7.162940e+01
      vertex   5.601101e+01 1.399019e+02 7.274098e+01
      vertex   5.598676e+01 1.399019e+02 7.162940e+01
    endloop
  endfacet
  facet normal -9.940563e-01 0.000000e+00 -1.088669e-01
    outer loop
      vertex   5.598676e+01 1.199019e+02 7.162940e+01
      vertex   5.598676e+01 1.399019e+02 7.162940e+01
      vertex   5.610780e+01 1.199019e+02 7.052415e+01
    endloop
  endfacet
  facet normal -9.940563e-01 -3.531598e-16 -1.088669e-01
    outer loop
      vertex   5.610780e+01 1.199019e+02 7.052415e+01
      vertex   5.598676e+01 1.399019e+02 7.162940e+01
      vertex   5.610780e+01 1.399019e+02 7.052415e+01
    endloop
  endfacet
  facet normal -9.713421e-01 -3.450900e-16 -2.376859e-01
    outer loop
      vertex   5.610780e+01 1.199019e+02 7.052415e+01
      vertex   5.610780e+01 1.399019e+02 7.052415e+01
      vertex   5.637207e+01 1.199019e+02 6.944416e+01
    endloop
  endfacet
  facet normal -9.713421e-01 0.000000e+00 -2.376859e-01
    outer loop
      vertex   5.637207e+01 1.199019e+02 6.944416e+01
      vertex   5.610780e+01 1.399019e+02 7.052415e+01
      vertex   5.637207e+01 1.399019e+02 6.944416e+01
    endloop
  endfacet
  facet normal -9.320079e-01 0.000000e+00 -3.624380e-01
    outer loop
      vertex   5.637207e+01 1.199019e+02 6.944416e+01
      vertex   5.637207e+01 1.399019e+02 6.944416e+01
      vertex   5.677505e+01 1.199019e+02 6.840791e+01
    endloop
  endfacet
  facet normal -9.320079e-01 0.000000e+00 -3.624380e-01
    outer loop
      vertex   5.677505e+01 1.199019e+02 6.840791e+01
      vertex   5.637207e+01 1.399019e+02 6.944416e+01
      vertex   5.677505e+01 1.399019e+02 6.840791e+01
    endloop
  endfacet
  facet normal -8.767268e-01 0.000000e+00 -4.809888e-01
    outer loop
      vertex   5.677505e+01 1.199019e+02 6.840791e+01
      vertex   5.677505e+01 1.399019e+02 6.840791e+01
      vertex   5.730984e+01 1.199019e+02 6.743311e+01
    endloop
  endfacet
  facet normal -8.767268e-01 0.000000e+00 -4.809888e-01
    outer loop
      vertex   5.730984e+01 1.199019e+02 6.743311e+01
      vertex   5.677505e+01 1.399019e+02 6.840791e+01
      vertex   5.730984e+01 1.399019e+02 6.743311e+01
    endloop
  endfacet
  facet normal -8.064446e-01 0.000000e+00 -5.913096e-01
    outer loop
      vertex   5.730984e+01 1.199019e+02 6.743311e+01
      vertex   5.730984e+01 1.399019e+02 6.743311e+01
      vertex   5.796729e+01 1.199019e+02 6.653647e+01
    endloop
  endfacet
  facet normal -8.064446e-01 -4.201508e-16 -5.913096e-01
    outer loop
      vertex   5.796729e+01 1.199019e+02 6.653647e+01
      vertex   5.730984e+01 1.399019e+02 6.743311e+01
      vertex   5.796729e+01 1.399019e+02 6.653647e+01
    endloop
  endfacet
  facet normal -7.223640e-01 -4.913496e-16 -6.915131e-01
    outer loop
      vertex   5.796729e+01 1.199019e+02 6.653647e+01
      vertex   5.796729e+01 1.399019e+02 6.653647e+01
      vertex   5.873615e+01 1.199019e+02 6.573330e+01
    endloop
  endfacet
  facet normal -7.223640e-01 0.000000e+00 -6.915131e-01
    outer loop
      vertex   5.873615e+01 1.199019e+02 6.573330e+01
      vertex   5.796729e+01 1.399019e+02 6.653647e+01
      vertex   5.873615e+01 1.399019e+02 6.573330e+01
    endloop
  endfacet
  facet normal -6.259235e-01 0.000000e+00 -7.798845e-01
    outer loop
      vertex   5.873615e+01 1.199019e+02 6.573330e+01
      vertex   5.873615e+01 1.399019e+02 6.573330e+01
      vertex   5.960327e+01 1.199019e+02 6.503737e+01
    endloop
  endfacet
  facet normal -6.259235e-01 0.000000e+00 -7.798845e-01
    outer loop
      vertex   5.960327e+01 1.199019e+02 6.503737e+01
      vertex   5.873615e+01 1.399019e+02 6.573330e+01
      vertex   5.960327e+01 1.399019e+02 6.503737e+01
    endloop
  endfacet
  facet normal -5.187733e-01 0.000000e+00 -8.549119e-01
    outer loop
      vertex   5.960327e+01 1.199019e+02 6.503737e+01
      vertex   5.960327e+01 1.399019e+02 6.503737e+01
      vertex   6.055380e+01 1.199019e+02 6.446057e+01
    endloop
  endfacet
  facet normal -5.187733e-01 -1.843053e-16 -8.549119e-01
    outer loop
      vertex   6.055380e+01 1.199019e+02 6.446057e+01
      vertex   5.960327e+01 1.399019e+02 6.503737e+01
      vertex   6.055380e+01 1.399019e+02 6.446057e+01
    endloop
  endfacet
  facet normal -4.027467e-01 -1.430844e-16 -9.153115e-01
    outer loop
      vertex   6.055380e+01 1.199019e+02 6.446057e+01
      vertex   6.055380e+01 1.399019e+02 6.446057e+01
      vertex   6.157149e+01 1.199019e+02 6.401277e+01
    endloop
  endfacet
  facet normal -4.027467e-01 0.000000e+00 -9.153115e-01
    outer loop
      vertex   6.157149e+01 1.199019e+02 6.401277e+01
      vertex   6.055380e+01 1.399019e+02 6.446057e+01
      vertex   6.157149e+01 1.399019e+02 6.401277e+01
    endloop
  endfacet
  facet normal -2.798290e-01 0.000000e+00 -9.600499e-01
    outer loop
      vertex   6.157149e+01 1.199019e+02 6.401277e+01
      vertex   6.157149e+01 1.399019e+02 6.401277e+01
      vertex   6.263893e+01 1.199019e+02 6.370164e+01
    endloop
  endfacet
  facet normal -2.798290e-01 9.941524e-17 -9.600499e-01
    outer loop
      vertex   6.263893e+01 1.199019e+02 6.370164e+01
      vertex   6.157149e+01 1.399019e+02 6.401277e+01
      vertex   6.263893e+01 1.399019e+02 6.370164e+01
    endloop
  endfacet
  facet normal -1.521234e-01 5.404508e-17 -9.883615e-01
    outer loop
      vertex   6.263893e+01 1.199019e+02 6.370164e+01
      vertex   6.263893e+01 1.399019e+02 6.370164e+01
      vertex   6.373784e+01 1.199019e+02 6.353251e+01
    endloop
  endfacet
  facet normal -1.521234e-01 -3.511365e-16 -9.883615e-01
    outer loop
      vertex   6.373784e+01 1.199019e+02 6.353251e+01
      vertex   6.263893e+01 1.399019e+02 6.370164e+01
      vertex   6.373784e+01 1.399019e+02 6.353251e+01
    endloop
  endfacet
  facet normal -2.181489e-02 -3.551868e-16 -9.997620e-01
    outer loop
      vertex   6.373784e+01 1.199019e+02 6.353251e+01
      vertex   6.373784e+01 1.399019e+02 6.353251e+01
      vertex   6.484943e+01 1.199019e+02 6.350825e+01
    endloop
  endfacet
  facet normal -2.181489e-02 -3.551868e-16 -9.997620e-01
    outer loop
      vertex   6.484943e+01 1.199019e+02 6.350825e+01
      vertex   6.373784e+01 1.399019e+02 6.353251e+01
      vertex   6.484943e+01 1.399019e+02 6.350825e+01
    endloop
  endfacet
  facet normal 1.088669e-01 -3.531598e-16 -9.940563e-01
    outer loop
      vertex   6.484943e+01 1.199019e+02 6.350825e+01
      vertex   6.484943e+01 1.399019e+02 6.350825e+01
      vertex   6.595467e+01 1.199019e+02 6.362929e+01
    endloop
  endfacet
  facet normal 1.088669e-01 0.000000e+00 -9.940563e-01
    outer loop
      vertex   6.595467e+01 1.199019e+02 6.362929e+01
      vertex   6.484943e+01 1.399019e+02 6.350825e+01
      vertex   6.595467e+01 1.399019e+02 6.362929e+01
    endloop
  endfacet
  facet normal 2.376859e-01 0.000000e+00 -9.713421e-01
    outer loop
      vertex   6.595467e+01 1.199019e+02 6.362929e+01
      vertex   6.595467e+01 1.399019e+02 6.362929e+01
      vertex   6.703466e+01 1.199019e+02 6.389357e+01
    endloop
  endfacet
  facet normal 2.376859e-01 -3.450900e-16 -9.713421e-01
    outer loop
      vertex   6.703466e+01 1.199019e+02 6.389357e+01
      vertex   6.595467e+01 1.399019e+02 6.362929e+01
      vertex   6.703466e+01 1.399019e+02 6.389357e+01
    endloop
  endfacet
  facet normal 3.624380e-01 -3.311157e-16 -9.320079e-01
    outer loop
      vertex   6.703466e+01 1.199019e+02 6.389357e+01
      vertex   6.703466e+01 1.399019e+02 6.389357e+01
      vertex   6.807092e+01 1.199019e+02 6.429654e+01
    endloop
  endfacet
  facet normal 3.624380e-01 0.000000e+00 -9.320079e-01
    outer loop
      vertex   6.807092e+01 1.199019e+02 6.429654e+01
      vertex   6.703466e+01 1.399019e+02 6.389357e+01
      vertex   6.807092e+01 1.399019e+02 6.429654e+01
    endloop
  endfacet
  facet normal 4.809888e-01 0.000000e+00 -8.767268e-01
    outer loop
      vertex   6.807092e+01 1.199019e+02 6.429654e+01
      vertex   6.807092e+01 1.399019e+02 6.429654e+01
      vertex   6.904571e+01 1.199019e+02 6.483133e+01
    endloop
  endfacet
  facet normal 4.809888e-01 0.000000e+00 -8.767268e-01
    outer loop
      vertex   6.904571e+01 1.199019e+02 6.483133e+01
      vertex   6.807092e+01 1.399019e+02 6.429654e+01
      vertex   6.904571e+01 1.399019e+02 6.483133e+01
    endloop
  endfacet
  facet normal 5.913096e-01 0.000000e+00 -8.064446e-01
    outer loop
      vertex   6.904571e+01 1.199019e+02 6.483133e+01
      vertex   6.904571e+01 1.399019e+02 6.483133e+01
      vertex   6.994236e+01 1.199019e+02 6.548878e+01
    endloop
  endfacet
  facet normal 5.913096e-01 0.000000e+00 -8.064446e-01
    outer loop
      vertex   6.994236e+01 1.199019e+02 6.548878e+01
      vertex   6.904571e+01 1.399019e+02 6.483133e+01
      vertex   6.994236e+01 1.399019e+02 6.548878e+01
    endloop
  endfacet
  facet normal 6.915131e-01 0.000000e+00 -7.223640e-01
    outer loop
      vertex   6.994236e+01 1.199019e+02 6.548878e+01
      vertex   6.994236e+01 1.399019e+02 6.548878e+01
      vertex   7.074552e+01 1.199019e+02 6.625764e+01
    endloop
  endfacet
  facet normal 6.915131e-01 0.000000e+00 -7.223640e-01
    outer loop
      vertex   7.074552e+01 1.199019e+02 6.625764e+01
      vertex   6.994236e+01 1.399019e+02 6.548878e+01
      vertex   7.074552e+01 1.399019e+02 6.625764e+01
    endloop
  endfacet
  facet normal 7.798845e-01 0.000000e+00 -6.259235e-01
    outer loop
      vertex   7.074552e+01 1.199019e+02 6.625764e+01
      vertex   7.074552e+01 1.399019e+02 6.625764e+01
      vertex   7.144146e+01 1.199019e+02 6.712476e+01
    endloop
  endfacet
  facet normal 7.798845e-01 0.000000e+00 -6.259235e-01
    outer loop
      vertex   7.144146e+01 1.199019e+02 6.712476e+01
      vertex   7.074552e+01 1.399019e+02 6.625764e+01
      vertex   7.144146e+01 1.399019e+02 6.712476e+01
    endloop
  endfacet
  facet normal 8.549119e-01 0.000000e+00 -5.187733e-01
    outer loop
      vertex   7.144146e+01 1.199019e+02 6.712476e+01
      vertex   7.144146e+01 1.399019e+02 6.712476e+01
      vertex   7.201826e+01 1.199019e+02 6.807530e+01
    endloop
  endfacet
  facet normal 8.549119e-01 0.000000e+00 -5.187733e-01
    outer loop
      vertex   7.201826e+01 1.199019e+02 6.807530e+01
      vertex   7.144146e+01 1.399019e+02 6.712476e+01
      vertex   7.201826e+01 1.399019e+02 6.807530e+01
    endloop
  endfacet
  facet normal 9.153115e-01 0.000000e+00 -4.027467e-01
    outer loop
      vertex   7.201826e+01 1.199019e+02 6.807530e+01
      vertex   7.201826e+01 1.399019e+02 6.807530e+01
      vertex   7.246605e+01 1.199019e+02 6.909299e+01
    endloop
  endfacet
  facet normal 9.153115e-01 0.000000e+00 -4.027467e-01
    outer loop
      vertex   7.246605e+01 1.199019e+02 6.909299e+01
      vertex   7.201826e+01 1.399019e+02 6.807530e+01
      vertex   7.246605e+01 1.399019e+02 6.909299e+01
    endloop
  endfacet
  facet normal 9.600499e-01 0.000000e+00 -2.798290e-01
    outer loop
      vertex   7.246605e+01 1.199019e+02 6.909299e+01
      vertex   7.246605e+01 1.399019e+02 6.909299e+01
      vertex   7.277718e+01 1.199019e+02 7.016042e+01
    endloop
  endfacet
  facet normal 9.600499e-01 0.000000e+00 -2.798290e-01
    outer loop
      vertex   7.277718e+01 1.199019e+02 7.016042e+01
      vertex   7.246605e+01 1.399019e+02 6.909299e+01
      vertex   7.277718e+01 1.399019e+02 7.016042e+01
    endloop
  endfacet
  facet normal 9.883615e-01 0.000000e+00 -1.521234e-01
    outer loop
      vertex   7.277718e+01 1.199019e+02 7.016042e+01
      vertex   7.277718e+01 1.399019e+02 7.016042e+01
      vertex   7.294632e+01 1.199019e+02 7.125934e+01
    endloop
  endfacet
  facet normal 9.883615e-01 0.000000e+00 -1.521234e-01
    outer loop
      vertex   7.294632e+01 1.199019e+02 7.125934e+01
      vertex   7.277718e+01 1.399019e+02 7.016042e+01
      vertex   7.294632e+01 1.399019e+02 7.125934e+01
    endloop
  endfacet
  facet normal 9.997620e-01 0.000000e+00 -2.181489e-02
    outer loop
      vertex   7.294632e+01 1.199019e+02 7.125934e+01
      vertex   7.294632e+01 1.399019e+02 7.125934e+01
      vertex   7.297058e+01 1.199019e+02 7.237093e+01
    endloop
  endfacet
  facet normal 9.997620e-01 -7.103736e-16 -2.181489e-02
    outer loop
      vertex   7.297058e+01 1.199019e+02 7.237093e+01
      vertex   7.294632e+01 1.399019e+02 7.125934e+01
      vertex   7.297058e+01 1.399019e+02 7.237093e+01
    endloop
  endfacet
  facet normal 9.940563e-01 -7.063195e-16 1.088669e-01
    outer loop
      vertex   7.297058e+01 1.199019e+02 7.237093e+01
      vertex   7.297058e+01 1.399019e+02 7.237093e+01
      vertex   7.284953e+01 1.199019e+02 7.347617e+01
    endloop
  endfacet
  facet normal 9.940563e-01 -6.289649e-16 1.088669e-01
    outer loop
      vertex   7.284953e+01 1.199019e+02 7.347617e+01
      vertex   7.297058e+01 1.399019e+02 7.237093e+01
      vertex   7.284953e+01 1.399019e+02 7.347617e+01
    endloop
  endfacet
  facet normal 9.713421e-01 -5.212941e-16 2.376859e-01
    outer loop
      vertex   7.284953e+01 1.199019e+02 7.347617e+01
      vertex   7.284953e+01 1.399019e+02 7.347617e+01
      vertex   7.258526e+01 1.199019e+02 7.455616e+01
    endloop
  endfacet
  facet normal 9.713421e-01 -6.901801e-16 2.376859e-01
    outer loop
      vertex   7.258526e+01 1.199019e+02 7.455616e+01
      vertex   7.284953e+01 1.399019e+02 7.347617e+01
      vertex   7.258526e+01 1.399019e+02 7.455616e+01
    endloop
  endfacet
  facet normal 9.320079e-01 -6.622314e-16 3.624380e-01
    outer loop
      vertex   7.258526e+01 1.199019e+02 7.455616e+01
      vertex   7.258526e+01 1.399019e+02 7.455616e+01
      vertex   7.218228e+01 1.199019e+02 7.559242e+01
    endloop
  endfacet
  facet normal 9.320079e-01 -0.000000e+00 3.624380e-01
    outer loop
      vertex   7.218228e+01 1.199019e+02 7.559242e+01
      vertex   7.258526e+01 1.399019e+02 7.455616e+01
      vertex   7.218228e+01 1.399019e+02 7.559242e+01
    endloop
  endfacet
  facet normal 8.767268e-01 -0.000000e+00 4.809888e-01
    outer loop
      vertex   7.218228e+01 1.199019e+02 7.559242e+01
      vertex   7.218228e+01 1.399019e+02 7.559242e+01
      vertex   7.164749e+01 1.199019e+02 7.656721e+01
    endloop
  endfacet
  facet normal 8.767268e-01 -0.000000e+00 4.809888e-01
    outer loop
      vertex   7.164749e+01 1.199019e+02 7.656721e+01
      vertex   7.218228e+01 1.399019e+02 7.559242e+01
      vertex   7.164749e+01 1.399019e+02 7.656721e+01
    endloop
  endfacet
  facet normal 8.064446e-01 -0.000000e+00 5.913096e-01
    outer loop
      vertex   7.164749e+01 1.199019e+02 7.656721e+01
      vertex   7.164749e+01 1.399019e+02 7.656721e+01
      vertex   7.099004e+01 1.199019e+02 7.746386e+01
    endloop
  endfacet
  facet normal 8.064446e-01 4.201508e-16 5.913096e-01
    outer loop
      vertex   7.099004e+01 1.199019e+02 7.746386e+01
      vertex   7.164749e+01 1.399019e+02 7.656721e+01
      vertex   7.099004e+01 1.399019e+02 7.746386e+01
    endloop
  endfacet
  facet normal 7.223640e-01 4.913496e-16 6.915131e-01
    outer loop
      vertex   7.099004e+01 1.199019e+02 7.746386e+01
      vertex   7.099004e+01 1.399019e+02 7.746386e+01
      vertex   7.022118e+01 1.199019e+02 7.826702e+01
    endloop
  endfacet
  facet normal 7.223640e-01 -0.000000e+00 6.915131e-01
    outer loop
      vertex   7.022118e+01 1.199019e+02 7.826702e+01
      vertex   7.099004e+01 1.399019e+02 7.746386e+01
      vertex   7.022118e+01 1.399019e+02 7.826702e+01
    endloop
  endfacet
  facet normal 6.259235e-01 -0.000000e+00 7.798845e-01
    outer loop
      vertex   7.022118e+01 1.199019e+02 7.826702e+01
      vertex   7.022118e+01 1.399019e+02 7.826702e+01
      vertex   6.935406e+01 1.199019e+02 7.896295e+01
    endloop
  endfacet
  facet normal 6.259235e-01 -0.000000e+00 7.798845e-01
    outer loop
      vertex   6.935406e+01 1.199019e+02 7.896295e+01
      vertex   7.022118e+01 1.399019e+02 7.826702e+01
      vertex   6.935406e+01 1.399019e+02 7.896295e+01
    endloop
  endfacet
  facet normal 5.187733e-01 -0.000000e+00 8.549119e-01
    outer loop
      vertex   6.935406e+01 1.199019e+02 7.896295e+01
      vertex   6.935406e+01 1.399019e+02 7.896295e+01
      vertex   6.840353e+01 1.199019e+02 7.953975e+01
    endloop
  endfacet
  facet normal 5.187733e-01 -0.000000e+00 8.549119e-01
    outer loop
      vertex   6.840353e+01 1.199019e+02 7.953975e+01
      vertex   6.935406e+01 1.399019e+02 7.896295e+01
      vertex   6.840353e+01 1.399019e+02 7.953975e+01
    endloop
  endfacet
  facet normal 4.027467e-01 -0.000000e+00 9.153115e-01
    outer loop
      vertex   6.840353e+01 1.199019e+02 7.953975e+01
      vertex   6.840353e+01 1.399019e+02 7.953975e+01
      vertex   6.738584e+01 1.199019e+02 7.998755e+01
    endloop
  endfacet
  facet normal 4.027467e-01 -0.000000e+00 9.153115e-01
    outer loop
      vertex   6.738584e+01 1.199019e+02 7.998755e+01
      vertex   6.840353e+01 1.399019e+02 7.953975e+01
      vertex   6.738584e+01 1.399019e+02 7.998755e+01
    endloop
  endfacet
  facet normal 2.798290e-01 -0.000000e+00 9.600499e-01
    outer loop
      vertex   6.738584e+01 1.199019e+02 7.998755e+01
      vertex   6.738584e+01 1.399019e+02 7.998755e+01
      vertex   6.631840e+01 1.199019e+02 8.029868e+01
    endloop
  endfacet
  facet normal 2.798290e-01 -0.000000e+00 9.600499e-01
    outer loop
      vertex   6.631840e+01 1.199019e+02 8.029868e+01
      vertex   6.738584e+01 1.399019e+02 7.998755e+01
      vertex   6.631840e+01 1.399019e+02 8.029868e+01
    endloop
  endfacet
  facet normal 1.521234e-01 -0.000000e+00 9.883615e-01
    outer loop
      vertex   6.631840e+01 1.199019e+02 8.029868e+01
      vertex   6.631840e+01 1.399019e+02 8.029868e+01
      vertex   6.521949e+01 1.199019e+02 8.046782e+01
    endloop
  endfacet
  facet normal 1.521234e-01 -0.000000e+00 9.883615e-01
    outer loop
      vertex   6.521949e+01 1.199019e+02 8.046782e+01
      vertex   6.631840e+01 1.399019e+02 8.029868e+01
      vertex   6.521949e+01 1.399019e+02 8.046782e+01
    endloop
  endfacet
  facet normal 2.181489e-02 -0.000000e+00 9.997620e-01
    outer loop
      vertex   6.521949e+01 1.199019e+02 8.046782e+01
      vertex   6.521949e+01 1.399019e+02 8.046782e+01
      vertex   6.410790e+01 1.199019e+02 8.049207e+01
    endloop
  endfacet
  facet normal 2.181489e-02 -1.420747e-15 9.997620e-01
    outer loop
      vertex   6.410790e+01 1.199019e+02 8.049207e+01
      vertex   6.521949e+01 1.399019e+02 8.046782e+01
      vertex   6.410790e+01 1.399019e+02 8.049207e+01
    endloop
  endfacet
  facet normal -1.088669e-01 -1.412639e-15 9.940563e-01
    outer loop
      vertex   6.410790e+01 1.199019e+02 8.049207e+01
      vertex   6.410790e+01 1.399019e+02 8.049207e+01
      vertex   6.300266e+01 1.199019e+02 8.037103e+01
    endloop
  endfacet
  facet normal -1.088669e-01 3.867728e-17 9.940563e-01
    outer loop
      vertex   6.300266e+01 1.199019e+02 8.037103e+01
      vertex   6.410790e+01 1.399019e+02 8.049207e+01
      vertex   6.300266e+01 1.399019e+02 8.037103e+01
    endloop
  endfacet
  facet normal -2.376859e-01 8.444299e-17 9.713421e-01
    outer loop
      vertex   6.300266e+01 1.199019e+02 8.037103e+01
      vertex   6.300266e+01 1.399019e+02 8.037103e+01
      vertex   6.192267e+01 1.199019e+02 8.010675e+01
    endloop
  endfacet
  facet normal -2.376859e-01 0.000000e+00 9.713421e-01
    outer loop
      vertex   6.192267e+01 1.199019e+02 8.010675e+01
      vertex   6.300266e+01 1.399019e+02 8.037103e+01
      vertex   6.192267e+01 1.399019e+02 8.010675e+01
    endloop
  endfacet
  facet normal -3.624380e-01 0.000000e+00 9.320079e-01
    outer loop
      vertex   6.192267e+01 1.199019e+02 8.010675e+01
      vertex   6.192267e+01 1.399019e+02 8.010675e+01
      vertex   6.088641e+01 1.199019e+02 7.970378e+01
    endloop
  endfacet
  facet normal -3.624380e-01 0.000000e+00 9.320079e-01
    outer loop
      vertex   6.088641e+01 1.199019e+02 7.970378e+01
      vertex   6.192267e+01 1.399019e+02 8.010675e+01
      vertex   6.088641e+01 1.399019e+02 7.970378e+01
    endloop
  endfacet
  facet normal -4.809888e-01 0.000000e+00 8.767268e-01
    outer loop
      vertex   6.088641e+01 1.199019e+02 7.970378e+01
      vertex   6.088641e+01 1.399019e+02 7.970378e+01
      vertex   5.991162e+01 1.199019e+02 7.916899e+01
    endloop
  endfacet
  facet normal -4.809888e-01 -7.938334e-16 8.767268e-01
    outer loop
      vertex   5.991162e+01 1.199019e+02 7.916899e+01
      vertex   6.088641e+01 1.399019e+02 7.970378e+01
      vertex   5.991162e+01 1.399019e+02 7.916899e+01
    endloop
  endfacet
  facet normal -5.913096e-01 -7.830887e-16 8.064446e-01
    outer loop
      vertex   5.991162e+01 1.199019e+02 7.916899e+01
      vertex   5.991162e+01 1.399019e+02 7.916899e+01
      vertex   5.901497e+01 1.199019e+02 7.851154e+01
    endloop
  endfacet
  facet normal -5.913096e-01 0.000000e+00 8.064446e-01
    outer loop
      vertex   5.901497e+01 1.199019e+02 7.851154e+01
      vertex   5.991162e+01 1.399019e+02 7.916899e+01
      vertex   5.901497e+01 1.399019e+02 7.851154e+01
    endloop
  endfacet
  facet normal -6.915131e-01 0.000000e+00 7.223640e-01
    outer loop
      vertex   5.901497e+01 1.199019e+02 7.851154e+01
      vertex   5.901497e+01 1.399019e+02 7.851154e+01
      vertex   5.821181e+01 1.199019e+02 7.774268e+01
    endloop
  endfacet
  facet normal -6.915131e-01 0.000000e+00 7.223640e-01
    outer loop
      vertex   5.821181e+01 1.199019e+02 7.774268e+01
      vertex   5.901497e+01 1.399019e+02 7.851154e+01
      vertex   5.821181e+01 1.399019e+02 7.774268e+01
    endloop
  endfacet
  facet normal -7.407716e-01 4.991965e-01 4.495112e-01
    outer loop
      vertex   5.693907e+01 1.399019e+02 7.592502e+01
      vertex   5.751587e+01 1.399019e+02 7.687556e+01
      vertex   5.813024e+01 1.412010e+02 7.644538e+01
    endloop
  endfacet
  facet normal -6.757612e-01 4.991965e-01 5.423557e-01
    outer loop
      vertex   5.813024e+01 1.412010e+02 7.644538e+01
      vertex   5.751587e+01 1.399019e+02 7.687556e+01
      vertex   5.821181e+01 1.399019e+02 7.774268e+01
    endloop
  endfacet
  facet normal -6.735365e-01 5.007073e-01 5.437286e-01
    outer loop
      vertex   5.813024e+01 1.412010e+02 7.644538e+01
      vertex   5.821181e+01 1.399019e+02 7.774268e+01
      vertex   5.879466e+01 1.412010e+02 7.726842e+01
    endloop
  endfacet
  facet normal -5.997386e-01 4.978126e-01 6.264952e-01
    outer loop
      vertex   5.879466e+01 1.412010e+02 7.726842e+01
      vertex   5.821181e+01 1.399019e+02 7.774268e+01
      vertex   5.901497e+01 1.399019e+02 7.851154e+01
    endloop
  endfacet
  facet normal -5.926533e-01 5.021477e-01 6.297696e-01
    outer loop
      vertex   5.879466e+01 1.412010e+02 7.726842e+01
      vertex   5.901497e+01 1.399019e+02 7.851154e+01
      vertex   5.956496e+01 1.412010e+02 7.799332e+01
    endloop
  endfacet
  facet normal -5.132612e-01 4.965511e-01 7.000000e-01
    outer loop
      vertex   5.956496e+01 1.412010e+02 7.799332e+01
      vertex   5.901497e+01 1.399019e+02 7.851154e+01
      vertex   5.991162e+01 1.399019e+02 7.916899e+01
    endloop
  endfacet
  facet normal -5.009413e-01 5.034475e-01 7.039875e-01
    outer loop
      vertex   5.956496e+01 1.412010e+02 7.799332e+01
      vertex   5.991162e+01 1.399019e+02 7.916899e+01
      vertex   6.042679e+01 1.412010e+02 7.860659e+01
    endloop
  endfacet
  facet normal -4.178146e-01 4.954129e-01 7.615754e-01
    outer loop
      vertex   6.042679e+01 1.412010e+02 7.860659e+01
      vertex   5.991162e+01 1.399019e+02 7.916899e+01
      vertex   6.088641e+01 1.399019e+02 7.970378e+01
    endloop
  endfacet
  facet normal -4.001022e-01 5.046077e-01 7.650420e-01
    outer loop
      vertex   6.042679e+01 1.412010e+02 7.860659e+01
      vertex   6.088641e+01 1.399019e+02 7.970378e+01
      vertex   6.136411e+01 1.412010e+02 7.909678e+01
    endloop
  endfacet
  facet normal -3.150439e-01 4.943989e-01 8.101340e-01
    outer loop
      vertex   6.136411e+01 1.412010e+02 7.909678e+01
      vertex   6.088641e+01 1.399019e+02 7.970378e+01
      vertex   6.192267e+01 1.399019e+02 8.010675e+01
    endloop
  endfacet
  facet normal -2.920000e-01 5.056293e-01 8.118344e-01
    outer loop
      vertex   6.136411e+01 1.412010e+02 7.909678e+01
      vertex   6.192267e+01 1.399019e+02 8.010675e+01
      vertex   6.235944e+01 1.412010e+02 7.945478e+01
    endloop
  endfacet
  facet normal -2.067250e-01 4.935100e-01 8.448152e-01
    outer loop
      vertex   6.235944e+01 1.412010e+02 7.945478e+01
      vertex   6.192267e+01 1.399019e+02 8.010675e+01
      vertex   6.300266e+01 1.399019e+02 8.037103e+01
    endloop
  endfacet
  facet normal -1.786281e-01 5.065129e-01 8.435263e-01
    outer loop
      vertex   6.235944e+01 1.412010e+02 7.945478e+01
      vertex   6.300266e+01 1.399019e+02 8.037103e+01
      vertex   6.339425e+01 1.412010e+02 7.967392e+01
    endloop
  endfacet
  facet normal -9.473299e-02 4.927467e-01 8.650008e-01
    outer loop
      vertex   6.339425e+01 1.412010e+02 7.967392e+01
      vertex   6.300266e+01 1.399019e+02 8.037103e+01
      vertex   6.410790e+01 1.399019e+02 8.049207e+01
    endloop
  endfacet
  facet normal -6.207262e-02 5.072595e-01 8.595550e-01
    outer loop
      vertex   6.339425e+01 1.412010e+02 7.967392e+01
      vertex   6.410790e+01 1.399019e+02 8.049207e+01
      vertex   6.444926e+01 1.412010e+02 7.975010e+01
    endloop
  endfacet
  facet normal 1.899058e-02 4.921098e-01 8.703260e-01
    outer loop
      vertex   6.444926e+01 1.412010e+02 7.975010e+01
      vertex   6.410790e+01 1.399019e+02 8.049207e+01
      vertex   6.521949e+01 1.399019e+02 8.046782e+01
    endloop
  endfacet
  facet normal 5.552509e-02 5.078695e-01 8.596427e-01
    outer loop
      vertex   6.444926e+01 1.412010e+02 7.975010e+01
      vertex   6.521949e+01 1.399019e+02 8.046782e+01
      vertex   6.550482e+01 1.412010e+02 7.968193e+01
    endloop
  endfacet
  facet normal 1.324723e-01 4.915996e-01 8.606863e-01
    outer loop
      vertex   6.550482e+01 1.412010e+02 7.968193e+01
      vertex   6.521949e+01 1.399019e+02 8.046782e+01
      vertex   6.631840e+01 1.399019e+02 8.029868e+01
    endloop
  endfacet
  facet normal 1.720068e-01 5.083434e-01 8.438013e-01
    outer loop
      vertex   6.550482e+01 1.412010e+02 7.968193e+01
      vertex   6.631840e+01 1.399019e+02 8.029868e+01
      vertex   6.654126e+01 1.412010e+02 7.947065e+01
    endloop
  endfacet
  facet normal 2.437415e-01 4.912167e-01 8.362393e-01
    outer loop
      vertex   6.654126e+01 1.412010e+02 7.947065e+01
      vertex   6.631840e+01 1.399019e+02 8.029868e+01
      vertex   6.738584e+01 1.399019e+02 7.998755e+01
    endloop
  endfacet
  facet normal 2.852361e-01 5.086816e-01 8.123320e-01
    outer loop
      vertex   6.654126e+01 1.412010e+02 7.947065e+01
      vertex   6.738584e+01 1.399019e+02 7.998755e+01
      vertex   6.753928e+01 1.412010e+02 7.912021e+01
    endloop
  endfacet
  facet normal 3.508654e-01 4.909612e-01 7.974024e-01
    outer loop
      vertex   6.753928e+01 1.412010e+02 7.912021e+01
      vertex   6.738584e+01 1.399019e+02 7.998755e+01
      vertex   6.840353e+01 1.399019e+02 7.953975e+01
    endloop
  endfacet
  facet normal 3.931372e-01 5.088845e-01 7.658197e-01
    outer loop
      vertex   6.753928e+01 1.412010e+02 7.912021e+01
      vertex   6.840353e+01 1.399019e+02 7.953975e+01
      vertex   6.848029e+01 1.412010e+02 7.863714e+01
    endloop
  endfacet
  facet normal 4.519830e-01 4.908334e-01 7.448449e-01
    outer loop
      vertex   6.848029e+01 1.412010e+02 7.863714e+01
      vertex   6.840353e+01 1.399019e+02 7.953975e+01
      vertex   6.935406e+01 1.399019e+02 7.896295e+01
    endloop
  endfacet
  facet normal 4.937316e-01 5.089521e-01 7.051219e-01
    outer loop
      vertex   6.848029e+01 1.412010e+02 7.863714e+01
      vertex   6.935406e+01 1.399019e+02 7.896295e+01
      vertex   6.934675e+01 1.412010e+02 7.803044e+01
    endloop
  endfacet
  facet normal 5.453380e-01 4.908334e-01 6.794770e-01
    outer loop
      vertex   6.934675e+01 1.412010e+02 7.803044e+01
      vertex   6.935406e+01 1.399019e+02 7.896295e+01
      vertex   7.022118e+01 1.399019e+02 7.826702e+01
    endloop
  endfacet
  facet normal 5.851742e-01 5.088845e-01 6.313538e-01
    outer loop
      vertex   6.934675e+01 1.412010e+02 7.803044e+01
      vertex   7.022118e+01 1.399019e+02 7.826702e+01
      vertex   7.012253e+01 1.412010e+02 7.731140e+01
    endloop
  endfacet
  facet normal 6.293101e-01 4.909612e-01 6.024333e-01
    outer loop
      vertex   7.012253e+01 1.412010e+02 7.731140e+01
      vertex   7.022118e+01 1.399019e+02 7.826702e+01
      vertex   7.099004e+01 1.399019e+02 7.746386e+01
    endloop
  endfacet
  facet normal 6.657859e-01 5.086816e-01 5.458682e-01
    outer loop
      vertex   7.012253e+01 1.412010e+02 7.731140e+01
      vertex   7.099004e+01 1.399019e+02 7.746386e+01
      vertex   7.079318e+01 1.412010e+02 7.649342e+01
    endloop
  endfacet
  facet normal 7.024434e-01 4.912167e-01 5.150528e-01
    outer loop
      vertex   7.079318e+01 1.412010e+02 7.649342e+01
      vertex   7.099004e+01 1.399019e+02 7.746386e+01
      vertex   7.164749e+01 1.399019e+02 7.656721e+01
    endloop
  endfacet
  facet normal 7.340841e-01 5.083434e-01 4.502305e-01
    outer loop
      vertex   7.079318e+01 1.412010e+02 7.649342e+01
      vertex   7.164749e+01 1.399019e+02 7.656721e+01
      vertex   7.134620e+01 1.412010e+02 7.559175e+01
    endloop
  endfacet
  facet normal 7.634724e-01 4.915996e-01 4.188553e-01
    outer loop
      vertex   7.134620e+01 1.412010e+02 7.559175e+01
      vertex   7.164749e+01 1.399019e+02 7.656721e+01
      vertex   7.218228e+01 1.399019e+02 7.559242e+01
    endloop
  endfacet
  facet normal 7.888092e-01 5.078695e-01 3.461916e-01
    outer loop
      vertex   7.134620e+01 1.412010e+02 7.559175e+01
      vertex   7.218228e+01 1.399019e+02 7.559242e+01
      vertex   7.177129e+01 1.412010e+02 7.462317e+01
    endloop
  endfacet
  facet normal 8.113437e-01 4.921098e-01 3.155143e-01
    outer loop
      vertex   7.177129e+01 1.412010e+02 7.462317e+01
      vertex   7.218228e+01 1.399019e+02 7.559242e+01
      vertex   7.258526e+01 1.399019e+02 7.455616e+01
    endloop
  endfacet
  facet normal 8.289476e-01 5.072595e-01 2.356559e-01
    outer loop
      vertex   7.177129e+01 1.412010e+02 7.462317e+01
      vertex   7.258526e+01 1.399019e+02 7.455616e+01
      vertex   7.206053e+01 1.412010e+02 7.360572e+01
    endloop
  endfacet
  facet normal 8.452354e-01 4.927467e-01 2.068278e-01
    outer loop
      vertex   7.206053e+01 1.412010e+02 7.360572e+01
      vertex   7.258526e+01 1.399019e+02 7.455616e+01
      vertex   7.284953e+01 1.399019e+02 7.347617e+01
    endloop
  endfacet
  facet normal 8.537499e-01 5.065129e-01 1.206474e-01
    outer loop
      vertex   7.206053e+01 1.412010e+02 7.360572e+01
      vertex   7.284953e+01 1.399019e+02 7.347617e+01
      vertex   7.220854e+01 1.412010e+02 7.255837e+01
    endloop
  endfacet
  facet normal 8.645707e-01 4.935100e-01 9.468589e-02
    outer loop
      vertex   7.220854e+01 1.412010e+02 7.255837e+01
      vertex   7.284953e+01 1.399019e+02 7.347617e+01
      vertex   7.297058e+01 1.399019e+02 7.237093e+01
    endloop
  endfacet
  facet normal 8.627446e-01 5.056293e-01 3.273436e-03
    outer loop
      vertex   7.220854e+01 1.412010e+02 7.255837e+01
      vertex   7.297058e+01 1.399019e+02 7.237093e+01
      vertex   7.221255e+01 1.412010e+02 7.150062e+01
    endloop
  endfacet
  facet normal 8.690283e-01 4.943989e-01 -1.896226e-02
    outer loop
      vertex   7.221255e+01 1.412010e+02 7.150062e+01
      vertex   7.297058e+01 1.399019e+02 7.237093e+01
      vertex   7.294632e+01 1.399019e+02 7.125934e+01
    endloop
  endfacet
  facet normal 8.557473e-01 5.046077e-01 -1.143133e-01
    outer loop
      vertex   7.221255e+01 1.412010e+02 7.150062e+01
      vertex   7.294632e+01 1.399019e+02 7.125934e+01
      vertex   7.207249e+01 1.412010e+02 7.045218e+01
    endloop
  endfacet
  facet normal 8.585478e-01 4.954129e-01 -1.321431e-01
    outer loop
      vertex   7.207249e+01 1.412010e+02 7.045218e+01
      vertex   7.294632e+01 1.399019e+02 7.125934e+01
      vertex   7.277718e+01 1.399019e+02 7.016042e+01
    endloop
  endfacet
  facet normal 8.328639e-01 5.034475e-01 -2.299530e-01
    outer loop
      vertex   7.207249e+01 1.412010e+02 7.045218e+01
      vertex   7.277718e+01 1.399019e+02 7.016042e+01
      vertex   7.179098e+01 1.412010e+02 6.943257e+01
    endloop
  endfacet
  facet normal 8.333305e-01 4.965511e-01 -2.428937e-01
    outer loop
      vertex   7.179098e+01 1.412010e+02 6.943257e+01
      vertex   7.277718e+01 1.399019e+02 7.016042e+01
      vertex   7.246605e+01 1.399019e+02 6.909299e+01
    endloop
  endfacet
  facet normal 7.944892e-01 5.021477e-01 -3.415181e-01
    outer loop
      vertex   7.179098e+01 1.412010e+02 6.943257e+01
      vertex   7.246605e+01 1.399019e+02 6.909299e+01
      vertex   7.137325e+01 1.412010e+02 6.846079e+01
    endloop
  endfacet
  facet normal 7.938356e-01 4.978126e-01 -3.492960e-01
    outer loop
      vertex   7.137325e+01 1.412010e+02 6.846079e+01
      vertex   7.246605e+01 1.399019e+02 6.909299e+01
      vertex   7.201826e+01 1.399019e+02 6.807530e+01
    endloop
  endfacet
  facet normal 7.413008e-01 5.007073e-01 -4.469511e-01
    outer loop
      vertex   7.137325e+01 1.412010e+02 6.846079e+01
      vertex   7.201826e+01 1.399019e+02 6.807530e+01
      vertex   7.082709e+01 1.412010e+02 6.755494e+01
    endloop
  endfacet
  facet normal 7.407716e-01 4.991965e-01 -4.495112e-01
    outer loop
      vertex   7.082709e+01 1.412010e+02 6.755494e+01
      vertex   7.201826e+01 1.399019e+02 6.807530e+01
      vertex   7.144146e+01 1.399019e+02 6.712476e+01
    endloop
  endfacet
  facet normal 6.757612e-01 4.991965e-01 -5.423557e-01
    outer loop
      vertex   7.082709e+01 1.412010e+02 6.755494e+01
      vertex   7.144146e+01 1.399019e+02 6.712476e+01
      vertex   7.074552e+01 1.399019e+02 6.625764e+01
    endloop
  endfacet
  facet normal 6.735365e-01 5.007073e-01 -5.437286e-01
    outer loop
      vertex   7.082709e+01 1.412010e+02 6.755494e+01
      vertex   7.074552e+01 1.399019e+02 6.625764e+01
      vertex   7.016267e+01 1.412010e+02 6.673190e+01
    endloop
  endfacet
  facet normal 5.997386e-01 4.978126e-01 -6.264952e-01
    outer loop
      vertex   7.016267e+01 1.412010e+02 6.673190e+01
      vertex   7.074552e+01 1.399019e+02 6.625764e+01
      vertex   6.994236e+01 1.399019e+02 6.548878e+01
    endloop
  endfacet
  facet normal 5.926533e-01 5.021477e-01 -6.297696e-01
    outer loop
      vertex   7.016267e+01 1.412010e+02 6.673190e+01
      vertex   6.994236e+01 1.399019e+02 6.548878e+01
      vertex   6.939237e+01 1.412010e+02 6.600700e+01
    endloop
  endfacet
  facet normal 5.132612e-01 4.965511e-01 -7.000000e-01
    outer loop
      vertex   6.939237e+01 1.412010e+02 6.600700e+01
      vertex   6.994236e+01 1.399019e+02 6.548878e+01
      vertex   6.904571e+01 1.399019e+02 6.483133e+01
    endloop
  endfacet
  facet normal 5.009413e-01 5.034475e-01 -7.039875e-01
    outer loop
      vertex   6.939237e+01 1.412010e+02 6.600700e+01
      vertex   6.904571e+01 1.399019e+02 6.483133e+01
      vertex   6.853054e+01 1.412010e+02 6.539374e+01
    endloop
  endfacet
  facet normal 4.178146e-01 4.954129e-01 -7.615754e-01
    outer loop
      vertex   6.853054e+01 1.412010e+02 6.539374e+01
      vertex   6.904571e+01 1.399019e+02 6.483133e+01
      vertex   6.807092e+01 1.399019e+02 6.429654e+01
    endloop
  endfacet
  facet normal 4.001022e-01 5.046077e-01 -7.650420e-01
    outer loop
      vertex   6.853054e+01 1.412010e+02 6.539374e+01
      vertex   6.807092e+01 1.399019e+02 6.429654e+01
      vertex   6.759322e+01 1.412010e+02 6.490354e+01
    endloop
  endfacet
  facet normal 3.150439e-01 4.943989e-01 -8.101340e-01
    outer loop
      vertex   6.759322e+01 1.412010e+02 6.490354e+01
      vertex   6.807092e+01 1.399019e+02 6.429654e+01
      vertex   6.703466e+01 1.399019e+02 6.389357e+01
    endloop
  endfacet
  facet normal 2.920000e-01 5.056293e-01 -8.118344e-01
    outer loop
      vertex   6.759322e+01 1.412010e+02 6.490354e+01
      vertex   6.703466e+01 1.399019e+02 6.389357e+01
      vertex   6.659789e+01 1.412010e+02 6.454554e+01
    endloop
  endfacet
  facet normal 2.067250e-01 4.935100e-01 -8.448152e-01
    outer loop
      vertex   6.659789e+01 1.412010e+02 6.454554e+01
      vertex   6.703466e+01 1.399019e+02 6.389357e+01
      vertex   6.595467e+01 1.399019e+02 6.362929e+01
    endloop
  endfacet
  facet normal 1.786281e-01 5.065129e-01 -8.435263e-01
    outer loop
      vertex   6.659789e+01 1.412010e+02 6.454554e+01
      vertex   6.595467e+01 1.399019e+02 6.362929e+01
      vertex   6.556308e+01 1.412010e+02 6.432640e+01
    endloop
  endfacet
  facet normal 9.473299e-02 4.927467e-01 -8.650008e-01
    outer loop
      vertex   6.556308e+01 1.412010e+02 6.432640e+01
      vertex   6.595467e+01 1.399019e+02 6.362929e+01
      vertex   6.484943e+01 1.399019e+02 6.350825e+01
    endloop
  endfacet
  facet normal 6.207262e-02 5.072595e-01 -8.595550e-01
    outer loop
      vertex   6.556308e+01 1.412010e+02 6.432640e+01
      vertex   6.484943e+01 1.399019e+02 6.350825e+01
      vertex   6.450807e+01 1.412010e+02 6.425022e+01
    endloop
  endfacet
  facet normal -1.899058e-02 4.921098e-01 -8.703260e-01
    outer loop
      vertex   6.450807e+01 1.412010e+02 6.425022e+01
      vertex   6.484943e+01 1.399019e+02 6.350825e+01
      vertex   6.373784e+01 1.399019e+02 6.353251e+01
    endloop
  endfacet
  facet normal -5.552509e-02 5.078695e-01 -8.596427e-01
    outer loop
      vertex   6.450807e+01 1.412010e+02 6.425022e+01
      vertex   6.373784e+01 1.399019e+02 6.353251e+01
      vertex   6.345251e+01 1.412010e+02 6.431840e+01
    endloop
  endfacet
  facet normal -1.324723e-01 4.915996e-01 -8.606863e-01
    outer loop
      vertex   6.345251e+01 1.412010e+02 6.431840e+01
      vertex   6.373784e+01 1.399019e+02 6.353251e+01
      vertex   6.263893e+01 1.399019e+02 6.370164e+01
    endloop
  endfacet
  facet normal -1.720068e-01 5.083434e-01 -8.438013e-01
    outer loop
      vertex   6.345251e+01 1.412010e+02 6.431840e+01
      vertex   6.263893e+01 1.399019e+02 6.370164e+01
      vertex   6.241607e+01 1.412010e+02 6.452967e+01
    endloop
  endfacet
  facet normal -2.437415e-01 4.912167e-01 -8.362393e-01
    outer loop
      vertex   6.241607e+01 1.412010e+02 6.452967e+01
      vertex   6.263893e+01 1.399019e+02 6.370164e+01
      vertex   6.157149e+01 1.399019e+02 6.401277e+01
    endloop
  endfacet
  facet normal -2.852361e-01 5.086816e-01 -8.123320e-01
    outer loop
      vertex   6.241607e+01 1.412010e+02 6.452967e+01
      vertex   6.157149e+01 1.399019e+02 6.401277e+01
      vertex   6.141805e+01 1.412010e+02 6.488011e+01
    endloop
  endfacet
  facet normal -3.508654e-01 4.909612e-01 -7.974024e-01
    outer loop
      vertex   6.141805e+01 1.412010e+02 6.488011e+01
      vertex   6.157149e+01 1.399019e+02 6.401277e+01
      vertex   6.055380e+01 1.399019e+02 6.446057e+01
    endloop
  endfacet
  facet normal -3.931372e-01 5.088845e-01 -7.658197e-01
    outer loop
      vertex   6.141805e+01 1.412010e+02 6.488011e+01
      vertex   6.055380e+01 1.399019e+02 6.446057e+01
      vertex   6.047704e+01 1.412010e+02 6.536318e+01
    endloop
  endfacet
  facet normal -4.519830e-01 4.908334e-01 -7.448449e-01
    outer loop
      vertex   6.047704e+01 1.412010e+02 6.536318e+01
      vertex   6.055380e+01 1.399019e+02 6.446057e+01
      vertex   5.960327e+01 1.399019e+02 6.503737e+01
    endloop
  endfacet
  facet normal -4.937316e-01 5.089521e-01 -7.051219e-01
    outer loop
      vertex   6.047704e+01 1.412010e+02 6.536318e+01
      vertex   5.960327e+01 1.399019e+02 6.503737e+01
      vertex   5.961058e+01 1.412010e+02 6.596988e+01
    endloop
  endfacet
  facet normal -5.453380e-01 4.908334e-01 -6.794770e-01
    outer loop
      vertex   5.961058e+01 1.412010e+02 6.596988e+01
      vertex   5.960327e+01 1.399019e+02 6.503737e+01
      vertex   5.873615e+01 1.399019e+02 6.573330e+01
    endloop
  endfacet
  facet normal -5.851742e-01 5.088845e-01 -6.313538e-01
    outer loop
      vertex   5.961058e+01 1.412010e+02 6.596988e+01
      vertex   5.873615e+01 1.399019e+02 6.573330e+01
      vertex   5.883480e+01 1.412010e+02 6.668892e+01
    endloop
  endfacet
  facet normal -6.293101e-01 4.909612e-01 -6.024333e-01
    outer loop
      vertex   5.883480e+01 1.412010e+02 6.668892e+01
      vertex   5.873615e+01 1.399019e+02 6.573330e+01
      vertex   5.796729e+01 1.399019e+02 6.653647e+01
    endloop
  endfacet
  facet normal -6.657859e-01 5.086816e-01 -5.458682e-01
    outer loop
      vertex   5.883480e+01 1.412010e+02 6.668892e+01
      vertex   5.796729e+01 1.399019e+02 6.653647e+01
      vertex   5.816415e+01 1.412010e+02 6.750690e+01
    endloop
  endfacet
  facet normal -7.024434e-01 4.912167e-01 -5.150528e-01
    outer loop
      vertex   5.816415e+01 1.412010e+02 6.750690e+01
      vertex   5.796729e+01 1.399019e+02 6.653647e+01
      vertex   5.730984e+01 1.399019e+02 6.743311e+01
    endloop
  endfacet
  facet normal -7.340841e-01 5.083434e-01 -4.502305e-01
    outer loop
      vertex   5.816415e+01 1.412010e+02 6.750690e+01
      vertex   5.730984e+01 1.399019e+02 6.743311e+01
      vertex   5.761113e+01 1.412010e+02 6.840857e+01
    endloop
  endfacet
  facet normal -7.634724e-01 4.915996e-01 -4.188553e-01
    outer loop
      vertex   5.761113e+01 1.412010e+02 6.840857e+01
      vertex   5.730984e+01 1.399019e+02 6.743311e+01
      vertex   5.677505e+01 1.399019e+02 6.840791e+01
    endloop
  endfacet
  facet normal -7.888092e-01 5.078695e-01 -3.461916e-01
    outer loop
      vertex   5.761113e+01 1.412010e+02 6.840857e+01
      vertex   5.677505e+01 1.399019e+02 6.840791e+01
      vertex   5.718604e+01 1.412010e+02 6.937716e+01
    endloop
  endfacet
  facet normal -8.113437e-01 4.921098e-01 -3.155143e-01
    outer loop
      vertex   5.718604e+01 1.412010e+02 6.937716e+01
      vertex   5.677505e+01 1.399019e+02 6.840791e+01
      vertex   5.637207e+01 1.399019e+02 6.944416e+01
    endloop
  endfacet
  facet normal -8.289476e-01 5.072595e-01 -2.356559e-01
    outer loop
      vertex   5.718604e+01 1.412010e+02 6.937716e+01
      vertex   5.637207e+01 1.399019e+02 6.944416e+01
      vertex   5.689680e+01 1.412010e+02 7.039460e+01
    endloop
  endfacet
  facet normal -8.452354e-01 4.927467e-01 -2.068278e-01
    outer loop
      vertex   5.689680e+01 1.412010e+02 7.039460e+01
      vertex   5.637207e+01 1.399019e+02 6.944416e+01
      vertex   5.610780e+01 1.399019e+02 7.052415e+01
    endloop
  endfacet
  facet normal -8.537499e-01 5.065129e-01 -1.206474e-01
    outer loop
      vertex   5.689680e+01 1.412010e+02 7.039460e+01
      vertex   5.610780e+01 1.399019e+02 7.052415e+01
      vertex   5.674879e+01 1.412010e+02 7.144195e+01
    endloop
  endfacet
  facet normal -8.645707e-01 4.935100e-01 -9.468589e-02
    outer loop
      vertex   5.674879e+01 1.412010e+02 7.144195e+01
      vertex   5.610780e+01 1.399019e+02 7.052415e+01
      vertex   5.598676e+01 1.399019e+02 7.162940e+01
    endloop
  endfacet
  facet normal -8.627446e-01 5.056293e-01 -3.273436e-03
    outer loop
      vertex   5.674879e+01 1.412010e+02 7.144195e+01
      vertex   5.598676e+01 1.399019e+02 7.162940e+01
      vertex   5.674478e+01 1.412010e+02 7.249970e+01
    endloop
  endfacet
  facet normal -8.690283e-01 4.943989e-01 1.896226e-02
    outer loop
      vertex   5.674478e+01 1.412010e+02 7.249970e+01
      vertex   5.598676e+01 1.399019e+02 7.162940e+01
      vertex   5.601101e+01 1.399019e+02 7.274098e+01
    endloop
  endfacet
  facet normal -8.557473e-01 5.046077e-01 1.143133e-01
    outer loop
      vertex   5.674478e+01 1.412010e+02 7.249970e+01
      vertex   5.601101e+01 1.399019e+02 7.274098e+01
      vertex   5.688484e+01 1.412010e+02 7.354814e+01
    endloop
  endfacet
  facet normal -8.585478e-01 4.954129e-01 1.321431e-01
    outer loop
      vertex   5.688484e+01 1.412010e+02 7.354814e+01
      vertex   5.601101e+01 1.399019e+02 7.274098e+01
      vertex   5.618015e+01 1.399019e+02 7.383990e+01
    endloop
  endfacet
  facet normal -8.328639e-01 5.034475e-01 2.299530e-01
    outer loop
      vertex   5.688484e+01 1.412010e+02 7.354814e+01
      vertex   5.618015e+01 1.399019e+02 7.383990e+01
      vertex   5.716635e+01 1.412010e+02 7.456775e+01
    endloop
  endfacet
  facet normal -8.333305e-01 4.965511e-01 2.428937e-01
    outer loop
      vertex   5.716635e+01 1.412010e+02 7.456775e+01
      vertex   5.618015e+01 1.399019e+02 7.383990e+01
      vertex   5.649128e+01 1.399019e+02 7.490733e+01
    endloop
  endfacet
  facet normal -7.944892e-01 5.021477e-01 3.415181e-01
    outer loop
      vertex   5.716635e+01 1.412010e+02 7.456775e+01
      vertex   5.649128e+01 1.399019e+02 7.490733e+01
      vertex   5.758408e+01 1.412010e+02 7.553953e+01
    endloop
  endfacet
  facet normal -7.938356e-01 4.978126e-01 3.492960e-01
    outer loop
      vertex   5.758408e+01 1.412010e+02 7.553953e+01
      vertex   5.649128e+01 1.399019e+02 7.490733e+01
      vertex   5.693907e+01 1.399019e+02 7.592502e+01
    endloop
  endfacet
  facet normal -7.413008e-01 5.007073e-01 4.469511e-01
    outer loop
      vertex   5.758408e+01 1.412010e+02 7.553953e+01
      vertex   5.693907e+01 1.399019e+02 7.592502e+01
      vertex   5.813024e+01 1.412010e+02 7.644538e+01
    endloop
  endfacet
  facet normal -6.735365e-01 -5.007073e-01 5.437286e-01
    outer loop
      vertex   5.879466e+01 1.412010e+02 7.726842e+01
      vertex   5.821181e+01 1.425000e+02 7.774268e+01
      vertex   5.813024e+01 1.412010e+02 7.644538e+01
    endloop
  endfacet
  facet normal -6.757612e-01 -4.991965e-01 5.423557e-01
    outer loop
      vertex   5.813024e+01 1.412010e+02 7.644538e+01
      vertex   5.821181e+01 1.425000e+02 7.774268e+01
      vertex   5.751587e+01 1.425000e+02 7.687556e+01
    endloop
  endfacet
  facet normal -7.407716e-01 -4.991965e-01 4.495112e-01
    outer loop
      vertex   5.813024e+01 1.412010e+02 7.644538e+01
      vertex   5.751587e+01 1.425000e+02 7.687556e+01
      vertex   5.693907e+01 1.425000e+02 7.592502e+01
    endloop
  endfacet
  facet normal -5.997386e-01 -4.978126e-01 6.264952e-01
    outer loop
      vertex   5.821181e+01 1.425000e+02 7.774268e+01
      vertex   5.879466e+01 1.412010e+02 7.726842e+01
      vertex   5.901497e+01 1.425000e+02 7.851154e+01
    endloop
  endfacet
  facet normal -5.926533e-01 -5.021477e-01 6.297696e-01
    outer loop
      vertex   5.901497e+01 1.425000e+02 7.851154e+01
      vertex   5.879466e+01 1.412010e+02 7.726842e+01
      vertex   5.956496e+01 1.412010e+02 7.799332e+01
    endloop
  endfacet
  facet normal -5.132612e-01 -4.965511e-01 7.000000e-01
    outer loop
      vertex   5.901497e+01 1.425000e+02 7.851154e+01
      vertex   5.956496e+01 1.412010e+02 7.799332e+01
      vertex   5.991162e+01 1.425000e+02 7.916899e+01
    endloop
  endfacet
  facet normal -5.009413e-01 -5.034475e-01 7.039875e-01
    outer loop
      vertex   5.991162e+01 1.425000e+02 7.916899e+01
      vertex   5.956496e+01 1.412010e+02 7.799332e+01
      vertex   6.042679e+01 1.412010e+02 7.860659e+01
    endloop
  endfacet
  facet normal -4.178146e-01 -4.954129e-01 7.615754e-01
    outer loop
      vertex   5.991162e+01 1.425000e+02 7.916899e+01
      vertex   6.042679e+01 1.412010e+02 7.860659e+01
      vertex   6.088641e+01 1.425000e+02 7.970378e+01
    endloop
  endfacet
  facet normal -4.001022e-01 -5.046077e-01 7.650420e-01
    outer loop
      vertex   6.088641e+01 1.425000e+02 7.970378e+01
      vertex   6.042679e+01 1.412010e+02 7.860659e+01
      vertex   6.136411e+01 1.412010e+02 7.909678e+01
    endloop
  endfacet
  facet normal -3.150439e-01 -4.943989e-01 8.101340e-01
    outer loop
      vertex   6.088641e+01 1.425000e+02 7.970378e+01
      vertex   6.136411e+01 1.412010e+02 7.909678e+01
      vertex   6.192267e+01 1.425000e+02 8.010675e+01
    endloop
  endfacet
  facet normal -2.920000e-01 -5.056293e-01 8.118344e-01
    outer loop
      vertex   6.192267e+01 1.425000e+02 8.010675e+01
      vertex   6.136411e+01 1.412010e+02 7.909678e+01
      vertex   6.235944e+01 1.412010e+02 7.945478e+01
    endloop
  endfacet
  facet normal -2.067250e-01 -4.935100e-01 8.448152e-01
    outer loop
      vertex   6.192267e+01 1.425000e+02 8.010675e+01
      vertex   6.235944e+01 1.412010e+02 7.945478e+01
      vertex   6.300266e+01 1.425000e+02 8.037103e+01
    endloop
  endfacet
  facet normal -1.786281e-01 -5.065129e-01 8.435263e-01
    outer loop
      vertex   6.300266e+01 1.425000e+02 8.037103e+01
      vertex   6.235944e+01 1.412010e+02 7.945478e+01
      vertex   6.339425e+01 1.412010e+02 7.967392e+01
    endloop
  endfacet
  facet normal -9.473299e-02 -4.927467e-01 8.650008e-01
    outer loop
      vertex   6.300266e+01 1.425000e+02 8.037103e+01
      vertex   6.339425e+01 1.412010e+02 7.967392e+01
      vertex   6.410790e+01 1.425000e+02 8.049207e+01
    endloop
  endfacet
  facet normal -6.207262e-02 -5.072595e-01 8.595550e-01
    outer loop
      vertex   6.410790e+01 1.425000e+02 8.049207e+01
      vertex   6.339425e+01 1.412010e+02 7.967392e+01
      vertex   6.444926e+01 1.412010e+02 7.975010e+01
    endloop
  endfacet
  facet normal 1.899058e-02 -4.921098e-01 8.703260e-01
    outer loop
      vertex   6.410790e+01 1.425000e+02 8.049207e+01
      vertex   6.444926e+01 1.412010e+02 7.975010e+01
      vertex   6.521949e+01 1.425000e+02 8.046782e+01
    endloop
  endfacet
  facet normal 5.552509e-02 -5.078695e-01 8.596427e-01
    outer loop
      vertex   6.521949e+01 1.425000e+02 8.046782e+01
      vertex   6.444926e+01 1.412010e+02 7.975010e+01
      vertex   6.550482e+01 1.412010e+02 7.968193e+01
    endloop
  endfacet
  facet normal 1.324723e-01 -4.915996e-01 8.606863e-01
    outer loop
      vertex   6.521949e+01 1.425000e+02 8.046782e+01
      vertex   6.550482e+01 1.412010e+02 7.968193e+01
      vertex   6.631840e+01 1.425000e+02 8.029868e+01
    endloop
  endfacet
  facet normal 1.720068e-01 -5.083434e-01 8.438013e-01
    outer loop
      vertex   6.631840e+01 1.425000e+02 8.029868e+01
      vertex   6.550482e+01 1.412010e+02 7.968193e+01
      vertex   6.654126e+01 1.412010e+02 7.947065e+01
    endloop
  endfacet
  facet normal 2.437415e-01 -4.912167e-01 8.362393e-01
    outer loop
      vertex   6.631840e+01 1.425000e+02 8.029868e+01
      vertex   6.654126e+01 1.412010e+02 7.947065e+01
      vertex   6.738584e+01 1.425000e+02 7.998755e+01
    endloop
  endfacet
  facet normal 2.852361e-01 -5.086816e-01 8.123320e-01
    outer loop
      vertex   6.738584e+01 1.425000e+02 7.998755e+01
      vertex   6.654126e+01 1.412010e+02 7.947065e+01
      vertex   6.753928e+01 1.412010e+02 7.912021e+01
    endloop
  endfacet
  facet normal 3.508654e-01 -4.909612e-01 7.974024e-01
    outer loop
      vertex   6.738584e+01 1.425000e+02 7.998755e+01
      vertex   6.753928e+01 1.412010e+02 7.912021e+01
      vertex   6.840353e+01 1.425000e+02 7.953975e+01
    endloop
  endfacet
  facet normal 3.931372e-01 -5.088845e-01 7.658197e-01
    outer loop
      vertex   6.840353e+01 1.425000e+02 7.953975e+01
      vertex   6.753928e+01 1.412010e+02 7.912021e+01
      vertex   6.848029e+01 1.412010e+02 7.863714e+01
    endloop
  endfacet
  facet normal 4.519830e-01 -4.908334e-01 7.448449e-01
    outer loop
      vertex   6.840353e+01 1.425000e+02 7.953975e+01
      vertex   6.848029e+01 1.412010e+02 7.863714e+01
      vertex   6.935406e+01 1.425000e+02 7.896295e+01
    endloop
  endfacet
  facet normal 4.937316e-01 -5.089521e-01 7.051219e-01
    outer loop
      vertex   6.935406e+01 1.425000e+02 7.896295e+01
      vertex   6.848029e+01 1.412010e+02 7.863714e+01
      vertex   6.934675e+01 1.412010e+02 7.803044e+01
    endloop
  endfacet
  facet normal 5.453380e-01 -4.908334e-01 6.794770e-01
    outer loop
      vertex   6.935406e+01 1.425000e+02 7.896295e+01
      vertex   6.934675e+01 1.412010e+02 7.803044e+01
      vertex   7.022118e+01 1.425000e+02 7.826702e+01
    endloop
  endfacet
  facet normal 5.851742e-01 -5.088845e-01 6.313538e-01
    outer loop
      vertex   7.022118e+01 1.425000e+02 7.826702e+01
      vertex   6.934675e+01 1.412010e+02 7.803044e+01
      vertex   7.012253e+01 1.412010e+02 7.731140e+01
    endloop
  endfacet
  facet normal 6.293101e-01 -4.909612e-01 6.024333e-01
    outer loop
      vertex   7.022118e+01 1.425000e+02 7.826702e+01
      vertex   7.012253e+01 1.412010e+02 7.731140e+01
      vertex   7.099004e+01 1.425000e+02 7.746386e+01
    endloop
  endfacet
  facet normal 6.657859e-01 -5.086816e-01 5.458682e-01
    outer loop
      vertex   7.099004e+01 1.425000e+02 7.746386e+01
      vertex   7.012253e+01 1.412010e+02 7.731140e+01
      vertex   7.079318e+01 1.412010e+02 7.649342e+01
    endloop
  endfacet
  facet normal 7.024434e-01 -4.912167e-01 5.150528e-01
    outer loop
      vertex   7.099004e+01 1.425000e+02 7.746386e+01
      vertex   7.079318e+01 1.412010e+02 7.649342e+01
      vertex   7.164749e+01 1.425000e+02 7.656721e+01
    endloop
  endfacet
  facet normal 7.340841e-01 -5.083434e-01 4.502305e-01
    outer loop
      vertex   7.164749e+01 1.425000e+02 7.656721e+01
      vertex   7.079318e+01 1.412010e+02 7.649342e+01
      vertex   7.134620e+01 1.412010e+02 7.559175e+01
    endloop
  endfacet
  facet normal 7.634724e-01 -4.915996e-01 4.188553e-01
    outer loop
      vertex   7.164749e+01 1.425000e+02 7.656721e+01
      vertex   7.134620e+01 1.412010e+02 7.559175e+01
      vertex   7.218228e+01 1.425000e+02 7.559242e+01
    endloop
  endfacet
  facet normal 7.888092e-01 -5.078695e-01 3.461916e-01
    outer loop
      vertex   7.218228e+01 1.425000e+02 7.559242e+01
      vertex   7.134620e+01 1.412010e+02 7.559175e+01
      vertex   7.177129e+01 1.412010e+02 7.462317e+01
    endloop
  endfacet
  facet normal 8.113437e-01 -4.921098e-01 3.155143e-01
    outer loop
      vertex   7.218228e+01 1.425000e+02 7.559242e+01
      vertex   7.177129e+01 1.412010e+02 7.462317e+01
      vertex   7.258526e+01 1.425000e+02 7.455616e+01
    endloop
  endfacet
  facet normal 8.289476e-01 -5.072595e-01 2.356559e-01
    outer loop
      vertex   7.258526e+01 1.425000e+02 7.455616e+01
      vertex   7.177129e+01 1.412010e+02 7.462317e+01
      vertex   7.206053e+01 1.412010e+02 7.360572e+01
    endloop
  endfacet
  facet normal 8.452354e-01 -4.927467e-01 2.068278e-01
    outer loop
      vertex   7.258526e+01 1.425000e+02 7.455616e+01
      vertex   7.206053e+01 1.412010e+02 7.360572e+01
      vertex   7.284953e+01 1.425000e+02 7.347617e+01
    endloop
  endfacet
  facet normal 8.537499e-01 -5.065129e-01 1.206474e-01
    outer loop
      vertex   7.284953e+01 1.425000e+02 7.347617e+01
      vertex   7.206053e+01 1.412010e+02 7.360572e+01
      vertex   7.220854e+01 1.412010e+02 7.255837e+01
    endloop
  endfacet
  facet normal 8.645707e-01 -4.935100e-01 9.468589e-02
    outer loop
      vertex   7.284953e+01 1.425000e+02 7.347617e+01
      vertex   7.220854e+01 1.412010e+02 7.255837e+01
      vertex   7.297058e+01 1.425000e+02 7.237093e+01
    endloop
  endfacet
  facet normal 8.627446e-01 -5.056293e-01 3.273436e-03
    outer loop
      vertex   7.297058e+01 1.425000e+02 7.237093e+01
      vertex   7.220854e+01 1.412010e+02 7.255837e+01
      vertex   7.221255e+01 1.412010e+02 7.150062e+01
    endloop
  endfacet
  facet normal 8.690283e-01 -4.943989e-01 -1.896226e-02
    outer loop
      vertex   7.297058e+01 1.425000e+02 7.237093e+01
      vertex   7.221255e+01 1.412010e+02 7.150062e+01
      vertex   7.294632e+01 1.425000e+02 7.125934e+01
    endloop
  endfacet
  facet normal 8.557473e-01 -5.046077e-01 -1.143133e-01
    outer loop
      vertex   7.294632e+01 1.425000e+02 7.125934e+01
      vertex   7.221255e+01 1.412010e+02 7.150062e+01
      vertex   7.207249e+01 1.412010e+02 7.045218e+01
    endloop
  endfacet
  facet normal 8.585478e-01 -4.954129e-01 -1.321431e-01
    outer loop
      vertex   7.294632e+01 1.425000e+02 7.125934e+01
      vertex   7.207249e+01 1.412010e+02 7.045218e+01
      vertex   7.277718e+01 1.425000e+02 7.016042e+01
    endloop
  endfacet
  facet normal 8.328639e-01 -5.034475e-01 -2.299530e-01
    outer loop
      vertex   7.277718e+01 1.425000e+02 7.016042e+01
      vertex   7.207249e+01 1.412010e+02 7.045218e+01
      vertex   7.179098e+01 1.412010e+02 6.943257e+01
    endloop
  endfacet
  facet normal 8.333305e-01 -4.965511e-01 -2.428937e-01
    outer loop
      vertex   7.277718e+01 1.425000e+02 7.016042e+01
      vertex   7.179098e+01 1.412010e+02 6.943257e+01
      vertex   7.246605e+01 1.425000e+02 6.909299e+01
    endloop
  endfacet
  facet normal 7.944892e-01 -5.021477e-01 -3.415181e-01
    outer loop
      vertex   7.246605e+01 1.425000e+02 6.909299e+01
      vertex   7.179098e+01 1.412010e+02 6.943257e+01
      vertex   7.137325e+01 1.412010e+02 6.846079e+01
    endloop
  endfacet
  facet normal 7.938356e-01 -4.978126e-01 -3.492960e-01
    outer loop
      vertex   7.246605e+01 1.425000e+02 6.909299e+01
      vertex   7.137325e+01 1.412010e+02 6.846079e+01
      vertex   7.201826e+01 1.425000e+02 6.807530e+01
    endloop
  endfacet
  facet normal 7.413008e-01 -5.007073e-01 -4.469511e-01
    outer loop
      vertex   7.201826e+01 1.425000e+02 6.807530e+01
      vertex   7.137325e+01 1.412010e+02 6.846079e+01
      vertex   7.082709e+01 1.412010e+02 6.755494e+01
    endloop
  endfacet
  facet normal 7.407716e-01 -4.991965e-01 -4.495112e-01
    outer loop
      vertex   7.201826e+01 1.425000e+02 6.807530e+01
      vertex   7.082709e+01 1.412010e+02 6.755494e+01
      vertex   7.144146e+01 1.425000e+02 6.712476e+01
    endloop
  endfacet
  facet normal 6.757612e-01 -4.991965e-01 -5.423557e-01
    outer loop
      vertex   7.144146e+01 1.425000e+02 6.712476e+01
      vertex   7.082709e+01 1.412010e+02 6.755494e+01
      vertex   7.074552e+01 1.425000e+02 6.625764e+01
    endloop
  endfacet
  facet normal 6.735365e-01 -5.007073e-01 -5.437286e-01
    outer loop
      vertex   7.074552e+01 1.425000e+02 6.625764e+01
      vertex   7.082709e+01 1.412010e+02 6.755494e+01
      vertex   7.016267e+01 1.412010e+02 6.673190e+01
    endloop
  endfacet
  facet normal 5.997386e-01 -4.978126e-01 -6.264952e-01
    outer loop
      vertex   7.074552e+01 1.425000e+02 6.625764e+01
      vertex   7.016267e+01 1.412010e+02 6.673190e+01
      vertex   6.994236e+01 1.425000e+02 6.548878e+01
    endloop
  endfacet
  facet normal 5.926533e-01 -5.021477e-01 -6.297696e-01
    outer loop
      vertex   6.994236e+01 1.425000e+02 6.548878e+01
      vertex   7.016267e+01 1.412010e+02 6.673190e+01
      vertex   6.939237e+01 1.412010e+02 6.600700e+01
    endloop
  endfacet
  facet normal 5.132612e-01 -4.965511e-01 -7.000000e-01
    outer loop
      vertex   6.994236e+01 1.425000e+02 6.548878e+01
      vertex   6.939237e+01 1.412010e+02 6.600700e+01
      vertex   6.904571e+01 1.425000e+02 6.483133e+01
    endloop
  endfacet
  facet normal 5.009413e-01 -5.034475e-01 -7.039875e-01
    outer loop
      vertex   6.904571e+01 1.425000e+02 6.483133e+01
      vertex   6.939237e+01 1.412010e+02 6.600700e+01
      vertex   6.853054e+01 1.412010e+02 6.539374e+01
    endloop
  endfacet
  facet normal 4.178146e-01 -4.954129e-01 -7.615754e-01
    outer loop
      vertex   6.904571e+01 1.425000e+02 6.483133e+01
      vertex   6.853054e+01 1.412010e+02 6.539374e+01
      vertex   6.807092e+01 1.425000e+02 6.429654e+01
    endloop
  endfacet
  facet normal 4.001022e-01 -5.046077e-01 -7.650420e-01
    outer loop
      vertex   6.807092e+01 1.425000e+02 6.429654e+01
      vertex   6.853054e+01 1.412010e+02 6.539374e+01
      vertex   6.759322e+01 1.412010e+02 6.490354e+01
    endloop
  endfacet
  facet normal 3.150439e-01 -4.943989e-01 -8.101340e-01
    outer loop
      vertex   6.807092e+01 1.425000e+02 6.429654e+01
      vertex   6.759322e+01 1.412010e+02 6.490354e+01
      vertex   6.703466e+01 1.425000e+02 6.389357e+01
    endloop
  endfacet
  facet normal 2.920000e-01 -5.056293e-01 -8.118344e-01
    outer loop
      vertex   6.703466e+01 1.425000e+02 6.389357e+01
      vertex   6.759322e+01 1.412010e+02 6.490354e+01
      vertex   6.659789e+01 1.412010e+02 6.454554e+01
    endloop
  endfacet
  facet normal 2.067250e-01 -4.935100e-01 -8.448152e-01
    outer loop
      vertex   6.703466e+01 1.425000e+02 6.389357e+01
      vertex   6.659789e+01 1.412010e+02 6.454554e+01
      vertex   6.595467e+01 1.425000e+02 6.362929e+01
    endloop
  endfacet
  facet normal 1.786281e-01 -5.065129e-01 -8.435263e-01
    outer loop
      vertex   6.595467e+01 1.425000e+02 6.362929e+01
      vertex   6.659789e+01 1.412010e+02 6.454554e+01
      vertex   6.556308e+01 1.412010e+02 6.432640e+01
    endloop
  endfacet
  facet normal 9.473299e-02 -4.927467e-01 -8.650008e-01
    outer loop
      vertex   6.595467e+01 1.425000e+02 6.362929e+01
      vertex   6.556308e+01 1.412010e+02 6.432640e+01
      vertex   6.484943e+01 1.425000e+02 6.350825e+01
    endloop
  endfacet
  facet normal 6.207262e-02 -5.072595e-01 -8.595550e-01
    outer loop
      vertex   6.484943e+01 1.425000e+02 6.350825e+01
      vertex   6.556308e+01 1.412010e+02 6.432640e+01
      vertex   6.450807e+01 1.412010e+02 6.425022e+01
    endloop
  endfacet
  facet normal -1.899058e-02 -4.921098e-01 -8.703260e-01
    outer loop
      vertex   6.484943e+01 1.425000e+02 6.350825e+01
      vertex   6.450807e+01 1.412010e+02 6.425022e+01
      vertex   6.373784e+01 1.425000e+02 6.353251e+01
    endloop
  endfacet
  facet normal -5.552509e-02 -5.078695e-01 -8.596427e-01
    outer loop
      vertex   6.373784e+01 1.425000e+02 6.353251e+01
      vertex   6.450807e+01 1.412010e+02 6.425022e+01
      vertex   6.345251e+01 1.412010e+02 6.431840e+01
    endloop
  endfacet
  facet normal -1.324723e-01 -4.915996e-01 -8.606863e-01
    outer loop
      vertex   6.373784e+01 1.425000e+02 6.353251e+01
      vertex   6.345251e+01 1.412010e+02 6.431840e+01
      vertex   6.263893e+01 1.425000e+02 6.370164e+01
    endloop
  endfacet
  facet normal -1.720068e-01 -5.083434e-01 -8.438013e-01
    outer loop
      vertex   6.263893e+01 1.425000e+02 6.370164e+01
      vertex   6.345251e+01 1.412010e+02 6.431840e+01
      vertex   6.241607e+01 1.412010e+02 6.452967e+01
    endloop
  endfacet
  facet normal -2.437415e-01 -4.912167e-01 -8.362393e-01
    outer loop
      vertex   6.263893e+01 1.425000e+02 6.370164e+01
      vertex   6.241607e+01 1.412010e+02 6.452967e+01
      vertex   6.157149e+01 1.425000e+02 6.401277e+01
    endloop
  endfacet
  facet normal -2.852361e-01 -5.086816e-01 -8.123320e-01
    outer loop
      vertex   6.157149e+01 1.425000e+02 6.401277e+01
      vertex   6.241607e+01 1.412010e+02 6.452967e+01
      vertex   6.141805e+01 1.412010e+02 6.488011e+01
    endloop
  endfacet
  facet normal -3.508654e-01 -4.909612e-01 -7.974024e-01
    outer loop
      vertex   6.157149e+01 1.425000e+02 6.401277e+01
      vertex   6.141805e+01 1.412010e+02 6.488011e+01
      vertex   6.055380e+01 1.425000e+02 6.446057e+01
    endloop
  endfacet
  facet normal -3.931372e-01 -5.088845e-01 -7.658197e-01
    outer loop
      vertex   6.055380e+01 1.425000e+02 6.446057e+01
      vertex   6.141805e+01 1.412010e+02 6.488011e+01
      vertex   6.047704e+01 1.412010e+02 6.536318e+01
    endloop
  endfacet
  facet normal -4.519830e-01 -4.908334e-01 -7.448449e-01
    outer loop
      vertex   6.055380e+01 1.425000e+02 6.446057e+01
      vertex   6.047704e+01 1.412010e+02 6.536318e+01
      vertex   5.960327e+01 1.425000e+02 6.503737e+01
    endloop
  endfacet
  facet normal -4.937316e-01 -5.089521e-01 -7.051219e-01
    outer loop
      vertex   5.960327e+01 1.425000e+02 6.503737e+01
      vertex   6.047704e+01 1.412010e+02 6.536318e+01
      vertex   5.961058e+01 1.412010e+02 6.596988e+01
    endloop
  endfacet
  facet normal -5.453380e-01 -4.908334e-01 -6.794770e-01
    outer loop
      vertex   5.960327e+01 1.425000e+02 6.503737e+01
      vertex   5.961058e+01 1.412010e+02 6.596988e+01
      vertex   5.873615e+01 1.425000e+02 6.573330e+01
    endloop
  endfacet
  facet normal -5.851742e-01 -5.088845e-01 -6.313538e-01
    outer loop
      vertex   5.873615e+01 1.425000e+02 6.573330e+01
      vertex   5.961058e+01 1.412010e+02 6.596988e+01
      vertex   5.883480e+01 1.412010e+02 6.668892e+01
    endloop
  endfacet
  facet normal -6.293101e-01 -4.909612e-01 -6.024333e-01
    outer loop
      vertex   5.873615e+01 1.425000e+02 6.573330e+01
      vertex   5.883480e+01 1.412010e+02 6.668892e+01
      vertex   5.796729e+01 1.425000e+02 6.653647e+01
    endloop
  endfacet
  facet normal -6.657859e-01 -5.086816e-01 -5.458682e-01
    outer loop
      vertex   5.796729e+01 1.425000e+02 6.653647e+01
      vertex   5.883480e+01 1.412010e+02 6.668892e+01
      vertex   5.816415e+01 1.412010e+02 6.750690e+01
    endloop
  endfacet
  facet normal -7.024434e-01 -4.912167e-01 -5.150528e-01
    outer loop
      vertex   5.796729e+01 1.425000e+02 6.653647e+01
      vertex   5.816415e+01 1.412010e+02 6.750690e+01
      vertex   5.730984e+01 1.425000e+02 6.743311e+01
    endloop
  endfacet
  facet normal -7.340841e-01 -5.083434e-01 -4.502305e-01
    outer loop
      vertex   5.730984e+01 1.425000e+02 6.743311e+01
      vertex   5.816415e+01 1.412010e+02 6.750690e+01
      vertex   5.761113e+01 1.412010e+02 6.840857e+01
    endloop
  endfacet
  facet normal -7.634724e-01 -4.915996e-01 -4.188553e-01
    outer loop
      vertex   5.730984e+01 1.425000e+02 6.743311e+01
      vertex   5.761113e+01 1.412010e+02 6.840857e+01
      vertex   5.677505e+01 1.425000e+02 6.840791e+01
    endloop
  endfacet
  facet normal -7.888092e-01 -5.078695e-01 -3.461916e-01
    outer loop
      vertex   5.677505e+01 1.425000e+02 6.840791e+01
      vertex   5.761113e+01 1.412010e+02 6.840857e+01
      vertex   5.718604e+01 1.412010e+02 6.937716e+01
    endloop
  endfacet
  facet normal -8.113437e-01 -4.921098e-01 -3.155143e-01
    outer loop
      vertex   5.677505e+01 1.425000e+02 6.840791e+01
      vertex   5.718604e+01 1.412010e+02 6.937716e+01
      vertex   5.637207e+01 1.425000e+02 6.944416e+01
    endloop
  endfacet
  facet normal -8.289476e-01 -5.072595e-01 -2.356559e-01
    outer loop
      vertex   5.637207e+01 1.425000e+02 6.944416e+01
      vertex   5.718604e+01 1.412010e+02 6.937716e+01
      vertex   5.689680e+01 1.412010e+02 7.039460e+01
    endloop
  endfacet
  facet normal -8.452354e-01 -4.927467e-01 -2.068278e-01
    outer loop
      vertex   5.637207e+01 1.425000e+02 6.944416e+01
      vertex   5.689680e+01 1.412010e+02 7.039460e+01
      vertex   5.610780e+01 1.425000e+02 7.052415e+01
    endloop
  endfacet
  facet normal -8.537499e-01 -5.065129e-01 -1.206474e-01
    outer loop
      vertex   5.610780e+01 1.425000e+02 7.052415e+01
      vertex   5.689680e+01 1.412010e+02 7.039460e+01
      vertex   5.674879e+01 1.412010e+02 7.144195e+01
    endloop
  endfacet
  facet normal -8.645707e-01 -4.935100e-01 -9.468589e-02
    outer loop
      vertex   5.610780e+01 1.425000e+02 7.052415e+01
      vertex   5.674879e+01 1.412010e+02 7.144195e+01
      vertex   5.598676e+01 1.425000e+02 7.162940e+01
    endloop
  endfacet
  facet normal -8.627446e-01 -5.056293e-01 -3.273436e-03
    outer loop
      vertex   5.598676e+01 1.425000e+02 7.162940e+01
      vertex   5.674879e+01 1.412010e+02 7.144195e+01
      vertex   5.674478e+01 1.412010e+02 7.249970e+01
    endloop
  endfacet
  facet normal -8.690283e-01 -4.943989e-01 1.896226e-02
    outer loop
      vertex   5.598676e+01 1.425000e+02 7.162940e+01
      vertex   5.674478e+01 1.412010e+02 7.249970e+01
      vertex   5.601101e+01 1.425000e+02 7.274098e+01
    endloop
  endfacet
  facet normal -8.557473e-01 -5.046077e-01 1.143133e-01
    outer loop
      vertex   5.601101e+01 1.425000e+02 7.274098e+01
      vertex   5.674478e+01 1.412010e+02 7.249970e+01
      vertex   5.688484e+01 1.412010e+02 7.354814e+01
    endloop
  endfacet
  facet normal -8.585478e-01 -4.954129e-01 1.321431e-01
    outer loop
      vertex   5.601101e+01 1.425000e+02 7.274098e+01
      vertex   5.688484e+01 1.412010e+02 7.354814e+01
      vertex   5.618015e+01 1.425000e+02 7.383990e+01
    endloop
  endfacet
  facet normal -8.328639e-01 -5.034475e-01 2.299530e-01
    outer loop
      vertex   5.618015e+01 1.425000e+02 7.383990e+01
      vertex   5.688484e+01 1.412010e+02 7.354814e+01
      vertex   5.716635e+01 1.412010e+02 7.456775e+01
    endloop
  endfacet
  facet normal -8.333305e-01 -4.965511e-01 2.428937e-01
    outer loop
      vertex   5.618015e+01 1.425000e+02 7.383990e+01
      vertex   5.716635e+01 1.412010e+02 7.456775e+01
      vertex   5.649128e+01 1.425000e+02 7.490733e+01
    endloop
  endfacet
  facet normal -7.944892e-01 -5.021477e-01 3.415181e-01
    outer loop
      vertex   5.649128e+01 1.425000e+02 7.490733e+01
      vertex   5.716635e+01 1.412010e+02 7.456775e+01
      vertex   5.758408e+01 1.412010e+02 7.553953e+01
    endloop
  endfacet
  facet normal -7.938356e-01 -4.978126e-01 3.492960e-01
    outer loop
      vertex   5.649128e+01 1.425000e+02 7.490733e+01
      vertex   5.758408e+01 1.412010e+02 7.553953e+01
      vertex   5.693907e+01 1.425000e+02 7.592502e+01
    endloop
  endfacet
  facet normal -7.413008e-01 -5.007073e-01 4.469511e-01
    outer loop
      vertex   5.693907e+01 1.425000e+02 7.592502e+01
      vertex   5.758408e+01 1.412010e+02 7.553953e+01
      vertex   5.813024e+01 1.412010e+02 7.644538e+01
    endloop
  endfacet
  facet normal -7.798845e-01 0.000000e+00 6.259235e-01
    outer loop
      vertex   5.821181e+01 1.425000e+02 7.774268e+01
      vertex   5.821181e+01 1.575000e+02 7.774268e+01
      vertex   5.751587e+01 1.425000e+02 7.687556e+01
    endloop
  endfacet
  facet normal -7.798845e-01 0.000000e+00 6.259235e-01
    outer loop
      vertex   5.751587e+01 1.425000e+02 7.687556e+01
      vertex   5.821181e+01 1.575000e+02 7.774268e+01
      vertex   5.751587e+01 1.575000e+02 7.687556e+01
    endloop
  endfacet
  facet normal -8.549119e-01 0.000000e+00 5.187733e-01
    outer loop
      vertex   5.751587e+01 1.425000e+02 7.687556e+01
      vertex   5.751587e+01 1.575000e+02 7.687556e+01
      vertex   5.693907e+01 1.425000e+02 7.592502e+01
    endloop
  endfacet
  facet normal -8.549119e-01 0.000000e+00 5.187733e-01
    outer loop
      vertex   5.693907e+01 1.425000e+02 7.592502e+01
      vertex   5.751587e+01 1.575000e+02 7.687556e+01
      vertex   5.693907e+01 1.575000e+02 7.592502e+01
    endloop
  endfacet
  facet normal -9.153115e-01 0.000000e+00 4.027467e-01
    outer loop
      vertex   5.693907e+01 1.425000e+02 7.592502e+01
      vertex   5.693907e+01 1.575000e+02 7.592502e+01
      vertex   5.649128e+01 1.425000e+02 7.490733e+01
    endloop
  endfacet
  facet normal -9.153115e-01 0.000000e+00 4.027467e-01
    outer loop
      vertex   5.649128e+01 1.425000e+02 7.490733e+01
      vertex   5.693907e+01 1.575000e+02 7.592502e+01
      vertex   5.649128e+01 1.575000e+02 7.490733e+01
    endloop
  endfacet
  facet normal -9.600499e-01 0.000000e+00 2.798290e-01
    outer loop
      vertex   5.649128e+01 1.425000e+02 7.490733e+01
      vertex   5.649128e+01 1.575000e+02 7.490733e+01
      vertex   5.618015e+01 1.425000e+02 7.383990e+01
    endloop
  endfacet
  facet normal -9.600499e-01 0.000000e+00 2.798290e-01
    outer loop
      vertex   5.618015e+01 1.425000e+02 7.383990e+01
      vertex   5.649128e+01 1.575000e+02 7.490733e+01
      vertex   5.618015e+01 1.575000e+02 7.383990e+01
    endloop
  endfacet
  facet normal -9.883615e-01 0.000000e+00 1.521234e-01
    outer loop
      vertex   5.618015e+01 1.425000e+02 7.383990e+01
      vertex   5.618015e+01 1.575000e+02 7.383990e+01
      vertex   5.601101e+01 1.425000e+02 7.274098e+01
    endloop
  endfacet
  facet normal -9.883615e-01 0.000000e+00 1.521234e-01
    outer loop
      vertex   5.601101e+01 1.425000e+02 7.274098e+01
      vertex   5.618015e+01 1.575000e+02 7.383990e+01
      vertex   5.601101e+01 1.575000e+02 7.274098e+01
    endloop
  endfacet
  facet normal -9.997620e-01 0.000000e+00 2.181489e-02
    outer loop
      vertex   5.601101e+01 1.425000e+02 7.274098e+01
      vertex   5.601101e+01 1.575000e+02 7.274098e+01
      vertex   5.598676e+01 1.425000e+02 7.162940e+01
    endloop
  endfacet
  facet normal -9.997620e-01 0.000000e+00 2.181489e-02
    outer loop
      vertex   5.598676e+01 1.425000e+02 7.162940e+01
      vertex   5.601101e+01 1.575000e+02 7.274098e+01
      vertex   5.598676e+01 1.575000e+02 7.162940e+01
    endloop
  endfacet
  facet normal -9.940563e-01 0.000000e+00 -1.088669e-01
    outer loop
      vertex   5.598676e+01 1.425000e+02 7.162940e+01
      vertex   5.598676e+01 1.575000e+02 7.162940e+01
      vertex   5.610780e+01 1.425000e+02 7.052415e+01
    endloop
  endfacet
  facet normal -9.940563e-01 0.000000e+00 -1.088669e-01
    outer loop
      vertex   5.610780e+01 1.425000e+02 7.052415e+01
      vertex   5.598676e+01 1.575000e+02 7.162940e+01
      vertex   5.610780e+01 1.575000e+02 7.052415e+01
    endloop
  endfacet
  facet normal -9.713421e-01 0.000000e+00 -2.376859e-01
    outer loop
      vertex   5.610780e+01 1.425000e+02 7.052415e+01
      vertex   5.610780e+01 1.575000e+02 7.052415e+01
      vertex   5.637207e+01 1.425000e+02 6.944416e+01
    endloop
  endfacet
  facet normal -9.713421e-01 0.000000e+00 -2.376859e-01
    outer loop
      vertex   5.637207e+01 1.425000e+02 6.944416e+01
      vertex   5.610780e+01 1.575000e+02 7.052415e+01
      vertex   5.637207e+01 1.575000e+02 6.944416e+01
    endloop
  endfacet
  facet normal -9.320079e-01 0.000000e+00 -3.624380e-01
    outer loop
      vertex   5.637207e+01 1.425000e+02 6.944416e+01
      vertex   5.637207e+01 1.575000e+02 6.944416e+01
      vertex   5.677505e+01 1.425000e+02 6.840791e+01
    endloop
  endfacet
  facet normal -9.320079e-01 0.000000e+00 -3.624380e-01
    outer loop
      vertex   5.677505e+01 1.425000e+02 6.840791e+01
      vertex   5.637207e+01 1.575000e+02 6.944416e+01
      vertex   5.677505e+01 1.575000e+02 6.840791e+01
    endloop
  endfacet
  facet normal -8.767268e-01 0.000000e+00 -4.809888e-01
    outer loop
      vertex   5.677505e+01 1.425000e+02 6.840791e+01
      vertex   5.677505e+01 1.575000e+02 6.840791e+01
      vertex   5.730984e+01 1.425000e+02 6.743311e+01
    endloop
  endfacet
  facet normal -8.767268e-01 0.000000e+00 -4.809888e-01
    outer loop
      vertex   5.730984e+01 1.425000e+02 6.743311e+01
      vertex   5.677505e+01 1.575000e+02 6.840791e+01
      vertex   5.730984e+01 1.575000e+02 6.743311e+01
    endloop
  endfacet
  facet normal -8.064446e-01 0.000000e+00 -5.913096e-01
    outer loop
      vertex   5.730984e+01 1.425000e+02 6.743311e+01
      vertex   5.730984e+01 1.575000e+02 6.743311e+01
      vertex   5.796729e+01 1.425000e+02 6.653647e+01
    endloop
  endfacet
  facet normal -8.064446e-01 0.000000e+00 -5.913096e-01
    outer loop
      vertex   5.796729e+01 1.425000e+02 6.653647e+01
      vertex   5.730984e+01 1.575000e+02 6.743311e+01
      vertex   5.796729e+01 1.575000e+02 6.653647e+01
    endloop
  endfacet
  facet normal -7.223640e-01 0.000000e+00 -6.915131e-01
    outer loop
      vertex   5.796729e+01 1.425000e+02 6.653647e+01
      vertex   5.796729e+01 1.575000e+02 6.653647e+01
      vertex   5.873615e+01 1.425000e+02 6.573330e+01
    endloop
  endfacet
  facet normal -7.223640e-01 0.000000e+00 -6.915131e-01
    outer loop
      vertex   5.873615e+01 1.425000e+02 6.573330e+01
      vertex   5.796729e+01 1.575000e+02 6.653647e+01
      vertex   5.873615e+01 1.575000e+02 6.573330e+01
    endloop
  endfacet
  facet normal -6.259235e-01 0.000000e+00 -7.798845e-01
    outer loop
      vertex   5.873615e+01 1.425000e+02 6.573330e+01
      vertex   5.873615e+01 1.575000e+02 6.573330e+01
      vertex   5.960327e+01 1.425000e+02 6.503737e+01
    endloop
  endfacet
  facet normal -6.259235e-01 0.000000e+00 -7.798845e-01
    outer loop
      vertex   5.960327e+01 1.425000e+02 6.503737e+01
      vertex   5.873615e+01 1.575000e+02 6.573330e+01
      vertex   5.960327e+01 1.575000e+02 6.503737e+01
    endloop
  endfacet
  facet normal -5.187733e-01 0.000000e+00 -8.549119e-01
    outer loop
      vertex   5.960327e+01 1.425000e+02 6.503737e+01
      vertex   5.960327e+01 1.575000e+02 6.503737e+01
      vertex   6.055380e+01 1.425000e+02 6.446057e+01
    endloop
  endfacet
  facet normal -5.187733e-01 0.000000e+00 -8.549119e-01
    outer loop
      vertex   6.055380e+01 1.425000e+02 6.446057e+01
      vertex   5.960327e+01 1.575000e+02 6.503737e+01
      vertex   6.055380e+01 1.575000e+02 6.446057e+01
    endloop
  endfacet
  facet normal -4.027467e-01 0.000000e+00 -9.153115e-01
    outer loop
      vertex   6.055380e+01 1.425000e+02 6.446057e+01
      vertex   6.055380e+01 1.575000e+02 6.446057e+01
      vertex   6.157149e+01 1.425000e+02 6.401277e+01
    endloop
  endfacet
  facet normal -4.027467e-01 0.000000e+00 -9.153115e-01
    outer loop
      vertex   6.157149e+01 1.425000e+02 6.401277e+01
      vertex   6.055380e+01 1.575000e+02 6.446057e+01
      vertex   6.157149e+01 1.575000e+02 6.401277e+01
    endloop
  endfacet
  facet normal -2.798290e-01 0.000000e+00 -9.600499e-01
    outer loop
      vertex   6.157149e+01 1.425000e+02 6.401277e+01
      vertex   6.157149e+01 1.575000e+02 6.401277e+01
      vertex   6.263893e+01 1.425000e+02 6.370164e+01
    endloop
  endfacet
  facet normal -2.798290e-01 0.000000e+00 -9.600499e-01
    outer loop
      vertex   6.263893e+01 1.425000e+02 6.370164e+01
      vertex   6.157149e+01 1.575000e+02 6.401277e+01
      vertex   6.263893e+01 1.575000e+02 6.370164e+01
    endloop
  endfacet
  facet normal -1.521234e-01 0.000000e+00 -9.883615e-01
    outer loop
      vertex   6.263893e+01 1.425000e+02 6.370164e+01
      vertex   6.263893e+01 1.575000e+02 6.370164e+01
      vertex   6.373784e+01 1.425000e+02 6.353251e+01
    endloop
  endfacet
  facet normal -1.521234e-01 0.000000e+00 -9.883615e-01
    outer loop
      vertex   6.373784e+01 1.425000e+02 6.353251e+01
      vertex   6.263893e+01 1.575000e+02 6.370164e+01
      vertex   6.373784e+01 1.575000e+02 6.353251e+01
    endloop
  endfacet
  facet normal -2.181489e-02 0.000000e+00 -9.997620e-01
    outer loop
      vertex   6.373784e+01 1.425000e+02 6.353251e+01
      vertex   6.373784e+01 1.575000e+02 6.353251e+01
      vertex   6.484943e+01 1.425000e+02 6.350825e+01
    endloop
  endfacet
  facet normal -2.181489e-02 0.000000e+00 -9.997620e-01
    outer loop
      vertex   6.484943e+01 1.425000e+02 6.350825e+01
      vertex   6.373784e+01 1.575000e+02 6.353251e+01
      vertex   6.484943e+01 1.575000e+02 6.350825e+01
    endloop
  endfacet
  facet normal 1.088669e-01 0.000000e+00 -9.940563e-01
    outer loop
      vertex   6.484943e+01 1.425000e+02 6.350825e+01
      vertex   6.484943e+01 1.575000e+02 6.350825e+01
      vertex   6.595467e+01 1.425000e+02 6.362929e+01
    endloop
  endfacet
  facet normal 1.088669e-01 0.000000e+00 -9.940563e-01
    outer loop
      vertex   6.595467e+01 1.425000e+02 6.362929e+01
      vertex   6.484943e+01 1.575000e+02 6.350825e+01
      vertex   6.595467e+01 1.575000e+02 6.362929e+01
    endloop
  endfacet
  facet normal 2.376859e-01 0.000000e+00 -9.713421e-01
    outer loop
      vertex   6.595467e+01 1.425000e+02 6.362929e+01
      vertex   6.595467e+01 1.575000e+02 6.362929e+01
      vertex   6.703466e+01 1.425000e+02 6.389357e+01
    endloop
  endfacet
  facet normal 2.376859e-01 0.000000e+00 -9.713421e-01
    outer loop
      vertex   6.703466e+01 1.425000e+02 6.389357e+01
      vertex   6.595467e+01 1.575000e+02 6.362929e+01
      vertex   6.703466e+01 1.575000e+02 6.389357e+01
    endloop
  endfacet
  facet normal 3.624380e-01 0.000000e+00 -9.320079e-01
    outer loop
      vertex   6.703466e+01 1.425000e+02 6.389357e+01
      vertex   6.703466e+01 1.575000e+02 6.389357e+01
      vertex   6.807092e+01 1.425000e+02 6.429654e+01
    endloop
  endfacet
  facet normal 3.624380e-01 0.000000e+00 -9.320079e-01
    outer loop
      vertex   6.807092e+01 1.425000e+02 6.429654e+01
      vertex   6.703466e+01 1.575000e+02 6.389357e+01
      vertex   6.807092e+01 1.575000e+02 6.429654e+01
    endloop
  endfacet
  facet normal 4.809888e-01 0.000000e+00 -8.767268e-01
    outer loop
      vertex   6.807092e+01 1.425000e+02 6.429654e+01
      vertex   6.807092e+01 1.575000e+02 6.429654e+01
      vertex   6.904571e+01 1.425000e+02 6.483133e+01
    endloop
  endfacet
  facet normal 4.809888e-01 0.000000e+00 -8.767268e-01
    outer loop
      vertex   6.904571e+01 1.425000e+02 6.483133e+01
      vertex   6.807092e+01 1.575000e+02 6.429654e+01
      vertex   6.904571e+01 1.575000e+02 6.483133e+01
    endloop
  endfacet
  facet normal 5.913096e-01 0.000000e+00 -8.064446e-01
    outer loop
      vertex   6.904571e+01 1.425000e+02 6.483133e+01
      vertex   6.904571e+01 1.575000e+02 6.483133e+01
      vertex   6.994236e+01 1.425000e+02 6.548878e+01
    endloop
  endfacet
  facet normal 5.913096e-01 0.000000e+00 -8.064446e-01
    outer loop
      vertex   6.994236e+01 1.425000e+02 6.548878e+01
      vertex   6.904571e+01 1.575000e+02 6.483133e+01
      vertex   6.994236e+01 1.575000e+02 6.548878e+01
    endloop
  endfacet
  facet normal 6.915131e-01 0.000000e+00 -7.223640e-01
    outer loop
      vertex   6.994236e+01 1.425000e+02 6.548878e+01
      vertex   6.994236e+01 1.575000e+02 6.548878e+01
      vertex   7.074552e+01 1.425000e+02 6.625764e+01
    endloop
  endfacet
  facet normal 6.915131e-01 0.000000e+00 -7.223640e-01
    outer loop
      vertex   7.074552e+01 1.425000e+02 6.625764e+01
      vertex   6.994236e+01 1.575000e+02 6.548878e+01
      vertex   7.074552e+01 1.575000e+02 6.625764e+01
    endloop
  endfacet
  facet normal 7.798845e-01 0.000000e+00 -6.259235e-01
    outer loop
      vertex   7.074552e+01 1.425000e+02 6.625764e+01
      vertex   7.074552e+01 1.575000e+02 6.625764e+01
      vertex   7.144146e+01 1.425000e+02 6.712476e+01
    endloop
  endfacet
  facet normal 7.798845e-01 0.000000e+00 -6.259235e-01
    outer loop
      vertex   7.144146e+01 1.425000e+02 6.712476e+01
      vertex   7.074552e+01 1.575000e+02 6.625764e+01
      vertex   7.144146e+01 1.575000e+02 6.712476e+01
    endloop
  endfacet
  facet normal 8.549119e-01 0.000000e+00 -5.187733e-01
    outer loop
      vertex   7.144146e+01 1.425000e+02 6.712476e+01
      vertex   7.144146e+01 1.575000e+02 6.712476e+01
      vertex   7.201826e+01 1.425000e+02 6.807530e+01
    endloop
  endfacet
  facet normal 8.549119e-01 0.000000e+00 -5.187733e-01
    outer loop
      vertex   7.201826e+01 1.425000e+02 6.807530e+01
      vertex   7.144146e+01 1.575000e+02 6.712476e+01
      vertex   7.201826e+01 1.575000e+02 6.807530e+01
    endloop
  endfacet
  facet normal 9.153115e-01 0.000000e+00 -4.027467e-01
    outer loop
      vertex   7.201826e+01 1.425000e+02 6.807530e+01
      vertex   7.201826e+01 1.575000e+02 6.807530e+01
      vertex   7.246605e+01 1.425000e+02 6.909299e+01
    endloop
  endfacet
  facet normal 9.153115e-01 0.000000e+00 -4.027467e-01
    outer loop
      vertex   7.246605e+01 1.425000e+02 6.909299e+01
      vertex   7.201826e+01 1.575000e+02 6.807530e+01
      vertex   7.246605e+01 1.575000e+02 6.909299e+01
    endloop
  endfacet
  facet normal 9.600499e-01 0.000000e+00 -2.798290e-01
    outer loop
      vertex   7.246605e+01 1.425000e+02 6.909299e+01
      vertex   7.246605e+01 1.575000e+02 6.909299e+01
      vertex   7.277718e+01 1.425000e+02 7.016042e+01
    endloop
  endfacet
  facet normal 9.600499e-01 0.000000e+00 -2.798290e-01
    outer loop
      vertex   7.277718e+01 1.425000e+02 7.016042e+01
      vertex   7.246605e+01 1.575000e+02 6.909299e+01
      vertex   7.277718e+01 1.575000e+02 7.016042e+01
    endloop
  endfacet
  facet normal 9.883615e-01 0.000000e+00 -1.521234e-01
    outer loop
      vertex   7.277718e+01 1.425000e+02 7.016042e+01
      vertex   7.277718e+01 1.575000e+02 7.016042e+01
      vertex   7.294632e+01 1.425000e+02 7.125934e+01
    endloop
  endfacet
  facet normal 9.883615e-01 0.000000e+00 -1.521234e-01
    outer loop
      vertex   7.294632e+01 1.425000e+02 7.125934e+01
      vertex   7.277718e+01 1.575000e+02 7.016042e+01
      vertex   7.294632e+01 1.575000e+02 7.125934e+01
    endloop
  endfacet
  facet normal 9.997620e-01 0.000000e+00 -2.181489e-02
    outer loop
      vertex   7.294632e+01 1.425000e+02 7.125934e+01
      vertex   7.294632e+01 1.575000e+02 7.125934e+01
      vertex   7.297058e+01 1.425000e+02 7.237093e+01
    endloop
  endfacet
  facet normal 9.997620e-01 0.000000e+00 -2.181489e-02
    outer loop
      vertex   7.297058e+01 1.425000e+02 7.237093e+01
      vertex   7.294632e+01 1.575000e+02 7.125934e+01
      vertex   7.297058e+01 1.575000e+02 7.237093e+01
    endloop
  endfacet
  facet normal 9.940563e-01 -0.000000e+00 1.088669e-01
    outer loop
      vertex   7.297058e+01 1.425000e+02 7.237093e+01
      vertex   7.297058e+01 1.575000e+02 7.237093e+01
      vertex   7.284953e+01 1.425000e+02 7.347617e+01
    endloop
  endfacet
  facet normal 9.940563e-01 -0.000000e+00 1.088669e-01
    outer loop
      vertex   7.284953e+01 1.425000e+02 7.347617e+01
      vertex   7.297058e+01 1.575000e+02 7.237093e+01
      vertex   7.284953e+01 1.575000e+02 7.347617e+01
    endloop
  endfacet
  facet normal 9.713421e-01 -0.000000e+00 2.376859e-01
    outer loop
      vertex   7.284953e+01 1.425000e+02 7.347617e+01
      vertex   7.284953e+01 1.575000e+02 7.347617e+01
      vertex   7.258526e+01 1.425000e+02 7.455616e+01
    endloop
  endfacet
  facet normal 9.713421e-01 -0.000000e+00 2.376859e-01
    outer loop
      vertex   7.258526e+01 1.425000e+02 7.455616e+01
      vertex   7.284953e+01 1.575000e+02 7.347617e+01
      vertex   7.258526e+01 1.575000e+02 7.455616e+01
    endloop
  endfacet
  facet normal 9.320079e-01 -0.000000e+00 3.624380e-01
    outer loop
      vertex   7.258526e+01 1.425000e+02 7.455616e+01
      vertex   7.258526e+01 1.575000e+02 7.455616e+01
      vertex   7.218228e+01 1.425000e+02 7.559242e+01
    endloop
  endfacet
  facet normal 9.320079e-01 -0.000000e+00 3.624380e-01
    outer loop
      vertex   7.218228e+01 1.425000e+02 7.559242e+01
      vertex   7.258526e+01 1.575000e+02 7.455616e+01
      vertex   7.218228e+01 1.575000e+02 7.559242e+01
    endloop
  endfacet
  facet normal 8.767268e-01 -0.000000e+00 4.809888e-01
    outer loop
      vertex   7.218228e+01 1.425000e+02 7.559242e+01
      vertex   7.218228e+01 1.575000e+02 7.559242e+01
      vertex   7.164749e+01 1.425000e+02 7.656721e+01
    endloop
  endfacet
  facet normal 8.767268e-01 -0.000000e+00 4.809888e-01
    outer loop
      vertex   7.164749e+01 1.425000e+02 7.656721e+01
      vertex   7.218228e+01 1.575000e+02 7.559242e+01
      vertex   7.164749e+01 1.575000e+02 7.656721e+01
    endloop
  endfacet
  facet normal 8.064446e-01 -0.000000e+00 5.913096e-01
    outer loop
      vertex   7.164749e+01 1.425000e+02 7.656721e+01
      vertex   7.164749e+01 1.575000e+02 7.656721e+01
      vertex   7.099004e+01 1.425000e+02 7.746386e+01
    endloop
  endfacet
  facet normal 8.064446e-01 -0.000000e+00 5.913096e-01
    outer loop
      vertex   7.099004e+01 1.425000e+02 7.746386e+01
      vertex   7.164749e+01 1.575000e+02 7.656721e+01
      vertex   7.099004e+01 1.575000e+02 7.746386e+01
    endloop
  endfacet
  facet normal 7.223640e-01 -0.000000e+00 6.915131e-01
    outer loop
      vertex   7.099004e+01 1.425000e+02 7.746386e+01
      vertex   7.099004e+01 1.575000e+02 7.746386e+01
      vertex   7.022118e+01 1.425000e+02 7.826702e+01
    endloop
  endfacet
  facet normal 7.223640e-01 -0.000000e+00 6.915131e-01
    outer loop
      vertex   7.022118e+01 1.425000e+02 7.826702e+01
      vertex   7.099004e+01 1.575000e+02 7.746386e+01
      vertex   7.022118e+01 1.575000e+02 7.826702e+01
    endloop
  endfacet
  facet normal 6.259235e-01 -0.000000e+00 7.798845e-01
    outer loop
      vertex   7.022118e+01 1.425000e+02 7.826702e+01
      vertex   7.022118e+01 1.575000e+02 7.826702e+01
      vertex   6.935406e+01 1.425000e+02 7.896295e+01
    endloop
  endfacet
  facet normal 6.259235e-01 -0.000000e+00 7.798845e-01
    outer loop
      vertex   6.935406e+01 1.425000e+02 7.896295e+01
      vertex   7.022118e+01 1.575000e+02 7.826702e+01
      vertex   6.935406e+01 1.575000e+02 7.896295e+01
    endloop
  endfacet
  facet normal 5.187733e-01 -0.000000e+00 8.549119e-01
    outer loop
      vertex   6.935406e+01 1.425000e+02 7.896295e+01
      vertex   6.935406e+01 1.575000e+02 7.896295e+01
      vertex   6.840353e+01 1.425000e+02 7.953975e+01
    endloop
  endfacet
  facet normal 5.187733e-01 -0.000000e+00 8.549119e-01
    outer loop
      vertex   6.840353e+01 1.425000e+02 7.953975e+01
      vertex   6.935406e+01 1.575000e+02 7.896295e+01
      vertex   6.840353e+01 1.575000e+02 7.953975e+01
    endloop
  endfacet
  facet normal 4.027467e-01 -0.000000e+00 9.153115e-01
    outer loop
      vertex   6.840353e+01 1.425000e+02 7.953975e+01
      vertex   6.840353e+01 1.575000e+02 7.953975e+01
      vertex   6.738584e+01 1.425000e+02 7.998755e+01
    endloop
  endfacet
  facet normal 4.027467e-01 -0.000000e+00 9.153115e-01
    outer loop
      vertex   6.738584e+01 1.425000e+02 7.998755e+01
      vertex   6.840353e+01 1.575000e+02 7.953975e+01
      vertex   6.738584e+01 1.575000e+02 7.998755e+01
    endloop
  endfacet
  facet normal 2.798290e-01 -0.000000e+00 9.600499e-01
    outer loop
      vertex   6.738584e+01 1.425000e+02 7.998755e+01
      vertex   6.738584e+01 1.575000e+02 7.998755e+01
      vertex   6.631840e+01 1.425000e+02 8.029868e+01
    endloop
  endfacet
  facet normal 2.798290e-01 -0.000000e+00 9.600499e-01
    outer loop
      vertex   6.631840e+01 1.425000e+02 8.029868e+01
      vertex   6.738584e+01 1.575000e+02 7.998755e+01
      vertex   6.631840e+01 1.575000e+02 8.029868e+01
    endloop
  endfacet
  facet normal 1.521234e-01 -0.000000e+00 9.883615e-01
    outer loop
      vertex   6.631840e+01 1.425000e+02 8.029868e+01
      vertex   6.631840e+01 1.575000e+02 8.029868e+01
      vertex   6.521949e+01 1.425000e+02 8.046782e+01
    endloop
  endfacet
  facet normal 1.521234e-01 -0.000000e+00 9.883615e-01
    outer loop
      vertex   6.521949e+01 1.425000e+02 8.046782e+01
      vertex   6.631840e+01 1.575000e+02 8.029868e+01
      vertex   6.521949e+01 1.575000e+02 8.046782e+01
    endloop
  endfacet
  facet normal 2.181489e-02 -0.000000e+00 9.997620e-01
    outer loop
      vertex   6.521949e+01 1.425000e+02 8.046782e+01
      vertex   6.521949e+01 1.575000e+02 8.046782e+01
      vertex   6.410790e+01 1.425000e+02 8.049207e+01
    endloop
  endfacet
  facet normal 2.181489e-02 -0.000000e+00 9.997620e-01
    outer loop
      vertex   6.410790e+01 1.425000e+02 8.049207e+01
      vertex   6.521949e+01 1.575000e+02 8.046782e+01
      vertex   6.410790e+01 1.575000e+02 8.049207e+01
    endloop
  endfacet
  facet normal -1.088669e-01 0.000000e+00 9.940563e-01
    outer loop
      vertex   6.410790e+01 1.425000e+02 8.049207e+01
      vertex   6.410790e+01 1.575000e+02 8.049207e+01
      vertex   6.300266e+01 1.425000e+02 8.037103e+01
    endloop
  endfacet
  facet normal -1.088669e-01 0.000000e+00 9.940563e-01
    outer loop
      vertex   6.300266e+01 1.425000e+02 8.037103e+01
      vertex   6.410790e+01 1.575000e+02 8.049207e+01
      vertex   6.300266e+01 1.575000e+02 8.037103e+01
    endloop
  endfacet
  facet normal -2.376859e-01 0.000000e+00 9.713421e-01
    outer loop
      vertex   6.300266e+01 1.425000e+02 8.037103e+01
      vertex   6.300266e+01 1.575000e+02 8.037103e+01
      vertex   6.192267e+01 1.425000e+02 8.010675e+01
    endloop
  endfacet
  facet normal -2.376859e-01 0.000000e+00 9.713421e-01
    outer loop
      vertex   6.192267e+01 1.425000e+02 8.010675e+01
      vertex   6.300266e+01 1.575000e+02 8.037103e+01
      vertex   6.192267e+01 1.575000e+02 8.010675e+01
    endloop
  endfacet
  facet normal -3.624380e-01 0.000000e+00 9.320079e-01
    outer loop
      vertex   6.192267e+01 1.425000e+02 8.010675e+01
      vertex   6.192267e+01 1.575000e+02 8.010675e+01
      vertex   6.088641e+01 1.425000e+02 7.970378e+01
    endloop
  endfacet
  facet normal -3.624380e-01 0.000000e+00 9.320079e-01
    outer loop
      vertex   6.088641e+01 1.425000e+02 7.970378e+01
      vertex   6.192267e+01 1.575000e+02 8.010675e+01
      vertex   6.088641e+01 1.575000e+02 7.970378e+01
    endloop
  endfacet
  facet normal -4.809888e-01 0.000000e+00 8.767268e-01
    outer loop
      vertex   6.088641e+01 1.425000e+02 7.970378e+01
      vertex   6.088641e+01 1.575000e+02 7.970378e+01
      vertex   5.991162e+01 1.425000e+02 7.916899e+01
    endloop
  endfacet
  facet normal -4.809888e-01 0.000000e+00 8.767268e-01
    outer loop
      vertex   5.991162e+01 1.425000e+02 7.916899e+01
      vertex   6.088641e+01 1.575000e+02 7.970378e+01
      vertex   5.991162e+01 1.575000e+02 7.916899e+01
    endloop
  endfacet
  facet normal -5.913096e-01 0.000000e+00 8.064446e-01
    outer loop
      vertex   5.991162e+01 1.425000e+02 7.916899e+01
      vertex   5.991162e+01 1.575000e+02 7.916899e+01
      vertex   5.901497e+01 1.425000e+02 7.851154e+01
    endloop
  endfacet
  facet normal -5.913096e-01 0.000000e+00 8.064446e-01
    outer loop
      vertex   5.901497e+01 1.425000e+02 7.851154e+01
      vertex   5.991162e+01 1.575000e+02 7.916899e+01
      vertex   5.901497e+01 1.575000e+02 7.851154e+01
    endloop
  endfacet
  facet normal -6.915131e-01 0.000000e+00 7.223640e-01
    outer loop
      vertex   5.901497e+01 1.425000e+02 7.851154e+01
      vertex   5.901497e+01 1.575000e+02 7.851154e+01
      vertex   5.821181e+01 1.425000e+02 7.774268e+01
    endloop
  endfacet
  facet normal -6.915131e-01 0.000000e+00 7.223640e-01
    outer loop
      vertex   5.821181e+01 1.425000e+02 7.774268e+01
      vertex   5.901497e+01 1.575000e+02 7.851154e+01
      vertex   5.821181e+01 1.575000e+02 7.774268e+01
    endloop
  endfacet
  facet normal -2.707028e-14 1.000000e+00 -4.727916e-14
    outer loop
      vertex   6.259928e+01 1.575000e+02 7.268420e+01
      vertex   5.693907e+01 1.575000e+02 7.592502e+01
      vertex   6.284036e+01 1.575000e+02 7.314731e+01
    endloop
  endfacet
  facet normal -3.746183e-15 1.000000e+00 2.273240e-15
    outer loop
      vertex   6.284036e+01 1.575000e+02 7.314731e+01
      vertex   5.693907e+01 1.575000e+02 7.592502e+01
      vertex   5.751587e+01 1.575000e+02 7.687556e+01
    endloop
  endfacet
  facet normal -3.417417e-15 1.000000e+00 2.742767e-15
    outer loop
      vertex   6.284036e+01 1.575000e+02 7.314731e+01
      vertex   5.751587e+01 1.575000e+02 7.687556e+01
      vertex   5.821181e+01 1.575000e+02 7.774268e+01
    endloop
  endfacet
  facet normal 0.000000e+00 1.000000e+00 -0.000000e+00
    outer loop
      vertex   6.248628e+01 1.575000e+02 7.217447e+01
      vertex   5.618015e+01 1.575000e+02 7.383990e+01
      vertex   6.259928e+01 1.575000e+02 7.268420e+01
    endloop
  endfacet
  facet normal 0.000000e+00 1.000000e+00 0.000000e+00
    outer loop
      vertex   6.259928e+01 1.575000e+02 7.268420e+01
      vertex   5.618015e+01 1.575000e+02 7.383990e+01
      vertex   5.649128e+01 1.575000e+02 7.490733e+01
    endloop
  endfacet
  facet normal 0.000000e+00 1.000000e+00 0.000000e+00
    outer loop
      vertex   6.259928e+01 1.575000e+02 7.268420e+01
      vertex   5.649128e+01 1.575000e+02 7.490733e+01
      vertex   5.693907e+01 1.575000e+02 7.592502e+01
    endloop
  endfacet
  facet normal 0.000000e+00 1.000000e+00 0.000000e+00
    outer loop
      vertex   6.250905e+01 1.575000e+02 7.165286e+01
      vertex   5.598676e+01 1.575000e+02 7.162940e+01
      vertex   6.248628e+01 1.575000e+02 7.217447e+01
    endloop
  endfacet
  facet normal 0.000000e+00 1.000000e+00 0.000000e+00
    outer loop
      vertex   6.248628e+01 1.575000e+02 7.217447e+01
      vertex   5.598676e+01 1.575000e+02 7.162940e+01
      vertex   5.601101e+01 1.575000e+02 7.274098e+01
    endloop
  endfacet
  facet normal 0.000000e+00 1.000000e+00 0.000000e+00
    outer loop
      vertex   6.248628e+01 1.575000e+02 7.217447e+01
      vertex   5.601101e+01 1.575000e+02 7.274098e+01
      vertex   5.618015e+01 1.575000e+02 7.383990e+01
    endloop
  endfacet
  facet normal 0.000000e+00 1.000000e+00 0.000000e+00
    outer loop
      vertex   6.266605e+01 1.575000e+02 7.115492e+01
      vertex   5.637207e+01 1.575000e+02 6.944416e+01
      vertex   6.250905e+01 1.575000e+02 7.165286e+01
    endloop
  endfacet
  facet normal 0.000000e+00 1.000000e+00 0.000000e+00
    outer loop
      vertex   6.250905e+01 1.575000e+02 7.165286e+01
      vertex   5.637207e+01 1.575000e+02 6.944416e+01
      vertex   5.610780e+01 1.575000e+02 7.052415e+01
    endloop
  endfacet
  facet normal 0.000000e+00 1.000000e+00 0.000000e+00
    outer loop
      vertex   6.250905e+01 1.575000e+02 7.165286e+01
      vertex   5.610780e+01 1.575000e+02 7.052415e+01
      vertex   5.598676e+01 1.575000e+02 7.162940e+01
    endloop
  endfacet
  facet normal 0.000000e+00 1.000000e+00 0.000000e+00
    outer loop
      vertex   6.294658e+01 1.575000e+02 7.071459e+01
      vertex   5.730984e+01 1.575000e+02 6.743311e+01
      vertex   6.266605e+01 1.575000e+02 7.115492e+01
    endloop
  endfacet
  facet normal 0.000000e+00 1.000000e+00 0.000000e+00
    outer loop
      vertex   6.266605e+01 1.575000e+02 7.115492e+01
      vertex   5.730984e+01 1.575000e+02 6.743311e+01
      vertex   5.677505e+01 1.575000e+02 6.840791e+01
    endloop
  endfacet
  facet normal 0.000000e+00 1.000000e+00 0.000000e+00
    outer loop
      vertex   6.266605e+01 1.575000e+02 7.115492e+01
      vertex   5.677505e+01 1.575000e+02 6.840791e+01
      vertex   5.637207e+01 1.575000e+02 6.944416e+01
    endloop
  endfacet
  facet normal 0.000000e+00 1.000000e+00 0.000000e+00
    outer loop
      vertex   6.333151e+01 1.575000e+02 7.036186e+01
      vertex   5.873615e+01 1.575000e+02 6.573330e+01
      vertex   6.294658e+01 1.575000e+02 7.071459e+01
    endloop
  endfacet
  facet normal 0.000000e+00 1.000000e+00 0.000000e+00
    outer loop
      vertex   6.294658e+01 1.575000e+02 7.071459e+01
      vertex   5.873615e+01 1.575000e+02 6.573330e+01
      vertex   5.796729e+01 1.575000e+02 6.653647e+01
    endloop
  endfacet
  facet normal 0.000000e+00 1.000000e+00 0.000000e+00
    outer loop
      vertex   6.294658e+01 1.575000e+02 7.071459e+01
      vertex   5.796729e+01 1.575000e+02 6.653647e+01
      vertex   5.730984e+01 1.575000e+02 6.743311e+01
    endloop
  endfacet
  facet normal 0.000000e+00 1.000000e+00 0.000000e+00
    outer loop
      vertex   6.379462e+01 1.575000e+02 7.012078e+01
      vertex   6.055380e+01 1.575000e+02 6.446057e+01
      vertex   6.333151e+01 1.575000e+02 7.036186e+01
    endloop
  endfacet
  facet normal 0.000000e+00 1.000000e+00 0.000000e+00
    outer loop
      vertex   6.333151e+01 1.575000e+02 7.036186e+01
      vertex   6.055380e+01 1.575000e+02 6.446057e+01
      vertex   5.960327e+01 1.575000e+02 6.503737e+01
    endloop
  endfacet
  facet normal 0.000000e+00 1.000000e+00 0.000000e+00
    outer loop
      vertex   6.333151e+01 1.575000e+02 7.036186e+01
      vertex   5.960327e+01 1.575000e+02 6.503737e+01
      vertex   5.873615e+01 1.575000e+02 6.573330e+01
    endloop
  endfacet
  facet normal 0.000000e+00 1.000000e+00 0.000000e+00
    outer loop
      vertex   6.430435e+01 1.575000e+02 7.000777e+01
      vertex   6.263893e+01 1.575000e+02 6.370164e+01
      vertex   6.379462e+01 1.575000e+02 7.012078e+01
    endloop
  endfacet
  facet normal 0.000000e+00 1.000000e+00 0.000000e+00
    outer loop
      vertex   6.379462e+01 1.575000e+02 7.012078e+01
      vertex   6.263893e+01 1.575000e+02 6.370164e+01
      vertex   6.157149e+01 1.575000e+02 6.401277e+01
    endloop
  endfacet
  facet normal 0.000000e+00 1.000000e+00 0.000000e+00
    outer loop
      vertex   6.379462e+01 1.575000e+02 7.012078e+01
      vertex   6.157149e+01 1.575000e+02 6.401277e+01
      vertex   6.055380e+01 1.575000e+02 6.446057e+01
    endloop
  endfacet
  facet normal 0.000000e+00 1.000000e+00 0.000000e+00
    outer loop
      vertex   6.482596e+01 1.575000e+02 7.003055e+01
      vertex   6.484943e+01 1.575000e+02 6.350825e+01
      vertex   6.430435e+01 1.575000e+02 7.000777e+01
    endloop
  endfacet
  facet normal 0.000000e+00 1.000000e+00 0.000000e+00
    outer loop
      vertex   6.430435e+01 1.575000e+02 7.000777e+01
      vertex   6.484943e+01 1.575000e+02 6.350825e+01
      vertex   6.373784e+01 1.575000e+02 6.353251e+01
    endloop
  endfacet
  facet normal 0.000000e+00 1.000000e+00 0.000000e+00
    outer loop
      vertex   6.430435e+01 1.575000e+02 7.000777e+01
      vertex   6.373784e+01 1.575000e+02 6.353251e+01
      vertex   6.263893e+01 1.575000e+02 6.370164e+01
    endloop
  endfacet
  facet normal 0.000000e+00 1.000000e+00 0.000000e+00
    outer loop
      vertex   6.532390e+01 1.575000e+02 7.018755e+01
      vertex   6.703466e+01 1.575000e+02 6.389357e+01
      vertex   6.482596e+01 1.575000e+02 7.003055e+01
    endloop
  endfacet
  facet normal 0.000000e+00 1.000000e+00 0.000000e+00
    outer loop
      vertex   6.482596e+01 1.575000e+02 7.003055e+01
      vertex   6.703466e+01 1.575000e+02 6.389357e+01
      vertex   6.595467e+01 1.575000e+02 6.362929e+01
    endloop
  endfacet
  facet normal 0.000000e+00 1.000000e+00 0.000000e+00
    outer loop
      vertex   6.482596e+01 1.575000e+02 7.003055e+01
      vertex   6.595467e+01 1.575000e+02 6.362929e+01
      vertex   6.484943e+01 1.575000e+02 6.350825e+01
    endloop
  endfacet
  facet normal 0.000000e+00 1.000000e+00 0.000000e+00
    outer loop
      vertex   6.576424e+01 1.575000e+02 7.046807e+01
      vertex   6.904571e+01 1.575000e+02 6.483133e+01
      vertex   6.532390e+01 1.575000e+02 7.018755e+01
    endloop
  endfacet
  facet normal 0.000000e+00 1.000000e+00 0.000000e+00
    outer loop
      vertex   6.532390e+01 1.575000e+02 7.018755e+01
      vertex   6.904571e+01 1.575000e+02 6.483133e+01
      vertex   6.807092e+01 1.575000e+02 6.429654e+01
    endloop
  endfacet
  facet normal 0.000000e+00 1.000000e+00 0.000000e+00
    outer loop
      vertex   6.532390e+01 1.575000e+02 7.018755e+01
      vertex   6.807092e+01 1.575000e+02 6.429654e+01
      vertex   6.703466e+01 1.575000e+02 6.389357e+01
    endloop
  endfacet
  facet normal 0.000000e+00 1.000000e+00 0.000000e+00
    outer loop
      vertex   6.611697e+01 1.575000e+02 7.085301e+01
      vertex   7.074552e+01 1.575000e+02 6.625764e+01
      vertex   6.576424e+01 1.575000e+02 7.046807e+01
    endloop
  endfacet
  facet normal 0.000000e+00 1.000000e+00 0.000000e+00
    outer loop
      vertex   6.576424e+01 1.575000e+02 7.046807e+01
      vertex   7.074552e+01 1.575000e+02 6.625764e+01
      vertex   6.994236e+01 1.575000e+02 6.548878e+01
    endloop
  endfacet
  facet normal 0.000000e+00 1.000000e+00 0.000000e+00
    outer loop
      vertex   6.576424e+01 1.575000e+02 7.046807e+01
      vertex   6.994236e+01 1.575000e+02 6.548878e+01
      vertex   6.904571e+01 1.575000e+02 6.483133e+01
    endloop
  endfacet
  facet normal 0.000000e+00 1.000000e+00 0.000000e+00
    outer loop
      vertex   6.635805e+01 1.575000e+02 7.131612e+01
      vertex   7.201826e+01 1.575000e+02 6.807530e+01
      vertex   6.611697e+01 1.575000e+02 7.085301e+01
    endloop
  endfacet
  facet normal 0.000000e+00 1.000000e+00 0.000000e+00
    outer loop
      vertex   6.611697e+01 1.575000e+02 7.085301e+01
      vertex   7.201826e+01 1.575000e+02 6.807530e+01
      vertex   7.144146e+01 1.575000e+02 6.712476e+01
    endloop
  endfacet
  facet normal 0.000000e+00 1.000000e+00 0.000000e+00
    outer loop
      vertex   6.611697e+01 1.575000e+02 7.085301e+01
      vertex   7.144146e+01 1.575000e+02 6.712476e+01
      vertex   7.074552e+01 1.575000e+02 6.625764e+01
    endloop
  endfacet
  facet normal 0.000000e+00 1.000000e+00 0.000000e+00
    outer loop
      vertex   6.647105e+01 1.575000e+02 7.182585e+01
      vertex   7.277718e+01 1.575000e+02 7.016042e+01
      vertex   6.635805e+01 1.575000e+02 7.131612e+01
    endloop
  endfacet
  facet normal 0.000000e+00 1.000000e+00 0.000000e+00
    outer loop
      vertex   6.635805e+01 1.575000e+02 7.131612e+01
      vertex   7.277718e+01 1.575000e+02 7.016042e+01
      vertex   7.246605e+01 1.575000e+02 6.909299e+01
    endloop
  endfacet
  facet normal 0.000000e+00 1.000000e+00 0.000000e+00
    outer loop
      vertex   6.635805e+01 1.575000e+02 7.131612e+01
      vertex   7.246605e+01 1.575000e+02 6.909299e+01
      vertex   7.201826e+01 1.575000e+02 6.807530e+01
    endloop
  endfacet
  facet normal -0.000000e+00 1.000000e+00 0.000000e+00
    outer loop
      vertex   6.644828e+01 1.575000e+02 7.234746e+01
      vertex   7.297058e+01 1.575000e+02 7.237093e+01
      vertex   6.647105e+01 1.575000e+02 7.182585e+01
    endloop
  endfacet
  facet normal -0.000000e+00 1.000000e+00 0.000000e+00
    outer loop
      vertex   6.647105e+01 1.575000e+02 7.182585e+01
      vertex   7.297058e+01 1.575000e+02 7.237093e+01
      vertex   7.294632e+01 1.575000e+02 7.125934e+01
    endloop
  endfacet
  facet normal 0.000000e+00 1.000000e+00 0.000000e+00
    outer loop
      vertex   6.647105e+01 1.575000e+02 7.182585e+01
      vertex   7.294632e+01 1.575000e+02 7.125934e+01
      vertex   7.277718e+01 1.575000e+02 7.016042e+01
    endloop
  endfacet
  facet normal -0.000000e+00 1.000000e+00 0.000000e+00
    outer loop
      vertex   6.629128e+01 1.575000e+02 7.284540e+01
      vertex   7.258526e+01 1.575000e+02 7.455616e+01
      vertex   6.644828e+01 1.575000e+02 7.234746e+01
    endloop
  endfacet
  facet normal 0.000000e+00 1.000000e+00 0.000000e+00
    outer loop
      vertex   6.644828e+01 1.575000e+02 7.234746e+01
      vertex   7.258526e+01 1.575000e+02 7.455616e+01
      vertex   7.284953e+01 1.575000e+02 7.347617e+01
    endloop
  endfacet
  facet normal 0.000000e+00 1.000000e+00 0.000000e+00
    outer loop
      vertex   6.644828e+01 1.575000e+02 7.234746e+01
      vertex   7.284953e+01 1.575000e+02 7.347617e+01
      vertex   7.297058e+01 1.575000e+02 7.237093e+01
    endloop
  endfacet
  facet normal -0.000000e+00 1.000000e+00 0.000000e+00
    outer loop
      vertex   6.601075e+01 1.575000e+02 7.328574e+01
      vertex   7.164749e+01 1.575000e+02 7.656721e+01
      vertex   6.629128e+01 1.575000e+02 7.284540e+01
    endloop
  endfacet
  facet normal 0.000000e+00 1.000000e+00 0.000000e+00
    outer loop
      vertex   6.629128e+01 1.575000e+02 7.284540e+01
      vertex   7.164749e+01 1.575000e+02 7.656721e+01
      vertex   7.218228e+01 1.575000e+02 7.559242e+01
    endloop
  endfacet
  facet normal 0.000000e+00 1.000000e+00 0.000000e+00
    outer loop
      vertex   6.629128e+01 1.575000e+02 7.284540e+01
      vertex   7.218228e+01 1.575000e+02 7.559242e+01
      vertex   7.258526e+01 1.575000e+02 7.455616e+01
    endloop
  endfacet
  facet normal -0.000000e+00 1.000000e+00 0.000000e+00
    outer loop
      vertex   6.562582e+01 1.575000e+02 7.363846e+01
      vertex   7.022118e+01 1.575000e+02 7.826702e+01
      vertex   6.601075e+01 1.575000e+02 7.328574e+01
    endloop
  endfacet
  facet normal 0.000000e+00 1.000000e+00 0.000000e+00
    outer loop
      vertex   6.601075e+01 1.575000e+02 7.328574e+01
      vertex   7.022118e+01 1.575000e+02 7.826702e+01
      vertex   7.099004e+01 1.575000e+02 7.746386e+01
    endloop
  endfacet
  facet normal 0.000000e+00 1.000000e+00 0.000000e+00
    outer loop
      vertex   6.601075e+01 1.575000e+02 7.328574e+01
      vertex   7.099004e+01 1.575000e+02 7.746386e+01
      vertex   7.164749e+01 1.575000e+02 7.656721e+01
    endloop
  endfacet
  facet normal -0.000000e+00 1.000000e+00 0.000000e+00
    outer loop
      vertex   6.516271e+01 1.575000e+02 7.387955e+01
      vertex   6.840353e+01 1.575000e+02 7.953975e+01
      vertex   6.562582e+01 1.575000e+02 7.363846e+01
    endloop
  endfacet
  facet normal 0.000000e+00 1.000000e+00 0.000000e+00
    outer loop
      vertex   6.562582e+01 1.575000e+02 7.363846e+01
      vertex   6.840353e+01 1.575000e+02 7.953975e+01
      vertex   6.935406e+01 1.575000e+02 7.896295e+01
    endloop
  endfacet
  facet normal 0.000000e+00 1.000000e+00 0.000000e+00
    outer loop
      vertex   6.562582e+01 1.575000e+02 7.363846e+01
      vertex   6.935406e+01 1.575000e+02 7.896295e+01
      vertex   7.022118e+01 1.575000e+02 7.826702e+01
    endloop
  endfacet
  facet normal -0.000000e+00 1.000000e+00 0.000000e+00
    outer loop
      vertex   6.465298e+01 1.575000e+02 7.399255e+01
      vertex   6.631840e+01 1.575000e+02 8.029868e+01
      vertex   6.516271e+01 1.575000e+02 7.387955e+01
    endloop
  endfacet
  facet normal 0.000000e+00 1.000000e+00 0.000000e+00
    outer loop
      vertex   6.516271e+01 1.575000e+02 7.387955e+01
      vertex   6.631840e+01 1.575000e+02 8.029868e+01
      vertex   6.738584e+01 1.575000e+02 7.998755e+01
    endloop
  endfacet
  facet normal 0.000000e+00 1.000000e+00 0.000000e+00
    outer loop
      vertex   6.516271e+01 1.575000e+02 7.387955e+01
      vertex   6.738584e+01 1.575000e+02 7.998755e+01
      vertex   6.840353e+01 1.575000e+02 7.953975e+01
    endloop
  endfacet
  facet normal 0.000000e+00 1.000000e+00 -0.000000e+00
    outer loop
      vertex   6.413137e+01 1.575000e+02 7.396978e+01
      vertex   6.410790e+01 1.575000e+02 8.049207e+01
      vertex   6.465298e+01 1.575000e+02 7.399255e+01
    endloop
  endfacet
  facet normal 0.000000e+00 1.000000e+00 -0.000000e+00
    outer loop
      vertex   6.465298e+01 1.575000e+02 7.399255e+01
      vertex   6.410790e+01 1.575000e+02 8.049207e+01
      vertex   6.521949e+01 1.575000e+02 8.046782e+01
    endloop
  endfacet
  facet normal 0.000000e+00 1.000000e+00 0.000000e+00
    outer loop
      vertex   6.465298e+01 1.575000e+02 7.399255e+01
      vertex   6.521949e+01 1.575000e+02 8.046782e+01
      vertex   6.631840e+01 1.575000e+02 8.029868e+01
    endloop
  endfacet
  facet normal 0.000000e+00 1.000000e+00 -0.000000e+00
    outer loop
      vertex   6.363343e+01 1.575000e+02 7.381278e+01
      vertex   6.192267e+01 1.575000e+02 8.010675e+01
      vertex   6.413137e+01 1.575000e+02 7.396978e+01
    endloop
  endfacet
  facet normal 0.000000e+00 1.000000e+00 0.000000e+00
    outer loop
      vertex   6.413137e+01 1.575000e+02 7.396978e+01
      vertex   6.192267e+01 1.575000e+02 8.010675e+01
      vertex   6.300266e+01 1.575000e+02 8.037103e+01
    endloop
  endfacet
  facet normal 0.000000e+00 1.000000e+00 0.000000e+00
    outer loop
      vertex   6.413137e+01 1.575000e+02 7.396978e+01
      vertex   6.300266e+01 1.575000e+02 8.037103e+01
      vertex   6.410790e+01 1.575000e+02 8.049207e+01
    endloop
  endfacet
  facet normal 0.000000e+00 1.000000e+00 -0.000000e+00
    outer loop
      vertex   6.319309e+01 1.575000e+02 7.353225e+01
      vertex   5.991162e+01 1.575000e+02 7.916899e+01
      vertex   6.363343e+01 1.575000e+02 7.381278e+01
    endloop
  endfacet
  facet normal 0.000000e+00 1.000000e+00 0.000000e+00
    outer loop
      vertex   6.363343e+01 1.575000e+02 7.381278e+01
      vertex   5.991162e+01 1.575000e+02 7.916899e+01
      vertex   6.088641e+01 1.575000e+02 7.970378e+01
    endloop
  endfacet
  facet normal 0.000000e+00 1.000000e+00 0.000000e+00
    outer loop
      vertex   6.363343e+01 1.575000e+02 7.381278e+01
      vertex   6.088641e+01 1.575000e+02 7.970378e+01
      vertex   6.192267e+01 1.575000e+02 8.010675e+01
    endloop
  endfacet
  facet normal 3.516930e-14 1.000000e+00 4.160817e-14
    outer loop
      vertex   6.284036e+01 1.575000e+02 7.314731e+01
      vertex   5.821181e+01 1.575000e+02 7.774268e+01
      vertex   6.319309e+01 1.575000e+02 7.353225e+01
    endloop
  endfacet
  facet normal 0.000000e+00 1.000000e+00 0.000000e+00
    outer loop
      vertex   6.319309e+01 1.575000e+02 7.353225e+01
      vertex   5.821181e+01 1.575000e+02 7.774268e+01
      vertex   5.901497e+01 1.575000e+02 7.851154e+01
    endloop
  endfacet
  facet normal 0.000000e+00 1.000000e+00 0.000000e+00
    outer loop
      vertex   6.319309e+01 1.575000e+02 7.353225e+01
      vertex   5.901497e+01 1.575000e+02 7.851154e+01
      vertex   5.991162e+01 1.575000e+02 7.916899e+01
    endloop
  endfacet
endsolid
