solid ASCII
  facet normal 0.000000e+00 0.000000e+00 -1.000000e+00
    outer loop
      vertex   1.135000e+02 -2.000000e+00 1.050000e+01
      vertex   1.175000e+02 -5.000000e-01 1.050000e+01
      vertex   1.280000e+02 -2.000000e+00 1.050000e+01
    endloop
  endfacet
  facet normal 0.000000e+00 0.000000e+00 -1.000000e+00
    outer loop
      vertex   1.280000e+02 -2.000000e+00 1.050000e+01
      vertex   1.175000e+02 -5.000000e-01 1.050000e+01
      vertex   1.299365e+02 -5.000000e-01 1.050000e+01
    endloop
  endfacet
  facet normal 0.000000e+00 0.000000e+00 -1.000000e+00
    outer loop
      vertex   1.280000e+02 -2.000000e+00 1.050000e+01
      vertex   1.299365e+02 -5.000000e-01 1.050000e+01
      vertex   1.298283e+02 -8.108519e-01 1.050000e+01
    endloop
  endfacet
  facet normal 0.000000e+00 0.000000e+00 -1.000000e+00
    outer loop
      vertex   1.125267e+02 -1.969414e+00 1.050000e+01
      vertex   1.133489e+02 -1.480767e-02 1.050000e+01
      vertex   1.135000e+02 -2.000000e+00 1.050000e+01
    endloop
  endfacet
  facet normal 0.000000e+00 0.000000e+00 -1.000000e+00
    outer loop
      vertex   1.135000e+02 -2.000000e+00 1.050000e+01
      vertex   1.133489e+02 -1.480767e-02 1.050000e+01
      vertex   1.143743e+02 -2.265396e-01 1.050000e+01
    endloop
  endfacet
  facet normal 0.000000e+00 0.000000e+00 -1.000000e+00
    outer loop
      vertex   1.135000e+02 -2.000000e+00 1.050000e+01
      vertex   1.143743e+02 -2.265396e-01 1.050000e+01
      vertex   1.154103e+02 -3.782904e-01 1.050000e+01
    endloop
  endfacet
  facet normal -0.000000e+00 0.000000e+00 -1.000000e+00
    outer loop
      vertex   1.133489e+02 -1.480767e-02 1.050000e+01
      vertex   1.125267e+02 -1.969414e+00 1.050000e+01
      vertex   1.123375e+02 2.561888e-01 1.050000e+01
    endloop
  endfacet
  facet normal 0.000000e+00 -0.000000e+00 -1.000000e+00
    outer loop
      vertex   1.123375e+02 2.561888e-01 1.050000e+01
      vertex   1.125267e+02 -1.969414e+00 1.050000e+01
      vertex   1.115573e+02 -1.877778e+00 1.050000e+01
    endloop
  endfacet
  facet normal -0.000000e+00 0.000000e+00 -1.000000e+00
    outer loop
      vertex   1.123375e+02 2.561888e-01 1.050000e+01
      vertex   1.115573e+02 -1.877778e+00 1.050000e+01
      vertex   1.113436e+02 5.855328e-01 1.050000e+01
    endloop
  endfacet
  facet normal 0.000000e+00 -0.000000e+00 -1.000000e+00
    outer loop
      vertex   1.113436e+02 5.855328e-01 1.050000e+01
      vertex   1.115573e+02 -1.877778e+00 1.050000e+01
      vertex   1.105956e+02 -1.725452e+00 1.050000e+01
    endloop
  endfacet
  facet normal -0.000000e+00 0.000000e+00 -1.000000e+00
    outer loop
      vertex   1.113436e+02 5.855328e-01 1.050000e+01
      vertex   1.105956e+02 -1.725452e+00 1.050000e+01
      vertex   1.103706e+02 9.721101e-01 1.050000e+01
    endloop
  endfacet
  facet normal 0.000000e+00 -0.000000e+00 -1.000000e+00
    outer loop
      vertex   1.103706e+02 9.721101e-01 1.050000e+01
      vertex   1.105956e+02 -1.725452e+00 1.050000e+01
      vertex   1.096453e+02 -1.513039e+00 1.050000e+01
    endloop
  endfacet
  facet normal 0.000000e+00 0.000000e+00 -1.000000e+00
    outer loop
      vertex   1.103706e+02 9.721101e-01 1.050000e+01
      vertex   1.096453e+02 -1.513039e+00 1.050000e+01
      vertex   1.087102e+02 -1.241376e+00 1.050000e+01
    endloop
  endfacet
  facet normal -0.000000e+00 0.000000e+00 -1.000000e+00
    outer loop
      vertex   1.103706e+02 9.721101e-01 1.050000e+01
      vertex   1.087102e+02 -1.241376e+00 1.050000e+01
      vertex   1.094216e+02 1.414612e+00 1.050000e+01
    endloop
  endfacet
  facet normal 0.000000e+00 0.000000e+00 -1.000000e+00
    outer loop
      vertex   1.094216e+02 1.414612e+00 1.050000e+01
      vertex   1.087102e+02 -1.241376e+00 1.050000e+01
      vertex   1.077941e+02 -9.115355e-01 1.050000e+01
    endloop
  endfacet
  facet normal -0.000000e+00 0.000000e+00 -1.000000e+00
    outer loop
      vertex   1.094216e+02 1.414612e+00 1.050000e+01
      vertex   1.077941e+02 -9.115355e-01 1.050000e+01
      vertex   1.085000e+02 1.911543e+00 1.050000e+01
    endloop
  endfacet
  facet normal 0.000000e+00 0.000000e+00 -1.000000e+00
    outer loop
      vertex   1.085000e+02 1.911543e+00 1.050000e+01
      vertex   1.077941e+02 -9.115355e-01 1.050000e+01
      vertex   1.069004e+02 -5.248193e-01 1.050000e+01
    endloop
  endfacet
  facet normal -0.000000e+00 0.000000e+00 -1.000000e+00
    outer loop
      vertex   1.085000e+02 1.911543e+00 1.050000e+01
      vertex   1.069004e+02 -5.248193e-01 1.050000e+01
      vertex   1.076088e+02 2.461219e+00 1.050000e+01
    endloop
  endfacet
  facet normal 0.000000e+00 0.000000e+00 -1.000000e+00
    outer loop
      vertex   1.076088e+02 2.461219e+00 1.050000e+01
      vertex   1.069004e+02 -5.248193e-01 1.050000e+01
      vertex   1.060328e+02 -8.275354e-02 1.050000e+01
    endloop
  endfacet
  facet normal 0.000000e+00 0.000000e+00 -1.000000e+00
    outer loop
      vertex   1.076088e+02 2.461219e+00 1.050000e+01
      vertex   1.060328e+02 -8.275354e-02 1.050000e+01
      vertex   1.051947e+02 4.129172e-01 1.050000e+01
    endloop
  endfacet
  facet normal -0.000000e+00 0.000000e+00 -1.000000e+00
    outer loop
      vertex   1.076088e+02 2.461219e+00 1.050000e+01
      vertex   1.051947e+02 4.129172e-01 1.050000e+01
      vertex   1.067511e+02 3.061783e+00 1.050000e+01
    endloop
  endfacet
  facet normal 0.000000e+00 0.000000e+00 -1.000000e+00
    outer loop
      vertex   1.067511e+02 3.061783e+00 1.050000e+01
      vertex   1.051947e+02 4.129172e-01 1.050000e+01
      vertex   1.043893e+02 9.602366e-01 1.050000e+01
    endloop
  endfacet
  facet normal -0.000000e+00 0.000000e+00 -1.000000e+00
    outer loop
      vertex   1.067511e+02 3.061783e+00 1.050000e+01
      vertex   1.043893e+02 9.602366e-01 1.050000e+01
      vertex   1.059298e+02 3.711200e+00 1.050000e+01
    endloop
  endfacet
  facet normal 0.000000e+00 0.000000e+00 -1.000000e+00
    outer loop
      vertex   1.059298e+02 3.711200e+00 1.050000e+01
      vertex   1.043893e+02 9.602366e-01 1.050000e+01
      vertex   1.036199e+02 1.557045e+00 1.050000e+01
    endloop
  endfacet
  facet normal -0.000000e+00 0.000000e+00 -1.000000e+00
    outer loop
      vertex   1.059298e+02 3.711200e+00 1.050000e+01
      vertex   1.036199e+02 1.557045e+00 1.050000e+01
      vertex   1.051477e+02 4.407274e+00 1.050000e+01
    endloop
  endfacet
  facet normal 0.000000e+00 0.000000e+00 -1.000000e+00
    outer loop
      vertex   1.051477e+02 4.407274e+00 1.050000e+01
      vertex   1.036199e+02 1.557045e+00 1.050000e+01
      vertex   1.028895e+02 2.200986e+00 1.050000e+01
    endloop
  endfacet
  facet normal 0.000000e+00 0.000000e+00 -1.000000e+00
    outer loop
      vertex   1.051477e+02 4.407274e+00 1.050000e+01
      vertex   1.028895e+02 2.200986e+00 1.050000e+01
      vertex   1.022010e+02 2.889520e+00 1.050000e+01
    endloop
  endfacet
  facet normal -0.000000e+00 0.000000e+00 -1.000000e+00
    outer loop
      vertex   1.051477e+02 4.407274e+00 1.050000e+01
      vertex   1.022010e+02 2.889520e+00 1.050000e+01
      vertex   1.044073e+02 5.147651e+00 1.050000e+01
    endloop
  endfacet
  facet normal 0.000000e+00 0.000000e+00 -1.000000e+00
    outer loop
      vertex   1.044073e+02 5.147651e+00 1.050000e+01
      vertex   1.022010e+02 2.889520e+00 1.050000e+01
      vertex   1.015570e+02 3.619928e+00 1.050000e+01
    endloop
  endfacet
  facet normal -0.000000e+00 0.000000e+00 -1.000000e+00
    outer loop
      vertex   1.044073e+02 5.147651e+00 1.050000e+01
      vertex   1.015570e+02 3.619928e+00 1.050000e+01
      vertex   1.037112e+02 5.929823e+00 1.050000e+01
    endloop
  endfacet
  facet normal 0.000000e+00 0.000000e+00 -1.000000e+00
    outer loop
      vertex   1.037112e+02 5.929823e+00 1.050000e+01
      vertex   1.015570e+02 3.619928e+00 1.050000e+01
      vertex   1.009602e+02 4.389329e+00 1.050000e+01
    endloop
  endfacet
  facet normal -0.000000e+00 0.000000e+00 -1.000000e+00
    outer loop
      vertex   1.037112e+02 5.929823e+00 1.050000e+01
      vertex   1.009602e+02 4.389329e+00 1.050000e+01
      vertex   1.030618e+02 6.751145e+00 1.050000e+01
    endloop
  endfacet
  facet normal 0.000000e+00 0.000000e+00 -1.000000e+00
    outer loop
      vertex   1.030618e+02 6.751145e+00 1.050000e+01
      vertex   1.009602e+02 4.389329e+00 1.050000e+01
      vertex   1.004129e+02 5.194685e+00 1.050000e+01
    endloop
  endfacet
  facet normal -0.000000e+00 0.000000e+00 -1.000000e+00
    outer loop
      vertex   1.030618e+02 6.751145e+00 1.050000e+01
      vertex   1.004129e+02 5.194685e+00 1.050000e+01
      vertex   1.024612e+02 7.608838e+00 1.050000e+01
    endloop
  endfacet
  facet normal 0.000000e+00 0.000000e+00 -1.000000e+00
    outer loop
      vertex   1.024612e+02 7.608838e+00 1.050000e+01
      vertex   1.004129e+02 5.194685e+00 1.050000e+01
      vertex   9.991725e+01 6.032818e+00 1.050000e+01
    endloop
  endfacet
  facet normal 0.000000e+00 0.000000e+00 -1.000000e+00
    outer loop
      vertex   1.024612e+02 7.608838e+00 1.050000e+01
      vertex   9.991725e+01 6.032818e+00 1.050000e+01
      vertex   9.947518e+01 6.900421e+00 1.050000e+01
    endloop
  endfacet
  facet normal -0.000000e+00 0.000000e+00 -1.000000e+00
    outer loop
      vertex   1.024612e+02 7.608838e+00 1.050000e+01
      vertex   9.947518e+01 6.900421e+00 1.050000e+01
      vertex   1.019115e+02 8.500000e+00 1.050000e+01
    endloop
  endfacet
  facet normal 0.000000e+00 0.000000e+00 -1.000000e+00
    outer loop
      vertex   1.019115e+02 8.500000e+00 1.050000e+01
      vertex   9.947518e+01 6.900421e+00 1.050000e+01
      vertex   9.908846e+01 7.794069e+00 1.050000e+01
    endloop
  endfacet
  facet normal -0.000000e+00 0.000000e+00 -1.000000e+00
    outer loop
      vertex   1.019115e+02 8.500000e+00 1.050000e+01
      vertex   9.908846e+01 7.794069e+00 1.050000e+01
      vertex   1.014146e+02 9.421615e+00 1.050000e+01
    endloop
  endfacet
  facet normal 0.000000e+00 0.000000e+00 -1.000000e+00
    outer loop
      vertex   1.014146e+02 9.421615e+00 1.050000e+01
      vertex   9.908846e+01 7.794069e+00 1.050000e+01
      vertex   9.875862e+01 8.710237e+00 1.050000e+01
    endloop
  endfacet
  facet normal -0.000000e+00 0.000000e+00 -1.000000e+00
    outer loop
      vertex   1.014146e+02 9.421615e+00 1.050000e+01
      vertex   9.875862e+01 8.710237e+00 1.050000e+01
      vertex   1.009721e+02 1.037056e+01 1.050000e+01
    endloop
  endfacet
  facet normal 0.000000e+00 0.000000e+00 -1.000000e+00
    outer loop
      vertex   1.009721e+02 1.037056e+01 1.050000e+01
      vertex   9.875862e+01 8.710237e+00 1.050000e+01
      vertex   9.848696e+01 9.645307e+00 1.050000e+01
    endloop
  endfacet
  facet normal -0.000000e+00 0.000000e+00 -1.000000e+00
    outer loop
      vertex   1.009721e+02 1.037056e+01 1.050000e+01
      vertex   9.848696e+01 9.645307e+00 1.050000e+01
      vertex   9.827455e+01 1.059559e+01 1.050000e+01
    endloop
  endfacet
  facet normal 0.000000e+00 0.000000e+00 -1.000000e+00
    outer loop
      vertex   1.009721e+02 1.037056e+01 1.050000e+01
      vertex   9.827455e+01 1.059559e+01 1.050000e+01
      vertex   1.005855e+02 1.134364e+01 1.050000e+01
    endloop
  endfacet
  facet normal -0.000000e+00 0.000000e+00 -1.000000e+00
    outer loop
      vertex   1.005855e+02 1.134364e+01 1.050000e+01
      vertex   9.827455e+01 1.059559e+01 1.050000e+01
      vertex   9.812222e+01 1.155733e+01 1.050000e+01
    endloop
  endfacet
  facet normal 0.000000e+00 0.000000e+00 -1.000000e+00
    outer loop
      vertex   1.005855e+02 1.134364e+01 1.050000e+01
      vertex   9.812222e+01 1.155733e+01 1.050000e+01
      vertex   1.002562e+02 1.233754e+01 1.050000e+01
    endloop
  endfacet
  facet normal -0.000000e+00 0.000000e+00 -1.000000e+00
    outer loop
      vertex   1.002562e+02 1.233754e+01 1.050000e+01
      vertex   9.812222e+01 1.155733e+01 1.050000e+01
      vertex   9.803059e+01 1.252675e+01 1.050000e+01
    endloop
  endfacet
  facet normal 0.000000e+00 0.000000e+00 -1.000000e+00
    outer loop
      vertex   1.002562e+02 1.233754e+01 1.050000e+01
      vertex   9.803059e+01 1.252675e+01 1.050000e+01
      vertex   9.998519e+01 1.334891e+01 1.050000e+01
    endloop
  endfacet
  facet normal -0.000000e+00 0.000000e+00 -1.000000e+00
    outer loop
      vertex   9.998519e+01 1.334891e+01 1.050000e+01
      vertex   9.803059e+01 1.252675e+01 1.050000e+01
      vertex   9.800000e+01 1.350000e+01 1.050000e+01
    endloop
  endfacet
  facet normal 0.000000e+00 0.000000e+00 -1.000000e+00
    outer loop
      vertex   9.998519e+01 1.334891e+01 1.050000e+01
      vertex   9.800000e+01 1.350000e+01 1.050000e+01
      vertex   9.977346e+01 1.437433e+01 1.050000e+01
    endloop
  endfacet
  facet normal -0.000000e+00 0.000000e+00 -1.000000e+00
    outer loop
      vertex   9.977346e+01 1.437433e+01 1.050000e+01
      vertex   9.800000e+01 1.350000e+01 1.050000e+01
      vertex   9.962171e+01 1.541033e+01 1.050000e+01
    endloop
  endfacet
  facet normal -0.000000e+00 0.000000e+00 -1.000000e+00
    outer loop
      vertex   9.962171e+01 1.541033e+01 1.050000e+01
      vertex   9.800000e+01 1.350000e+01 1.050000e+01
      vertex   9.953045e+01 1.645339e+01 1.050000e+01
    endloop
  endfacet
  facet normal -0.000000e+00 0.000000e+00 -1.000000e+00
    outer loop
      vertex   9.953045e+01 1.645339e+01 1.050000e+01
      vertex   9.800000e+01 1.350000e+01 1.050000e+01
      vertex   9.950000e+01 1.750000e+01 1.050000e+01
    endloop
  endfacet
  facet normal -0.000000e+00 0.000000e+00 -1.000000e+00
    outer loop
      vertex   9.950000e+01 1.750000e+01 1.050000e+01
      vertex   9.800000e+01 1.350000e+01 1.050000e+01
      vertex   9.800000e+01 2.800000e+01 1.050000e+01
    endloop
  endfacet
  facet normal 0.000000e+00 0.000000e+00 -1.000000e+00
    outer loop
      vertex   9.950000e+01 1.750000e+01 1.050000e+01
      vertex   9.800000e+01 2.800000e+01 1.050000e+01
      vertex   9.950000e+01 2.993649e+01 1.050000e+01
    endloop
  endfacet
  facet normal 0.000000e+00 0.000000e+00 -1.000000e+00
    outer loop
      vertex   9.950000e+01 2.993649e+01 1.050000e+01
      vertex   9.800000e+01 2.800000e+01 1.050000e+01
      vertex   9.802709e+01 2.832804e+01 1.050000e+01
    endloop
  endfacet
  facet normal 0.000000e+00 0.000000e+00 -1.000000e+00
    outer loop
      vertex   9.950000e+01 2.993649e+01 1.050000e+01
      vertex   9.802709e+01 2.832804e+01 1.050000e+01
      vertex   9.810761e+01 2.864720e+01 1.050000e+01
    endloop
  endfacet
  facet normal 0.000000e+00 0.000000e+00 -1.000000e+00
    outer loop
      vertex   9.810761e+01 2.864720e+01 1.050000e+01
      vertex   9.823939e+01 2.894882e+01 1.050000e+01
      vertex   9.950000e+01 2.993649e+01 1.050000e+01
    endloop
  endfacet
  facet normal 0.000000e+00 0.000000e+00 -1.000000e+00
    outer loop
      vertex   9.950000e+01 2.993649e+01 1.050000e+01
      vertex   9.823939e+01 2.894882e+01 1.050000e+01
      vertex   9.841886e+01 2.922475e+01 1.050000e+01
    endloop
  endfacet
  facet normal 0.000000e+00 0.000000e+00 -1.000000e+00
    outer loop
      vertex   9.950000e+01 2.993649e+01 1.050000e+01
      vertex   9.841886e+01 2.922475e+01 1.050000e+01
      vertex   9.864116e+01 2.946750e+01 1.050000e+01
    endloop
  endfacet
  facet normal 0.000000e+00 0.000000e+00 -1.000000e+00
    outer loop
      vertex   9.864116e+01 2.946750e+01 1.050000e+01
      vertex   9.890026e+01 2.967050e+01 1.050000e+01
      vertex   9.950000e+01 2.993649e+01 1.050000e+01
    endloop
  endfacet
  facet normal 0.000000e+00 0.000000e+00 -1.000000e+00
    outer loop
      vertex   9.950000e+01 2.993649e+01 1.050000e+01
      vertex   9.890026e+01 2.967050e+01 1.050000e+01
      vertex   9.918915e+01 2.982826e+01 1.050000e+01
    endloop
  endfacet
  facet normal 0.000000e+00 -0.000000e+00 -1.000000e+00
    outer loop
      vertex   1.154103e+02 -3.782904e-01 1.050000e+01
      vertex   1.164534e+02 -4.695468e-01 1.050000e+01
      vertex   1.135000e+02 -2.000000e+00 1.050000e+01
    endloop
  endfacet
  facet normal 0.000000e+00 0.000000e+00 -1.000000e+00
    outer loop
      vertex   1.135000e+02 -2.000000e+00 1.050000e+01
      vertex   1.164534e+02 -4.695468e-01 1.050000e+01
      vertex   1.175000e+02 -5.000000e-01 1.050000e+01
    endloop
  endfacet
  facet normal 0.000000e+00 0.000000e+00 -1.000000e+00
    outer loop
      vertex   1.298283e+02 -8.108519e-01 1.050000e+01
      vertex   1.296705e+02 -1.099741e+00 1.050000e+01
      vertex   1.280000e+02 -2.000000e+00 1.050000e+01
    endloop
  endfacet
  facet normal 0.000000e+00 0.000000e+00 -1.000000e+00
    outer loop
      vertex   1.280000e+02 -2.000000e+00 1.050000e+01
      vertex   1.296705e+02 -1.099741e+00 1.050000e+01
      vertex   1.294675e+02 -1.358843e+00 1.050000e+01
    endloop
  endfacet
  facet normal 0.000000e+00 0.000000e+00 -1.000000e+00
    outer loop
      vertex   1.280000e+02 -2.000000e+00 1.050000e+01
      vertex   1.294675e+02 -1.358843e+00 1.050000e+01
      vertex   1.292247e+02 -1.581139e+00 1.050000e+01
    endloop
  endfacet
  facet normal 0.000000e+00 0.000000e+00 -1.000000e+00
    outer loop
      vertex   1.292247e+02 -1.581139e+00 1.050000e+01
      vertex   1.289488e+02 -1.760608e+00 1.050000e+01
      vertex   1.280000e+02 -2.000000e+00 1.050000e+01
    endloop
  endfacet
  facet normal 0.000000e+00 0.000000e+00 -1.000000e+00
    outer loop
      vertex   1.280000e+02 -2.000000e+00 1.050000e+01
      vertex   1.289488e+02 -1.760608e+00 1.050000e+01
      vertex   1.286472e+02 -1.892390e+00 1.050000e+01
    endloop
  endfacet
  facet normal 0.000000e+00 0.000000e+00 -1.000000e+00
    outer loop
      vertex   1.280000e+02 -2.000000e+00 1.050000e+01
      vertex   1.286472e+02 -1.892390e+00 1.050000e+01
      vertex   1.283280e+02 -1.972914e+00 1.050000e+01
    endloop
  endfacet
  facet normal -9.974521e-01 -7.133918e-02 -0.000000e+00
    outer loop
      vertex   1.205000e+02 2.300000e+01 2.550000e+01
      vertex   1.205000e+02 2.300000e+01 2.050000e+01
      vertex   1.205254e+02 2.264421e+01 2.550000e+01
    endloop
  endfacet
  facet normal -9.974521e-01 -7.133918e-02 -0.000000e+00
    outer loop
      vertex   1.205254e+02 2.264421e+01 2.550000e+01
      vertex   1.205000e+02 2.300000e+01 2.050000e+01
      vertex   1.205254e+02 2.264421e+01 2.050000e+01
    endloop
  endfacet
  facet normal -9.771469e-01 -2.125653e-01 -0.000000e+00
    outer loop
      vertex   1.205254e+02 2.264421e+01 2.550000e+01
      vertex   1.205254e+02 2.264421e+01 2.050000e+01
      vertex   1.206013e+02 2.229567e+01 2.050000e+01
    endloop
  endfacet
  facet normal -9.771469e-01 -2.125653e-01 0.000000e+00
    outer loop
      vertex   1.205254e+02 2.264421e+01 2.550000e+01
      vertex   1.206013e+02 2.229567e+01 2.050000e+01
      vertex   1.206013e+02 2.229567e+01 2.550000e+01
    endloop
  endfacet
  facet normal -9.369497e-01 -3.494642e-01 -0.000000e+00
    outer loop
      vertex   1.206013e+02 2.229567e+01 2.550000e+01
      vertex   1.206013e+02 2.229567e+01 2.050000e+01
      vertex   1.207259e+02 2.196146e+01 2.050000e+01
    endloop
  endfacet
  facet normal -9.369497e-01 -3.494642e-01 0.000000e+00
    outer loop
      vertex   1.206013e+02 2.229567e+01 2.550000e+01
      vertex   1.207259e+02 2.196146e+01 2.050000e+01
      vertex   1.207259e+02 2.196146e+01 2.550000e+01
    endloop
  endfacet
  facet normal -8.776790e-01 -4.792490e-01 -0.000000e+00
    outer loop
      vertex   1.207259e+02 2.196146e+01 2.550000e+01
      vertex   1.207259e+02 2.196146e+01 2.050000e+01
      vertex   1.208969e+02 2.164840e+01 2.050000e+01
    endloop
  endfacet
  facet normal -8.776790e-01 -4.792490e-01 0.000000e+00
    outer loop
      vertex   1.207259e+02 2.196146e+01 2.550000e+01
      vertex   1.208969e+02 2.164840e+01 2.050000e+01
      vertex   1.208969e+02 2.164840e+01 2.550000e+01
    endloop
  endfacet
  facet normal -8.005412e-01 -5.992777e-01 -0.000000e+00
    outer loop
      vertex   1.208969e+02 2.164840e+01 2.550000e+01
      vertex   1.208969e+02 2.164840e+01 2.050000e+01
      vertex   1.211106e+02 2.136285e+01 2.050000e+01
    endloop
  endfacet
  facet normal -8.005412e-01 -5.992777e-01 0.000000e+00
    outer loop
      vertex   1.208969e+02 2.164840e+01 2.550000e+01
      vertex   1.211106e+02 2.136285e+01 2.050000e+01
      vertex   1.211106e+02 2.136285e+01 2.550000e+01
    endloop
  endfacet
  facet normal -7.071068e-01 -7.071068e-01 -0.000000e+00
    outer loop
      vertex   1.211106e+02 2.136285e+01 2.550000e+01
      vertex   1.211106e+02 2.136285e+01 2.050000e+01
      vertex   1.213628e+02 2.111063e+01 2.050000e+01
    endloop
  endfacet
  facet normal -7.071068e-01 -7.071068e-01 0.000000e+00
    outer loop
      vertex   1.211106e+02 2.136285e+01 2.550000e+01
      vertex   1.213628e+02 2.111063e+01 2.050000e+01
      vertex   1.213628e+02 2.111063e+01 2.550000e+01
    endloop
  endfacet
  facet normal -5.992777e-01 -8.005412e-01 -0.000000e+00
    outer loop
      vertex   1.213628e+02 2.111063e+01 2.550000e+01
      vertex   1.213628e+02 2.111063e+01 2.050000e+01
      vertex   1.216484e+02 2.089687e+01 2.050000e+01
    endloop
  endfacet
  facet normal -5.992777e-01 -8.005412e-01 0.000000e+00
    outer loop
      vertex   1.213628e+02 2.111063e+01 2.550000e+01
      vertex   1.216484e+02 2.089687e+01 2.050000e+01
      vertex   1.216484e+02 2.089687e+01 2.550000e+01
    endloop
  endfacet
  facet normal -4.792490e-01 -8.776790e-01 -0.000000e+00
    outer loop
      vertex   1.216484e+02 2.089687e+01 2.550000e+01
      vertex   1.216484e+02 2.089687e+01 2.050000e+01
      vertex   1.219615e+02 2.072592e+01 2.050000e+01
    endloop
  endfacet
  facet normal -4.792490e-01 -8.776790e-01 0.000000e+00
    outer loop
      vertex   1.216484e+02 2.089687e+01 2.550000e+01
      vertex   1.219615e+02 2.072592e+01 2.050000e+01
      vertex   1.219615e+02 2.072592e+01 2.550000e+01
    endloop
  endfacet
  facet normal -3.494642e-01 -9.369497e-01 -0.000000e+00
    outer loop
      vertex   1.219615e+02 2.072592e+01 2.550000e+01
      vertex   1.219615e+02 2.072592e+01 2.050000e+01
      vertex   1.222957e+02 2.060127e+01 2.050000e+01
    endloop
  endfacet
  facet normal -3.494642e-01 -9.369497e-01 0.000000e+00
    outer loop
      vertex   1.219615e+02 2.072592e+01 2.550000e+01
      vertex   1.222957e+02 2.060127e+01 2.050000e+01
      vertex   1.222957e+02 2.060127e+01 2.550000e+01
    endloop
  endfacet
  facet normal -2.125653e-01 -9.771469e-01 -0.000000e+00
    outer loop
      vertex   1.222957e+02 2.060127e+01 2.550000e+01
      vertex   1.222957e+02 2.060127e+01 2.050000e+01
      vertex   1.226442e+02 2.052545e+01 2.050000e+01
    endloop
  endfacet
  facet normal -2.125653e-01 -9.771469e-01 0.000000e+00
    outer loop
      vertex   1.222957e+02 2.060127e+01 2.550000e+01
      vertex   1.226442e+02 2.052545e+01 2.050000e+01
      vertex   1.226442e+02 2.052545e+01 2.550000e+01
    endloop
  endfacet
  facet normal -7.133918e-02 -9.974521e-01 -0.000000e+00
    outer loop
      vertex   1.226442e+02 2.052545e+01 2.550000e+01
      vertex   1.226442e+02 2.052545e+01 2.050000e+01
      vertex   1.230000e+02 2.050000e+01 2.550000e+01
    endloop
  endfacet
  facet normal -7.133918e-02 -9.974521e-01 -1.417465e-15
    outer loop
      vertex   1.230000e+02 2.050000e+01 2.550000e+01
      vertex   1.226442e+02 2.052545e+01 2.050000e+01
      vertex   1.230000e+02 2.050000e+01 2.050000e+01
    endloop
  endfacet
  facet normal -1.000000e+00 0.000000e+00 0.000000e+00
    outer loop
      vertex   1.205000e+02 2.300000e+01 2.550000e+01
      vertex   1.205000e+02 2.950000e+01 2.550000e+01
      vertex   1.205000e+02 2.300000e+01 2.050000e+01
    endloop
  endfacet
  facet normal -1.000000e+00 0.000000e+00 0.000000e+00
    outer loop
      vertex   1.205000e+02 2.300000e+01 2.050000e+01
      vertex   1.205000e+02 2.950000e+01 2.550000e+01
      vertex   1.205000e+02 2.950000e+01 2.050000e+01
    endloop
  endfacet
  facet normal 1.000000e+00 0.000000e+00 1.421085e-14
    outer loop
      vertex   9.950000e+01 2.993649e+01 1.750000e+01
      vertex   9.950000e+01 1.750000e+01 1.750000e+01
      vertex   9.950000e+01 2.993649e+01 1.050000e+01
    endloop
  endfacet
  facet normal 1.000000e+00 -7.998717e-15 0.000000e+00
    outer loop
      vertex   9.950000e+01 2.993649e+01 1.050000e+01
      vertex   9.950000e+01 1.750000e+01 1.750000e+01
      vertex   9.950000e+01 1.750000e+01 1.050000e+01
    endloop
  endfacet
  facet normal -9.966085e-01 8.228910e-02 -3.772253e-17
    outer loop
      vertex   9.800000e+01 2.800000e+01 1.050000e+01
      vertex   9.800000e+01 2.800000e+01 2.600000e+01
      vertex   9.802709e+01 2.832804e+01 1.050000e+01
    endloop
  endfacet
  facet normal -9.958045e-01 9.150579e-02 1.964657e-04
    outer loop
      vertex   9.802709e+01 2.832804e+01 1.050000e+01
      vertex   9.800000e+01 2.800000e+01 2.600000e+01
      vertex   9.803038e+01 2.834730e+01 1.825000e+01
    endloop
  endfacet
  facet normal -9.696144e-01 2.446384e-01 -1.951671e-04
    outer loop
      vertex   9.802709e+01 2.832804e+01 1.050000e+01
      vertex   9.803038e+01 2.834730e+01 1.825000e+01
      vertex   9.810761e+01 2.864720e+01 1.050000e+01
    endloop
  endfacet
  facet normal -9.659258e-01 2.588190e-01 3.903296e-04
    outer loop
      vertex   9.810761e+01 2.864720e+01 1.050000e+01
      vertex   9.803038e+01 2.834730e+01 1.825000e+01
      vertex   9.812061e+01 2.868404e+01 1.825000e+01
    endloop
  endfacet
  facet normal -9.163572e-01 4.003614e-01 -3.657743e-04
    outer loop
      vertex   9.810761e+01 2.864720e+01 1.050000e+01
      vertex   9.812061e+01 2.868404e+01 1.825000e+01
      vertex   9.823939e+01 2.894882e+01 1.050000e+01
    endloop
  endfacet
  facet normal -9.063077e-01 4.226182e-01 5.486505e-04
    outer loop
      vertex   9.823939e+01 2.894882e+01 1.050000e+01
      vertex   9.812061e+01 2.868404e+01 1.825000e+01
      vertex   9.826795e+01 2.900000e+01 1.825000e+01
    endloop
  endfacet
  facet normal -8.382797e-01 5.452403e-01 -5.118052e-04
    outer loop
      vertex   9.823939e+01 2.894882e+01 1.050000e+01
      vertex   9.826795e+01 2.900000e+01 1.825000e+01
      vertex   9.841886e+01 2.922475e+01 1.050000e+01
    endloop
  endfacet
  facet normal -8.191519e-01 5.735763e-01 6.823879e-04
    outer loop
      vertex   9.841886e+01 2.922475e+01 1.050000e+01
      vertex   9.826795e+01 2.900000e+01 1.825000e+01
      vertex   9.846791e+01 2.928558e+01 1.825000e+01
    endloop
  endfacet
  facet normal -7.374965e-01 6.753507e-01 -6.332460e-04
    outer loop
      vertex   9.841886e+01 2.922475e+01 1.050000e+01
      vertex   9.846791e+01 2.928558e+01 1.825000e+01
      vertex   9.864116e+01 2.946750e+01 1.050000e+01
    endloop
  endfacet
  facet normal -7.071066e-01 7.071066e-01 7.915291e-04
    outer loop
      vertex   9.864116e+01 2.946750e+01 1.050000e+01
      vertex   9.846791e+01 2.928558e+01 1.825000e+01
      vertex   9.871442e+01 2.953209e+01 1.825000e+01
    endloop
  endfacet
  facet normal -6.167375e-01 7.871686e-01 -7.300850e-04
    outer loop
      vertex   9.864116e+01 2.946750e+01 1.050000e+01
      vertex   9.871442e+01 2.953209e+01 1.825000e+01
      vertex   9.890026e+01 2.967050e+01 1.050000e+01
    endloop
  endfacet
  facet normal -5.735762e-01 8.191517e-01 8.760636e-04
    outer loop
      vertex   9.890026e+01 2.967050e+01 1.050000e+01
      vertex   9.871442e+01 2.953209e+01 1.825000e+01
      vertex   9.900000e+01 2.973205e+01 1.825000e+01
    endloop
  endfacet
  facet normal -4.792736e-01 8.776652e-01 -8.023131e-04
    outer loop
      vertex   9.890026e+01 2.967050e+01 1.050000e+01
      vertex   9.900000e+01 2.973205e+01 1.825000e+01
      vertex   9.918915e+01 2.982826e+01 1.050000e+01
    endloop
  endfacet
  facet normal -4.226181e-01 9.063074e-01 9.359835e-04
    outer loop
      vertex   9.918915e+01 2.982826e+01 1.050000e+01
      vertex   9.900000e+01 2.973205e+01 1.825000e+01
      vertex   9.931596e+01 2.987939e+01 1.825000e+01
    endloop
  endfacet
  facet normal -3.288281e-01 9.443894e-01 -8.499233e-04
    outer loop
      vertex   9.918915e+01 2.982826e+01 1.050000e+01
      vertex   9.931596e+01 2.987939e+01 1.825000e+01
      vertex   9.950000e+01 2.993649e+01 1.050000e+01
    endloop
  endfacet
  facet normal -2.963542e-01 9.550781e-01 6.025782e-14
    outer loop
      vertex   9.950000e+01 2.993649e+01 1.050000e+01
      vertex   9.931596e+01 2.987939e+01 1.825000e+01
      vertex   9.950000e+01 2.993649e+01 1.750000e+01
    endloop
  endfacet
  facet normal -2.984578e-01 9.544227e-01 -5.661192e-04
    outer loop
      vertex   9.950000e+01 2.993649e+01 1.750000e+01
      vertex   9.931596e+01 2.987939e+01 1.825000e+01
      vertex   9.950789e+01 2.993917e+01 1.784647e+01
    endloop
  endfacet
  facet normal -2.960002e-01 9.551876e-01 7.161164e-04
    outer loop
      vertex   9.950789e+01 2.993917e+01 1.784647e+01
      vertex   9.931596e+01 2.987939e+01 1.825000e+01
      vertex   9.953152e+01 2.994623e+01 1.819676e+01
    endloop
  endfacet
  facet normal -2.961616e-01 9.551378e-01 4.373780e-16
    outer loop
      vertex   9.953152e+01 2.994623e+01 1.819676e+01
      vertex   9.931596e+01 2.987939e+01 1.825000e+01
      vertex   9.931596e+01 2.987939e+01 2.600000e+01
    endloop
  endfacet
  facet normal -2.567285e-01 9.664828e-01 1.186518e-03
    outer loop
      vertex   9.953152e+01 2.994623e+01 1.819676e+01
      vertex   9.931596e+01 2.987939e+01 2.600000e+01
      vertex   9.957083e+01 2.995623e+01 1.854918e+01
    endloop
  endfacet
  facet normal -2.588189e-01 9.659252e-01 1.109261e-03
    outer loop
      vertex   9.957083e+01 2.995623e+01 1.854918e+01
      vertex   9.931596e+01 2.987939e+01 2.600000e+01
      vertex   9.965270e+01 2.996962e+01 2.600000e+01
    endloop
  endfacet
  facet normal -2.085373e-01 9.780143e-01 5.350047e-04
    outer loop
      vertex   9.957083e+01 2.995623e+01 1.854918e+01
      vertex   9.965270e+01 2.996962e+01 2.600000e+01
      vertex   9.962573e+01 2.996775e+01 1.890204e+01
    endloop
  endfacet
  facet normal -1.639990e-01 9.864604e-01 3.635514e-04
    outer loop
      vertex   9.962573e+01 2.996775e+01 1.890204e+01
      vertex   9.965270e+01 2.996962e+01 2.600000e+01
      vertex   9.969618e+01 2.997933e+01 1.925363e+01
    endloop
  endfacet
  facet normal -1.206067e-01 9.927002e-01 6.521535e-04
    outer loop
      vertex   9.969618e+01 2.997933e+01 1.925363e+01
      vertex   9.965270e+01 2.996962e+01 2.600000e+01
      vertex   9.978209e+01 2.998954e+01 1.960226e+01
    endloop
  endfacet
  facet normal -7.796461e-02 9.969550e-01 1.527776e-03
    outer loop
      vertex   9.978209e+01 2.998954e+01 1.960226e+01
      vertex   9.965270e+01 2.996962e+01 2.600000e+01
      vertex   9.988340e+01 2.999693e+01 1.994624e+01
    endloop
  endfacet
  facet normal -8.715568e-02 9.961940e-01 1.174088e-03
    outer loop
      vertex   9.988340e+01 2.999693e+01 1.994624e+01
      vertex   9.965270e+01 2.996962e+01 2.600000e+01
      vertex   1.000000e+02 3.000000e+01 2.600000e+01
    endloop
  endfacet
  facet normal -2.628872e-02 9.996544e-01 0.000000e+00
    outer loop
      vertex   9.988340e+01 2.999693e+01 1.994624e+01
      vertex   1.000000e+02 3.000000e+01 2.600000e+01
      vertex   1.000000e+02 3.000000e+01 2.028388e+01
    endloop
  endfacet
  facet normal -9.961947e-01 8.715574e-02 0.000000e+00
    outer loop
      vertex   9.800000e+01 2.800000e+01 2.600000e+01
      vertex   9.803038e+01 2.834730e+01 2.600000e+01
      vertex   9.803038e+01 2.834730e+01 1.825000e+01
    endloop
  endfacet
  facet normal -9.659258e-01 2.588190e-01 0.000000e+00
    outer loop
      vertex   9.803038e+01 2.834730e+01 1.825000e+01
      vertex   9.803038e+01 2.834730e+01 2.600000e+01
      vertex   9.812061e+01 2.868404e+01 1.825000e+01
    endloop
  endfacet
  facet normal -9.659258e-01 2.588190e-01 2.008350e-15
    outer loop
      vertex   9.803038e+01 2.834730e+01 2.600000e+01
      vertex   9.812061e+01 2.868404e+01 2.600000e+01
      vertex   9.812061e+01 2.868404e+01 1.825000e+01
    endloop
  endfacet
  facet normal -9.063078e-01 4.226183e-01 2.049328e-15
    outer loop
      vertex   9.812061e+01 2.868404e+01 1.825000e+01
      vertex   9.812061e+01 2.868404e+01 2.600000e+01
      vertex   9.826795e+01 2.900000e+01 1.825000e+01
    endloop
  endfacet
  facet normal -9.063078e-01 4.226183e-01 2.049441e-15
    outer loop
      vertex   9.812061e+01 2.868404e+01 2.600000e+01
      vertex   9.826795e+01 2.900000e+01 2.600000e+01
      vertex   9.826795e+01 2.900000e+01 1.825000e+01
    endloop
  endfacet
  facet normal -8.191520e-01 5.735764e-01 2.027917e-15
    outer loop
      vertex   9.826795e+01 2.900000e+01 1.825000e+01
      vertex   9.826795e+01 2.900000e+01 2.600000e+01
      vertex   9.846791e+01 2.928558e+01 1.825000e+01
    endloop
  endfacet
  facet normal -8.191520e-01 5.735764e-01 1.764368e-15
    outer loop
      vertex   9.826795e+01 2.900000e+01 2.600000e+01
      vertex   9.846791e+01 2.928558e+01 2.600000e+01
      vertex   9.846791e+01 2.928558e+01 1.825000e+01
    endloop
  endfacet
  facet normal -7.071068e-01 7.071068e-01 1.620741e-15
    outer loop
      vertex   9.846791e+01 2.928558e+01 1.825000e+01
      vertex   9.846791e+01 2.928558e+01 2.600000e+01
      vertex   9.871442e+01 2.953209e+01 1.825000e+01
    endloop
  endfacet
  facet normal -7.071068e-01 7.071068e-01 1.620548e-15
    outer loop
      vertex   9.846791e+01 2.928558e+01 2.600000e+01
      vertex   9.871442e+01 2.953209e+01 2.600000e+01
      vertex   9.871442e+01 2.953209e+01 1.825000e+01
    endloop
  endfacet
  facet normal -5.735764e-01 8.191520e-01 1.427255e-15
    outer loop
      vertex   9.871442e+01 2.953209e+01 1.825000e+01
      vertex   9.871442e+01 2.953209e+01 2.600000e+01
      vertex   9.900000e+01 2.973205e+01 1.825000e+01
    endloop
  endfacet
  facet normal -5.735764e-01 8.191520e-01 3.749604e-16
    outer loop
      vertex   9.871442e+01 2.953209e+01 2.600000e+01
      vertex   9.900000e+01 2.973205e+01 2.600000e+01
      vertex   9.900000e+01 2.973205e+01 1.825000e+01
    endloop
  endfacet
  facet normal -4.226183e-01 9.063078e-01 4.154648e-16
    outer loop
      vertex   9.900000e+01 2.973205e+01 1.825000e+01
      vertex   9.900000e+01 2.973205e+01 2.600000e+01
      vertex   9.931596e+01 2.987939e+01 1.825000e+01
    endloop
  endfacet
  facet normal -4.226183e-01 9.063078e-01 4.160519e-16
    outer loop
      vertex   9.900000e+01 2.973205e+01 2.600000e+01
      vertex   9.931596e+01 2.987939e+01 2.600000e+01
      vertex   9.931596e+01 2.987939e+01 1.825000e+01
    endloop
  endfacet
  facet normal -1.000000e+00 0.000000e+00 0.000000e+00
    outer loop
      vertex   9.800000e+01 1.350000e+01 2.600000e+01
      vertex   9.800000e+01 2.800000e+01 2.600000e+01
      vertex   9.800000e+01 1.350000e+01 1.050000e+01
    endloop
  endfacet
  facet normal -1.000000e+00 0.000000e+00 0.000000e+00
    outer loop
      vertex   9.800000e+01 1.350000e+01 1.050000e+01
      vertex   9.800000e+01 2.800000e+01 2.600000e+01
      vertex   9.800000e+01 2.800000e+01 1.050000e+01
    endloop
  endfacet
  facet normal -3.141076e-02 -9.995066e-01 0.000000e+00
    outer loop
      vertex   1.135000e+02 -2.000000e+00 1.050000e+01
      vertex   1.135000e+02 -2.000000e+00 2.600000e+01
      vertex   1.125267e+02 -1.969414e+00 1.050000e+01
    endloop
  endfacet
  facet normal -3.141076e-02 -9.995066e-01 1.431839e-16
    outer loop
      vertex   1.125267e+02 -1.969414e+00 1.050000e+01
      vertex   1.135000e+02 -2.000000e+00 2.600000e+01
      vertex   1.125267e+02 -1.969414e+00 2.600000e+01
    endloop
  endfacet
  facet normal -9.410831e-02 -9.955620e-01 1.426188e-16
    outer loop
      vertex   1.125267e+02 -1.969414e+00 1.050000e+01
      vertex   1.125267e+02 -1.969414e+00 2.600000e+01
      vertex   1.115573e+02 -1.877778e+00 1.050000e+01
    endloop
  endfacet
  facet normal -9.410831e-02 -9.955620e-01 1.725625e-16
    outer loop
      vertex   1.115573e+02 -1.877778e+00 1.050000e+01
      vertex   1.125267e+02 -1.969414e+00 2.600000e+01
      vertex   1.115573e+02 -1.877778e+00 2.600000e+01
    endloop
  endfacet
  facet normal -1.564345e-01 -9.876883e-01 2.868474e-16
    outer loop
      vertex   1.115573e+02 -1.877778e+00 1.050000e+01
      vertex   1.115573e+02 -1.877778e+00 2.600000e+01
      vertex   1.105956e+02 -1.725452e+00 1.050000e+01
    endloop
  endfacet
  facet normal -1.564345e-01 -9.876883e-01 -7.074544e-17
    outer loop
      vertex   1.105956e+02 -1.725452e+00 1.050000e+01
      vertex   1.115573e+02 -1.877778e+00 2.600000e+01
      vertex   1.105956e+02 -1.725452e+00 2.600000e+01
    endloop
  endfacet
  facet normal -2.181432e-01 -9.759168e-01 -6.990227e-17
    outer loop
      vertex   1.105956e+02 -1.725452e+00 1.050000e+01
      vertex   1.105956e+02 -1.725452e+00 2.600000e+01
      vertex   1.096453e+02 -1.513039e+00 1.050000e+01
    endloop
  endfacet
  facet normal -2.181432e-01 -9.759168e-01 6.990227e-17
    outer loop
      vertex   1.096453e+02 -1.513039e+00 1.050000e+01
      vertex   1.105956e+02 -1.725452e+00 2.600000e+01
      vertex   1.096453e+02 -1.513039e+00 2.600000e+01
    endloop
  endfacet
  facet normal -2.789911e-01 -9.602937e-01 6.878324e-17
    outer loop
      vertex   1.096453e+02 -1.513039e+00 1.050000e+01
      vertex   1.096453e+02 -1.513039e+00 2.600000e+01
      vertex   1.087102e+02 -1.241376e+00 1.050000e+01
    endloop
  endfacet
  facet normal -2.789911e-01 -9.602937e-01 0.000000e+00
    outer loop
      vertex   1.087102e+02 -1.241376e+00 1.050000e+01
      vertex   1.096453e+02 -1.513039e+00 2.600000e+01
      vertex   1.087102e+02 -1.241376e+00 2.600000e+01
    endloop
  endfacet
  facet normal -3.387379e-01 -9.408808e-01 0.000000e+00
    outer loop
      vertex   1.087102e+02 -1.241376e+00 1.050000e+01
      vertex   1.087102e+02 -1.241376e+00 2.600000e+01
      vertex   1.077941e+02 -9.115355e-01 1.050000e+01
    endloop
  endfacet
  facet normal -3.387379e-01 -9.408808e-01 3.369637e-17
    outer loop
      vertex   1.077941e+02 -9.115355e-01 1.050000e+01
      vertex   1.087102e+02 -1.241376e+00 2.600000e+01
      vertex   1.077941e+02 -9.115355e-01 2.600000e+01
    endloop
  endfacet
  facet normal -3.971479e-01 -9.177546e-01 3.286814e-17
    outer loop
      vertex   1.077941e+02 -9.115355e-01 1.050000e+01
      vertex   1.077941e+02 -9.115355e-01 2.600000e+01
      vertex   1.069004e+02 -5.248193e-01 1.050000e+01
    endloop
  endfacet
  facet normal -3.971479e-01 -9.177546e-01 -9.860442e-17
    outer loop
      vertex   1.069004e+02 -5.248193e-01 1.050000e+01
      vertex   1.077941e+02 -9.115355e-01 2.600000e+01
      vertex   1.069004e+02 -5.248193e-01 2.600000e+01
    endloop
  endfacet
  facet normal -4.539905e-01 -8.910065e-01 -9.573058e-17
    outer loop
      vertex   1.069004e+02 -5.248193e-01 1.050000e+01
      vertex   1.069004e+02 -5.248193e-01 2.600000e+01
      vertex   1.060328e+02 -8.275354e-02 1.050000e+01
    endloop
  endfacet
  facet normal -4.539905e-01 -8.910065e-01 -1.914612e-16
    outer loop
      vertex   1.060328e+02 -8.275354e-02 1.050000e+01
      vertex   1.069004e+02 -5.248193e-01 2.600000e+01
      vertex   1.060328e+02 -8.275354e-02 2.600000e+01
    endloop
  endfacet
  facet normal -5.090414e-01 -8.607420e-01 -1.849579e-16
    outer loop
      vertex   1.060328e+02 -8.275354e-02 1.050000e+01
      vertex   1.060328e+02 -8.275354e-02 2.600000e+01
      vertex   1.051947e+02 4.129172e-01 1.050000e+01
    endloop
  endfacet
  facet normal -5.090414e-01 -8.607420e-01 -5.900093e-16
    outer loop
      vertex   1.051947e+02 4.129172e-01 1.050000e+01
      vertex   1.060328e+02 -8.275354e-02 2.600000e+01
      vertex   1.051947e+02 4.129172e-01 2.600000e+01
    endloop
  endfacet
  facet normal -5.620834e-01 -8.270806e-01 -6.338176e-16
    outer loop
      vertex   1.051947e+02 4.129172e-01 1.050000e+01
      vertex   1.051947e+02 4.129172e-01 2.600000e+01
      vertex   1.043893e+02 9.602366e-01 1.050000e+01
    endloop
  endfacet
  facet normal -5.620834e-01 -8.270806e-01 5.153345e-16
    outer loop
      vertex   1.043893e+02 9.602366e-01 1.050000e+01
      vertex   1.051947e+02 4.129172e-01 2.600000e+01
      vertex   1.043893e+02 9.602366e-01 2.600000e+01
    endloop
  endfacet
  facet normal -6.129071e-01 -7.901550e-01 5.619312e-16
    outer loop
      vertex   1.043893e+02 9.602366e-01 1.050000e+01
      vertex   1.043893e+02 9.602366e-01 2.600000e+01
      vertex   1.036199e+02 1.557045e+00 1.050000e+01
    endloop
  endfacet
  facet normal -6.129071e-01 -7.901550e-01 -7.923533e-17
    outer loop
      vertex   1.036199e+02 1.557045e+00 1.050000e+01
      vertex   1.043893e+02 9.602366e-01 2.600000e+01
      vertex   1.036199e+02 1.557045e+00 2.600000e+01
    endloop
  endfacet
  facet normal -6.613119e-01 -7.501111e-01 -7.521979e-17
    outer loop
      vertex   1.036199e+02 1.557045e+00 1.050000e+01
      vertex   1.036199e+02 1.557045e+00 2.600000e+01
      vertex   1.028895e+02 2.200986e+00 1.050000e+01
    endloop
  endfacet
  facet normal -6.613119e-01 -7.501111e-01 -2.149137e-17
    outer loop
      vertex   1.028895e+02 2.200986e+00 1.050000e+01
      vertex   1.036199e+02 1.557045e+00 2.600000e+01
      vertex   1.028895e+02 2.200986e+00 2.600000e+01
    endloop
  endfacet
  facet normal -7.071068e-01 -7.071068e-01 -2.025926e-17
    outer loop
      vertex   1.028895e+02 2.200986e+00 1.050000e+01
      vertex   1.028895e+02 2.200986e+00 2.600000e+01
      vertex   1.022010e+02 2.889520e+00 1.050000e+01
    endloop
  endfacet
  facet normal -7.071068e-01 -7.071068e-01 -4.051852e-17
    outer loop
      vertex   1.022010e+02 2.889520e+00 1.050000e+01
      vertex   1.028895e+02 2.200986e+00 2.600000e+01
      vertex   1.022010e+02 2.889520e+00 2.600000e+01
    endloop
  endfacet
  facet normal -7.501111e-01 -6.613119e-01 -3.789438e-17
    outer loop
      vertex   1.022010e+02 2.889520e+00 1.050000e+01
      vertex   1.022010e+02 2.889520e+00 2.600000e+01
      vertex   1.015570e+02 3.619928e+00 1.050000e+01
    endloop
  endfacet
  facet normal -7.501111e-01 -6.613119e-01 -9.473596e-17
    outer loop
      vertex   1.015570e+02 3.619928e+00 1.050000e+01
      vertex   1.022010e+02 2.889520e+00 2.600000e+01
      vertex   1.015570e+02 3.619928e+00 2.600000e+01
    endloop
  endfacet
  facet normal -7.901550e-01 -6.129071e-01 -8.780174e-17
    outer loop
      vertex   1.015570e+02 3.619928e+00 1.050000e+01
      vertex   1.015570e+02 3.619928e+00 2.600000e+01
      vertex   1.009602e+02 4.389329e+00 1.050000e+01
    endloop
  endfacet
  facet normal -7.901550e-01 -6.129071e-01 -7.024140e-17
    outer loop
      vertex   1.009602e+02 4.389329e+00 1.050000e+01
      vertex   1.015570e+02 3.619928e+00 2.600000e+01
      vertex   1.009602e+02 4.389329e+00 2.600000e+01
    endloop
  endfacet
  facet normal -8.270806e-01 -5.620834e-01 -6.441682e-17
    outer loop
      vertex   1.009602e+02 4.389329e+00 1.050000e+01
      vertex   1.009602e+02 4.389329e+00 2.600000e+01
      vertex   1.004129e+02 5.194685e+00 1.050000e+01
    endloop
  endfacet
  facet normal -8.270806e-01 -5.620834e-01 -6.441682e-17
    outer loop
      vertex   1.004129e+02 5.194685e+00 1.050000e+01
      vertex   1.009602e+02 4.389329e+00 2.600000e+01
      vertex   1.004129e+02 5.194685e+00 2.600000e+01
    endloop
  endfacet
  facet normal -8.607420e-01 -5.090414e-01 -5.833801e-17
    outer loop
      vertex   1.004129e+02 5.194685e+00 1.050000e+01
      vertex   1.004129e+02 5.194685e+00 2.600000e+01
      vertex   9.991725e+01 6.032818e+00 1.050000e+01
    endloop
  endfacet
  facet normal -8.607420e-01 -5.090414e-01 -9.058296e-16
    outer loop
      vertex   9.991725e+01 6.032818e+00 1.050000e+01
      vertex   1.004129e+02 5.194685e+00 2.600000e+01
      vertex   9.991725e+01 6.032818e+00 2.600000e+01
    endloop
  endfacet
  facet normal -8.910065e-01 -4.539905e-01 -9.209589e-16
    outer loop
      vertex   9.991725e+01 6.032818e+00 1.050000e+01
      vertex   9.991725e+01 6.032818e+00 2.600000e+01
      vertex   9.947518e+01 6.900421e+00 1.050000e+01
    endloop
  endfacet
  facet normal -8.910065e-01 -4.539905e-01 -7.804346e-17
    outer loop
      vertex   9.947518e+01 6.900421e+00 1.050000e+01
      vertex   9.991725e+01 6.032818e+00 2.600000e+01
      vertex   9.947518e+01 6.900421e+00 2.600000e+01
    endloop
  endfacet
  facet normal -9.177546e-01 -3.971479e-01 -6.827191e-17
    outer loop
      vertex   9.947518e+01 6.900421e+00 1.050000e+01
      vertex   9.947518e+01 6.900421e+00 2.600000e+01
      vertex   9.908846e+01 7.794069e+00 1.050000e+01
    endloop
  endfacet
  facet normal -9.177546e-01 -3.971479e-01 -9.096963e-16
    outer loop
      vertex   9.908846e+01 7.794069e+00 1.050000e+01
      vertex   9.947518e+01 6.900421e+00 2.600000e+01
      vertex   9.908846e+01 7.794069e+00 2.600000e+01
    endloop
  endfacet
  facet normal -9.408808e-01 -3.387379e-01 -9.208580e-16
    outer loop
      vertex   9.908846e+01 7.794069e+00 1.050000e+01
      vertex   9.908846e+01 7.794069e+00 2.600000e+01
      vertex   9.875862e+01 8.710237e+00 1.050000e+01
    endloop
  endfacet
  facet normal -9.408808e-01 -3.387379e-01 -8.626271e-16
    outer loop
      vertex   9.875862e+01 8.710237e+00 1.050000e+01
      vertex   9.908846e+01 7.794069e+00 2.600000e+01
      vertex   9.875862e+01 8.710237e+00 2.600000e+01
    endloop
  endfacet
  facet normal -9.602937e-01 -2.789911e-01 -8.804254e-16
    outer loop
      vertex   9.875862e+01 8.710237e+00 1.050000e+01
      vertex   9.875862e+01 8.710237e+00 2.600000e+01
      vertex   9.848696e+01 9.645307e+00 1.050000e+01
    endloop
  endfacet
  facet normal -9.602937e-01 -2.789911e-01 -3.197340e-17
    outer loop
      vertex   9.848696e+01 9.645307e+00 1.050000e+01
      vertex   9.875862e+01 8.710237e+00 2.600000e+01
      vertex   9.848696e+01 9.645307e+00 2.600000e+01
    endloop
  endfacet
  facet normal -9.759168e-01 -2.181432e-01 -2.500002e-17
    outer loop
      vertex   9.848696e+01 9.645307e+00 1.050000e+01
      vertex   9.848696e+01 9.645307e+00 2.600000e+01
      vertex   9.827455e+01 1.059559e+01 1.050000e+01
    endloop
  endfacet
  facet normal -9.759168e-01 -2.181432e-01 -5.000003e-17
    outer loop
      vertex   9.827455e+01 1.059559e+01 1.050000e+01
      vertex   9.848696e+01 9.645307e+00 2.600000e+01
      vertex   9.827455e+01 1.059559e+01 2.600000e+01
    endloop
  endfacet
  facet normal -9.876883e-01 -1.564345e-01 -3.585593e-17
    outer loop
      vertex   9.827455e+01 1.059559e+01 1.050000e+01
      vertex   9.827455e+01 1.059559e+01 2.600000e+01
      vertex   9.812222e+01 1.155733e+01 1.050000e+01
    endloop
  endfacet
  facet normal -9.876883e-01 -1.564345e-01 8.517578e-16
    outer loop
      vertex   9.812222e+01 1.155733e+01 1.050000e+01
      vertex   9.827455e+01 1.059559e+01 2.600000e+01
      vertex   9.812222e+01 1.155733e+01 2.600000e+01
    endloop
  endfacet
  facet normal -9.955620e-01 -9.410831e-02 8.804049e-16
    outer loop
      vertex   9.812222e+01 1.155733e+01 1.050000e+01
      vertex   9.812222e+01 1.155733e+01 2.600000e+01
      vertex   9.803059e+01 1.252675e+01 1.050000e+01
    endloop
  endfacet
  facet normal -9.955620e-01 -9.410831e-02 0.000000e+00
    outer loop
      vertex   9.803059e+01 1.252675e+01 1.050000e+01
      vertex   9.812222e+01 1.155733e+01 2.600000e+01
      vertex   9.803059e+01 1.252675e+01 2.600000e+01
    endloop
  endfacet
  facet normal -9.995066e-01 -3.141076e-02 0.000000e+00
    outer loop
      vertex   9.803059e+01 1.252675e+01 1.050000e+01
      vertex   9.803059e+01 1.252675e+01 2.600000e+01
      vertex   9.800000e+01 1.350000e+01 1.050000e+01
    endloop
  endfacet
  facet normal -9.995066e-01 -3.141076e-02 0.000000e+00
    outer loop
      vertex   9.800000e+01 1.350000e+01 1.050000e+01
      vertex   9.803059e+01 1.252675e+01 2.600000e+01
      vertex   9.800000e+01 1.350000e+01 2.600000e+01
    endloop
  endfacet
  facet normal 1.785428e-16 1.000000e+00 -3.489272e-16
    outer loop
      vertex   1.175000e+02 -5.000000e-01 1.750000e+01
      vertex   1.299365e+02 -5.000000e-01 1.750000e+01
      vertex   1.175000e+02 -5.000000e-01 1.050000e+01
    endloop
  endfacet
  facet normal -8.529881e-15 1.000000e+00 1.512282e-14
    outer loop
      vertex   1.175000e+02 -5.000000e-01 1.050000e+01
      vertex   1.299365e+02 -5.000000e-01 1.750000e+01
      vertex   1.299365e+02 -5.000000e-01 1.050000e+01
    endloop
  endfacet
  facet normal -1.079131e-16 4.339263e-02 -9.990581e-01
    outer loop
      vertex   1.300000e+02 7.500000e+00 2.550000e+01
      vertex   1.300000e+02 6.806372e+00 2.546987e+01
      vertex   1.175000e+02 7.500000e+00 2.550000e+01
    endloop
  endfacet
  facet normal 1.260688e-05 4.361939e-02 -9.990482e-01
    outer loop
      vertex   1.175000e+02 7.500000e+00 2.550000e+01
      vertex   1.300000e+02 6.806372e+00 2.546987e+01
      vertex   1.175000e+02 6.802754e+00 2.546956e+01
    endloop
  endfacet
  facet normal -1.254099e-05 1.298511e-01 -9.915335e-01
    outer loop
      vertex   1.175000e+02 6.802754e+00 2.546956e+01
      vertex   1.300000e+02 6.806372e+00 2.546987e+01
      vertex   1.300000e+02 6.117968e+00 2.537972e+01
    endloop
  endfacet
  facet normal 2.508199e-05 1.305262e-01 -9.914449e-01
    outer loop
      vertex   1.175000e+02 6.802754e+00 2.546956e+01
      vertex   1.300000e+02 6.117968e+00 2.537972e+01
      vertex   1.175000e+02 6.110815e+00 2.537846e+01
    endloop
  endfacet
  facet normal -2.495022e-05 2.153315e-01 -9.765410e-01
    outer loop
      vertex   1.175000e+02 6.110815e+00 2.537846e+01
      vertex   1.300000e+02 6.117968e+00 2.537972e+01
      vertex   1.300000e+02 5.439973e+00 2.523022e+01
    endloop
  endfacet
  facet normal 3.742533e-05 2.164396e-01 -9.762960e-01
    outer loop
      vertex   1.175000e+02 6.110815e+00 2.537846e+01
      vertex   1.300000e+02 5.439973e+00 2.523022e+01
      vertex   1.175000e+02 5.429448e+00 2.522741e+01
    endloop
  endfacet
  facet normal -3.722768e-05 2.991901e-01 -9.541935e-01
    outer loop
      vertex   1.175000e+02 5.429448e+00 2.522741e+01
      vertex   1.300000e+02 5.439973e+00 2.523022e+01
      vertex   1.300000e+02 4.777494e+00 2.502250e+01
    endloop
  endfacet
  facet normal 4.963691e-05 3.007058e-01 -9.537169e-01
    outer loop
      vertex   1.175000e+02 5.429448e+00 2.522741e+01
      vertex   1.300000e+02 4.777494e+00 2.502250e+01
      vertex   1.175000e+02 4.763839e+00 2.501754e+01
    endloop
  endfacet
  facet normal -4.937337e-05 3.807953e-01 -9.246593e-01
    outer loop
      vertex   1.175000e+02 4.763839e+00 2.501754e+01
      vertex   1.300000e+02 4.777494e+00 2.502250e+01
      vertex   1.300000e+02 4.135519e+00 2.475812e+01
    endloop
  endfacet
  facet normal 6.171671e-05 3.826834e-01 -9.238795e-01
    outer loop
      vertex   1.175000e+02 4.763839e+00 2.501754e+01
      vertex   1.300000e+02 4.135519e+00 2.475812e+01
      vertex   1.175000e+02 4.119054e+00 2.475046e+01
    endloop
  endfacet
  facet normal -6.138729e-05 4.595325e-01 -8.881609e-01
    outer loop
      vertex   1.175000e+02 4.119054e+00 2.475046e+01
      vertex   1.300000e+02 4.135519e+00 2.475812e+01
      vertex   1.300000e+02 3.518885e+00 2.443907e+01
    endloop
  endfacet
  facet normal 7.366474e-05 4.617486e-01 -8.870108e-01
    outer loop
      vertex   1.175000e+02 4.119054e+00 2.475046e+01
      vertex   1.300000e+02 3.518885e+00 2.443907e+01
      vertex   1.175000e+02 3.500000e+00 2.442820e+01
    endloop
  endfacet
  facet normal -7.326943e-05 5.348087e-01 -8.449732e-01
    outer loop
      vertex   1.175000e+02 3.500000e+00 2.442820e+01
      vertex   1.300000e+02 3.518885e+00 2.443907e+01
      vertex   1.300000e+02 2.932236e+00 2.406776e+01
    endloop
  endfacet
  facet normal 8.548099e-05 5.372996e-01 -8.433914e-01
    outer loop
      vertex   1.175000e+02 3.500000e+00 2.442820e+01
      vertex   1.300000e+02 2.932236e+00 2.406776e+01
      vertex   1.175000e+02 2.911389e+00 2.405322e+01
    endloop
  endfacet
  facet normal -8.501979e-05 6.060568e-01 -7.954214e-01
    outer loop
      vertex   1.175000e+02 2.911389e+00 2.405322e+01
      vertex   1.300000e+02 2.932236e+00 2.406776e+01
      vertex   1.300000e+02 2.379989e+00 2.364699e+01
    endloop
  endfacet
  facet normal 9.716547e-05 6.087614e-01 -7.933533e-01
    outer loop
      vertex   1.175000e+02 2.911389e+00 2.405322e+01
      vertex   1.300000e+02 2.379989e+00 2.364699e+01
      vertex   1.175000e+02 2.357699e+00 2.362836e+01
    endloop
  endfacet
  facet normal -9.663838e-05 6.727403e-01 -7.398787e-01
    outer loop
      vertex   1.175000e+02 2.357699e+00 2.362836e+01
      vertex   1.300000e+02 2.379989e+00 2.364699e+01
      vertex   1.300000e+02 1.866304e+00 2.317992e+01
    endloop
  endfacet
  facet normal 1.087182e-04 6.755902e-01 -7.372773e-01
    outer loop
      vertex   1.175000e+02 2.357699e+00 2.362836e+01
      vertex   1.300000e+02 1.866304e+00 2.317992e+01
      vertex   1.175000e+02 1.843146e+00 2.315685e+01
    endloop
  endfacet
  facet normal -1.081252e-04 7.343570e-01 -6.787635e-01
    outer loop
      vertex   1.175000e+02 1.843146e+00 2.315685e+01
      vertex   1.300000e+02 1.866304e+00 2.317992e+01
      vertex   1.300000e+02 1.395051e+00 2.267007e+01
    endloop
  endfacet
  facet normal 1.201391e-04 7.372773e-01 -6.755902e-01
    outer loop
      vertex   1.175000e+02 1.843146e+00 2.315685e+01
      vertex   1.300000e+02 1.395051e+00 2.267007e+01
      vertex   1.175000e+02 1.371644e+00 2.264230e+01
    endloop
  endfacet
  facet normal -1.194802e-04 7.904427e-01 -6.125360e-01
    outer loop
      vertex   1.175000e+02 1.371644e+00 2.264230e+01
      vertex   1.300000e+02 1.395051e+00 2.267007e+01
      vertex   1.300000e+02 9.697784e-01 2.212128e+01
    endloop
  endfacet
  facet normal 1.314282e-04 7.933533e-01 -6.087614e-01
    outer loop
      vertex   1.175000e+02 1.371644e+00 2.264230e+01
      vertex   1.300000e+02 9.697784e-01 2.212128e+01
      vertex   1.175000e+02 9.467836e-01 2.208861e+01
    endloop
  endfacet
  facet normal -1.307034e-04 8.405750e-01 -5.416952e-01
    outer loop
      vertex   1.175000e+02 9.467836e-01 2.208861e+01
      vertex   1.300000e+02 9.697784e-01 2.212128e+01
      vertex   1.300000e+02 5.936892e-01 2.153768e+01
    endloop
  endfacet
  facet normal 1.425855e-04 8.433914e-01 -5.372996e-01
    outer loop
      vertex   1.175000e+02 9.467836e-01 2.208861e+01
      vertex   1.300000e+02 5.936892e-01 2.153768e+01
      vertex   1.175000e+02 5.717968e-01 2.150000e+01
    endloop
  endfacet
  facet normal -1.417948e-04 8.843764e-01 -4.667744e-01
    outer loop
      vertex   1.175000e+02 5.717968e-01 2.150000e+01
      vertex   1.300000e+02 5.936892e-01 2.153768e+01
      vertex   1.300000e+02 2.696161e-01 2.092367e+01
    endloop
  endfacet
  facet normal 1.536111e-04 8.870108e-01 -4.617486e-01
    outer loop
      vertex   1.175000e+02 5.717968e-01 2.150000e+01
      vertex   1.300000e+02 2.696161e-01 2.092367e+01
      vertex   1.175000e+02 2.495377e-01 2.088095e+01
    endloop
  endfacet
  facet normal -1.527545e-04 9.215170e-01 -3.883381e-01
    outer loop
      vertex   1.175000e+02 2.495377e-01 2.088095e+01
      vertex   1.300000e+02 2.696161e-01 2.092367e+01
      vertex   1.300000e+02 -1.110223e-15 2.028388e+01
    endloop
  endfacet
  facet normal 1.645048e-04 9.238795e-01 -3.826834e-01
    outer loop
      vertex   1.175000e+02 2.495377e-01 2.088095e+01
      vertex   1.300000e+02 -1.110223e-15 2.028388e+01
      vertex   1.175000e+02 -1.754097e-02 2.023616e+01
    endloop
  endfacet
  facet normal -8.025471e-05 9.452256e-01 -3.264176e-01
    outer loop
      vertex   1.175000e+02 -1.754097e-02 2.023616e+01
      vertex   1.300000e+02 -1.110223e-15 2.028388e+01
      vertex   1.299969e+02 -1.165991e-01 1.994624e+01
    endloop
  endfacet
  facet normal 5.835503e-04 9.537168e-01 -3.007057e-01
    outer loop
      vertex   1.175000e+02 -1.754097e-02 2.023616e+01
      vertex   1.299969e+02 -1.165991e-01 1.994624e+01
      vertex   1.175000e+02 -2.274066e-01 1.957055e+01
    endloop
  endfacet
  facet normal -1.197930e-05 9.592583e-01 -2.825304e-01
    outer loop
      vertex   1.175000e+02 -2.274066e-01 1.957055e+01
      vertex   1.299969e+02 -1.165991e-01 1.994624e+01
      vertex   1.299895e+02 -2.179115e-01 1.960226e+01
    endloop
  endfacet
  facet normal -1.307194e-04 9.709547e-01 -2.392632e-01
    outer loop
      vertex   1.175000e+02 -2.274066e-01 1.957055e+01
      vertex   1.299895e+02 -2.179115e-01 1.960226e+01
      vertex   1.299793e+02 -3.038231e-01 1.925363e+01
    endloop
  endfacet
  facet normal 4.816128e-04 9.762959e-01 -2.164396e-01
    outer loop
      vertex   1.175000e+02 -2.274066e-01 1.957055e+01
      vertex   1.299793e+02 -3.038231e-01 1.925363e+01
      vertex   1.175000e+02 -3.784620e-01 1.888919e+01
    endloop
  endfacet
  facet normal -1.274660e-04 9.805144e-01 -1.964474e-01
    outer loop
      vertex   1.175000e+02 -3.784620e-01 1.888919e+01
      vertex   1.299793e+02 -3.038231e-01 1.925363e+01
      vertex   1.299677e+02 -3.742662e-01 1.890204e+01
    endloop
  endfacet
  facet normal -1.740348e-04 9.881094e-01 -1.537525e-01
    outer loop
      vertex   1.175000e+02 -3.784620e-01 1.888919e+01
      vertex   1.299677e+02 -3.742662e-01 1.890204e+01
      vertex   1.299562e+02 -4.291732e-01 1.854918e+01
    endloop
  endfacet
  facet normal 4.735216e-04 9.914448e-01 -1.305262e-01
    outer loop
      vertex   1.175000e+02 -3.784620e-01 1.888919e+01
      vertex   1.299562e+02 -4.291732e-01 1.854918e+01
      vertex   1.175000e+02 -4.695576e-01 1.819725e+01
    endloop
  endfacet
  facet normal -9.063807e-05 9.938390e-01 -1.108335e-01
    outer loop
      vertex   1.175000e+02 -4.695576e-01 1.819725e+01
      vertex   1.299562e+02 -4.291732e-01 1.854918e+01
      vertex   1.299462e+02 -4.684763e-01 1.819676e+01
    endloop
  endfacet
  facet normal -8.928994e-05 9.977323e-01 -6.730730e-02
    outer loop
      vertex   1.175000e+02 -4.695576e-01 1.819725e+01
      vertex   1.299462e+02 -4.684763e-01 1.819676e+01
      vertex   1.299392e+02 -4.921078e-01 1.784647e+01
    endloop
  endfacet
  facet normal 1.784965e-16 9.997407e-01 -2.277300e-02
    outer loop
      vertex   1.299365e+02 -5.000000e-01 1.750000e+01
      vertex   1.175000e+02 -5.000000e-01 1.750000e+01
      vertex   1.299392e+02 -4.921078e-01 1.784647e+01
    endloop
  endfacet
  facet normal 5.810775e-04 9.990481e-01 -4.361938e-02
    outer loop
      vertex   1.299392e+02 -4.921078e-01 1.784647e+01
      vertex   1.175000e+02 -5.000000e-01 1.750000e+01
      vertex   1.175000e+02 -4.695576e-01 1.819725e+01
    endloop
  endfacet
  facet normal -1.093142e-15 -1.000000e+00 -1.421085e-15
    outer loop
      vertex   1.230000e+02 2.050000e+01 2.050000e+01
      vertex   1.295000e+02 2.050000e+01 2.050000e+01
      vertex   1.230000e+02 2.050000e+01 2.550000e+01
    endloop
  endfacet
  facet normal 0.000000e+00 -1.000000e+00 0.000000e+00
    outer loop
      vertex   1.230000e+02 2.050000e+01 2.550000e+01
      vertex   1.295000e+02 2.050000e+01 2.050000e+01
      vertex   1.295000e+02 2.050000e+01 2.550000e+01
    endloop
  endfacet
  facet normal 0.000000e+00 0.000000e+00 -1.000000e+00
    outer loop
      vertex   1.295000e+02 2.050000e+01 2.050000e+01
      vertex   1.230000e+02 2.050000e+01 2.050000e+01
      vertex   1.250000e+02 2.500000e+01 2.050000e+01
    endloop
  endfacet
  facet normal 0.000000e+00 0.000000e+00 -1.000000e+00
    outer loop
      vertex   1.250000e+02 2.500000e+01 2.050000e+01
      vertex   1.230000e+02 2.050000e+01 2.050000e+01
      vertex   1.226442e+02 2.052545e+01 2.050000e+01
    endloop
  endfacet
  facet normal 0.000000e+00 0.000000e+00 -1.000000e+00
    outer loop
      vertex   1.250000e+02 2.500000e+01 2.050000e+01
      vertex   1.226442e+02 2.052545e+01 2.050000e+01
      vertex   1.222957e+02 2.060127e+01 2.050000e+01
    endloop
  endfacet
  facet normal 0.000000e+00 0.000000e+00 -1.000000e+00
    outer loop
      vertex   1.222957e+02 2.060127e+01 2.050000e+01
      vertex   1.219615e+02 2.072592e+01 2.050000e+01
      vertex   1.250000e+02 2.500000e+01 2.050000e+01
    endloop
  endfacet
  facet normal 0.000000e+00 0.000000e+00 -1.000000e+00
    outer loop
      vertex   1.250000e+02 2.500000e+01 2.050000e+01
      vertex   1.219615e+02 2.072592e+01 2.050000e+01
      vertex   1.216484e+02 2.089687e+01 2.050000e+01
    endloop
  endfacet
  facet normal 0.000000e+00 0.000000e+00 -1.000000e+00
    outer loop
      vertex   1.250000e+02 2.500000e+01 2.050000e+01
      vertex   1.216484e+02 2.089687e+01 2.050000e+01
      vertex   1.213628e+02 2.111063e+01 2.050000e+01
    endloop
  endfacet
  facet normal 0.000000e+00 0.000000e+00 -1.000000e+00
    outer loop
      vertex   1.213628e+02 2.111063e+01 2.050000e+01
      vertex   1.211106e+02 2.136285e+01 2.050000e+01
      vertex   1.250000e+02 2.500000e+01 2.050000e+01
    endloop
  endfacet
  facet normal 0.000000e+00 0.000000e+00 -1.000000e+00
    outer loop
      vertex   1.250000e+02 2.500000e+01 2.050000e+01
      vertex   1.211106e+02 2.136285e+01 2.050000e+01
      vertex   1.208969e+02 2.164840e+01 2.050000e+01
    endloop
  endfacet
  facet normal 0.000000e+00 0.000000e+00 -1.000000e+00
    outer loop
      vertex   1.250000e+02 2.500000e+01 2.050000e+01
      vertex   1.208969e+02 2.164840e+01 2.050000e+01
      vertex   1.207259e+02 2.196146e+01 2.050000e+01
    endloop
  endfacet
  facet normal 0.000000e+00 0.000000e+00 -1.000000e+00
    outer loop
      vertex   1.207259e+02 2.196146e+01 2.050000e+01
      vertex   1.206013e+02 2.229567e+01 2.050000e+01
      vertex   1.250000e+02 2.500000e+01 2.050000e+01
    endloop
  endfacet
  facet normal 0.000000e+00 0.000000e+00 -1.000000e+00
    outer loop
      vertex   1.250000e+02 2.500000e+01 2.050000e+01
      vertex   1.206013e+02 2.229567e+01 2.050000e+01
      vertex   1.205254e+02 2.264421e+01 2.050000e+01
    endloop
  endfacet
  facet normal 0.000000e+00 0.000000e+00 -1.000000e+00
    outer loop
      vertex   1.250000e+02 2.500000e+01 2.050000e+01
      vertex   1.205254e+02 2.264421e+01 2.050000e+01
      vertex   1.205000e+02 2.300000e+01 2.050000e+01
    endloop
  endfacet
  facet normal 0.000000e+00 0.000000e+00 -1.000000e+00
    outer loop
      vertex   1.205000e+02 2.300000e+01 2.050000e+01
      vertex   1.205000e+02 2.950000e+01 2.050000e+01
      vertex   1.250000e+02 2.500000e+01 2.050000e+01
    endloop
  endfacet
  facet normal 0.000000e+00 0.000000e+00 -1.000000e+00
    outer loop
      vertex   1.148145e+02 7.867352e+00 2.550000e+01
      vertex   1.152507e+02 8.200953e+00 2.550000e+01
      vertex   1.154749e+02 7.707194e+00 2.550000e+01
    endloop
  endfacet
  facet normal 0.000000e+00 0.000000e+00 -1.000000e+00
    outer loop
      vertex   1.154749e+02 7.707194e+00 2.550000e+01
      vertex   1.152507e+02 8.200953e+00 2.550000e+01
      vertex   1.156478e+02 8.580389e+00 2.550000e+01
    endloop
  endfacet
  facet normal 0.000000e+00 0.000000e+00 -1.000000e+00
    outer loop
      vertex   1.154749e+02 7.707194e+00 2.550000e+01
      vertex   1.156478e+02 8.580389e+00 2.550000e+01
      vertex   1.161447e+02 7.592264e+00 2.550000e+01
    endloop
  endfacet
  facet normal 0.000000e+00 0.000000e+00 -1.000000e+00
    outer loop
      vertex   1.161447e+02 7.592264e+00 2.550000e+01
      vertex   1.156478e+02 8.580389e+00 2.550000e+01
      vertex   1.160008e+02 9.001082e+00 2.550000e+01
    endloop
  endfacet
  facet normal 0.000000e+00 0.000000e+00 -1.000000e+00
    outer loop
      vertex   1.161447e+02 7.592264e+00 2.550000e+01
      vertex   1.160008e+02 9.001082e+00 2.550000e+01
      vertex   1.168208e+02 7.523093e+00 2.550000e+01
    endloop
  endfacet
  facet normal 0.000000e+00 0.000000e+00 -1.000000e+00
    outer loop
      vertex   1.168208e+02 7.523093e+00 2.550000e+01
      vertex   1.160008e+02 9.001082e+00 2.550000e+01
      vertex   1.163056e+02 9.457955e+00 2.550000e+01
    endloop
  endfacet
  facet normal 0.000000e+00 0.000000e+00 -1.000000e+00
    outer loop
      vertex   1.168208e+02 7.523093e+00 2.550000e+01
      vertex   1.163056e+02 9.457955e+00 2.550000e+01
      vertex   1.175000e+02 7.500000e+00 2.550000e+01
    endloop
  endfacet
  facet normal 0.000000e+00 0.000000e+00 -1.000000e+00
    outer loop
      vertex   1.175000e+02 7.500000e+00 2.550000e+01
      vertex   1.163056e+02 9.457955e+00 2.550000e+01
      vertex   1.165584e+02 9.945497e+00 2.550000e+01
    endloop
  endfacet
  facet normal 0.000000e+00 0.000000e+00 -1.000000e+00
    outer loop
      vertex   1.175000e+02 7.500000e+00 2.550000e+01
      vertex   1.165584e+02 9.945497e+00 2.550000e+01
      vertex   1.167562e+02 1.045783e+01 2.550000e+01
    endloop
  endfacet
  facet normal 0.000000e+00 0.000000e+00 -1.000000e+00
    outer loop
      vertex   1.167562e+02 1.045783e+01 2.550000e+01
      vertex   1.168967e+02 1.098876e+01 2.550000e+01
      vertex   1.175000e+02 7.500000e+00 2.550000e+01
    endloop
  endfacet
  facet normal 0.000000e+00 0.000000e+00 -1.000000e+00
    outer loop
      vertex   1.175000e+02 7.500000e+00 2.550000e+01
      vertex   1.168967e+02 1.098876e+01 2.550000e+01
      vertex   1.169780e+02 1.153190e+01 2.550000e+01
    endloop
  endfacet
  facet normal 0.000000e+00 0.000000e+00 -1.000000e+00
    outer loop
      vertex   1.175000e+02 7.500000e+00 2.550000e+01
      vertex   1.169780e+02 1.153190e+01 2.550000e+01
      vertex   1.300000e+02 7.500000e+00 2.550000e+01
    endloop
  endfacet
  facet normal 0.000000e+00 0.000000e+00 -1.000000e+00
    outer loop
      vertex   1.300000e+02 7.500000e+00 2.550000e+01
      vertex   1.169780e+02 1.153190e+01 2.550000e+01
      vertex   1.169994e+02 1.208068e+01 2.550000e+01
    endloop
  endfacet
  facet normal 0.000000e+00 0.000000e+00 -1.000000e+00
    outer loop
      vertex   1.300000e+02 7.500000e+00 2.550000e+01
      vertex   1.169994e+02 1.208068e+01 2.550000e+01
      vertex   1.169603e+02 1.262849e+01 2.550000e+01
    endloop
  endfacet
  facet normal 0.000000e+00 0.000000e+00 -1.000000e+00
    outer loop
      vertex   1.300000e+02 7.500000e+00 2.550000e+01
      vertex   1.169603e+02 1.262849e+01 2.550000e+01
      vertex   1.230000e+02 2.050000e+01 2.550000e+01
    endloop
  endfacet
  facet normal 0.000000e+00 0.000000e+00 -1.000000e+00
    outer loop
      vertex   1.230000e+02 2.050000e+01 2.550000e+01
      vertex   1.169603e+02 1.262849e+01 2.550000e+01
      vertex   1.168615e+02 1.316872e+01 2.550000e+01
    endloop
  endfacet
  facet normal -0.000000e+00 0.000000e+00 -1.000000e+00
    outer loop
      vertex   1.230000e+02 2.050000e+01 2.550000e+01
      vertex   1.168615e+02 1.316872e+01 2.550000e+01
      vertex   1.226442e+02 2.052545e+01 2.550000e+01
    endloop
  endfacet
  facet normal 0.000000e+00 0.000000e+00 -1.000000e+00
    outer loop
      vertex   1.226442e+02 2.052545e+01 2.550000e+01
      vertex   1.168615e+02 1.316872e+01 2.550000e+01
      vertex   1.167040e+02 1.369484e+01 2.550000e+01
    endloop
  endfacet
  facet normal -0.000000e+00 0.000000e+00 -1.000000e+00
    outer loop
      vertex   1.226442e+02 2.052545e+01 2.550000e+01
      vertex   1.167040e+02 1.369484e+01 2.550000e+01
      vertex   1.222957e+02 2.060127e+01 2.550000e+01
    endloop
  endfacet
  facet normal 0.000000e+00 0.000000e+00 -1.000000e+00
    outer loop
      vertex   1.222957e+02 2.060127e+01 2.550000e+01
      vertex   1.167040e+02 1.369484e+01 2.550000e+01
      vertex   1.164897e+02 1.420052e+01 2.550000e+01
    endloop
  endfacet
  facet normal -0.000000e+00 0.000000e+00 -1.000000e+00
    outer loop
      vertex   1.222957e+02 2.060127e+01 2.550000e+01
      vertex   1.164897e+02 1.420052e+01 2.550000e+01
      vertex   1.219615e+02 2.072592e+01 2.550000e+01
    endloop
  endfacet
  facet normal 0.000000e+00 0.000000e+00 -1.000000e+00
    outer loop
      vertex   1.219615e+02 2.072592e+01 2.550000e+01
      vertex   1.164897e+02 1.420052e+01 2.550000e+01
      vertex   1.162213e+02 1.467965e+01 2.550000e+01
    endloop
  endfacet
  facet normal -0.000000e+00 0.000000e+00 -1.000000e+00
    outer loop
      vertex   1.219615e+02 2.072592e+01 2.550000e+01
      vertex   1.162213e+02 1.467965e+01 2.550000e+01
      vertex   1.216484e+02 2.089687e+01 2.550000e+01
    endloop
  endfacet
  facet normal 0.000000e+00 0.000000e+00 -1.000000e+00
    outer loop
      vertex   1.216484e+02 2.089687e+01 2.550000e+01
      vertex   1.162213e+02 1.467965e+01 2.550000e+01
      vertex   1.159020e+02 1.512645e+01 2.550000e+01
    endloop
  endfacet
  facet normal -0.000000e+00 0.000000e+00 -1.000000e+00
    outer loop
      vertex   1.216484e+02 2.089687e+01 2.550000e+01
      vertex   1.159020e+02 1.512645e+01 2.550000e+01
      vertex   1.213628e+02 2.111063e+01 2.550000e+01
    endloop
  endfacet
  facet normal 0.000000e+00 0.000000e+00 -1.000000e+00
    outer loop
      vertex   1.213628e+02 2.111063e+01 2.550000e+01
      vertex   1.159020e+02 1.512645e+01 2.550000e+01
      vertex   1.155355e+02 1.553553e+01 2.550000e+01
    endloop
  endfacet
  facet normal -0.000000e+00 0.000000e+00 -1.000000e+00
    outer loop
      vertex   1.213628e+02 2.111063e+01 2.550000e+01
      vertex   1.155355e+02 1.553553e+01 2.550000e+01
      vertex   1.211106e+02 2.136285e+01 2.550000e+01
    endloop
  endfacet
  facet normal 0.000000e+00 0.000000e+00 -1.000000e+00
    outer loop
      vertex   1.211106e+02 2.136285e+01 2.550000e+01
      vertex   1.155355e+02 1.553553e+01 2.550000e+01
      vertex   1.151265e+02 1.590196e+01 2.550000e+01
    endloop
  endfacet
  facet normal -0.000000e+00 0.000000e+00 -1.000000e+00
    outer loop
      vertex   1.211106e+02 2.136285e+01 2.550000e+01
      vertex   1.151265e+02 1.590196e+01 2.550000e+01
      vertex   1.208969e+02 2.164840e+01 2.550000e+01
    endloop
  endfacet
  facet normal 0.000000e+00 0.000000e+00 -1.000000e+00
    outer loop
      vertex   1.208969e+02 2.164840e+01 2.550000e+01
      vertex   1.151265e+02 1.590196e+01 2.550000e+01
      vertex   1.146797e+02 1.622131e+01 2.550000e+01
    endloop
  endfacet
  facet normal -0.000000e+00 0.000000e+00 -1.000000e+00
    outer loop
      vertex   1.208969e+02 2.164840e+01 2.550000e+01
      vertex   1.146797e+02 1.622131e+01 2.550000e+01
      vertex   1.207259e+02 2.196146e+01 2.550000e+01
    endloop
  endfacet
  facet normal 0.000000e+00 0.000000e+00 -1.000000e+00
    outer loop
      vertex   1.207259e+02 2.196146e+01 2.550000e+01
      vertex   1.146797e+02 1.622131e+01 2.550000e+01
      vertex   1.142005e+02 1.648973e+01 2.550000e+01
    endloop
  endfacet
  facet normal -0.000000e+00 0.000000e+00 -1.000000e+00
    outer loop
      vertex   1.207259e+02 2.196146e+01 2.550000e+01
      vertex   1.142005e+02 1.648973e+01 2.550000e+01
      vertex   1.206013e+02 2.229567e+01 2.550000e+01
    endloop
  endfacet
  facet normal 0.000000e+00 0.000000e+00 -1.000000e+00
    outer loop
      vertex   1.206013e+02 2.229567e+01 2.550000e+01
      vertex   1.142005e+02 1.648973e+01 2.550000e+01
      vertex   1.136948e+02 1.670399e+01 2.550000e+01
    endloop
  endfacet
  facet normal -0.000000e+00 0.000000e+00 -1.000000e+00
    outer loop
      vertex   1.206013e+02 2.229567e+01 2.550000e+01
      vertex   1.136948e+02 1.670399e+01 2.550000e+01
      vertex   1.205254e+02 2.264421e+01 2.550000e+01
    endloop
  endfacet
  facet normal 0.000000e+00 0.000000e+00 -1.000000e+00
    outer loop
      vertex   1.205254e+02 2.264421e+01 2.550000e+01
      vertex   1.136948e+02 1.670399e+01 2.550000e+01
      vertex   1.131687e+02 1.686149e+01 2.550000e+01
    endloop
  endfacet
  facet normal -0.000000e+00 0.000000e+00 -1.000000e+00
    outer loop
      vertex   1.205254e+02 2.264421e+01 2.550000e+01
      vertex   1.131687e+02 1.686149e+01 2.550000e+01
      vertex   1.205000e+02 2.300000e+01 2.550000e+01
    endloop
  endfacet
  facet normal 0.000000e+00 0.000000e+00 -1.000000e+00
    outer loop
      vertex   1.205000e+02 2.300000e+01 2.550000e+01
      vertex   1.131687e+02 1.686149e+01 2.550000e+01
      vertex   1.126285e+02 1.696034e+01 2.550000e+01
    endloop
  endfacet
  facet normal -0.000000e+00 0.000000e+00 -1.000000e+00
    outer loop
      vertex   1.205000e+02 2.300000e+01 2.550000e+01
      vertex   1.126285e+02 1.696034e+01 2.550000e+01
      vertex   1.075000e+02 3.000000e+01 2.550000e+01
    endloop
  endfacet
  facet normal 0.000000e+00 0.000000e+00 -1.000000e+00
    outer loop
      vertex   1.075000e+02 3.000000e+01 2.550000e+01
      vertex   1.126285e+02 1.696034e+01 2.550000e+01
      vertex   1.120807e+02 1.699935e+01 2.550000e+01
    endloop
  endfacet
  facet normal 0.000000e+00 0.000000e+00 -1.000000e+00
    outer loop
      vertex   1.075000e+02 3.000000e+01 2.550000e+01
      vertex   1.120807e+02 1.699935e+01 2.550000e+01
      vertex   1.115319e+02 1.697804e+01 2.550000e+01
    endloop
  endfacet
  facet normal 0.000000e+00 0.000000e+00 -1.000000e+00
    outer loop
      vertex   1.075000e+02 3.000000e+01 2.550000e+01
      vertex   1.115319e+02 1.697804e+01 2.550000e+01
      vertex   1.075000e+02 1.750000e+01 2.550000e+01
    endloop
  endfacet
  facet normal 0.000000e+00 0.000000e+00 -1.000000e+00
    outer loop
      vertex   1.075000e+02 1.750000e+01 2.550000e+01
      vertex   1.115319e+02 1.697804e+01 2.550000e+01
      vertex   1.109888e+02 1.689667e+01 2.550000e+01
    endloop
  endfacet
  facet normal 0.000000e+00 0.000000e+00 -1.000000e+00
    outer loop
      vertex   1.075000e+02 1.750000e+01 2.550000e+01
      vertex   1.109888e+02 1.689667e+01 2.550000e+01
      vertex   1.104578e+02 1.675623e+01 2.550000e+01
    endloop
  endfacet
  facet normal -0.000000e+00 0.000000e+00 -1.000000e+00
    outer loop
      vertex   1.104578e+02 1.675623e+01 2.550000e+01
      vertex   1.099455e+02 1.655840e+01 2.550000e+01
      vertex   1.075000e+02 1.750000e+01 2.550000e+01
    endloop
  endfacet
  facet normal 0.000000e+00 0.000000e+00 -1.000000e+00
    outer loop
      vertex   1.075000e+02 1.750000e+01 2.550000e+01
      vertex   1.099455e+02 1.655840e+01 2.550000e+01
      vertex   1.094580e+02 1.630558e+01 2.550000e+01
    endloop
  endfacet
  facet normal 0.000000e+00 0.000000e+00 -1.000000e+00
    outer loop
      vertex   1.075000e+02 1.750000e+01 2.550000e+01
      vertex   1.094580e+02 1.630558e+01 2.550000e+01
      vertex   1.075231e+02 1.682080e+01 2.550000e+01
    endloop
  endfacet
  facet normal 0.000000e+00 0.000000e+00 -1.000000e+00
    outer loop
      vertex   1.075231e+02 1.682080e+01 2.550000e+01
      vertex   1.094580e+02 1.630558e+01 2.550000e+01
      vertex   1.090011e+02 1.600081e+01 2.550000e+01
    endloop
  endfacet
  facet normal 0.000000e+00 0.000000e+00 -1.000000e+00
    outer loop
      vertex   1.075231e+02 1.682080e+01 2.550000e+01
      vertex   1.090011e+02 1.600081e+01 2.550000e+01
      vertex   1.075923e+02 1.614473e+01 2.550000e+01
    endloop
  endfacet
  facet normal 0.000000e+00 0.000000e+00 -1.000000e+00
    outer loop
      vertex   1.075923e+02 1.614473e+01 2.550000e+01
      vertex   1.090011e+02 1.600081e+01 2.550000e+01
      vertex   1.085804e+02 1.564777e+01 2.550000e+01
    endloop
  endfacet
  facet normal 0.000000e+00 0.000000e+00 -1.000000e+00
    outer loop
      vertex   1.075923e+02 1.614473e+01 2.550000e+01
      vertex   1.085804e+02 1.564777e+01 2.550000e+01
      vertex   1.077072e+02 1.547492e+01 2.550000e+01
    endloop
  endfacet
  facet normal 0.000000e+00 0.000000e+00 -1.000000e+00
    outer loop
      vertex   1.077072e+02 1.547492e+01 2.550000e+01
      vertex   1.085804e+02 1.564777e+01 2.550000e+01
      vertex   1.082010e+02 1.525073e+01 2.550000e+01
    endloop
  endfacet
  facet normal 0.000000e+00 0.000000e+00 -1.000000e+00
    outer loop
      vertex   1.077072e+02 1.547492e+01 2.550000e+01
      vertex   1.082010e+02 1.525073e+01 2.550000e+01
      vertex   1.078674e+02 1.481446e+01 2.550000e+01
    endloop
  endfacet
  facet normal 0.000000e+00 0.000000e+00 -1.000000e+00
    outer loop
      vertex   1.075000e+02 3.000000e+01 2.550000e+01
      vertex   1.200000e+02 3.000000e+01 2.550000e+01
      vertex   1.205000e+02 2.300000e+01 2.550000e+01
    endloop
  endfacet
  facet normal 0.000000e+00 0.000000e+00 -1.000000e+00
    outer loop
      vertex   1.205000e+02 2.300000e+01 2.550000e+01
      vertex   1.200000e+02 3.000000e+01 2.550000e+01
      vertex   1.205000e+02 2.950000e+01 2.550000e+01
    endloop
  endfacet
  facet normal -0.000000e+00 -0.000000e+00 -1.000000e+00
    outer loop
      vertex   1.295000e+02 2.050000e+01 2.550000e+01
      vertex   1.300000e+02 2.000000e+01 2.550000e+01
      vertex   1.230000e+02 2.050000e+01 2.550000e+01
    endloop
  endfacet
  facet normal 0.000000e+00 0.000000e+00 -1.000000e+00
    outer loop
      vertex   1.230000e+02 2.050000e+01 2.550000e+01
      vertex   1.300000e+02 2.000000e+01 2.550000e+01
      vertex   1.300000e+02 7.500000e+00 2.550000e+01
    endloop
  endfacet
  facet normal 4.205186e-02 1.019745e-02 -9.990634e-01
    outer loop
      vertex   1.077072e+02 1.547492e+01 2.550000e+01
      vertex   1.078674e+02 1.481446e+01 2.550000e+01
      vertex   1.070911e+02 1.503305e+01 2.546956e+01
    endloop
  endfacet
  facet normal 3.746591e-02 -6.118845e-03 -9.992792e-01
    outer loop
      vertex   1.070911e+02 1.503305e+01 2.546956e+01
      vertex   1.078674e+02 1.481446e+01 2.550000e+01
      vertex   1.076447e+02 1.445587e+01 2.549385e+01
    endloop
  endfacet
  facet normal 6.076568e-02 1.628211e-02 -9.980193e-01
    outer loop
      vertex   1.070911e+02 1.503305e+01 2.546956e+01
      vertex   1.076447e+02 1.445587e+01 2.549385e+01
      vertex   1.072522e+02 1.443200e+01 2.546956e+01
    endloop
  endfacet
  facet normal 6.085328e-02 1.485879e-02 -9.980361e-01
    outer loop
      vertex   1.072522e+02 1.443200e+01 2.546956e+01
      vertex   1.076447e+02 1.445587e+01 2.549385e+01
      vertex   1.074533e+02 1.408024e+01 2.547659e+01
    endloop
  endfacet
  facet normal 8.957410e-02 3.133371e-02 -9.954872e-01
    outer loop
      vertex   1.072522e+02 1.443200e+01 2.546956e+01
      vertex   1.074533e+02 1.408024e+01 2.547659e+01
      vertex   1.072942e+02 1.368966e+01 2.544997e+01
    endloop
  endfacet
  facet normal 1.354450e-01 4.166098e-02 -9.899086e-01
    outer loop
      vertex   1.071683e+02 1.328620e+01 2.541577e+01
      vertex   1.067977e+02 1.360467e+01 2.537846e+01
      vertex   1.072942e+02 1.368966e+01 2.544997e+01
    endloop
  endfacet
  facet normal 1.349150e-01 4.470597e-02 -9.898481e-01
    outer loop
      vertex   1.072942e+02 1.368966e+01 2.544997e+01
      vertex   1.067977e+02 1.360467e+01 2.537846e+01
      vertex   1.065893e+02 1.423354e+01 2.537846e+01
    endloop
  endfacet
  facet normal 1.262783e-01 3.330394e-02 -9.914356e-01
    outer loop
      vertex   1.072942e+02 1.368966e+01 2.544997e+01
      vertex   1.065893e+02 1.423354e+01 2.537846e+01
      vertex   1.072522e+02 1.443200e+01 2.546956e+01
    endloop
  endfacet
  facet normal 1.261311e-01 3.379672e-02 -9.914377e-01
    outer loop
      vertex   1.072522e+02 1.443200e+01 2.546956e+01
      vertex   1.065893e+02 1.423354e+01 2.537846e+01
      vertex   1.070911e+02 1.503305e+01 2.546956e+01
    endloop
  endfacet
  facet normal 1.508115e-01 5.991356e-02 -9.867453e-01
    outer loop
      vertex   1.067977e+02 1.360467e+01 2.537846e+01
      vertex   1.071683e+02 1.328620e+01 2.541577e+01
      vertex   1.070423e+02 1.298897e+01 2.537846e+01
    endloop
  endfacet
  facet normal 1.406959e-01 6.435406e-02 -9.879591e-01
    outer loop
      vertex   1.070423e+02 1.298897e+01 2.537846e+01
      vertex   1.071683e+02 1.328620e+01 2.541577e+01
      vertex   1.070766e+02 1.287212e+01 2.537575e+01
    endloop
  endfacet
  facet normal 2.004839e-01 8.167528e-02 -9.762865e-01
    outer loop
      vertex   1.070423e+02 1.298897e+01 2.537846e+01
      vertex   1.070766e+02 1.287212e+01 2.537575e+01
      vertex   1.064166e+02 1.271910e+01 2.522741e+01
    endloop
  endfacet
  facet normal 2.020679e-01 7.504271e-02 -9.764923e-01
    outer loop
      vertex   1.064166e+02 1.271910e+01 2.522741e+01
      vertex   1.070766e+02 1.287212e+01 2.537575e+01
      vertex   1.070205e+02 1.245187e+01 2.533182e+01
    endloop
  endfacet
  facet normal 2.118506e-01 9.878754e-02 -9.722964e-01
    outer loop
      vertex   1.064166e+02 1.271910e+01 2.522741e+01
      vertex   1.070205e+02 1.245187e+01 2.533182e+01
      vertex   1.067134e+02 1.208275e+01 2.522741e+01
    endloop
  endfacet
  facet normal 2.154109e-01 9.569176e-02 -9.718237e-01
    outer loop
      vertex   1.067134e+02 1.208275e+01 2.522741e+01
      vertex   1.070205e+02 1.245187e+01 2.533182e+01
      vertex   1.070001e+02 1.202840e+01 2.528561e+01
    endloop
  endfacet
  facet normal 2.185535e-01 1.153063e-01 -9.689886e-01
    outer loop
      vertex   1.067134e+02 1.208275e+01 2.522741e+01
      vertex   1.070001e+02 1.202840e+01 2.528561e+01
      vertex   1.070157e+02 1.160398e+01 2.523863e+01
    endloop
  endfacet
  facet normal 2.499171e-01 1.353522e-01 -9.587603e-01
    outer loop
      vertex   1.070157e+02 1.160398e+01 2.523863e+01
      vertex   1.070675e+02 1.118091e+01 2.519242e+01
      vertex   1.067134e+02 1.208275e+01 2.522741e+01
    endloop
  endfacet
  facet normal 2.655322e-01 1.412882e-01 -9.536930e-01
    outer loop
      vertex   1.067134e+02 1.208275e+01 2.522741e+01
      vertex   1.070675e+02 1.118091e+01 2.519242e+01
      vertex   1.061186e+02 1.178402e+01 2.501754e+01
    endloop
  endfacet
  facet normal 2.726369e-01 1.271327e-01 -9.536804e-01
    outer loop
      vertex   1.067134e+02 1.208275e+01 2.522741e+01
      vertex   1.061186e+02 1.178402e+01 2.501754e+01
      vertex   1.064166e+02 1.271910e+01 2.522741e+01
    endloop
  endfacet
  facet normal 2.726369e-01 1.271327e-01 -9.536804e-01
    outer loop
      vertex   1.064166e+02 1.271910e+01 2.522741e+01
      vertex   1.061186e+02 1.178402e+01 2.501754e+01
      vertex   1.058055e+02 1.245546e+01 2.501754e+01
    endloop
  endfacet
  facet normal 2.795678e-01 1.110652e-01 -9.536804e-01
    outer loop
      vertex   1.064166e+02 1.271910e+01 2.522741e+01
      vertex   1.058055e+02 1.245546e+01 2.501754e+01
      vertex   1.061574e+02 1.337163e+01 2.522741e+01
    endloop
  endfacet
  facet normal 2.795678e-01 1.110652e-01 -9.536804e-01
    outer loop
      vertex   1.061574e+02 1.337163e+01 2.522741e+01
      vertex   1.058055e+02 1.245546e+01 2.501754e+01
      vertex   1.055319e+02 1.314398e+01 2.501754e+01
    endloop
  endfacet
  facet normal 2.855526e-01 9.462184e-02 -9.536804e-01
    outer loop
      vertex   1.061574e+02 1.337163e+01 2.522741e+01
      vertex   1.055319e+02 1.314398e+01 2.501754e+01
      vertex   1.059365e+02 1.403813e+01 2.522741e+01
    endloop
  endfacet
  facet normal 2.855526e-01 9.462184e-02 -9.536804e-01
    outer loop
      vertex   1.059365e+02 1.403813e+01 2.522741e+01
      vertex   1.055319e+02 1.314398e+01 2.501754e+01
      vertex   1.052989e+02 1.384723e+01 2.501754e+01
    endloop
  endfacet
  facet normal 2.905713e-01 7.785835e-02 -9.536804e-01
    outer loop
      vertex   1.059365e+02 1.403813e+01 2.522741e+01
      vertex   1.052989e+02 1.384723e+01 2.501754e+01
      vertex   1.057548e+02 1.471634e+01 2.522741e+01
    endloop
  endfacet
  facet normal 2.905713e-01 7.785835e-02 -9.536804e-01
    outer loop
      vertex   1.057548e+02 1.471634e+01 2.522741e+01
      vertex   1.052989e+02 1.384723e+01 2.501754e+01
      vertex   1.051071e+02 1.456284e+01 2.501754e+01
    endloop
  endfacet
  facet normal 2.946068e-01 6.083140e-02 -9.536804e-01
    outer loop
      vertex   1.057548e+02 1.471634e+01 2.522741e+01
      vertex   1.051071e+02 1.456284e+01 2.501754e+01
      vertex   1.056128e+02 1.540397e+01 2.522741e+01
    endloop
  endfacet
  facet normal 2.946068e-01 6.083140e-02 -9.536804e-01
    outer loop
      vertex   1.056128e+02 1.540397e+01 2.522741e+01
      vertex   1.051071e+02 1.456284e+01 2.501754e+01
      vertex   1.049573e+02 1.528839e+01 2.501754e+01
    endloop
  endfacet
  facet normal 2.976454e-01 4.359863e-02 -9.536804e-01
    outer loop
      vertex   1.056128e+02 1.540397e+01 2.522741e+01
      vertex   1.049573e+02 1.528839e+01 2.501754e+01
      vertex   1.055111e+02 1.609869e+01 2.522741e+01
    endloop
  endfacet
  facet normal 2.976454e-01 4.359863e-02 -9.536804e-01
    outer loop
      vertex   1.055111e+02 1.609869e+01 2.522741e+01
      vertex   1.049573e+02 1.528839e+01 2.501754e+01
      vertex   1.048500e+02 1.602142e+01 2.501754e+01
    endloop
  endfacet
  facet normal 2.996768e-01 2.621833e-02 -9.536804e-01
    outer loop
      vertex   1.055111e+02 1.609869e+01 2.522741e+01
      vertex   1.048500e+02 1.602142e+01 2.501754e+01
      vertex   1.054499e+02 1.679816e+01 2.522741e+01
    endloop
  endfacet
  facet normal 2.996768e-01 2.621833e-02 -9.536804e-01
    outer loop
      vertex   1.054499e+02 1.679816e+01 2.522741e+01
      vertex   1.048500e+02 1.602142e+01 2.501754e+01
      vertex   1.047854e+02 1.675946e+01 2.501754e+01
    endloop
  endfacet
  facet normal 3.006943e-01 8.749310e-03 -9.536804e-01
    outer loop
      vertex   1.054499e+02 1.679816e+01 2.522741e+01
      vertex   1.047854e+02 1.675946e+01 2.501754e+01
      vertex   1.054294e+02 1.750000e+01 2.522741e+01
    endloop
  endfacet
  facet normal 3.006943e-01 8.749310e-03 -9.536804e-01
    outer loop
      vertex   1.054294e+02 1.750000e+01 2.522741e+01
      vertex   1.047854e+02 1.675946e+01 2.501754e+01
      vertex   1.047638e+02 1.750000e+01 2.501754e+01
    endloop
  endfacet
  facet normal 3.826597e-01 1.113426e-02 -9.238223e-01
    outer loop
      vertex   1.047638e+02 1.750000e+01 2.501754e+01
      vertex   1.047854e+02 1.675946e+01 2.501754e+01
      vertex   1.041417e+02 1.672197e+01 2.475046e+01
    endloop
  endfacet
  facet normal 3.826597e-01 1.113426e-02 -9.238223e-01
    outer loop
      vertex   1.047638e+02 1.750000e+01 2.501754e+01
      vertex   1.041417e+02 1.672197e+01 2.475046e+01
      vertex   1.041191e+02 1.750000e+01 2.475046e+01
    endloop
  endfacet
  facet normal 4.617069e-01 1.343430e-02 -8.869308e-01
    outer loop
      vertex   1.041191e+02 1.750000e+01 2.475046e+01
      vertex   1.041417e+02 1.672197e+01 2.475046e+01
      vertex   1.035237e+02 1.668597e+01 2.442820e+01
    endloop
  endfacet
  facet normal 4.617069e-01 1.343430e-02 -8.869308e-01
    outer loop
      vertex   1.041191e+02 1.750000e+01 2.475046e+01
      vertex   1.035237e+02 1.668597e+01 2.442820e+01
      vertex   1.035000e+02 1.750000e+01 2.442820e+01
    endloop
  endfacet
  facet normal 5.372340e-01 1.563191e-02 -8.432884e-01
    outer loop
      vertex   1.035000e+02 1.750000e+01 2.442820e+01
      vertex   1.035237e+02 1.668597e+01 2.442820e+01
      vertex   1.029361e+02 1.665175e+01 2.405322e+01
    endloop
  endfacet
  facet normal 5.372340e-01 1.563191e-02 -8.432884e-01
    outer loop
      vertex   1.035000e+02 1.750000e+01 2.442820e+01
      vertex   1.029361e+02 1.665175e+01 2.405322e+01
      vertex   1.029114e+02 1.750000e+01 2.405322e+01
    endloop
  endfacet
  facet normal 6.086660e-01 1.771037e-02 -7.932289e-01
    outer loop
      vertex   1.029114e+02 1.750000e+01 2.405322e+01
      vertex   1.029361e+02 1.665175e+01 2.405322e+01
      vertex   1.023833e+02 1.661955e+01 2.362836e+01
    endloop
  endfacet
  facet normal 6.086660e-01 1.771037e-02 -7.932289e-01
    outer loop
      vertex   1.029114e+02 1.750000e+01 2.405322e+01
      vertex   1.023833e+02 1.661955e+01 2.362836e+01
      vertex   1.023577e+02 1.750000e+01 2.362836e+01
    endloop
  endfacet
  facet normal 6.754597e-01 1.965387e-02 -7.371349e-01
    outer loop
      vertex   1.023577e+02 1.750000e+01 2.362836e+01
      vertex   1.023833e+02 1.661955e+01 2.362836e+01
      vertex   1.018696e+02 1.658963e+01 2.315685e+01
    endloop
  endfacet
  facet normal 6.754597e-01 1.965387e-02 -7.371349e-01
    outer loop
      vertex   1.023577e+02 1.750000e+01 2.362836e+01
      vertex   1.018696e+02 1.658963e+01 2.315685e+01
      vertex   1.018431e+02 1.750000e+01 2.315685e+01
    endloop
  endfacet
  facet normal 7.371077e-01 2.144764e-02 -6.754348e-01
    outer loop
      vertex   1.018431e+02 1.750000e+01 2.315685e+01
      vertex   1.018696e+02 1.658963e+01 2.315685e+01
      vertex   1.013989e+02 1.656222e+01 2.264230e+01
    endloop
  endfacet
  facet normal 7.371077e-01 2.144764e-02 -6.754348e-01
    outer loop
      vertex   1.018431e+02 1.750000e+01 2.315685e+01
      vertex   1.013989e+02 1.656222e+01 2.264230e+01
      vertex   1.013716e+02 1.750000e+01 2.264230e+01
    endloop
  endfacet
  facet normal 7.931420e-01 2.307808e-02 -6.085993e-01
    outer loop
      vertex   1.013716e+02 1.750000e+01 2.264230e+01
      vertex   1.013989e+02 1.656222e+01 2.264230e+01
      vertex   1.009748e+02 1.653752e+01 2.208861e+01
    endloop
  endfacet
  facet normal 7.931420e-01 2.307808e-02 -6.085993e-01
    outer loop
      vertex   1.013716e+02 1.750000e+01 2.264230e+01
      vertex   1.009748e+02 1.653752e+01 2.208861e+01
      vertex   1.009468e+02 1.750000e+01 2.208861e+01
    endloop
  endfacet
  facet normal 8.431376e-01 2.453280e-02 -5.371379e-01
    outer loop
      vertex   1.009468e+02 1.750000e+01 2.208861e+01
      vertex   1.009748e+02 1.653752e+01 2.208861e+01
      vertex   1.006004e+02 1.651571e+01 2.150000e+01
    endloop
  endfacet
  facet normal 8.431376e-01 2.453280e-02 -5.371379e-01
    outer loop
      vertex   1.009468e+02 1.750000e+01 2.208861e+01
      vertex   1.006004e+02 1.651571e+01 2.150000e+01
      vertex   1.005718e+02 1.750000e+01 2.150000e+01
    endloop
  endfacet
  facet normal 8.867156e-01 2.580079e-02 -4.615949e-01
    outer loop
      vertex   1.005718e+02 1.750000e+01 2.150000e+01
      vertex   1.006004e+02 1.651571e+01 2.150000e+01
      vertex   1.002787e+02 1.649697e+01 2.088095e+01
    endloop
  endfacet
  facet normal 8.867156e-01 2.580079e-02 -4.615949e-01
    outer loop
      vertex   1.005718e+02 1.750000e+01 2.150000e+01
      vertex   1.002787e+02 1.649697e+01 2.088095e+01
      vertex   1.002495e+02 1.750000e+01 2.088095e+01
    endloop
  endfacet
  facet normal 9.235459e-01 2.687244e-02 -3.825452e-01
    outer loop
      vertex   1.002495e+02 1.750000e+01 2.088095e+01
      vertex   1.002787e+02 1.649697e+01 2.088095e+01
      vertex   1.000121e+02 1.648145e+01 2.023616e+01
    endloop
  endfacet
  facet normal 9.235459e-01 2.687244e-02 -3.825452e-01
    outer loop
      vertex   1.002495e+02 1.750000e+01 2.088095e+01
      vertex   1.000121e+02 1.648145e+01 2.023616e+01
      vertex   9.998246e+01 1.750000e+01 2.023616e+01
    endloop
  endfacet
  facet normal 9.533499e-01 2.773965e-02 -3.005901e-01
    outer loop
      vertex   9.998246e+01 1.750000e+01 2.023616e+01
      vertex   1.000121e+02 1.648145e+01 2.023616e+01
      vertex   9.980259e+01 1.646924e+01 1.957055e+01
    endloop
  endfacet
  facet normal 9.533499e-01 2.773965e-02 -3.005901e-01
    outer loop
      vertex   9.998246e+01 1.750000e+01 2.023616e+01
      vertex   9.980259e+01 1.646924e+01 1.957055e+01
      vertex   9.977259e+01 1.750000e+01 1.957055e+01
    endloop
  endfacet
  facet normal 9.759023e-01 2.839586e-02 -2.163523e-01
    outer loop
      vertex   9.977259e+01 1.750000e+01 1.957055e+01
      vertex   9.980259e+01 1.646924e+01 1.957055e+01
      vertex   9.965179e+01 1.646046e+01 1.888919e+01
    endloop
  endfacet
  facet normal 9.759023e-01 2.839586e-02 -2.163523e-01
    outer loop
      vertex   9.977259e+01 1.750000e+01 1.957055e+01
      vertex   9.965179e+01 1.646046e+01 1.888919e+01
      vertex   9.962154e+01 1.750000e+01 1.888919e+01
    endloop
  endfacet
  facet normal 9.910326e-01 2.883610e-02 -1.304719e-01
    outer loop
      vertex   9.962154e+01 1.750000e+01 1.888919e+01
      vertex   9.965179e+01 1.646046e+01 1.888919e+01
      vertex   9.956084e+01 1.645516e+01 1.819725e+01
    endloop
  endfacet
  facet normal 9.910326e-01 2.883610e-02 -1.304719e-01
    outer loop
      vertex   9.962154e+01 1.750000e+01 1.888919e+01
      vertex   9.956084e+01 1.645516e+01 1.819725e+01
      vertex   9.953044e+01 1.750000e+01 1.819725e+01
    endloop
  endfacet
  facet normal 9.986264e-01 2.905706e-02 -4.360097e-02
    outer loop
      vertex   9.953044e+01 1.750000e+01 1.819725e+01
      vertex   9.956084e+01 1.645516e+01 1.819725e+01
      vertex   9.953045e+01 1.645339e+01 1.750000e+01
    endloop
  endfacet
  facet normal 9.986264e-01 2.905706e-02 -4.360097e-02
    outer loop
      vertex   9.953044e+01 1.750000e+01 1.819725e+01
      vertex   9.953045e+01 1.645339e+01 1.750000e+01
      vertex   9.950000e+01 1.750000e+01 1.750000e+01
    endloop
  endfacet
  facet normal 2.671161e-01 1.440277e-01 -9.528405e-01
    outer loop
      vertex   1.061186e+02 1.178402e+01 2.501754e+01
      vertex   1.070675e+02 1.118091e+01 2.519242e+01
      vertex   1.064702e+02 1.113192e+01 2.501754e+01
    endloop
  endfacet
  facet normal 2.657544e-01 1.555331e-01 -9.514116e-01
    outer loop
      vertex   1.064702e+02 1.113192e+01 2.501754e+01
      vertex   1.070675e+02 1.118091e+01 2.519242e+01
      vertex   1.071556e+02 1.076221e+01 2.514857e+01
    endloop
  endfacet
  facet normal 2.714873e-01 1.674558e-01 -9.477622e-01
    outer loop
      vertex   1.064702e+02 1.113192e+01 2.501754e+01
      vertex   1.071556e+02 1.076221e+01 2.514857e+01
      vertex   1.068591e+02 1.050137e+01 2.501754e+01
    endloop
  endfacet
  facet normal 2.668204e-01 1.729330e-01 -9.481039e-01
    outer loop
      vertex   1.068591e+02 1.050137e+01 2.501754e+01
      vertex   1.071556e+02 1.076221e+01 2.514857e+01
      vertex   1.072792e+02 1.035248e+01 2.510862e+01
    endloop
  endfacet
  facet normal 2.719772e-01 1.904405e-01 -9.432714e-01
    outer loop
      vertex   1.068591e+02 1.050137e+01 2.501754e+01
      vertex   1.072792e+02 1.035248e+01 2.510862e+01
      vertex   1.072840e+02 9.894492e+00 2.501754e+01
    endloop
  endfacet
  facet normal 2.703255e-01 1.905145e-01 -9.437311e-01
    outer loop
      vertex   1.072840e+02 9.894492e+00 2.501754e+01
      vertex   1.072792e+02 1.035248e+01 2.510862e+01
      vertex   1.074377e+02 9.954167e+00 2.507360e+01
    endloop
  endfacet
  facet normal 2.647027e-01 2.038678e-01 -9.425340e-01
    outer loop
      vertex   1.072840e+02 9.894492e+00 2.501754e+01
      vertex   1.074377e+02 9.954167e+00 2.507360e+01
      vertex   1.076304e+02 9.569558e+00 2.504455e+01
    endloop
  endfacet
  facet normal 2.816448e-01 2.226958e-01 -9.333181e-01
    outer loop
      vertex   1.072840e+02 9.894492e+00 2.501754e+01
      vertex   1.076304e+02 9.569558e+00 2.504455e+01
      vertex   1.077435e+02 9.313353e+00 2.501754e+01
    endloop
  endfacet
  facet normal 2.489484e-01 2.095552e-01 -9.455746e-01
    outer loop
      vertex   1.077435e+02 9.313353e+00 2.501754e+01
      vertex   1.076304e+02 9.569558e+00 2.504455e+01
      vertex   1.078569e+02 9.200966e+00 2.502248e+01
    endloop
  endfacet
  facet normal 2.916521e-01 2.536482e-01 -9.222807e-01
    outer loop
      vertex   1.077435e+02 9.313353e+00 2.501754e+01
      vertex   1.078569e+02 9.200966e+00 2.502248e+01
      vertex   1.081148e+02 8.852686e+00 2.500827e+01
    endloop
  endfacet
  facet normal 2.788172e-01 2.636152e-01 -9.234544e-01
    outer loop
      vertex   1.084021e+02 8.527951e+00 2.500230e+01
      vertex   1.077671e+02 8.317438e+00 2.475046e+01
      vertex   1.081148e+02 8.852686e+00 2.500827e+01
    endloop
  endfacet
  facet normal 2.885442e-01 2.567825e-01 -9.223909e-01
    outer loop
      vertex   1.081148e+02 8.852686e+00 2.500827e+01
      vertex   1.077671e+02 8.317438e+00 2.475046e+01
      vertex   1.072496e+02 8.898894e+00 2.475046e+01
    endloop
  endfacet
  facet normal 2.886878e-01 2.512906e-01 -9.238573e-01
    outer loop
      vertex   1.081148e+02 8.852686e+00 2.500827e+01
      vertex   1.072496e+02 8.898894e+00 2.475046e+01
      vertex   1.077435e+02 9.313353e+00 2.501754e+01
    endloop
  endfacet
  facet normal 3.002913e-01 2.374396e-01 -9.238223e-01
    outer loop
      vertex   1.077435e+02 9.313353e+00 2.501754e+01
      vertex   1.072496e+02 8.898894e+00 2.475046e+01
      vertex   1.072840e+02 9.894492e+00 2.501754e+01
    endloop
  endfacet
  facet normal 2.744767e-01 2.744767e-01 -9.215883e-01
    outer loop
      vertex   1.077671e+02 8.317438e+00 2.475046e+01
      vertex   1.084021e+02 8.527951e+00 2.500230e+01
      vertex   1.083174e+02 7.767053e+00 2.475046e+01
    endloop
  endfacet
  facet normal 2.692502e-01 2.754702e-01 -9.228329e-01
    outer loop
      vertex   1.083174e+02 7.767053e+00 2.475046e+01
      vertex   1.084021e+02 8.527951e+00 2.500230e+01
      vertex   1.087165e+02 8.229190e+00 2.500486e+01
    endloop
  endfacet
  facet normal 2.576498e-01 2.856139e-01 -9.230608e-01
    outer loop
      vertex   1.083174e+02 7.767053e+00 2.475046e+01
      vertex   1.087165e+02 8.229190e+00 2.500486e+01
      vertex   1.090551e+02 7.959248e+00 2.501583e+01
    endloop
  endfacet
  facet normal 2.170885e-01 2.524234e-01 -9.429502e-01
    outer loop
      vertex   1.094158e+02 7.719589e+00 2.503471e+01
      vertex   1.093134e+02 7.743535e+00 2.501754e+01
      vertex   1.090551e+02 7.959248e+00 2.501583e+01
    endloop
  endfacet
  facet normal 2.489189e-01 2.906863e-01 -9.238727e-01
    outer loop
      vertex   1.090551e+02 7.959248e+00 2.501583e+01
      vertex   1.093134e+02 7.743535e+00 2.501754e+01
      vertex   1.088989e+02 7.249601e+00 2.475046e+01
    endloop
  endfacet
  facet normal 2.566922e-01 2.884427e-01 -9.224478e-01
    outer loop
      vertex   1.090551e+02 7.959248e+00 2.501583e+01
      vertex   1.088989e+02 7.249601e+00 2.475046e+01
      vertex   1.083174e+02 7.767053e+00 2.475046e+01
    endloop
  endfacet
  facet normal 3.070708e-01 3.450526e-01 -8.869308e-01
    outer loop
      vertex   1.083174e+02 7.767053e+00 2.475046e+01
      vertex   1.088989e+02 7.249601e+00 2.475046e+01
      vertex   1.085010e+02 6.775378e+00 2.442820e+01
    endloop
  endfacet
  facet normal 3.070708e-01 3.450526e-01 -8.869308e-01
    outer loop
      vertex   1.083174e+02 7.767053e+00 2.475046e+01
      vertex   1.085010e+02 6.775378e+00 2.442820e+01
      vertex   1.078926e+02 7.316769e+00 2.442820e+01
    endloop
  endfacet
  facet normal 3.573021e-01 4.014971e-01 -8.432884e-01
    outer loop
      vertex   1.078926e+02 7.316769e+00 2.442820e+01
      vertex   1.085010e+02 6.775378e+00 2.442820e+01
      vertex   1.081226e+02 6.324475e+00 2.405322e+01
    endloop
  endfacet
  facet normal 3.573021e-01 4.014971e-01 -8.432884e-01
    outer loop
      vertex   1.078926e+02 7.316769e+00 2.442820e+01
      vertex   1.081226e+02 6.324475e+00 2.405322e+01
      vertex   1.074887e+02 6.888629e+00 2.405322e+01
    endloop
  endfacet
  facet normal 4.048099e-01 4.548812e-01 -7.932289e-01
    outer loop
      vertex   1.074887e+02 6.888629e+00 2.405322e+01
      vertex   1.081226e+02 6.324475e+00 2.405322e+01
      vertex   1.077667e+02 5.900325e+00 2.362836e+01
    endloop
  endfacet
  facet normal 4.048099e-01 4.548812e-01 -7.932289e-01
    outer loop
      vertex   1.074887e+02 6.888629e+00 2.405322e+01
      vertex   1.077667e+02 5.900325e+00 2.362836e+01
      vertex   1.071087e+02 6.485889e+00 2.362836e+01
    endloop
  endfacet
  facet normal 4.492329e-01 5.047989e-01 -7.371349e-01
    outer loop
      vertex   1.071087e+02 6.485889e+00 2.362836e+01
      vertex   1.077667e+02 5.900325e+00 2.362836e+01
      vertex   1.074360e+02 5.506154e+00 2.315685e+01
    endloop
  endfacet
  facet normal 4.492329e-01 5.047989e-01 -7.371349e-01
    outer loop
      vertex   1.071087e+02 6.485889e+00 2.362836e+01
      vertex   1.074360e+02 5.506154e+00 2.315685e+01
      vertex   1.067556e+02 6.111617e+00 2.315685e+01
    endloop
  endfacet
  facet normal 4.902336e-01 5.508710e-01 -6.754348e-01
    outer loop
      vertex   1.067556e+02 6.111617e+00 2.315685e+01
      vertex   1.074360e+02 5.506154e+00 2.315685e+01
      vertex   1.071329e+02 5.144963e+00 2.264230e+01
    endloop
  endfacet
  facet normal 4.902336e-01 5.508710e-01 -6.754348e-01
    outer loop
      vertex   1.067556e+02 6.111617e+00 2.315685e+01
      vertex   1.071329e+02 5.144963e+00 2.264230e+01
      vertex   1.064321e+02 5.768659e+00 2.264230e+01
    endloop
  endfacet
  facet normal 5.275007e-01 5.927478e-01 -6.085993e-01
    outer loop
      vertex   1.064321e+02 5.768659e+00 2.264230e+01
      vertex   1.071329e+02 5.144963e+00 2.264230e+01
      vertex   1.068598e+02 4.819501e+00 2.208861e+01
    endloop
  endfacet
  facet normal 5.275007e-01 5.927478e-01 -6.085993e-01
    outer loop
      vertex   1.064321e+02 5.768659e+00 2.264230e+01
      vertex   1.068598e+02 4.819501e+00 2.208861e+01
      vertex   1.061405e+02 5.459627e+00 2.208861e+01
    endloop
  endfacet
  facet normal 5.607516e-01 6.301115e-01 -5.371379e-01
    outer loop
      vertex   1.061405e+02 5.459627e+00 2.208861e+01
      vertex   1.068598e+02 4.819501e+00 2.208861e+01
      vertex   1.066188e+02 4.532244e+00 2.150000e+01
    endloop
  endfacet
  facet normal 5.607516e-01 6.301115e-01 -5.371379e-01
    outer loop
      vertex   1.061405e+02 5.459627e+00 2.208861e+01
      vertex   1.066188e+02 4.532244e+00 2.150000e+01
      vertex   1.058832e+02 5.186871e+00 2.150000e+01
    endloop
  endfacet
  facet normal 5.897343e-01 6.626791e-01 -4.615949e-01
    outer loop
      vertex   1.058832e+02 5.186871e+00 2.150000e+01
      vertex   1.066188e+02 4.532244e+00 2.150000e+01
      vertex   1.064116e+02 4.285379e+00 2.088095e+01
    endloop
  endfacet
  facet normal 5.897343e-01 6.626791e-01 -4.615949e-01
    outer loop
      vertex   1.058832e+02 5.186871e+00 2.150000e+01
      vertex   1.064116e+02 4.285379e+00 2.088095e+01
      vertex   1.056620e+02 4.952468e+00 2.088095e+01
    endloop
  endfacet
  facet normal 6.142293e-01 6.902039e-01 -3.825452e-01
    outer loop
      vertex   1.056620e+02 4.952468e+00 2.088095e+01
      vertex   1.064116e+02 4.285379e+00 2.088095e+01
      vertex   1.062399e+02 4.080785e+00 2.023616e+01
    endloop
  endfacet
  facet normal 6.142293e-01 6.902039e-01 -3.825452e-01
    outer loop
      vertex   1.056620e+02 4.952468e+00 2.088095e+01
      vertex   1.062399e+02 4.080785e+00 2.023616e+01
      vertex   1.054787e+02 4.758202e+00 2.023616e+01
    endloop
  endfacet
  facet normal 6.340513e-01 7.124777e-01 -3.005901e-01
    outer loop
      vertex   1.054787e+02 4.758202e+00 2.023616e+01
      vertex   1.062399e+02 4.080785e+00 2.023616e+01
      vertex   1.061050e+02 3.920019e+00 1.957055e+01
    endloop
  endfacet
  facet normal 6.340513e-01 7.124777e-01 -3.005901e-01
    outer loop
      vertex   1.054787e+02 4.758202e+00 2.023616e+01
      vertex   1.061050e+02 3.920019e+00 1.957055e+01
      vertex   1.053347e+02 4.605552e+00 1.957055e+01
    endloop
  endfacet
  facet normal 6.490504e-01 7.293320e-01 -2.163523e-01
    outer loop
      vertex   1.053347e+02 4.605552e+00 1.957055e+01
      vertex   1.061050e+02 3.920019e+00 1.957055e+01
      vertex   1.060079e+02 3.804304e+00 1.888919e+01
    endloop
  endfacet
  facet normal 6.490504e-01 7.293320e-01 -2.163523e-01
    outer loop
      vertex   1.053347e+02 4.605552e+00 1.957055e+01
      vertex   1.060079e+02 3.804304e+00 1.888919e+01
      vertex   1.052311e+02 4.495678e+00 1.888919e+01
    endloop
  endfacet
  facet normal 6.591132e-01 7.406395e-01 -1.304719e-01
    outer loop
      vertex   1.052311e+02 4.495678e+00 1.888919e+01
      vertex   1.060079e+02 3.804304e+00 1.888919e+01
      vertex   1.059494e+02 3.734520e+00 1.819725e+01
    endloop
  endfacet
  facet normal 6.591132e-01 7.406395e-01 -1.304719e-01
    outer loop
      vertex   1.052311e+02 4.495678e+00 1.888919e+01
      vertex   1.059494e+02 3.734520e+00 1.819725e+01
      vertex   1.051685e+02 4.429417e+00 1.819725e+01
    endloop
  endfacet
  facet normal 6.641637e-01 7.463147e-01 -4.360097e-02
    outer loop
      vertex   1.051685e+02 4.429417e+00 1.819725e+01
      vertex   1.059494e+02 3.734520e+00 1.819725e+01
      vertex   1.059298e+02 3.711200e+00 1.750000e+01
    endloop
  endfacet
  facet normal 6.641637e-01 7.463147e-01 -4.360097e-02
    outer loop
      vertex   1.051685e+02 4.429417e+00 1.819725e+01
      vertex   1.059298e+02 3.711200e+00 1.750000e+01
      vertex   1.051477e+02 4.407274e+00 1.750000e+01
    endloop
  endfacet
  facet normal 2.244081e-01 2.935603e-01 -9.292273e-01
    outer loop
      vertex   1.094158e+02 7.719589e+00 2.503471e+01
      vertex   1.097967e+02 7.511634e+00 2.506100e+01
      vertex   1.093134e+02 7.743535e+00 2.501754e+01
    endloop
  endfacet
  facet normal 2.145737e-01 2.713727e-01 -9.382510e-01
    outer loop
      vertex   1.093134e+02 7.743535e+00 2.501754e+01
      vertex   1.097967e+02 7.511634e+00 2.506100e+01
      vertex   1.098945e+02 7.284030e+00 2.501754e+01
    endloop
  endfacet
  facet normal 2.374396e-01 3.002913e-01 -9.238223e-01
    outer loop
      vertex   1.093134e+02 7.743535e+00 2.501754e+01
      vertex   1.098945e+02 7.284030e+00 2.501754e+01
      vertex   1.095095e+02 6.766833e+00 2.475046e+01
    endloop
  endfacet
  facet normal 2.195775e-01 3.135891e-01 -9.238223e-01
    outer loop
      vertex   1.095095e+02 6.766833e+00 2.475046e+01
      vertex   1.098945e+02 7.284030e+00 2.501754e+01
      vertex   1.101470e+02 6.320383e+00 2.475046e+01
    endloop
  endfacet
  facet normal 2.649363e-01 3.783683e-01 -8.869308e-01
    outer loop
      vertex   1.095095e+02 6.766833e+00 2.475046e+01
      vertex   1.101470e+02 6.320383e+00 2.475046e+01
      vertex   1.098069e+02 5.803171e+00 2.442820e+01
    endloop
  endfacet
  facet normal 2.424879e-01 3.931328e-01 -8.869308e-01
    outer loop
      vertex   1.098069e+02 5.803171e+00 2.442820e+01
      vertex   1.101470e+02 6.320383e+00 2.475046e+01
      vertex   1.105000e+02 5.375644e+00 2.442820e+01
    endloop
  endfacet
  facet normal 2.821546e-01 4.574423e-01 -8.432884e-01
    outer loop
      vertex   1.098069e+02 5.803171e+00 2.442820e+01
      vertex   1.105000e+02 5.375644e+00 2.442820e+01
      vertex   1.102057e+02 4.865892e+00 2.405322e+01
    endloop
  endfacet
  facet normal 2.550793e-01 4.730742e-01 -8.432884e-01
    outer loop
      vertex   1.102057e+02 4.865892e+00 2.405322e+01
      vertex   1.105000e+02 5.375644e+00 2.442820e+01
      vertex   1.109526e+02 4.463141e+00 2.405322e+01
    endloop
  endfacet
  facet normal 2.889953e-01 5.359754e-01 -7.932289e-01
    outer loop
      vertex   1.102057e+02 4.865892e+00 2.405322e+01
      vertex   1.109526e+02 4.463141e+00 2.405322e+01
      vertex   1.107041e+02 3.968346e+00 2.362836e+01
    endloop
  endfacet
  facet normal 2.573422e-01 5.518722e-01 -7.932289e-01
    outer loop
      vertex   1.107041e+02 3.968346e+00 2.362836e+01
      vertex   1.109526e+02 4.463141e+00 2.405322e+01
      vertex   1.115024e+02 3.596095e+00 2.362836e+01
    endloop
  endfacet
  facet normal 2.855824e-01 6.124335e-01 -7.371349e-01
    outer loop
      vertex   1.107041e+02 3.968346e+00 2.362836e+01
      vertex   1.115024e+02 3.596095e+00 2.362836e+01
      vertex   1.112986e+02 3.123624e+00 2.315685e+01
    endloop
  endfacet
  facet normal 2.494894e-01 6.280025e-01 -7.371349e-01
    outer loop
      vertex   1.112986e+02 3.123624e+00 2.315685e+01
      vertex   1.115024e+02 3.596095e+00 2.362836e+01
      vertex   1.121450e+02 2.787370e+00 2.315685e+01
    endloop
  endfacet
  facet normal 2.722599e-01 6.853192e-01 -6.754348e-01
    outer loop
      vertex   1.112986e+02 3.123624e+00 2.315685e+01
      vertex   1.121450e+02 2.787370e+00 2.315685e+01
      vertex   1.119838e+02 2.344303e+00 2.264230e+01
    endloop
  endfacet
  facet normal 2.319515e-01 6.999902e-01 -6.754348e-01
    outer loop
      vertex   1.119838e+02 2.344303e+00 2.264230e+01
      vertex   1.121450e+02 2.787370e+00 2.315685e+01
      vertex   1.128743e+02 2.049205e+00 2.264230e+01
    endloop
  endfacet
  facet normal 2.495843e-01 7.532029e-01 -6.085993e-01
    outer loop
      vertex   1.119838e+02 2.344303e+00 2.264230e+01
      vertex   1.128743e+02 2.049205e+00 2.264230e+01
      vertex   1.127525e+02 1.642192e+00 2.208861e+01
    endloop
  endfacet
  facet normal 2.053671e-01 7.664406e-01 -6.085993e-01
    outer loop
      vertex   1.127525e+02 1.642192e+00 2.208861e+01
      vertex   1.128743e+02 2.049205e+00 2.264230e+01
      vertex   1.136826e+02 1.392978e+00 2.208861e+01
    endloop
  endfacet
  facet normal 2.183124e-01 8.147531e-01 -5.371379e-01
    outer loop
      vertex   1.127525e+02 1.642192e+00 2.208861e+01
      vertex   1.136826e+02 1.392978e+00 2.208861e+01
      vertex   1.135961e+02 1.028099e+00 2.150000e+01
    endloop
  endfacet
  facet normal 1.705694e-01 8.260684e-01 -5.371379e-01
    outer loop
      vertex   1.135961e+02 1.028099e+00 2.150000e+01
      vertex   1.136826e+02 1.392978e+00 2.208861e+01
      vertex   1.145604e+02 8.289742e-01 2.150000e+01
    endloop
  endfacet
  facet normal 1.793854e-01 8.687641e-01 -4.615949e-01
    outer loop
      vertex   1.135961e+02 1.028099e+00 2.150000e+01
      vertex   1.145604e+02 8.289742e-01 2.150000e+01
      vertex   1.145045e+02 5.116110e-01 2.088095e+01
    endloop
  endfacet
  facet normal 1.285677e-01 8.777246e-01 -4.615949e-01
    outer loop
      vertex   1.145045e+02 5.116110e-01 2.088095e+01
      vertex   1.145604e+02 8.289742e-01 2.150000e+01
      vertex   1.154973e+02 3.661792e-01 2.088095e+01
    endloop
  endfacet
  facet normal 1.339079e-01 9.141815e-01 -3.825452e-01
    outer loop
      vertex   1.145045e+02 5.116110e-01 2.088095e+01
      vertex   1.154973e+02 3.661792e-01 2.088095e+01
      vertex   1.154663e+02 1.009064e-01 2.023616e+01
    endloop
  endfacet
  facet normal 8.052639e-02 9.204209e-01 -3.825452e-01
    outer loop
      vertex   1.154663e+02 1.009064e-01 2.023616e+01
      vertex   1.154973e+02 3.661792e-01 2.088095e+01
      vertex   1.164814e+02 1.209594e-02 2.023616e+01
    endloop
  endfacet
  facet normal 8.312509e-02 9.501241e-01 -3.005901e-01
    outer loop
      vertex   1.154663e+02 1.009064e-01 2.023616e+01
      vertex   1.164814e+02 1.209594e-02 2.023616e+01
      vertex   1.164692e+02 -1.974146e-01 1.957055e+01
    endloop
  endfacet
  facet normal 2.773965e-02 9.533499e-01 -3.005901e-01
    outer loop
      vertex   1.164692e+02 -1.974146e-01 1.957055e+01
      vertex   1.164814e+02 1.209594e-02 2.023616e+01
      vertex   1.175000e+02 -2.274066e-01 1.957055e+01
    endloop
  endfacet
  facet normal 2.839586e-02 9.759023e-01 -2.163523e-01
    outer loop
      vertex   1.164692e+02 -1.974146e-01 1.957055e+01
      vertex   1.175000e+02 -2.274066e-01 1.957055e+01
      vertex   1.175000e+02 -3.784620e-01 1.888919e+01
    endloop
  endfacet
  facet normal 1.941053e-01 2.638332e-01 -9.448361e-01
    outer loop
      vertex   1.097967e+02 7.511634e+00 2.506100e+01
      vertex   1.101958e+02 7.336871e+00 2.509419e+01
      vertex   1.098945e+02 7.284030e+00 2.501754e+01
    endloop
  endfacet
  facet normal 1.917469e-01 2.738429e-01 -9.424665e-01
    outer loop
      vertex   1.098945e+02 7.284030e+00 2.501754e+01
      vertex   1.101958e+02 7.336871e+00 2.509419e+01
      vertex   1.105014e+02 6.859093e+00 2.501754e+01
    endloop
  endfacet
  facet normal 2.195775e-01 3.135891e-01 -9.238223e-01
    outer loop
      vertex   1.098945e+02 7.284030e+00 2.501754e+01
      vertex   1.105014e+02 6.859093e+00 2.501754e+01
      vertex   1.101470e+02 6.320383e+00 2.475046e+01
    endloop
  endfacet
  facet normal 2.009724e-01 3.258259e-01 -9.238223e-01
    outer loop
      vertex   1.101470e+02 6.320383e+00 2.475046e+01
      vertex   1.105014e+02 6.859093e+00 2.501754e+01
      vertex   1.108095e+02 5.911761e+00 2.475046e+01
    endloop
  endfacet
  facet normal 2.424879e-01 3.931328e-01 -8.869308e-01
    outer loop
      vertex   1.101470e+02 6.320383e+00 2.475046e+01
      vertex   1.108095e+02 5.911761e+00 2.475046e+01
      vertex   1.105000e+02 5.375644e+00 2.442820e+01
    endloop
  endfacet
  facet normal 2.192190e-01 4.065671e-01 -8.869308e-01
    outer loop
      vertex   1.105000e+02 5.375644e+00 2.442820e+01
      vertex   1.108095e+02 5.911761e+00 2.475046e+01
      vertex   1.112168e+02 4.989143e+00 2.442820e+01
    endloop
  endfacet
  facet normal 2.550793e-01 4.730742e-01 -8.432884e-01
    outer loop
      vertex   1.105000e+02 5.375644e+00 2.442820e+01
      vertex   1.112168e+02 4.989143e+00 2.442820e+01
      vertex   1.109526e+02 4.463141e+00 2.405322e+01
    endloop
  endfacet
  facet normal 2.271410e-01 4.871054e-01 -8.432884e-01
    outer loop
      vertex   1.109526e+02 4.463141e+00 2.405322e+01
      vertex   1.112168e+02 4.989143e+00 2.442820e+01
      vertex   1.117217e+02 4.104502e+00 2.405322e+01
    endloop
  endfacet
  facet normal 2.573422e-01 5.518722e-01 -7.932289e-01
    outer loop
      vertex   1.109526e+02 4.463141e+00 2.405322e+01
      vertex   1.117217e+02 4.104502e+00 2.405322e+01
      vertex   1.115024e+02 3.596095e+00 2.362836e+01
    endloop
  endfacet
  facet normal 2.248183e-01 5.659016e-01 -7.932289e-01
    outer loop
      vertex   1.115024e+02 3.596095e+00 2.362836e+01
      vertex   1.117217e+02 4.104502e+00 2.405322e+01
      vertex   1.123210e+02 3.270892e+00 2.362836e+01
    endloop
  endfacet
  facet normal 2.494894e-01 6.280025e-01 -7.371349e-01
    outer loop
      vertex   1.115024e+02 3.596095e+00 2.362836e+01
      vertex   1.123210e+02 3.270892e+00 2.362836e+01
      vertex   1.121450e+02 2.787370e+00 2.315685e+01
    endloop
  endfacet
  facet normal 2.125522e-01 6.414465e-01 -7.371349e-01
    outer loop
      vertex   1.121450e+02 2.787370e+00 2.315685e+01
      vertex   1.123210e+02 3.270892e+00 2.362836e+01
      vertex   1.130096e+02 2.500898e+00 2.315685e+01
    endloop
  endfacet
  facet normal 2.319515e-01 6.999902e-01 -6.754348e-01
    outer loop
      vertex   1.121450e+02 2.787370e+00 2.315685e+01
      vertex   1.130096e+02 2.500898e+00 2.315685e+01
      vertex   1.128743e+02 2.049205e+00 2.264230e+01
    endloop
  endfacet
  facet normal 1.908583e-01 7.122927e-01 -6.754348e-01
    outer loop
      vertex   1.128743e+02 2.049205e+00 2.264230e+01
      vertex   1.130096e+02 2.500898e+00 2.315685e+01
      vertex   1.137805e+02 1.806386e+00 2.264230e+01
    endloop
  endfacet
  facet normal 2.053671e-01 7.664406e-01 -6.085993e-01
    outer loop
      vertex   1.128743e+02 2.049205e+00 2.264230e+01
      vertex   1.137805e+02 1.806386e+00 2.264230e+01
      vertex   1.136826e+02 1.392978e+00 2.208861e+01
    endloop
  endfacet
  facet normal 1.604551e-01 7.770850e-01 -6.085993e-01
    outer loop
      vertex   1.136826e+02 1.392978e+00 2.208861e+01
      vertex   1.137805e+02 1.806386e+00 2.264230e+01
      vertex   1.146256e+02 1.198264e+00 2.208861e+01
    endloop
  endfacet
  facet normal 1.705694e-01 8.260684e-01 -5.371379e-01
    outer loop
      vertex   1.136826e+02 1.392978e+00 2.208861e+01
      vertex   1.146256e+02 1.198264e+00 2.208861e+01
      vertex   1.145604e+02 8.289742e-01 2.150000e+01
    endloop
  endfacet
  facet normal 1.222492e-01 8.345885e-01 -5.371379e-01
    outer loop
      vertex   1.145604e+02 8.289742e-01 2.150000e+01
      vertex   1.146256e+02 1.198264e+00 2.208861e+01
      vertex   1.155348e+02 6.862592e-01 2.150000e+01
    endloop
  endfacet
  facet normal 1.285677e-01 8.777246e-01 -4.615949e-01
    outer loop
      vertex   1.145604e+02 8.289742e-01 2.150000e+01
      vertex   1.155348e+02 6.862592e-01 2.150000e+01
      vertex   1.154973e+02 3.661792e-01 2.088095e+01
    endloop
  endfacet
  facet normal 7.731506e-02 8.837152e-01 -4.615949e-01
    outer loop
      vertex   1.154973e+02 3.661792e-01 2.088095e+01
      vertex   1.155348e+02 6.862592e-01 2.150000e+01
      vertex   1.164970e+02 2.787228e-01 2.088095e+01
    endloop
  endfacet
  facet normal 8.052639e-02 9.204209e-01 -3.825452e-01
    outer loop
      vertex   1.154973e+02 3.661792e-01 2.088095e+01
      vertex   1.164970e+02 2.787228e-01 2.088095e+01
      vertex   1.164814e+02 1.209594e-02 2.023616e+01
    endloop
  endfacet
  facet normal 2.687244e-02 9.235459e-01 -3.825452e-01
    outer loop
      vertex   1.164814e+02 1.209594e-02 2.023616e+01
      vertex   1.164970e+02 2.787228e-01 2.088095e+01
      vertex   1.175000e+02 -1.754097e-02 2.023616e+01
    endloop
  endfacet
  facet normal 2.773965e-02 9.533499e-01 -3.005901e-01
    outer loop
      vertex   1.164814e+02 1.209594e-02 2.023616e+01
      vertex   1.175000e+02 -1.754097e-02 2.023616e+01
      vertex   1.175000e+02 -2.274066e-01 1.957055e+01
    endloop
  endfacet
  facet normal 1.795335e-01 2.667423e-01 -9.468982e-01
    outer loop
      vertex   1.101958e+02 7.336871e+00 2.509419e+01
      vertex   1.106085e+02 7.197521e+00 2.513320e+01
      vertex   1.105014e+02 6.859093e+00 2.501754e+01
    endloop
  endfacet
  facet normal 1.634728e-01 2.722828e-01 -9.482293e-01
    outer loop
      vertex   1.105014e+02 6.859093e+00 2.501754e+01
      vertex   1.106085e+02 7.197521e+00 2.513320e+01
      vertex   1.110317e+02 7.094656e+00 2.517661e+01
    endloop
  endfacet
  facet normal 1.654833e-01 2.682893e-01 -9.490185e-01
    outer loop
      vertex   1.105014e+02 6.859093e+00 2.501754e+01
      vertex   1.110317e+02 7.094656e+00 2.517661e+01
      vertex   1.111319e+02 6.470161e+00 2.501754e+01
    endloop
  endfacet
  facet normal 1.432792e-01 2.658205e-01 -9.533155e-01
    outer loop
      vertex   1.111319e+02 6.470161e+00 2.501754e+01
      vertex   1.110317e+02 7.094656e+00 2.517661e+01
      vertex   1.114629e+02 7.028932e+00 2.522309e+01
    endloop
  endfacet
  facet normal 1.433171e-01 2.657982e-01 -9.533161e-01
    outer loop
      vertex   1.111319e+02 6.470161e+00 2.501754e+01
      vertex   1.114629e+02 7.028932e+00 2.522309e+01
      vertex   1.117840e+02 6.118551e+00 2.501754e+01
    endloop
  endfacet
  facet normal 1.417141e-01 2.653171e-01 -9.536897e-01
    outer loop
      vertex   1.117840e+02 6.118551e+00 2.501754e+01
      vertex   1.114629e+02 7.028932e+00 2.522309e+01
      vertex   1.120827e+02 6.713360e+00 2.522741e+01
    endloop
  endfacet
  facet normal 1.271327e-01 2.726369e-01 -9.536804e-01
    outer loop
      vertex   1.117840e+02 6.118551e+00 2.501754e+01
      vertex   1.120827e+02 6.713360e+00 2.522741e+01
      vertex   1.124555e+02 5.805452e+00 2.501754e+01
    endloop
  endfacet
  facet normal 1.271327e-01 2.726369e-01 -9.536804e-01
    outer loop
      vertex   1.124555e+02 5.805452e+00 2.501754e+01
      vertex   1.120827e+02 6.713360e+00 2.522741e+01
      vertex   1.127191e+02 6.416624e+00 2.522741e+01
    endloop
  endfacet
  facet normal 1.110652e-01 2.795678e-01 -9.536804e-01
    outer loop
      vertex   1.124555e+02 5.805452e+00 2.501754e+01
      vertex   1.127191e+02 6.416624e+00 2.522741e+01
      vertex   1.131440e+02 5.531923e+00 2.501754e+01
    endloop
  endfacet
  facet normal 1.110652e-01 2.795678e-01 -9.536804e-01
    outer loop
      vertex   1.131440e+02 5.531923e+00 2.501754e+01
      vertex   1.127191e+02 6.416624e+00 2.522741e+01
      vertex   1.133716e+02 6.157391e+00 2.522741e+01
    endloop
  endfacet
  facet normal 9.462184e-02 2.855526e-01 -9.536804e-01
    outer loop
      vertex   1.131440e+02 5.531923e+00 2.501754e+01
      vertex   1.133716e+02 6.157391e+00 2.522741e+01
      vertex   1.138472e+02 5.298891e+00 2.501754e+01
    endloop
  endfacet
  facet normal 9.462184e-02 2.855526e-01 -9.536804e-01
    outer loop
      vertex   1.138472e+02 5.298891e+00 2.501754e+01
      vertex   1.133716e+02 6.157391e+00 2.522741e+01
      vertex   1.140381e+02 5.936537e+00 2.522741e+01
    endloop
  endfacet
  facet normal 7.785835e-02 2.905713e-01 -9.536804e-01
    outer loop
      vertex   1.138472e+02 5.298891e+00 2.501754e+01
      vertex   1.140381e+02 5.936537e+00 2.522741e+01
      vertex   1.145628e+02 5.107144e+00 2.501754e+01
    endloop
  endfacet
  facet normal 7.785835e-02 2.905713e-01 -9.536804e-01
    outer loop
      vertex   1.145628e+02 5.107144e+00 2.501754e+01
      vertex   1.140381e+02 5.936537e+00 2.522741e+01
      vertex   1.147163e+02 5.754811e+00 2.522741e+01
    endloop
  endfacet
  facet normal 6.083140e-02 2.946068e-01 -9.536804e-01
    outer loop
      vertex   1.145628e+02 5.107144e+00 2.501754e+01
      vertex   1.147163e+02 5.754811e+00 2.522741e+01
      vertex   1.152884e+02 4.957330e+00 2.501754e+01
    endloop
  endfacet
  facet normal 6.083140e-02 2.946068e-01 -9.536804e-01
    outer loop
      vertex   1.152884e+02 4.957330e+00 2.501754e+01
      vertex   1.147163e+02 5.754811e+00 2.522741e+01
      vertex   1.154040e+02 5.612826e+00 2.522741e+01
    endloop
  endfacet
  facet normal 4.359863e-02 2.976454e-01 -9.536804e-01
    outer loop
      vertex   1.152884e+02 4.957330e+00 2.501754e+01
      vertex   1.154040e+02 5.612826e+00 2.522741e+01
      vertex   1.160214e+02 4.849956e+00 2.501754e+01
    endloop
  endfacet
  facet normal 4.359863e-02 2.976454e-01 -9.536804e-01
    outer loop
      vertex   1.160214e+02 4.849956e+00 2.501754e+01
      vertex   1.154040e+02 5.612826e+00 2.522741e+01
      vertex   1.160987e+02 5.511064e+00 2.522741e+01
    endloop
  endfacet
  facet normal 2.621833e-02 2.996768e-01 -9.536804e-01
    outer loop
      vertex   1.160214e+02 4.849956e+00 2.501754e+01
      vertex   1.160987e+02 5.511064e+00 2.522741e+01
      vertex   1.167595e+02 4.785386e+00 2.501754e+01
    endloop
  endfacet
  facet normal 2.621833e-02 2.996768e-01 -9.536804e-01
    outer loop
      vertex   1.167595e+02 4.785386e+00 2.501754e+01
      vertex   1.160987e+02 5.511064e+00 2.522741e+01
      vertex   1.167982e+02 5.449869e+00 2.522741e+01
    endloop
  endfacet
  facet normal 8.749310e-03 3.006943e-01 -9.536804e-01
    outer loop
      vertex   1.167595e+02 4.785386e+00 2.501754e+01
      vertex   1.167982e+02 5.449869e+00 2.522741e+01
      vertex   1.175000e+02 4.763839e+00 2.501754e+01
    endloop
  endfacet
  facet normal 8.749310e-03 3.006943e-01 -9.536804e-01
    outer loop
      vertex   1.175000e+02 4.763839e+00 2.501754e+01
      vertex   1.167982e+02 5.449869e+00 2.522741e+01
      vertex   1.175000e+02 5.429448e+00 2.522741e+01
    endloop
  endfacet
  facet normal 6.297625e-03 2.164353e-01 -9.762766e-01
    outer loop
      vertex   1.175000e+02 5.429448e+00 2.522741e+01
      vertex   1.167982e+02 5.449869e+00 2.522741e+01
      vertex   1.168378e+02 6.130083e+00 2.537846e+01
    endloop
  endfacet
  facet normal 6.297625e-03 2.164353e-01 -9.762766e-01
    outer loop
      vertex   1.175000e+02 5.429448e+00 2.522741e+01
      vertex   1.168378e+02 6.130083e+00 2.537846e+01
      vertex   1.175000e+02 6.110815e+00 2.537846e+01
    endloop
  endfacet
  facet normal 3.797897e-03 1.305253e-01 -9.914377e-01
    outer loop
      vertex   1.175000e+02 6.110815e+00 2.537846e+01
      vertex   1.168378e+02 6.130083e+00 2.537846e+01
      vertex   1.168780e+02 6.820852e+00 2.546956e+01
    endloop
  endfacet
  facet normal 3.797897e-03 1.305253e-01 -9.914377e-01
    outer loop
      vertex   1.175000e+02 6.110815e+00 2.537846e+01
      vertex   1.168780e+02 6.820852e+00 2.546956e+01
      vertex   1.175000e+02 6.802754e+00 2.546956e+01
    endloop
  endfacet
  facet normal 1.269194e-03 4.361935e-02 -9.990474e-01
    outer loop
      vertex   1.175000e+02 6.802754e+00 2.546956e+01
      vertex   1.168780e+02 6.820852e+00 2.546956e+01
      vertex   1.175000e+02 7.500000e+00 2.550000e+01
    endloop
  endfacet
  facet normal 1.476588e-03 4.342977e-02 -9.990554e-01
    outer loop
      vertex   1.175000e+02 7.500000e+00 2.550000e+01
      vertex   1.168780e+02 6.820852e+00 2.546956e+01
      vertex   1.168208e+02 7.523093e+00 2.550000e+01
    endloop
  endfacet
  facet normal 3.816235e-03 4.361976e-02 -9.990409e-01
    outer loop
      vertex   1.168208e+02 7.523093e+00 2.550000e+01
      vertex   1.168780e+02 6.820852e+00 2.546956e+01
      vertex   1.162581e+02 6.875085e+00 2.546956e+01
    endloop
  endfacet
  facet normal 4.410231e-03 4.310493e-02 -9.990608e-01
    outer loop
      vertex   1.168208e+02 7.523093e+00 2.550000e+01
      vertex   1.162581e+02 6.875085e+00 2.546956e+01
      vertex   1.161447e+02 7.592264e+00 2.550000e+01
    endloop
  endfacet
  facet normal 6.358926e-03 4.341203e-02 -9.990370e-01
    outer loop
      vertex   1.161447e+02 7.592264e+00 2.550000e+01
      vertex   1.162581e+02 6.875085e+00 2.546956e+01
      vertex   1.156424e+02 6.965269e+00 2.546956e+01
    endloop
  endfacet
  facet normal 7.317393e-03 4.264549e-02 -9.990635e-01
    outer loop
      vertex   1.161447e+02 7.592264e+00 2.550000e+01
      vertex   1.156424e+02 6.965269e+00 2.546956e+01
      vertex   1.154749e+02 7.707194e+00 2.550000e+01
    endloop
  endfacet
  facet normal 8.878114e-03 4.299675e-02 -9.990358e-01
    outer loop
      vertex   1.154749e+02 7.707194e+00 2.550000e+01
      vertex   1.156424e+02 6.965269e+00 2.546956e+01
      vertex   1.150330e+02 7.091100e+00 2.546956e+01
    endloop
  endfacet
  facet normal 1.019744e-02 4.205186e-02 -9.990634e-01
    outer loop
      vertex   1.154749e+02 7.707194e+00 2.550000e+01
      vertex   1.150330e+02 7.091100e+00 2.546956e+01
      vertex   1.148145e+02 7.867352e+00 2.550000e+01
    endloop
  endfacet
  facet normal 1.135481e-02 4.237673e-02 -9.990372e-01
    outer loop
      vertex   1.148145e+02 7.867352e+00 2.550000e+01
      vertex   1.150330e+02 7.091100e+00 2.546956e+01
      vertex   1.144320e+02 7.252151e+00 2.546956e+01
    endloop
  endfacet
  facet normal -2.029630e-02 6.199654e-02 -9.978700e-01
    outer loop
      vertex   1.148145e+02 7.867352e+00 2.550000e+01
      vertex   1.144320e+02 7.252151e+00 2.546956e+01
      vertex   1.144367e+02 7.633925e+00 2.549318e+01
    endloop
  endfacet
  facet normal 1.705638e-02 6.154497e-02 -9.979586e-01
    outer loop
      vertex   1.144367e+02 7.633925e+00 2.549318e+01
      vertex   1.144320e+02 7.252151e+00 2.546956e+01
      vertex   1.140405e+02 7.435297e+00 2.547416e+01
    endloop
  endfacet
  facet normal 4.567806e-02 1.225700e-01 -9.914081e-01
    outer loop
      vertex   1.140405e+02 7.435297e+00 2.547416e+01
      vertex   1.144320e+02 7.252151e+00 2.546956e+01
      vertex   1.142335e+02 6.589280e+00 2.537846e+01
    endloop
  endfacet
  facet normal 4.021663e-02 1.213670e-01 -9.917927e-01
    outer loop
      vertex   1.140405e+02 7.435297e+00 2.547416e+01
      vertex   1.142335e+02 6.589280e+00 2.537846e+01
      vertex   1.136047e+02 6.797667e+00 2.537846e+01
    endloop
  endfacet
  facet normal 6.810741e-02 2.055366e-01 -9.762766e-01
    outer loop
      vertex   1.136047e+02 6.797667e+00 2.537846e+01
      vertex   1.142335e+02 6.589280e+00 2.537846e+01
      vertex   1.140381e+02 5.936537e+00 2.522741e+01
    endloop
  endfacet
  facet normal 6.810741e-02 2.055366e-01 -9.762766e-01
    outer loop
      vertex   1.136047e+02 6.797667e+00 2.537846e+01
      vertex   1.140381e+02 5.936537e+00 2.522741e+01
      vertex   1.133716e+02 6.157391e+00 2.522741e+01
    endloop
  endfacet
  facet normal 1.210349e-01 2.245170e-01 -9.669243e-01
    outer loop
      vertex   1.114629e+02 7.028932e+00 2.522309e+01
      vertex   1.118997e+02 7.001007e+00 2.527128e+01
      vertex   1.120827e+02 6.713360e+00 2.522741e+01
    endloop
  endfacet
  facet normal 1.018589e-01 2.130426e-01 -9.717189e-01
    outer loop
      vertex   1.120827e+02 6.713360e+00 2.522741e+01
      vertex   1.118997e+02 7.001007e+00 2.527128e+01
      vertex   1.123378e+02 7.011425e+00 2.531949e+01
    endloop
  endfacet
  facet normal 1.000461e-01 2.145496e-01 -9.715756e-01
    outer loop
      vertex   1.120827e+02 6.713360e+00 2.522741e+01
      vertex   1.123378e+02 7.011425e+00 2.531949e+01
      vertex   1.127191e+02 6.416624e+00 2.522741e+01
    endloop
  endfacet
  facet normal 8.091092e-02 2.029440e-01 -9.758418e-01
    outer loop
      vertex   1.127191e+02 6.416624e+00 2.522741e+01
      vertex   1.123378e+02 7.011425e+00 2.531949e+01
      vertex   1.127737e+02 7.060220e+00 2.536578e+01
    endloop
  endfacet
  facet normal 7.448277e-02 2.035711e-01 -9.762229e-01
    outer loop
      vertex   1.127191e+02 6.416624e+00 2.522741e+01
      vertex   1.127737e+02 7.060220e+00 2.536578e+01
      vertex   1.129890e+02 7.042267e+00 2.537846e+01
    endloop
  endfacet
  facet normal 6.965693e-02 1.373321e-01 -9.880728e-01
    outer loop
      vertex   1.129890e+02 7.042267e+00 2.537846e+01
      vertex   1.127737e+02 7.060220e+00 2.536578e+01
      vertex   1.132047e+02 7.147298e+00 2.540827e+01
    endloop
  endfacet
  facet normal 6.122376e-02 1.541094e-01 -9.861551e-01
    outer loop
      vertex   1.129890e+02 7.042267e+00 2.537846e+01
      vertex   1.132047e+02 7.147298e+00 2.540827e+01
      vertex   1.136047e+02 6.797667e+00 2.537846e+01
    endloop
  endfacet
  facet normal 4.562619e-02 1.365586e-01 -9.895807e-01
    outer loop
      vertex   1.136047e+02 6.797667e+00 2.537846e+01
      vertex   1.132047e+02 7.147298e+00 2.540827e+01
      vertex   1.136283e+02 7.272569e+00 2.544509e+01
    endloop
  endfacet
  facet normal 1.530422e-02 1.381677e-01 -9.902906e-01
    outer loop
      vertex   1.136047e+02 6.797667e+00 2.537846e+01
      vertex   1.136283e+02 7.272569e+00 2.544509e+01
      vertex   1.140405e+02 7.435297e+00 2.547416e+01
    endloop
  endfacet
  facet normal 1.113426e-02 3.826597e-01 -9.238223e-01
    outer loop
      vertex   1.175000e+02 4.763839e+00 2.501754e+01
      vertex   1.175000e+02 4.119054e+00 2.475046e+01
      vertex   1.167595e+02 4.785386e+00 2.501754e+01
    endloop
  endfacet
  facet normal 1.113426e-02 3.826597e-01 -9.238223e-01
    outer loop
      vertex   1.167595e+02 4.785386e+00 2.501754e+01
      vertex   1.175000e+02 4.119054e+00 2.475046e+01
      vertex   1.167220e+02 4.141692e+00 2.475046e+01
    endloop
  endfacet
  facet normal 3.336511e-02 3.813649e-01 -9.238223e-01
    outer loop
      vertex   1.167595e+02 4.785386e+00 2.501754e+01
      vertex   1.167220e+02 4.141692e+00 2.475046e+01
      vertex   1.160214e+02 4.849956e+00 2.501754e+01
    endloop
  endfacet
  facet normal 3.336511e-02 3.813649e-01 -9.238223e-01
    outer loop
      vertex   1.160214e+02 4.849956e+00 2.501754e+01
      vertex   1.167220e+02 4.141692e+00 2.475046e+01
      vertex   1.159466e+02 4.209531e+00 2.475046e+01
    endloop
  endfacet
  facet normal 5.548306e-02 3.787797e-01 -9.238223e-01
    outer loop
      vertex   1.160214e+02 4.849956e+00 2.501754e+01
      vertex   1.159466e+02 4.209531e+00 2.475046e+01
      vertex   1.152884e+02 4.957330e+00 2.501754e+01
    endloop
  endfacet
  facet normal 5.548306e-02 3.787797e-01 -9.238223e-01
    outer loop
      vertex   1.152884e+02 4.957330e+00 2.501754e+01
      vertex   1.159466e+02 4.209531e+00 2.475046e+01
      vertex   1.151764e+02 4.322341e+00 2.475046e+01
    endloop
  endfacet
  facet normal 7.741327e-02 3.749128e-01 -9.238223e-01
    outer loop
      vertex   1.152884e+02 4.957330e+00 2.501754e+01
      vertex   1.151764e+02 4.322341e+00 2.475046e+01
      vertex   1.145628e+02 5.107144e+00 2.501754e+01
    endloop
  endfacet
  facet normal 7.741327e-02 3.749128e-01 -9.238223e-01
    outer loop
      vertex   1.145628e+02 5.107144e+00 2.501754e+01
      vertex   1.151764e+02 4.322341e+00 2.475046e+01
      vertex   1.144141e+02 4.479739e+00 2.475046e+01
    endloop
  endfacet
  facet normal 9.908154e-02 3.697773e-01 -9.238223e-01
    outer loop
      vertex   1.145628e+02 5.107144e+00 2.501754e+01
      vertex   1.144141e+02 4.479739e+00 2.475046e+01
      vertex   1.138472e+02 5.298891e+00 2.501754e+01
    endloop
  endfacet
  facet normal 9.908154e-02 3.697773e-01 -9.238223e-01
    outer loop
      vertex   1.138472e+02 5.298891e+00 2.501754e+01
      vertex   1.144141e+02 4.479739e+00 2.475046e+01
      vertex   1.136623e+02 4.681194e+00 2.475046e+01
    endloop
  endfacet
  facet normal 1.204145e-01 3.633906e-01 -9.238223e-01
    outer loop
      vertex   1.138472e+02 5.298891e+00 2.501754e+01
      vertex   1.136623e+02 4.681194e+00 2.475046e+01
      vertex   1.131440e+02 5.531923e+00 2.501754e+01
    endloop
  endfacet
  facet normal 1.204145e-01 3.633906e-01 -9.238223e-01
    outer loop
      vertex   1.131440e+02 5.531923e+00 2.501754e+01
      vertex   1.136623e+02 4.681194e+00 2.475046e+01
      vertex   1.129234e+02 4.926024e+00 2.475046e+01
    endloop
  endfacet
  facet normal 1.413401e-01 3.557744e-01 -9.238223e-01
    outer loop
      vertex   1.131440e+02 5.531923e+00 2.501754e+01
      vertex   1.129234e+02 4.926024e+00 2.475046e+01
      vertex   1.124555e+02 5.805452e+00 2.501754e+01
    endloop
  endfacet
  facet normal 1.413401e-01 3.557744e-01 -9.238223e-01
    outer loop
      vertex   1.124555e+02 5.805452e+00 2.501754e+01
      vertex   1.129234e+02 4.926024e+00 2.475046e+01
      vertex   1.122001e+02 5.213400e+00 2.475046e+01
    endloop
  endfacet
  facet normal 1.617874e-01 3.469543e-01 -9.238223e-01
    outer loop
      vertex   1.124555e+02 5.805452e+00 2.501754e+01
      vertex   1.122001e+02 5.213400e+00 2.475046e+01
      vertex   1.117840e+02 6.118551e+00 2.501754e+01
    endloop
  endfacet
  facet normal 1.617874e-01 3.469543e-01 -9.238223e-01
    outer loop
      vertex   1.117840e+02 6.118551e+00 2.501754e+01
      vertex   1.122001e+02 5.213400e+00 2.475046e+01
      vertex   1.114946e+02 5.542350e+00 2.475046e+01
    endloop
  endfacet
  facet normal 1.816873e-01 3.369602e-01 -9.238223e-01
    outer loop
      vertex   1.117840e+02 6.118551e+00 2.501754e+01
      vertex   1.114946e+02 5.542350e+00 2.475046e+01
      vertex   1.111319e+02 6.470161e+00 2.501754e+01
    endloop
  endfacet
  facet normal 1.816873e-01 3.369602e-01 -9.238223e-01
    outer loop
      vertex   1.111319e+02 6.470161e+00 2.501754e+01
      vertex   1.114946e+02 5.542350e+00 2.475046e+01
      vertex   1.108095e+02 5.911761e+00 2.475046e+01
    endloop
  endfacet
  facet normal 2.009724e-01 3.258259e-01 -9.238223e-01
    outer loop
      vertex   1.111319e+02 6.470161e+00 2.501754e+01
      vertex   1.108095e+02 5.911761e+00 2.475046e+01
      vertex   1.105014e+02 6.859093e+00 2.501754e+01
    endloop
  endfacet
  facet normal 1.343430e-02 4.617069e-01 -8.869308e-01
    outer loop
      vertex   1.175000e+02 4.119054e+00 2.475046e+01
      vertex   1.175000e+02 3.500000e+00 2.442820e+01
      vertex   1.167220e+02 4.141692e+00 2.475046e+01
    endloop
  endfacet
  facet normal 1.343430e-02 4.617069e-01 -8.869308e-01
    outer loop
      vertex   1.167220e+02 4.141692e+00 2.475046e+01
      vertex   1.175000e+02 3.500000e+00 2.442820e+01
      vertex   1.166860e+02 3.523686e+00 2.442820e+01
    endloop
  endfacet
  facet normal 4.025744e-02 4.601447e-01 -8.869308e-01
    outer loop
      vertex   1.167220e+02 4.141692e+00 2.475046e+01
      vertex   1.166860e+02 3.523686e+00 2.442820e+01
      vertex   1.159466e+02 4.209531e+00 2.475046e+01
    endloop
  endfacet
  facet normal 4.025744e-02 4.601447e-01 -8.869308e-01
    outer loop
      vertex   1.159466e+02 4.209531e+00 2.475046e+01
      vertex   1.166860e+02 3.523686e+00 2.442820e+01
      vertex   1.158747e+02 3.594663e+00 2.442820e+01
    endloop
  endfacet
  facet normal 6.694437e-02 4.570254e-01 -8.869308e-01
    outer loop
      vertex   1.159466e+02 4.209531e+00 2.475046e+01
      vertex   1.158747e+02 3.594663e+00 2.442820e+01
      vertex   1.151764e+02 4.322341e+00 2.475046e+01
    endloop
  endfacet
  facet normal 6.694437e-02 4.570254e-01 -8.869308e-01
    outer loop
      vertex   1.151764e+02 4.322341e+00 2.475046e+01
      vertex   1.158747e+02 3.594663e+00 2.442820e+01
      vertex   1.150689e+02 3.712691e+00 2.442820e+01
    endloop
  endfacet
  facet normal 9.340477e-02 4.523597e-01 -8.869308e-01
    outer loop
      vertex   1.151764e+02 4.322341e+00 2.475046e+01
      vertex   1.150689e+02 3.712691e+00 2.442820e+01
      vertex   1.144141e+02 4.479739e+00 2.475046e+01
    endloop
  endfacet
  facet normal 9.340477e-02 4.523597e-01 -8.869308e-01
    outer loop
      vertex   1.144141e+02 4.479739e+00 2.475046e+01
      vertex   1.150689e+02 3.712691e+00 2.442820e+01
      vertex   1.142714e+02 3.877372e+00 2.442820e+01
    endloop
  endfacet
  facet normal 1.195491e-01 4.461634e-01 -8.869308e-01
    outer loop
      vertex   1.144141e+02 4.479739e+00 2.475046e+01
      vertex   1.142714e+02 3.877372e+00 2.442820e+01
      vertex   1.136623e+02 4.681194e+00 2.475046e+01
    endloop
  endfacet
  facet normal 1.195491e-01 4.461634e-01 -8.869308e-01
    outer loop
      vertex   1.136623e+02 4.681194e+00 2.475046e+01
      vertex   1.142714e+02 3.877372e+00 2.442820e+01
      vertex   1.134848e+02 4.088147e+00 2.442820e+01
    endloop
  endfacet
  facet normal 1.452890e-01 4.384574e-01 -8.869308e-01
    outer loop
      vertex   1.136623e+02 4.681194e+00 2.475046e+01
      vertex   1.134848e+02 4.088147e+00 2.442820e+01
      vertex   1.129234e+02 4.926024e+00 2.475046e+01
    endloop
  endfacet
  facet normal 1.452890e-01 4.384574e-01 -8.869308e-01
    outer loop
      vertex   1.129234e+02 4.926024e+00 2.475046e+01
      vertex   1.134848e+02 4.088147e+00 2.442820e+01
      vertex   1.127117e+02 4.344303e+00 2.442820e+01
    endloop
  endfacet
  facet normal 1.705372e-01 4.292678e-01 -8.869308e-01
    outer loop
      vertex   1.129234e+02 4.926024e+00 2.475046e+01
      vertex   1.127117e+02 4.344303e+00 2.442820e+01
      vertex   1.122001e+02 5.213400e+00 2.475046e+01
    endloop
  endfacet
  facet normal 1.705372e-01 4.292678e-01 -8.869308e-01
    outer loop
      vertex   1.122001e+02 5.213400e+00 2.475046e+01
      vertex   1.127117e+02 4.344303e+00 2.442820e+01
      vertex   1.119549e+02 4.644975e+00 2.442820e+01
    endloop
  endfacet
  facet normal 1.952084e-01 4.186257e-01 -8.869308e-01
    outer loop
      vertex   1.122001e+02 5.213400e+00 2.475046e+01
      vertex   1.119549e+02 4.644975e+00 2.442820e+01
      vertex   1.114946e+02 5.542350e+00 2.475046e+01
    endloop
  endfacet
  facet normal 1.952084e-01 4.186257e-01 -8.869308e-01
    outer loop
      vertex   1.114946e+02 5.542350e+00 2.475046e+01
      vertex   1.119549e+02 4.644975e+00 2.442820e+01
      vertex   1.112168e+02 4.989143e+00 2.442820e+01
    endloop
  endfacet
  facet normal 2.192190e-01 4.065671e-01 -8.869308e-01
    outer loop
      vertex   1.114946e+02 5.542350e+00 2.475046e+01
      vertex   1.112168e+02 4.989143e+00 2.442820e+01
      vertex   1.108095e+02 5.911761e+00 2.475046e+01
    endloop
  endfacet
  facet normal 1.563191e-02 5.372340e-01 -8.432884e-01
    outer loop
      vertex   1.175000e+02 3.500000e+00 2.442820e+01
      vertex   1.175000e+02 2.911389e+00 2.405322e+01
      vertex   1.166860e+02 3.523686e+00 2.442820e+01
    endloop
  endfacet
  facet normal 1.563191e-02 5.372340e-01 -8.432884e-01
    outer loop
      vertex   1.166860e+02 3.523686e+00 2.442820e+01
      vertex   1.175000e+02 2.911389e+00 2.405322e+01
      vertex   1.166517e+02 2.936070e+00 2.405322e+01
    endloop
  endfacet
  facet normal 4.684284e-02 5.354161e-01 -8.432884e-01
    outer loop
      vertex   1.166860e+02 3.523686e+00 2.442820e+01
      vertex   1.166517e+02 2.936070e+00 2.405322e+01
      vertex   1.158747e+02 3.594663e+00 2.442820e+01
    endloop
  endfacet
  facet normal 4.684284e-02 5.354161e-01 -8.432884e-01
    outer loop
      vertex   1.158747e+02 3.594663e+00 2.442820e+01
      vertex   1.166517e+02 2.936070e+00 2.405322e+01
      vertex   1.158064e+02 3.010031e+00 2.405322e+01
    endloop
  endfacet
  facet normal 7.789527e-02 5.317866e-01 -8.432884e-01
    outer loop
      vertex   1.158747e+02 3.594663e+00 2.442820e+01
      vertex   1.158064e+02 3.010031e+00 2.405322e+01
      vertex   1.150689e+02 3.712691e+00 2.442820e+01
    endloop
  endfacet
  facet normal 7.789527e-02 5.317866e-01 -8.432884e-01
    outer loop
      vertex   1.150689e+02 3.712691e+00 2.442820e+01
      vertex   1.158064e+02 3.010031e+00 2.405322e+01
      vertex   1.149667e+02 3.133022e+00 2.405322e+01
    endloop
  endfacet
  facet normal 1.086841e-01 5.263577e-01 -8.432884e-01
    outer loop
      vertex   1.150689e+02 3.712691e+00 2.442820e+01
      vertex   1.149667e+02 3.133022e+00 2.405322e+01
      vertex   1.142714e+02 3.877372e+00 2.442820e+01
    endloop
  endfacet
  facet normal 1.086841e-01 5.263577e-01 -8.432884e-01
    outer loop
      vertex   1.142714e+02 3.877372e+00 2.442820e+01
      vertex   1.149667e+02 3.133022e+00 2.405322e+01
      vertex   1.141356e+02 3.304626e+00 2.405322e+01
    endloop
  endfacet
  facet normal 1.391052e-01 5.191478e-01 -8.432884e-01
    outer loop
      vertex   1.142714e+02 3.877372e+00 2.442820e+01
      vertex   1.141356e+02 3.304626e+00 2.405322e+01
      vertex   1.134848e+02 4.088147e+00 2.442820e+01
    endloop
  endfacet
  facet normal 1.391052e-01 5.191478e-01 -8.432884e-01
    outer loop
      vertex   1.134848e+02 4.088147e+00 2.442820e+01
      vertex   1.141356e+02 3.304626e+00 2.405322e+01
      vertex   1.133159e+02 3.524263e+00 2.405322e+01
    endloop
  endfacet
  facet normal 1.690556e-01 5.101812e-01 -8.432884e-01
    outer loop
      vertex   1.134848e+02 4.088147e+00 2.442820e+01
      vertex   1.133159e+02 3.524263e+00 2.405322e+01
      vertex   1.127117e+02 4.344303e+00 2.442820e+01
    endloop
  endfacet
  facet normal 1.690556e-01 5.101812e-01 -8.432884e-01
    outer loop
      vertex   1.127117e+02 4.344303e+00 2.442820e+01
      vertex   1.133159e+02 3.524263e+00 2.405322e+01
      vertex   1.125104e+02 3.791189e+00 2.405322e+01
    endloop
  endfacet
  facet normal 1.984340e-01 4.994884e-01 -8.432884e-01
    outer loop
      vertex   1.127117e+02 4.344303e+00 2.442820e+01
      vertex   1.125104e+02 3.791189e+00 2.405322e+01
      vertex   1.119549e+02 4.644975e+00 2.442820e+01
    endloop
  endfacet
  facet normal 1.984340e-01 4.994884e-01 -8.432884e-01
    outer loop
      vertex   1.119549e+02 4.644975e+00 2.442820e+01
      vertex   1.125104e+02 3.791189e+00 2.405322e+01
      vertex   1.117217e+02 4.104502e+00 2.405322e+01
    endloop
  endfacet
  facet normal 2.271410e-01 4.871054e-01 -8.432884e-01
    outer loop
      vertex   1.119549e+02 4.644975e+00 2.442820e+01
      vertex   1.117217e+02 4.104502e+00 2.405322e+01
      vertex   1.112168e+02 4.989143e+00 2.442820e+01
    endloop
  endfacet
  facet normal 1.771037e-02 6.086660e-01 -7.932289e-01
    outer loop
      vertex   1.175000e+02 2.911389e+00 2.405322e+01
      vertex   1.175000e+02 2.357699e+00 2.362836e+01
      vertex   1.166517e+02 2.936070e+00 2.405322e+01
    endloop
  endfacet
  facet normal 1.771037e-02 6.086660e-01 -7.932289e-01
    outer loop
      vertex   1.166517e+02 2.936070e+00 2.405322e+01
      vertex   1.175000e+02 2.357699e+00 2.362836e+01
      vertex   1.166196e+02 2.383317e+00 2.362836e+01
    endloop
  endfacet
  facet normal 5.307118e-02 6.066064e-01 -7.932289e-01
    outer loop
      vertex   1.166517e+02 2.936070e+00 2.405322e+01
      vertex   1.166196e+02 2.383317e+00 2.362836e+01
      vertex   1.158064e+02 3.010031e+00 2.405322e+01
    endloop
  endfacet
  facet normal 5.307118e-02 6.066064e-01 -7.932289e-01
    outer loop
      vertex   1.158064e+02 3.010031e+00 2.405322e+01
      vertex   1.166196e+02 2.383317e+00 2.362836e+01
      vertex   1.157421e+02 2.460086e+00 2.362836e+01
    endloop
  endfacet
  facet normal 8.825242e-02 6.024943e-01 -7.932289e-01
    outer loop
      vertex   1.158064e+02 3.010031e+00 2.405322e+01
      vertex   1.157421e+02 2.460086e+00 2.362836e+01
      vertex   1.149667e+02 3.133022e+00 2.405322e+01
    endloop
  endfacet
  facet normal 8.825242e-02 6.024943e-01 -7.932289e-01
    outer loop
      vertex   1.149667e+02 3.133022e+00 2.405322e+01
      vertex   1.157421e+02 2.460086e+00 2.362836e+01
      vertex   1.148706e+02 2.587745e+00 2.362836e+01
    endloop
  endfacet
  facet normal 1.231350e-01 5.963436e-01 -7.932289e-01
    outer loop
      vertex   1.149667e+02 3.133022e+00 2.405322e+01
      vertex   1.148706e+02 2.587745e+00 2.362836e+01
      vertex   1.141356e+02 3.304626e+00 2.405322e+01
    endloop
  endfacet
  facet normal 1.231350e-01 5.963436e-01 -7.932289e-01
    outer loop
      vertex   1.141356e+02 3.304626e+00 2.405322e+01
      vertex   1.148706e+02 2.587745e+00 2.362836e+01
      vertex   1.140079e+02 2.765862e+00 2.362836e+01
    endloop
  endfacet
  facet normal 1.576010e-01 5.881750e-01 -7.932289e-01
    outer loop
      vertex   1.141356e+02 3.304626e+00 2.405322e+01
      vertex   1.140079e+02 2.765862e+00 2.362836e+01
      vertex   1.133159e+02 3.524263e+00 2.405322e+01
    endloop
  endfacet
  facet normal 1.576010e-01 5.881750e-01 -7.932289e-01
    outer loop
      vertex   1.133159e+02 3.524263e+00 2.405322e+01
      vertex   1.140079e+02 2.765862e+00 2.362836e+01
      vertex   1.131571e+02 2.993835e+00 2.362836e+01
    endloop
  endfacet
  facet normal 1.915337e-01 5.780162e-01 -7.932289e-01
    outer loop
      vertex   1.133159e+02 3.524263e+00 2.405322e+01
      vertex   1.131571e+02 2.993835e+00 2.362836e+01
      vertex   1.125104e+02 3.791189e+00 2.405322e+01
    endloop
  endfacet
  facet normal 1.915337e-01 5.780162e-01 -7.932289e-01
    outer loop
      vertex   1.125104e+02 3.791189e+00 2.405322e+01
      vertex   1.131571e+02 2.993835e+00 2.362836e+01
      vertex   1.123210e+02 3.270892e+00 2.362836e+01
    endloop
  endfacet
  facet normal 2.248183e-01 5.659016e-01 -7.932289e-01
    outer loop
      vertex   1.125104e+02 3.791189e+00 2.405322e+01
      vertex   1.123210e+02 3.270892e+00 2.362836e+01
      vertex   1.117217e+02 4.104502e+00 2.405322e+01
    endloop
  endfacet
  facet normal 1.965387e-02 6.754597e-01 -7.371349e-01
    outer loop
      vertex   1.175000e+02 2.357699e+00 2.362836e+01
      vertex   1.175000e+02 1.843146e+00 2.315685e+01
      vertex   1.166196e+02 2.383317e+00 2.362836e+01
    endloop
  endfacet
  facet normal 1.965387e-02 6.754597e-01 -7.371349e-01
    outer loop
      vertex   1.166196e+02 2.383317e+00 2.362836e+01
      vertex   1.175000e+02 1.843146e+00 2.315685e+01
      vertex   1.165896e+02 1.869635e+00 2.315685e+01
    endloop
  endfacet
  facet normal 5.889511e-02 6.731742e-01 -7.371349e-01
    outer loop
      vertex   1.166196e+02 2.383317e+00 2.362836e+01
      vertex   1.165896e+02 1.869635e+00 2.315685e+01
      vertex   1.157421e+02 2.460086e+00 2.362836e+01
    endloop
  endfacet
  facet normal 5.889511e-02 6.731742e-01 -7.371349e-01
    outer loop
      vertex   1.157421e+02 2.460086e+00 2.362836e+01
      vertex   1.165896e+02 1.869635e+00 2.315685e+01
      vertex   1.156824e+02 1.949012e+00 2.315685e+01
    endloop
  endfacet
  facet normal 9.793706e-02 6.686108e-01 -7.371349e-01
    outer loop
      vertex   1.157421e+02 2.460086e+00 2.362836e+01
      vertex   1.156824e+02 1.949012e+00 2.315685e+01
      vertex   1.148706e+02 2.587745e+00 2.362836e+01
    endloop
  endfacet
  facet normal 9.793706e-02 6.686108e-01 -7.371349e-01
    outer loop
      vertex   1.148706e+02 2.587745e+00 2.362836e+01
      vertex   1.156824e+02 1.949012e+00 2.315685e+01
      vertex   1.147812e+02 2.081009e+00 2.315685e+01
    endloop
  endfacet
  facet normal 1.366476e-01 6.617851e-01 -7.371349e-01
    outer loop
      vertex   1.148706e+02 2.587745e+00 2.362836e+01
      vertex   1.147812e+02 2.081009e+00 2.315685e+01
      vertex   1.140079e+02 2.765862e+00 2.362836e+01
    endloop
  endfacet
  facet normal 1.366476e-01 6.617851e-01 -7.371349e-01
    outer loop
      vertex   1.140079e+02 2.765862e+00 2.362836e+01
      vertex   1.147812e+02 2.081009e+00 2.315685e+01
      vertex   1.138893e+02 2.265178e+00 2.315685e+01
    endloop
  endfacet
  facet normal 1.748958e-01 6.527201e-01 -7.371349e-01
    outer loop
      vertex   1.140079e+02 2.765862e+00 2.362836e+01
      vertex   1.138893e+02 2.265178e+00 2.315685e+01
      vertex   1.131571e+02 2.993835e+00 2.362836e+01
    endloop
  endfacet
  facet normal 1.748958e-01 6.527201e-01 -7.371349e-01
    outer loop
      vertex   1.131571e+02 2.993835e+00 2.362836e+01
      vertex   1.138893e+02 2.265178e+00 2.315685e+01
      vertex   1.130096e+02 2.500898e+00 2.315685e+01
    endloop
  endfacet
  facet normal 2.125522e-01 6.414465e-01 -7.371349e-01
    outer loop
      vertex   1.131571e+02 2.993835e+00 2.362836e+01
      vertex   1.130096e+02 2.500898e+00 2.315685e+01
      vertex   1.123210e+02 3.270892e+00 2.362836e+01
    endloop
  endfacet
  facet normal 2.144764e-02 7.371077e-01 -6.754348e-01
    outer loop
      vertex   1.175000e+02 1.843146e+00 2.315685e+01
      vertex   1.175000e+02 1.371644e+00 2.264230e+01
      vertex   1.165896e+02 1.869635e+00 2.315685e+01
    endloop
  endfacet
  facet normal 2.144764e-02 7.371077e-01 -6.754348e-01
    outer loop
      vertex   1.165896e+02 1.869635e+00 2.315685e+01
      vertex   1.175000e+02 1.371644e+00 2.264230e+01
      vertex   1.165622e+02 1.398931e+00 2.264230e+01
    endloop
  endfacet
  facet normal 6.427036e-02 7.346136e-01 -6.754348e-01
    outer loop
      vertex   1.165896e+02 1.869635e+00 2.315685e+01
      vertex   1.165622e+02 1.398931e+00 2.264230e+01
      vertex   1.156824e+02 1.949012e+00 2.315685e+01
    endloop
  endfacet
  facet normal 6.427036e-02 7.346136e-01 -6.754348e-01
    outer loop
      vertex   1.156824e+02 1.949012e+00 2.315685e+01
      vertex   1.165622e+02 1.398931e+00 2.264230e+01
      vertex   1.156276e+02 1.480699e+00 2.264230e+01
    endloop
  endfacet
  facet normal 1.068756e-01 7.296338e-01 -6.754348e-01
    outer loop
      vertex   1.156824e+02 1.949012e+00 2.315685e+01
      vertex   1.156276e+02 1.480699e+00 2.264230e+01
      vertex   1.147812e+02 2.081009e+00 2.315685e+01
    endloop
  endfacet
  facet normal 1.068756e-01 7.296338e-01 -6.754348e-01
    outer loop
      vertex   1.147812e+02 2.081009e+00 2.315685e+01
      vertex   1.156276e+02 1.480699e+00 2.264230e+01
      vertex   1.146993e+02 1.616670e+00 2.264230e+01
    endloop
  endfacet
  facet normal 1.491192e-01 7.221851e-01 -6.754348e-01
    outer loop
      vertex   1.147812e+02 2.081009e+00 2.315685e+01
      vertex   1.146993e+02 1.616670e+00 2.264230e+01
      vertex   1.138893e+02 2.265178e+00 2.315685e+01
    endloop
  endfacet
  facet normal 1.491192e-01 7.221851e-01 -6.754348e-01
    outer loop
      vertex   1.138893e+02 2.265178e+00 2.315685e+01
      vertex   1.146993e+02 1.616670e+00 2.264230e+01
      vertex   1.137805e+02 1.806386e+00 2.264230e+01
    endloop
  endfacet
  facet normal 1.908583e-01 7.122927e-01 -6.754348e-01
    outer loop
      vertex   1.138893e+02 2.265178e+00 2.315685e+01
      vertex   1.137805e+02 1.806386e+00 2.264230e+01
      vertex   1.130096e+02 2.500898e+00 2.315685e+01
    endloop
  endfacet
  facet normal 2.307808e-02 7.931420e-01 -6.085993e-01
    outer loop
      vertex   1.175000e+02 1.371644e+00 2.264230e+01
      vertex   1.175000e+02 9.467836e-01 2.208861e+01
      vertex   1.165622e+02 1.398931e+00 2.264230e+01
    endloop
  endfacet
  facet normal 2.307808e-02 7.931420e-01 -6.085993e-01
    outer loop
      vertex   1.165622e+02 1.398931e+00 2.264230e+01
      vertex   1.175000e+02 9.467836e-01 2.208861e+01
      vertex   1.165375e+02 9.747891e-01 2.208861e+01
    endloop
  endfacet
  facet normal 6.915614e-02 7.904583e-01 -6.085993e-01
    outer loop
      vertex   1.165622e+02 1.398931e+00 2.264230e+01
      vertex   1.165375e+02 9.747891e-01 2.208861e+01
      vertex   1.156276e+02 1.480699e+00 2.264230e+01
    endloop
  endfacet
  facet normal 6.915614e-02 7.904583e-01 -6.085993e-01
    outer loop
      vertex   1.156276e+02 1.480699e+00 2.264230e+01
      vertex   1.165375e+02 9.747891e-01 2.208861e+01
      vertex   1.155783e+02 1.058711e+00 2.208861e+01
    endloop
  endfacet
  facet normal 1.150002e-01 7.850999e-01 -6.085993e-01
    outer loop
      vertex   1.156276e+02 1.480699e+00 2.264230e+01
      vertex   1.155783e+02 1.058711e+00 2.208861e+01
      vertex   1.146993e+02 1.616670e+00 2.264230e+01
    endloop
  endfacet
  facet normal 1.150002e-01 7.850999e-01 -6.085993e-01
    outer loop
      vertex   1.146993e+02 1.616670e+00 2.264230e+01
      vertex   1.155783e+02 1.058711e+00 2.208861e+01
      vertex   1.146256e+02 1.198264e+00 2.208861e+01
    endloop
  endfacet
  facet normal 1.604551e-01 7.770850e-01 -6.085993e-01
    outer loop
      vertex   1.146993e+02 1.616670e+00 2.264230e+01
      vertex   1.146256e+02 1.198264e+00 2.208861e+01
      vertex   1.137805e+02 1.806386e+00 2.264230e+01
    endloop
  endfacet
  facet normal 2.453280e-02 8.431376e-01 -5.371379e-01
    outer loop
      vertex   1.175000e+02 9.467836e-01 2.208861e+01
      vertex   1.175000e+02 5.717968e-01 2.150000e+01
      vertex   1.165375e+02 9.747891e-01 2.208861e+01
    endloop
  endfacet
  facet normal 2.453280e-02 8.431376e-01 -5.371379e-01
    outer loop
      vertex   1.165375e+02 9.747891e-01 2.208861e+01
      vertex   1.175000e+02 5.717968e-01 2.150000e+01
      vertex   1.165157e+02 6.004366e-01 2.150000e+01
    endloop
  endfacet
  facet normal 7.351539e-02 8.402847e-01 -5.371379e-01
    outer loop
      vertex   1.165375e+02 9.747891e-01 2.208861e+01
      vertex   1.165157e+02 6.004366e-01 2.150000e+01
      vertex   1.155783e+02 1.058711e+00 2.208861e+01
    endloop
  endfacet
  facet normal 7.351539e-02 8.402847e-01 -5.371379e-01
    outer loop
      vertex   1.155783e+02 1.058711e+00 2.208861e+01
      vertex   1.165157e+02 6.004366e-01 2.150000e+01
      vertex   1.155348e+02 6.862592e-01 2.150000e+01
    endloop
  endfacet
  facet normal 1.222492e-01 8.345885e-01 -5.371379e-01
    outer loop
      vertex   1.155783e+02 1.058711e+00 2.208861e+01
      vertex   1.155348e+02 6.862592e-01 2.150000e+01
      vertex   1.146256e+02 1.198264e+00 2.208861e+01
    endloop
  endfacet
  facet normal 2.580079e-02 8.867156e-01 -4.615949e-01
    outer loop
      vertex   1.175000e+02 5.717968e-01 2.150000e+01
      vertex   1.175000e+02 2.495377e-01 2.088095e+01
      vertex   1.165157e+02 6.004366e-01 2.150000e+01
    endloop
  endfacet
  facet normal 2.580079e-02 8.867156e-01 -4.615949e-01
    outer loop
      vertex   1.165157e+02 6.004366e-01 2.150000e+01
      vertex   1.175000e+02 2.495377e-01 2.088095e+01
      vertex   1.164970e+02 2.787228e-01 2.088095e+01
    endloop
  endfacet
  facet normal 7.731506e-02 8.837152e-01 -4.615949e-01
    outer loop
      vertex   1.165157e+02 6.004366e-01 2.150000e+01
      vertex   1.164970e+02 2.787228e-01 2.088095e+01
      vertex   1.155348e+02 6.862592e-01 2.150000e+01
    endloop
  endfacet
  facet normal 2.687244e-02 9.235459e-01 -3.825452e-01
    outer loop
      vertex   1.175000e+02 2.495377e-01 2.088095e+01
      vertex   1.175000e+02 -1.754097e-02 2.023616e+01
      vertex   1.164970e+02 2.787228e-01 2.088095e+01
    endloop
  endfacet
  facet normal 2.839586e-02 9.759023e-01 -2.163523e-01
    outer loop
      vertex   1.164692e+02 -1.974146e-01 1.957055e+01
      vertex   1.175000e+02 -3.784620e-01 1.888919e+01
      vertex   1.164605e+02 -3.482145e-01 1.888919e+01
    endloop
  endfacet
  facet normal 2.883610e-02 9.910326e-01 -1.304719e-01
    outer loop
      vertex   1.164605e+02 -3.482145e-01 1.888919e+01
      vertex   1.175000e+02 -3.784620e-01 1.888919e+01
      vertex   1.175000e+02 -4.695576e-01 1.819725e+01
    endloop
  endfacet
  facet normal 2.883610e-02 9.910326e-01 -1.304719e-01
    outer loop
      vertex   1.164605e+02 -3.482145e-01 1.888919e+01
      vertex   1.175000e+02 -4.695576e-01 1.819725e+01
      vertex   1.164552e+02 -4.391559e-01 1.819725e+01
    endloop
  endfacet
  facet normal 2.905706e-02 9.986264e-01 -4.360097e-02
    outer loop
      vertex   1.164552e+02 -4.391559e-01 1.819725e+01
      vertex   1.175000e+02 -4.695576e-01 1.819725e+01
      vertex   1.175000e+02 -5.000000e-01 1.750000e+01
    endloop
  endfacet
  facet normal 2.905706e-02 9.986264e-01 -4.360097e-02
    outer loop
      vertex   1.164552e+02 -4.391559e-01 1.819725e+01
      vertex   1.175000e+02 -5.000000e-01 1.750000e+01
      vertex   1.164534e+02 -4.695468e-01 1.750000e+01
    endloop
  endfacet
  facet normal 8.707286e-02 9.952473e-01 -4.360097e-02
    outer loop
      vertex   1.164552e+02 -4.391559e-01 1.819725e+01
      vertex   1.164534e+02 -4.695468e-01 1.750000e+01
      vertex   1.154139e+02 -3.480539e-01 1.819725e+01
    endloop
  endfacet
  facet normal 8.707286e-02 9.952473e-01 -4.360097e-02
    outer loop
      vertex   1.154139e+02 -3.480539e-01 1.819725e+01
      vertex   1.164534e+02 -4.695468e-01 1.750000e+01
      vertex   1.154103e+02 -3.782904e-01 1.750000e+01
    endloop
  endfacet
  facet normal 1.447940e-01 9.885007e-01 -4.360097e-02
    outer loop
      vertex   1.154139e+02 -3.480539e-01 1.819725e+01
      vertex   1.154103e+02 -3.782904e-01 1.750000e+01
      vertex   1.143796e+02 -1.965596e-01 1.819725e+01
    endloop
  endfacet
  facet normal 1.447940e-01 9.885007e-01 -4.360097e-02
    outer loop
      vertex   1.143796e+02 -1.965596e-01 1.819725e+01
      vertex   1.154103e+02 -3.782904e-01 1.750000e+01
      vertex   1.143743e+02 -2.265396e-01 1.750000e+01
    endloop
  endfacet
  facet normal 2.020253e-01 9.784093e-01 -4.360097e-02
    outer loop
      vertex   1.143796e+02 -1.965596e-01 1.819725e+01
      vertex   1.143743e+02 -2.265396e-01 1.750000e+01
      vertex   1.133559e+02 1.481417e-02 1.819725e+01
    endloop
  endfacet
  facet normal 2.020253e-01 9.784093e-01 -4.360097e-02
    outer loop
      vertex   1.133559e+02 1.481417e-02 1.819725e+01
      vertex   1.143743e+02 -2.265396e-01 1.750000e+01
      vertex   1.133489e+02 -1.480767e-02 1.750000e+01
    endloop
  endfacet
  facet normal 2.585729e-01 9.650073e-01 -4.360097e-02
    outer loop
      vertex   1.133559e+02 1.481417e-02 1.819725e+01
      vertex   1.133489e+02 -1.480767e-02 1.750000e+01
      vertex   1.123463e+02 2.853523e-01 1.819725e+01
    endloop
  endfacet
  facet normal 2.585729e-01 9.650073e-01 -4.360097e-02
    outer loop
      vertex   1.123463e+02 2.853523e-01 1.819725e+01
      vertex   1.133489e+02 -1.480767e-02 1.750000e+01
      vertex   1.123375e+02 2.561888e-01 1.750000e+01
    endloop
  endfacet
  facet normal 3.142456e-01 9.483399e-01 -4.360097e-02
    outer loop
      vertex   1.123463e+02 2.853523e-01 1.819725e+01
      vertex   1.123375e+02 2.561888e-01 1.750000e+01
      vertex   1.113540e+02 6.141393e-01 1.819725e+01
    endloop
  endfacet
  facet normal 3.142456e-01 9.483399e-01 -4.360097e-02
    outer loop
      vertex   1.113540e+02 6.141393e-01 1.819725e+01
      vertex   1.123375e+02 2.561888e-01 1.750000e+01
      vertex   1.113436e+02 5.855328e-01 1.750000e+01
    endloop
  endfacet
  facet normal 3.688550e-01 9.284637e-01 -4.360097e-02
    outer loop
      vertex   1.113540e+02 6.141393e-01 1.819725e+01
      vertex   1.113436e+02 5.855328e-01 1.750000e+01
      vertex   1.103826e+02 1.000063e+00 1.819725e+01
    endloop
  endfacet
  facet normal 3.688550e-01 9.284637e-01 -4.360097e-02
    outer loop
      vertex   1.103826e+02 1.000063e+00 1.819725e+01
      vertex   1.113436e+02 5.855328e-01 1.750000e+01
      vertex   1.103706e+02 9.721101e-01 1.750000e+01
    endloop
  endfacet
  facet normal 4.222164e-01 9.054459e-01 -4.360097e-02
    outer loop
      vertex   1.103826e+02 1.000063e+00 1.819725e+01
      vertex   1.103706e+02 9.721101e-01 1.750000e+01
      vertex   1.094353e+02 1.441817e+00 1.819725e+01
    endloop
  endfacet
  facet normal 4.222164e-01 9.054459e-01 -4.360097e-02
    outer loop
      vertex   1.094353e+02 1.441817e+00 1.819725e+01
      vertex   1.103706e+02 9.721101e-01 1.750000e+01
      vertex   1.094216e+02 1.414612e+00 1.750000e+01
    endloop
  endfacet
  facet normal 4.741490e-01 8.793643e-01 -4.360097e-02
    outer loop
      vertex   1.094353e+02 1.441817e+00 1.819725e+01
      vertex   1.094216e+02 1.414612e+00 1.750000e+01
      vertex   1.085152e+02 1.937907e+00 1.819725e+01
    endloop
  endfacet
  facet normal 4.741490e-01 8.793643e-01 -4.360097e-02
    outer loop
      vertex   1.085152e+02 1.937907e+00 1.819725e+01
      vertex   1.094216e+02 1.414612e+00 1.750000e+01
      vertex   1.085000e+02 1.911543e+00 1.750000e+01
    endloop
  endfacet
  facet normal 5.244773e-01 8.503073e-01 -4.360097e-02
    outer loop
      vertex   1.085152e+02 1.937907e+00 1.819725e+01
      vertex   1.085000e+02 1.911543e+00 1.750000e+01
      vertex   1.076256e+02 2.486654e+00 1.819725e+01
    endloop
  endfacet
  facet normal 5.244773e-01 8.503073e-01 -4.360097e-02
    outer loop
      vertex   1.076256e+02 2.486654e+00 1.819725e+01
      vertex   1.085000e+02 1.911543e+00 1.750000e+01
      vertex   1.076088e+02 2.461219e+00 1.750000e+01
    endloop
  endfacet
  facet normal 5.730310e-01 8.183731e-01 -4.360097e-02
    outer loop
      vertex   1.076256e+02 2.486654e+00 1.819725e+01
      vertex   1.076088e+02 2.461219e+00 1.750000e+01
      vertex   1.067693e+02 3.086201e+00 1.819725e+01
    endloop
  endfacet
  facet normal 5.730310e-01 8.183731e-01 -4.360097e-02
    outer loop
      vertex   1.067693e+02 3.086201e+00 1.819725e+01
      vertex   1.076088e+02 2.461219e+00 1.750000e+01
      vertex   1.067511e+02 3.061783e+00 1.750000e+01
    endloop
  endfacet
  facet normal 6.196457e-01 7.836697e-01 -4.360097e-02
    outer loop
      vertex   1.067693e+02 3.086201e+00 1.819725e+01
      vertex   1.067511e+02 3.061783e+00 1.750000e+01
      vertex   1.059494e+02 3.734520e+00 1.819725e+01
    endloop
  endfacet
  facet normal 6.196457e-01 7.836697e-01 -4.360097e-02
    outer loop
      vertex   1.059494e+02 3.734520e+00 1.819725e+01
      vertex   1.067511e+02 3.061783e+00 1.750000e+01
      vertex   1.059298e+02 3.711200e+00 1.750000e+01
    endloop
  endfacet
  facet normal 7.064343e-01 7.064343e-01 -4.360097e-02
    outer loop
      vertex   1.051685e+02 4.429417e+00 1.819725e+01
      vertex   1.051477e+02 4.407274e+00 1.750000e+01
      vertex   1.044294e+02 5.168541e+00 1.819725e+01
    endloop
  endfacet
  facet normal 7.064343e-01 7.064343e-01 -4.360097e-02
    outer loop
      vertex   1.044294e+02 5.168541e+00 1.819725e+01
      vertex   1.051477e+02 4.407274e+00 1.750000e+01
      vertex   1.044073e+02 5.147651e+00 1.750000e+01
    endloop
  endfacet
  facet normal 7.463147e-01 6.641637e-01 -4.360097e-02
    outer loop
      vertex   1.044294e+02 5.168541e+00 1.819725e+01
      vertex   1.044073e+02 5.147651e+00 1.750000e+01
      vertex   1.037345e+02 5.949391e+00 1.819725e+01
    endloop
  endfacet
  facet normal 7.463147e-01 6.641637e-01 -4.360097e-02
    outer loop
      vertex   1.037345e+02 5.949391e+00 1.819725e+01
      vertex   1.044073e+02 5.147651e+00 1.750000e+01
      vertex   1.037112e+02 5.929823e+00 1.750000e+01
    endloop
  endfacet
  facet normal 7.836697e-01 6.196457e-01 -4.360097e-02
    outer loop
      vertex   1.037345e+02 5.949391e+00 1.819725e+01
      vertex   1.037112e+02 5.929823e+00 1.750000e+01
      vertex   1.030862e+02 6.769324e+00 1.819725e+01
    endloop
  endfacet
  facet normal 7.836697e-01 6.196457e-01 -4.360097e-02
    outer loop
      vertex   1.030862e+02 6.769324e+00 1.819725e+01
      vertex   1.037112e+02 5.929823e+00 1.750000e+01
      vertex   1.030618e+02 6.751145e+00 1.750000e+01
    endloop
  endfacet
  facet normal 8.183731e-01 5.730310e-01 -4.360097e-02
    outer loop
      vertex   1.030862e+02 6.769324e+00 1.819725e+01
      vertex   1.030618e+02 6.751145e+00 1.750000e+01
      vertex   1.024867e+02 7.625567e+00 1.819725e+01
    endloop
  endfacet
  facet normal 8.183731e-01 5.730310e-01 -4.360097e-02
    outer loop
      vertex   1.024867e+02 7.625567e+00 1.819725e+01
      vertex   1.030618e+02 6.751145e+00 1.750000e+01
      vertex   1.024612e+02 7.608838e+00 1.750000e+01
    endloop
  endfacet
  facet normal 8.503073e-01 5.244773e-01 -4.360097e-02
    outer loop
      vertex   1.024867e+02 7.625567e+00 1.819725e+01
      vertex   1.024612e+02 7.608838e+00 1.750000e+01
      vertex   1.019379e+02 8.515221e+00 1.819725e+01
    endloop
  endfacet
  facet normal 8.503073e-01 5.244773e-01 -4.360097e-02
    outer loop
      vertex   1.019379e+02 8.515221e+00 1.819725e+01
      vertex   1.024612e+02 7.608838e+00 1.750000e+01
      vertex   1.019115e+02 8.500000e+00 1.750000e+01
    endloop
  endfacet
  facet normal 8.793643e-01 4.741490e-01 -4.360097e-02
    outer loop
      vertex   1.019379e+02 8.515221e+00 1.819725e+01
      vertex   1.019115e+02 8.500000e+00 1.750000e+01
      vertex   1.014418e+02 9.435277e+00 1.819725e+01
    endloop
  endfacet
  facet normal 8.793643e-01 4.741490e-01 -4.360097e-02
    outer loop
      vertex   1.014418e+02 9.435277e+00 1.819725e+01
      vertex   1.019115e+02 8.500000e+00 1.750000e+01
      vertex   1.014146e+02 9.421615e+00 1.750000e+01
    endloop
  endfacet
  facet normal 9.054459e-01 4.222164e-01 -4.360097e-02
    outer loop
      vertex   1.014418e+02 9.435277e+00 1.819725e+01
      vertex   1.014146e+02 9.421615e+00 1.750000e+01
      vertex   1.010001e+02 1.038262e+01 1.819725e+01
    endloop
  endfacet
  facet normal 9.054459e-01 4.222164e-01 -4.360097e-02
    outer loop
      vertex   1.010001e+02 1.038262e+01 1.819725e+01
      vertex   1.014146e+02 9.421615e+00 1.750000e+01
      vertex   1.009721e+02 1.037056e+01 1.750000e+01
    endloop
  endfacet
  facet normal 9.284637e-01 3.688550e-01 -4.360097e-02
    outer loop
      vertex   1.010001e+02 1.038262e+01 1.819725e+01
      vertex   1.009721e+02 1.037056e+01 1.750000e+01
      vertex   1.006141e+02 1.135405e+01 1.819725e+01
    endloop
  endfacet
  facet normal 9.284637e-01 3.688550e-01 -4.360097e-02
    outer loop
      vertex   1.006141e+02 1.135405e+01 1.819725e+01
      vertex   1.009721e+02 1.037056e+01 1.750000e+01
      vertex   1.005855e+02 1.134364e+01 1.750000e+01
    endloop
  endfacet
  facet normal 9.483399e-01 3.142456e-01 -4.360097e-02
    outer loop
      vertex   1.006141e+02 1.135405e+01 1.819725e+01
      vertex   1.005855e+02 1.134364e+01 1.750000e+01
      vertex   1.002854e+02 1.234627e+01 1.819725e+01
    endloop
  endfacet
  facet normal 9.483399e-01 3.142456e-01 -4.360097e-02
    outer loop
      vertex   1.002854e+02 1.234627e+01 1.819725e+01
      vertex   1.005855e+02 1.134364e+01 1.750000e+01
      vertex   1.002562e+02 1.233754e+01 1.750000e+01
    endloop
  endfacet
  facet normal 9.650073e-01 2.585729e-01 -4.360097e-02
    outer loop
      vertex   1.002854e+02 1.234627e+01 1.819725e+01
      vertex   1.002562e+02 1.233754e+01 1.750000e+01
      vertex   1.000148e+02 1.335593e+01 1.819725e+01
    endloop
  endfacet
  facet normal 9.650073e-01 2.585729e-01 -4.360097e-02
    outer loop
      vertex   1.000148e+02 1.335593e+01 1.819725e+01
      vertex   1.002562e+02 1.233754e+01 1.750000e+01
      vertex   9.998519e+01 1.334891e+01 1.750000e+01
    endloop
  endfacet
  facet normal 9.784093e-01 2.020253e-01 -4.360097e-02
    outer loop
      vertex   1.000148e+02 1.335593e+01 1.819725e+01
      vertex   9.998519e+01 1.334891e+01 1.750000e+01
      vertex   9.980344e+01 1.437962e+01 1.819725e+01
    endloop
  endfacet
  facet normal 9.784093e-01 2.020253e-01 -4.360097e-02
    outer loop
      vertex   9.980344e+01 1.437962e+01 1.819725e+01
      vertex   9.998519e+01 1.334891e+01 1.750000e+01
      vertex   9.977346e+01 1.437433e+01 1.750000e+01
    endloop
  endfacet
  facet normal 9.885007e-01 1.447940e-01 -4.360097e-02
    outer loop
      vertex   9.980344e+01 1.437962e+01 1.819725e+01
      vertex   9.977346e+01 1.437433e+01 1.750000e+01
      vertex   9.965195e+01 1.541386e+01 1.819725e+01
    endloop
  endfacet
  facet normal 9.885007e-01 1.447940e-01 -4.360097e-02
    outer loop
      vertex   9.965195e+01 1.541386e+01 1.819725e+01
      vertex   9.977346e+01 1.437433e+01 1.750000e+01
      vertex   9.962171e+01 1.541033e+01 1.750000e+01
    endloop
  endfacet
  facet normal 9.952473e-01 8.707286e-02 -4.360097e-02
    outer loop
      vertex   9.965195e+01 1.541386e+01 1.819725e+01
      vertex   9.962171e+01 1.541033e+01 1.750000e+01
      vertex   9.956084e+01 1.645516e+01 1.819725e+01
    endloop
  endfacet
  facet normal 9.952473e-01 8.707286e-02 -4.360097e-02
    outer loop
      vertex   9.956084e+01 1.645516e+01 1.819725e+01
      vertex   9.962171e+01 1.541033e+01 1.750000e+01
      vertex   9.953045e+01 1.645339e+01 1.750000e+01
    endloop
  endfacet
  facet normal 2.164353e-01 6.297625e-03 -9.762766e-01
    outer loop
      vertex   1.054294e+02 1.750000e+01 2.522741e+01
      vertex   1.061108e+02 1.750000e+01 2.537846e+01
      vertex   1.054499e+02 1.679816e+01 2.522741e+01
    endloop
  endfacet
  facet normal 2.164353e-01 6.297625e-03 -9.762766e-01
    outer loop
      vertex   1.054499e+02 1.679816e+01 2.522741e+01
      vertex   1.061108e+02 1.750000e+01 2.537846e+01
      vertex   1.061301e+02 1.683778e+01 2.537846e+01
    endloop
  endfacet
  facet normal 2.157030e-01 1.887156e-02 -9.762766e-01
    outer loop
      vertex   1.054499e+02 1.679816e+01 2.522741e+01
      vertex   1.061301e+02 1.683778e+01 2.537846e+01
      vertex   1.055111e+02 1.609869e+01 2.522741e+01
    endloop
  endfacet
  facet normal 2.157030e-01 1.887156e-02 -9.762766e-01
    outer loop
      vertex   1.055111e+02 1.609869e+01 2.522741e+01
      vertex   1.061301e+02 1.683778e+01 2.537846e+01
      vertex   1.061878e+02 1.617780e+01 2.537846e+01
    endloop
  endfacet
  facet normal 2.142408e-01 3.138165e-02 -9.762766e-01
    outer loop
      vertex   1.055111e+02 1.609869e+01 2.522741e+01
      vertex   1.061878e+02 1.617780e+01 2.537846e+01
      vertex   1.056128e+02 1.540397e+01 2.522741e+01
    endloop
  endfacet
  facet normal 2.142408e-01 3.138165e-02 -9.762766e-01
    outer loop
      vertex   1.056128e+02 1.540397e+01 2.522741e+01
      vertex   1.061878e+02 1.617780e+01 2.537846e+01
      vertex   1.062838e+02 1.552229e+01 2.537846e+01
    endloop
  endfacet
  facet normal 2.120536e-01 4.378555e-02 -9.762766e-01
    outer loop
      vertex   1.056128e+02 1.540397e+01 2.522741e+01
      vertex   1.062838e+02 1.552229e+01 2.537846e+01
      vertex   1.057548e+02 1.471634e+01 2.522741e+01
    endloop
  endfacet
  facet normal 2.120536e-01 4.378555e-02 -9.762766e-01
    outer loop
      vertex   1.057548e+02 1.471634e+01 2.522741e+01
      vertex   1.062838e+02 1.552229e+01 2.537846e+01
      vertex   1.064178e+02 1.487347e+01 2.537846e+01
    endloop
  endfacet
  facet normal 2.091489e-01 5.604129e-02 -9.762766e-01
    outer loop
      vertex   1.057548e+02 1.471634e+01 2.522741e+01
      vertex   1.064178e+02 1.487347e+01 2.537846e+01
      vertex   1.059365e+02 1.403813e+01 2.522741e+01
    endloop
  endfacet
  facet normal 2.091489e-01 5.604129e-02 -9.762766e-01
    outer loop
      vertex   1.059365e+02 1.403813e+01 2.522741e+01
      vertex   1.064178e+02 1.487347e+01 2.537846e+01
      vertex   1.065893e+02 1.423354e+01 2.537846e+01
    endloop
  endfacet
  facet normal 2.055366e-01 6.810741e-02 -9.762766e-01
    outer loop
      vertex   1.059365e+02 1.403813e+01 2.522741e+01
      vertex   1.065893e+02 1.423354e+01 2.537846e+01
      vertex   1.061574e+02 1.337163e+01 2.522741e+01
    endloop
  endfacet
  facet normal 2.055366e-01 6.810741e-02 -9.762766e-01
    outer loop
      vertex   1.061574e+02 1.337163e+01 2.522741e+01
      vertex   1.065893e+02 1.423354e+01 2.537846e+01
      vertex   1.067977e+02 1.360467e+01 2.537846e+01
    endloop
  endfacet
  facet normal 2.012288e-01 7.994307e-02 -9.762766e-01
    outer loop
      vertex   1.061574e+02 1.337163e+01 2.522741e+01
      vertex   1.067977e+02 1.360467e+01 2.537846e+01
      vertex   1.064166e+02 1.271910e+01 2.522741e+01
    endloop
  endfacet
  facet normal 2.012288e-01 7.994307e-02 -9.762766e-01
    outer loop
      vertex   1.064166e+02 1.271910e+01 2.522741e+01
      vertex   1.067977e+02 1.360467e+01 2.537846e+01
      vertex   1.070423e+02 1.298897e+01 2.537846e+01
    endloop
  endfacet
  facet normal 1.305253e-01 3.797897e-03 -9.914377e-01
    outer loop
      vertex   1.061108e+02 1.750000e+01 2.537846e+01
      vertex   1.068028e+02 1.750000e+01 2.546956e+01
      vertex   1.061301e+02 1.683778e+01 2.537846e+01
    endloop
  endfacet
  facet normal 1.305253e-01 3.797897e-03 -9.914377e-01
    outer loop
      vertex   1.061301e+02 1.683778e+01 2.537846e+01
      vertex   1.068028e+02 1.750000e+01 2.546956e+01
      vertex   1.068209e+02 1.687801e+01 2.546956e+01
    endloop
  endfacet
  facet normal 1.300836e-01 1.138084e-02 -9.914377e-01
    outer loop
      vertex   1.061301e+02 1.683778e+01 2.537846e+01
      vertex   1.068209e+02 1.687801e+01 2.546956e+01
      vertex   1.061878e+02 1.617780e+01 2.537846e+01
    endloop
  endfacet
  facet normal 1.300836e-01 1.138084e-02 -9.914377e-01
    outer loop
      vertex   1.061878e+02 1.617780e+01 2.537846e+01
      vertex   1.068209e+02 1.687801e+01 2.546956e+01
      vertex   1.068751e+02 1.625813e+01 2.546956e+01
    endloop
  endfacet
  facet normal 1.292018e-01 1.892527e-02 -9.914377e-01
    outer loop
      vertex   1.061878e+02 1.617780e+01 2.537846e+01
      vertex   1.068751e+02 1.625813e+01 2.546956e+01
      vertex   1.062838e+02 1.552229e+01 2.537846e+01
    endloop
  endfacet
  facet normal 1.292018e-01 1.892527e-02 -9.914377e-01
    outer loop
      vertex   1.062838e+02 1.552229e+01 2.537846e+01
      vertex   1.068751e+02 1.625813e+01 2.546956e+01
      vertex   1.069653e+02 1.564244e+01 2.546956e+01
    endloop
  endfacet
  facet normal 1.278828e-01 2.640567e-02 -9.914377e-01
    outer loop
      vertex   1.062838e+02 1.552229e+01 2.537846e+01
      vertex   1.069653e+02 1.564244e+01 2.546956e+01
      vertex   1.064178e+02 1.487347e+01 2.537846e+01
    endloop
  endfacet
  facet normal 1.278828e-01 2.640567e-02 -9.914377e-01
    outer loop
      vertex   1.064178e+02 1.487347e+01 2.537846e+01
      vertex   1.069653e+02 1.564244e+01 2.546956e+01
      vertex   1.070911e+02 1.503305e+01 2.546956e+01
    endloop
  endfacet
  facet normal 1.261311e-01 3.379672e-02 -9.914377e-01
    outer loop
      vertex   1.064178e+02 1.487347e+01 2.537846e+01
      vertex   1.070911e+02 1.503305e+01 2.546956e+01
      vertex   1.065893e+02 1.423354e+01 2.537846e+01
    endloop
  endfacet
  facet normal 4.361935e-02 1.269194e-03 -9.990474e-01
    outer loop
      vertex   1.068028e+02 1.750000e+01 2.546956e+01
      vertex   1.075000e+02 1.750000e+01 2.550000e+01
      vertex   1.068209e+02 1.687801e+01 2.546956e+01
    endloop
  endfacet
  facet normal 4.342977e-02 1.476589e-03 -9.990554e-01
    outer loop
      vertex   1.068209e+02 1.687801e+01 2.546956e+01
      vertex   1.075000e+02 1.750000e+01 2.550000e+01
      vertex   1.075231e+02 1.682080e+01 2.550000e+01
    endloop
  endfacet
  facet normal 4.361976e-02 3.816235e-03 -9.990409e-01
    outer loop
      vertex   1.068209e+02 1.687801e+01 2.546956e+01
      vertex   1.075231e+02 1.682080e+01 2.550000e+01
      vertex   1.068751e+02 1.625813e+01 2.546956e+01
    endloop
  endfacet
  facet normal 4.310492e-02 4.410235e-03 -9.990608e-01
    outer loop
      vertex   1.068751e+02 1.625813e+01 2.546956e+01
      vertex   1.075231e+02 1.682080e+01 2.550000e+01
      vertex   1.075923e+02 1.614473e+01 2.550000e+01
    endloop
  endfacet
  facet normal 4.341203e-02 6.358926e-03 -9.990370e-01
    outer loop
      vertex   1.068751e+02 1.625813e+01 2.546956e+01
      vertex   1.075923e+02 1.614473e+01 2.550000e+01
      vertex   1.069653e+02 1.564244e+01 2.546956e+01
    endloop
  endfacet
  facet normal 4.264548e-02 7.317400e-03 -9.990635e-01
    outer loop
      vertex   1.069653e+02 1.564244e+01 2.546956e+01
      vertex   1.075923e+02 1.614473e+01 2.550000e+01
      vertex   1.077072e+02 1.547492e+01 2.550000e+01
    endloop
  endfacet
  facet normal 4.299675e-02 8.878114e-03 -9.990358e-01
    outer loop
      vertex   1.069653e+02 1.564244e+01 2.546956e+01
      vertex   1.077072e+02 1.547492e+01 2.550000e+01
      vertex   1.070911e+02 1.503305e+01 2.546956e+01
    endloop
  endfacet
  facet normal 9.576691e-01 2.566067e-01 -1.304719e-01
    outer loop
      vertex   1.000148e+02 1.335593e+01 1.819725e+01
      vertex   1.001035e+02 1.337694e+01 1.888919e+01
      vertex   1.002854e+02 1.234627e+01 1.819725e+01
    endloop
  endfacet
  facet normal 9.576691e-01 2.566067e-01 -1.304719e-01
    outer loop
      vertex   1.002854e+02 1.234627e+01 1.819725e+01
      vertex   1.001035e+02 1.337694e+01 1.888919e+01
      vertex   1.003726e+02 1.237240e+01 1.888919e+01
    endloop
  endfacet
  facet normal 9.411285e-01 3.118560e-01 -1.304719e-01
    outer loop
      vertex   1.002854e+02 1.234627e+01 1.819725e+01
      vertex   1.003726e+02 1.237240e+01 1.888919e+01
      vertex   1.006141e+02 1.135405e+01 1.819725e+01
    endloop
  endfacet
  facet normal 9.411285e-01 3.118560e-01 -1.304719e-01
    outer loop
      vertex   1.006141e+02 1.135405e+01 1.819725e+01
      vertex   1.003726e+02 1.237240e+01 1.888919e+01
      vertex   1.006997e+02 1.138521e+01 1.888919e+01
    endloop
  endfacet
  facet normal 9.214035e-01 3.660502e-01 -1.304719e-01
    outer loop
      vertex   1.006141e+02 1.135405e+01 1.819725e+01
      vertex   1.006997e+02 1.138521e+01 1.888919e+01
      vertex   1.010001e+02 1.038262e+01 1.819725e+01
    endloop
  endfacet
  facet normal 9.214035e-01 3.660502e-01 -1.304719e-01
    outer loop
      vertex   1.010001e+02 1.038262e+01 1.819725e+01
      vertex   1.006997e+02 1.138521e+01 1.888919e+01
      vertex   1.010837e+02 1.041870e+01 1.888919e+01
    endloop
  endfacet
  facet normal 8.985607e-01 4.190057e-01 -1.304719e-01
    outer loop
      vertex   1.010001e+02 1.038262e+01 1.819725e+01
      vertex   1.010837e+02 1.041870e+01 1.888919e+01
      vertex   1.014418e+02 9.435277e+00 1.819725e+01
    endloop
  endfacet
  facet normal 8.985607e-01 4.190057e-01 -1.304719e-01
    outer loop
      vertex   1.014418e+02 9.435277e+00 1.819725e+01
      vertex   1.010837e+02 1.041870e+01 1.888919e+01
      vertex   1.015232e+02 9.476161e+00 1.888919e+01
    endloop
  endfacet
  facet normal 8.726774e-01 4.705435e-01 -1.304719e-01
    outer loop
      vertex   1.014418e+02 9.435277e+00 1.819725e+01
      vertex   1.015232e+02 9.476161e+00 1.888919e+01
      vertex   1.019379e+02 8.515221e+00 1.819725e+01
    endloop
  endfacet
  facet normal 8.726774e-01 4.705435e-01 -1.304719e-01
    outer loop
      vertex   1.019379e+02 8.515221e+00 1.819725e+01
      vertex   1.015232e+02 9.476161e+00 1.888919e+01
      vertex   1.020168e+02 8.560769e+00 1.888919e+01
    endloop
  endfacet
  facet normal 8.438413e-01 5.204891e-01 -1.304719e-01
    outer loop
      vertex   1.019379e+02 8.515221e+00 1.819725e+01
      vertex   1.020168e+02 8.560769e+00 1.888919e+01
      vertex   1.024867e+02 7.625567e+00 1.819725e+01
    endloop
  endfacet
  facet normal 8.438413e-01 5.204891e-01 -1.304719e-01
    outer loop
      vertex   1.024867e+02 7.625567e+00 1.819725e+01
      vertex   1.020168e+02 8.560769e+00 1.888919e+01
      vertex   1.025628e+02 7.675625e+00 1.888919e+01
    endloop
  endfacet
  facet normal 8.121499e-01 5.686735e-01 -1.304719e-01
    outer loop
      vertex   1.024867e+02 7.625567e+00 1.819725e+01
      vertex   1.025628e+02 7.675625e+00 1.888919e+01
      vertex   1.030862e+02 6.769324e+00 1.819725e+01
    endloop
  endfacet
  facet normal 8.121499e-01 5.686735e-01 -1.304719e-01
    outer loop
      vertex   1.030862e+02 6.769324e+00 1.819725e+01
      vertex   1.025628e+02 7.675625e+00 1.888919e+01
      vertex   1.031593e+02 6.823723e+00 1.888919e+01
    endloop
  endfacet
  facet normal 7.777105e-01 6.149337e-01 -1.304719e-01
    outer loop
      vertex   1.030862e+02 6.769324e+00 1.819725e+01
      vertex   1.031593e+02 6.823723e+00 1.888919e+01
      vertex   1.037345e+02 5.949391e+00 1.819725e+01
    endloop
  endfacet
  facet normal 7.777105e-01 6.149337e-01 -1.304719e-01
    outer loop
      vertex   1.037345e+02 5.949391e+00 1.819725e+01
      vertex   1.031593e+02 6.823723e+00 1.888919e+01
      vertex   1.038043e+02 6.007946e+00 1.888919e+01
    endloop
  endfacet
  facet normal 7.406395e-01 6.591132e-01 -1.304719e-01
    outer loop
      vertex   1.037345e+02 5.949391e+00 1.819725e+01
      vertex   1.038043e+02 6.007946e+00 1.888919e+01
      vertex   1.044294e+02 5.168541e+00 1.819725e+01
    endloop
  endfacet
  facet normal 7.406395e-01 6.591132e-01 -1.304719e-01
    outer loop
      vertex   1.044294e+02 5.168541e+00 1.819725e+01
      vertex   1.038043e+02 6.007946e+00 1.888919e+01
      vertex   1.044957e+02 5.231055e+00 1.888919e+01
    endloop
  endfacet
  facet normal 7.010624e-01 7.010624e-01 -1.304719e-01
    outer loop
      vertex   1.044294e+02 5.168541e+00 1.819725e+01
      vertex   1.044957e+02 5.231055e+00 1.888919e+01
      vertex   1.051685e+02 4.429417e+00 1.819725e+01
    endloop
  endfacet
  facet normal 7.010624e-01 7.010624e-01 -1.304719e-01
    outer loop
      vertex   1.051685e+02 4.429417e+00 1.819725e+01
      vertex   1.044957e+02 5.231055e+00 1.888919e+01
      vertex   1.052311e+02 4.495678e+00 1.888919e+01
    endloop
  endfacet
  facet normal 9.430482e-01 2.526890e-01 -2.163523e-01
    outer loop
      vertex   1.001035e+02 1.337694e+01 1.888919e+01
      vertex   1.002504e+02 1.341178e+01 1.957055e+01
      vertex   1.003726e+02 1.237240e+01 1.888919e+01
    endloop
  endfacet
  facet normal 9.430482e-01 2.526890e-01 -2.163523e-01
    outer loop
      vertex   1.003726e+02 1.237240e+01 1.888919e+01
      vertex   1.002504e+02 1.341178e+01 1.957055e+01
      vertex   1.005173e+02 1.241572e+01 1.957055e+01
    endloop
  endfacet
  facet normal 9.267602e-01 3.070949e-01 -2.163523e-01
    outer loop
      vertex   1.003726e+02 1.237240e+01 1.888919e+01
      vertex   1.005173e+02 1.241572e+01 1.957055e+01
      vertex   1.006997e+02 1.138521e+01 1.888919e+01
    endloop
  endfacet
  facet normal 9.267602e-01 3.070949e-01 -2.163523e-01
    outer loop
      vertex   1.006997e+02 1.138521e+01 1.888919e+01
      vertex   1.005173e+02 1.241572e+01 1.957055e+01
      vertex   1.008417e+02 1.143687e+01 1.957055e+01
    endloop
  endfacet
  facet normal 9.073363e-01 3.604616e-01 -2.163523e-01
    outer loop
      vertex   1.006997e+02 1.138521e+01 1.888919e+01
      vertex   1.008417e+02 1.143687e+01 1.957055e+01
      vertex   1.010837e+02 1.041870e+01 1.888919e+01
    endloop
  endfacet
  facet normal 9.073363e-01 3.604616e-01 -2.163523e-01
    outer loop
      vertex   1.010837e+02 1.041870e+01 1.888919e+01
      vertex   1.008417e+02 1.143687e+01 1.957055e+01
      vertex   1.012224e+02 1.047853e+01 1.957055e+01
    endloop
  endfacet
  facet normal 8.848422e-01 4.126087e-01 -2.163523e-01
    outer loop
      vertex   1.010837e+02 1.041870e+01 1.888919e+01
      vertex   1.012224e+02 1.047853e+01 1.957055e+01
      vertex   1.015232e+02 9.476161e+00 1.888919e+01
    endloop
  endfacet
  facet normal 8.848422e-01 4.126087e-01 -2.163523e-01
    outer loop
      vertex   1.015232e+02 9.476161e+00 1.888919e+01
      vertex   1.012224e+02 1.047853e+01 1.957055e+01
      vertex   1.016582e+02 9.543954e+00 1.957055e+01
    endloop
  endfacet
  facet normal 8.593541e-01 4.633596e-01 -2.163523e-01
    outer loop
      vertex   1.015232e+02 9.476161e+00 1.888919e+01
      vertex   1.016582e+02 9.543954e+00 1.957055e+01
      vertex   1.020168e+02 8.560769e+00 1.888919e+01
    endloop
  endfacet
  facet normal 8.593541e-01 4.633596e-01 -2.163523e-01
    outer loop
      vertex   1.020168e+02 8.560769e+00 1.888919e+01
      vertex   1.016582e+02 9.543954e+00 1.957055e+01
      vertex   1.021476e+02 8.636297e+00 1.957055e+01
    endloop
  endfacet
  facet normal 8.309583e-01 5.125427e-01 -2.163523e-01
    outer loop
      vertex   1.020168e+02 8.560769e+00 1.888919e+01
      vertex   1.021476e+02 8.636297e+00 1.957055e+01
      vertex   1.025628e+02 7.675625e+00 1.888919e+01
    endloop
  endfacet
  facet normal 8.309583e-01 5.125427e-01 -2.163523e-01
    outer loop
      vertex   1.025628e+02 7.675625e+00 1.888919e+01
      vertex   1.021476e+02 8.636297e+00 1.957055e+01
      vertex   1.026890e+02 7.758631e+00 1.957055e+01
    endloop
  endfacet
  facet normal 7.997507e-01 5.599915e-01 -2.163523e-01
    outer loop
      vertex   1.025628e+02 7.675625e+00 1.888919e+01
      vertex   1.026890e+02 7.758631e+00 1.957055e+01
      vertex   1.031593e+02 6.823723e+00 1.888919e+01
    endloop
  endfacet
  facet normal 7.997507e-01 5.599915e-01 -2.163523e-01
    outer loop
      vertex   1.031593e+02 6.823723e+00 1.888919e+01
      vertex   1.026890e+02 7.758631e+00 1.957055e+01
      vertex   1.032804e+02 6.913927e+00 1.957055e+01
    endloop
  endfacet
  facet normal 7.658371e-01 6.055454e-01 -2.163523e-01
    outer loop
      vertex   1.031593e+02 6.823723e+00 1.888919e+01
      vertex   1.032804e+02 6.913927e+00 1.957055e+01
      vertex   1.038043e+02 6.007946e+00 1.888919e+01
    endloop
  endfacet
  facet normal 7.658371e-01 6.055454e-01 -2.163523e-01
    outer loop
      vertex   1.038043e+02 6.007946e+00 1.888919e+01
      vertex   1.032804e+02 6.913927e+00 1.957055e+01
      vertex   1.039200e+02 6.105043e+00 1.957055e+01
    endloop
  endfacet
  facet normal 7.293320e-01 6.490504e-01 -2.163523e-01
    outer loop
      vertex   1.038043e+02 6.007946e+00 1.888919e+01
      vertex   1.039200e+02 6.105043e+00 1.957055e+01
      vertex   1.044957e+02 5.231055e+00 1.888919e+01
    endloop
  endfacet
  facet normal 7.293320e-01 6.490504e-01 -2.163523e-01
    outer loop
      vertex   1.044957e+02 5.231055e+00 1.888919e+01
      vertex   1.039200e+02 6.105043e+00 1.957055e+01
      vertex   1.046056e+02 5.334715e+00 1.957055e+01
    endloop
  endfacet
  facet normal 6.903592e-01 6.903592e-01 -2.163523e-01
    outer loop
      vertex   1.044957e+02 5.231055e+00 1.888919e+01
      vertex   1.046056e+02 5.334715e+00 1.957055e+01
      vertex   1.052311e+02 4.495678e+00 1.888919e+01
    endloop
  endfacet
  facet normal 6.903592e-01 6.903592e-01 -2.163523e-01
    outer loop
      vertex   1.052311e+02 4.495678e+00 1.888919e+01
      vertex   1.046056e+02 5.334715e+00 1.957055e+01
      vertex   1.053347e+02 4.605552e+00 1.957055e+01
    endloop
  endfacet
  facet normal 9.709692e-01 2.004890e-01 -1.304719e-01
    outer loop
      vertex   1.001035e+02 1.337694e+01 1.888919e+01
      vertex   1.000148e+02 1.335593e+01 1.819725e+01
      vertex   9.989315e+01 1.439544e+01 1.888919e+01
    endloop
  endfacet
  facet normal 9.709692e-01 2.004890e-01 -1.304719e-01
    outer loop
      vertex   9.989315e+01 1.439544e+01 1.888919e+01
      vertex   1.000148e+02 1.335593e+01 1.819725e+01
      vertex   9.980344e+01 1.437962e+01 1.819725e+01
    endloop
  endfacet
  facet normal 9.809839e-01 1.436930e-01 -1.304719e-01
    outer loop
      vertex   9.989315e+01 1.439544e+01 1.888919e+01
      vertex   9.980344e+01 1.437962e+01 1.819725e+01
      vertex   9.974243e+01 1.542444e+01 1.888919e+01
    endloop
  endfacet
  facet normal 9.809839e-01 1.436930e-01 -1.304719e-01
    outer loop
      vertex   9.974243e+01 1.542444e+01 1.888919e+01
      vertex   9.980344e+01 1.437962e+01 1.819725e+01
      vertex   9.965195e+01 1.541386e+01 1.819725e+01
    endloop
  endfacet
  facet normal 9.876792e-01 8.641074e-02 -1.304719e-01
    outer loop
      vertex   9.974243e+01 1.542444e+01 1.888919e+01
      vertex   9.965195e+01 1.541386e+01 1.819725e+01
      vertex   9.965179e+01 1.646046e+01 1.888919e+01
    endloop
  endfacet
  facet normal 9.876792e-01 8.641074e-02 -1.304719e-01
    outer loop
      vertex   9.965179e+01 1.646046e+01 1.888919e+01
      vertex   9.965195e+01 1.541386e+01 1.819725e+01
      vertex   9.956084e+01 1.645516e+01 1.819725e+01
    endloop
  endfacet
  facet normal 9.212551e-01 2.468496e-01 -3.005901e-01
    outer loop
      vertex   1.002504e+02 1.341178e+01 1.957055e+01
      vertex   1.004546e+02 1.346018e+01 2.023616e+01
      vertex   1.005173e+02 1.241572e+01 1.957055e+01
    endloop
  endfacet
  facet normal 9.212551e-01 2.468496e-01 -3.005901e-01
    outer loop
      vertex   1.005173e+02 1.241572e+01 1.957055e+01
      vertex   1.004546e+02 1.346018e+01 2.023616e+01
      vertex   1.007184e+02 1.247591e+01 2.023616e+01
    endloop
  endfacet
  facet normal 9.053434e-01 2.999981e-01 -3.005901e-01
    outer loop
      vertex   1.005173e+02 1.241572e+01 1.957055e+01
      vertex   1.007184e+02 1.247591e+01 2.023616e+01
      vertex   1.008417e+02 1.143687e+01 1.957055e+01
    endloop
  endfacet
  facet normal 9.053434e-01 2.999981e-01 -3.005901e-01
    outer loop
      vertex   1.008417e+02 1.143687e+01 1.957055e+01
      vertex   1.007184e+02 1.247591e+01 2.023616e+01
      vertex   1.010389e+02 1.150865e+01 2.023616e+01
    endloop
  endfacet
  facet normal 8.863684e-01 3.521316e-01 -3.005901e-01
    outer loop
      vertex   1.008417e+02 1.143687e+01 1.957055e+01
      vertex   1.010389e+02 1.150865e+01 2.023616e+01
      vertex   1.012224e+02 1.047853e+01 1.957055e+01
    endloop
  endfacet
  facet normal 8.863684e-01 3.521316e-01 -3.005901e-01
    outer loop
      vertex   1.012224e+02 1.047853e+01 1.957055e+01
      vertex   1.010389e+02 1.150865e+01 2.023616e+01
      vertex   1.014151e+02 1.056166e+01 2.023616e+01
    endloop
  endfacet
  facet normal 8.643942e-01 4.030736e-01 -3.005901e-01
    outer loop
      vertex   1.012224e+02 1.047853e+01 1.957055e+01
      vertex   1.014151e+02 1.056166e+01 2.023616e+01
      vertex   1.016582e+02 9.543954e+00 1.957055e+01
    endloop
  endfacet
  facet normal 8.643942e-01 4.030736e-01 -3.005901e-01
    outer loop
      vertex   1.016582e+02 9.543954e+00 1.957055e+01
      vertex   1.014151e+02 1.056166e+01 2.023616e+01
      vertex   1.018458e+02 9.638142e+00 2.023616e+01
    endloop
  endfacet
  facet normal 8.394951e-01 4.526517e-01 -3.005901e-01
    outer loop
      vertex   1.016582e+02 9.543954e+00 1.957055e+01
      vertex   1.018458e+02 9.638142e+00 2.023616e+01
      vertex   1.021476e+02 8.636297e+00 1.957055e+01
    endloop
  endfacet
  facet normal 8.394951e-01 4.526517e-01 -3.005901e-01
    outer loop
      vertex   1.021476e+02 8.636297e+00 1.957055e+01
      vertex   1.018458e+02 9.638142e+00 2.023616e+01
      vertex   1.023294e+02 8.741230e+00 2.023616e+01
    endloop
  endfacet
  facet normal 8.117554e-01 5.006982e-01 -3.005901e-01
    outer loop
      vertex   1.021476e+02 8.636297e+00 1.957055e+01
      vertex   1.023294e+02 8.741230e+00 2.023616e+01
      vertex   1.026890e+02 7.758631e+00 1.957055e+01
    endloop
  endfacet
  facet normal 8.117554e-01 5.006982e-01 -3.005901e-01
    outer loop
      vertex   1.026890e+02 7.758631e+00 1.957055e+01
      vertex   1.023294e+02 8.741230e+00 2.023616e+01
      vertex   1.028643e+02 7.873954e+00 2.023616e+01
    endloop
  endfacet
  facet normal 7.812691e-01 5.470505e-01 -3.005901e-01
    outer loop
      vertex   1.026890e+02 7.758631e+00 1.957055e+01
      vertex   1.028643e+02 7.873954e+00 2.023616e+01
      vertex   1.032804e+02 6.913927e+00 1.957055e+01
    endloop
  endfacet
  facet normal 7.812691e-01 5.470505e-01 -3.005901e-01
    outer loop
      vertex   1.032804e+02 6.913927e+00 1.957055e+01
      vertex   1.028643e+02 7.873954e+00 2.023616e+01
      vertex   1.034488e+02 7.039250e+00 2.023616e+01
    endloop
  endfacet
  facet normal 7.481391e-01 5.915517e-01 -3.005901e-01
    outer loop
      vertex   1.032804e+02 6.913927e+00 1.957055e+01
      vertex   1.034488e+02 7.039250e+00 2.023616e+01
      vertex   1.039200e+02 6.105043e+00 1.957055e+01
    endloop
  endfacet
  facet normal 7.481391e-01 5.915517e-01 -3.005901e-01
    outer loop
      vertex   1.039200e+02 6.105043e+00 1.957055e+01
      vertex   1.034488e+02 7.039250e+00 2.023616e+01
      vertex   1.040808e+02 6.239942e+00 2.023616e+01
    endloop
  endfacet
  facet normal 7.124777e-01 6.340513e-01 -3.005901e-01
    outer loop
      vertex   1.039200e+02 6.105043e+00 1.957055e+01
      vertex   1.040808e+02 6.239942e+00 2.023616e+01
      vertex   1.046056e+02 5.334715e+00 1.957055e+01
    endloop
  endfacet
  facet normal 7.124777e-01 6.340513e-01 -3.005901e-01
    outer loop
      vertex   1.046056e+02 5.334715e+00 1.957055e+01
      vertex   1.040808e+02 6.239942e+00 2.023616e+01
      vertex   1.047582e+02 5.478734e+00 2.023616e+01
    endloop
  endfacet
  facet normal 6.744055e-01 6.744055e-01 -3.005901e-01
    outer loop
      vertex   1.046056e+02 5.334715e+00 1.957055e+01
      vertex   1.047582e+02 5.478734e+00 2.023616e+01
      vertex   1.053347e+02 4.605552e+00 1.957055e+01
    endloop
  endfacet
  facet normal 6.744055e-01 6.744055e-01 -3.005901e-01
    outer loop
      vertex   1.053347e+02 4.605552e+00 1.957055e+01
      vertex   1.047582e+02 5.478734e+00 2.023616e+01
      vertex   1.054787e+02 4.758202e+00 2.023616e+01
    endloop
  endfacet
  facet normal 9.561453e-01 1.974281e-01 -2.163523e-01
    outer loop
      vertex   1.002504e+02 1.341178e+01 1.957055e+01
      vertex   1.001035e+02 1.337694e+01 1.888919e+01
      vertex   1.000419e+02 1.442167e+01 1.957055e+01
    endloop
  endfacet
  facet normal 9.561453e-01 1.974281e-01 -2.163523e-01
    outer loop
      vertex   1.000419e+02 1.442167e+01 1.957055e+01
      vertex   1.001035e+02 1.337694e+01 1.888919e+01
      vertex   9.989315e+01 1.439544e+01 1.888919e+01
    endloop
  endfacet
  facet normal 9.660071e-01 1.414992e-01 -2.163523e-01
    outer loop
      vertex   1.000419e+02 1.442167e+01 1.957055e+01
      vertex   9.989315e+01 1.439544e+01 1.888919e+01
      vertex   9.989246e+01 1.544197e+01 1.957055e+01
    endloop
  endfacet
  facet normal 9.660071e-01 1.414992e-01 -2.163523e-01
    outer loop
      vertex   9.989246e+01 1.544197e+01 1.957055e+01
      vertex   9.989315e+01 1.439544e+01 1.888919e+01
      vertex   9.974243e+01 1.542444e+01 1.888919e+01
    endloop
  endfacet
  facet normal 9.726002e-01 8.509149e-02 -2.163523e-01
    outer loop
      vertex   9.989246e+01 1.544197e+01 1.957055e+01
      vertex   9.974243e+01 1.542444e+01 1.888919e+01
      vertex   9.980259e+01 1.646924e+01 1.957055e+01
    endloop
  endfacet
  facet normal 9.726002e-01 8.509149e-02 -2.163523e-01
    outer loop
      vertex   9.980259e+01 1.646924e+01 1.957055e+01
      vertex   9.974243e+01 1.542444e+01 1.888919e+01
      vertex   9.965179e+01 1.646046e+01 1.888919e+01
    endloop
  endfacet
  facet normal 8.924544e-01 2.391324e-01 -3.825452e-01
    outer loop
      vertex   1.004546e+02 1.346018e+01 2.023616e+01
      vertex   1.007145e+02 1.352177e+01 2.088095e+01
      vertex   1.007184e+02 1.247591e+01 2.023616e+01
    endloop
  endfacet
  facet normal 8.924544e-01 2.391324e-01 -3.825452e-01
    outer loop
      vertex   1.007184e+02 1.247591e+01 2.023616e+01
      vertex   1.007145e+02 1.352177e+01 2.088095e+01
      vertex   1.009742e+02 1.255251e+01 2.088095e+01
    endloop
  endfacet
  facet normal 8.770402e-01 2.906195e-01 -3.825452e-01
    outer loop
      vertex   1.007184e+02 1.247591e+01 2.023616e+01
      vertex   1.009742e+02 1.255251e+01 2.088095e+01
      vertex   1.010389e+02 1.150865e+01 2.023616e+01
    endloop
  endfacet
  facet normal 8.770402e-01 2.906195e-01 -3.825452e-01
    outer loop
      vertex   1.010389e+02 1.150865e+01 2.023616e+01
      vertex   1.009742e+02 1.255251e+01 2.088095e+01
      vertex   1.012899e+02 1.159999e+01 2.088095e+01
    endloop
  endfacet
  facet normal 8.586583e-01 3.411231e-01 -3.825452e-01
    outer loop
      vertex   1.010389e+02 1.150865e+01 2.023616e+01
      vertex   1.012899e+02 1.159999e+01 2.088095e+01
      vertex   1.014151e+02 1.056166e+01 2.023616e+01
    endloop
  endfacet
  facet normal 8.586583e-01 3.411231e-01 -3.825452e-01
    outer loop
      vertex   1.014151e+02 1.056166e+01 2.023616e+01
      vertex   1.012899e+02 1.159999e+01 2.088095e+01
      vertex   1.016603e+02 1.066744e+01 2.088095e+01
    endloop
  endfacet
  facet normal 8.373711e-01 3.904725e-01 -3.825452e-01
    outer loop
      vertex   1.014151e+02 1.056166e+01 2.023616e+01
      vertex   1.016603e+02 1.066744e+01 2.088095e+01
      vertex   1.018458e+02 9.638142e+00 2.023616e+01
    endloop
  endfacet
  facet normal 8.373711e-01 3.904725e-01 -3.825452e-01
    outer loop
      vertex   1.018458e+02 9.638142e+00 2.023616e+01
      vertex   1.016603e+02 1.066744e+01 2.088095e+01
      vertex   1.020844e+02 9.758007e+00 2.088095e+01
    endloop
  endfacet
  facet normal 8.132504e-01 4.385007e-01 -3.825452e-01
    outer loop
      vertex   1.018458e+02 9.638142e+00 2.023616e+01
      vertex   1.020844e+02 9.758007e+00 2.088095e+01
      vertex   1.023294e+02 8.741230e+00 2.023616e+01
    endloop
  endfacet
  facet normal 8.132504e-01 4.385007e-01 -3.825452e-01
    outer loop
      vertex   1.023294e+02 8.741230e+00 2.023616e+01
      vertex   1.020844e+02 9.758007e+00 2.088095e+01
      vertex   1.025607e+02 8.874769e+00 2.088095e+01
    endloop
  endfacet
  facet normal 7.863780e-01 4.850452e-01 -3.825452e-01
    outer loop
      vertex   1.023294e+02 8.741230e+00 2.023616e+01
      vertex   1.025607e+02 8.874769e+00 2.088095e+01
      vertex   1.028643e+02 7.873954e+00 2.023616e+01
    endloop
  endfacet
  facet normal 7.863780e-01 4.850452e-01 -3.825452e-01
    outer loop
      vertex   1.028643e+02 7.873954e+00 2.023616e+01
      vertex   1.025607e+02 8.874769e+00 2.088095e+01
      vertex   1.030874e+02 8.020716e+00 2.088095e+01
    endloop
  endfacet
  facet normal 7.568447e-01 5.299484e-01 -3.825452e-01
    outer loop
      vertex   1.028643e+02 7.873954e+00 2.023616e+01
      vertex   1.030874e+02 8.020716e+00 2.088095e+01
      vertex   1.034488e+02 7.039250e+00 2.023616e+01
    endloop
  endfacet
  facet normal 7.568447e-01 5.299484e-01 -3.825452e-01
    outer loop
      vertex   1.034488e+02 7.039250e+00 2.023616e+01
      vertex   1.030874e+02 8.020716e+00 2.088095e+01
      vertex   1.036630e+02 7.198738e+00 2.088095e+01
    endloop
  endfacet
  facet normal 7.247505e-01 5.730584e-01 -3.825452e-01
    outer loop
      vertex   1.034488e+02 7.039250e+00 2.023616e+01
      vertex   1.036630e+02 7.198738e+00 2.088095e+01
      vertex   1.040808e+02 6.239942e+00 2.023616e+01
    endloop
  endfacet
  facet normal 7.247505e-01 5.730584e-01 -3.825452e-01
    outer loop
      vertex   1.040808e+02 6.239942e+00 2.023616e+01
      vertex   1.036630e+02 7.198738e+00 2.088095e+01
      vertex   1.042854e+02 6.411617e+00 2.088095e+01
    endloop
  endfacet
  facet normal 6.902039e-01 6.142293e-01 -3.825452e-01
    outer loop
      vertex   1.040808e+02 6.239942e+00 2.023616e+01
      vertex   1.042854e+02 6.411617e+00 2.088095e+01
      vertex   1.047582e+02 5.478734e+00 2.023616e+01
    endloop
  endfacet
  facet normal 6.902039e-01 6.142293e-01 -3.825452e-01
    outer loop
      vertex   1.047582e+02 5.478734e+00 2.023616e+01
      vertex   1.042854e+02 6.411617e+00 2.088095e+01
      vertex   1.049525e+02 5.662014e+00 2.088095e+01
    endloop
  endfacet
  facet normal 6.533220e-01 6.533220e-01 -3.825452e-01
    outer loop
      vertex   1.047582e+02 5.478734e+00 2.023616e+01
      vertex   1.049525e+02 5.662014e+00 2.088095e+01
      vertex   1.054787e+02 4.758202e+00 2.023616e+01
    endloop
  endfacet
  facet normal 6.533220e-01 6.533220e-01 -3.825452e-01
    outer loop
      vertex   1.054787e+02 4.758202e+00 2.023616e+01
      vertex   1.049525e+02 5.662014e+00 2.088095e+01
      vertex   1.056620e+02 4.952468e+00 2.088095e+01
    endloop
  endfacet
  facet normal 9.340495e-01 1.928657e-01 -3.005901e-01
    outer loop
      vertex   1.004546e+02 1.346018e+01 2.023616e+01
      vertex   1.002504e+02 1.341178e+01 1.957055e+01
      vertex   1.002486e+02 1.445811e+01 2.023616e+01
    endloop
  endfacet
  facet normal 9.340495e-01 1.928657e-01 -3.005901e-01
    outer loop
      vertex   1.002486e+02 1.445811e+01 2.023616e+01
      vertex   1.002504e+02 1.341178e+01 1.957055e+01
      vertex   1.000419e+02 1.442167e+01 1.957055e+01
    endloop
  endfacet
  facet normal 9.436834e-01 1.382293e-01 -3.005901e-01
    outer loop
      vertex   1.002486e+02 1.445811e+01 2.023616e+01
      vertex   1.000419e+02 1.442167e+01 1.957055e+01
      vertex   1.001009e+02 1.546634e+01 2.023616e+01
    endloop
  endfacet
  facet normal 9.436834e-01 1.382293e-01 -3.005901e-01
    outer loop
      vertex   1.001009e+02 1.546634e+01 2.023616e+01
      vertex   1.000419e+02 1.442167e+01 1.957055e+01
      vertex   9.989246e+01 1.544197e+01 1.957055e+01
    endloop
  endfacet
  facet normal 9.501241e-01 8.312509e-02 -3.005901e-01
    outer loop
      vertex   1.001009e+02 1.546634e+01 2.023616e+01
      vertex   9.989246e+01 1.544197e+01 1.957055e+01
      vertex   1.000121e+02 1.648145e+01 2.023616e+01
    endloop
  endfacet
  facet normal 9.501241e-01 8.312509e-02 -3.005901e-01
    outer loop
      vertex   1.000121e+02 1.648145e+01 2.023616e+01
      vertex   9.989246e+01 1.544197e+01 1.957055e+01
      vertex   9.980259e+01 1.646924e+01 1.957055e+01
    endloop
  endfacet
  facet normal 8.568639e-01 2.295960e-01 -4.615949e-01
    outer loop
      vertex   1.007145e+02 1.352177e+01 2.088095e+01
      vertex   1.010281e+02 1.359609e+01 2.150000e+01
      vertex   1.009742e+02 1.255251e+01 2.088095e+01
    endloop
  endfacet
  facet normal 8.568639e-01 2.295960e-01 -4.615949e-01
    outer loop
      vertex   1.009742e+02 1.255251e+01 2.088095e+01
      vertex   1.010281e+02 1.359609e+01 2.150000e+01
      vertex   1.012830e+02 1.264494e+01 2.150000e+01
    endloop
  endfacet
  facet normal 8.420644e-01 2.790298e-01 -4.615949e-01
    outer loop
      vertex   1.009742e+02 1.255251e+01 2.088095e+01
      vertex   1.012830e+02 1.264494e+01 2.150000e+01
      vertex   1.012899e+02 1.159999e+01 2.088095e+01
    endloop
  endfacet
  facet normal 8.420644e-01 2.790298e-01 -4.615949e-01
    outer loop
      vertex   1.012899e+02 1.159999e+01 2.088095e+01
      vertex   1.012830e+02 1.264494e+01 2.150000e+01
      vertex   1.015927e+02 1.171021e+01 2.150000e+01
    endloop
  endfacet
  facet normal 8.244157e-01 3.275194e-01 -4.615949e-01
    outer loop
      vertex   1.012899e+02 1.159999e+01 2.088095e+01
      vertex   1.015927e+02 1.171021e+01 2.150000e+01
      vertex   1.016603e+02 1.066744e+01 2.088095e+01
    endloop
  endfacet
  facet normal 8.244157e-01 3.275194e-01 -4.615949e-01
    outer loop
      vertex   1.016603e+02 1.066744e+01 2.088095e+01
      vertex   1.015927e+02 1.171021e+01 2.150000e+01
      vertex   1.019563e+02 1.079508e+01 2.150000e+01
    endloop
  endfacet
  facet normal 8.039773e-01 3.749008e-01 -4.615949e-01
    outer loop
      vertex   1.016603e+02 1.066744e+01 2.088095e+01
      vertex   1.019563e+02 1.079508e+01 2.150000e+01
      vertex   1.020844e+02 9.758007e+00 2.088095e+01
    endloop
  endfacet
  facet normal 8.039773e-01 3.749008e-01 -4.615949e-01
    outer loop
      vertex   1.020844e+02 9.758007e+00 2.088095e+01
      vertex   1.019563e+02 1.079508e+01 2.150000e+01
      vertex   1.023724e+02 9.902636e+00 2.150000e+01
    endloop
  endfacet
  facet normal 7.808186e-01 4.210136e-01 -4.615949e-01
    outer loop
      vertex   1.020844e+02 9.758007e+00 2.088095e+01
      vertex   1.023724e+02 9.902636e+00 2.150000e+01
      vertex   1.025607e+02 8.874769e+00 2.088095e+01
    endloop
  endfacet
  facet normal 7.808186e-01 4.210136e-01 -4.615949e-01
    outer loop
      vertex   1.025607e+02 8.874769e+00 2.088095e+01
      vertex   1.023724e+02 9.902636e+00 2.150000e+01
      vertex   1.028397e+02 9.035898e+00 2.150000e+01
    endloop
  endfacet
  facet normal 7.550178e-01 4.657019e-01 -4.615949e-01
    outer loop
      vertex   1.025607e+02 8.874769e+00 2.088095e+01
      vertex   1.028397e+02 9.035898e+00 2.150000e+01
      vertex   1.030874e+02 8.020716e+00 2.088095e+01
    endloop
  endfacet
  facet normal 7.550178e-01 4.657019e-01 -4.615949e-01
    outer loop
      vertex   1.030874e+02 8.020716e+00 2.088095e+01
      vertex   1.028397e+02 9.035898e+00 2.150000e+01
      vertex   1.033567e+02 8.197800e+00 2.150000e+01
    endloop
  endfacet
  facet normal 7.266623e-01 5.088144e-01 -4.615949e-01
    outer loop
      vertex   1.030874e+02 8.020716e+00 2.088095e+01
      vertex   1.033567e+02 8.197800e+00 2.150000e+01
      vertex   1.036630e+02 7.198738e+00 2.088095e+01
    endloop
  endfacet
  facet normal 7.266623e-01 5.088144e-01 -4.615949e-01
    outer loop
      vertex   1.036630e+02 7.198738e+00 2.088095e+01
      vertex   1.033567e+02 8.197800e+00 2.150000e+01
      vertex   1.039215e+02 7.391178e+00 2.150000e+01
    endloop
  endfacet
  facet normal 6.958479e-01 5.502052e-01 -4.615949e-01
    outer loop
      vertex   1.036630e+02 7.198738e+00 2.088095e+01
      vertex   1.039215e+02 7.391178e+00 2.150000e+01
      vertex   1.042854e+02 6.411617e+00 2.088095e+01
    endloop
  endfacet
  facet normal 6.958479e-01 5.502052e-01 -4.615949e-01
    outer loop
      vertex   1.042854e+02 6.411617e+00 2.088095e+01
      vertex   1.039215e+02 7.391178e+00 2.150000e+01
      vertex   1.045322e+02 6.618761e+00 2.150000e+01
    endloop
  endfacet
  facet normal 6.626791e-01 5.897343e-01 -4.615949e-01
    outer loop
      vertex   1.042854e+02 6.411617e+00 2.088095e+01
      vertex   1.045322e+02 6.618761e+00 2.150000e+01
      vertex   1.049525e+02 5.662014e+00 2.088095e+01
    endloop
  endfacet
  facet normal 6.626791e-01 5.897343e-01 -4.615949e-01
    outer loop
      vertex   1.049525e+02 5.662014e+00 2.088095e+01
      vertex   1.045322e+02 6.618761e+00 2.150000e+01
      vertex   1.051869e+02 5.883162e+00 2.150000e+01
    endloop
  endfacet
  facet normal 6.272679e-01 6.272679e-01 -4.615949e-01
    outer loop
      vertex   1.049525e+02 5.662014e+00 2.088095e+01
      vertex   1.051869e+02 5.883162e+00 2.150000e+01
      vertex   1.056620e+02 4.952468e+00 2.088095e+01
    endloop
  endfacet
  facet normal 6.272679e-01 6.272679e-01 -4.615949e-01
    outer loop
      vertex   1.056620e+02 4.952468e+00 2.088095e+01
      vertex   1.051869e+02 5.883162e+00 2.150000e+01
      vertex   1.058832e+02 5.186871e+00 2.150000e+01
    endloop
  endfacet
  facet normal 9.048488e-01 1.868362e-01 -3.825452e-01
    outer loop
      vertex   1.007145e+02 1.352177e+01 2.088095e+01
      vertex   1.004546e+02 1.346018e+01 2.023616e+01
      vertex   1.005116e+02 1.450449e+01 2.088095e+01
    endloop
  endfacet
  facet normal 9.048488e-01 1.868362e-01 -3.825452e-01
    outer loop
      vertex   1.005116e+02 1.450449e+01 2.088095e+01
      vertex   1.004546e+02 1.346018e+01 2.023616e+01
      vertex   1.002486e+02 1.445811e+01 2.023616e+01
    endloop
  endfacet
  facet normal 9.141815e-01 1.339079e-01 -3.825452e-01
    outer loop
      vertex   1.005116e+02 1.450449e+01 2.088095e+01
      vertex   1.002486e+02 1.445811e+01 2.023616e+01
      vertex   1.003662e+02 1.549734e+01 2.088095e+01
    endloop
  endfacet
  facet normal 9.141815e-01 1.339079e-01 -3.825452e-01
    outer loop
      vertex   1.003662e+02 1.549734e+01 2.088095e+01
      vertex   1.002486e+02 1.445811e+01 2.023616e+01
      vertex   1.001009e+02 1.546634e+01 2.023616e+01
    endloop
  endfacet
  facet normal 9.204209e-01 8.052639e-02 -3.825452e-01
    outer loop
      vertex   1.003662e+02 1.549734e+01 2.088095e+01
      vertex   1.001009e+02 1.546634e+01 2.023616e+01
      vertex   1.002787e+02 1.649697e+01 2.088095e+01
    endloop
  endfacet
  facet normal 9.204209e-01 8.052639e-02 -3.825452e-01
    outer loop
      vertex   1.002787e+02 1.649697e+01 2.088095e+01
      vertex   1.001009e+02 1.546634e+01 2.023616e+01
      vertex   1.000121e+02 1.648145e+01 2.023616e+01
    endloop
  endfacet
  facet normal 8.147531e-01 2.183124e-01 -5.371379e-01
    outer loop
      vertex   1.010281e+02 1.359609e+01 2.150000e+01
      vertex   1.013930e+02 1.368257e+01 2.208861e+01
      vertex   1.012830e+02 1.264494e+01 2.150000e+01
    endloop
  endfacet
  facet normal 8.147531e-01 2.183124e-01 -5.371379e-01
    outer loop
      vertex   1.012830e+02 1.264494e+01 2.150000e+01
      vertex   1.013930e+02 1.368257e+01 2.208861e+01
      vertex   1.016422e+02 1.275248e+01 2.208861e+01
    endloop
  endfacet
  facet normal 8.006809e-01 2.653168e-01 -5.371379e-01
    outer loop
      vertex   1.012830e+02 1.264494e+01 2.150000e+01
      vertex   1.016422e+02 1.275248e+01 2.208861e+01
      vertex   1.015927e+02 1.171021e+01 2.150000e+01
    endloop
  endfacet
  facet normal 8.006809e-01 2.653168e-01 -5.371379e-01
    outer loop
      vertex   1.015927e+02 1.171021e+01 2.150000e+01
      vertex   1.016422e+02 1.275248e+01 2.208861e+01
      vertex   1.019451e+02 1.183847e+01 2.208861e+01
    endloop
  endfacet
  facet normal 7.838995e-01 3.114233e-01 -5.371379e-01
    outer loop
      vertex   1.015927e+02 1.171021e+01 2.150000e+01
      vertex   1.019451e+02 1.183847e+01 2.208861e+01
      vertex   1.019563e+02 1.079508e+01 2.150000e+01
    endloop
  endfacet
  facet normal 7.838995e-01 3.114233e-01 -5.371379e-01
    outer loop
      vertex   1.019563e+02 1.079508e+01 2.150000e+01
      vertex   1.019451e+02 1.183847e+01 2.208861e+01
      vertex   1.023006e+02 1.094361e+01 2.208861e+01
    endloop
  endfacet
  facet normal 7.644656e-01 3.564762e-01 -5.371379e-01
    outer loop
      vertex   1.019563e+02 1.079508e+01 2.150000e+01
      vertex   1.023006e+02 1.094361e+01 2.208861e+01
      vertex   1.023724e+02 9.902636e+00 2.150000e+01
    endloop
  endfacet
  facet normal 7.644656e-01 3.564762e-01 -5.371379e-01
    outer loop
      vertex   1.023724e+02 9.902636e+00 2.150000e+01
      vertex   1.023006e+02 1.094361e+01 2.208861e+01
      vertex   1.027075e+02 1.007093e+01 2.208861e+01
    endloop
  endfacet
  facet normal 7.424450e-01 4.003228e-01 -5.371379e-01
    outer loop
      vertex   1.023724e+02 9.902636e+00 2.150000e+01
      vertex   1.027075e+02 1.007093e+01 2.208861e+01
      vertex   1.028397e+02 9.035898e+00 2.150000e+01
    endloop
  endfacet
  facet normal 7.424450e-01 4.003228e-01 -5.371379e-01
    outer loop
      vertex   1.028397e+02 9.035898e+00 2.150000e+01
      vertex   1.027075e+02 1.007093e+01 2.208861e+01
      vertex   1.031645e+02 9.223392e+00 2.208861e+01
    endloop
  endfacet
  facet normal 7.179122e-01 4.428148e-01 -5.371379e-01
    outer loop
      vertex   1.028397e+02 9.035898e+00 2.150000e+01
      vertex   1.031645e+02 9.223392e+00 2.208861e+01
      vertex   1.033567e+02 8.197800e+00 2.150000e+01
    endloop
  endfacet
  facet normal 7.179122e-01 4.428148e-01 -5.371379e-01
    outer loop
      vertex   1.033567e+02 8.197800e+00 2.150000e+01
      vertex   1.031645e+02 9.223392e+00 2.208861e+01
      vertex   1.036700e+02 8.403859e+00 2.208861e+01
    endloop
  endfacet
  facet normal 6.909502e-01 4.838085e-01 -5.371379e-01
    outer loop
      vertex   1.033567e+02 8.197800e+00 2.150000e+01
      vertex   1.036700e+02 8.403859e+00 2.208861e+01
      vertex   1.039215e+02 7.391178e+00 2.150000e+01
    endloop
  endfacet
  facet normal 6.909502e-01 4.838085e-01 -5.371379e-01
    outer loop
      vertex   1.039215e+02 7.391178e+00 2.150000e+01
      vertex   1.036700e+02 8.403859e+00 2.208861e+01
      vertex   1.042223e+02 7.615105e+00 2.208861e+01
    endloop
  endfacet
  facet normal 6.616503e-01 5.231652e-01 -5.371379e-01
    outer loop
      vertex   1.039215e+02 7.391178e+00 2.150000e+01
      vertex   1.042223e+02 7.615105e+00 2.208861e+01
      vertex   1.045322e+02 6.618761e+00 2.150000e+01
    endloop
  endfacet
  facet normal 6.616503e-01 5.231652e-01 -5.371379e-01
    outer loop
      vertex   1.045322e+02 6.618761e+00 2.150000e+01
      vertex   1.042223e+02 7.615105e+00 2.208861e+01
      vertex   1.048195e+02 6.859798e+00 2.208861e+01
    endloop
  endfacet
  facet normal 6.301115e-01 5.607516e-01 -5.371379e-01
    outer loop
      vertex   1.045322e+02 6.618761e+00 2.150000e+01
      vertex   1.048195e+02 6.859798e+00 2.208861e+01
      vertex   1.051869e+02 5.883162e+00 2.150000e+01
    endloop
  endfacet
  facet normal 6.301115e-01 5.607516e-01 -5.371379e-01
    outer loop
      vertex   1.051869e+02 5.883162e+00 2.150000e+01
      vertex   1.048195e+02 6.859798e+00 2.208861e+01
      vertex   1.054596e+02 6.140494e+00 2.208861e+01
    endloop
  endfacet
  facet normal 5.964406e-01 5.964406e-01 -5.371379e-01
    outer loop
      vertex   1.051869e+02 5.883162e+00 2.150000e+01
      vertex   1.054596e+02 6.140494e+00 2.208861e+01
      vertex   1.058832e+02 5.186871e+00 2.150000e+01
    endloop
  endfacet
  facet normal 5.964406e-01 5.964406e-01 -5.371379e-01
    outer loop
      vertex   1.058832e+02 5.186871e+00 2.150000e+01
      vertex   1.054596e+02 6.140494e+00 2.208861e+01
      vertex   1.061405e+02 5.459627e+00 2.208861e+01
    endloop
  endfacet
  facet normal 8.687641e-01 1.793854e-01 -4.615949e-01
    outer loop
      vertex   1.010281e+02 1.359609e+01 2.150000e+01
      vertex   1.007145e+02 1.352177e+01 2.088095e+01
      vertex   1.008290e+02 1.456045e+01 2.150000e+01
    endloop
  endfacet
  facet normal 8.687641e-01 1.793854e-01 -4.615949e-01
    outer loop
      vertex   1.008290e+02 1.456045e+01 2.150000e+01
      vertex   1.007145e+02 1.352177e+01 2.088095e+01
      vertex   1.005116e+02 1.450449e+01 2.088095e+01
    endloop
  endfacet
  facet normal 8.777246e-01 1.285677e-01 -4.615949e-01
    outer loop
      vertex   1.008290e+02 1.456045e+01 2.150000e+01
      vertex   1.005116e+02 1.450449e+01 2.088095e+01
      vertex   1.006863e+02 1.553476e+01 2.150000e+01
    endloop
  endfacet
  facet normal 8.777246e-01 1.285677e-01 -4.615949e-01
    outer loop
      vertex   1.006863e+02 1.553476e+01 2.150000e+01
      vertex   1.005116e+02 1.450449e+01 2.088095e+01
      vertex   1.003662e+02 1.549734e+01 2.088095e+01
    endloop
  endfacet
  facet normal 8.837152e-01 7.731506e-02 -4.615949e-01
    outer loop
      vertex   1.006863e+02 1.553476e+01 2.150000e+01
      vertex   1.003662e+02 1.549734e+01 2.088095e+01
      vertex   1.006004e+02 1.651571e+01 2.150000e+01
    endloop
  endfacet
  facet normal 8.837152e-01 7.731506e-02 -4.615949e-01
    outer loop
      vertex   1.006004e+02 1.651571e+01 2.150000e+01
      vertex   1.003662e+02 1.549734e+01 2.088095e+01
      vertex   1.002787e+02 1.649697e+01 2.088095e+01
    endloop
  endfacet
  facet normal 7.664406e-01 2.053671e-01 -6.085993e-01
    outer loop
      vertex   1.013930e+02 1.368257e+01 2.208861e+01
      vertex   1.018064e+02 1.378055e+01 2.264230e+01
      vertex   1.016422e+02 1.275248e+01 2.208861e+01
    endloop
  endfacet
  facet normal 7.664406e-01 2.053671e-01 -6.085993e-01
    outer loop
      vertex   1.016422e+02 1.275248e+01 2.208861e+01
      vertex   1.018064e+02 1.378055e+01 2.264230e+01
      vertex   1.020492e+02 1.287434e+01 2.264230e+01
    endloop
  endfacet
  facet normal 7.532029e-01 2.495843e-01 -6.085993e-01
    outer loop
      vertex   1.016422e+02 1.275248e+01 2.208861e+01
      vertex   1.020492e+02 1.287434e+01 2.264230e+01
      vertex   1.019451e+02 1.183847e+01 2.208861e+01
    endloop
  endfacet
  facet normal 7.532029e-01 2.495843e-01 -6.085993e-01
    outer loop
      vertex   1.019451e+02 1.183847e+01 2.208861e+01
      vertex   1.020492e+02 1.287434e+01 2.264230e+01
      vertex   1.023443e+02 1.198378e+01 2.264230e+01
    endloop
  endfacet
  facet normal 7.374166e-01 2.929569e-01 -6.085993e-01
    outer loop
      vertex   1.019451e+02 1.183847e+01 2.208861e+01
      vertex   1.023443e+02 1.198378e+01 2.264230e+01
      vertex   1.023006e+02 1.094361e+01 2.208861e+01
    endloop
  endfacet
  facet normal 7.374166e-01 2.929569e-01 -6.085993e-01
    outer loop
      vertex   1.023006e+02 1.094361e+01 2.208861e+01
      vertex   1.023443e+02 1.198378e+01 2.264230e+01
      vertex   1.026907e+02 1.111188e+01 2.264230e+01
    endloop
  endfacet
  facet normal 7.191350e-01 3.353382e-01 -6.085993e-01
    outer loop
      vertex   1.023006e+02 1.094361e+01 2.208861e+01
      vertex   1.026907e+02 1.111188e+01 2.264230e+01
      vertex   1.027075e+02 1.007093e+01 2.208861e+01
    endloop
  endfacet
  facet normal 7.191350e-01 3.353382e-01 -6.085993e-01
    outer loop
      vertex   1.027075e+02 1.007093e+01 2.208861e+01
      vertex   1.026907e+02 1.111188e+01 2.264230e+01
      vertex   1.030872e+02 1.026161e+01 2.264230e+01
    endloop
  endfacet
  facet normal 6.984202e-01 3.765848e-01 -6.085993e-01
    outer loop
      vertex   1.027075e+02 1.007093e+01 2.208861e+01
      vertex   1.030872e+02 1.026161e+01 2.264230e+01
      vertex   1.031645e+02 9.223392e+00 2.208861e+01
    endloop
  endfacet
  facet normal 6.984202e-01 3.765848e-01 -6.085993e-01
    outer loop
      vertex   1.031645e+02 9.223392e+00 2.208861e+01
      vertex   1.030872e+02 1.026161e+01 2.264230e+01
      vertex   1.035324e+02 9.435822e+00 2.264230e+01
    endloop
  endfacet
  facet normal 6.753421e-01 4.165572e-01 -6.085993e-01
    outer loop
      vertex   1.031645e+02 9.223392e+00 2.208861e+01
      vertex   1.035324e+02 9.435822e+00 2.264230e+01
      vertex   1.036700e+02 8.403859e+00 2.208861e+01
    endloop
  endfacet
  facet normal 6.753421e-01 4.165572e-01 -6.085993e-01
    outer loop
      vertex   1.036700e+02 8.403859e+00 2.208861e+01
      vertex   1.035324e+02 9.435822e+00 2.264230e+01
      vertex   1.040250e+02 8.637324e+00 2.264230e+01
    endloop
  endfacet
  facet normal 6.499789e-01 4.551201e-01 -6.085993e-01
    outer loop
      vertex   1.036700e+02 8.403859e+00 2.208861e+01
      vertex   1.040250e+02 8.637324e+00 2.264230e+01
      vertex   1.042223e+02 7.615105e+00 2.208861e+01
    endloop
  endfacet
  facet normal 6.499789e-01 4.551201e-01 -6.085993e-01
    outer loop
      vertex   1.042223e+02 7.615105e+00 2.208861e+01
      vertex   1.040250e+02 8.637324e+00 2.264230e+01
      vertex   1.045631e+02 7.868814e+00 2.264230e+01
    endloop
  endfacet
  facet normal 6.224164e-01 4.921430e-01 -6.085993e-01
    outer loop
      vertex   1.042223e+02 7.615105e+00 2.208861e+01
      vertex   1.045631e+02 7.868814e+00 2.264230e+01
      vertex   1.048195e+02 6.859798e+00 2.208861e+01
    endloop
  endfacet
  facet normal 6.224164e-01 4.921430e-01 -6.085993e-01
    outer loop
      vertex   1.048195e+02 6.859798e+00 2.208861e+01
      vertex   1.045631e+02 7.868814e+00 2.264230e+01
      vertex   1.051450e+02 7.132893e+00 2.264230e+01
    endloop
  endfacet
  facet normal 5.927478e-01 5.275007e-01 -6.085993e-01
    outer loop
      vertex   1.048195e+02 6.859798e+00 2.208861e+01
      vertex   1.051450e+02 7.132893e+00 2.264230e+01
      vertex   1.054596e+02 6.140494e+00 2.208861e+01
    endloop
  endfacet
  facet normal 5.927478e-01 5.275007e-01 -6.085993e-01
    outer loop
      vertex   1.054596e+02 6.140494e+00 2.208861e+01
      vertex   1.051450e+02 7.132893e+00 2.264230e+01
      vertex   1.057687e+02 6.432051e+00 2.264230e+01
    endloop
  endfacet
  facet normal 5.610735e-01 5.610735e-01 -6.085993e-01
    outer loop
      vertex   1.054596e+02 6.140494e+00 2.208861e+01
      vertex   1.057687e+02 6.432051e+00 2.264230e+01
      vertex   1.061405e+02 5.459627e+00 2.208861e+01
    endloop
  endfacet
  facet normal 5.610735e-01 5.610735e-01 -6.085993e-01
    outer loop
      vertex   1.061405e+02 5.459627e+00 2.208861e+01
      vertex   1.057687e+02 6.432051e+00 2.264230e+01
      vertex   1.064321e+02 5.768659e+00 2.264230e+01
    endloop
  endfacet
  facet normal 8.260684e-01 1.705694e-01 -5.371379e-01
    outer loop
      vertex   1.013930e+02 1.368257e+01 2.208861e+01
      vertex   1.010281e+02 1.359609e+01 2.150000e+01
      vertex   1.011983e+02 1.462556e+01 2.208861e+01
    endloop
  endfacet
  facet normal 8.260684e-01 1.705694e-01 -5.371379e-01
    outer loop
      vertex   1.011983e+02 1.462556e+01 2.208861e+01
      vertex   1.010281e+02 1.359609e+01 2.150000e+01
      vertex   1.008290e+02 1.456045e+01 2.150000e+01
    endloop
  endfacet
  facet normal 8.345885e-01 1.222492e-01 -5.371379e-01
    outer loop
      vertex   1.011983e+02 1.462556e+01 2.208861e+01
      vertex   1.008290e+02 1.456045e+01 2.150000e+01
      vertex   1.010587e+02 1.557829e+01 2.208861e+01
    endloop
  endfacet
  facet normal 8.345885e-01 1.222492e-01 -5.371379e-01
    outer loop
      vertex   1.010587e+02 1.557829e+01 2.208861e+01
      vertex   1.008290e+02 1.456045e+01 2.150000e+01
      vertex   1.006863e+02 1.553476e+01 2.150000e+01
    endloop
  endfacet
  facet normal 8.402847e-01 7.351539e-02 -5.371379e-01
    outer loop
      vertex   1.010587e+02 1.557829e+01 2.208861e+01
      vertex   1.006863e+02 1.553476e+01 2.150000e+01
      vertex   1.009748e+02 1.653752e+01 2.208861e+01
    endloop
  endfacet
  facet normal 8.402847e-01 7.351539e-02 -5.371379e-01
    outer loop
      vertex   1.009748e+02 1.653752e+01 2.208861e+01
      vertex   1.006863e+02 1.553476e+01 2.150000e+01
      vertex   1.006004e+02 1.651571e+01 2.150000e+01
    endloop
  endfacet
  facet normal 7.122927e-01 1.908583e-01 -6.754348e-01
    outer loop
      vertex   1.018064e+02 1.378055e+01 2.264230e+01
      vertex   1.022652e+02 1.388928e+01 2.315685e+01
      vertex   1.020492e+02 1.287434e+01 2.264230e+01
    endloop
  endfacet
  facet normal 7.122927e-01 1.908583e-01 -6.754348e-01
    outer loop
      vertex   1.020492e+02 1.287434e+01 2.264230e+01
      vertex   1.022652e+02 1.388928e+01 2.315685e+01
      vertex   1.025009e+02 1.300956e+01 2.315685e+01
    endloop
  endfacet
  facet normal 6.999902e-01 2.319515e-01 -6.754348e-01
    outer loop
      vertex   1.020492e+02 1.287434e+01 2.264230e+01
      vertex   1.025009e+02 1.300956e+01 2.315685e+01
      vertex   1.023443e+02 1.198378e+01 2.264230e+01
    endloop
  endfacet
  facet normal 6.999902e-01 2.319515e-01 -6.754348e-01
    outer loop
      vertex   1.023443e+02 1.198378e+01 2.264230e+01
      vertex   1.025009e+02 1.300956e+01 2.315685e+01
      vertex   1.027874e+02 1.214504e+01 2.315685e+01
    endloop
  endfacet
  facet normal 6.853192e-01 2.722599e-01 -6.754348e-01
    outer loop
      vertex   1.023443e+02 1.198378e+01 2.264230e+01
      vertex   1.027874e+02 1.214504e+01 2.315685e+01
      vertex   1.026907e+02 1.111188e+01 2.264230e+01
    endloop
  endfacet
  facet normal 6.853192e-01 2.722599e-01 -6.754348e-01
    outer loop
      vertex   1.026907e+02 1.111188e+01 2.264230e+01
      vertex   1.027874e+02 1.214504e+01 2.315685e+01
      vertex   1.031236e+02 1.129864e+01 2.315685e+01
    endloop
  endfacet
  facet normal 6.683292e-01 3.116470e-01 -6.754348e-01
    outer loop
      vertex   1.026907e+02 1.111188e+01 2.264230e+01
      vertex   1.031236e+02 1.129864e+01 2.315685e+01
      vertex   1.030872e+02 1.026161e+01 2.264230e+01
    endloop
  endfacet
  facet normal 6.683292e-01 3.116470e-01 -6.754348e-01
    outer loop
      vertex   1.030872e+02 1.026161e+01 2.264230e+01
      vertex   1.031236e+02 1.129864e+01 2.315685e+01
      vertex   1.035085e+02 1.047322e+01 2.315685e+01
    endloop
  endfacet
  facet normal 6.490779e-01 3.499797e-01 -6.754348e-01
    outer loop
      vertex   1.030872e+02 1.026161e+01 2.264230e+01
      vertex   1.035085e+02 1.047322e+01 2.315685e+01
      vertex   1.035324e+02 9.435822e+00 2.264230e+01
    endloop
  endfacet
  facet normal 6.490779e-01 3.499797e-01 -6.754348e-01
    outer loop
      vertex   1.035324e+02 9.435822e+00 2.264230e+01
      vertex   1.035085e+02 1.047322e+01 2.315685e+01
      vertex   1.039408e+02 9.671573e+00 2.315685e+01
    endloop
  endfacet
  facet normal 6.276302e-01 3.871281e-01 -6.754348e-01
    outer loop
      vertex   1.035324e+02 9.435822e+00 2.264230e+01
      vertex   1.039408e+02 9.671573e+00 2.315685e+01
      vertex   1.040250e+02 8.637324e+00 2.264230e+01
    endloop
  endfacet
  facet normal 6.276302e-01 3.871281e-01 -6.754348e-01
    outer loop
      vertex   1.040250e+02 8.637324e+00 2.264230e+01
      vertex   1.039408e+02 9.671573e+00 2.315685e+01
      vertex   1.044189e+02 8.896418e+00 2.315685e+01
    endloop
  endfacet
  facet normal 6.040589e-01 4.229666e-01 -6.754348e-01
    outer loop
      vertex   1.040250e+02 8.637324e+00 2.264230e+01
      vertex   1.044189e+02 8.896418e+00 2.315685e+01
      vertex   1.045631e+02 7.868814e+00 2.264230e+01
    endloop
  endfacet
  facet normal 6.040589e-01 4.229666e-01 -6.754348e-01
    outer loop
      vertex   1.045631e+02 7.868814e+00 2.264230e+01
      vertex   1.044189e+02 8.896418e+00 2.315685e+01
      vertex   1.049413e+02 8.150375e+00 2.315685e+01
    endloop
  endfacet
  facet normal 5.784436e-01 4.573739e-01 -6.754348e-01
    outer loop
      vertex   1.045631e+02 7.868814e+00 2.264230e+01
      vertex   1.049413e+02 8.150375e+00 2.315685e+01
      vertex   1.051450e+02 7.132893e+00 2.264230e+01
    endloop
  endfacet
  facet normal 5.784436e-01 4.573739e-01 -6.754348e-01
    outer loop
      vertex   1.051450e+02 7.132893e+00 2.264230e+01
      vertex   1.049413e+02 8.150375e+00 2.315685e+01
      vertex   1.055062e+02 7.435968e+00 2.315685e+01
    endloop
  endfacet
  facet normal 5.508710e-01 4.902336e-01 -6.754348e-01
    outer loop
      vertex   1.051450e+02 7.132893e+00 2.264230e+01
      vertex   1.055062e+02 7.435968e+00 2.315685e+01
      vertex   1.057687e+02 6.432051e+00 2.264230e+01
    endloop
  endfacet
  facet normal 5.508710e-01 4.902336e-01 -6.754348e-01
    outer loop
      vertex   1.057687e+02 6.432051e+00 2.264230e+01
      vertex   1.055062e+02 7.435968e+00 2.315685e+01
      vertex   1.061116e+02 6.755615e+00 2.315685e+01
    endloop
  endfacet
  facet normal 5.214345e-01 5.214345e-01 -6.754348e-01
    outer loop
      vertex   1.057687e+02 6.432051e+00 2.264230e+01
      vertex   1.061116e+02 6.755615e+00 2.315685e+01
      vertex   1.064321e+02 5.768659e+00 2.264230e+01
    endloop
  endfacet
  facet normal 5.214345e-01 5.214345e-01 -6.754348e-01
    outer loop
      vertex   1.064321e+02 5.768659e+00 2.264230e+01
      vertex   1.061116e+02 6.755615e+00 2.315685e+01
      vertex   1.067556e+02 6.111617e+00 2.315685e+01
    endloop
  endfacet
  facet normal 7.770850e-01 1.604551e-01 -6.085993e-01
    outer loop
      vertex   1.018064e+02 1.378055e+01 2.264230e+01
      vertex   1.013930e+02 1.368257e+01 2.208861e+01
      vertex   1.016167e+02 1.469934e+01 2.264230e+01
    endloop
  endfacet
  facet normal 7.770850e-01 1.604551e-01 -6.085993e-01
    outer loop
      vertex   1.016167e+02 1.469934e+01 2.264230e+01
      vertex   1.013930e+02 1.368257e+01 2.208861e+01
      vertex   1.011983e+02 1.462556e+01 2.208861e+01
    endloop
  endfacet
  facet normal 7.850999e-01 1.150002e-01 -6.085993e-01
    outer loop
      vertex   1.016167e+02 1.469934e+01 2.264230e+01
      vertex   1.011983e+02 1.462556e+01 2.208861e+01
      vertex   1.014807e+02 1.562761e+01 2.264230e+01
    endloop
  endfacet
  facet normal 7.850999e-01 1.150002e-01 -6.085993e-01
    outer loop
      vertex   1.014807e+02 1.562761e+01 2.264230e+01
      vertex   1.011983e+02 1.462556e+01 2.208861e+01
      vertex   1.010587e+02 1.557829e+01 2.208861e+01
    endloop
  endfacet
  facet normal 7.904583e-01 6.915614e-02 -6.085993e-01
    outer loop
      vertex   1.014807e+02 1.562761e+01 2.264230e+01
      vertex   1.010587e+02 1.557829e+01 2.208861e+01
      vertex   1.013989e+02 1.656222e+01 2.264230e+01
    endloop
  endfacet
  facet normal 7.904583e-01 6.915614e-02 -6.085993e-01
    outer loop
      vertex   1.013989e+02 1.656222e+01 2.264230e+01
      vertex   1.010587e+02 1.557829e+01 2.208861e+01
      vertex   1.009748e+02 1.653752e+01 2.208861e+01
    endloop
  endfacet
  facet normal 6.527201e-01 1.748958e-01 -7.371349e-01
    outer loop
      vertex   1.022652e+02 1.388928e+01 2.315685e+01
      vertex   1.027659e+02 1.400795e+01 2.362836e+01
      vertex   1.025009e+02 1.300956e+01 2.315685e+01
    endloop
  endfacet
  facet normal 6.527201e-01 1.748958e-01 -7.371349e-01
    outer loop
      vertex   1.025009e+02 1.300956e+01 2.315685e+01
      vertex   1.027659e+02 1.400795e+01 2.362836e+01
      vertex   1.029938e+02 1.315714e+01 2.362836e+01
    endloop
  endfacet
  facet normal 6.414465e-01 2.125522e-01 -7.371349e-01
    outer loop
      vertex   1.025009e+02 1.300956e+01 2.315685e+01
      vertex   1.029938e+02 1.315714e+01 2.362836e+01
      vertex   1.027874e+02 1.214504e+01 2.315685e+01
    endloop
  endfacet
  facet normal 6.414465e-01 2.125522e-01 -7.371349e-01
    outer loop
      vertex   1.027874e+02 1.214504e+01 2.315685e+01
      vertex   1.029938e+02 1.315714e+01 2.362836e+01
      vertex   1.032709e+02 1.232103e+01 2.362836e+01
    endloop
  endfacet
  facet normal 6.280025e-01 2.494894e-01 -7.371349e-01
    outer loop
      vertex   1.027874e+02 1.214504e+01 2.315685e+01
      vertex   1.032709e+02 1.232103e+01 2.362836e+01
      vertex   1.031236e+02 1.129864e+01 2.315685e+01
    endloop
  endfacet
  facet normal 6.280025e-01 2.494894e-01 -7.371349e-01
    outer loop
      vertex   1.031236e+02 1.129864e+01 2.315685e+01
      vertex   1.032709e+02 1.232103e+01 2.362836e+01
      vertex   1.035961e+02 1.150244e+01 2.362836e+01
    endloop
  endfacet
  facet normal 6.124335e-01 2.855824e-01 -7.371349e-01
    outer loop
      vertex   1.031236e+02 1.129864e+01 2.315685e+01
      vertex   1.035961e+02 1.150244e+01 2.362836e+01
      vertex   1.035085e+02 1.047322e+01 2.315685e+01
    endloop
  endfacet
  facet normal 6.124335e-01 2.855824e-01 -7.371349e-01
    outer loop
      vertex   1.035085e+02 1.047322e+01 2.315685e+01
      vertex   1.035961e+02 1.150244e+01 2.362836e+01
      vertex   1.039683e+02 1.070415e+01 2.362836e+01
    endloop
  endfacet
  facet normal 5.947922e-01 3.207091e-01 -7.371349e-01
    outer loop
      vertex   1.035085e+02 1.047322e+01 2.315685e+01
      vertex   1.039683e+02 1.070415e+01 2.362836e+01
      vertex   1.039408e+02 9.671573e+00 2.315685e+01
    endloop
  endfacet
  facet normal 5.947922e-01 3.207091e-01 -7.371349e-01
    outer loop
      vertex   1.039408e+02 9.671573e+00 2.315685e+01
      vertex   1.039683e+02 1.070415e+01 2.362836e+01
      vertex   1.043864e+02 9.928850e+00 2.362836e+01
    endloop
  endfacet
  facet normal 5.751383e-01 3.547506e-01 -7.371349e-01
    outer loop
      vertex   1.039408e+02 9.671573e+00 2.315685e+01
      vertex   1.043864e+02 9.928850e+00 2.362836e+01
      vertex   1.044189e+02 8.896418e+00 2.315685e+01
    endloop
  endfacet
  facet normal 5.751383e-01 3.547506e-01 -7.371349e-01
    outer loop
      vertex   1.044189e+02 8.896418e+00 2.315685e+01
      vertex   1.043864e+02 9.928850e+00 2.362836e+01
      vertex   1.048488e+02 9.179170e+00 2.362836e+01
    endloop
  endfacet
  facet normal 5.535384e-01 3.875917e-01 -7.371349e-01
    outer loop
      vertex   1.044189e+02 8.896418e+00 2.315685e+01
      vertex   1.048488e+02 9.179170e+00 2.362836e+01
      vertex   1.049413e+02 8.150375e+00 2.315685e+01
    endloop
  endfacet
  facet normal 5.535384e-01 3.875917e-01 -7.371349e-01
    outer loop
      vertex   1.049413e+02 8.150375e+00 2.315685e+01
      vertex   1.048488e+02 9.179170e+00 2.362836e+01
      vertex   1.053540e+02 8.457645e+00 2.362836e+01
    endloop
  endfacet
  facet normal 5.300654e-01 4.191214e-01 -7.371349e-01
    outer loop
      vertex   1.049413e+02 8.150375e+00 2.315685e+01
      vertex   1.053540e+02 8.457645e+00 2.362836e+01
      vertex   1.055062e+02 7.435968e+00 2.315685e+01
    endloop
  endfacet
  facet normal 5.300654e-01 4.191214e-01 -7.371349e-01
    outer loop
      vertex   1.055062e+02 7.435968e+00 2.315685e+01
      vertex   1.053540e+02 8.457645e+00 2.362836e+01
      vertex   1.059003e+02 7.766717e+00 2.362836e+01
    endloop
  endfacet
  facet normal 5.047989e-01 4.492329e-01 -7.371349e-01
    outer loop
      vertex   1.055062e+02 7.435968e+00 2.315685e+01
      vertex   1.059003e+02 7.766717e+00 2.362836e+01
      vertex   1.061116e+02 6.755615e+00 2.315685e+01
    endloop
  endfacet
  facet normal 5.047989e-01 4.492329e-01 -7.371349e-01
    outer loop
      vertex   1.061116e+02 6.755615e+00 2.315685e+01
      vertex   1.059003e+02 7.766717e+00 2.362836e+01
      vertex   1.064859e+02 7.108723e+00 2.362836e+01
    endloop
  endfacet
  facet normal 4.778243e-01 4.778243e-01 -7.371349e-01
    outer loop
      vertex   1.061116e+02 6.755615e+00 2.315685e+01
      vertex   1.064859e+02 7.108723e+00 2.362836e+01
      vertex   1.067556e+02 6.111617e+00 2.315685e+01
    endloop
  endfacet
  facet normal 4.778243e-01 4.778243e-01 -7.371349e-01
    outer loop
      vertex   1.067556e+02 6.111617e+00 2.315685e+01
      vertex   1.064859e+02 7.108723e+00 2.362836e+01
      vertex   1.071087e+02 6.485889e+00 2.362836e+01
    endloop
  endfacet
  facet normal 7.221851e-01 1.491192e-01 -6.754348e-01
    outer loop
      vertex   1.022652e+02 1.388928e+01 2.315685e+01
      vertex   1.018064e+02 1.378055e+01 2.264230e+01
      vertex   1.020810e+02 1.478122e+01 2.315685e+01
    endloop
  endfacet
  facet normal 7.221851e-01 1.491192e-01 -6.754348e-01
    outer loop
      vertex   1.020810e+02 1.478122e+01 2.315685e+01
      vertex   1.018064e+02 1.378055e+01 2.264230e+01
      vertex   1.016167e+02 1.469934e+01 2.264230e+01
    endloop
  endfacet
  facet normal 7.296338e-01 1.068756e-01 -6.754348e-01
    outer loop
      vertex   1.020810e+02 1.478122e+01 2.315685e+01
      vertex   1.016167e+02 1.469934e+01 2.264230e+01
      vertex   1.019490e+02 1.568235e+01 2.315685e+01
    endloop
  endfacet
  facet normal 7.296338e-01 1.068756e-01 -6.754348e-01
    outer loop
      vertex   1.019490e+02 1.568235e+01 2.315685e+01
      vertex   1.016167e+02 1.469934e+01 2.264230e+01
      vertex   1.014807e+02 1.562761e+01 2.264230e+01
    endloop
  endfacet
  facet normal 7.346136e-01 6.427036e-02 -6.754348e-01
    outer loop
      vertex   1.019490e+02 1.568235e+01 2.315685e+01
      vertex   1.014807e+02 1.562761e+01 2.264230e+01
      vertex   1.018696e+02 1.658963e+01 2.315685e+01
    endloop
  endfacet
  facet normal 7.346136e-01 6.427036e-02 -6.754348e-01
    outer loop
      vertex   1.018696e+02 1.658963e+01 2.315685e+01
      vertex   1.014807e+02 1.562761e+01 2.264230e+01
      vertex   1.013989e+02 1.656222e+01 2.264230e+01
    endloop
  endfacet
  facet normal 5.881750e-01 1.576010e-01 -7.932289e-01
    outer loop
      vertex   1.027659e+02 1.400795e+01 2.362836e+01
      vertex   1.033046e+02 1.413563e+01 2.405322e+01
      vertex   1.029938e+02 1.315714e+01 2.362836e+01
    endloop
  endfacet
  facet normal 5.881750e-01 1.576010e-01 -7.932289e-01
    outer loop
      vertex   1.029938e+02 1.315714e+01 2.362836e+01
      vertex   1.033046e+02 1.413563e+01 2.405322e+01
      vertex   1.035243e+02 1.331594e+01 2.405322e+01
    endloop
  endfacet
  facet normal 5.780162e-01 1.915337e-01 -7.932289e-01
    outer loop
      vertex   1.029938e+02 1.315714e+01 2.362836e+01
      vertex   1.035243e+02 1.331594e+01 2.405322e+01
      vertex   1.032709e+02 1.232103e+01 2.362836e+01
    endloop
  endfacet
  facet normal 5.780162e-01 1.915337e-01 -7.932289e-01
    outer loop
      vertex   1.032709e+02 1.232103e+01 2.362836e+01
      vertex   1.035243e+02 1.331594e+01 2.405322e+01
      vertex   1.037912e+02 1.251040e+01 2.405322e+01
    endloop
  endfacet
  facet normal 5.659016e-01 2.248183e-01 -7.932289e-01
    outer loop
      vertex   1.032709e+02 1.232103e+01 2.362836e+01
      vertex   1.037912e+02 1.251040e+01 2.405322e+01
      vertex   1.035961e+02 1.150244e+01 2.362836e+01
    endloop
  endfacet
  facet normal 5.659016e-01 2.248183e-01 -7.932289e-01
    outer loop
      vertex   1.035961e+02 1.150244e+01 2.362836e+01
      vertex   1.037912e+02 1.251040e+01 2.405322e+01
      vertex   1.041045e+02 1.172175e+01 2.405322e+01
    endloop
  endfacet
  facet normal 5.518722e-01 2.573422e-01 -7.932289e-01
    outer loop
      vertex   1.035961e+02 1.150244e+01 2.362836e+01
      vertex   1.041045e+02 1.172175e+01 2.405322e+01
      vertex   1.039683e+02 1.070415e+01 2.362836e+01
    endloop
  endfacet
  facet normal 5.518722e-01 2.573422e-01 -7.932289e-01
    outer loop
      vertex   1.039683e+02 1.070415e+01 2.362836e+01
      vertex   1.041045e+02 1.172175e+01 2.405322e+01
      vertex   1.044631e+02 1.095264e+01 2.405322e+01
    endloop
  endfacet
  facet normal 5.359754e-01 2.889953e-01 -7.932289e-01
    outer loop
      vertex   1.039683e+02 1.070415e+01 2.362836e+01
      vertex   1.044631e+02 1.095264e+01 2.405322e+01
      vertex   1.043864e+02 9.928850e+00 2.362836e+01
    endloop
  endfacet
  facet normal 5.359754e-01 2.889953e-01 -7.932289e-01
    outer loop
      vertex   1.043864e+02 9.928850e+00 2.362836e+01
      vertex   1.044631e+02 1.095264e+01 2.405322e+01
      vertex   1.048659e+02 1.020569e+01 2.405322e+01
    endloop
  endfacet
  facet normal 5.182650e-01 3.196706e-01 -7.932289e-01
    outer loop
      vertex   1.043864e+02 9.928850e+00 2.362836e+01
      vertex   1.048659e+02 1.020569e+01 2.405322e+01
      vertex   1.048488e+02 9.179170e+00 2.362836e+01
    endloop
  endfacet
  facet normal 5.182650e-01 3.196706e-01 -7.932289e-01
    outer loop
      vertex   1.048488e+02 9.179170e+00 2.362836e+01
      vertex   1.048659e+02 1.020569e+01 2.405322e+01
      vertex   1.053114e+02 9.483427e+00 2.405322e+01
    endloop
  endfacet
  facet normal 4.988010e-01 3.492642e-01 -7.932289e-01
    outer loop
      vertex   1.048488e+02 9.179170e+00 2.362836e+01
      vertex   1.053114e+02 9.483427e+00 2.405322e+01
      vertex   1.053540e+02 8.457645e+00 2.362836e+01
    endloop
  endfacet
  facet normal 4.988010e-01 3.492642e-01 -7.932289e-01
    outer loop
      vertex   1.053540e+02 8.457645e+00 2.362836e+01
      vertex   1.053114e+02 9.483427e+00 2.405322e+01
      vertex   1.057981e+02 8.788285e+00 2.405322e+01
    endloop
  endfacet
  facet normal 4.776492e-01 3.776760e-01 -7.932289e-01
    outer loop
      vertex   1.053540e+02 8.457645e+00 2.362836e+01
      vertex   1.057981e+02 8.788285e+00 2.405322e+01
      vertex   1.059003e+02 7.766717e+00 2.362836e+01
    endloop
  endfacet
  facet normal 4.776492e-01 3.776760e-01 -7.932289e-01
    outer loop
      vertex   1.059003e+02 7.766717e+00 2.362836e+01
      vertex   1.057981e+02 8.788285e+00 2.405322e+01
      vertex   1.063245e+02 8.122621e+00 2.405322e+01
    endloop
  endfacet
  facet normal 4.548812e-01 4.048099e-01 -7.932289e-01
    outer loop
      vertex   1.059003e+02 7.766717e+00 2.362836e+01
      vertex   1.063245e+02 8.122621e+00 2.405322e+01
      vertex   1.064859e+02 7.108723e+00 2.362836e+01
    endloop
  endfacet
  facet normal 4.548812e-01 4.048099e-01 -7.932289e-01
    outer loop
      vertex   1.064859e+02 7.108723e+00 2.362836e+01
      vertex   1.063245e+02 8.122621e+00 2.405322e+01
      vertex   1.068886e+02 7.488687e+00 2.405322e+01
    endloop
  endfacet
  facet normal 4.305740e-01 4.305740e-01 -7.932289e-01
    outer loop
      vertex   1.064859e+02 7.108723e+00 2.362836e+01
      vertex   1.068886e+02 7.488687e+00 2.405322e+01
      vertex   1.071087e+02 6.485889e+00 2.362836e+01
    endloop
  endfacet
  facet normal 4.305740e-01 4.305740e-01 -7.932289e-01
    outer loop
      vertex   1.071087e+02 6.485889e+00 2.362836e+01
      vertex   1.068886e+02 7.488687e+00 2.405322e+01
      vertex   1.074887e+02 6.888629e+00 2.405322e+01
    endloop
  endfacet
  facet normal 6.617851e-01 1.366476e-01 -7.371349e-01
    outer loop
      vertex   1.027659e+02 1.400795e+01 2.362836e+01
      vertex   1.022652e+02 1.388928e+01 2.315685e+01
      vertex   1.025877e+02 1.487057e+01 2.362836e+01
    endloop
  endfacet
  facet normal 6.617851e-01 1.366476e-01 -7.371349e-01
    outer loop
      vertex   1.025877e+02 1.487057e+01 2.362836e+01
      vertex   1.022652e+02 1.388928e+01 2.315685e+01
      vertex   1.020810e+02 1.478122e+01 2.315685e+01
    endloop
  endfacet
  facet normal 6.686108e-01 9.793706e-02 -7.371349e-01
    outer loop
      vertex   1.025877e+02 1.487057e+01 2.362836e+01
      vertex   1.020810e+02 1.478122e+01 2.315685e+01
      vertex   1.024601e+02 1.574209e+01 2.362836e+01
    endloop
  endfacet
  facet normal 6.686108e-01 9.793706e-02 -7.371349e-01
    outer loop
      vertex   1.024601e+02 1.574209e+01 2.362836e+01
      vertex   1.020810e+02 1.478122e+01 2.315685e+01
      vertex   1.019490e+02 1.568235e+01 2.315685e+01
    endloop
  endfacet
  facet normal 6.731742e-01 5.889511e-02 -7.371349e-01
    outer loop
      vertex   1.024601e+02 1.574209e+01 2.362836e+01
      vertex   1.019490e+02 1.568235e+01 2.315685e+01
      vertex   1.023833e+02 1.661955e+01 2.362836e+01
    endloop
  endfacet
  facet normal 6.731742e-01 5.889511e-02 -7.371349e-01
    outer loop
      vertex   1.023833e+02 1.661955e+01 2.362836e+01
      vertex   1.019490e+02 1.568235e+01 2.315685e+01
      vertex   1.018696e+02 1.658963e+01 2.315685e+01
    endloop
  endfacet
  facet normal 5.191478e-01 1.391052e-01 -8.432884e-01
    outer loop
      vertex   1.033046e+02 1.413563e+01 2.405322e+01
      vertex   1.038774e+02 1.427138e+01 2.442820e+01
      vertex   1.035243e+02 1.331594e+01 2.405322e+01
    endloop
  endfacet
  facet normal 5.191478e-01 1.391052e-01 -8.432884e-01
    outer loop
      vertex   1.035243e+02 1.331594e+01 2.405322e+01
      vertex   1.038774e+02 1.427138e+01 2.442820e+01
      vertex   1.040881e+02 1.348475e+01 2.442820e+01
    endloop
  endfacet
  facet normal 5.101812e-01 1.690556e-01 -8.432884e-01
    outer loop
      vertex   1.035243e+02 1.331594e+01 2.405322e+01
      vertex   1.040881e+02 1.348475e+01 2.442820e+01
      vertex   1.037912e+02 1.251040e+01 2.405322e+01
    endloop
  endfacet
  facet normal 5.101812e-01 1.690556e-01 -8.432884e-01
    outer loop
      vertex   1.037912e+02 1.251040e+01 2.405322e+01
      vertex   1.040881e+02 1.348475e+01 2.442820e+01
      vertex   1.043443e+02 1.271172e+01 2.442820e+01
    endloop
  endfacet
  facet normal 4.994884e-01 1.984340e-01 -8.432884e-01
    outer loop
      vertex   1.037912e+02 1.251040e+01 2.405322e+01
      vertex   1.043443e+02 1.271172e+01 2.442820e+01
      vertex   1.041045e+02 1.172175e+01 2.405322e+01
    endloop
  endfacet
  facet normal 4.994884e-01 1.984340e-01 -8.432884e-01
    outer loop
      vertex   1.041045e+02 1.172175e+01 2.405322e+01
      vertex   1.043443e+02 1.271172e+01 2.442820e+01
      vertex   1.046450e+02 1.195488e+01 2.442820e+01
    endloop
  endfacet
  facet normal 4.871054e-01 2.271410e-01 -8.432884e-01
    outer loop
      vertex   1.041045e+02 1.172175e+01 2.405322e+01
      vertex   1.046450e+02 1.195488e+01 2.442820e+01
      vertex   1.044631e+02 1.095264e+01 2.405322e+01
    endloop
  endfacet
  facet normal 4.871054e-01 2.271410e-01 -8.432884e-01
    outer loop
      vertex   1.044631e+02 1.095264e+01 2.405322e+01
      vertex   1.046450e+02 1.195488e+01 2.442820e+01
      vertex   1.049891e+02 1.121681e+01 2.442820e+01
    endloop
  endfacet
  facet normal 4.730742e-01 2.550793e-01 -8.432884e-01
    outer loop
      vertex   1.044631e+02 1.095264e+01 2.405322e+01
      vertex   1.049891e+02 1.121681e+01 2.442820e+01
      vertex   1.048659e+02 1.020569e+01 2.405322e+01
    endloop
  endfacet
  facet normal 4.730742e-01 2.550793e-01 -8.432884e-01
    outer loop
      vertex   1.048659e+02 1.020569e+01 2.405322e+01
      vertex   1.049891e+02 1.121681e+01 2.442820e+01
      vertex   1.053756e+02 1.050000e+01 2.442820e+01
    endloop
  endfacet
  facet normal 4.574423e-01 2.821546e-01 -8.432884e-01
    outer loop
      vertex   1.048659e+02 1.020569e+01 2.405322e+01
      vertex   1.053756e+02 1.050000e+01 2.442820e+01
      vertex   1.053114e+02 9.483427e+00 2.405322e+01
    endloop
  endfacet
  facet normal 4.574423e-01 2.821546e-01 -8.432884e-01
    outer loop
      vertex   1.053114e+02 9.483427e+00 2.405322e+01
      vertex   1.053756e+02 1.050000e+01 2.442820e+01
      vertex   1.058032e+02 9.806874e+00 2.442820e+01
    endloop
  endfacet
  facet normal 4.402625e-01 3.082752e-01 -8.432884e-01
    outer loop
      vertex   1.053114e+02 9.483427e+00 2.405322e+01
      vertex   1.058032e+02 9.806874e+00 2.442820e+01
      vertex   1.057981e+02 8.788285e+00 2.405322e+01
    endloop
  endfacet
  facet normal 4.402625e-01 3.082752e-01 -8.432884e-01
    outer loop
      vertex   1.057981e+02 8.788285e+00 2.405322e+01
      vertex   1.058032e+02 9.806874e+00 2.442820e+01
      vertex   1.062703e+02 9.139780e+00 2.442820e+01
    endloop
  endfacet
  facet normal 4.215931e-01 3.333526e-01 -8.432884e-01
    outer loop
      vertex   1.057981e+02 8.788285e+00 2.405322e+01
      vertex   1.062703e+02 9.139780e+00 2.442820e+01
      vertex   1.063245e+02 8.122621e+00 2.405322e+01
    endloop
  endfacet
  facet normal 4.215931e-01 3.333526e-01 -8.432884e-01
    outer loop
      vertex   1.063245e+02 8.122621e+00 2.405322e+01
      vertex   1.062703e+02 9.139780e+00 2.442820e+01
      vertex   1.067754e+02 8.500973e+00 2.442820e+01
    endloop
  endfacet
  facet normal 4.014971e-01 3.573021e-01 -8.432884e-01
    outer loop
      vertex   1.063245e+02 8.122621e+00 2.405322e+01
      vertex   1.067754e+02 8.500973e+00 2.442820e+01
      vertex   1.068886e+02 7.488687e+00 2.405322e+01
    endloop
  endfacet
  facet normal 4.014971e-01 3.573021e-01 -8.432884e-01
    outer loop
      vertex   1.068886e+02 7.488687e+00 2.405322e+01
      vertex   1.067754e+02 8.500973e+00 2.442820e+01
      vertex   1.073168e+02 7.892617e+00 2.442820e+01
    endloop
  endfacet
  facet normal 3.800426e-01 3.800426e-01 -8.432884e-01
    outer loop
      vertex   1.068886e+02 7.488687e+00 2.405322e+01
      vertex   1.073168e+02 7.892617e+00 2.442820e+01
      vertex   1.074887e+02 6.888629e+00 2.405322e+01
    endloop
  endfacet
  facet normal 3.800426e-01 3.800426e-01 -8.432884e-01
    outer loop
      vertex   1.074887e+02 6.888629e+00 2.405322e+01
      vertex   1.073168e+02 7.892617e+00 2.442820e+01
      vertex   1.078926e+02 7.316769e+00 2.442820e+01
    endloop
  endfacet
  facet normal 5.963436e-01 1.231350e-01 -7.932289e-01
    outer loop
      vertex   1.033046e+02 1.413563e+01 2.405322e+01
      vertex   1.027659e+02 1.400795e+01 2.362836e+01
      vertex   1.031330e+02 1.496671e+01 2.405322e+01
    endloop
  endfacet
  facet normal 5.963436e-01 1.231350e-01 -7.932289e-01
    outer loop
      vertex   1.031330e+02 1.496671e+01 2.405322e+01
      vertex   1.027659e+02 1.400795e+01 2.362836e+01
      vertex   1.025877e+02 1.487057e+01 2.362836e+01
    endloop
  endfacet
  facet normal 6.024943e-01 8.825242e-02 -7.932289e-01
    outer loop
      vertex   1.031330e+02 1.496671e+01 2.405322e+01
      vertex   1.025877e+02 1.487057e+01 2.362836e+01
      vertex   1.030100e+02 1.580637e+01 2.405322e+01
    endloop
  endfacet
  facet normal 6.024943e-01 8.825242e-02 -7.932289e-01
    outer loop
      vertex   1.030100e+02 1.580637e+01 2.405322e+01
      vertex   1.025877e+02 1.487057e+01 2.362836e+01
      vertex   1.024601e+02 1.574209e+01 2.362836e+01
    endloop
  endfacet
  facet normal 6.066064e-01 5.307118e-02 -7.932289e-01
    outer loop
      vertex   1.030100e+02 1.580637e+01 2.405322e+01
      vertex   1.024601e+02 1.574209e+01 2.362836e+01
      vertex   1.029361e+02 1.665175e+01 2.405322e+01
    endloop
  endfacet
  facet normal 6.066064e-01 5.307118e-02 -7.932289e-01
    outer loop
      vertex   1.029361e+02 1.665175e+01 2.405322e+01
      vertex   1.024601e+02 1.574209e+01 2.362836e+01
      vertex   1.023833e+02 1.661955e+01 2.362836e+01
    endloop
  endfacet
  facet normal 4.461634e-01 1.195491e-01 -8.869308e-01
    outer loop
      vertex   1.038774e+02 1.427138e+01 2.442820e+01
      vertex   1.044797e+02 1.441414e+01 2.475046e+01
      vertex   1.040881e+02 1.348475e+01 2.442820e+01
    endloop
  endfacet
  facet normal 4.461634e-01 1.195491e-01 -8.869308e-01
    outer loop
      vertex   1.040881e+02 1.348475e+01 2.442820e+01
      vertex   1.044797e+02 1.441414e+01 2.475046e+01
      vertex   1.046812e+02 1.366230e+01 2.475046e+01
    endloop
  endfacet
  facet normal 4.384574e-01 1.452890e-01 -8.869308e-01
    outer loop
      vertex   1.040881e+02 1.348475e+01 2.442820e+01
      vertex   1.046812e+02 1.366230e+01 2.475046e+01
      vertex   1.043443e+02 1.271172e+01 2.442820e+01
    endloop
  endfacet
  facet normal 4.384574e-01 1.452890e-01 -8.869308e-01
    outer loop
      vertex   1.043443e+02 1.271172e+01 2.442820e+01
      vertex   1.046812e+02 1.366230e+01 2.475046e+01
      vertex   1.049260e+02 1.292345e+01 2.475046e+01
    endloop
  endfacet
  facet normal 4.292678e-01 1.705372e-01 -8.869308e-01
    outer loop
      vertex   1.043443e+02 1.271172e+01 2.442820e+01
      vertex   1.049260e+02 1.292345e+01 2.475046e+01
      vertex   1.046450e+02 1.195488e+01 2.442820e+01
    endloop
  endfacet
  facet normal 4.292678e-01 1.705372e-01 -8.869308e-01
    outer loop
      vertex   1.046450e+02 1.195488e+01 2.442820e+01
      vertex   1.049260e+02 1.292345e+01 2.475046e+01
      vertex   1.052134e+02 1.220008e+01 2.475046e+01
    endloop
  endfacet
  facet normal 4.186257e-01 1.952084e-01 -8.869308e-01
    outer loop
      vertex   1.046450e+02 1.195488e+01 2.442820e+01
      vertex   1.052134e+02 1.220008e+01 2.475046e+01
      vertex   1.049891e+02 1.121681e+01 2.442820e+01
    endloop
  endfacet
  facet normal 4.186257e-01 1.952084e-01 -8.869308e-01
    outer loop
      vertex   1.049891e+02 1.121681e+01 2.442820e+01
      vertex   1.052134e+02 1.220008e+01 2.475046e+01
      vertex   1.055423e+02 1.149464e+01 2.475046e+01
    endloop
  endfacet
  facet normal 4.065671e-01 2.192190e-01 -8.869308e-01
    outer loop
      vertex   1.049891e+02 1.121681e+01 2.442820e+01
      vertex   1.055423e+02 1.149464e+01 2.475046e+01
      vertex   1.053756e+02 1.050000e+01 2.442820e+01
    endloop
  endfacet
  facet normal 4.065671e-01 2.192190e-01 -8.869308e-01
    outer loop
      vertex   1.053756e+02 1.050000e+01 2.442820e+01
      vertex   1.055423e+02 1.149464e+01 2.475046e+01
      vertex   1.059118e+02 1.080953e+01 2.475046e+01
    endloop
  endfacet
  facet normal 3.931328e-01 2.424879e-01 -8.869308e-01
    outer loop
      vertex   1.053756e+02 1.050000e+01 2.442820e+01
      vertex   1.059118e+02 1.080953e+01 2.475046e+01
      vertex   1.058032e+02 9.806874e+00 2.442820e+01
    endloop
  endfacet
  facet normal 3.931328e-01 2.424879e-01 -8.869308e-01
    outer loop
      vertex   1.058032e+02 9.806874e+00 2.442820e+01
      vertex   1.059118e+02 1.080953e+01 2.475046e+01
      vertex   1.063204e+02 1.014705e+01 2.475046e+01
    endloop
  endfacet
  facet normal 3.783683e-01 2.649363e-01 -8.869308e-01
    outer loop
      vertex   1.058032e+02 9.806874e+00 2.442820e+01
      vertex   1.063204e+02 1.014705e+01 2.475046e+01
      vertex   1.062703e+02 9.139780e+00 2.442820e+01
    endloop
  endfacet
  facet normal 3.783683e-01 2.649363e-01 -8.869308e-01
    outer loop
      vertex   1.062703e+02 9.139780e+00 2.442820e+01
      vertex   1.063204e+02 1.014705e+01 2.475046e+01
      vertex   1.067668e+02 9.509453e+00 2.475046e+01
    endloop
  endfacet
  facet normal 3.623234e-01 2.864882e-01 -8.869308e-01
    outer loop
      vertex   1.062703e+02 9.139780e+00 2.442820e+01
      vertex   1.067668e+02 9.509453e+00 2.475046e+01
      vertex   1.067754e+02 8.500973e+00 2.442820e+01
    endloop
  endfacet
  facet normal 3.623234e-01 2.864882e-01 -8.869308e-01
    outer loop
      vertex   1.067754e+02 8.500973e+00 2.442820e+01
      vertex   1.067668e+02 9.509453e+00 2.475046e+01
      vertex   1.072496e+02 8.898894e+00 2.475046e+01
    endloop
  endfacet
  facet normal 3.450526e-01 3.070708e-01 -8.869308e-01
    outer loop
      vertex   1.067754e+02 8.500973e+00 2.442820e+01
      vertex   1.072496e+02 8.898894e+00 2.475046e+01
      vertex   1.073168e+02 7.892617e+00 2.442820e+01
    endloop
  endfacet
  facet normal 3.450526e-01 3.070708e-01 -8.869308e-01
    outer loop
      vertex   1.073168e+02 7.892617e+00 2.442820e+01
      vertex   1.072496e+02 8.898894e+00 2.475046e+01
      vertex   1.077671e+02 8.317438e+00 2.475046e+01
    endloop
  endfacet
  facet normal 3.266143e-01 3.266143e-01 -8.869308e-01
    outer loop
      vertex   1.073168e+02 7.892617e+00 2.442820e+01
      vertex   1.077671e+02 8.317438e+00 2.475046e+01
      vertex   1.078926e+02 7.316769e+00 2.442820e+01
    endloop
  endfacet
  facet normal 3.266143e-01 3.266143e-01 -8.869308e-01
    outer loop
      vertex   1.078926e+02 7.316769e+00 2.442820e+01
      vertex   1.077671e+02 8.317438e+00 2.475046e+01
      vertex   1.083174e+02 7.767053e+00 2.475046e+01
    endloop
  endfacet
  facet normal 5.263577e-01 1.086841e-01 -8.432884e-01
    outer loop
      vertex   1.038774e+02 1.427138e+01 2.442820e+01
      vertex   1.033046e+02 1.413563e+01 2.405322e+01
      vertex   1.037127e+02 1.506893e+01 2.442820e+01
    endloop
  endfacet
  facet normal 5.263577e-01 1.086841e-01 -8.432884e-01
    outer loop
      vertex   1.037127e+02 1.506893e+01 2.442820e+01
      vertex   1.033046e+02 1.413563e+01 2.405322e+01
      vertex   1.031330e+02 1.496671e+01 2.405322e+01
    endloop
  endfacet
  facet normal 5.317866e-01 7.789527e-02 -8.432884e-01
    outer loop
      vertex   1.037127e+02 1.506893e+01 2.442820e+01
      vertex   1.031330e+02 1.496671e+01 2.405322e+01
      vertex   1.035947e+02 1.587470e+01 2.442820e+01
    endloop
  endfacet
  facet normal 5.317866e-01 7.789527e-02 -8.432884e-01
    outer loop
      vertex   1.035947e+02 1.587470e+01 2.442820e+01
      vertex   1.031330e+02 1.496671e+01 2.405322e+01
      vertex   1.030100e+02 1.580637e+01 2.405322e+01
    endloop
  endfacet
  facet normal 5.354161e-01 4.684284e-02 -8.432884e-01
    outer loop
      vertex   1.035947e+02 1.587470e+01 2.442820e+01
      vertex   1.030100e+02 1.580637e+01 2.405322e+01
      vertex   1.035237e+02 1.668597e+01 2.442820e+01
    endloop
  endfacet
  facet normal 5.354161e-01 4.684284e-02 -8.432884e-01
    outer loop
      vertex   1.035237e+02 1.668597e+01 2.442820e+01
      vertex   1.030100e+02 1.580637e+01 2.405322e+01
      vertex   1.029361e+02 1.665175e+01 2.405322e+01
    endloop
  endfacet
  facet normal 3.697773e-01 9.908154e-02 -9.238223e-01
    outer loop
      vertex   1.044797e+02 1.441414e+01 2.475046e+01
      vertex   1.051071e+02 1.456284e+01 2.501754e+01
      vertex   1.046812e+02 1.366230e+01 2.475046e+01
    endloop
  endfacet
  facet normal 3.697773e-01 9.908154e-02 -9.238223e-01
    outer loop
      vertex   1.046812e+02 1.366230e+01 2.475046e+01
      vertex   1.051071e+02 1.456284e+01 2.501754e+01
      vertex   1.052989e+02 1.384723e+01 2.501754e+01
    endloop
  endfacet
  facet normal 3.633906e-01 1.204145e-01 -9.238223e-01
    outer loop
      vertex   1.046812e+02 1.366230e+01 2.475046e+01
      vertex   1.052989e+02 1.384723e+01 2.501754e+01
      vertex   1.049260e+02 1.292345e+01 2.475046e+01
    endloop
  endfacet
  facet normal 3.633906e-01 1.204145e-01 -9.238223e-01
    outer loop
      vertex   1.049260e+02 1.292345e+01 2.475046e+01
      vertex   1.052989e+02 1.384723e+01 2.501754e+01
      vertex   1.055319e+02 1.314398e+01 2.501754e+01
    endloop
  endfacet
  facet normal 3.557744e-01 1.413401e-01 -9.238223e-01
    outer loop
      vertex   1.049260e+02 1.292345e+01 2.475046e+01
      vertex   1.055319e+02 1.314398e+01 2.501754e+01
      vertex   1.052134e+02 1.220008e+01 2.475046e+01
    endloop
  endfacet
  facet normal 3.557744e-01 1.413401e-01 -9.238223e-01
    outer loop
      vertex   1.052134e+02 1.220008e+01 2.475046e+01
      vertex   1.055319e+02 1.314398e+01 2.501754e+01
      vertex   1.058055e+02 1.245546e+01 2.501754e+01
    endloop
  endfacet
  facet normal 3.469543e-01 1.617874e-01 -9.238223e-01
    outer loop
      vertex   1.052134e+02 1.220008e+01 2.475046e+01
      vertex   1.058055e+02 1.245546e+01 2.501754e+01
      vertex   1.055423e+02 1.149464e+01 2.475046e+01
    endloop
  endfacet
  facet normal 3.469543e-01 1.617874e-01 -9.238223e-01
    outer loop
      vertex   1.055423e+02 1.149464e+01 2.475046e+01
      vertex   1.058055e+02 1.245546e+01 2.501754e+01
      vertex   1.061186e+02 1.178402e+01 2.501754e+01
    endloop
  endfacet
  facet normal 3.369602e-01 1.816873e-01 -9.238223e-01
    outer loop
      vertex   1.055423e+02 1.149464e+01 2.475046e+01
      vertex   1.061186e+02 1.178402e+01 2.501754e+01
      vertex   1.059118e+02 1.080953e+01 2.475046e+01
    endloop
  endfacet
  facet normal 3.369602e-01 1.816873e-01 -9.238223e-01
    outer loop
      vertex   1.059118e+02 1.080953e+01 2.475046e+01
      vertex   1.061186e+02 1.178402e+01 2.501754e+01
      vertex   1.064702e+02 1.113192e+01 2.501754e+01
    endloop
  endfacet
  facet normal 3.258259e-01 2.009724e-01 -9.238223e-01
    outer loop
      vertex   1.059118e+02 1.080953e+01 2.475046e+01
      vertex   1.064702e+02 1.113192e+01 2.501754e+01
      vertex   1.063204e+02 1.014705e+01 2.475046e+01
    endloop
  endfacet
  facet normal 3.258259e-01 2.009724e-01 -9.238223e-01
    outer loop
      vertex   1.063204e+02 1.014705e+01 2.475046e+01
      vertex   1.064702e+02 1.113192e+01 2.501754e+01
      vertex   1.068591e+02 1.050137e+01 2.501754e+01
    endloop
  endfacet
  facet normal 3.135891e-01 2.195775e-01 -9.238223e-01
    outer loop
      vertex   1.063204e+02 1.014705e+01 2.475046e+01
      vertex   1.068591e+02 1.050137e+01 2.501754e+01
      vertex   1.067668e+02 9.509453e+00 2.475046e+01
    endloop
  endfacet
  facet normal 3.135891e-01 2.195775e-01 -9.238223e-01
    outer loop
      vertex   1.067668e+02 9.509453e+00 2.475046e+01
      vertex   1.068591e+02 1.050137e+01 2.501754e+01
      vertex   1.072840e+02 9.894492e+00 2.501754e+01
    endloop
  endfacet
  facet normal 3.002913e-01 2.374396e-01 -9.238223e-01
    outer loop
      vertex   1.067668e+02 9.509453e+00 2.475046e+01
      vertex   1.072840e+02 9.894492e+00 2.501754e+01
      vertex   1.072496e+02 8.898894e+00 2.475046e+01
    endloop
  endfacet
  facet normal 4.523597e-01 9.340477e-02 -8.869308e-01
    outer loop
      vertex   1.044797e+02 1.441414e+01 2.475046e+01
      vertex   1.038774e+02 1.427138e+01 2.442820e+01
      vertex   1.043223e+02 1.517642e+01 2.475046e+01
    endloop
  endfacet
  facet normal 4.523597e-01 9.340477e-02 -8.869308e-01
    outer loop
      vertex   1.043223e+02 1.517642e+01 2.475046e+01
      vertex   1.038774e+02 1.427138e+01 2.442820e+01
      vertex   1.037127e+02 1.506893e+01 2.442820e+01
    endloop
  endfacet
  facet normal 4.570254e-01 6.694437e-02 -8.869308e-01
    outer loop
      vertex   1.043223e+02 1.517642e+01 2.475046e+01
      vertex   1.037127e+02 1.506893e+01 2.442820e+01
      vertex   1.042095e+02 1.594657e+01 2.475046e+01
    endloop
  endfacet
  facet normal 4.570254e-01 6.694437e-02 -8.869308e-01
    outer loop
      vertex   1.042095e+02 1.594657e+01 2.475046e+01
      vertex   1.037127e+02 1.506893e+01 2.442820e+01
      vertex   1.035947e+02 1.587470e+01 2.442820e+01
    endloop
  endfacet
  facet normal 4.601447e-01 4.025744e-02 -8.869308e-01
    outer loop
      vertex   1.042095e+02 1.594657e+01 2.475046e+01
      vertex   1.035947e+02 1.587470e+01 2.442820e+01
      vertex   1.041417e+02 1.672197e+01 2.475046e+01
    endloop
  endfacet
  facet normal 4.601447e-01 4.025744e-02 -8.869308e-01
    outer loop
      vertex   1.041417e+02 1.672197e+01 2.475046e+01
      vertex   1.035947e+02 1.587470e+01 2.442820e+01
      vertex   1.035237e+02 1.668597e+01 2.442820e+01
    endloop
  endfacet
  facet normal 3.749128e-01 7.741327e-02 -9.238223e-01
    outer loop
      vertex   1.051071e+02 1.456284e+01 2.501754e+01
      vertex   1.044797e+02 1.441414e+01 2.475046e+01
      vertex   1.049573e+02 1.528839e+01 2.501754e+01
    endloop
  endfacet
  facet normal 3.749128e-01 7.741327e-02 -9.238223e-01
    outer loop
      vertex   1.049573e+02 1.528839e+01 2.501754e+01
      vertex   1.044797e+02 1.441414e+01 2.475046e+01
      vertex   1.043223e+02 1.517642e+01 2.475046e+01
    endloop
  endfacet
  facet normal 3.787797e-01 5.548306e-02 -9.238223e-01
    outer loop
      vertex   1.049573e+02 1.528839e+01 2.501754e+01
      vertex   1.043223e+02 1.517642e+01 2.475046e+01
      vertex   1.048500e+02 1.602142e+01 2.501754e+01
    endloop
  endfacet
  facet normal 3.787797e-01 5.548306e-02 -9.238223e-01
    outer loop
      vertex   1.048500e+02 1.602142e+01 2.501754e+01
      vertex   1.043223e+02 1.517642e+01 2.475046e+01
      vertex   1.042095e+02 1.594657e+01 2.475046e+01
    endloop
  endfacet
  facet normal 3.813649e-01 3.336511e-02 -9.238223e-01
    outer loop
      vertex   1.048500e+02 1.602142e+01 2.501754e+01
      vertex   1.042095e+02 1.594657e+01 2.475046e+01
      vertex   1.047854e+02 1.675946e+01 2.501754e+01
    endloop
  endfacet
  facet normal 3.813649e-01 3.336511e-02 -9.238223e-01
    outer loop
      vertex   1.047854e+02 1.675946e+01 2.501754e+01
      vertex   1.042095e+02 1.594657e+01 2.475046e+01
      vertex   1.041417e+02 1.672197e+01 2.475046e+01
    endloop
  endfacet
  facet normal 2.374396e-01 3.002913e-01 -9.238223e-01
    outer loop
      vertex   1.093134e+02 7.743535e+00 2.501754e+01
      vertex   1.095095e+02 6.766833e+00 2.475046e+01
      vertex   1.088989e+02 7.249601e+00 2.475046e+01
    endloop
  endfacet
  facet normal 2.864882e-01 3.623234e-01 -8.869308e-01
    outer loop
      vertex   1.088989e+02 7.249601e+00 2.475046e+01
      vertex   1.095095e+02 6.766833e+00 2.475046e+01
      vertex   1.091398e+02 6.270275e+00 2.442820e+01
    endloop
  endfacet
  facet normal 2.864882e-01 3.623234e-01 -8.869308e-01
    outer loop
      vertex   1.088989e+02 7.249601e+00 2.475046e+01
      vertex   1.091398e+02 6.270275e+00 2.442820e+01
      vertex   1.085010e+02 6.775378e+00 2.442820e+01
    endloop
  endfacet
  facet normal 3.333526e-01 4.215931e-01 -8.432884e-01
    outer loop
      vertex   1.085010e+02 6.775378e+00 2.442820e+01
      vertex   1.091398e+02 6.270275e+00 2.442820e+01
      vertex   1.087883e+02 5.798136e+00 2.405322e+01
    endloop
  endfacet
  facet normal 3.333526e-01 4.215931e-01 -8.432884e-01
    outer loop
      vertex   1.085010e+02 6.775378e+00 2.442820e+01
      vertex   1.087883e+02 5.798136e+00 2.405322e+01
      vertex   1.081226e+02 6.324475e+00 2.405322e+01
    endloop
  endfacet
  facet normal 3.776760e-01 4.776492e-01 -7.932289e-01
    outer loop
      vertex   1.081226e+02 6.324475e+00 2.405322e+01
      vertex   1.087883e+02 5.798136e+00 2.405322e+01
      vertex   1.084576e+02 5.354009e+00 2.362836e+01
    endloop
  endfacet
  facet normal 3.776760e-01 4.776492e-01 -7.932289e-01
    outer loop
      vertex   1.081226e+02 6.324475e+00 2.405322e+01
      vertex   1.084576e+02 5.354009e+00 2.362836e+01
      vertex   1.077667e+02 5.900325e+00 2.362836e+01
    endloop
  endfacet
  facet normal 4.191214e-01 5.300654e-01 -7.371349e-01
    outer loop
      vertex   1.077667e+02 5.900325e+00 2.362836e+01
      vertex   1.084576e+02 5.354009e+00 2.362836e+01
      vertex   1.081504e+02 4.941274e+00 2.315685e+01
    endloop
  endfacet
  facet normal 4.191214e-01 5.300654e-01 -7.371349e-01
    outer loop
      vertex   1.077667e+02 5.900325e+00 2.362836e+01
      vertex   1.081504e+02 4.941274e+00 2.315685e+01
      vertex   1.074360e+02 5.506154e+00 2.315685e+01
    endloop
  endfacet
  facet normal 4.573739e-01 5.784436e-01 -6.754348e-01
    outer loop
      vertex   1.074360e+02 5.506154e+00 2.315685e+01
      vertex   1.081504e+02 4.941274e+00 2.315685e+01
      vertex   1.078688e+02 4.563072e+00 2.264230e+01
    endloop
  endfacet
  facet normal 4.573739e-01 5.784436e-01 -6.754348e-01
    outer loop
      vertex   1.074360e+02 5.506154e+00 2.315685e+01
      vertex   1.078688e+02 4.563072e+00 2.264230e+01
      vertex   1.071329e+02 5.144963e+00 2.264230e+01
    endloop
  endfacet
  facet normal 4.921430e-01 6.224164e-01 -6.085993e-01
    outer loop
      vertex   1.071329e+02 5.144963e+00 2.264230e+01
      vertex   1.078688e+02 4.563072e+00 2.264230e+01
      vertex   1.076151e+02 4.222281e+00 2.208861e+01
    endloop
  endfacet
  facet normal 4.921430e-01 6.224164e-01 -6.085993e-01
    outer loop
      vertex   1.071329e+02 5.144963e+00 2.264230e+01
      vertex   1.076151e+02 4.222281e+00 2.208861e+01
      vertex   1.068598e+02 4.819501e+00 2.208861e+01
    endloop
  endfacet
  facet normal 5.231652e-01 6.616503e-01 -5.371379e-01
    outer loop
      vertex   1.068598e+02 4.819501e+00 2.208861e+01
      vertex   1.076151e+02 4.222281e+00 2.208861e+01
      vertex   1.073912e+02 3.921496e+00 2.150000e+01
    endloop
  endfacet
  facet normal 5.231652e-01 6.616503e-01 -5.371379e-01
    outer loop
      vertex   1.068598e+02 4.819501e+00 2.208861e+01
      vertex   1.073912e+02 3.921496e+00 2.150000e+01
      vertex   1.066188e+02 4.532244e+00 2.150000e+01
    endloop
  endfacet
  facet normal 5.502052e-01 6.958479e-01 -4.615949e-01
    outer loop
      vertex   1.066188e+02 4.532244e+00 2.150000e+01
      vertex   1.073912e+02 3.921496e+00 2.150000e+01
      vertex   1.071987e+02 3.663004e+00 2.088095e+01
    endloop
  endfacet
  facet normal 5.502052e-01 6.958479e-01 -4.615949e-01
    outer loop
      vertex   1.066188e+02 4.532244e+00 2.150000e+01
      vertex   1.071987e+02 3.663004e+00 2.088095e+01
      vertex   1.064116e+02 4.285379e+00 2.088095e+01
    endloop
  endfacet
  facet normal 5.730584e-01 7.247505e-01 -3.825452e-01
    outer loop
      vertex   1.064116e+02 4.285379e+00 2.088095e+01
      vertex   1.071987e+02 3.663004e+00 2.088095e+01
      vertex   1.070392e+02 3.448774e+00 2.023616e+01
    endloop
  endfacet
  facet normal 5.730584e-01 7.247505e-01 -3.825452e-01
    outer loop
      vertex   1.064116e+02 4.285379e+00 2.088095e+01
      vertex   1.070392e+02 3.448774e+00 2.023616e+01
      vertex   1.062399e+02 4.080785e+00 2.023616e+01
    endloop
  endfacet
  facet normal 5.915517e-01 7.481391e-01 -3.005901e-01
    outer loop
      vertex   1.062399e+02 4.080785e+00 2.023616e+01
      vertex   1.070392e+02 3.448774e+00 2.023616e+01
      vertex   1.069139e+02 3.280436e+00 1.957055e+01
    endloop
  endfacet
  facet normal 5.915517e-01 7.481391e-01 -3.005901e-01
    outer loop
      vertex   1.062399e+02 4.080785e+00 2.023616e+01
      vertex   1.069139e+02 3.280436e+00 1.957055e+01
      vertex   1.061050e+02 3.920019e+00 1.957055e+01
    endloop
  endfacet
  facet normal 6.055454e-01 7.658371e-01 -2.163523e-01
    outer loop
      vertex   1.061050e+02 3.920019e+00 1.957055e+01
      vertex   1.069139e+02 3.280436e+00 1.957055e+01
      vertex   1.068237e+02 3.159271e+00 1.888919e+01
    endloop
  endfacet
  facet normal 6.055454e-01 7.658371e-01 -2.163523e-01
    outer loop
      vertex   1.061050e+02 3.920019e+00 1.957055e+01
      vertex   1.068237e+02 3.159271e+00 1.888919e+01
      vertex   1.060079e+02 3.804304e+00 1.888919e+01
    endloop
  endfacet
  facet normal 6.149337e-01 7.777105e-01 -1.304719e-01
    outer loop
      vertex   1.060079e+02 3.804304e+00 1.888919e+01
      vertex   1.068237e+02 3.159271e+00 1.888919e+01
      vertex   1.067693e+02 3.086201e+00 1.819725e+01
    endloop
  endfacet
  facet normal 6.149337e-01 7.777105e-01 -1.304719e-01
    outer loop
      vertex   1.060079e+02 3.804304e+00 1.888919e+01
      vertex   1.067693e+02 3.086201e+00 1.819725e+01
      vertex   1.059494e+02 3.734520e+00 1.819725e+01
    endloop
  endfacet
  facet normal 2.649363e-01 3.783683e-01 -8.869308e-01
    outer loop
      vertex   1.095095e+02 6.766833e+00 2.475046e+01
      vertex   1.098069e+02 5.803171e+00 2.442820e+01
      vertex   1.091398e+02 6.270275e+00 2.442820e+01
    endloop
  endfacet
  facet normal 3.082752e-01 4.402625e-01 -8.432884e-01
    outer loop
      vertex   1.091398e+02 6.270275e+00 2.442820e+01
      vertex   1.098069e+02 5.803171e+00 2.442820e+01
      vertex   1.094834e+02 5.311393e+00 2.405322e+01
    endloop
  endfacet
  facet normal 3.082752e-01 4.402625e-01 -8.432884e-01
    outer loop
      vertex   1.091398e+02 6.270275e+00 2.442820e+01
      vertex   1.094834e+02 5.311393e+00 2.405322e+01
      vertex   1.087883e+02 5.798136e+00 2.405322e+01
    endloop
  endfacet
  facet normal 3.492642e-01 4.988010e-01 -7.932289e-01
    outer loop
      vertex   1.087883e+02 5.798136e+00 2.405322e+01
      vertex   1.094834e+02 5.311393e+00 2.405322e+01
      vertex   1.091792e+02 4.848792e+00 2.362836e+01
    endloop
  endfacet
  facet normal 3.492642e-01 4.988010e-01 -7.932289e-01
    outer loop
      vertex   1.087883e+02 5.798136e+00 2.405322e+01
      vertex   1.091792e+02 4.848792e+00 2.362836e+01
      vertex   1.084576e+02 5.354009e+00 2.362836e+01
    endloop
  endfacet
  facet normal 3.875917e-01 5.535384e-01 -7.371349e-01
    outer loop
      vertex   1.084576e+02 5.354009e+00 2.362836e+01
      vertex   1.091792e+02 4.848792e+00 2.362836e+01
      vertex   1.088964e+02 4.418889e+00 2.315685e+01
    endloop
  endfacet
  facet normal 3.875917e-01 5.535384e-01 -7.371349e-01
    outer loop
      vertex   1.084576e+02 5.354009e+00 2.362836e+01
      vertex   1.088964e+02 4.418889e+00 2.315685e+01
      vertex   1.081504e+02 4.941274e+00 2.315685e+01
    endloop
  endfacet
  facet normal 4.229666e-01 6.040589e-01 -6.754348e-01
    outer loop
      vertex   1.081504e+02 4.941274e+00 2.315685e+01
      vertex   1.088964e+02 4.418889e+00 2.315685e+01
      vertex   1.086373e+02 4.024956e+00 2.264230e+01
    endloop
  endfacet
  facet normal 4.229666e-01 6.040589e-01 -6.754348e-01
    outer loop
      vertex   1.081504e+02 4.941274e+00 2.315685e+01
      vertex   1.086373e+02 4.024956e+00 2.264230e+01
      vertex   1.078688e+02 4.563072e+00 2.264230e+01
    endloop
  endfacet
  facet normal 4.551201e-01 6.499789e-01 -6.085993e-01
    outer loop
      vertex   1.078688e+02 4.563072e+00 2.264230e+01
      vertex   1.086373e+02 4.024956e+00 2.264230e+01
      vertex   1.084039e+02 3.669989e+00 2.208861e+01
    endloop
  endfacet
  facet normal 4.551201e-01 6.499789e-01 -6.085993e-01
    outer loop
      vertex   1.078688e+02 4.563072e+00 2.264230e+01
      vertex   1.084039e+02 3.669989e+00 2.208861e+01
      vertex   1.076151e+02 4.222281e+00 2.208861e+01
    endloop
  endfacet
  facet normal 4.838085e-01 6.909502e-01 -5.371379e-01
    outer loop
      vertex   1.076151e+02 4.222281e+00 2.208861e+01
      vertex   1.084039e+02 3.669989e+00 2.208861e+01
      vertex   1.081978e+02 3.356693e+00 2.150000e+01
    endloop
  endfacet
  facet normal 4.838085e-01 6.909502e-01 -5.371379e-01
    outer loop
      vertex   1.076151e+02 4.222281e+00 2.208861e+01
      vertex   1.081978e+02 3.356693e+00 2.150000e+01
      vertex   1.073912e+02 3.921496e+00 2.150000e+01
    endloop
  endfacet
  facet normal 5.088144e-01 7.266623e-01 -4.615949e-01
    outer loop
      vertex   1.073912e+02 3.921496e+00 2.150000e+01
      vertex   1.081978e+02 3.356693e+00 2.150000e+01
      vertex   1.080207e+02 3.087449e+00 2.088095e+01
    endloop
  endfacet
  facet normal 5.088144e-01 7.266623e-01 -4.615949e-01
    outer loop
      vertex   1.073912e+02 3.921496e+00 2.150000e+01
      vertex   1.080207e+02 3.087449e+00 2.088095e+01
      vertex   1.071987e+02 3.663004e+00 2.088095e+01
    endloop
  endfacet
  facet normal 5.299484e-01 7.568447e-01 -3.825452e-01
    outer loop
      vertex   1.071987e+02 3.663004e+00 2.088095e+01
      vertex   1.080207e+02 3.087449e+00 2.088095e+01
      vertex   1.078740e+02 2.864308e+00 2.023616e+01
    endloop
  endfacet
  facet normal 5.299484e-01 7.568447e-01 -3.825452e-01
    outer loop
      vertex   1.071987e+02 3.663004e+00 2.088095e+01
      vertex   1.078740e+02 2.864308e+00 2.023616e+01
      vertex   1.070392e+02 3.448774e+00 2.023616e+01
    endloop
  endfacet
  facet normal 5.470505e-01 7.812691e-01 -3.005901e-01
    outer loop
      vertex   1.070392e+02 3.448774e+00 2.023616e+01
      vertex   1.078740e+02 2.864308e+00 2.023616e+01
      vertex   1.077586e+02 2.688968e+00 1.957055e+01
    endloop
  endfacet
  facet normal 5.470505e-01 7.812691e-01 -3.005901e-01
    outer loop
      vertex   1.070392e+02 3.448774e+00 2.023616e+01
      vertex   1.077586e+02 2.688968e+00 1.957055e+01
      vertex   1.069139e+02 3.280436e+00 1.957055e+01
    endloop
  endfacet
  facet normal 5.599915e-01 7.997507e-01 -2.163523e-01
    outer loop
      vertex   1.069139e+02 3.280436e+00 1.957055e+01
      vertex   1.077586e+02 2.688968e+00 1.957055e+01
      vertex   1.076756e+02 2.562763e+00 1.888919e+01
    endloop
  endfacet
  facet normal 5.599915e-01 7.997507e-01 -2.163523e-01
    outer loop
      vertex   1.069139e+02 3.280436e+00 1.957055e+01
      vertex   1.076756e+02 2.562763e+00 1.888919e+01
      vertex   1.068237e+02 3.159271e+00 1.888919e+01
    endloop
  endfacet
  facet normal 5.686735e-01 8.121499e-01 -1.304719e-01
    outer loop
      vertex   1.068237e+02 3.159271e+00 1.888919e+01
      vertex   1.076756e+02 2.562763e+00 1.888919e+01
      vertex   1.076256e+02 2.486654e+00 1.819725e+01
    endloop
  endfacet
  facet normal 5.686735e-01 8.121499e-01 -1.304719e-01
    outer loop
      vertex   1.068237e+02 3.159271e+00 1.888919e+01
      vertex   1.076256e+02 2.486654e+00 1.819725e+01
      vertex   1.067693e+02 3.086201e+00 1.819725e+01
    endloop
  endfacet
  facet normal 2.821546e-01 4.574423e-01 -8.432884e-01
    outer loop
      vertex   1.098069e+02 5.803171e+00 2.442820e+01
      vertex   1.102057e+02 4.865892e+00 2.405322e+01
      vertex   1.094834e+02 5.311393e+00 2.405322e+01
    endloop
  endfacet
  facet normal 3.196706e-01 5.182650e-01 -7.932289e-01
    outer loop
      vertex   1.094834e+02 5.311393e+00 2.405322e+01
      vertex   1.102057e+02 4.865892e+00 2.405322e+01
      vertex   1.099288e+02 4.386383e+00 2.362836e+01
    endloop
  endfacet
  facet normal 3.196706e-01 5.182650e-01 -7.932289e-01
    outer loop
      vertex   1.094834e+02 5.311393e+00 2.405322e+01
      vertex   1.099288e+02 4.386383e+00 2.362836e+01
      vertex   1.091792e+02 4.848792e+00 2.362836e+01
    endloop
  endfacet
  facet normal 3.547506e-01 5.751383e-01 -7.371349e-01
    outer loop
      vertex   1.091792e+02 4.848792e+00 2.362836e+01
      vertex   1.099288e+02 4.386383e+00 2.362836e+01
      vertex   1.096716e+02 3.940766e+00 2.315685e+01
    endloop
  endfacet
  facet normal 3.547506e-01 5.751383e-01 -7.371349e-01
    outer loop
      vertex   1.091792e+02 4.848792e+00 2.362836e+01
      vertex   1.096716e+02 3.940766e+00 2.315685e+01
      vertex   1.088964e+02 4.418889e+00 2.315685e+01
    endloop
  endfacet
  facet normal 3.871281e-01 6.276302e-01 -6.754348e-01
    outer loop
      vertex   1.088964e+02 4.418889e+00 2.315685e+01
      vertex   1.096716e+02 3.940766e+00 2.315685e+01
      vertex   1.094358e+02 3.532434e+00 2.264230e+01
    endloop
  endfacet
  facet normal 3.871281e-01 6.276302e-01 -6.754348e-01
    outer loop
      vertex   1.088964e+02 4.418889e+00 2.315685e+01
      vertex   1.094358e+02 3.532434e+00 2.264230e+01
      vertex   1.086373e+02 4.024956e+00 2.264230e+01
    endloop
  endfacet
  facet normal 4.165572e-01 6.753421e-01 -6.085993e-01
    outer loop
      vertex   1.086373e+02 4.024956e+00 2.264230e+01
      vertex   1.094358e+02 3.532434e+00 2.264230e+01
      vertex   1.092234e+02 3.164494e+00 2.208861e+01
    endloop
  endfacet
  facet normal 4.165572e-01 6.753421e-01 -6.085993e-01
    outer loop
      vertex   1.086373e+02 4.024956e+00 2.264230e+01
      vertex   1.092234e+02 3.164494e+00 2.208861e+01
      vertex   1.084039e+02 3.669989e+00 2.208861e+01
    endloop
  endfacet
  facet normal 4.428148e-01 7.179122e-01 -5.371379e-01
    outer loop
      vertex   1.084039e+02 3.669989e+00 2.208861e+01
      vertex   1.092234e+02 3.164494e+00 2.208861e+01
      vertex   1.090359e+02 2.839746e+00 2.150000e+01
    endloop
  endfacet
  facet normal 4.428148e-01 7.179122e-01 -5.371379e-01
    outer loop
      vertex   1.084039e+02 3.669989e+00 2.208861e+01
      vertex   1.090359e+02 2.839746e+00 2.150000e+01
      vertex   1.081978e+02 3.356693e+00 2.150000e+01
    endloop
  endfacet
  facet normal 4.657019e-01 7.550178e-01 -4.615949e-01
    outer loop
      vertex   1.081978e+02 3.356693e+00 2.150000e+01
      vertex   1.090359e+02 2.839746e+00 2.150000e+01
      vertex   1.088748e+02 2.560661e+00 2.088095e+01
    endloop
  endfacet
  facet normal 4.657019e-01 7.550178e-01 -4.615949e-01
    outer loop
      vertex   1.081978e+02 3.356693e+00 2.150000e+01
      vertex   1.088748e+02 2.560661e+00 2.088095e+01
      vertex   1.080207e+02 3.087449e+00 2.088095e+01
    endloop
  endfacet
  facet normal 4.850452e-01 7.863780e-01 -3.825452e-01
    outer loop
      vertex   1.080207e+02 3.087449e+00 2.088095e+01
      vertex   1.088748e+02 2.560661e+00 2.088095e+01
      vertex   1.087412e+02 2.329365e+00 2.023616e+01
    endloop
  endfacet
  facet normal 4.850452e-01 7.863780e-01 -3.825452e-01
    outer loop
      vertex   1.080207e+02 3.087449e+00 2.088095e+01
      vertex   1.087412e+02 2.329365e+00 2.023616e+01
      vertex   1.078740e+02 2.864308e+00 2.023616e+01
    endloop
  endfacet
  facet normal 5.006982e-01 8.117554e-01 -3.005901e-01
    outer loop
      vertex   1.078740e+02 2.864308e+00 2.023616e+01
      vertex   1.087412e+02 2.329365e+00 2.023616e+01
      vertex   1.086363e+02 2.147616e+00 1.957055e+01
    endloop
  endfacet
  facet normal 5.006982e-01 8.117554e-01 -3.005901e-01
    outer loop
      vertex   1.078740e+02 2.864308e+00 2.023616e+01
      vertex   1.086363e+02 2.147616e+00 1.957055e+01
      vertex   1.077586e+02 2.688968e+00 1.957055e+01
    endloop
  endfacet
  facet normal 5.125427e-01 8.309583e-01 -2.163523e-01
    outer loop
      vertex   1.077586e+02 2.688968e+00 1.957055e+01
      vertex   1.086363e+02 2.147616e+00 1.957055e+01
      vertex   1.085608e+02 2.016798e+00 1.888919e+01
    endloop
  endfacet
  facet normal 5.125427e-01 8.309583e-01 -2.163523e-01
    outer loop
      vertex   1.077586e+02 2.688968e+00 1.957055e+01
      vertex   1.085608e+02 2.016798e+00 1.888919e+01
      vertex   1.076756e+02 2.562763e+00 1.888919e+01
    endloop
  endfacet
  facet normal 5.204891e-01 8.438413e-01 -1.304719e-01
    outer loop
      vertex   1.076756e+02 2.562763e+00 1.888919e+01
      vertex   1.085608e+02 2.016798e+00 1.888919e+01
      vertex   1.085152e+02 1.937907e+00 1.819725e+01
    endloop
  endfacet
  facet normal 5.204891e-01 8.438413e-01 -1.304719e-01
    outer loop
      vertex   1.076756e+02 2.562763e+00 1.888919e+01
      vertex   1.085152e+02 1.937907e+00 1.819725e+01
      vertex   1.076256e+02 2.486654e+00 1.819725e+01
    endloop
  endfacet
  facet normal 2.889953e-01 5.359754e-01 -7.932289e-01
    outer loop
      vertex   1.102057e+02 4.865892e+00 2.405322e+01
      vertex   1.107041e+02 3.968346e+00 2.362836e+01
      vertex   1.099288e+02 4.386383e+00 2.362836e+01
    endloop
  endfacet
  facet normal 3.207091e-01 5.947922e-01 -7.371349e-01
    outer loop
      vertex   1.099288e+02 4.386383e+00 2.362836e+01
      vertex   1.107041e+02 3.968346e+00 2.362836e+01
      vertex   1.104732e+02 3.508524e+00 2.315685e+01
    endloop
  endfacet
  facet normal 3.207091e-01 5.947922e-01 -7.371349e-01
    outer loop
      vertex   1.099288e+02 4.386383e+00 2.362836e+01
      vertex   1.104732e+02 3.508524e+00 2.315685e+01
      vertex   1.096716e+02 3.940766e+00 2.315685e+01
    endloop
  endfacet
  facet normal 3.499797e-01 6.490779e-01 -6.754348e-01
    outer loop
      vertex   1.096716e+02 3.940766e+00 2.315685e+01
      vertex   1.104732e+02 3.508524e+00 2.315685e+01
      vertex   1.102616e+02 3.087175e+00 2.264230e+01
    endloop
  endfacet
  facet normal 3.499797e-01 6.490779e-01 -6.754348e-01
    outer loop
      vertex   1.096716e+02 3.940766e+00 2.315685e+01
      vertex   1.102616e+02 3.087175e+00 2.264230e+01
      vertex   1.094358e+02 3.532434e+00 2.264230e+01
    endloop
  endfacet
  facet normal 3.765848e-01 6.984202e-01 -6.085993e-01
    outer loop
      vertex   1.094358e+02 3.532434e+00 2.264230e+01
      vertex   1.102616e+02 3.087175e+00 2.264230e+01
      vertex   1.100709e+02 2.707506e+00 2.208861e+01
    endloop
  endfacet
  facet normal 3.765848e-01 6.984202e-01 -6.085993e-01
    outer loop
      vertex   1.094358e+02 3.532434e+00 2.264230e+01
      vertex   1.100709e+02 2.707506e+00 2.208861e+01
      vertex   1.092234e+02 3.164494e+00 2.208861e+01
    endloop
  endfacet
  facet normal 4.003228e-01 7.424450e-01 -5.371379e-01
    outer loop
      vertex   1.092234e+02 3.164494e+00 2.208861e+01
      vertex   1.100709e+02 2.707506e+00 2.208861e+01
      vertex   1.099026e+02 2.372405e+00 2.150000e+01
    endloop
  endfacet
  facet normal 4.003228e-01 7.424450e-01 -5.371379e-01
    outer loop
      vertex   1.092234e+02 3.164494e+00 2.208861e+01
      vertex   1.099026e+02 2.372405e+00 2.150000e+01
      vertex   1.090359e+02 2.839746e+00 2.150000e+01
    endloop
  endfacet
  facet normal 4.210136e-01 7.808186e-01 -4.615949e-01
    outer loop
      vertex   1.090359e+02 2.839746e+00 2.150000e+01
      vertex   1.099026e+02 2.372405e+00 2.150000e+01
      vertex   1.097580e+02 2.084424e+00 2.088095e+01
    endloop
  endfacet
  facet normal 4.210136e-01 7.808186e-01 -4.615949e-01
    outer loop
      vertex   1.090359e+02 2.839746e+00 2.150000e+01
      vertex   1.097580e+02 2.084424e+00 2.088095e+01
      vertex   1.088748e+02 2.560661e+00 2.088095e+01
    endloop
  endfacet
  facet normal 4.385007e-01 8.132504e-01 -3.825452e-01
    outer loop
      vertex   1.088748e+02 2.560661e+00 2.088095e+01
      vertex   1.097580e+02 2.084424e+00 2.088095e+01
      vertex   1.096381e+02 1.845754e+00 2.023616e+01
    endloop
  endfacet
  facet normal 4.385007e-01 8.132504e-01 -3.825452e-01
    outer loop
      vertex   1.088748e+02 2.560661e+00 2.088095e+01
      vertex   1.096381e+02 1.845754e+00 2.023616e+01
      vertex   1.087412e+02 2.329365e+00 2.023616e+01
    endloop
  endfacet
  facet normal 4.526517e-01 8.394951e-01 -3.005901e-01
    outer loop
      vertex   1.087412e+02 2.329365e+00 2.023616e+01
      vertex   1.096381e+02 1.845754e+00 2.023616e+01
      vertex   1.095440e+02 1.658211e+00 1.957055e+01
    endloop
  endfacet
  facet normal 4.526517e-01 8.394951e-01 -3.005901e-01
    outer loop
      vertex   1.087412e+02 2.329365e+00 2.023616e+01
      vertex   1.095440e+02 1.658211e+00 1.957055e+01
      vertex   1.086363e+02 2.147616e+00 1.957055e+01
    endloop
  endfacet
  facet normal 4.633596e-01 8.593541e-01 -2.163523e-01
    outer loop
      vertex   1.086363e+02 2.147616e+00 1.957055e+01
      vertex   1.095440e+02 1.658211e+00 1.957055e+01
      vertex   1.094762e+02 1.523223e+00 1.888919e+01
    endloop
  endfacet
  facet normal 4.633596e-01 8.593541e-01 -2.163523e-01
    outer loop
      vertex   1.086363e+02 2.147616e+00 1.957055e+01
      vertex   1.094762e+02 1.523223e+00 1.888919e+01
      vertex   1.085608e+02 2.016798e+00 1.888919e+01
    endloop
  endfacet
  facet normal 4.705435e-01 8.726774e-01 -1.304719e-01
    outer loop
      vertex   1.085608e+02 2.016798e+00 1.888919e+01
      vertex   1.094762e+02 1.523223e+00 1.888919e+01
      vertex   1.094353e+02 1.441817e+00 1.819725e+01
    endloop
  endfacet
  facet normal 4.705435e-01 8.726774e-01 -1.304719e-01
    outer loop
      vertex   1.085608e+02 2.016798e+00 1.888919e+01
      vertex   1.094353e+02 1.441817e+00 1.819725e+01
      vertex   1.085152e+02 1.937907e+00 1.819725e+01
    endloop
  endfacet
  facet normal 2.855824e-01 6.124335e-01 -7.371349e-01
    outer loop
      vertex   1.107041e+02 3.968346e+00 2.362836e+01
      vertex   1.112986e+02 3.123624e+00 2.315685e+01
      vertex   1.104732e+02 3.508524e+00 2.315685e+01
    endloop
  endfacet
  facet normal 3.116470e-01 6.683292e-01 -6.754348e-01
    outer loop
      vertex   1.104732e+02 3.508524e+00 2.315685e+01
      vertex   1.112986e+02 3.123624e+00 2.315685e+01
      vertex   1.111119e+02 2.690684e+00 2.264230e+01
    endloop
  endfacet
  facet normal 3.116470e-01 6.683292e-01 -6.754348e-01
    outer loop
      vertex   1.104732e+02 3.508524e+00 2.315685e+01
      vertex   1.111119e+02 2.690684e+00 2.264230e+01
      vertex   1.102616e+02 3.087175e+00 2.264230e+01
    endloop
  endfacet
  facet normal 3.353382e-01 7.191350e-01 -6.085993e-01
    outer loop
      vertex   1.102616e+02 3.087175e+00 2.264230e+01
      vertex   1.111119e+02 2.690684e+00 2.264230e+01
      vertex   1.109436e+02 2.300570e+00 2.208861e+01
    endloop
  endfacet
  facet normal 3.353382e-01 7.191350e-01 -6.085993e-01
    outer loop
      vertex   1.102616e+02 3.087175e+00 2.264230e+01
      vertex   1.109436e+02 2.300570e+00 2.208861e+01
      vertex   1.100709e+02 2.707506e+00 2.208861e+01
    endloop
  endfacet
  facet normal 3.564762e-01 7.644656e-01 -5.371379e-01
    outer loop
      vertex   1.100709e+02 2.707506e+00 2.208861e+01
      vertex   1.109436e+02 2.300570e+00 2.208861e+01
      vertex   1.107951e+02 1.956251e+00 2.150000e+01
    endloop
  endfacet
  facet normal 3.564762e-01 7.644656e-01 -5.371379e-01
    outer loop
      vertex   1.100709e+02 2.707506e+00 2.208861e+01
      vertex   1.107951e+02 1.956251e+00 2.150000e+01
      vertex   1.099026e+02 2.372405e+00 2.150000e+01
    endloop
  endfacet
  facet normal 3.749008e-01 8.039773e-01 -4.615949e-01
    outer loop
      vertex   1.099026e+02 2.372405e+00 2.150000e+01
      vertex   1.107951e+02 1.956251e+00 2.150000e+01
      vertex   1.106674e+02 1.660348e+00 2.088095e+01
    endloop
  endfacet
  facet normal 3.749008e-01 8.039773e-01 -4.615949e-01
    outer loop
      vertex   1.099026e+02 2.372405e+00 2.150000e+01
      vertex   1.106674e+02 1.660348e+00 2.088095e+01
      vertex   1.097580e+02 2.084424e+00 2.088095e+01
    endloop
  endfacet
  facet normal 3.904725e-01 8.373711e-01 -3.825452e-01
    outer loop
      vertex   1.097580e+02 2.084424e+00 2.088095e+01
      vertex   1.106674e+02 1.660348e+00 2.088095e+01
      vertex   1.105617e+02 1.415112e+00 2.023616e+01
    endloop
  endfacet
  facet normal 3.904725e-01 8.373711e-01 -3.825452e-01
    outer loop
      vertex   1.097580e+02 2.084424e+00 2.088095e+01
      vertex   1.105617e+02 1.415112e+00 2.023616e+01
      vertex   1.096381e+02 1.845754e+00 2.023616e+01
    endloop
  endfacet
  facet normal 4.030736e-01 8.643942e-01 -3.005901e-01
    outer loop
      vertex   1.096381e+02 1.845754e+00 2.023616e+01
      vertex   1.105617e+02 1.415112e+00 2.023616e+01
      vertex   1.104785e+02 1.222410e+00 1.957055e+01
    endloop
  endfacet
  facet normal 4.030736e-01 8.643942e-01 -3.005901e-01
    outer loop
      vertex   1.096381e+02 1.845754e+00 2.023616e+01
      vertex   1.104785e+02 1.222410e+00 1.957055e+01
      vertex   1.095440e+02 1.658211e+00 1.957055e+01
    endloop
  endfacet
  facet normal 4.126087e-01 8.848422e-01 -2.163523e-01
    outer loop
      vertex   1.095440e+02 1.658211e+00 1.957055e+01
      vertex   1.104785e+02 1.222410e+00 1.957055e+01
      vertex   1.104187e+02 1.083708e+00 1.888919e+01
    endloop
  endfacet
  facet normal 4.126087e-01 8.848422e-01 -2.163523e-01
    outer loop
      vertex   1.095440e+02 1.658211e+00 1.957055e+01
      vertex   1.104187e+02 1.083708e+00 1.888919e+01
      vertex   1.094762e+02 1.523223e+00 1.888919e+01
    endloop
  endfacet
  facet normal 4.190057e-01 8.985607e-01 -1.304719e-01
    outer loop
      vertex   1.094762e+02 1.523223e+00 1.888919e+01
      vertex   1.104187e+02 1.083708e+00 1.888919e+01
      vertex   1.103826e+02 1.000063e+00 1.819725e+01
    endloop
  endfacet
  facet normal 4.190057e-01 8.985607e-01 -1.304719e-01
    outer loop
      vertex   1.094762e+02 1.523223e+00 1.888919e+01
      vertex   1.103826e+02 1.000063e+00 1.819725e+01
      vertex   1.094353e+02 1.441817e+00 1.819725e+01
    endloop
  endfacet
  facet normal 7.994307e-02 2.012288e-01 -9.762766e-01
    outer loop
      vertex   1.133716e+02 6.157391e+00 2.522741e+01
      vertex   1.127191e+02 6.416624e+00 2.522741e+01
      vertex   1.129890e+02 7.042267e+00 2.537846e+01
    endloop
  endfacet
  facet normal 7.994307e-02 2.012288e-01 -9.762766e-01
    outer loop
      vertex   1.136047e+02 6.797667e+00 2.537846e+01
      vertex   1.133716e+02 6.157391e+00 2.522741e+01
      vertex   1.129890e+02 7.042267e+00 2.537846e+01
    endloop
  endfacet
  facet normal 2.722599e-01 6.853192e-01 -6.754348e-01
    outer loop
      vertex   1.112986e+02 3.123624e+00 2.315685e+01
      vertex   1.119838e+02 2.344303e+00 2.264230e+01
      vertex   1.111119e+02 2.690684e+00 2.264230e+01
    endloop
  endfacet
  facet normal 2.929569e-01 7.374166e-01 -6.085993e-01
    outer loop
      vertex   1.111119e+02 2.690684e+00 2.264230e+01
      vertex   1.119838e+02 2.344303e+00 2.264230e+01
      vertex   1.118385e+02 1.945065e+00 2.208861e+01
    endloop
  endfacet
  facet normal 2.929569e-01 7.374166e-01 -6.085993e-01
    outer loop
      vertex   1.111119e+02 2.690684e+00 2.264230e+01
      vertex   1.118385e+02 1.945065e+00 2.208861e+01
      vertex   1.109436e+02 2.300570e+00 2.208861e+01
    endloop
  endfacet
  facet normal 3.114233e-01 7.838995e-01 -5.371379e-01
    outer loop
      vertex   1.109436e+02 2.300570e+00 2.208861e+01
      vertex   1.118385e+02 1.945065e+00 2.208861e+01
      vertex   1.117102e+02 1.592692e+00 2.150000e+01
    endloop
  endfacet
  facet normal 3.114233e-01 7.838995e-01 -5.371379e-01
    outer loop
      vertex   1.109436e+02 2.300570e+00 2.208861e+01
      vertex   1.117102e+02 1.592692e+00 2.150000e+01
      vertex   1.107951e+02 1.956251e+00 2.150000e+01
    endloop
  endfacet
  facet normal 3.275194e-01 8.244157e-01 -4.615949e-01
    outer loop
      vertex   1.107951e+02 1.956251e+00 2.150000e+01
      vertex   1.117102e+02 1.592692e+00 2.150000e+01
      vertex   1.116000e+02 1.289868e+00 2.088095e+01
    endloop
  endfacet
  facet normal 3.275194e-01 8.244157e-01 -4.615949e-01
    outer loop
      vertex   1.107951e+02 1.956251e+00 2.150000e+01
      vertex   1.116000e+02 1.289868e+00 2.088095e+01
      vertex   1.106674e+02 1.660348e+00 2.088095e+01
    endloop
  endfacet
  facet normal 3.411231e-01 8.586583e-01 -3.825452e-01
    outer loop
      vertex   1.106674e+02 1.660348e+00 2.088095e+01
      vertex   1.116000e+02 1.289868e+00 2.088095e+01
      vertex   1.115086e+02 1.038896e+00 2.023616e+01
    endloop
  endfacet
  facet normal 3.411231e-01 8.586583e-01 -3.825452e-01
    outer loop
      vertex   1.106674e+02 1.660348e+00 2.088095e+01
      vertex   1.115086e+02 1.038896e+00 2.023616e+01
      vertex   1.105617e+02 1.415112e+00 2.023616e+01
    endloop
  endfacet
  facet normal 3.521316e-01 8.863684e-01 -3.005901e-01
    outer loop
      vertex   1.105617e+02 1.415112e+00 2.023616e+01
      vertex   1.115086e+02 1.038896e+00 2.023616e+01
      vertex   1.114369e+02 8.416868e-01 1.957055e+01
    endloop
  endfacet
  facet normal 3.521316e-01 8.863684e-01 -3.005901e-01
    outer loop
      vertex   1.105617e+02 1.415112e+00 2.023616e+01
      vertex   1.114369e+02 8.416868e-01 1.957055e+01
      vertex   1.104785e+02 1.222410e+00 1.957055e+01
    endloop
  endfacet
  facet normal 3.604616e-01 9.073363e-01 -2.163523e-01
    outer loop
      vertex   1.104785e+02 1.222410e+00 1.957055e+01
      vertex   1.114369e+02 8.416868e-01 1.957055e+01
      vertex   1.113852e+02 6.997412e-01 1.888919e+01
    endloop
  endfacet
  facet normal 3.604616e-01 9.073363e-01 -2.163523e-01
    outer loop
      vertex   1.104785e+02 1.222410e+00 1.957055e+01
      vertex   1.113852e+02 6.997412e-01 1.888919e+01
      vertex   1.104187e+02 1.083708e+00 1.888919e+01
    endloop
  endfacet
  facet normal 3.660502e-01 9.214035e-01 -1.304719e-01
    outer loop
      vertex   1.104187e+02 1.083708e+00 1.888919e+01
      vertex   1.113852e+02 6.997412e-01 1.888919e+01
      vertex   1.113540e+02 6.141393e-01 1.819725e+01
    endloop
  endfacet
  facet normal 3.660502e-01 9.214035e-01 -1.304719e-01
    outer loop
      vertex   1.104187e+02 1.083708e+00 1.888919e+01
      vertex   1.113540e+02 6.141393e-01 1.819725e+01
      vertex   1.103826e+02 1.000063e+00 1.819725e+01
    endloop
  endfacet
  facet normal 2.495843e-01 7.532029e-01 -6.085993e-01
    outer loop
      vertex   1.119838e+02 2.344303e+00 2.264230e+01
      vertex   1.127525e+02 1.642192e+00 2.208861e+01
      vertex   1.118385e+02 1.945065e+00 2.208861e+01
    endloop
  endfacet
  facet normal 2.653168e-01 8.006809e-01 -5.371379e-01
    outer loop
      vertex   1.118385e+02 1.945065e+00 2.208861e+01
      vertex   1.127525e+02 1.642192e+00 2.208861e+01
      vertex   1.126449e+02 1.282959e+00 2.150000e+01
    endloop
  endfacet
  facet normal 2.653168e-01 8.006809e-01 -5.371379e-01
    outer loop
      vertex   1.118385e+02 1.945065e+00 2.208861e+01
      vertex   1.126449e+02 1.282959e+00 2.150000e+01
      vertex   1.117102e+02 1.592692e+00 2.150000e+01
    endloop
  endfacet
  facet normal 2.790298e-01 8.420644e-01 -4.615949e-01
    outer loop
      vertex   1.117102e+02 1.592692e+00 2.150000e+01
      vertex   1.126449e+02 1.282959e+00 2.150000e+01
      vertex   1.125525e+02 9.742380e-01 2.088095e+01
    endloop
  endfacet
  facet normal 2.790298e-01 8.420644e-01 -4.615949e-01
    outer loop
      vertex   1.117102e+02 1.592692e+00 2.150000e+01
      vertex   1.125525e+02 9.742380e-01 2.088095e+01
      vertex   1.116000e+02 1.289868e+00 2.088095e+01
    endloop
  endfacet
  facet normal 2.906195e-01 8.770402e-01 -3.825452e-01
    outer loop
      vertex   1.116000e+02 1.289868e+00 2.088095e+01
      vertex   1.125525e+02 9.742380e-01 2.088095e+01
      vertex   1.124759e+02 7.183795e-01 2.023616e+01
    endloop
  endfacet
  facet normal 2.906195e-01 8.770402e-01 -3.825452e-01
    outer loop
      vertex   1.116000e+02 1.289868e+00 2.088095e+01
      vertex   1.124759e+02 7.183795e-01 2.023616e+01
      vertex   1.115086e+02 1.038896e+00 2.023616e+01
    endloop
  endfacet
  facet normal 2.999981e-01 9.053434e-01 -3.005901e-01
    outer loop
      vertex   1.115086e+02 1.038896e+00 2.023616e+01
      vertex   1.124759e+02 7.183795e-01 2.023616e+01
      vertex   1.124157e+02 5.173304e-01 1.957055e+01
    endloop
  endfacet
  facet normal 2.999981e-01 9.053434e-01 -3.005901e-01
    outer loop
      vertex   1.115086e+02 1.038896e+00 2.023616e+01
      vertex   1.124157e+02 5.173304e-01 1.957055e+01
      vertex   1.114369e+02 8.416868e-01 1.957055e+01
    endloop
  endfacet
  facet normal 3.070949e-01 9.267602e-01 -2.163523e-01
    outer loop
      vertex   1.114369e+02 8.416868e-01 1.957055e+01
      vertex   1.124157e+02 5.173304e-01 1.957055e+01
      vertex   1.123724e+02 3.726209e-01 1.888919e+01
    endloop
  endfacet
  facet normal 3.070949e-01 9.267602e-01 -2.163523e-01
    outer loop
      vertex   1.114369e+02 8.416868e-01 1.957055e+01
      vertex   1.123724e+02 3.726209e-01 1.888919e+01
      vertex   1.113852e+02 6.997412e-01 1.888919e+01
    endloop
  endfacet
  facet normal 3.118560e-01 9.411285e-01 -1.304719e-01
    outer loop
      vertex   1.113852e+02 6.997412e-01 1.888919e+01
      vertex   1.123724e+02 3.726209e-01 1.888919e+01
      vertex   1.123463e+02 2.853523e-01 1.819725e+01
    endloop
  endfacet
  facet normal 3.118560e-01 9.411285e-01 -1.304719e-01
    outer loop
      vertex   1.113852e+02 6.997412e-01 1.888919e+01
      vertex   1.123463e+02 2.853523e-01 1.819725e+01
      vertex   1.113540e+02 6.141393e-01 1.819725e+01
    endloop
  endfacet
  facet normal 5.604129e-02 2.091489e-01 -9.762766e-01
    outer loop
      vertex   1.147163e+02 5.754811e+00 2.522741e+01
      vertex   1.140381e+02 5.936537e+00 2.522741e+01
      vertex   1.142335e+02 6.589280e+00 2.537846e+01
    endloop
  endfacet
  facet normal 3.379672e-02 1.261311e-01 -9.914377e-01
    outer loop
      vertex   1.142335e+02 6.589280e+00 2.537846e+01
      vertex   1.144320e+02 7.252151e+00 2.546956e+01
      vertex   1.148735e+02 6.417812e+00 2.537846e+01
    endloop
  endfacet
  facet normal 3.379672e-02 1.261311e-01 -9.914377e-01
    outer loop
      vertex   1.148735e+02 6.417812e+00 2.537846e+01
      vertex   1.144320e+02 7.252151e+00 2.546956e+01
      vertex   1.150330e+02 7.091100e+00 2.546956e+01
    endloop
  endfacet
  facet normal 2.640567e-02 1.278828e-01 -9.914377e-01
    outer loop
      vertex   1.148735e+02 6.417812e+00 2.537846e+01
      vertex   1.150330e+02 7.091100e+00 2.546956e+01
      vertex   1.155223e+02 6.283842e+00 2.537846e+01
    endloop
  endfacet
  facet normal 2.640567e-02 1.278828e-01 -9.914377e-01
    outer loop
      vertex   1.155223e+02 6.283842e+00 2.537846e+01
      vertex   1.150330e+02 7.091100e+00 2.546956e+01
      vertex   1.156424e+02 6.965269e+00 2.546956e+01
    endloop
  endfacet
  facet normal 1.892527e-02 1.292018e-01 -9.914377e-01
    outer loop
      vertex   1.155223e+02 6.283842e+00 2.537846e+01
      vertex   1.156424e+02 6.965269e+00 2.546956e+01
      vertex   1.161778e+02 6.187824e+00 2.537846e+01
    endloop
  endfacet
  facet normal 1.892527e-02 1.292018e-01 -9.914377e-01
    outer loop
      vertex   1.161778e+02 6.187824e+00 2.537846e+01
      vertex   1.156424e+02 6.965269e+00 2.546956e+01
      vertex   1.162581e+02 6.875085e+00 2.546956e+01
    endloop
  endfacet
  facet normal 1.138084e-02 1.300836e-01 -9.914377e-01
    outer loop
      vertex   1.161778e+02 6.187824e+00 2.537846e+01
      vertex   1.162581e+02 6.875085e+00 2.546956e+01
      vertex   1.168378e+02 6.130083e+00 2.537846e+01
    endloop
  endfacet
  facet normal 1.138084e-02 1.300836e-01 -9.914377e-01
    outer loop
      vertex   1.168378e+02 6.130083e+00 2.537846e+01
      vertex   1.162581e+02 6.875085e+00 2.546956e+01
      vertex   1.168780e+02 6.820852e+00 2.546956e+01
    endloop
  endfacet
  facet normal 2.183124e-01 8.147531e-01 -5.371379e-01
    outer loop
      vertex   1.127525e+02 1.642192e+00 2.208861e+01
      vertex   1.135961e+02 1.028099e+00 2.150000e+01
      vertex   1.126449e+02 1.282959e+00 2.150000e+01
    endloop
  endfacet
  facet normal 2.295960e-01 8.568639e-01 -4.615949e-01
    outer loop
      vertex   1.126449e+02 1.282959e+00 2.150000e+01
      vertex   1.135961e+02 1.028099e+00 2.150000e+01
      vertex   1.135218e+02 7.145261e-01 2.088095e+01
    endloop
  endfacet
  facet normal 2.295960e-01 8.568639e-01 -4.615949e-01
    outer loop
      vertex   1.126449e+02 1.282959e+00 2.150000e+01
      vertex   1.135218e+02 7.145261e-01 2.088095e+01
      vertex   1.125525e+02 9.742380e-01 2.088095e+01
    endloop
  endfacet
  facet normal 2.391324e-01 8.924544e-01 -3.825452e-01
    outer loop
      vertex   1.125525e+02 9.742380e-01 2.088095e+01
      vertex   1.135218e+02 7.145261e-01 2.088095e+01
      vertex   1.134602e+02 4.546466e-01 2.023616e+01
    endloop
  endfacet
  facet normal 2.391324e-01 8.924544e-01 -3.825452e-01
    outer loop
      vertex   1.125525e+02 9.742380e-01 2.088095e+01
      vertex   1.134602e+02 4.546466e-01 2.023616e+01
      vertex   1.124759e+02 7.183795e-01 2.023616e+01
    endloop
  endfacet
  facet normal 2.468496e-01 9.212551e-01 -3.005901e-01
    outer loop
      vertex   1.124759e+02 7.183795e-01 2.023616e+01
      vertex   1.134602e+02 4.546466e-01 2.023616e+01
      vertex   1.134118e+02 2.504379e-01 1.957055e+01
    endloop
  endfacet
  facet normal 2.468496e-01 9.212551e-01 -3.005901e-01
    outer loop
      vertex   1.124759e+02 7.183795e-01 2.023616e+01
      vertex   1.134118e+02 2.504379e-01 1.957055e+01
      vertex   1.124157e+02 5.173304e-01 1.957055e+01
    endloop
  endfacet
  facet normal 2.526890e-01 9.430482e-01 -2.163523e-01
    outer loop
      vertex   1.124157e+02 5.173304e-01 1.957055e+01
      vertex   1.134118e+02 2.504379e-01 1.957055e+01
      vertex   1.133769e+02 1.034542e-01 1.888919e+01
    endloop
  endfacet
  facet normal 2.526890e-01 9.430482e-01 -2.163523e-01
    outer loop
      vertex   1.124157e+02 5.173304e-01 1.957055e+01
      vertex   1.133769e+02 1.034542e-01 1.888919e+01
      vertex   1.123724e+02 3.726209e-01 1.888919e+01
    endloop
  endfacet
  facet normal 2.566067e-01 9.576691e-01 -1.304719e-01
    outer loop
      vertex   1.123724e+02 3.726209e-01 1.888919e+01
      vertex   1.133769e+02 1.034542e-01 1.888919e+01
      vertex   1.133559e+02 1.481417e-02 1.819725e+01
    endloop
  endfacet
  facet normal 2.566067e-01 9.576691e-01 -1.304719e-01
    outer loop
      vertex   1.123724e+02 3.726209e-01 1.888919e+01
      vertex   1.133559e+02 1.481417e-02 1.819725e+01
      vertex   1.123463e+02 2.853523e-01 1.819725e+01
    endloop
  endfacet
  facet normal 4.378555e-02 2.120536e-01 -9.762766e-01
    outer loop
      vertex   1.154040e+02 5.612826e+00 2.522741e+01
      vertex   1.147163e+02 5.754811e+00 2.522741e+01
      vertex   1.148735e+02 6.417812e+00 2.537846e+01
    endloop
  endfacet
  facet normal 5.604129e-02 2.091489e-01 -9.762766e-01
    outer loop
      vertex   1.148735e+02 6.417812e+00 2.537846e+01
      vertex   1.147163e+02 5.754811e+00 2.522741e+01
      vertex   1.142335e+02 6.589280e+00 2.537846e+01
    endloop
  endfacet
  facet normal 4.378555e-02 2.120536e-01 -9.762766e-01
    outer loop
      vertex   1.154040e+02 5.612826e+00 2.522741e+01
      vertex   1.148735e+02 6.417812e+00 2.537846e+01
      vertex   1.155223e+02 6.283842e+00 2.537846e+01
    endloop
  endfacet
  facet normal 1.793854e-01 8.687641e-01 -4.615949e-01
    outer loop
      vertex   1.135961e+02 1.028099e+00 2.150000e+01
      vertex   1.145045e+02 5.116110e-01 2.088095e+01
      vertex   1.135218e+02 7.145261e-01 2.088095e+01
    endloop
  endfacet
  facet normal 1.868362e-01 9.048488e-01 -3.825452e-01
    outer loop
      vertex   1.135218e+02 7.145261e-01 2.088095e+01
      vertex   1.145045e+02 5.116110e-01 2.088095e+01
      vertex   1.144581e+02 2.485898e-01 2.023616e+01
    endloop
  endfacet
  facet normal 1.868362e-01 9.048488e-01 -3.825452e-01
    outer loop
      vertex   1.135218e+02 7.145261e-01 2.088095e+01
      vertex   1.144581e+02 2.485898e-01 2.023616e+01
      vertex   1.134602e+02 4.546466e-01 2.023616e+01
    endloop
  endfacet
  facet normal 1.928657e-01 9.340495e-01 -3.005901e-01
    outer loop
      vertex   1.134602e+02 4.546466e-01 2.023616e+01
      vertex   1.144581e+02 2.485898e-01 2.023616e+01
      vertex   1.144217e+02 4.191253e-02 1.957055e+01
    endloop
  endfacet
  facet normal 1.928657e-01 9.340495e-01 -3.005901e-01
    outer loop
      vertex   1.134602e+02 4.546466e-01 2.023616e+01
      vertex   1.144217e+02 4.191253e-02 1.957055e+01
      vertex   1.134118e+02 2.504379e-01 1.957055e+01
    endloop
  endfacet
  facet normal 1.974281e-01 9.561453e-01 -2.163523e-01
    outer loop
      vertex   1.134118e+02 2.504379e-01 1.957055e+01
      vertex   1.144217e+02 4.191253e-02 1.957055e+01
      vertex   1.143954e+02 -1.068480e-01 1.888919e+01
    endloop
  endfacet
  facet normal 1.974281e-01 9.561453e-01 -2.163523e-01
    outer loop
      vertex   1.134118e+02 2.504379e-01 1.957055e+01
      vertex   1.143954e+02 -1.068480e-01 1.888919e+01
      vertex   1.133769e+02 1.034542e-01 1.888919e+01
    endloop
  endfacet
  facet normal 2.004890e-01 9.709692e-01 -1.304719e-01
    outer loop
      vertex   1.133769e+02 1.034542e-01 1.888919e+01
      vertex   1.143954e+02 -1.068480e-01 1.888919e+01
      vertex   1.143796e+02 -1.965596e-01 1.819725e+01
    endloop
  endfacet
  facet normal 2.004890e-01 9.709692e-01 -1.304719e-01
    outer loop
      vertex   1.133769e+02 1.034542e-01 1.888919e+01
      vertex   1.143796e+02 -1.965596e-01 1.819725e+01
      vertex   1.133559e+02 1.481417e-02 1.819725e+01
    endloop
  endfacet
  facet normal 3.138165e-02 2.142408e-01 -9.762766e-01
    outer loop
      vertex   1.160987e+02 5.511064e+00 2.522741e+01
      vertex   1.154040e+02 5.612826e+00 2.522741e+01
      vertex   1.155223e+02 6.283842e+00 2.537846e+01
    endloop
  endfacet
  facet normal 3.138165e-02 2.142408e-01 -9.762766e-01
    outer loop
      vertex   1.160987e+02 5.511064e+00 2.522741e+01
      vertex   1.155223e+02 6.283842e+00 2.537846e+01
      vertex   1.161778e+02 6.187824e+00 2.537846e+01
    endloop
  endfacet
  facet normal 1.339079e-01 9.141815e-01 -3.825452e-01
    outer loop
      vertex   1.145045e+02 5.116110e-01 2.088095e+01
      vertex   1.154663e+02 1.009064e-01 2.023616e+01
      vertex   1.144581e+02 2.485898e-01 2.023616e+01
    endloop
  endfacet
  facet normal 1.382293e-01 9.436834e-01 -3.005901e-01
    outer loop
      vertex   1.144581e+02 2.485898e-01 2.023616e+01
      vertex   1.154663e+02 1.009064e-01 2.023616e+01
      vertex   1.154420e+02 -1.075402e-01 1.957055e+01
    endloop
  endfacet
  facet normal 1.382293e-01 9.436834e-01 -3.005901e-01
    outer loop
      vertex   1.144581e+02 2.485898e-01 2.023616e+01
      vertex   1.154420e+02 -1.075402e-01 1.957055e+01
      vertex   1.144217e+02 4.191253e-02 1.957055e+01
    endloop
  endfacet
  facet normal 1.414992e-01 9.660071e-01 -2.163523e-01
    outer loop
      vertex   1.144217e+02 4.191253e-02 1.957055e+01
      vertex   1.154420e+02 -1.075402e-01 1.957055e+01
      vertex   1.154244e+02 -2.575743e-01 1.888919e+01
    endloop
  endfacet
  facet normal 1.414992e-01 9.660071e-01 -2.163523e-01
    outer loop
      vertex   1.144217e+02 4.191253e-02 1.957055e+01
      vertex   1.154244e+02 -2.575743e-01 1.888919e+01
      vertex   1.143954e+02 -1.068480e-01 1.888919e+01
    endloop
  endfacet
  facet normal 1.436930e-01 9.809839e-01 -1.304719e-01
    outer loop
      vertex   1.143954e+02 -1.068480e-01 1.888919e+01
      vertex   1.154244e+02 -2.575743e-01 1.888919e+01
      vertex   1.154139e+02 -3.480539e-01 1.819725e+01
    endloop
  endfacet
  facet normal 1.436930e-01 9.809839e-01 -1.304719e-01
    outer loop
      vertex   1.143954e+02 -1.068480e-01 1.888919e+01
      vertex   1.154139e+02 -3.480539e-01 1.819725e+01
      vertex   1.143796e+02 -1.965596e-01 1.819725e+01
    endloop
  endfacet
  facet normal 1.887156e-02 2.157030e-01 -9.762766e-01
    outer loop
      vertex   1.167982e+02 5.449869e+00 2.522741e+01
      vertex   1.160987e+02 5.511064e+00 2.522741e+01
      vertex   1.161778e+02 6.187824e+00 2.537846e+01
    endloop
  endfacet
  facet normal 1.887156e-02 2.157030e-01 -9.762766e-01
    outer loop
      vertex   1.167982e+02 5.449869e+00 2.522741e+01
      vertex   1.161778e+02 6.187824e+00 2.537846e+01
      vertex   1.168378e+02 6.130083e+00 2.537846e+01
    endloop
  endfacet
  facet normal 8.312509e-02 9.501241e-01 -3.005901e-01
    outer loop
      vertex   1.154663e+02 1.009064e-01 2.023616e+01
      vertex   1.164692e+02 -1.974146e-01 1.957055e+01
      vertex   1.154420e+02 -1.075402e-01 1.957055e+01
    endloop
  endfacet
  facet normal 8.509149e-02 9.726002e-01 -2.163523e-01
    outer loop
      vertex   1.154420e+02 -1.075402e-01 1.957055e+01
      vertex   1.164692e+02 -1.974146e-01 1.957055e+01
      vertex   1.164605e+02 -3.482145e-01 1.888919e+01
    endloop
  endfacet
  facet normal 8.509149e-02 9.726002e-01 -2.163523e-01
    outer loop
      vertex   1.154420e+02 -1.075402e-01 1.957055e+01
      vertex   1.164605e+02 -3.482145e-01 1.888919e+01
      vertex   1.154244e+02 -2.575743e-01 1.888919e+01
    endloop
  endfacet
  facet normal 8.641074e-02 9.876792e-01 -1.304719e-01
    outer loop
      vertex   1.154244e+02 -2.575743e-01 1.888919e+01
      vertex   1.164605e+02 -3.482145e-01 1.888919e+01
      vertex   1.164552e+02 -4.391559e-01 1.819725e+01
    endloop
  endfacet
  facet normal 8.641074e-02 9.876792e-01 -1.304719e-01
    outer loop
      vertex   1.154244e+02 -2.575743e-01 1.888919e+01
      vertex   1.164552e+02 -4.391559e-01 1.819725e+01
      vertex   1.154139e+02 -3.480539e-01 1.819725e+01
    endloop
  endfacet
  facet normal 9.995770e-01 2.908472e-02 -0.000000e+00
    outer loop
      vertex   9.950000e+01 1.750000e+01 1.050000e+01
      vertex   9.950000e+01 1.750000e+01 1.750000e+01
      vertex   9.953045e+01 1.645339e+01 1.050000e+01
    endloop
  endfacet
  facet normal 9.995770e-01 2.908472e-02 -1.476138e-17
    outer loop
      vertex   9.953045e+01 1.645339e+01 1.050000e+01
      vertex   9.950000e+01 1.750000e+01 1.750000e+01
      vertex   9.953045e+01 1.645339e+01 1.750000e+01
    endloop
  endfacet
  facet normal 9.961947e-01 8.715574e-02 -4.423420e-17
    outer loop
      vertex   9.953045e+01 1.645339e+01 1.050000e+01
      vertex   9.953045e+01 1.645339e+01 1.750000e+01
      vertex   9.962171e+01 1.541033e+01 1.050000e+01
    endloop
  endfacet
  facet normal 9.961947e-01 8.715574e-02 -2.211710e-17
    outer loop
      vertex   9.962171e+01 1.541033e+01 1.050000e+01
      vertex   9.953045e+01 1.645339e+01 1.750000e+01
      vertex   9.962171e+01 1.541033e+01 1.750000e+01
    endloop
  endfacet
  facet normal 9.894416e-01 1.449319e-01 -3.677867e-17
    outer loop
      vertex   9.962171e+01 1.541033e+01 1.050000e+01
      vertex   9.962171e+01 1.541033e+01 1.750000e+01
      vertex   9.977346e+01 1.437433e+01 1.050000e+01
    endloop
  endfacet
  facet normal 9.894416e-01 1.449319e-01 -0.000000e+00
    outer loop
      vertex   9.977346e+01 1.437433e+01 1.050000e+01
      vertex   9.962171e+01 1.541033e+01 1.750000e+01
      vertex   9.977346e+01 1.437433e+01 1.750000e+01
    endloop
  endfacet
  facet normal 9.793406e-01 2.022176e-01 -0.000000e+00
    outer loop
      vertex   9.977346e+01 1.437433e+01 1.050000e+01
      vertex   9.977346e+01 1.437433e+01 1.750000e+01
      vertex   9.998519e+01 1.334891e+01 1.050000e+01
    endloop
  endfacet
  facet normal 9.793406e-01 2.022176e-01 -3.976362e-15
    outer loop
      vertex   9.998519e+01 1.334891e+01 1.050000e+01
      vertex   9.977346e+01 1.437433e+01 1.750000e+01
      vertex   9.998519e+01 1.334891e+01 1.750000e+01
    endloop
  endfacet
  facet normal 9.659258e-01 2.588190e-01 -3.921895e-15
    outer loop
      vertex   9.998519e+01 1.334891e+01 1.050000e+01
      vertex   9.998519e+01 1.334891e+01 1.750000e+01
      vertex   1.002562e+02 1.233754e+01 1.050000e+01
    endloop
  endfacet
  facet normal 9.659258e-01 2.588190e-01 -1.313586e-16
    outer loop
      vertex   1.002562e+02 1.233754e+01 1.050000e+01
      vertex   9.998519e+01 1.334891e+01 1.750000e+01
      vertex   1.002562e+02 1.233754e+01 1.750000e+01
    endloop
  endfacet
  facet normal 9.492426e-01 3.145448e-01 -1.596411e-16
    outer loop
      vertex   1.002562e+02 1.233754e+01 1.050000e+01
      vertex   1.002562e+02 1.233754e+01 1.750000e+01
      vertex   1.005855e+02 1.134364e+01 1.050000e+01
    endloop
  endfacet
  facet normal 9.492426e-01 3.145448e-01 -1.596411e-16
    outer loop
      vertex   1.005855e+02 1.134364e+01 1.050000e+01
      vertex   1.002562e+02 1.233754e+01 1.750000e+01
      vertex   1.005855e+02 1.134364e+01 1.750000e+01
    endloop
  endfacet
  facet normal 9.293475e-01 3.692061e-01 -1.873834e-16
    outer loop
      vertex   1.005855e+02 1.134364e+01 1.050000e+01
      vertex   1.005855e+02 1.134364e+01 1.750000e+01
      vertex   1.009721e+02 1.037056e+01 1.050000e+01
    endloop
  endfacet
  facet normal 9.293475e-01 3.692061e-01 -1.980381e-15
    outer loop
      vertex   1.009721e+02 1.037056e+01 1.050000e+01
      vertex   1.005855e+02 1.134364e+01 1.750000e+01
      vertex   1.009721e+02 1.037056e+01 1.750000e+01
    endloop
  endfacet
  facet normal 9.063078e-01 4.226183e-01 -1.947161e-15
    outer loop
      vertex   1.009721e+02 1.037056e+01 1.050000e+01
      vertex   1.009721e+02 1.037056e+01 1.750000e+01
      vertex   1.014146e+02 9.421615e+00 1.050000e+01
    endloop
  endfacet
  facet normal 9.063078e-01 4.226183e-01 -2.144917e-16
    outer loop
      vertex   1.014146e+02 9.421615e+00 1.050000e+01
      vertex   1.009721e+02 1.037056e+01 1.750000e+01
      vertex   1.014146e+02 9.421615e+00 1.750000e+01
    endloop
  endfacet
  facet normal 8.802014e-01 4.746004e-01 -2.408742e-16
    outer loop
      vertex   1.014146e+02 9.421615e+00 1.050000e+01
      vertex   1.014146e+02 9.421615e+00 1.750000e+01
      vertex   1.019115e+02 8.500000e+00 1.050000e+01
    endloop
  endfacet
  facet normal 8.802014e-01 4.746004e-01 -3.613113e-16
    outer loop
      vertex   1.019115e+02 8.500000e+00 1.050000e+01
      vertex   1.014146e+02 9.421615e+00 1.750000e+01
      vertex   1.019115e+02 8.500000e+00 1.750000e+01
    endloop
  endfacet
  facet normal 8.511167e-01 5.249766e-01 -3.996625e-16
    outer loop
      vertex   1.019115e+02 8.500000e+00 1.050000e+01
      vertex   1.019115e+02 8.500000e+00 1.750000e+01
      vertex   1.024612e+02 7.608838e+00 1.050000e+01
    endloop
  endfacet
  facet normal 8.511167e-01 5.249766e-01 -2.060923e-15
    outer loop
      vertex   1.024612e+02 7.608838e+00 1.050000e+01
      vertex   1.019115e+02 8.500000e+00 1.750000e+01
      vertex   1.024612e+02 7.608838e+00 1.750000e+01
    endloop
  endfacet
  facet normal 8.191520e-01 5.735764e-01 -2.026863e-15
    outer loop
      vertex   1.024612e+02 7.608838e+00 1.050000e+01
      vertex   1.024612e+02 7.608838e+00 1.750000e+01
      vertex   1.030618e+02 6.751145e+00 1.050000e+01
    endloop
  endfacet
  facet normal 8.191520e-01 5.735764e-01 -2.911076e-16
    outer loop
      vertex   1.030618e+02 6.751145e+00 1.050000e+01
      vertex   1.024612e+02 7.608838e+00 1.750000e+01
      vertex   1.030618e+02 6.751145e+00 1.750000e+01
    endloop
  endfacet
  facet normal 7.844157e-01 6.202355e-01 -3.147884e-16
    outer loop
      vertex   1.030618e+02 6.751145e+00 1.050000e+01
      vertex   1.030618e+02 6.751145e+00 1.750000e+01
      vertex   1.037112e+02 5.929823e+00 1.050000e+01
    endloop
  endfacet
  facet normal 7.844157e-01 6.202355e-01 -3.934856e-16
    outer loop
      vertex   1.037112e+02 5.929823e+00 1.050000e+01
      vertex   1.030618e+02 6.751145e+00 1.750000e+01
      vertex   1.037112e+02 5.929823e+00 1.750000e+01
    endloop
  endfacet
  facet normal 7.470251e-01 6.647959e-01 -4.217552e-16
    outer loop
      vertex   1.037112e+02 5.929823e+00 1.050000e+01
      vertex   1.037112e+02 5.929823e+00 1.750000e+01
      vertex   1.044073e+02 5.147651e+00 1.050000e+01
    endloop
  endfacet
  facet normal 7.470251e-01 6.647959e-01 -4.217552e-16
    outer loop
      vertex   1.044073e+02 5.147651e+00 1.050000e+01
      vertex   1.037112e+02 5.929823e+00 1.750000e+01
      vertex   1.044073e+02 5.147651e+00 1.750000e+01
    endloop
  endfacet
  facet normal 7.071068e-01 7.071068e-01 -4.485978e-16
    outer loop
      vertex   1.044073e+02 5.147651e+00 1.050000e+01
      vertex   1.044073e+02 5.147651e+00 1.750000e+01
      vertex   1.051477e+02 4.407274e+00 1.050000e+01
    endloop
  endfacet
  facet normal 7.071068e-01 7.071068e-01 -5.383174e-16
    outer loop
      vertex   1.051477e+02 4.407274e+00 1.050000e+01
      vertex   1.044073e+02 5.147651e+00 1.750000e+01
      vertex   1.051477e+02 4.407274e+00 1.750000e+01
    endloop
  endfacet
  facet normal 6.647959e-01 7.470251e-01 -5.687070e-16
    outer loop
      vertex   1.051477e+02 4.407274e+00 1.050000e+01
      vertex   1.051477e+02 4.407274e+00 1.750000e+01
      vertex   1.059298e+02 3.711200e+00 1.050000e+01
    endloop
  endfacet
  facet normal 6.647959e-01 7.470251e-01 -4.739225e-16
    outer loop
      vertex   1.059298e+02 3.711200e+00 1.050000e+01
      vertex   1.051477e+02 4.407274e+00 1.750000e+01
      vertex   1.059298e+02 3.711200e+00 1.750000e+01
    endloop
  endfacet
  facet normal 6.202355e-01 7.844157e-01 -4.976436e-16
    outer loop
      vertex   1.059298e+02 3.711200e+00 1.050000e+01
      vertex   1.059298e+02 3.711200e+00 1.750000e+01
      vertex   1.067511e+02 3.061783e+00 1.050000e+01
    endloop
  endfacet
  facet normal 6.202355e-01 7.844157e-01 -5.474080e-16
    outer loop
      vertex   1.067511e+02 3.061783e+00 1.050000e+01
      vertex   1.059298e+02 3.711200e+00 1.750000e+01
      vertex   1.067511e+02 3.061783e+00 1.750000e+01
    endloop
  endfacet
  facet normal 5.735764e-01 8.191520e-01 -5.716489e-16
    outer loop
      vertex   1.067511e+02 3.061783e+00 1.050000e+01
      vertex   1.067511e+02 3.061783e+00 1.750000e+01
      vertex   1.076088e+02 2.461219e+00 1.050000e+01
    endloop
  endfacet
  facet normal 5.735764e-01 8.191520e-01 -1.788047e-15
    outer loop
      vertex   1.076088e+02 2.461219e+00 1.050000e+01
      vertex   1.067511e+02 3.061783e+00 1.750000e+01
      vertex   1.076088e+02 2.461219e+00 1.750000e+01
    endloop
  endfacet
  facet normal 5.249766e-01 8.511167e-01 -1.713718e-15
    outer loop
      vertex   1.076088e+02 2.461219e+00 1.050000e+01
      vertex   1.076088e+02 2.461219e+00 1.750000e+01
      vertex   1.085000e+02 1.911543e+00 1.050000e+01
    endloop
  endfacet
  facet normal 5.249766e-01 8.511167e-01 -7.559435e-16
    outer loop
      vertex   1.085000e+02 1.911543e+00 1.050000e+01
      vertex   1.076088e+02 2.461219e+00 1.750000e+01
      vertex   1.085000e+02 1.911543e+00 1.750000e+01
    endloop
  endfacet
  facet normal 4.746004e-01 8.802014e-01 -7.817759e-16
    outer loop
      vertex   1.085000e+02 1.911543e+00 1.050000e+01
      vertex   1.085000e+02 1.911543e+00 1.750000e+01
      vertex   1.094216e+02 1.414612e+00 1.050000e+01
    endloop
  endfacet
  facet normal 4.746004e-01 8.802014e-01 -7.538553e-16
    outer loop
      vertex   1.094216e+02 1.414612e+00 1.050000e+01
      vertex   1.085000e+02 1.911543e+00 1.750000e+01
      vertex   1.094216e+02 1.414612e+00 1.750000e+01
    endloop
  endfacet
  facet normal 4.226183e-01 9.063078e-01 -7.762143e-16
    outer loop
      vertex   1.094216e+02 1.414612e+00 1.050000e+01
      vertex   1.094216e+02 1.414612e+00 1.750000e+01
      vertex   1.103706e+02 9.721101e-01 1.050000e+01
    endloop
  endfacet
  facet normal 4.226183e-01 9.063078e-01 -1.648555e-15
    outer loop
      vertex   1.103706e+02 9.721101e-01 1.050000e+01
      vertex   1.094216e+02 1.414612e+00 1.750000e+01
      vertex   1.103706e+02 9.721101e-01 1.750000e+01
    endloop
  endfacet
  facet normal 3.692061e-01 9.293475e-01 -1.560220e-15
    outer loop
      vertex   1.103706e+02 9.721101e-01 1.050000e+01
      vertex   1.103706e+02 9.721101e-01 1.750000e+01
      vertex   1.113436e+02 5.855328e-01 1.050000e+01
    endloop
  endfacet
  facet normal 3.692061e-01 9.293475e-01 -8.843854e-16
    outer loop
      vertex   1.113436e+02 5.855328e-01 1.050000e+01
      vertex   1.103706e+02 9.721101e-01 1.750000e+01
      vertex   1.113436e+02 5.855328e-01 1.750000e+01
    endloop
  endfacet
  facet normal 3.145448e-01 9.492426e-01 -9.033180e-16
    outer loop
      vertex   1.113436e+02 5.855328e-01 1.050000e+01
      vertex   1.113436e+02 5.855328e-01 1.750000e+01
      vertex   1.123375e+02 2.561888e-01 1.050000e+01
    endloop
  endfacet
  facet normal 3.145448e-01 9.492426e-01 -9.033180e-16
    outer loop
      vertex   1.123375e+02 2.561888e-01 1.050000e+01
      vertex   1.113436e+02 5.855328e-01 1.750000e+01
      vertex   1.123375e+02 2.561888e-01 1.750000e+01
    endloop
  endfacet
  facet normal 2.588190e-01 9.659258e-01 -9.191941e-16
    outer loop
      vertex   1.123375e+02 2.561888e-01 1.050000e+01
      vertex   1.123375e+02 2.561888e-01 1.750000e+01
      vertex   1.133489e+02 -1.480767e-02 1.050000e+01
    endloop
  endfacet
  facet normal 2.588190e-01 9.659258e-01 -1.597827e-15
    outer loop
      vertex   1.133489e+02 -1.480767e-02 1.050000e+01
      vertex   1.123375e+02 2.561888e-01 1.750000e+01
      vertex   1.133489e+02 -1.480767e-02 1.750000e+01
    endloop
  endfacet
  facet normal 2.022176e-01 9.793406e-01 -1.497813e-15
    outer loop
      vertex   1.133489e+02 -1.480767e-02 1.050000e+01
      vertex   1.133489e+02 -1.480767e-02 1.750000e+01
      vertex   1.143743e+02 -2.265396e-01 1.050000e+01
    endloop
  endfacet
  facet normal 2.022176e-01 9.793406e-01 -1.087287e-15
    outer loop
      vertex   1.143743e+02 -2.265396e-01 1.050000e+01
      vertex   1.133489e+02 -1.480767e-02 1.750000e+01
      vertex   1.143743e+02 -2.265396e-01 1.750000e+01
    endloop
  endfacet
  facet normal 1.449319e-01 9.894416e-01 -1.098501e-15
    outer loop
      vertex   1.143743e+02 -2.265396e-01 1.050000e+01
      vertex   1.143743e+02 -2.265396e-01 1.750000e+01
      vertex   1.154103e+02 -3.782904e-01 1.050000e+01
    endloop
  endfacet
  facet normal 1.449319e-01 9.894416e-01 -7.846435e-16
    outer loop
      vertex   1.154103e+02 -3.782904e-01 1.050000e+01
      vertex   1.143743e+02 -2.265396e-01 1.750000e+01
      vertex   1.154103e+02 -3.782904e-01 1.750000e+01
    endloop
  endfacet
  facet normal 8.715574e-02 9.961947e-01 -7.899988e-16
    outer loop
      vertex   1.154103e+02 -3.782904e-01 1.050000e+01
      vertex   1.154103e+02 -3.782904e-01 1.750000e+01
      vertex   1.164534e+02 -4.695468e-01 1.050000e+01
    endloop
  endfacet
  facet normal 8.715574e-02 9.961947e-01 -7.899988e-16
    outer loop
      vertex   1.164534e+02 -4.695468e-01 1.050000e+01
      vertex   1.154103e+02 -3.782904e-01 1.750000e+01
      vertex   1.164534e+02 -4.695468e-01 1.750000e+01
    endloop
  endfacet
  facet normal 2.908472e-02 9.995770e-01 -7.926810e-16
    outer loop
      vertex   1.164534e+02 -4.695468e-01 1.050000e+01
      vertex   1.164534e+02 -4.695468e-01 1.750000e+01
      vertex   1.175000e+02 -5.000000e-01 1.050000e+01
    endloop
  endfacet
  facet normal 2.908472e-02 9.995770e-01 -3.487796e-16
    outer loop
      vertex   1.175000e+02 -5.000000e-01 1.050000e+01
      vertex   1.164534e+02 -4.695468e-01 1.750000e+01
      vertex   1.175000e+02 -5.000000e-01 1.750000e+01
    endloop
  endfacet
  facet normal 4.339263e-02 0.000000e+00 -9.990581e-01
    outer loop
      vertex   1.075000e+02 3.000000e+01 2.550000e+01
      vertex   1.075000e+02 1.750000e+01 2.550000e+01
      vertex   1.068064e+02 3.000000e+01 2.546987e+01
    endloop
  endfacet
  facet normal 4.361939e-02 1.260687e-05 -9.990482e-01
    outer loop
      vertex   1.068064e+02 3.000000e+01 2.546987e+01
      vertex   1.075000e+02 1.750000e+01 2.550000e+01
      vertex   1.068028e+02 1.750000e+01 2.546956e+01
    endloop
  endfacet
  facet normal 1.298511e-01 -1.254099e-05 -9.915335e-01
    outer loop
      vertex   1.068064e+02 3.000000e+01 2.546987e+01
      vertex   1.068028e+02 1.750000e+01 2.546956e+01
      vertex   1.061180e+02 3.000000e+01 2.537972e+01
    endloop
  endfacet
  facet normal 1.305262e-01 2.508198e-05 -9.914449e-01
    outer loop
      vertex   1.061180e+02 3.000000e+01 2.537972e+01
      vertex   1.068028e+02 1.750000e+01 2.546956e+01
      vertex   1.061108e+02 1.750000e+01 2.537846e+01
    endloop
  endfacet
  facet normal 2.153315e-01 -2.495022e-05 -9.765410e-01
    outer loop
      vertex   1.061180e+02 3.000000e+01 2.537972e+01
      vertex   1.061108e+02 1.750000e+01 2.537846e+01
      vertex   1.054400e+02 3.000000e+01 2.523022e+01
    endloop
  endfacet
  facet normal 2.164396e-01 3.742533e-05 -9.762960e-01
    outer loop
      vertex   1.054400e+02 3.000000e+01 2.523022e+01
      vertex   1.061108e+02 1.750000e+01 2.537846e+01
      vertex   1.054294e+02 1.750000e+01 2.522741e+01
    endloop
  endfacet
  facet normal 2.991901e-01 -3.722768e-05 -9.541935e-01
    outer loop
      vertex   1.054400e+02 3.000000e+01 2.523022e+01
      vertex   1.054294e+02 1.750000e+01 2.522741e+01
      vertex   1.047775e+02 3.000000e+01 2.502250e+01
    endloop
  endfacet
  facet normal 3.007058e-01 4.963690e-05 -9.537169e-01
    outer loop
      vertex   1.047775e+02 3.000000e+01 2.502250e+01
      vertex   1.054294e+02 1.750000e+01 2.522741e+01
      vertex   1.047638e+02 1.750000e+01 2.501754e+01
    endloop
  endfacet
  facet normal 3.807953e-01 -4.937336e-05 -9.246593e-01
    outer loop
      vertex   1.047775e+02 3.000000e+01 2.502250e+01
      vertex   1.047638e+02 1.750000e+01 2.501754e+01
      vertex   1.041355e+02 3.000000e+01 2.475812e+01
    endloop
  endfacet
  facet normal 3.826834e-01 6.171670e-05 -9.238795e-01
    outer loop
      vertex   1.041355e+02 3.000000e+01 2.475812e+01
      vertex   1.047638e+02 1.750000e+01 2.501754e+01
      vertex   1.041191e+02 1.750000e+01 2.475046e+01
    endloop
  endfacet
  facet normal 4.595325e-01 -6.138728e-05 -8.881609e-01
    outer loop
      vertex   1.041355e+02 3.000000e+01 2.475812e+01
      vertex   1.041191e+02 1.750000e+01 2.475046e+01
      vertex   1.035189e+02 3.000000e+01 2.443907e+01
    endloop
  endfacet
  facet normal 4.617486e-01 7.366473e-05 -8.870108e-01
    outer loop
      vertex   1.035189e+02 3.000000e+01 2.443907e+01
      vertex   1.041191e+02 1.750000e+01 2.475046e+01
      vertex   1.035000e+02 1.750000e+01 2.442820e+01
    endloop
  endfacet
  facet normal 5.348087e-01 -7.326942e-05 -8.449732e-01
    outer loop
      vertex   1.035189e+02 3.000000e+01 2.443907e+01
      vertex   1.035000e+02 1.750000e+01 2.442820e+01
      vertex   1.029322e+02 3.000000e+01 2.406776e+01
    endloop
  endfacet
  facet normal 5.372996e-01 8.548098e-05 -8.433914e-01
    outer loop
      vertex   1.029322e+02 3.000000e+01 2.406776e+01
      vertex   1.035000e+02 1.750000e+01 2.442820e+01
      vertex   1.029114e+02 1.750000e+01 2.405322e+01
    endloop
  endfacet
  facet normal 6.060568e-01 -8.501978e-05 -7.954214e-01
    outer loop
      vertex   1.029322e+02 3.000000e+01 2.406776e+01
      vertex   1.029114e+02 1.750000e+01 2.405322e+01
      vertex   1.023800e+02 3.000000e+01 2.364699e+01
    endloop
  endfacet
  facet normal 6.087614e-01 9.716545e-05 -7.933533e-01
    outer loop
      vertex   1.023800e+02 3.000000e+01 2.364699e+01
      vertex   1.029114e+02 1.750000e+01 2.405322e+01
      vertex   1.023577e+02 1.750000e+01 2.362836e+01
    endloop
  endfacet
  facet normal 6.727403e-01 -9.663836e-05 -7.398787e-01
    outer loop
      vertex   1.023800e+02 3.000000e+01 2.364699e+01
      vertex   1.023577e+02 1.750000e+01 2.362836e+01
      vertex   1.018663e+02 3.000000e+01 2.317992e+01
    endloop
  endfacet
  facet normal 6.755902e-01 1.087181e-04 -7.372773e-01
    outer loop
      vertex   1.018663e+02 3.000000e+01 2.317992e+01
      vertex   1.023577e+02 1.750000e+01 2.362836e+01
      vertex   1.018431e+02 1.750000e+01 2.315685e+01
    endloop
  endfacet
  facet normal 7.343570e-01 -1.081252e-04 -6.787635e-01
    outer loop
      vertex   1.018663e+02 3.000000e+01 2.317992e+01
      vertex   1.018431e+02 1.750000e+01 2.315685e+01
      vertex   1.013951e+02 3.000000e+01 2.267007e+01
    endloop
  endfacet
  facet normal 7.372773e-01 1.201390e-04 -6.755902e-01
    outer loop
      vertex   1.013951e+02 3.000000e+01 2.267007e+01
      vertex   1.018431e+02 1.750000e+01 2.315685e+01
      vertex   1.013716e+02 1.750000e+01 2.264230e+01
    endloop
  endfacet
  facet normal 7.904427e-01 -1.194802e-04 -6.125360e-01
    outer loop
      vertex   1.013951e+02 3.000000e+01 2.267007e+01
      vertex   1.013716e+02 1.750000e+01 2.264230e+01
      vertex   1.009698e+02 3.000000e+01 2.212128e+01
    endloop
  endfacet
  facet normal 7.933533e-01 1.314282e-04 -6.087614e-01
    outer loop
      vertex   1.009698e+02 3.000000e+01 2.212128e+01
      vertex   1.013716e+02 1.750000e+01 2.264230e+01
      vertex   1.009468e+02 1.750000e+01 2.208861e+01
    endloop
  endfacet
  facet normal 8.405750e-01 -1.307034e-04 -5.416952e-01
    outer loop
      vertex   1.009698e+02 3.000000e+01 2.212128e+01
      vertex   1.009468e+02 1.750000e+01 2.208861e+01
      vertex   1.005937e+02 3.000000e+01 2.153768e+01
    endloop
  endfacet
  facet normal 8.433914e-01 1.425855e-04 -5.372996e-01
    outer loop
      vertex   1.005937e+02 3.000000e+01 2.153768e+01
      vertex   1.009468e+02 1.750000e+01 2.208861e+01
      vertex   1.005718e+02 1.750000e+01 2.150000e+01
    endloop
  endfacet
  facet normal 8.843764e-01 -1.417948e-04 -4.667744e-01
    outer loop
      vertex   1.005937e+02 3.000000e+01 2.153768e+01
      vertex   1.005718e+02 1.750000e+01 2.150000e+01
      vertex   1.002696e+02 3.000000e+01 2.092367e+01
    endloop
  endfacet
  facet normal 8.870108e-01 1.536110e-04 -4.617486e-01
    outer loop
      vertex   1.002696e+02 3.000000e+01 2.092367e+01
      vertex   1.005718e+02 1.750000e+01 2.150000e+01
      vertex   1.002495e+02 1.750000e+01 2.088095e+01
    endloop
  endfacet
  facet normal 9.215170e-01 -1.527545e-04 -3.883381e-01
    outer loop
      vertex   1.002696e+02 3.000000e+01 2.092367e+01
      vertex   1.002495e+02 1.750000e+01 2.088095e+01
      vertex   1.000000e+02 3.000000e+01 2.028388e+01
    endloop
  endfacet
  facet normal 9.238795e-01 1.645048e-04 -3.826834e-01
    outer loop
      vertex   1.000000e+02 3.000000e+01 2.028388e+01
      vertex   1.002495e+02 1.750000e+01 2.088095e+01
      vertex   9.998246e+01 1.750000e+01 2.023616e+01
    endloop
  endfacet
  facet normal 9.452256e-01 -8.025470e-05 -3.264176e-01
    outer loop
      vertex   1.000000e+02 3.000000e+01 2.028388e+01
      vertex   9.998246e+01 1.750000e+01 2.023616e+01
      vertex   9.988340e+01 2.999693e+01 1.994624e+01
    endloop
  endfacet
  facet normal 9.537168e-01 5.835503e-04 -3.007057e-01
    outer loop
      vertex   9.988340e+01 2.999693e+01 1.994624e+01
      vertex   9.998246e+01 1.750000e+01 2.023616e+01
      vertex   9.977259e+01 1.750000e+01 1.957055e+01
    endloop
  endfacet
  facet normal 9.592583e-01 -1.197930e-05 -2.825304e-01
    outer loop
      vertex   9.988340e+01 2.999693e+01 1.994624e+01
      vertex   9.977259e+01 1.750000e+01 1.957055e+01
      vertex   9.978209e+01 2.998954e+01 1.960226e+01
    endloop
  endfacet
  facet normal 9.709547e-01 -1.307194e-04 -2.392632e-01
    outer loop
      vertex   9.978209e+01 2.998954e+01 1.960226e+01
      vertex   9.977259e+01 1.750000e+01 1.957055e+01
      vertex   9.969618e+01 2.997933e+01 1.925363e+01
    endloop
  endfacet
  facet normal 9.762959e-01 4.816129e-04 -2.164396e-01
    outer loop
      vertex   9.969618e+01 2.997933e+01 1.925363e+01
      vertex   9.977259e+01 1.750000e+01 1.957055e+01
      vertex   9.962154e+01 1.750000e+01 1.888919e+01
    endloop
  endfacet
  facet normal 9.805144e-01 -1.274661e-04 -1.964474e-01
    outer loop
      vertex   9.969618e+01 2.997933e+01 1.925363e+01
      vertex   9.962154e+01 1.750000e+01 1.888919e+01
      vertex   9.962573e+01 2.996775e+01 1.890204e+01
    endloop
  endfacet
  facet normal 9.881094e-01 -1.740348e-04 -1.537525e-01
    outer loop
      vertex   9.962573e+01 2.996775e+01 1.890204e+01
      vertex   9.962154e+01 1.750000e+01 1.888919e+01
      vertex   9.957083e+01 2.995623e+01 1.854918e+01
    endloop
  endfacet
  facet normal 9.914448e-01 4.735216e-04 -1.305262e-01
    outer loop
      vertex   9.957083e+01 2.995623e+01 1.854918e+01
      vertex   9.962154e+01 1.750000e+01 1.888919e+01
      vertex   9.953044e+01 1.750000e+01 1.819725e+01
    endloop
  endfacet
  facet normal 9.938390e-01 -9.063808e-05 -1.108335e-01
    outer loop
      vertex   9.957083e+01 2.995623e+01 1.854918e+01
      vertex   9.953044e+01 1.750000e+01 1.819725e+01
      vertex   9.953152e+01 2.994623e+01 1.819676e+01
    endloop
  endfacet
  facet normal 9.977323e-01 -8.928995e-05 -6.730730e-02
    outer loop
      vertex   9.953152e+01 2.994623e+01 1.819676e+01
      vertex   9.953044e+01 1.750000e+01 1.819725e+01
      vertex   9.950789e+01 2.993917e+01 1.784647e+01
    endloop
  endfacet
  facet normal 9.990481e-01 5.810775e-04 -4.361938e-02
    outer loop
      vertex   9.950789e+01 2.993917e+01 1.784647e+01
      vertex   9.953044e+01 1.750000e+01 1.819725e+01
      vertex   9.950000e+01 1.750000e+01 1.750000e+01
    endloop
  endfacet
  facet normal 9.997407e-01 0.000000e+00 -2.277300e-02
    outer loop
      vertex   9.950789e+01 2.993917e+01 1.784647e+01
      vertex   9.950000e+01 1.750000e+01 1.750000e+01
      vertex   9.950000e+01 2.993649e+01 1.750000e+01
    endloop
  endfacet
  facet normal 1.000000e+00 0.000000e+00 -8.344649e-06
    outer loop
      vertex   1.300000e+02 2.000000e+01 2.550000e+01
      vertex   1.300000e+02 2.000000e+01 2.600000e+01
      vertex   1.300000e+02 7.500000e+00 2.550000e+01
    endloop
  endfacet
  facet normal 1.000000e+00 0.000000e+00 -8.344649e-06
    outer loop
      vertex   1.300000e+02 7.500000e+00 2.550000e+01
      vertex   1.300000e+02 2.000000e+01 2.600000e+01
      vertex   1.300000e+02 0.000000e+00 2.600000e+01
    endloop
  endfacet
  facet normal 1.000000e+00 2.194592e-07 -5.052760e-06
    outer loop
      vertex   1.300000e+02 7.500000e+00 2.550000e+01
      vertex   1.300000e+02 0.000000e+00 2.600000e+01
      vertex   1.300000e+02 6.806372e+00 2.546987e+01
    endloop
  endfacet
  facet normal 1.000000e+00 3.843908e-07 -2.935181e-06
    outer loop
      vertex   1.300000e+02 6.806372e+00 2.546987e+01
      vertex   1.300000e+02 0.000000e+00 2.600000e+01
      vertex   1.300000e+02 6.117968e+00 2.537972e+01
    endloop
  endfacet
  facet normal 1.000000e+00 4.671746e-07 -2.118664e-06
    outer loop
      vertex   1.300000e+02 6.117968e+00 2.537972e+01
      vertex   1.300000e+02 0.000000e+00 2.600000e+01
      vertex   1.300000e+02 5.439973e+00 2.523022e+01
    endloop
  endfacet
  facet normal 1.000000e+00 5.284768e-07 -1.685447e-06
    outer loop
      vertex   1.300000e+02 5.439973e+00 2.523022e+01
      vertex   1.300000e+02 0.000000e+00 2.600000e+01
      vertex   1.300000e+02 4.777494e+00 2.502250e+01
    endloop
  endfacet
  facet normal 1.000000e+00 5.834523e-07 -1.416757e-06
    outer loop
      vertex   1.300000e+02 4.777494e+00 2.502250e+01
      vertex   1.300000e+02 0.000000e+00 2.600000e+01
      vertex   1.300000e+02 4.135519e+00 2.475812e+01
    endloop
  endfacet
  facet normal 1.000000e+00 6.383834e-07 -1.233835e-06
    outer loop
      vertex   1.300000e+02 4.135519e+00 2.475812e+01
      vertex   1.300000e+02 0.000000e+00 2.600000e+01
      vertex   1.300000e+02 3.518885e+00 2.443907e+01
    endloop
  endfacet
  facet normal 1.000000e+00 6.971210e-07 -1.101419e-06
    outer loop
      vertex   1.300000e+02 3.518885e+00 2.443907e+01
      vertex   1.300000e+02 0.000000e+00 2.600000e+01
      vertex   1.300000e+02 2.932236e+00 2.406776e+01
    endloop
  endfacet
  facet normal 1.000000e+00 7.630154e-07 -1.001422e-06
    outer loop
      vertex   1.300000e+02 2.932236e+00 2.406776e+01
      vertex   1.300000e+02 0.000000e+00 2.600000e+01
      vertex   1.300000e+02 2.379989e+00 2.364699e+01
    endloop
  endfacet
  facet normal 1.000000e+00 8.398694e-07 -9.236869e-07
    outer loop
      vertex   1.300000e+02 2.379989e+00 2.364699e+01
      vertex   1.300000e+02 0.000000e+00 2.600000e+01
      vertex   1.300000e+02 1.866304e+00 2.317992e+01
    endloop
  endfacet
  facet normal 1.000000e+00 9.328017e-07 -8.621852e-07
    outer loop
      vertex   1.300000e+02 1.866304e+00 2.317992e+01
      vertex   1.300000e+02 0.000000e+00 2.600000e+01
      vertex   1.300000e+02 1.395051e+00 2.267007e+01
    endloop
  endfacet
  facet normal 1.000000e+00 1.049507e-06 -8.132923e-07
    outer loop
      vertex   1.300000e+02 1.395051e+00 2.267007e+01
      vertex   1.300000e+02 0.000000e+00 2.600000e+01
      vertex   1.300000e+02 9.697784e-01 2.212128e+01
    endloop
  endfacet
  facet normal 1.000000e+00 1.202621e-06 -7.750099e-07
    outer loop
      vertex   1.300000e+02 9.697784e-01 2.212128e+01
      vertex   1.300000e+02 0.000000e+00 2.600000e+01
      vertex   1.300000e+02 5.936892e-01 2.153768e+01
    endloop
  endfacet
  facet normal 1.000000e+00 1.414873e-06 -7.467709e-07
    outer loop
      vertex   1.300000e+02 5.936892e-01 2.153768e+01
      vertex   1.300000e+02 0.000000e+00 2.600000e+01
      vertex   1.300000e+02 2.696161e-01 2.092367e+01
    endloop
  endfacet
  facet normal 1.000000e+00 1.732089e-06 -7.299227e-07
    outer loop
      vertex   1.300000e+02 2.696161e-01 2.092367e+01
      vertex   1.300000e+02 0.000000e+00 2.600000e+01
      vertex   1.300000e+02 -1.110223e-15 2.028388e+01
    endloop
  endfacet
  facet normal 7.071066e-01 7.071069e-01 -0.000000e+00
    outer loop
      vertex   1.295000e+02 2.050000e+01 2.050000e+01
      vertex   1.250000e+02 2.500000e+01 2.050000e+01
      vertex   1.295000e+02 2.050000e+01 2.550000e+01
    endloop
  endfacet
  facet normal 7.071066e-01 7.071069e-01 -7.523793e-14
    outer loop
      vertex   1.295000e+02 2.050000e+01 2.550000e+01
      vertex   1.250000e+02 2.500000e+01 2.050000e+01
      vertex   1.299904e+02 2.000963e+01 2.619603e+01
    endloop
  endfacet
  facet normal 7.071066e-01 7.071069e-01 -5.821102e-14
    outer loop
      vertex   1.295000e+02 2.050000e+01 2.550000e+01
      vertex   1.299904e+02 2.000963e+01 2.619603e+01
      vertex   1.300000e+02 2.000000e+01 2.600000e+01
    endloop
  endfacet
  facet normal 7.071066e-01 7.071069e-01 0.000000e+00
    outer loop
      vertex   1.250000e+02 2.500000e+01 2.800000e+01
      vertex   1.280000e+02 2.200000e+01 2.800000e+01
      vertex   1.250000e+02 2.500000e+01 2.050000e+01
    endloop
  endfacet
  facet normal 7.071066e-01 7.071069e-01 -1.092728e-15
    outer loop
      vertex   1.250000e+02 2.500000e+01 2.050000e+01
      vertex   1.280000e+02 2.200000e+01 2.800000e+01
      vertex   1.299616e+02 2.003843e+01 2.639018e+01
    endloop
  endfacet
  facet normal 7.071066e-01 7.071069e-01 1.086548e-13
    outer loop
      vertex   1.250000e+02 2.500000e+01 2.050000e+01
      vertex   1.299616e+02 2.003843e+01 2.639018e+01
      vertex   1.299904e+02 2.000963e+01 2.619603e+01
    endloop
  endfacet
  facet normal 7.071066e-01 7.071069e-01 -1.852219e-15
    outer loop
      vertex   1.280000e+02 2.200000e+01 2.800000e+01
      vertex   1.281960e+02 2.180397e+01 2.799037e+01
      vertex   1.299616e+02 2.003843e+01 2.639018e+01
    endloop
  endfacet
  facet normal 7.071066e-01 7.071069e-01 -1.377776e-13
    outer loop
      vertex   1.299616e+02 2.003843e+01 2.639018e+01
      vertex   1.281960e+02 2.180397e+01 2.799037e+01
      vertex   1.283902e+02 2.160982e+01 2.796157e+01
    endloop
  endfacet
  facet normal 7.071066e-01 7.071069e-01 1.064301e-13
    outer loop
      vertex   1.299616e+02 2.003843e+01 2.639018e+01
      vertex   1.283902e+02 2.160982e+01 2.796157e+01
      vertex   1.285806e+02 2.141943e+01 2.791388e+01
    endloop
  endfacet
  facet normal 7.071066e-01 7.071069e-01 -1.035660e-13
    outer loop
      vertex   1.285806e+02 2.141943e+01 2.791388e+01
      vertex   1.287654e+02 2.123463e+01 2.784776e+01
      vertex   1.299616e+02 2.003843e+01 2.639018e+01
    endloop
  endfacet
  facet normal 7.071066e-01 7.071069e-01 -6.052866e-14
    outer loop
      vertex   1.299616e+02 2.003843e+01 2.639018e+01
      vertex   1.287654e+02 2.123463e+01 2.784776e+01
      vertex   1.289428e+02 2.105721e+01 2.776384e+01
    endloop
  endfacet
  facet normal 7.071066e-01 7.071069e-01 3.177982e-14
    outer loop
      vertex   1.299616e+02 2.003843e+01 2.639018e+01
      vertex   1.289428e+02 2.105721e+01 2.776384e+01
      vertex   1.291111e+02 2.088886e+01 2.766294e+01
    endloop
  endfacet
  facet normal 7.071066e-01 7.071069e-01 -2.326878e-14
    outer loop
      vertex   1.291111e+02 2.088886e+01 2.766294e+01
      vertex   1.292688e+02 2.073121e+01 2.754602e+01
      vertex   1.299616e+02 2.003843e+01 2.639018e+01
    endloop
  endfacet
  facet normal 7.071066e-01 7.071069e-01 -2.965281e-14
    outer loop
      vertex   1.299616e+02 2.003843e+01 2.639018e+01
      vertex   1.292688e+02 2.073121e+01 2.754602e+01
      vertex   1.294142e+02 2.058579e+01 2.741421e+01
    endloop
  endfacet
  facet normal 7.071066e-01 7.071069e-01 -5.989790e-14
    outer loop
      vertex   1.299616e+02 2.003843e+01 2.639018e+01
      vertex   1.294142e+02 2.058579e+01 2.741421e+01
      vertex   1.295460e+02 2.045398e+01 2.726879e+01
    endloop
  endfacet
  facet normal 7.071066e-01 7.071069e-01 -9.387140e-14
    outer loop
      vertex   1.295460e+02 2.045398e+01 2.726879e+01
      vertex   1.296629e+02 2.033706e+01 2.711114e+01
      vertex   1.299616e+02 2.003843e+01 2.639018e+01
    endloop
  endfacet
  facet normal 7.071066e-01 7.071069e-01 -5.196139e-14
    outer loop
      vertex   1.299616e+02 2.003843e+01 2.639018e+01
      vertex   1.296629e+02 2.033706e+01 2.711114e+01
      vertex   1.297638e+02 2.023616e+01 2.694279e+01
    endloop
  endfacet
  facet normal 7.071066e-01 7.071069e-01 2.203157e-13
    outer loop
      vertex   1.299616e+02 2.003843e+01 2.639018e+01
      vertex   1.297638e+02 2.023616e+01 2.694279e+01
      vertex   1.298478e+02 2.015224e+01 2.676537e+01
    endloop
  endfacet
  facet normal 7.071066e-01 7.071069e-01 -5.287171e-13
    outer loop
      vertex   1.298478e+02 2.015224e+01 2.676537e+01
      vertex   1.299139e+02 2.008612e+01 2.658057e+01
      vertex   1.299616e+02 2.003843e+01 2.639018e+01
    endloop
  endfacet
  facet normal 7.071066e-01 7.071069e-01 -3.014749e-14
    outer loop
      vertex   1.300000e+02 2.000000e+01 2.600000e+01
      vertex   1.300000e+02 2.000000e+01 2.550000e+01
      vertex   1.295000e+02 2.050000e+01 2.550000e+01
    endloop
  endfacet
  facet normal 0.000000e+00 1.000000e+00 -0.000000e+00
    outer loop
      vertex   1.068064e+02 3.000000e+01 2.546987e+01
      vertex   1.000000e+02 3.000000e+01 2.600000e+01
      vertex   1.075000e+02 3.000000e+01 2.550000e+01
    endloop
  endfacet
  facet normal 0.000000e+00 1.000000e+00 -0.000000e+00
    outer loop
      vertex   1.075000e+02 3.000000e+01 2.550000e+01
      vertex   1.000000e+02 3.000000e+01 2.600000e+01
      vertex   1.200000e+02 3.000000e+01 2.600000e+01
    endloop
  endfacet
  facet normal 0.000000e+00 1.000000e+00 0.000000e+00
    outer loop
      vertex   1.075000e+02 3.000000e+01 2.550000e+01
      vertex   1.200000e+02 3.000000e+01 2.600000e+01
      vertex   1.200000e+02 3.000000e+01 2.550000e+01
    endloop
  endfacet
  facet normal 0.000000e+00 1.000000e+00 0.000000e+00
    outer loop
      vertex   1.068064e+02 3.000000e+01 2.546987e+01
      vertex   1.061180e+02 3.000000e+01 2.537972e+01
      vertex   1.000000e+02 3.000000e+01 2.600000e+01
    endloop
  endfacet
  facet normal 0.000000e+00 1.000000e+00 0.000000e+00
    outer loop
      vertex   1.000000e+02 3.000000e+01 2.600000e+01
      vertex   1.061180e+02 3.000000e+01 2.537972e+01
      vertex   1.054400e+02 3.000000e+01 2.523022e+01
    endloop
  endfacet
  facet normal 0.000000e+00 1.000000e+00 0.000000e+00
    outer loop
      vertex   1.000000e+02 3.000000e+01 2.600000e+01
      vertex   1.054400e+02 3.000000e+01 2.523022e+01
      vertex   1.047775e+02 3.000000e+01 2.502250e+01
    endloop
  endfacet
  facet normal 0.000000e+00 1.000000e+00 0.000000e+00
    outer loop
      vertex   1.047775e+02 3.000000e+01 2.502250e+01
      vertex   1.041355e+02 3.000000e+01 2.475812e+01
      vertex   1.000000e+02 3.000000e+01 2.600000e+01
    endloop
  endfacet
  facet normal 0.000000e+00 1.000000e+00 0.000000e+00
    outer loop
      vertex   1.000000e+02 3.000000e+01 2.600000e+01
      vertex   1.041355e+02 3.000000e+01 2.475812e+01
      vertex   1.035189e+02 3.000000e+01 2.443907e+01
    endloop
  endfacet
  facet normal 0.000000e+00 1.000000e+00 0.000000e+00
    outer loop
      vertex   1.000000e+02 3.000000e+01 2.600000e+01
      vertex   1.035189e+02 3.000000e+01 2.443907e+01
      vertex   1.029322e+02 3.000000e+01 2.406776e+01
    endloop
  endfacet
  facet normal 0.000000e+00 1.000000e+00 0.000000e+00
    outer loop
      vertex   1.029322e+02 3.000000e+01 2.406776e+01
      vertex   1.023800e+02 3.000000e+01 2.364699e+01
      vertex   1.000000e+02 3.000000e+01 2.600000e+01
    endloop
  endfacet
  facet normal 0.000000e+00 1.000000e+00 0.000000e+00
    outer loop
      vertex   1.000000e+02 3.000000e+01 2.600000e+01
      vertex   1.023800e+02 3.000000e+01 2.364699e+01
      vertex   1.018663e+02 3.000000e+01 2.317992e+01
    endloop
  endfacet
  facet normal 0.000000e+00 1.000000e+00 0.000000e+00
    outer loop
      vertex   1.000000e+02 3.000000e+01 2.600000e+01
      vertex   1.018663e+02 3.000000e+01 2.317992e+01
      vertex   1.013951e+02 3.000000e+01 2.267007e+01
    endloop
  endfacet
  facet normal 0.000000e+00 1.000000e+00 0.000000e+00
    outer loop
      vertex   1.013951e+02 3.000000e+01 2.267007e+01
      vertex   1.009698e+02 3.000000e+01 2.212128e+01
      vertex   1.000000e+02 3.000000e+01 2.600000e+01
    endloop
  endfacet
  facet normal 0.000000e+00 1.000000e+00 0.000000e+00
    outer loop
      vertex   1.000000e+02 3.000000e+01 2.600000e+01
      vertex   1.009698e+02 3.000000e+01 2.212128e+01
      vertex   1.005937e+02 3.000000e+01 2.153768e+01
    endloop
  endfacet
  facet normal 0.000000e+00 1.000000e+00 0.000000e+00
    outer loop
      vertex   1.000000e+02 3.000000e+01 2.600000e+01
      vertex   1.005937e+02 3.000000e+01 2.153768e+01
      vertex   1.002696e+02 3.000000e+01 2.092367e+01
    endloop
  endfacet
  facet normal 0.000000e+00 1.000000e+00 0.000000e+00
    outer loop
      vertex   1.002696e+02 3.000000e+01 2.092367e+01
      vertex   1.000000e+02 3.000000e+01 2.028388e+01
      vertex   1.000000e+02 3.000000e+01 2.600000e+01
    endloop
  endfacet
  facet normal 7.071069e-01 7.071066e-01 -0.000000e+00
    outer loop
      vertex   1.200000e+02 3.000000e+01 2.550000e+01
      vertex   1.200000e+02 3.000000e+01 2.600000e+01
      vertex   1.205000e+02 2.950000e+01 2.550000e+01
    endloop
  endfacet
  facet normal 7.071069e-01 7.071066e-01 -1.450508e-14
    outer loop
      vertex   1.205000e+02 2.950000e+01 2.550000e+01
      vertex   1.200000e+02 3.000000e+01 2.600000e+01
      vertex   1.200096e+02 2.999037e+01 2.619603e+01
    endloop
  endfacet
  facet normal 7.071069e-01 7.071066e-01 -6.508241e-14
    outer loop
      vertex   1.205000e+02 2.950000e+01 2.550000e+01
      vertex   1.200096e+02 2.999037e+01 2.619603e+01
      vertex   1.250000e+02 2.500000e+01 2.050000e+01
    endloop
  endfacet
  facet normal 7.071069e-01 7.071066e-01 4.213148e-14
    outer loop
      vertex   1.250000e+02 2.500000e+01 2.050000e+01
      vertex   1.200096e+02 2.999037e+01 2.619603e+01
      vertex   1.200384e+02 2.996157e+01 2.639018e+01
    endloop
  endfacet
  facet normal 7.071069e-01 7.071066e-01 5.142250e-16
    outer loop
      vertex   1.250000e+02 2.500000e+01 2.050000e+01
      vertex   1.200384e+02 2.996157e+01 2.639018e+01
      vertex   1.220000e+02 2.800000e+01 2.800000e+01
    endloop
  endfacet
  facet normal 7.071069e-01 7.071066e-01 -7.011970e-15
    outer loop
      vertex   1.220000e+02 2.800000e+01 2.800000e+01
      vertex   1.200384e+02 2.996157e+01 2.639018e+01
      vertex   1.218040e+02 2.819603e+01 2.799037e+01
    endloop
  endfacet
  facet normal 7.071069e-01 7.071066e-01 9.819676e-15
    outer loop
      vertex   1.218040e+02 2.819603e+01 2.799037e+01
      vertex   1.200384e+02 2.996157e+01 2.639018e+01
      vertex   1.216098e+02 2.839018e+01 2.796157e+01
    endloop
  endfacet
  facet normal 7.071069e-01 7.071066e-01 4.428753e-14
    outer loop
      vertex   1.216098e+02 2.839018e+01 2.796157e+01
      vertex   1.200384e+02 2.996157e+01 2.639018e+01
      vertex   1.214194e+02 2.858057e+01 2.791388e+01
    endloop
  endfacet
  facet normal 7.071069e-01 7.071066e-01 -5.322713e-14
    outer loop
      vertex   1.214194e+02 2.858057e+01 2.791388e+01
      vertex   1.200384e+02 2.996157e+01 2.639018e+01
      vertex   1.212346e+02 2.876537e+01 2.784776e+01
    endloop
  endfacet
  facet normal 7.071069e-01 7.071066e-01 3.162870e-14
    outer loop
      vertex   1.212346e+02 2.876537e+01 2.784776e+01
      vertex   1.200384e+02 2.996157e+01 2.639018e+01
      vertex   1.210572e+02 2.894279e+01 2.776384e+01
    endloop
  endfacet
  facet normal 7.071069e-01 7.071066e-01 3.697460e-14
    outer loop
      vertex   1.210572e+02 2.894279e+01 2.776384e+01
      vertex   1.200384e+02 2.996157e+01 2.639018e+01
      vertex   1.208889e+02 2.911114e+01 2.766294e+01
    endloop
  endfacet
  facet normal 7.071069e-01 7.071066e-01 -7.000023e-14
    outer loop
      vertex   1.208889e+02 2.911114e+01 2.766294e+01
      vertex   1.200384e+02 2.996157e+01 2.639018e+01
      vertex   1.207312e+02 2.926879e+01 2.754602e+01
    endloop
  endfacet
  facet normal 7.071069e-01 7.071066e-01 3.169783e-14
    outer loop
      vertex   1.207312e+02 2.926879e+01 2.754602e+01
      vertex   1.200384e+02 2.996157e+01 2.639018e+01
      vertex   1.205858e+02 2.941421e+01 2.741421e+01
    endloop
  endfacet
  facet normal 7.071069e-01 7.071066e-01 -4.182221e-14
    outer loop
      vertex   1.205858e+02 2.941421e+01 2.741421e+01
      vertex   1.200384e+02 2.996157e+01 2.639018e+01
      vertex   1.204540e+02 2.954602e+01 2.726879e+01
    endloop
  endfacet
  facet normal 7.071069e-01 7.071066e-01 -3.243310e-14
    outer loop
      vertex   1.204540e+02 2.954602e+01 2.726879e+01
      vertex   1.200384e+02 2.996157e+01 2.639018e+01
      vertex   1.203371e+02 2.966294e+01 2.711114e+01
    endloop
  endfacet
  facet normal 7.071069e-01 7.071066e-01 -4.923233e-14
    outer loop
      vertex   1.203371e+02 2.966294e+01 2.711114e+01
      vertex   1.200384e+02 2.996157e+01 2.639018e+01
      vertex   1.202362e+02 2.976384e+01 2.694279e+01
    endloop
  endfacet
  facet normal 7.071069e-01 7.071066e-01 4.866935e-14
    outer loop
      vertex   1.202362e+02 2.976384e+01 2.694279e+01
      vertex   1.200384e+02 2.996157e+01 2.639018e+01
      vertex   1.201522e+02 2.984776e+01 2.676537e+01
    endloop
  endfacet
  facet normal 7.071069e-01 7.071066e-01 1.335194e-13
    outer loop
      vertex   1.201522e+02 2.984776e+01 2.676537e+01
      vertex   1.200384e+02 2.996157e+01 2.639018e+01
      vertex   1.200861e+02 2.991388e+01 2.658057e+01
    endloop
  endfacet
  facet normal 7.071069e-01 7.071066e-01 0.000000e+00
    outer loop
      vertex   1.220000e+02 2.800000e+01 2.800000e+01
      vertex   1.250000e+02 2.500000e+01 2.800000e+01
      vertex   1.250000e+02 2.500000e+01 2.050000e+01
    endloop
  endfacet
  facet normal 7.071069e-01 7.071066e-01 0.000000e+00
    outer loop
      vertex   1.250000e+02 2.500000e+01 2.050000e+01
      vertex   1.205000e+02 2.950000e+01 2.050000e+01
      vertex   1.205000e+02 2.950000e+01 2.550000e+01
    endloop
  endfacet
  facet normal 8.715574e-02 -4.826174e-16 9.961947e-01
    outer loop
      vertex   1.283473e+02 0.000000e+00 2.796962e+01
      vertex   1.283473e+02 7.333333e+00 2.796962e+01
      vertex   1.280000e+02 0.000000e+00 2.800000e+01
    endloop
  endfacet
  facet normal 8.715574e-02 0.000000e+00 9.961947e-01
    outer loop
      vertex   1.280000e+02 0.000000e+00 2.800000e+01
      vertex   1.283473e+02 7.333333e+00 2.796962e+01
      vertex   1.283473e+02 1.466667e+01 2.796962e+01
    endloop
  endfacet
  facet normal 1.102927e-01 -5.526221e-04 9.938990e-01
    outer loop
      vertex   1.280000e+02 0.000000e+00 2.800000e+01
      vertex   1.283473e+02 1.466667e+01 2.796962e+01
      vertex   1.281960e+02 2.180397e+01 2.799037e+01
    endloop
  endfacet
  facet normal 1.469637e-01 2.383870e-04 9.891419e-01
    outer loop
      vertex   1.281960e+02 2.180397e+01 2.799037e+01
      vertex   1.283473e+02 1.466667e+01 2.796962e+01
      vertex   1.283902e+02 2.160982e+01 2.796157e+01
    endloop
  endfacet
  facet normal 2.426277e-01 -3.745216e-04 9.701194e-01
    outer loop
      vertex   1.283902e+02 2.160982e+01 2.796157e+01
      vertex   1.283473e+02 1.466667e+01 2.796962e+01
      vertex   1.285806e+02 2.141943e+01 2.791388e+01
    endloop
  endfacet
  facet normal 2.588189e-01 -9.684591e-04 9.659254e-01
    outer loop
      vertex   1.285806e+02 2.141943e+01 2.791388e+01
      vertex   1.283473e+02 1.466667e+01 2.796962e+01
      vertex   1.286840e+02 1.466667e+01 2.787939e+01
    endloop
  endfacet
  facet normal 3.372070e-01 3.577903e-04 9.414305e-01
    outer loop
      vertex   1.285806e+02 2.141943e+01 2.791388e+01
      vertex   1.286840e+02 1.466667e+01 2.787939e+01
      vertex   1.287654e+02 2.123463e+01 2.784776e+01
    endloop
  endfacet
  facet normal 4.226181e-01 -8.689211e-04 9.063074e-01
    outer loop
      vertex   1.287654e+02 2.123463e+01 2.784776e+01
      vertex   1.286840e+02 1.466667e+01 2.787939e+01
      vertex   1.290000e+02 1.466667e+01 2.773205e+01
    endloop
  endfacet
  facet normal 4.270024e-01 -6.760530e-04 9.042502e-01
    outer loop
      vertex   1.287654e+02 2.123463e+01 2.784776e+01
      vertex   1.290000e+02 1.466667e+01 2.773205e+01
      vertex   1.289428e+02 2.105721e+01 2.776384e+01
    endloop
  endfacet
  facet normal 5.143514e-01 3.380512e-04 8.575795e-01
    outer loop
      vertex   1.289428e+02 2.105721e+01 2.776384e+01
      vertex   1.290000e+02 1.466667e+01 2.773205e+01
      vertex   1.291111e+02 2.088886e+01 2.766294e+01
    endloop
  endfacet
  facet normal 5.735761e-01 -1.146646e-03 8.191515e-01
    outer loop
      vertex   1.291111e+02 2.088886e+01 2.766294e+01
      vertex   1.290000e+02 1.466667e+01 2.773205e+01
      vertex   1.292856e+02 1.466667e+01 2.753209e+01
    endloop
  endfacet
  facet normal 5.955724e-01 -1.966771e-04 8.033016e-01
    outer loop
      vertex   1.291111e+02 2.088886e+01 2.766294e+01
      vertex   1.292856e+02 1.466667e+01 2.753209e+01
      vertex   1.292688e+02 2.073121e+01 2.754602e+01
    endloop
  endfacet
  facet normal 6.716453e-01 1.573347e-04 7.408728e-01
    outer loop
      vertex   1.292688e+02 2.073121e+01 2.754602e+01
      vertex   1.292856e+02 1.466667e+01 2.753209e+01
      vertex   1.294142e+02 2.058579e+01 2.741421e+01
    endloop
  endfacet
  facet normal 7.071062e-01 -1.285765e-03 7.071062e-01
    outer loop
      vertex   1.294142e+02 2.058579e+01 2.741421e+01
      vertex   1.292856e+02 1.466667e+01 2.753209e+01
      vertex   1.295321e+02 1.466667e+01 2.728558e+01
    endloop
  endfacet
  facet normal 7.410251e-01 1.640177e-04 6.714773e-01
    outer loop
      vertex   1.294142e+02 2.058579e+01 2.741421e+01
      vertex   1.295321e+02 1.466667e+01 2.728558e+01
      vertex   1.295460e+02 2.045398e+01 2.726879e+01
    endloop
  endfacet
  facet normal 8.031347e-01 -2.050442e-04 5.957974e-01
    outer loop
      vertex   1.295460e+02 2.045398e+01 2.726879e+01
      vertex   1.295321e+02 1.466667e+01 2.728558e+01
      vertex   1.296629e+02 2.033706e+01 2.711114e+01
    endloop
  endfacet
  facet normal 8.191514e-01 -1.258229e-03 5.735760e-01
    outer loop
      vertex   1.296629e+02 2.033706e+01 2.711114e+01
      vertex   1.295321e+02 1.466667e+01 2.728558e+01
      vertex   1.297321e+02 1.466667e+01 2.700000e+01
    endloop
  endfacet
  facet normal 8.578295e-01 3.821734e-04 5.139342e-01
    outer loop
      vertex   1.296629e+02 2.033706e+01 2.711114e+01
      vertex   1.297321e+02 1.466667e+01 2.700000e+01
      vertex   1.297638e+02 2.023616e+01 2.694279e+01
    endloop
  endfacet
  facet normal 9.038492e-01 -7.647161e-04 4.278505e-01
    outer loop
      vertex   1.297638e+02 2.023616e+01 2.694279e+01
      vertex   1.297321e+02 1.466667e+01 2.700000e+01
      vertex   1.298478e+02 2.015224e+01 2.676537e+01
    endloop
  endfacet
  facet normal 9.063073e-01 -1.040373e-03 4.226180e-01
    outer loop
      vertex   1.298478e+02 2.015224e+01 2.676537e+01
      vertex   1.297321e+02 1.466667e+01 2.700000e+01
      vertex   1.298794e+02 1.466667e+01 2.668404e+01
    endloop
  endfacet
  facet normal 9.415935e-01 4.360809e-04 3.367515e-01
    outer loop
      vertex   1.298478e+02 2.015224e+01 2.676537e+01
      vertex   1.298794e+02 1.466667e+01 2.668404e+01
      vertex   1.299139e+02 2.008612e+01 2.658057e+01
    endloop
  endfacet
  facet normal 9.659251e-01 -1.206722e-03 2.588189e-01
    outer loop
      vertex   1.299139e+02 2.008612e+01 2.658057e+01
      vertex   1.298794e+02 1.466667e+01 2.668404e+01
      vertex   1.299696e+02 1.466667e+01 2.634730e+01
    endloop
  endfacet
  facet normal 9.700023e-01 -4.879865e-04 2.430952e-01
    outer loop
      vertex   1.299139e+02 2.008612e+01 2.658057e+01
      vertex   1.299696e+02 1.466667e+01 2.634730e+01
      vertex   1.299616e+02 2.003843e+01 2.639018e+01
    endloop
  endfacet
  facet normal 9.891831e-01 3.104054e-04 1.466854e-01
    outer loop
      vertex   1.299616e+02 2.003843e+01 2.639018e+01
      vertex   1.299696e+02 1.466667e+01 2.634730e+01
      vertex   1.299904e+02 2.000963e+01 2.619603e+01
    endloop
  endfacet
  facet normal 9.987864e-01 -2.487059e-03 4.918941e-02
    outer loop
      vertex   1.299904e+02 2.000963e+01 2.619603e+01
      vertex   1.299696e+02 1.466667e+01 2.634730e+01
      vertex   1.300000e+02 2.000000e+01 2.600000e+01
    endloop
  endfacet
  facet normal 9.961947e-01 0.000000e+00 8.715574e-02
    outer loop
      vertex   1.300000e+02 2.000000e+01 2.600000e+01
      vertex   1.299696e+02 1.466667e+01 2.634730e+01
      vertex   1.299696e+02 7.333333e+00 2.634730e+01
    endloop
  endfacet
  facet normal 9.961947e-01 0.000000e+00 8.715574e-02
    outer loop
      vertex   1.300000e+02 2.000000e+01 2.600000e+01
      vertex   1.299696e+02 7.333333e+00 2.634730e+01
      vertex   1.300000e+02 0.000000e+00 2.600000e+01
    endloop
  endfacet
  facet normal 9.961947e-01 0.000000e+00 8.715574e-02
    outer loop
      vertex   1.300000e+02 0.000000e+00 2.600000e+01
      vertex   1.299696e+02 7.333333e+00 2.634730e+01
      vertex   1.299696e+02 0.000000e+00 2.634730e+01
    endloop
  endfacet
  facet normal 9.659258e-01 -0.000000e+00 2.588190e-01
    outer loop
      vertex   1.299696e+02 0.000000e+00 2.634730e+01
      vertex   1.299696e+02 7.333333e+00 2.634730e+01
      vertex   1.298794e+02 0.000000e+00 2.668404e+01
    endloop
  endfacet
  facet normal 9.659258e-01 -0.000000e+00 2.588190e-01
    outer loop
      vertex   1.298794e+02 0.000000e+00 2.668404e+01
      vertex   1.299696e+02 7.333333e+00 2.634730e+01
      vertex   1.298794e+02 7.333333e+00 2.668404e+01
    endloop
  endfacet
  facet normal 9.063078e-01 -0.000000e+00 4.226183e-01
    outer loop
      vertex   1.298794e+02 0.000000e+00 2.668404e+01
      vertex   1.298794e+02 7.333333e+00 2.668404e+01
      vertex   1.297321e+02 0.000000e+00 2.700000e+01
    endloop
  endfacet
  facet normal 9.063078e-01 2.047421e-16 4.226183e-01
    outer loop
      vertex   1.297321e+02 0.000000e+00 2.700000e+01
      vertex   1.298794e+02 7.333333e+00 2.668404e+01
      vertex   1.297321e+02 7.333333e+00 2.700000e+01
    endloop
  endfacet
  facet normal 8.191520e-01 2.778754e-16 5.735764e-01
    outer loop
      vertex   1.297321e+02 0.000000e+00 2.700000e+01
      vertex   1.297321e+02 7.333333e+00 2.700000e+01
      vertex   1.295321e+02 0.000000e+00 2.728558e+01
    endloop
  endfacet
  facet normal 8.191520e-01 -0.000000e+00 5.735764e-01
    outer loop
      vertex   1.295321e+02 0.000000e+00 2.728558e+01
      vertex   1.297321e+02 7.333333e+00 2.700000e+01
      vertex   1.295321e+02 7.333333e+00 2.728558e+01
    endloop
  endfacet
  facet normal 7.071068e-01 -0.000000e+00 7.071068e-01
    outer loop
      vertex   1.295321e+02 0.000000e+00 2.728558e+01
      vertex   1.295321e+02 7.333333e+00 2.728558e+01
      vertex   1.292856e+02 0.000000e+00 2.753209e+01
    endloop
  endfacet
  facet normal 7.071068e-01 -0.000000e+00 7.071068e-01
    outer loop
      vertex   1.292856e+02 0.000000e+00 2.753209e+01
      vertex   1.295321e+02 7.333333e+00 2.728558e+01
      vertex   1.292856e+02 7.333333e+00 2.753209e+01
    endloop
  endfacet
  facet normal 5.735764e-01 -0.000000e+00 8.191520e-01
    outer loop
      vertex   1.292856e+02 0.000000e+00 2.753209e+01
      vertex   1.292856e+02 7.333333e+00 2.753209e+01
      vertex   1.290000e+02 0.000000e+00 2.773205e+01
    endloop
  endfacet
  facet normal 5.735764e-01 -0.000000e+00 8.191520e-01
    outer loop
      vertex   1.290000e+02 0.000000e+00 2.773205e+01
      vertex   1.292856e+02 7.333333e+00 2.753209e+01
      vertex   1.290000e+02 7.333333e+00 2.773205e+01
    endloop
  endfacet
  facet normal 4.226183e-01 -0.000000e+00 9.063078e-01
    outer loop
      vertex   1.290000e+02 0.000000e+00 2.773205e+01
      vertex   1.290000e+02 7.333333e+00 2.773205e+01
      vertex   1.286840e+02 0.000000e+00 2.787939e+01
    endloop
  endfacet
  facet normal 4.226183e-01 -0.000000e+00 9.063078e-01
    outer loop
      vertex   1.286840e+02 0.000000e+00 2.787939e+01
      vertex   1.290000e+02 7.333333e+00 2.773205e+01
      vertex   1.286840e+02 7.333333e+00 2.787939e+01
    endloop
  endfacet
  facet normal 2.588190e-01 -0.000000e+00 9.659258e-01
    outer loop
      vertex   1.286840e+02 0.000000e+00 2.787939e+01
      vertex   1.286840e+02 7.333333e+00 2.787939e+01
      vertex   1.283473e+02 0.000000e+00 2.796962e+01
    endloop
  endfacet
  facet normal 2.588190e-01 -4.679534e-16 9.659258e-01
    outer loop
      vertex   1.283473e+02 0.000000e+00 2.796962e+01
      vertex   1.286840e+02 7.333333e+00 2.787939e+01
      vertex   1.283473e+02 7.333333e+00 2.796962e+01
    endloop
  endfacet
  facet normal 4.906767e-02 0.000000e+00 9.987955e-01
    outer loop
      vertex   1.281960e+02 2.180397e+01 2.799037e+01
      vertex   1.280000e+02 2.200000e+01 2.800000e+01
      vertex   1.280000e+02 0.000000e+00 2.800000e+01
    endloop
  endfacet
  facet normal 2.588190e-01 0.000000e+00 9.659258e-01
    outer loop
      vertex   1.286840e+02 1.466667e+01 2.787939e+01
      vertex   1.283473e+02 1.466667e+01 2.796962e+01
      vertex   1.283473e+02 7.333333e+00 2.796962e+01
    endloop
  endfacet
  facet normal 2.588190e-01 0.000000e+00 9.659258e-01
    outer loop
      vertex   1.286840e+02 1.466667e+01 2.787939e+01
      vertex   1.283473e+02 7.333333e+00 2.796962e+01
      vertex   1.286840e+02 7.333333e+00 2.787939e+01
    endloop
  endfacet
  facet normal 4.226183e-01 0.000000e+00 9.063078e-01
    outer loop
      vertex   1.290000e+02 1.466667e+01 2.773205e+01
      vertex   1.286840e+02 1.466667e+01 2.787939e+01
      vertex   1.286840e+02 7.333333e+00 2.787939e+01
    endloop
  endfacet
  facet normal 4.226183e-01 0.000000e+00 9.063078e-01
    outer loop
      vertex   1.290000e+02 1.466667e+01 2.773205e+01
      vertex   1.286840e+02 7.333333e+00 2.787939e+01
      vertex   1.290000e+02 7.333333e+00 2.773205e+01
    endloop
  endfacet
  facet normal 5.735764e-01 0.000000e+00 8.191520e-01
    outer loop
      vertex   1.292856e+02 1.466667e+01 2.753209e+01
      vertex   1.290000e+02 1.466667e+01 2.773205e+01
      vertex   1.290000e+02 7.333333e+00 2.773205e+01
    endloop
  endfacet
  facet normal 5.735764e-01 -3.968472e-16 8.191520e-01
    outer loop
      vertex   1.292856e+02 1.466667e+01 2.753209e+01
      vertex   1.290000e+02 7.333333e+00 2.773205e+01
      vertex   1.292856e+02 7.333333e+00 2.753209e+01
    endloop
  endfacet
  facet normal 7.071068e-01 -3.419821e-16 7.071068e-01
    outer loop
      vertex   1.295321e+02 1.466667e+01 2.728558e+01
      vertex   1.292856e+02 1.466667e+01 2.753209e+01
      vertex   1.292856e+02 7.333333e+00 2.753209e+01
    endloop
  endfacet
  facet normal 7.071068e-01 0.000000e+00 7.071068e-01
    outer loop
      vertex   1.295321e+02 1.466667e+01 2.728558e+01
      vertex   1.292856e+02 7.333333e+00 2.753209e+01
      vertex   1.295321e+02 7.333333e+00 2.728558e+01
    endloop
  endfacet
  facet normal 8.191520e-01 0.000000e+00 5.735764e-01
    outer loop
      vertex   1.297321e+02 1.466667e+01 2.700000e+01
      vertex   1.295321e+02 1.466667e+01 2.728558e+01
      vertex   1.295321e+02 7.333333e+00 2.728558e+01
    endloop
  endfacet
  facet normal 8.191520e-01 -2.778754e-16 5.735764e-01
    outer loop
      vertex   1.297321e+02 1.466667e+01 2.700000e+01
      vertex   1.295321e+02 7.333333e+00 2.728558e+01
      vertex   1.297321e+02 7.333333e+00 2.700000e+01
    endloop
  endfacet
  facet normal 9.063078e-01 -2.062749e-16 4.226183e-01
    outer loop
      vertex   1.298794e+02 1.466667e+01 2.668404e+01
      vertex   1.297321e+02 1.466667e+01 2.700000e+01
      vertex   1.297321e+02 7.333333e+00 2.700000e+01
    endloop
  endfacet
  facet normal 9.063078e-01 -3.512566e-15 4.226183e-01
    outer loop
      vertex   1.298794e+02 1.466667e+01 2.668404e+01
      vertex   1.297321e+02 7.333333e+00 2.700000e+01
      vertex   1.298794e+02 7.333333e+00 2.668404e+01
    endloop
  endfacet
  facet normal 9.659258e-01 -3.744161e-15 2.588190e-01
    outer loop
      vertex   1.299696e+02 1.466667e+01 2.634730e+01
      vertex   1.298794e+02 1.466667e+01 2.668404e+01
      vertex   1.298794e+02 7.333333e+00 2.668404e+01
    endloop
  endfacet
  facet normal 9.659258e-01 0.000000e+00 2.588190e-01
    outer loop
      vertex   1.299696e+02 1.466667e+01 2.634730e+01
      vertex   1.298794e+02 7.333333e+00 2.668404e+01
      vertex   1.299696e+02 7.333333e+00 2.634730e+01
    endloop
  endfacet
  facet normal -0.000000e+00 0.000000e+00 1.000000e+00
    outer loop
      vertex   1.169697e+02 1.255004e+01 2.800000e+01
      vertex   1.170000e+02 1.200000e+01 2.800000e+01
      vertex   1.280000e+02 2.200000e+01 2.800000e+01
    endloop
  endfacet
  facet normal 0.000000e+00 0.000000e+00 1.000000e+00
    outer loop
      vertex   1.280000e+02 2.200000e+01 2.800000e+01
      vertex   1.170000e+02 1.200000e+01 2.800000e+01
      vertex   1.169697e+02 1.144996e+01 2.800000e+01
    endloop
  endfacet
  facet normal 0.000000e+00 0.000000e+00 1.000000e+00
    outer loop
      vertex   1.280000e+02 2.200000e+01 2.800000e+01
      vertex   1.169697e+02 1.144996e+01 2.800000e+01
      vertex   1.280000e+02 0.000000e+00 2.800000e+01
    endloop
  endfacet
  facet normal 0.000000e+00 0.000000e+00 1.000000e+00
    outer loop
      vertex   1.280000e+02 0.000000e+00 2.800000e+01
      vertex   1.169697e+02 1.144996e+01 2.800000e+01
      vertex   1.168790e+02 1.090659e+01 2.800000e+01
    endloop
  endfacet
  facet normal 0.000000e+00 0.000000e+00 1.000000e+00
    outer loop
      vertex   1.280000e+02 0.000000e+00 2.800000e+01
      vertex   1.168790e+02 1.090659e+01 2.800000e+01
      vertex   1.167291e+02 1.037650e+01 2.800000e+01
    endloop
  endfacet
  facet normal 0.000000e+00 0.000000e+00 1.000000e+00
    outer loop
      vertex   1.167291e+02 1.037650e+01 2.800000e+01
      vertex   1.165218e+02 9.866118e+00 2.800000e+01
      vertex   1.280000e+02 0.000000e+00 2.800000e+01
    endloop
  endfacet
  facet normal 0.000000e+00 0.000000e+00 1.000000e+00
    outer loop
      vertex   1.280000e+02 0.000000e+00 2.800000e+01
      vertex   1.165218e+02 9.866118e+00 2.800000e+01
      vertex   1.162596e+02 9.381636e+00 2.800000e+01
    endloop
  endfacet
  facet normal 0.000000e+00 0.000000e+00 1.000000e+00
    outer loop
      vertex   1.280000e+02 0.000000e+00 2.800000e+01
      vertex   1.162596e+02 9.381636e+00 2.800000e+01
      vertex   1.159457e+02 8.928937e+00 2.800000e+01
    endloop
  endfacet
  facet normal 0.000000e+00 0.000000e+00 1.000000e+00
    outer loop
      vertex   1.159457e+02 8.928937e+00 2.800000e+01
      vertex   1.155839e+02 8.513516e+00 2.800000e+01
      vertex   1.280000e+02 0.000000e+00 2.800000e+01
    endloop
  endfacet
  facet normal 0.000000e+00 0.000000e+00 1.000000e+00
    outer loop
      vertex   1.280000e+02 0.000000e+00 2.800000e+01
      vertex   1.155839e+02 8.513516e+00 2.800000e+01
      vertex   1.135000e+02 0.000000e+00 2.800000e+01
    endloop
  endfacet
  facet normal 0.000000e+00 0.000000e+00 1.000000e+00
    outer loop
      vertex   1.135000e+02 0.000000e+00 2.800000e+01
      vertex   1.155839e+02 8.513516e+00 2.800000e+01
      vertex   1.151786e+02 8.140417e+00 2.800000e+01
    endloop
  endfacet
  facet normal 0.000000e+00 0.000000e+00 1.000000e+00
    outer loop
      vertex   1.135000e+02 0.000000e+00 2.800000e+01
      vertex   1.151786e+02 8.140417e+00 2.800000e+01
      vertex   1.147347e+02 7.814168e+00 2.800000e+01
    endloop
  endfacet
  facet normal 0.000000e+00 0.000000e+00 1.000000e+00
    outer loop
      vertex   1.147347e+02 7.814168e+00 2.800000e+01
      vertex   1.142577e+02 7.538729e+00 2.800000e+01
      vertex   1.135000e+02 0.000000e+00 2.800000e+01
    endloop
  endfacet
  facet normal 0.000000e+00 0.000000e+00 1.000000e+00
    outer loop
      vertex   1.135000e+02 0.000000e+00 2.800000e+01
      vertex   1.142577e+02 7.538729e+00 2.800000e+01
      vertex   1.137532e+02 7.317444e+00 2.800000e+01
    endloop
  endfacet
  facet normal 0.000000e+00 -0.000000e+00 1.000000e+00
    outer loop
      vertex   1.135000e+02 0.000000e+00 2.800000e+01
      vertex   1.137532e+02 7.317444e+00 2.800000e+01
      vertex   1.132274e+02 7.152999e+00 2.800000e+01
    endloop
  endfacet
  facet normal 0.000000e+00 0.000000e+00 1.000000e+00
    outer loop
      vertex   1.132274e+02 7.152999e+00 2.800000e+01
      vertex   1.126868e+02 7.047390e+00 2.800000e+01
      vertex   1.135000e+02 0.000000e+00 2.800000e+01
    endloop
  endfacet
  facet normal 0.000000e+00 0.000000e+00 1.000000e+00
    outer loop
      vertex   1.135000e+02 0.000000e+00 2.800000e+01
      vertex   1.126868e+02 7.047390e+00 2.800000e+01
      vertex   1.126171e+02 2.890454e-02 2.800000e+01
    endloop
  endfacet
  facet normal 0.000000e+00 -0.000000e+00 1.000000e+00
    outer loop
      vertex   1.126171e+02 2.890454e-02 2.800000e+01
      vertex   1.126868e+02 7.047390e+00 2.800000e+01
      vertex   1.121378e+02 7.001899e+00 2.800000e+01
    endloop
  endfacet
  facet normal 0.000000e+00 0.000000e+00 1.000000e+00
    outer loop
      vertex   1.126171e+02 2.890454e-02 2.800000e+01
      vertex   1.121378e+02 7.001899e+00 2.800000e+01
      vertex   1.117379e+02 1.154944e-01 2.800000e+01
    endloop
  endfacet
  facet normal 0.000000e+00 -0.000000e+00 1.000000e+00
    outer loop
      vertex   1.117379e+02 1.154944e-01 2.800000e+01
      vertex   1.121378e+02 7.001899e+00 2.800000e+01
      vertex   1.108663e+02 2.593987e-01 2.800000e+01
    endloop
  endfacet
  facet normal 0.000000e+00 0.000000e+00 1.000000e+00
    outer loop
      vertex   1.108663e+02 2.593987e-01 2.800000e+01
      vertex   1.121378e+02 7.001899e+00 2.800000e+01
      vertex   1.115871e+02 7.017078e+00 2.800000e+01
    endloop
  endfacet
  facet normal 0.000000e+00 -0.000000e+00 1.000000e+00
    outer loop
      vertex   1.108663e+02 2.593987e-01 2.800000e+01
      vertex   1.115871e+02 7.017078e+00 2.800000e+01
      vertex   1.100059e+02 4.600013e-01 2.800000e+01
    endloop
  endfacet
  facet normal 0.000000e+00 0.000000e+00 1.000000e+00
    outer loop
      vertex   1.100059e+02 4.600013e-01 2.800000e+01
      vertex   1.115871e+02 7.017078e+00 2.800000e+01
      vertex   1.110414e+02 7.092743e+00 2.800000e+01
    endloop
  endfacet
  facet normal 0.000000e+00 -0.000000e+00 1.000000e+00
    outer loop
      vertex   1.100059e+02 4.600013e-01 2.800000e+01
      vertex   1.110414e+02 7.092743e+00 2.800000e+01
      vertex   1.091606e+02 7.164433e-01 2.800000e+01
    endloop
  endfacet
  facet normal 0.000000e+00 0.000000e+00 1.000000e+00
    outer loop
      vertex   1.091606e+02 7.164433e-01 2.800000e+01
      vertex   1.110414e+02 7.092743e+00 2.800000e+01
      vertex   1.105074e+02 7.227975e+00 2.800000e+01
    endloop
  endfacet
  facet normal 0.000000e+00 -0.000000e+00 1.000000e+00
    outer loop
      vertex   1.091606e+02 7.164433e-01 2.800000e+01
      vertex   1.105074e+02 7.227975e+00 2.800000e+01
      vertex   1.083338e+02 1.027626e+00 2.800000e+01
    endloop
  endfacet
  facet normal 0.000000e+00 -0.000000e+00 1.000000e+00
    outer loop
      vertex   1.083338e+02 1.027626e+00 2.800000e+01
      vertex   1.105074e+02 7.227975e+00 2.800000e+01
      vertex   1.075291e+02 1.392218e+00 2.800000e+01
    endloop
  endfacet
  facet normal 0.000000e+00 0.000000e+00 1.000000e+00
    outer loop
      vertex   1.075291e+02 1.392218e+00 2.800000e+01
      vertex   1.105074e+02 7.227975e+00 2.800000e+01
      vertex   1.099915e+02 7.421134e+00 2.800000e+01
    endloop
  endfacet
  facet normal 0.000000e+00 -0.000000e+00 1.000000e+00
    outer loop
      vertex   1.075291e+02 1.392218e+00 2.800000e+01
      vertex   1.099915e+02 7.421134e+00 2.800000e+01
      vertex   1.067500e+02 1.808657e+00 2.800000e+01
    endloop
  endfacet
  facet normal 0.000000e+00 0.000000e+00 1.000000e+00
    outer loop
      vertex   1.067500e+02 1.808657e+00 2.800000e+01
      vertex   1.099915e+02 7.421134e+00 2.800000e+01
      vertex   1.095000e+02 7.669873e+00 2.800000e+01
    endloop
  endfacet
  facet normal 0.000000e+00 -0.000000e+00 1.000000e+00
    outer loop
      vertex   1.067500e+02 1.808657e+00 2.800000e+01
      vertex   1.095000e+02 7.669873e+00 2.800000e+01
      vertex   1.059998e+02 2.275160e+00 2.800000e+01
    endloop
  endfacet
  facet normal 0.000000e+00 0.000000e+00 1.000000e+00
    outer loop
      vertex   1.059998e+02 2.275160e+00 2.800000e+01
      vertex   1.095000e+02 7.669873e+00 2.800000e+01
      vertex   1.090388e+02 7.971175e+00 2.800000e+01
    endloop
  endfacet
  facet normal 0.000000e+00 -0.000000e+00 1.000000e+00
    outer loop
      vertex   1.059998e+02 2.275160e+00 2.800000e+01
      vertex   1.090388e+02 7.971175e+00 2.800000e+01
      vertex   1.052817e+02 2.789730e+00 2.800000e+01
    endloop
  endfacet
  facet normal 0.000000e+00 -0.000000e+00 1.000000e+00
    outer loop
      vertex   1.052817e+02 2.789730e+00 2.800000e+01
      vertex   1.090388e+02 7.971175e+00 2.800000e+01
      vertex   1.045988e+02 3.350163e+00 2.800000e+01
    endloop
  endfacet
  facet normal 0.000000e+00 0.000000e+00 1.000000e+00
    outer loop
      vertex   1.045988e+02 3.350163e+00 2.800000e+01
      vertex   1.090388e+02 7.971175e+00 2.800000e+01
      vertex   1.086136e+02 8.321381e+00 2.800000e+01
    endloop
  endfacet
  facet normal 0.000000e+00 -0.000000e+00 1.000000e+00
    outer loop
      vertex   1.045988e+02 3.350163e+00 2.800000e+01
      vertex   1.086136e+02 8.321381e+00 2.800000e+01
      vertex   1.039541e+02 3.954058e+00 2.800000e+01
    endloop
  endfacet
  facet normal 0.000000e+00 0.000000e+00 1.000000e+00
    outer loop
      vertex   1.039541e+02 3.954058e+00 2.800000e+01
      vertex   1.086136e+02 8.321381e+00 2.800000e+01
      vertex   1.082295e+02 8.716240e+00 2.800000e+01
    endloop
  endfacet
  facet normal 0.000000e+00 -0.000000e+00 1.000000e+00
    outer loop
      vertex   1.039541e+02 3.954058e+00 2.800000e+01
      vertex   1.082295e+02 8.716240e+00 2.800000e+01
      vertex   1.033502e+02 4.598831e+00 2.800000e+01
    endloop
  endfacet
  facet normal 0.000000e+00 -0.000000e+00 1.000000e+00
    outer loop
      vertex   1.033502e+02 4.598831e+00 2.800000e+01
      vertex   1.082295e+02 8.716240e+00 2.800000e+01
      vertex   1.027897e+02 5.281721e+00 2.800000e+01
    endloop
  endfacet
  facet normal 0.000000e+00 0.000000e+00 1.000000e+00
    outer loop
      vertex   1.027897e+02 5.281721e+00 2.800000e+01
      vertex   1.082295e+02 8.716240e+00 2.800000e+01
      vertex   1.078911e+02 9.150960e+00 2.800000e+01
    endloop
  endfacet
  facet normal 0.000000e+00 -0.000000e+00 1.000000e+00
    outer loop
      vertex   1.027897e+02 5.281721e+00 2.800000e+01
      vertex   1.078911e+02 9.150960e+00 2.800000e+01
      vertex   1.022752e+02 5.999802e+00 2.800000e+01
    endloop
  endfacet
  facet normal 0.000000e+00 0.000000e+00 1.000000e+00
    outer loop
      vertex   1.022752e+02 5.999802e+00 2.800000e+01
      vertex   1.078911e+02 9.150960e+00 2.800000e+01
      vertex   1.076026e+02 9.620263e+00 2.800000e+01
    endloop
  endfacet
  facet normal 0.000000e+00 -0.000000e+00 1.000000e+00
    outer loop
      vertex   1.022752e+02 5.999802e+00 2.800000e+01
      vertex   1.076026e+02 9.620263e+00 2.800000e+01
      vertex   1.018087e+02 6.750000e+00 2.800000e+01
    endloop
  endfacet
  facet normal 0.000000e+00 0.000000e+00 1.000000e+00
    outer loop
      vertex   1.018087e+02 6.750000e+00 2.800000e+01
      vertex   1.076026e+02 9.620263e+00 2.800000e+01
      vertex   1.073675e+02 1.011845e+01 2.800000e+01
    endloop
  endfacet
  facet normal 0.000000e+00 -0.000000e+00 1.000000e+00
    outer loop
      vertex   1.018087e+02 6.750000e+00 2.800000e+01
      vertex   1.073675e+02 1.011845e+01 2.800000e+01
      vertex   1.013922e+02 7.529103e+00 2.800000e+01
    endloop
  endfacet
  facet normal 0.000000e+00 -0.000000e+00 1.000000e+00
    outer loop
      vertex   1.013922e+02 7.529103e+00 2.800000e+01
      vertex   1.073675e+02 1.011845e+01 2.800000e+01
      vertex   1.010276e+02 8.333774e+00 2.800000e+01
    endloop
  endfacet
  facet normal 0.000000e+00 0.000000e+00 1.000000e+00
    outer loop
      vertex   1.010276e+02 8.333774e+00 2.800000e+01
      vertex   1.073675e+02 1.011845e+01 2.800000e+01
      vertex   1.071887e+02 1.063948e+01 2.800000e+01
    endloop
  endfacet
  facet normal 0.000000e+00 -0.000000e+00 1.000000e+00
    outer loop
      vertex   1.010276e+02 8.333774e+00 2.800000e+01
      vertex   1.071887e+02 1.063948e+01 2.800000e+01
      vertex   1.007164e+02 9.160567e+00 2.800000e+01
    endloop
  endfacet
  facet normal 0.000000e+00 0.000000e+00 1.000000e+00
    outer loop
      vertex   1.007164e+02 9.160567e+00 2.800000e+01
      vertex   1.071887e+02 1.063948e+01 2.800000e+01
      vertex   1.070682e+02 1.117703e+01 2.800000e+01
    endloop
  endfacet
  facet normal 0.000000e+00 -0.000000e+00 1.000000e+00
    outer loop
      vertex   1.007164e+02 9.160567e+00 2.800000e+01
      vertex   1.070682e+02 1.117703e+01 2.800000e+01
      vertex   1.004600e+02 1.000594e+01 2.800000e+01
    endloop
  endfacet
  facet normal 0.000000e+00 0.000000e+00 1.000000e+00
    outer loop
      vertex   1.004600e+02 1.000594e+01 2.800000e+01
      vertex   1.070682e+02 1.117703e+01 2.800000e+01
      vertex   1.070076e+02 1.172456e+01 2.800000e+01
    endloop
  endfacet
  facet normal 0.000000e+00 -0.000000e+00 1.000000e+00
    outer loop
      vertex   1.004600e+02 1.000594e+01 2.800000e+01
      vertex   1.070076e+02 1.172456e+01 2.800000e+01
      vertex   1.002594e+02 1.086628e+01 2.800000e+01
    endloop
  endfacet
  facet normal 0.000000e+00 -0.000000e+00 1.000000e+00
    outer loop
      vertex   1.002594e+02 1.086628e+01 2.800000e+01
      vertex   1.070076e+02 1.172456e+01 2.800000e+01
      vertex   1.001155e+02 1.173790e+01 2.800000e+01
    endloop
  endfacet
  facet normal -0.000000e+00 0.000000e+00 1.000000e+00
    outer loop
      vertex   1.001155e+02 1.173790e+01 2.800000e+01
      vertex   1.070076e+02 1.172456e+01 2.800000e+01
      vertex   1.070076e+02 1.227544e+01 2.800000e+01
    endloop
  endfacet
  facet normal 0.000000e+00 -0.000000e+00 1.000000e+00
    outer loop
      vertex   1.001155e+02 1.173790e+01 2.800000e+01
      vertex   1.070076e+02 1.227544e+01 2.800000e+01
      vertex   1.000289e+02 1.261706e+01 2.800000e+01
    endloop
  endfacet
  facet normal -0.000000e+00 0.000000e+00 1.000000e+00
    outer loop
      vertex   1.000289e+02 1.261706e+01 2.800000e+01
      vertex   1.070076e+02 1.227544e+01 2.800000e+01
      vertex   1.070682e+02 1.282297e+01 2.800000e+01
    endloop
  endfacet
  facet normal 0.000000e+00 -0.000000e+00 1.000000e+00
    outer loop
      vertex   1.000289e+02 1.261706e+01 2.800000e+01
      vertex   1.070682e+02 1.282297e+01 2.800000e+01
      vertex   1.000000e+02 1.350000e+01 2.800000e+01
    endloop
  endfacet
  facet normal 0.000000e+00 0.000000e+00 1.000000e+00
    outer loop
      vertex   1.000000e+02 1.350000e+01 2.800000e+01
      vertex   1.070682e+02 1.282297e+01 2.800000e+01
      vertex   1.071887e+02 1.336052e+01 2.800000e+01
    endloop
  endfacet
  facet normal -0.000000e+00 0.000000e+00 1.000000e+00
    outer loop
      vertex   1.000000e+02 1.350000e+01 2.800000e+01
      vertex   1.071887e+02 1.336052e+01 2.800000e+01
      vertex   1.073675e+02 1.388155e+01 2.800000e+01
    endloop
  endfacet
  facet normal 0.000000e+00 -0.000000e+00 1.000000e+00
    outer loop
      vertex   1.073675e+02 1.388155e+01 2.800000e+01
      vertex   1.076026e+02 1.437974e+01 2.800000e+01
      vertex   1.000000e+02 1.350000e+01 2.800000e+01
    endloop
  endfacet
  facet normal 0.000000e+00 0.000000e+00 1.000000e+00
    outer loop
      vertex   1.000000e+02 1.350000e+01 2.800000e+01
      vertex   1.076026e+02 1.437974e+01 2.800000e+01
      vertex   1.078911e+02 1.484904e+01 2.800000e+01
    endloop
  endfacet
  facet normal 0.000000e+00 0.000000e+00 1.000000e+00
    outer loop
      vertex   1.000000e+02 1.350000e+01 2.800000e+01
      vertex   1.078911e+02 1.484904e+01 2.800000e+01
      vertex   1.082295e+02 1.528376e+01 2.800000e+01
    endloop
  endfacet
  facet normal 0.000000e+00 0.000000e+00 1.000000e+00
    outer loop
      vertex   1.000000e+02 1.350000e+01 2.800000e+01
      vertex   1.082295e+02 1.528376e+01 2.800000e+01
      vertex   1.000000e+02 2.800000e+01 2.800000e+01
    endloop
  endfacet
  facet normal 0.000000e+00 0.000000e+00 1.000000e+00
    outer loop
      vertex   1.000000e+02 2.800000e+01 2.800000e+01
      vertex   1.082295e+02 1.528376e+01 2.800000e+01
      vertex   1.086136e+02 1.567862e+01 2.800000e+01
    endloop
  endfacet
  facet normal 0.000000e+00 0.000000e+00 1.000000e+00
    outer loop
      vertex   1.000000e+02 2.800000e+01 2.800000e+01
      vertex   1.086136e+02 1.567862e+01 2.800000e+01
      vertex   1.090388e+02 1.602883e+01 2.800000e+01
    endloop
  endfacet
  facet normal 0.000000e+00 -0.000000e+00 1.000000e+00
    outer loop
      vertex   1.090388e+02 1.602883e+01 2.800000e+01
      vertex   1.095000e+02 1.633013e+01 2.800000e+01
      vertex   1.000000e+02 2.800000e+01 2.800000e+01
    endloop
  endfacet
  facet normal 0.000000e+00 0.000000e+00 1.000000e+00
    outer loop
      vertex   1.000000e+02 2.800000e+01 2.800000e+01
      vertex   1.095000e+02 1.633013e+01 2.800000e+01
      vertex   1.099915e+02 1.657887e+01 2.800000e+01
    endloop
  endfacet
  facet normal 0.000000e+00 0.000000e+00 1.000000e+00
    outer loop
      vertex   1.000000e+02 2.800000e+01 2.800000e+01
      vertex   1.099915e+02 1.657887e+01 2.800000e+01
      vertex   1.105074e+02 1.677203e+01 2.800000e+01
    endloop
  endfacet
  facet normal 0.000000e+00 -0.000000e+00 1.000000e+00
    outer loop
      vertex   1.105074e+02 1.677203e+01 2.800000e+01
      vertex   1.110414e+02 1.690726e+01 2.800000e+01
      vertex   1.000000e+02 2.800000e+01 2.800000e+01
    endloop
  endfacet
  facet normal 0.000000e+00 0.000000e+00 1.000000e+00
    outer loop
      vertex   1.000000e+02 2.800000e+01 2.800000e+01
      vertex   1.110414e+02 1.690726e+01 2.800000e+01
      vertex   1.115871e+02 1.698292e+01 2.800000e+01
    endloop
  endfacet
  facet normal 0.000000e+00 0.000000e+00 1.000000e+00
    outer loop
      vertex   1.000000e+02 2.800000e+01 2.800000e+01
      vertex   1.115871e+02 1.698292e+01 2.800000e+01
      vertex   1.220000e+02 2.800000e+01 2.800000e+01
    endloop
  endfacet
  facet normal 0.000000e+00 0.000000e+00 1.000000e+00
    outer loop
      vertex   1.220000e+02 2.800000e+01 2.800000e+01
      vertex   1.115871e+02 1.698292e+01 2.800000e+01
      vertex   1.121378e+02 1.699810e+01 2.800000e+01
    endloop
  endfacet
  facet normal 0.000000e+00 0.000000e+00 1.000000e+00
    outer loop
      vertex   1.220000e+02 2.800000e+01 2.800000e+01
      vertex   1.121378e+02 1.699810e+01 2.800000e+01
      vertex   1.126868e+02 1.695261e+01 2.800000e+01
    endloop
  endfacet
  facet normal -0.000000e+00 0.000000e+00 1.000000e+00
    outer loop
      vertex   1.126868e+02 1.695261e+01 2.800000e+01
      vertex   1.132274e+02 1.684700e+01 2.800000e+01
      vertex   1.220000e+02 2.800000e+01 2.800000e+01
    endloop
  endfacet
  facet normal 0.000000e+00 0.000000e+00 1.000000e+00
    outer loop
      vertex   1.220000e+02 2.800000e+01 2.800000e+01
      vertex   1.132274e+02 1.684700e+01 2.800000e+01
      vertex   1.137532e+02 1.668256e+01 2.800000e+01
    endloop
  endfacet
  facet normal 0.000000e+00 0.000000e+00 1.000000e+00
    outer loop
      vertex   1.220000e+02 2.800000e+01 2.800000e+01
      vertex   1.137532e+02 1.668256e+01 2.800000e+01
      vertex   1.142577e+02 1.646127e+01 2.800000e+01
    endloop
  endfacet
  facet normal -0.000000e+00 0.000000e+00 1.000000e+00
    outer loop
      vertex   1.142577e+02 1.646127e+01 2.800000e+01
      vertex   1.147347e+02 1.618583e+01 2.800000e+01
      vertex   1.220000e+02 2.800000e+01 2.800000e+01
    endloop
  endfacet
  facet normal 0.000000e+00 0.000000e+00 1.000000e+00
    outer loop
      vertex   1.220000e+02 2.800000e+01 2.800000e+01
      vertex   1.147347e+02 1.618583e+01 2.800000e+01
      vertex   1.250000e+02 2.500000e+01 2.800000e+01
    endloop
  endfacet
  facet normal 0.000000e+00 0.000000e+00 1.000000e+00
    outer loop
      vertex   1.250000e+02 2.500000e+01 2.800000e+01
      vertex   1.147347e+02 1.618583e+01 2.800000e+01
      vertex   1.151786e+02 1.585958e+01 2.800000e+01
    endloop
  endfacet
  facet normal 0.000000e+00 0.000000e+00 1.000000e+00
    outer loop
      vertex   1.250000e+02 2.500000e+01 2.800000e+01
      vertex   1.151786e+02 1.585958e+01 2.800000e+01
      vertex   1.155839e+02 1.548648e+01 2.800000e+01
    endloop
  endfacet
  facet normal -0.000000e+00 0.000000e+00 1.000000e+00
    outer loop
      vertex   1.155839e+02 1.548648e+01 2.800000e+01
      vertex   1.159457e+02 1.507106e+01 2.800000e+01
      vertex   1.250000e+02 2.500000e+01 2.800000e+01
    endloop
  endfacet
  facet normal 0.000000e+00 0.000000e+00 1.000000e+00
    outer loop
      vertex   1.250000e+02 2.500000e+01 2.800000e+01
      vertex   1.159457e+02 1.507106e+01 2.800000e+01
      vertex   1.280000e+02 2.200000e+01 2.800000e+01
    endloop
  endfacet
  facet normal 0.000000e+00 0.000000e+00 1.000000e+00
    outer loop
      vertex   1.280000e+02 2.200000e+01 2.800000e+01
      vertex   1.159457e+02 1.507106e+01 2.800000e+01
      vertex   1.162596e+02 1.461836e+01 2.800000e+01
    endloop
  endfacet
  facet normal 0.000000e+00 0.000000e+00 1.000000e+00
    outer loop
      vertex   1.280000e+02 2.200000e+01 2.800000e+01
      vertex   1.162596e+02 1.461836e+01 2.800000e+01
      vertex   1.165218e+02 1.413388e+01 2.800000e+01
    endloop
  endfacet
  facet normal -0.000000e+00 0.000000e+00 1.000000e+00
    outer loop
      vertex   1.165218e+02 1.413388e+01 2.800000e+01
      vertex   1.167291e+02 1.362350e+01 2.800000e+01
      vertex   1.280000e+02 2.200000e+01 2.800000e+01
    endloop
  endfacet
  facet normal 0.000000e+00 0.000000e+00 1.000000e+00
    outer loop
      vertex   1.280000e+02 2.200000e+01 2.800000e+01
      vertex   1.167291e+02 1.362350e+01 2.800000e+01
      vertex   1.168790e+02 1.309341e+01 2.800000e+01
    endloop
  endfacet
  facet normal 0.000000e+00 0.000000e+00 1.000000e+00
    outer loop
      vertex   1.280000e+02 2.200000e+01 2.800000e+01
      vertex   1.168790e+02 1.309341e+01 2.800000e+01
      vertex   1.169697e+02 1.255004e+01 2.800000e+01
    endloop
  endfacet
  facet normal -0.000000e+00 9.961947e-01 8.715574e-02
    outer loop
      vertex   1.000000e+02 2.996962e+01 2.634730e+01
      vertex   1.073333e+02 2.996962e+01 2.634730e+01
      vertex   1.000000e+02 3.000000e+01 2.600000e+01
    endloop
  endfacet
  facet normal 4.206922e-17 9.961947e-01 8.715574e-02
    outer loop
      vertex   1.000000e+02 3.000000e+01 2.600000e+01
      vertex   1.073333e+02 2.996962e+01 2.634730e+01
      vertex   1.146667e+02 2.996962e+01 2.634730e+01
    endloop
  endfacet
  facet normal -6.368952e-04 9.935015e-01 1.138168e-01
    outer loop
      vertex   1.000000e+02 3.000000e+01 2.600000e+01
      vertex   1.146667e+02 2.996962e+01 2.634730e+01
      vertex   1.200096e+02 2.999037e+01 2.619603e+01
    endloop
  endfacet
  facet normal 3.104054e-04 9.891831e-01 1.466854e-01
    outer loop
      vertex   1.200096e+02 2.999037e+01 2.619603e+01
      vertex   1.146667e+02 2.996962e+01 2.634730e+01
      vertex   1.200384e+02 2.996157e+01 2.639018e+01
    endloop
  endfacet
  facet normal -4.879864e-04 9.700023e-01 2.430952e-01
    outer loop
      vertex   1.200384e+02 2.996157e+01 2.639018e+01
      vertex   1.146667e+02 2.996962e+01 2.634730e+01
      vertex   1.200861e+02 2.991388e+01 2.658057e+01
    endloop
  endfacet
  facet normal -1.206722e-03 9.659251e-01 2.588189e-01
    outer loop
      vertex   1.200861e+02 2.991388e+01 2.658057e+01
      vertex   1.146667e+02 2.996962e+01 2.634730e+01
      vertex   1.146667e+02 2.987939e+01 2.668404e+01
    endloop
  endfacet
  facet normal 4.360808e-04 9.415935e-01 3.367515e-01
    outer loop
      vertex   1.200861e+02 2.991388e+01 2.658057e+01
      vertex   1.146667e+02 2.987939e+01 2.668404e+01
      vertex   1.201522e+02 2.984776e+01 2.676537e+01
    endloop
  endfacet
  facet normal -1.040373e-03 9.063073e-01 4.226180e-01
    outer loop
      vertex   1.201522e+02 2.984776e+01 2.676537e+01
      vertex   1.146667e+02 2.987939e+01 2.668404e+01
      vertex   1.146667e+02 2.973205e+01 2.700000e+01
    endloop
  endfacet
  facet normal -7.647160e-04 9.038492e-01 4.278505e-01
    outer loop
      vertex   1.201522e+02 2.984776e+01 2.676537e+01
      vertex   1.146667e+02 2.973205e+01 2.700000e+01
      vertex   1.202362e+02 2.976384e+01 2.694279e+01
    endloop
  endfacet
  facet normal 3.821733e-04 8.578295e-01 5.139342e-01
    outer loop
      vertex   1.202362e+02 2.976384e+01 2.694279e+01
      vertex   1.146667e+02 2.973205e+01 2.700000e+01
      vertex   1.203371e+02 2.966294e+01 2.711114e+01
    endloop
  endfacet
  facet normal -1.258228e-03 8.191514e-01 5.735760e-01
    outer loop
      vertex   1.203371e+02 2.966294e+01 2.711114e+01
      vertex   1.146667e+02 2.973205e+01 2.700000e+01
      vertex   1.146667e+02 2.953209e+01 2.728558e+01
    endloop
  endfacet
  facet normal -2.050442e-04 8.031347e-01 5.957974e-01
    outer loop
      vertex   1.203371e+02 2.966294e+01 2.711114e+01
      vertex   1.146667e+02 2.953209e+01 2.728558e+01
      vertex   1.204540e+02 2.954602e+01 2.726879e+01
    endloop
  endfacet
  facet normal 1.640177e-04 7.410251e-01 6.714773e-01
    outer loop
      vertex   1.204540e+02 2.954602e+01 2.726879e+01
      vertex   1.146667e+02 2.953209e+01 2.728558e+01
      vertex   1.205858e+02 2.941421e+01 2.741421e+01
    endloop
  endfacet
  facet normal -1.285765e-03 7.071062e-01 7.071062e-01
    outer loop
      vertex   1.205858e+02 2.941421e+01 2.741421e+01
      vertex   1.146667e+02 2.953209e+01 2.728558e+01
      vertex   1.146667e+02 2.928558e+01 2.753209e+01
    endloop
  endfacet
  facet normal 1.573347e-04 6.716453e-01 7.408728e-01
    outer loop
      vertex   1.205858e+02 2.941421e+01 2.741421e+01
      vertex   1.146667e+02 2.928558e+01 2.753209e+01
      vertex   1.207312e+02 2.926879e+01 2.754602e+01
    endloop
  endfacet
  facet normal -1.966770e-04 5.955724e-01 8.033016e-01
    outer loop
      vertex   1.207312e+02 2.926879e+01 2.754602e+01
      vertex   1.146667e+02 2.928558e+01 2.753209e+01
      vertex   1.208889e+02 2.911114e+01 2.766294e+01
    endloop
  endfacet
  facet normal -1.146646e-03 5.735761e-01 8.191515e-01
    outer loop
      vertex   1.208889e+02 2.911114e+01 2.766294e+01
      vertex   1.146667e+02 2.928558e+01 2.753209e+01
      vertex   1.146667e+02 2.900000e+01 2.773205e+01
    endloop
  endfacet
  facet normal 3.380512e-04 5.143514e-01 8.575795e-01
    outer loop
      vertex   1.208889e+02 2.911114e+01 2.766294e+01
      vertex   1.146667e+02 2.900000e+01 2.773205e+01
      vertex   1.210572e+02 2.894279e+01 2.776384e+01
    endloop
  endfacet
  facet normal -6.760530e-04 4.270024e-01 9.042502e-01
    outer loop
      vertex   1.210572e+02 2.894279e+01 2.776384e+01
      vertex   1.146667e+02 2.900000e+01 2.773205e+01
      vertex   1.212346e+02 2.876537e+01 2.784776e+01
    endloop
  endfacet
  facet normal -8.689210e-04 4.226181e-01 9.063074e-01
    outer loop
      vertex   1.212346e+02 2.876537e+01 2.784776e+01
      vertex   1.146667e+02 2.900000e+01 2.773205e+01
      vertex   1.146667e+02 2.868404e+01 2.787939e+01
    endloop
  endfacet
  facet normal 3.577903e-04 3.372070e-01 9.414305e-01
    outer loop
      vertex   1.212346e+02 2.876537e+01 2.784776e+01
      vertex   1.146667e+02 2.868404e+01 2.787939e+01
      vertex   1.214194e+02 2.858057e+01 2.791388e+01
    endloop
  endfacet
  facet normal -9.684590e-04 2.588189e-01 9.659254e-01
    outer loop
      vertex   1.214194e+02 2.858057e+01 2.791388e+01
      vertex   1.146667e+02 2.868404e+01 2.787939e+01
      vertex   1.146667e+02 2.834730e+01 2.796962e+01
    endloop
  endfacet
  facet normal -3.745216e-04 2.426277e-01 9.701194e-01
    outer loop
      vertex   1.214194e+02 2.858057e+01 2.791388e+01
      vertex   1.146667e+02 2.834730e+01 2.796962e+01
      vertex   1.216098e+02 2.839018e+01 2.796157e+01
    endloop
  endfacet
  facet normal 2.383870e-04 1.469637e-01 9.891419e-01
    outer loop
      vertex   1.216098e+02 2.839018e+01 2.796157e+01
      vertex   1.146667e+02 2.834730e+01 2.796962e+01
      vertex   1.218040e+02 2.819603e+01 2.799037e+01
    endloop
  endfacet
  facet normal -1.904952e-03 4.716713e-02 9.988852e-01
    outer loop
      vertex   1.218040e+02 2.819603e+01 2.799037e+01
      vertex   1.146667e+02 2.834730e+01 2.796962e+01
      vertex   1.220000e+02 2.800000e+01 2.800000e+01
    endloop
  endfacet
  facet normal 0.000000e+00 8.715574e-02 9.961947e-01
    outer loop
      vertex   1.220000e+02 2.800000e+01 2.800000e+01
      vertex   1.146667e+02 2.834730e+01 2.796962e+01
      vertex   1.073333e+02 2.834730e+01 2.796962e+01
    endloop
  endfacet
  facet normal 2.814904e-17 8.715574e-02 9.961947e-01
    outer loop
      vertex   1.220000e+02 2.800000e+01 2.800000e+01
      vertex   1.073333e+02 2.834730e+01 2.796962e+01
      vertex   1.000000e+02 2.800000e+01 2.800000e+01
    endloop
  endfacet
  facet normal 8.413845e-17 8.715574e-02 9.961947e-01
    outer loop
      vertex   1.000000e+02 2.800000e+01 2.800000e+01
      vertex   1.073333e+02 2.834730e+01 2.796962e+01
      vertex   1.000000e+02 2.834730e+01 2.796962e+01
    endloop
  endfacet
  facet normal 2.507754e-16 2.588190e-01 9.659258e-01
    outer loop
      vertex   1.000000e+02 2.834730e+01 2.796962e+01
      vertex   1.073333e+02 2.834730e+01 2.796962e+01
      vertex   1.000000e+02 2.868404e+01 2.787939e+01
    endloop
  endfacet
  facet normal 1.253877e-16 2.588190e-01 9.659258e-01
    outer loop
      vertex   1.000000e+02 2.868404e+01 2.787939e+01
      vertex   1.073333e+02 2.834730e+01 2.796962e+01
      vertex   1.073333e+02 2.868404e+01 2.787939e+01
    endloop
  endfacet
  facet normal 2.047420e-16 4.226183e-01 9.063078e-01
    outer loop
      vertex   1.000000e+02 2.868404e+01 2.787939e+01
      vertex   1.073333e+02 2.868404e+01 2.787939e+01
      vertex   1.000000e+02 2.900000e+01 2.773205e+01
    endloop
  endfacet
  facet normal 2.047420e-16 4.226183e-01 9.063078e-01
    outer loop
      vertex   1.000000e+02 2.900000e+01 2.773205e+01
      vertex   1.073333e+02 2.868404e+01 2.787939e+01
      vertex   1.073333e+02 2.900000e+01 2.773205e+01
    endloop
  endfacet
  facet normal 2.778754e-16 5.735764e-01 8.191520e-01
    outer loop
      vertex   1.000000e+02 2.900000e+01 2.773205e+01
      vertex   1.073333e+02 2.900000e+01 2.773205e+01
      vertex   1.000000e+02 2.928558e+01 2.753209e+01
    endloop
  endfacet
  facet normal -0.000000e+00 5.735764e-01 8.191520e-01
    outer loop
      vertex   1.000000e+02 2.928558e+01 2.753209e+01
      vertex   1.073333e+02 2.900000e+01 2.773205e+01
      vertex   1.073333e+02 2.928558e+01 2.753209e+01
    endloop
  endfacet
  facet normal -0.000000e+00 7.071068e-01 7.071068e-01
    outer loop
      vertex   1.000000e+02 2.928558e+01 2.753209e+01
      vertex   1.073333e+02 2.928558e+01 2.753209e+01
      vertex   1.000000e+02 2.953209e+01 2.728558e+01
    endloop
  endfacet
  facet normal -0.000000e+00 7.071068e-01 7.071068e-01
    outer loop
      vertex   1.000000e+02 2.953209e+01 2.728558e+01
      vertex   1.073333e+02 2.928558e+01 2.753209e+01
      vertex   1.073333e+02 2.953209e+01 2.728558e+01
    endloop
  endfacet
  facet normal -0.000000e+00 8.191520e-01 5.735764e-01
    outer loop
      vertex   1.000000e+02 2.953209e+01 2.728558e+01
      vertex   1.073333e+02 2.953209e+01 2.728558e+01
      vertex   1.000000e+02 2.973205e+01 2.700000e+01
    endloop
  endfacet
  facet normal 3.968472e-16 8.191520e-01 5.735764e-01
    outer loop
      vertex   1.000000e+02 2.973205e+01 2.700000e+01
      vertex   1.073333e+02 2.953209e+01 2.728558e+01
      vertex   1.073333e+02 2.973205e+01 2.700000e+01
    endloop
  endfacet
  facet normal 4.390707e-16 9.063078e-01 4.226183e-01
    outer loop
      vertex   1.000000e+02 2.973205e+01 2.700000e+01
      vertex   1.073333e+02 2.973205e+01 2.700000e+01
      vertex   1.000000e+02 2.987939e+01 2.668404e+01
    endloop
  endfacet
  facet normal 4.390707e-16 9.063078e-01 4.226183e-01
    outer loop
      vertex   1.000000e+02 2.987939e+01 2.668404e+01
      vertex   1.073333e+02 2.973205e+01 2.700000e+01
      vertex   1.073333e+02 2.987939e+01 2.668404e+01
    endloop
  endfacet
  facet normal 4.679533e-16 9.659258e-01 2.588190e-01
    outer loop
      vertex   1.000000e+02 2.987939e+01 2.668404e+01
      vertex   1.073333e+02 2.987939e+01 2.668404e+01
      vertex   1.000000e+02 2.996962e+01 2.634730e+01
    endloop
  endfacet
  facet normal -0.000000e+00 9.659258e-01 2.588190e-01
    outer loop
      vertex   1.000000e+02 2.996962e+01 2.634730e+01
      vertex   1.073333e+02 2.987939e+01 2.668404e+01
      vertex   1.073333e+02 2.996962e+01 2.634730e+01
    endloop
  endfacet
  facet normal 0.000000e+00 9.987955e-01 4.906767e-02
    outer loop
      vertex   1.200096e+02 2.999037e+01 2.619603e+01
      vertex   1.200000e+02 3.000000e+01 2.600000e+01
      vertex   1.000000e+02 3.000000e+01 2.600000e+01
    endloop
  endfacet
  facet normal 1.262077e-16 9.659258e-01 2.588190e-01
    outer loop
      vertex   1.146667e+02 2.987939e+01 2.668404e+01
      vertex   1.146667e+02 2.996962e+01 2.634730e+01
      vertex   1.073333e+02 2.996962e+01 2.634730e+01
    endloop
  endfacet
  facet normal 0.000000e+00 9.659258e-01 2.588190e-01
    outer loop
      vertex   1.146667e+02 2.987939e+01 2.668404e+01
      vertex   1.073333e+02 2.996962e+01 2.634730e+01
      vertex   1.073333e+02 2.987939e+01 2.668404e+01
    endloop
  endfacet
  facet normal 0.000000e+00 9.063078e-01 4.226183e-01
    outer loop
      vertex   1.146667e+02 2.973205e+01 2.700000e+01
      vertex   1.146667e+02 2.987939e+01 2.668404e+01
      vertex   1.073333e+02 2.987939e+01 2.668404e+01
    endloop
  endfacet
  facet normal 0.000000e+00 9.063078e-01 4.226183e-01
    outer loop
      vertex   1.146667e+02 2.973205e+01 2.700000e+01
      vertex   1.073333e+02 2.987939e+01 2.668404e+01
      vertex   1.073333e+02 2.973205e+01 2.700000e+01
    endloop
  endfacet
  facet normal 0.000000e+00 8.191520e-01 5.735764e-01
    outer loop
      vertex   1.146667e+02 2.953209e+01 2.728558e+01
      vertex   1.146667e+02 2.973205e+01 2.700000e+01
      vertex   1.073333e+02 2.973205e+01 2.700000e+01
    endloop
  endfacet
  facet normal 1.189718e-16 8.191520e-01 5.735764e-01
    outer loop
      vertex   1.146667e+02 2.953209e+01 2.728558e+01
      vertex   1.073333e+02 2.973205e+01 2.700000e+01
      vertex   1.073333e+02 2.953209e+01 2.728558e+01
    endloop
  endfacet
  facet normal 0.000000e+00 7.071068e-01 7.071068e-01
    outer loop
      vertex   1.146667e+02 2.928558e+01 2.753209e+01
      vertex   1.146667e+02 2.953209e+01 2.728558e+01
      vertex   1.073333e+02 2.953209e+01 2.728558e+01
    endloop
  endfacet
  facet normal 0.000000e+00 7.071068e-01 7.071068e-01
    outer loop
      vertex   1.146667e+02 2.928558e+01 2.753209e+01
      vertex   1.073333e+02 2.953209e+01 2.728558e+01
      vertex   1.073333e+02 2.928558e+01 2.753209e+01
    endloop
  endfacet
  facet normal -1.194223e-16 5.735764e-01 8.191520e-01
    outer loop
      vertex   1.146667e+02 2.900000e+01 2.773205e+01
      vertex   1.146667e+02 2.928558e+01 2.753209e+01
      vertex   1.073333e+02 2.928558e+01 2.753209e+01
    endloop
  endfacet
  facet normal 0.000000e+00 5.735764e-01 8.191520e-01
    outer loop
      vertex   1.146667e+02 2.900000e+01 2.773205e+01
      vertex   1.073333e+02 2.928558e+01 2.753209e+01
      vertex   1.073333e+02 2.900000e+01 2.773205e+01
    endloop
  endfacet
  facet normal 0.000000e+00 4.226183e-01 9.063078e-01
    outer loop
      vertex   1.146667e+02 2.868404e+01 2.787939e+01
      vertex   1.146667e+02 2.900000e+01 2.773205e+01
      vertex   1.073333e+02 2.900000e+01 2.773205e+01
    endloop
  endfacet
  facet normal 0.000000e+00 4.226183e-01 9.063078e-01
    outer loop
      vertex   1.146667e+02 2.868404e+01 2.787939e+01
      vertex   1.073333e+02 2.900000e+01 2.773205e+01
      vertex   1.073333e+02 2.868404e+01 2.787939e+01
    endloop
  endfacet
  facet normal 0.000000e+00 2.588190e-01 9.659258e-01
    outer loop
      vertex   1.146667e+02 2.834730e+01 2.796962e+01
      vertex   1.146667e+02 2.868404e+01 2.787939e+01
      vertex   1.073333e+02 2.868404e+01 2.787939e+01
    endloop
  endfacet
  facet normal 0.000000e+00 2.588190e-01 9.659258e-01
    outer loop
      vertex   1.146667e+02 2.834730e+01 2.796962e+01
      vertex   1.073333e+02 2.868404e+01 2.787939e+01
      vertex   1.073333e+02 2.834730e+01 2.796962e+01
    endloop
  endfacet
  facet normal -0.000000e+00 -1.000000e+00 -0.000000e+00
    outer loop
      vertex   1.280000e+02 -2.000000e+00 2.600000e+01
      vertex   1.135000e+02 -2.000000e+00 2.600000e+01
      vertex   1.280000e+02 -2.000000e+00 1.050000e+01
    endloop
  endfacet
  facet normal 0.000000e+00 -1.000000e+00 0.000000e+00
    outer loop
      vertex   1.280000e+02 -2.000000e+00 1.050000e+01
      vertex   1.135000e+02 -2.000000e+00 2.600000e+01
      vertex   1.135000e+02 -2.000000e+00 1.050000e+01
    endloop
  endfacet
  facet normal 3.111445e-02 9.957124e-01 8.711354e-02
    outer loop
      vertex   1.000000e+02 2.996962e+01 2.634730e+01
      vertex   1.000000e+02 3.000000e+01 2.600000e+01
      vertex   9.991090e+01 2.997827e+01 2.628019e+01
    endloop
  endfacet
  facet normal -8.704898e-02 9.949743e-01 4.948269e-02
    outer loop
      vertex   9.991090e+01 2.997827e+01 2.628019e+01
      vertex   1.000000e+02 3.000000e+01 2.600000e+01
      vertex   9.965270e+01 2.996962e+01 2.600000e+01
    endloop
  endfacet
  facet normal -1.096452e-01 9.914736e-01 7.041339e-02
    outer loop
      vertex   9.991090e+01 2.997827e+01 2.628019e+01
      vertex   9.965270e+01 2.996962e+01 2.600000e+01
      vertex   9.959233e+01 2.995283e+01 2.614239e+01
    endloop
  endfacet
  facet normal -2.588168e-01 9.659175e-01 4.156340e-03
    outer loop
      vertex   9.959233e+01 2.995283e+01 2.614239e+01
      vertex   9.965270e+01 2.996962e+01 2.600000e+01
      vertex   9.931596e+01 2.987939e+01 2.600000e+01
    endloop
  endfacet
  facet normal -3.074527e-01 9.452769e-01 1.091992e-01
    outer loop
      vertex   9.959233e+01 2.995283e+01 2.614239e+01
      vertex   9.931596e+01 2.987939e+01 2.600000e+01
      vertex   9.948490e+01 2.988526e+01 2.642483e+01
    endloop
  endfacet
  facet normal -3.118368e-01 9.436337e-01 1.109653e-01
    outer loop
      vertex   9.948490e+01 2.988526e+01 2.642483e+01
      vertex   9.931596e+01 2.987939e+01 2.600000e+01
      vertex   9.917547e+01 2.979873e+01 2.629106e+01
    endloop
  endfacet
  facet normal -3.598102e-01 8.986123e-01 2.510628e-01
    outer loop
      vertex   9.948490e+01 2.988526e+01 2.642483e+01
      vertex   9.917547e+01 2.979873e+01 2.629106e+01
      vertex   9.908892e+01 2.968352e+01 2.657938e+01
    endloop
  endfacet
  facet normal -5.086800e-01 8.411894e-01 1.834258e-01
    outer loop
      vertex   9.908892e+01 2.968352e+01 2.657938e+01
      vertex   9.917547e+01 2.979873e+01 2.629106e+01
      vertex   9.880421e+01 2.954228e+01 2.643757e+01
    endloop
  endfacet
  facet normal -5.452177e-01 7.727594e-01 3.249316e-01
    outer loop
      vertex   9.908892e+01 2.968352e+01 2.657938e+01
      vertex   9.880421e+01 2.954228e+01 2.643757e+01
      vertex   9.903031e+01 2.952713e+01 2.685299e+01
    endloop
  endfacet
  facet normal -5.452177e-01 7.727594e-01 3.249316e-01
    outer loop
      vertex   9.903031e+01 2.952713e+01 2.685299e+01
      vertex   9.880421e+01 2.954228e+01 2.643757e+01
      vertex   9.874557e+01 2.938580e+01 2.671132e+01
    endloop
  endfacet
  facet normal -5.674530e-01 6.845064e-01 4.576550e-01
    outer loop
      vertex   9.903031e+01 2.952713e+01 2.685299e+01
      vertex   9.874557e+01 2.938580e+01 2.671132e+01
      vertex   9.900063e+01 2.933308e+01 2.710641e+01
    endloop
  endfacet
  facet normal -5.674530e-01 6.845064e-01 4.576550e-01
    outer loop
      vertex   9.900063e+01 2.933308e+01 2.710641e+01
      vertex   9.874557e+01 2.938580e+01 2.671132e+01
      vertex   9.871587e+01 2.919165e+01 2.696487e+01
    endloop
  endfacet
  facet normal -5.749292e-01 5.785570e-01 5.785570e-01
    outer loop
      vertex   9.900063e+01 2.933308e+01 2.710641e+01
      vertex   9.871587e+01 2.919165e+01 2.696487e+01
      vertex   9.900063e+01 2.910641e+01 2.733308e+01
    endloop
  endfacet
  facet normal -5.749292e-01 5.785570e-01 5.785570e-01
    outer loop
      vertex   9.900063e+01 2.910641e+01 2.733308e+01
      vertex   9.871587e+01 2.919165e+01 2.696487e+01
      vertex   9.871587e+01 2.896487e+01 2.719165e+01
    endloop
  endfacet
  facet normal -5.674530e-01 4.576550e-01 6.845064e-01
    outer loop
      vertex   9.900063e+01 2.910641e+01 2.733308e+01
      vertex   9.871587e+01 2.896487e+01 2.719165e+01
      vertex   9.903031e+01 2.885299e+01 2.752713e+01
    endloop
  endfacet
  facet normal -5.674530e-01 4.576550e-01 6.845064e-01
    outer loop
      vertex   9.903031e+01 2.885299e+01 2.752713e+01
      vertex   9.871587e+01 2.896487e+01 2.719165e+01
      vertex   9.874557e+01 2.871132e+01 2.738580e+01
    endloop
  endfacet
  facet normal -5.452177e-01 3.249316e-01 7.727594e-01
    outer loop
      vertex   9.903031e+01 2.885299e+01 2.752713e+01
      vertex   9.874557e+01 2.871132e+01 2.738580e+01
      vertex   9.908892e+01 2.857938e+01 2.768352e+01
    endloop
  endfacet
  facet normal -5.452177e-01 3.249316e-01 7.727594e-01
    outer loop
      vertex   9.908892e+01 2.857938e+01 2.768352e+01
      vertex   9.874557e+01 2.871132e+01 2.738580e+01
      vertex   9.880421e+01 2.843757e+01 2.754228e+01
    endloop
  endfacet
  facet normal -5.086800e-01 1.834258e-01 8.411894e-01
    outer loop
      vertex   9.908892e+01 2.857938e+01 2.768352e+01
      vertex   9.880421e+01 2.843757e+01 2.754228e+01
      vertex   9.917547e+01 2.829107e+01 2.779873e+01
    endloop
  endfacet
  facet normal -5.087649e-01 1.832049e-01 8.411862e-01
    outer loop
      vertex   9.917547e+01 2.829107e+01 2.779873e+01
      vertex   9.880421e+01 2.843757e+01 2.754228e+01
      vertex   9.889102e+01 2.814847e+01 2.765775e+01
    endloop
  endfacet
  facet normal -4.772004e-01 8.735913e-02 8.744416e-01
    outer loop
      vertex   9.917547e+01 2.829107e+01 2.779873e+01
      vertex   9.889102e+01 2.814847e+01 2.765775e+01
      vertex   9.900000e+01 2.800000e+01 2.773205e+01
    endloop
  endfacet
  facet normal -5.735414e-01 -1.105196e-02 8.191020e-01
    outer loop
      vertex   9.900000e+01 2.800000e+01 2.773205e+01
      vertex   9.889102e+01 2.814847e+01 2.765775e+01
      vertex   9.871442e+01 2.800000e+01 2.753209e+01
    endloop
  endfacet
  facet normal -6.398180e-01 1.183435e-01 7.593601e-01
    outer loop
      vertex   9.871442e+01 2.800000e+01 2.753209e+01
      vertex   9.889102e+01 2.814847e+01 2.765775e+01
      vertex   9.855571e+01 2.828250e+01 2.735433e+01
    endloop
  endfacet
  facet normal -7.063051e-01 4.760417e-02 7.063051e-01
    outer loop
      vertex   9.871442e+01 2.800000e+01 2.753209e+01
      vertex   9.855571e+01 2.828250e+01 2.735433e+01
      vertex   9.846791e+01 2.800000e+01 2.728558e+01
    endloop
  endfacet
  facet normal -7.726741e-01 8.709386e-02 6.288000e-01
    outer loop
      vertex   9.846791e+01 2.800000e+01 2.728558e+01
      vertex   9.855571e+01 2.828250e+01 2.735433e+01
      vertex   9.835094e+01 2.811888e+01 2.712537e+01
    endloop
  endfacet
  facet normal -8.187047e-01 -3.304414e-02 5.732632e-01
    outer loop
      vertex   9.846791e+01 2.800000e+01 2.728558e+01
      vertex   9.835094e+01 2.811888e+01 2.712537e+01
      vertex   9.826795e+01 2.800000e+01 2.700000e+01
    endloop
  endfacet
  facet normal -8.684028e-01 9.245774e-02 4.871634e-01
    outer loop
      vertex   9.826795e+01 2.800000e+01 2.700000e+01
      vertex   9.835094e+01 2.811888e+01 2.712537e+01
      vertex   9.829752e+01 2.836829e+01 2.698281e+01
    endloop
  endfacet
  facet normal -8.833399e-01 9.236741e-02 4.595421e-01
    outer loop
      vertex   9.826795e+01 2.800000e+01 2.700000e+01
      vertex   9.829752e+01 2.836829e+01 2.698281e+01
      vertex   9.814777e+01 2.817732e+01 2.673334e+01
    endloop
  endfacet
  facet normal -8.995377e-01 1.942325e-01 3.912872e-01
    outer loop
      vertex   9.814777e+01 2.817732e+01 2.673334e+01
      vertex   9.829752e+01 2.836829e+01 2.698281e+01
      vertex   9.812328e+01 2.838634e+01 2.657330e+01
    endloop
  endfacet
  facet normal -9.598732e-01 9.073387e-02 2.653504e-01
    outer loop
      vertex   9.814777e+01 2.817732e+01 2.673334e+01
      vertex   9.812328e+01 2.838634e+01 2.657330e+01
      vertex   9.803294e+01 2.816169e+01 2.632331e+01
    endloop
  endfacet
  facet normal -9.656280e-01 1.837969e-01 1.837969e-01
    outer loop
      vertex   9.803294e+01 2.816169e+01 2.632331e+01
      vertex   9.812328e+01 2.838634e+01 2.657330e+01
      vertex   9.803294e+01 2.832331e+01 2.616169e+01
    endloop
  endfacet
  facet normal -9.954190e-01 6.760584e-02 6.760584e-02
    outer loop
      vertex   9.803294e+01 2.816169e+01 2.632331e+01
      vertex   9.803294e+01 2.832331e+01 2.616169e+01
      vertex   9.800000e+01 2.800000e+01 2.600000e+01
    endloop
  endfacet
  facet normal -9.957855e-01 8.711994e-02 2.866015e-02
    outer loop
      vertex   9.800000e+01 2.800000e+01 2.600000e+01
      vertex   9.803294e+01 2.832331e+01 2.616169e+01
      vertex   9.803038e+01 2.834730e+01 2.600000e+01
    endloop
  endfacet
  facet normal -9.620433e-01 2.673261e-01 5.485747e-02
    outer loop
      vertex   9.803038e+01 2.834730e+01 2.600000e+01
      vertex   9.803294e+01 2.832331e+01 2.616169e+01
      vertex   9.814777e+01 2.873334e+01 2.617732e+01
    endloop
  endfacet
  facet normal -9.631520e-01 2.580758e-01 7.573010e-02
    outer loop
      vertex   9.803038e+01 2.834730e+01 2.600000e+01
      vertex   9.814777e+01 2.873334e+01 2.617732e+01
      vertex   9.812061e+01 2.868404e+01 2.600000e+01
    endloop
  endfacet
  facet normal -9.061027e-01 4.225226e-01 2.127075e-02
    outer loop
      vertex   9.812061e+01 2.868404e+01 2.600000e+01
      vertex   9.814777e+01 2.873334e+01 2.617732e+01
      vertex   9.826795e+01 2.900000e+01 2.600000e+01
    endloop
  endfacet
  facet normal -8.833399e-01 4.595421e-01 9.236741e-02
    outer loop
      vertex   9.826795e+01 2.900000e+01 2.600000e+01
      vertex   9.814777e+01 2.873334e+01 2.617732e+01
      vertex   9.829752e+01 2.898281e+01 2.636829e+01
    endloop
  endfacet
  facet normal -8.684028e-01 4.871634e-01 9.245774e-02
    outer loop
      vertex   9.826795e+01 2.900000e+01 2.600000e+01
      vertex   9.829752e+01 2.898281e+01 2.636829e+01
      vertex   9.835094e+01 2.912537e+01 2.611888e+01
    endloop
  endfacet
  facet normal -7.911925e-01 5.883681e-01 1.668453e-01
    outer loop
      vertex   9.835094e+01 2.912537e+01 2.611888e+01
      vertex   9.829752e+01 2.898281e+01 2.636829e+01
      vertex   9.849882e+01 2.920251e+01 2.654810e+01
    endloop
  endfacet
  facet normal -7.911925e-01 5.883681e-01 1.668453e-01
    outer loop
      vertex   9.835094e+01 2.912537e+01 2.611888e+01
      vertex   9.849882e+01 2.920251e+01 2.654810e+01
      vertex   9.855571e+01 2.935433e+01 2.628250e+01
    endloop
  endfacet
  facet normal -6.783922e-01 6.909802e-01 2.496605e-01
    outer loop
      vertex   9.855571e+01 2.935433e+01 2.628250e+01
      vertex   9.849882e+01 2.920251e+01 2.654810e+01
      vertex   9.874557e+01 2.938580e+01 2.671132e+01
    endloop
  endfacet
  facet normal -6.783922e-01 6.909802e-01 2.496605e-01
    outer loop
      vertex   9.855571e+01 2.935433e+01 2.628250e+01
      vertex   9.874557e+01 2.938580e+01 2.671132e+01
      vertex   9.880421e+01 2.954228e+01 2.643757e+01
    endloop
  endfacet
  facet normal -4.221492e-01 9.053019e-01 4.710045e-02
    outer loop
      vertex   9.931596e+01 2.987939e+01 2.600000e+01
      vertex   9.900000e+01 2.973205e+01 2.600000e+01
      vertex   9.917547e+01 2.979873e+01 2.629106e+01
    endloop
  endfacet
  facet normal -4.772004e-01 8.744416e-01 8.735913e-02
    outer loop
      vertex   9.917547e+01 2.979873e+01 2.629106e+01
      vertex   9.900000e+01 2.973205e+01 2.600000e+01
      vertex   9.889102e+01 2.965775e+01 2.614847e+01
    endloop
  endfacet
  facet normal -5.087649e-01 8.411862e-01 1.832049e-01
    outer loop
      vertex   9.917547e+01 2.979873e+01 2.629106e+01
      vertex   9.889102e+01 2.965775e+01 2.614847e+01
      vertex   9.880421e+01 2.954228e+01 2.643757e+01
    endloop
  endfacet
  facet normal -6.423334e-01 7.584815e-01 1.100618e-01
    outer loop
      vertex   9.880421e+01 2.954228e+01 2.643757e+01
      vertex   9.889102e+01 2.965775e+01 2.614847e+01
      vertex   9.855571e+01 2.935433e+01 2.628250e+01
    endloop
  endfacet
  facet normal -5.735414e-01 8.191020e-01 -1.105196e-02
    outer loop
      vertex   9.900000e+01 2.973205e+01 2.600000e+01
      vertex   9.871442e+01 2.953209e+01 2.600000e+01
      vertex   9.889102e+01 2.965775e+01 2.614847e+01
    endloop
  endfacet
  facet normal -6.398180e-01 7.593601e-01 1.183435e-01
    outer loop
      vertex   9.889102e+01 2.965775e+01 2.614847e+01
      vertex   9.871442e+01 2.953209e+01 2.600000e+01
      vertex   9.855571e+01 2.935433e+01 2.628250e+01
    endloop
  endfacet
  facet normal -7.063051e-01 7.063051e-01 4.760417e-02
    outer loop
      vertex   9.871442e+01 2.953209e+01 2.600000e+01
      vertex   9.846791e+01 2.928558e+01 2.600000e+01
      vertex   9.855571e+01 2.935433e+01 2.628250e+01
    endloop
  endfacet
  facet normal -7.726741e-01 6.288000e-01 8.709386e-02
    outer loop
      vertex   9.855571e+01 2.935433e+01 2.628250e+01
      vertex   9.846791e+01 2.928558e+01 2.600000e+01
      vertex   9.835094e+01 2.912537e+01 2.611888e+01
    endloop
  endfacet
  facet normal -8.187047e-01 5.732632e-01 -3.304414e-02
    outer loop
      vertex   9.846791e+01 2.928558e+01 2.600000e+01
      vertex   9.826795e+01 2.900000e+01 2.600000e+01
      vertex   9.835094e+01 2.912537e+01 2.611888e+01
    endloop
  endfacet
  facet normal -9.957855e-01 2.866015e-02 8.711994e-02
    outer loop
      vertex   9.800000e+01 2.800000e+01 2.600000e+01
      vertex   9.803038e+01 2.800000e+01 2.634730e+01
      vertex   9.803294e+01 2.816169e+01 2.632331e+01
    endloop
  endfacet
  facet normal -9.645383e-01 5.357987e-02 2.584473e-01
    outer loop
      vertex   9.803294e+01 2.816169e+01 2.632331e+01
      vertex   9.803038e+01 2.800000e+01 2.634730e+01
      vertex   9.812061e+01 2.800000e+01 2.668404e+01
    endloop
  endfacet
  facet normal -9.610956e-01 7.311051e-02 2.663647e-01
    outer loop
      vertex   9.803294e+01 2.816169e+01 2.632331e+01
      vertex   9.812061e+01 2.800000e+01 2.668404e+01
      vertex   9.814777e+01 2.817732e+01 2.673334e+01
    endloop
  endfacet
  facet normal -9.061027e-01 2.127075e-02 4.225226e-01
    outer loop
      vertex   9.814777e+01 2.817732e+01 2.673334e+01
      vertex   9.812061e+01 2.800000e+01 2.668404e+01
      vertex   9.826795e+01 2.800000e+01 2.700000e+01
    endloop
  endfacet
  facet normal -4.221492e-01 4.710045e-02 9.053019e-01
    outer loop
      vertex   9.900000e+01 2.800000e+01 2.773205e+01
      vertex   9.931596e+01 2.800000e+01 2.787939e+01
      vertex   9.917547e+01 2.829107e+01 2.779873e+01
    endloop
  endfacet
  facet normal -3.089530e-01 1.125674e-01 9.443922e-01
    outer loop
      vertex   9.917547e+01 2.829107e+01 2.779873e+01
      vertex   9.931596e+01 2.800000e+01 2.787939e+01
      vertex   9.959233e+01 2.814239e+01 2.795283e+01
    endloop
  endfacet
  facet normal -3.106651e-01 1.077653e-01 9.443907e-01
    outer loop
      vertex   9.917547e+01 2.829107e+01 2.779873e+01
      vertex   9.959233e+01 2.814239e+01 2.795283e+01
      vertex   9.948490e+01 2.842483e+01 2.788526e+01
    endloop
  endfacet
  facet normal -1.531462e-01 1.744511e-01 9.726834e-01
    outer loop
      vertex   9.948490e+01 2.842483e+01 2.788526e+01
      vertex   9.959233e+01 2.814239e+01 2.795283e+01
      vertex   9.991090e+01 2.828019e+01 2.797827e+01
    endloop
  endfacet
  facet normal -1.530726e-01 1.746520e-01 9.726590e-01
    outer loop
      vertex   9.948490e+01 2.842483e+01 2.788526e+01
      vertex   9.991090e+01 2.828019e+01 2.797827e+01
      vertex   9.980995e+01 2.854567e+01 2.791471e+01
    endloop
  endfacet
  facet normal -6.308605e-02 2.096128e-01 9.757472e-01
    outer loop
      vertex   9.980995e+01 2.854567e+01 2.791471e+01
      vertex   9.991090e+01 2.828019e+01 2.797827e+01
      vertex   1.000000e+02 2.834730e+01 2.796962e+01
    endloop
  endfacet
  facet normal -8.888873e-03 2.588088e-01 9.658877e-01
    outer loop
      vertex   9.980995e+01 2.854567e+01 2.791471e+01
      vertex   1.000000e+02 2.834730e+01 2.796962e+01
      vertex   1.000000e+02 2.868404e+01 2.787939e+01
    endloop
  endfacet
  facet normal -2.588168e-01 4.156340e-03 9.659175e-01
    outer loop
      vertex   9.931596e+01 2.800000e+01 2.787939e+01
      vertex   9.965270e+01 2.800000e+01 2.796962e+01
      vertex   9.959233e+01 2.814239e+01 2.795283e+01
    endloop
  endfacet
  facet normal -1.096452e-01 7.041339e-02 9.914736e-01
    outer loop
      vertex   9.959233e+01 2.814239e+01 2.795283e+01
      vertex   9.965270e+01 2.800000e+01 2.796962e+01
      vertex   9.991090e+01 2.828019e+01 2.797827e+01
    endloop
  endfacet
  facet normal -8.704898e-02 4.948269e-02 9.949743e-01
    outer loop
      vertex   9.965270e+01 2.800000e+01 2.796962e+01
      vertex   1.000000e+02 2.800000e+01 2.800000e+01
      vertex   9.991090e+01 2.828019e+01 2.797827e+01
    endloop
  endfacet
  facet normal 3.111445e-02 8.711354e-02 9.957124e-01
    outer loop
      vertex   9.991090e+01 2.828019e+01 2.797827e+01
      vertex   1.000000e+02 2.800000e+01 2.800000e+01
      vertex   1.000000e+02 2.834730e+01 2.796962e+01
    endloop
  endfacet
  facet normal -8.068640e-02 3.491739e-01 9.335777e-01
    outer loop
      vertex   9.980995e+01 2.854567e+01 2.791471e+01
      vertex   1.000000e+02 2.868404e+01 2.787939e+01
      vertex   9.973165e+01 2.880663e+01 2.781034e+01
    endloop
  endfacet
  facet normal -4.008773e-02 4.222785e-01 9.055793e-01
    outer loop
      vertex   9.973165e+01 2.880663e+01 2.781034e+01
      vertex   1.000000e+02 2.868404e+01 2.787939e+01
      vertex   1.000000e+02 2.900000e+01 2.773205e+01
    endloop
  endfacet
  facet normal -9.084778e-02 4.794659e-01 8.728454e-01
    outer loop
      vertex   9.973165e+01 2.880663e+01 2.781034e+01
      vertex   1.000000e+02 2.900000e+01 2.773205e+01
      vertex   9.967838e+01 2.905535e+01 2.766817e+01
    endloop
  endfacet
  facet normal -6.385685e-02 5.724058e-01 8.174802e-01
    outer loop
      vertex   9.967838e+01 2.905535e+01 2.766817e+01
      vertex   1.000000e+02 2.900000e+01 2.773205e+01
      vertex   1.000000e+02 2.928558e+01 2.753209e+01
    endloop
  endfacet
  facet normal -9.177633e-02 5.985853e-01 7.957844e-01
    outer loop
      vertex   9.967838e+01 2.905535e+01 2.766817e+01
      vertex   1.000000e+02 2.928558e+01 2.753209e+01
      vertex   9.965139e+01 2.928572e+01 2.749177e+01
    endloop
  endfacet
  facet normal -8.120666e-02 7.047714e-01 7.047714e-01
    outer loop
      vertex   9.965139e+01 2.928572e+01 2.749177e+01
      vertex   1.000000e+02 2.928558e+01 2.753209e+01
      vertex   1.000000e+02 2.953209e+01 2.728558e+01
    endloop
  endfacet
  facet normal -8.120666e-02 7.047714e-01 7.047714e-01
    outer loop
      vertex   9.965139e+01 2.928572e+01 2.749177e+01
      vertex   1.000000e+02 2.953209e+01 2.728558e+01
      vertex   9.965139e+01 2.949177e+01 2.728572e+01
    endloop
  endfacet
  facet normal -9.177633e-02 7.957844e-01 5.985853e-01
    outer loop
      vertex   9.965139e+01 2.949177e+01 2.728572e+01
      vertex   1.000000e+02 2.953209e+01 2.728558e+01
      vertex   9.967838e+01 2.966817e+01 2.705535e+01
    endloop
  endfacet
  facet normal -2.549722e-01 7.819194e-01 5.688508e-01
    outer loop
      vertex   9.965139e+01 2.949177e+01 2.728572e+01
      vertex   9.967838e+01 2.966817e+01 2.705535e+01
      vertex   9.934442e+01 2.962221e+01 2.696884e+01
    endloop
  endfacet
  facet normal -2.340879e-01 8.648103e-01 4.441914e-01
    outer loop
      vertex   9.934442e+01 2.962221e+01 2.696884e+01
      vertex   9.967838e+01 2.966817e+01 2.705535e+01
      vertex   9.940122e+01 2.977379e+01 2.670366e+01
    endloop
  endfacet
  facet normal -3.956372e-01 8.312873e-01 3.904262e-01
    outer loop
      vertex   9.934442e+01 2.962221e+01 2.696884e+01
      vertex   9.940122e+01 2.977379e+01 2.670366e+01
      vertex   9.908892e+01 2.968352e+01 2.657938e+01
    endloop
  endfacet
  facet normal -3.597171e-01 8.985908e-01 2.512733e-01
    outer loop
      vertex   9.908892e+01 2.968352e+01 2.657938e+01
      vertex   9.940122e+01 2.977379e+01 2.670366e+01
      vertex   9.948490e+01 2.988526e+01 2.642483e+01
    endloop
  endfacet
  facet normal -6.385685e-02 8.174802e-01 5.724058e-01
    outer loop
      vertex   1.000000e+02 2.953209e+01 2.728558e+01
      vertex   1.000000e+02 2.973205e+01 2.700000e+01
      vertex   9.967838e+01 2.966817e+01 2.705535e+01
    endloop
  endfacet
  facet normal -9.084778e-02 8.728454e-01 4.794659e-01
    outer loop
      vertex   9.967838e+01 2.966817e+01 2.705535e+01
      vertex   1.000000e+02 2.973205e+01 2.700000e+01
      vertex   9.973165e+01 2.981034e+01 2.680663e+01
    endloop
  endfacet
  facet normal -2.340879e-01 8.648103e-01 4.441914e-01
    outer loop
      vertex   9.967838e+01 2.966817e+01 2.705535e+01
      vertex   9.973165e+01 2.981034e+01 2.680663e+01
      vertex   9.940122e+01 2.977379e+01 2.670366e+01
    endloop
  endfacet
  facet normal -1.998600e-01 9.289658e-01 3.115742e-01
    outer loop
      vertex   9.940122e+01 2.977379e+01 2.670366e+01
      vertex   9.973165e+01 2.981034e+01 2.680663e+01
      vertex   9.980995e+01 2.991471e+01 2.654567e+01
    endloop
  endfacet
  facet normal -1.999494e-01 9.290107e-01 3.113830e-01
    outer loop
      vertex   9.940122e+01 2.977379e+01 2.670366e+01
      vertex   9.980995e+01 2.991471e+01 2.654567e+01
      vertex   9.948490e+01 2.988526e+01 2.642483e+01
    endloop
  endfacet
  facet normal -1.530726e-01 9.726590e-01 1.746520e-01
    outer loop
      vertex   9.948490e+01 2.988526e+01 2.642483e+01
      vertex   9.980995e+01 2.991471e+01 2.654567e+01
      vertex   9.991090e+01 2.997827e+01 2.628019e+01
    endloop
  endfacet
  facet normal -1.531462e-01 9.726834e-01 1.744511e-01
    outer loop
      vertex   9.948490e+01 2.988526e+01 2.642483e+01
      vertex   9.991090e+01 2.997827e+01 2.628019e+01
      vertex   9.959233e+01 2.995283e+01 2.614239e+01
    endloop
  endfacet
  facet normal -4.008773e-02 9.055793e-01 4.222785e-01
    outer loop
      vertex   1.000000e+02 2.973205e+01 2.700000e+01
      vertex   1.000000e+02 2.987939e+01 2.668404e+01
      vertex   9.973165e+01 2.981034e+01 2.680663e+01
    endloop
  endfacet
  facet normal -8.068640e-02 9.335777e-01 3.491739e-01
    outer loop
      vertex   9.973165e+01 2.981034e+01 2.680663e+01
      vertex   1.000000e+02 2.987939e+01 2.668404e+01
      vertex   9.980995e+01 2.991471e+01 2.654567e+01
    endloop
  endfacet
  facet normal -8.888873e-03 9.658877e-01 2.588088e-01
    outer loop
      vertex   1.000000e+02 2.987939e+01 2.668404e+01
      vertex   1.000000e+02 2.996962e+01 2.634730e+01
      vertex   9.980995e+01 2.991471e+01 2.654567e+01
    endloop
  endfacet
  facet normal -6.308605e-02 9.757472e-01 2.096128e-01
    outer loop
      vertex   9.980995e+01 2.991471e+01 2.654567e+01
      vertex   1.000000e+02 2.996962e+01 2.634730e+01
      vertex   9.991090e+01 2.997827e+01 2.628019e+01
    endloop
  endfacet
  facet normal -3.956372e-01 8.312873e-01 3.904262e-01
    outer loop
      vertex   9.934442e+01 2.962221e+01 2.696884e+01
      vertex   9.908892e+01 2.968352e+01 2.657938e+01
      vertex   9.903031e+01 2.952713e+01 2.685299e+01
    endloop
  endfacet
  facet normal -8.995377e-01 3.912872e-01 1.942325e-01
    outer loop
      vertex   9.829752e+01 2.898281e+01 2.636829e+01
      vertex   9.814777e+01 2.873334e+01 2.617732e+01
      vertex   9.827045e+01 2.880592e+01 2.659930e+01
    endloop
  endfacet
  facet normal -8.995377e-01 3.912872e-01 1.942325e-01
    outer loop
      vertex   9.827045e+01 2.880592e+01 2.659930e+01
      vertex   9.814777e+01 2.873334e+01 2.617732e+01
      vertex   9.812328e+01 2.857330e+01 2.638634e+01
    endloop
  endfacet
  facet normal -9.060320e-01 2.992541e-01 2.992541e-01
    outer loop
      vertex   9.827045e+01 2.880592e+01 2.659930e+01
      vertex   9.812328e+01 2.857330e+01 2.638634e+01
      vertex   9.827045e+01 2.859930e+01 2.680592e+01
    endloop
  endfacet
  facet normal -9.060320e-01 2.992541e-01 2.992541e-01
    outer loop
      vertex   9.827045e+01 2.859930e+01 2.680592e+01
      vertex   9.812328e+01 2.857330e+01 2.638634e+01
      vertex   9.812328e+01 2.838634e+01 2.657330e+01
    endloop
  endfacet
  facet normal -8.995377e-01 1.942325e-01 3.912872e-01
    outer loop
      vertex   9.827045e+01 2.859930e+01 2.680592e+01
      vertex   9.812328e+01 2.838634e+01 2.657330e+01
      vertex   9.829752e+01 2.836829e+01 2.698281e+01
    endloop
  endfacet
  facet normal -7.003043e-01 6.040098e-01 3.804551e-01
    outer loop
      vertex   9.871587e+01 2.919165e+01 2.696487e+01
      vertex   9.874557e+01 2.938580e+01 2.671132e+01
      vertex   9.849882e+01 2.920251e+01 2.654810e+01
    endloop
  endfacet
  facet normal -8.121217e-01 5.052991e-01 2.917726e-01
    outer loop
      vertex   9.849882e+01 2.920251e+01 2.654810e+01
      vertex   9.829752e+01 2.898281e+01 2.636829e+01
      vertex   9.847000e+01 2.901414e+01 2.679411e+01
    endloop
  endfacet
  facet normal -8.121217e-01 5.052991e-01 2.917726e-01
    outer loop
      vertex   9.847000e+01 2.901414e+01 2.679411e+01
      vertex   9.829752e+01 2.898281e+01 2.636829e+01
      vertex   9.827045e+01 2.880592e+01 2.659930e+01
    endloop
  endfacet
  facet normal -8.191588e-01 4.055730e-01 4.055730e-01
    outer loop
      vertex   9.847000e+01 2.901414e+01 2.679411e+01
      vertex   9.827045e+01 2.880592e+01 2.659930e+01
      vertex   9.847000e+01 2.879411e+01 2.701414e+01
    endloop
  endfacet
  facet normal -8.191588e-01 4.055730e-01 4.055730e-01
    outer loop
      vertex   9.847000e+01 2.879411e+01 2.701414e+01
      vertex   9.827045e+01 2.880592e+01 2.659930e+01
      vertex   9.827045e+01 2.859930e+01 2.680592e+01
    endloop
  endfacet
  facet normal -8.121217e-01 2.917726e-01 5.052991e-01
    outer loop
      vertex   9.847000e+01 2.879411e+01 2.701414e+01
      vertex   9.827045e+01 2.859930e+01 2.680592e+01
      vertex   9.849882e+01 2.854810e+01 2.720251e+01
    endloop
  endfacet
  facet normal -8.121217e-01 2.917726e-01 5.052991e-01
    outer loop
      vertex   9.849882e+01 2.854810e+01 2.720251e+01
      vertex   9.827045e+01 2.859930e+01 2.680592e+01
      vertex   9.829752e+01 2.836829e+01 2.698281e+01
    endloop
  endfacet
  facet normal -7.911925e-01 1.668453e-01 5.883681e-01
    outer loop
      vertex   9.849882e+01 2.854810e+01 2.720251e+01
      vertex   9.829752e+01 2.836829e+01 2.698281e+01
      vertex   9.855571e+01 2.828250e+01 2.735433e+01
    endloop
  endfacet
  facet normal -7.911925e-01 1.668453e-01 5.883681e-01
    outer loop
      vertex   9.855571e+01 2.828250e+01 2.735433e+01
      vertex   9.829752e+01 2.836829e+01 2.698281e+01
      vertex   9.835094e+01 2.811888e+01 2.712537e+01
    endloop
  endfacet
  facet normal -4.175265e-01 7.444073e-01 5.210848e-01
    outer loop
      vertex   9.934442e+01 2.962221e+01 2.696884e+01
      vertex   9.903031e+01 2.952713e+01 2.685299e+01
      vertex   9.931565e+01 2.943414e+01 2.721445e+01
    endloop
  endfacet
  facet normal -4.175265e-01 7.444073e-01 5.210848e-01
    outer loop
      vertex   9.931565e+01 2.943414e+01 2.721445e+01
      vertex   9.903031e+01 2.952713e+01 2.685299e+01
      vertex   9.900063e+01 2.933308e+01 2.710641e+01
    endloop
  endfacet
  facet normal -4.248865e-01 6.401060e-01 6.401060e-01
    outer loop
      vertex   9.931565e+01 2.943414e+01 2.721445e+01
      vertex   9.900063e+01 2.933308e+01 2.710641e+01
      vertex   9.931565e+01 2.921446e+01 2.743414e+01
    endloop
  endfacet
  facet normal -4.248865e-01 6.401060e-01 6.401060e-01
    outer loop
      vertex   9.931565e+01 2.921446e+01 2.743414e+01
      vertex   9.900063e+01 2.933308e+01 2.710641e+01
      vertex   9.900063e+01 2.910641e+01 2.733308e+01
    endloop
  endfacet
  facet normal -4.175265e-01 5.210848e-01 7.444073e-01
    outer loop
      vertex   9.931565e+01 2.921446e+01 2.743414e+01
      vertex   9.900063e+01 2.910641e+01 2.733308e+01
      vertex   9.934442e+01 2.896884e+01 2.762221e+01
    endloop
  endfacet
  facet normal -4.175265e-01 5.210848e-01 7.444073e-01
    outer loop
      vertex   9.934442e+01 2.896884e+01 2.762221e+01
      vertex   9.900063e+01 2.910641e+01 2.733308e+01
      vertex   9.903031e+01 2.885299e+01 2.752713e+01
    endloop
  endfacet
  facet normal -3.956372e-01 3.904262e-01 8.312873e-01
    outer loop
      vertex   9.934442e+01 2.896884e+01 2.762221e+01
      vertex   9.903031e+01 2.885299e+01 2.752713e+01
      vertex   9.940122e+01 2.870366e+01 2.777379e+01
    endloop
  endfacet
  facet normal -3.956372e-01 3.904262e-01 8.312873e-01
    outer loop
      vertex   9.940122e+01 2.870366e+01 2.777379e+01
      vertex   9.903031e+01 2.885299e+01 2.752713e+01
      vertex   9.908892e+01 2.857938e+01 2.768352e+01
    endloop
  endfacet
  facet normal -3.597171e-01 2.512733e-01 8.985908e-01
    outer loop
      vertex   9.940122e+01 2.870366e+01 2.777379e+01
      vertex   9.908892e+01 2.857938e+01 2.768352e+01
      vertex   9.948490e+01 2.842483e+01 2.788526e+01
    endloop
  endfacet
  facet normal -3.598102e-01 2.510628e-01 8.986123e-01
    outer loop
      vertex   9.948490e+01 2.842483e+01 2.788526e+01
      vertex   9.908892e+01 2.857938e+01 2.768352e+01
      vertex   9.917547e+01 2.829107e+01 2.779873e+01
    endloop
  endfacet
  facet normal -9.656280e-01 1.837969e-01 1.837969e-01
    outer loop
      vertex   9.812328e+01 2.838634e+01 2.657330e+01
      vertex   9.812328e+01 2.857330e+01 2.638634e+01
      vertex   9.803294e+01 2.832331e+01 2.616169e+01
    endloop
  endfacet
  facet normal -9.598732e-01 2.653504e-01 9.073387e-02
    outer loop
      vertex   9.803294e+01 2.832331e+01 2.616169e+01
      vertex   9.812328e+01 2.857330e+01 2.638634e+01
      vertex   9.814777e+01 2.873334e+01 2.617732e+01
    endloop
  endfacet
  facet normal -7.076719e-01 4.996001e-01 4.996001e-01
    outer loop
      vertex   9.871587e+01 2.896487e+01 2.719165e+01
      vertex   9.871587e+01 2.919165e+01 2.696487e+01
      vertex   9.847000e+01 2.901414e+01 2.679411e+01
    endloop
  endfacet
  facet normal -7.003043e-01 6.040098e-01 3.804551e-01
    outer loop
      vertex   9.847000e+01 2.901414e+01 2.679411e+01
      vertex   9.871587e+01 2.919165e+01 2.696487e+01
      vertex   9.849882e+01 2.920251e+01 2.654810e+01
    endloop
  endfacet
  facet normal -7.076719e-01 4.996001e-01 4.996001e-01
    outer loop
      vertex   9.871587e+01 2.896487e+01 2.719165e+01
      vertex   9.847000e+01 2.901414e+01 2.679411e+01
      vertex   9.847000e+01 2.879411e+01 2.701414e+01
    endloop
  endfacet
  facet normal -2.619942e-01 6.824072e-01 6.824072e-01
    outer loop
      vertex   9.965139e+01 2.928572e+01 2.749177e+01
      vertex   9.965139e+01 2.949177e+01 2.728572e+01
      vertex   9.931565e+01 2.943414e+01 2.721445e+01
    endloop
  endfacet
  facet normal -2.549722e-01 7.819194e-01 5.688508e-01
    outer loop
      vertex   9.931565e+01 2.943414e+01 2.721445e+01
      vertex   9.965139e+01 2.949177e+01 2.728572e+01
      vertex   9.934442e+01 2.962221e+01 2.696884e+01
    endloop
  endfacet
  facet normal -2.619942e-01 6.824072e-01 6.824072e-01
    outer loop
      vertex   9.965139e+01 2.928572e+01 2.749177e+01
      vertex   9.931565e+01 2.943414e+01 2.721445e+01
      vertex   9.931565e+01 2.921446e+01 2.743414e+01
    endloop
  endfacet
  facet normal -7.003043e-01 3.804551e-01 6.040098e-01
    outer loop
      vertex   9.874557e+01 2.871132e+01 2.738580e+01
      vertex   9.871587e+01 2.896487e+01 2.719165e+01
      vertex   9.847000e+01 2.879411e+01 2.701414e+01
    endloop
  endfacet
  facet normal -7.003043e-01 3.804551e-01 6.040098e-01
    outer loop
      vertex   9.874557e+01 2.871132e+01 2.738580e+01
      vertex   9.847000e+01 2.879411e+01 2.701414e+01
      vertex   9.849882e+01 2.854810e+01 2.720251e+01
    endloop
  endfacet
  facet normal -2.549722e-01 5.688508e-01 7.819194e-01
    outer loop
      vertex   9.967838e+01 2.905535e+01 2.766817e+01
      vertex   9.965139e+01 2.928572e+01 2.749177e+01
      vertex   9.931565e+01 2.921446e+01 2.743414e+01
    endloop
  endfacet
  facet normal -2.549722e-01 5.688508e-01 7.819194e-01
    outer loop
      vertex   9.967838e+01 2.905535e+01 2.766817e+01
      vertex   9.931565e+01 2.921446e+01 2.743414e+01
      vertex   9.934442e+01 2.896884e+01 2.762221e+01
    endloop
  endfacet
  facet normal -6.783922e-01 2.496605e-01 6.909802e-01
    outer loop
      vertex   9.880421e+01 2.843757e+01 2.754228e+01
      vertex   9.874557e+01 2.871132e+01 2.738580e+01
      vertex   9.849882e+01 2.854810e+01 2.720251e+01
    endloop
  endfacet
  facet normal -6.783922e-01 2.496605e-01 6.909802e-01
    outer loop
      vertex   9.880421e+01 2.843757e+01 2.754228e+01
      vertex   9.849882e+01 2.854810e+01 2.720251e+01
      vertex   9.855571e+01 2.828250e+01 2.735433e+01
    endloop
  endfacet
  facet normal -2.340879e-01 4.441914e-01 8.648103e-01
    outer loop
      vertex   9.973165e+01 2.880663e+01 2.781034e+01
      vertex   9.967838e+01 2.905535e+01 2.766817e+01
      vertex   9.934442e+01 2.896884e+01 2.762221e+01
    endloop
  endfacet
  facet normal -2.340879e-01 4.441914e-01 8.648103e-01
    outer loop
      vertex   9.973165e+01 2.880663e+01 2.781034e+01
      vertex   9.934442e+01 2.896884e+01 2.762221e+01
      vertex   9.940122e+01 2.870366e+01 2.777379e+01
    endloop
  endfacet
  facet normal -6.423334e-01 1.100618e-01 7.584815e-01
    outer loop
      vertex   9.889102e+01 2.814847e+01 2.765775e+01
      vertex   9.880421e+01 2.843757e+01 2.754228e+01
      vertex   9.855571e+01 2.828250e+01 2.735433e+01
    endloop
  endfacet
  facet normal -1.998600e-01 3.115742e-01 9.289658e-01
    outer loop
      vertex   9.980995e+01 2.854567e+01 2.791471e+01
      vertex   9.973165e+01 2.880663e+01 2.781034e+01
      vertex   9.940122e+01 2.870366e+01 2.777379e+01
    endloop
  endfacet
  facet normal -1.999494e-01 3.113830e-01 9.290107e-01
    outer loop
      vertex   9.980995e+01 2.854567e+01 2.791471e+01
      vertex   9.940122e+01 2.870366e+01 2.777379e+01
      vertex   9.948490e+01 2.842483e+01 2.788526e+01
    endloop
  endfacet
  facet normal 8.711354e-02 3.111445e-02 9.957124e-01
    outer loop
      vertex   1.283473e+02 0.000000e+00 2.796962e+01
      vertex   1.280000e+02 0.000000e+00 2.800000e+01
      vertex   1.282802e+02 -8.909589e-02 2.797827e+01
    endloop
  endfacet
  facet normal 4.948269e-02 -8.704898e-02 9.949743e-01
    outer loop
      vertex   1.282802e+02 -8.909589e-02 2.797827e+01
      vertex   1.280000e+02 0.000000e+00 2.800000e+01
      vertex   1.280000e+02 -3.472964e-01 2.796962e+01
    endloop
  endfacet
  facet normal 7.041339e-02 -1.096452e-01 9.914736e-01
    outer loop
      vertex   1.282802e+02 -8.909589e-02 2.797827e+01
      vertex   1.280000e+02 -3.472964e-01 2.796962e+01
      vertex   1.281424e+02 -4.076669e-01 2.795283e+01
    endloop
  endfacet
  facet normal 4.156340e-03 -2.588168e-01 9.659175e-01
    outer loop
      vertex   1.281424e+02 -4.076669e-01 2.795283e+01
      vertex   1.280000e+02 -3.472964e-01 2.796962e+01
      vertex   1.280000e+02 -6.840403e-01 2.787939e+01
    endloop
  endfacet
  facet normal 1.091992e-01 -3.074527e-01 9.452769e-01
    outer loop
      vertex   1.281424e+02 -4.076669e-01 2.795283e+01
      vertex   1.280000e+02 -6.840403e-01 2.787939e+01
      vertex   1.284248e+02 -5.150987e-01 2.788526e+01
    endloop
  endfacet
  facet normal 1.109653e-01 -3.118368e-01 9.436337e-01
    outer loop
      vertex   1.284248e+02 -5.150987e-01 2.788526e+01
      vertex   1.280000e+02 -6.840403e-01 2.787939e+01
      vertex   1.282911e+02 -8.245256e-01 2.779873e+01
    endloop
  endfacet
  facet normal 2.510628e-01 -3.598102e-01 8.986123e-01
    outer loop
      vertex   1.284248e+02 -5.150987e-01 2.788526e+01
      vertex   1.282911e+02 -8.245256e-01 2.779873e+01
      vertex   1.285794e+02 -9.110801e-01 2.768352e+01
    endloop
  endfacet
  facet normal 1.834258e-01 -5.086800e-01 8.411894e-01
    outer loop
      vertex   1.285794e+02 -9.110801e-01 2.768352e+01
      vertex   1.282911e+02 -8.245256e-01 2.779873e+01
      vertex   1.284376e+02 -1.195792e+00 2.754228e+01
    endloop
  endfacet
  facet normal 3.249316e-01 -5.452177e-01 7.727594e-01
    outer loop
      vertex   1.285794e+02 -9.110801e-01 2.768352e+01
      vertex   1.284376e+02 -1.195792e+00 2.754228e+01
      vertex   1.288530e+02 -9.696860e-01 2.752713e+01
    endloop
  endfacet
  facet normal 3.249316e-01 -5.452177e-01 7.727594e-01
    outer loop
      vertex   1.288530e+02 -9.696860e-01 2.752713e+01
      vertex   1.284376e+02 -1.195792e+00 2.754228e+01
      vertex   1.287113e+02 -1.254428e+00 2.738580e+01
    endloop
  endfacet
  facet normal 4.576550e-01 -5.674530e-01 6.845064e-01
    outer loop
      vertex   1.288530e+02 -9.696860e-01 2.752713e+01
      vertex   1.287113e+02 -1.254428e+00 2.738580e+01
      vertex   1.291064e+02 -9.993734e-01 2.733308e+01
    endloop
  endfacet
  facet normal 4.576550e-01 -5.674530e-01 6.845064e-01
    outer loop
      vertex   1.291064e+02 -9.993734e-01 2.733308e+01
      vertex   1.287113e+02 -1.254428e+00 2.738580e+01
      vertex   1.289649e+02 -1.284131e+00 2.719165e+01
    endloop
  endfacet
  facet normal 5.785570e-01 -5.749292e-01 5.785570e-01
    outer loop
      vertex   1.291064e+02 -9.993734e-01 2.733308e+01
      vertex   1.289649e+02 -1.284131e+00 2.719165e+01
      vertex   1.293331e+02 -9.993734e-01 2.710641e+01
    endloop
  endfacet
  facet normal 5.785570e-01 -5.749292e-01 5.785570e-01
    outer loop
      vertex   1.293331e+02 -9.993734e-01 2.710641e+01
      vertex   1.289649e+02 -1.284131e+00 2.719165e+01
      vertex   1.291917e+02 -1.284131e+00 2.696487e+01
    endloop
  endfacet
  facet normal 6.845064e-01 -5.674530e-01 4.576550e-01
    outer loop
      vertex   1.293331e+02 -9.993734e-01 2.710641e+01
      vertex   1.291917e+02 -1.284131e+00 2.696487e+01
      vertex   1.295271e+02 -9.696860e-01 2.685299e+01
    endloop
  endfacet
  facet normal 6.845064e-01 -5.674530e-01 4.576550e-01
    outer loop
      vertex   1.295271e+02 -9.696860e-01 2.685299e+01
      vertex   1.291917e+02 -1.284131e+00 2.696487e+01
      vertex   1.293858e+02 -1.254428e+00 2.671132e+01
    endloop
  endfacet
  facet normal 7.727594e-01 -5.452177e-01 3.249316e-01
    outer loop
      vertex   1.295271e+02 -9.696860e-01 2.685299e+01
      vertex   1.293858e+02 -1.254428e+00 2.671132e+01
      vertex   1.296835e+02 -9.110801e-01 2.657938e+01
    endloop
  endfacet
  facet normal 7.727594e-01 -5.452177e-01 3.249316e-01
    outer loop
      vertex   1.296835e+02 -9.110801e-01 2.657938e+01
      vertex   1.293858e+02 -1.254428e+00 2.671132e+01
      vertex   1.295423e+02 -1.195792e+00 2.643757e+01
    endloop
  endfacet
  facet normal 8.411894e-01 -5.086800e-01 1.834258e-01
    outer loop
      vertex   1.296835e+02 -9.110801e-01 2.657938e+01
      vertex   1.295423e+02 -1.195792e+00 2.643757e+01
      vertex   1.297987e+02 -8.245256e-01 2.629106e+01
    endloop
  endfacet
  facet normal 8.411862e-01 -5.087649e-01 1.832049e-01
    outer loop
      vertex   1.297987e+02 -8.245256e-01 2.629106e+01
      vertex   1.295423e+02 -1.195792e+00 2.643757e+01
      vertex   1.296577e+02 -1.108978e+00 2.614847e+01
    endloop
  endfacet
  facet normal 8.744416e-01 -4.772004e-01 8.735913e-02
    outer loop
      vertex   1.297987e+02 -8.245256e-01 2.629106e+01
      vertex   1.296577e+02 -1.108978e+00 2.614847e+01
      vertex   1.297321e+02 -1.000000e+00 2.600000e+01
    endloop
  endfacet
  facet normal 8.191020e-01 -5.735414e-01 -1.105196e-02
    outer loop
      vertex   1.297321e+02 -1.000000e+00 2.600000e+01
      vertex   1.296577e+02 -1.108978e+00 2.614847e+01
      vertex   1.295321e+02 -1.285575e+00 2.600000e+01
    endloop
  endfacet
  facet normal 7.593601e-01 -6.398180e-01 1.183435e-01
    outer loop
      vertex   1.295321e+02 -1.285575e+00 2.600000e+01
      vertex   1.296577e+02 -1.108978e+00 2.614847e+01
      vertex   1.293543e+02 -1.444294e+00 2.628250e+01
    endloop
  endfacet
  facet normal 7.063051e-01 -7.063051e-01 4.760417e-02
    outer loop
      vertex   1.295321e+02 -1.285575e+00 2.600000e+01
      vertex   1.293543e+02 -1.444294e+00 2.628250e+01
      vertex   1.292856e+02 -1.532089e+00 2.600000e+01
    endloop
  endfacet
  facet normal 6.288000e-01 -7.726741e-01 8.709386e-02
    outer loop
      vertex   1.292856e+02 -1.532089e+00 2.600000e+01
      vertex   1.293543e+02 -1.444294e+00 2.628250e+01
      vertex   1.291254e+02 -1.649061e+00 2.611888e+01
    endloop
  endfacet
  facet normal 5.732632e-01 -8.187047e-01 -3.304414e-02
    outer loop
      vertex   1.292856e+02 -1.532089e+00 2.600000e+01
      vertex   1.291254e+02 -1.649061e+00 2.611888e+01
      vertex   1.290000e+02 -1.732051e+00 2.600000e+01
    endloop
  endfacet
  facet normal 4.871634e-01 -8.684028e-01 9.245774e-02
    outer loop
      vertex   1.290000e+02 -1.732051e+00 2.600000e+01
      vertex   1.291254e+02 -1.649061e+00 2.611888e+01
      vertex   1.289828e+02 -1.702485e+00 2.636829e+01
    endloop
  endfacet
  facet normal 4.595421e-01 -8.833399e-01 9.236741e-02
    outer loop
      vertex   1.290000e+02 -1.732051e+00 2.600000e+01
      vertex   1.289828e+02 -1.702485e+00 2.636829e+01
      vertex   1.287333e+02 -1.852232e+00 2.617732e+01
    endloop
  endfacet
  facet normal 3.912872e-01 -8.995377e-01 1.942325e-01
    outer loop
      vertex   1.287333e+02 -1.852232e+00 2.617732e+01
      vertex   1.289828e+02 -1.702485e+00 2.636829e+01
      vertex   1.285733e+02 -1.876718e+00 2.638634e+01
    endloop
  endfacet
  facet normal 2.653504e-01 -9.598732e-01 9.073387e-02
    outer loop
      vertex   1.287333e+02 -1.852232e+00 2.617732e+01
      vertex   1.285733e+02 -1.876718e+00 2.638634e+01
      vertex   1.283233e+02 -1.967060e+00 2.616169e+01
    endloop
  endfacet
  facet normal 1.837969e-01 -9.656280e-01 1.837969e-01
    outer loop
      vertex   1.283233e+02 -1.967060e+00 2.616169e+01
      vertex   1.285733e+02 -1.876718e+00 2.638634e+01
      vertex   1.281617e+02 -1.967060e+00 2.632331e+01
    endloop
  endfacet
  facet normal 6.760584e-02 -9.954190e-01 6.760584e-02
    outer loop
      vertex   1.283233e+02 -1.967060e+00 2.616169e+01
      vertex   1.281617e+02 -1.967060e+00 2.632331e+01
      vertex   1.280000e+02 -2.000000e+00 2.600000e+01
    endloop
  endfacet
  facet normal 2.866015e-02 -9.957855e-01 8.711994e-02
    outer loop
      vertex   1.280000e+02 -2.000000e+00 2.600000e+01
      vertex   1.281617e+02 -1.967060e+00 2.632331e+01
      vertex   1.280000e+02 -1.969616e+00 2.634730e+01
    endloop
  endfacet
  facet normal 5.485747e-02 -9.620433e-01 2.673261e-01
    outer loop
      vertex   1.280000e+02 -1.969616e+00 2.634730e+01
      vertex   1.281617e+02 -1.967060e+00 2.632331e+01
      vertex   1.281773e+02 -1.852232e+00 2.673334e+01
    endloop
  endfacet
  facet normal 7.573010e-02 -9.631520e-01 2.580758e-01
    outer loop
      vertex   1.280000e+02 -1.969616e+00 2.634730e+01
      vertex   1.281773e+02 -1.852232e+00 2.673334e+01
      vertex   1.280000e+02 -1.879385e+00 2.668404e+01
    endloop
  endfacet
  facet normal 2.127075e-02 -9.061027e-01 4.225226e-01
    outer loop
      vertex   1.280000e+02 -1.879385e+00 2.668404e+01
      vertex   1.281773e+02 -1.852232e+00 2.673334e+01
      vertex   1.280000e+02 -1.732051e+00 2.700000e+01
    endloop
  endfacet
  facet normal 9.236741e-02 -8.833399e-01 4.595421e-01
    outer loop
      vertex   1.280000e+02 -1.732051e+00 2.700000e+01
      vertex   1.281773e+02 -1.852232e+00 2.673334e+01
      vertex   1.283683e+02 -1.702485e+00 2.698281e+01
    endloop
  endfacet
  facet normal 9.245774e-02 -8.684028e-01 4.871634e-01
    outer loop
      vertex   1.280000e+02 -1.732051e+00 2.700000e+01
      vertex   1.283683e+02 -1.702485e+00 2.698281e+01
      vertex   1.281189e+02 -1.649061e+00 2.712537e+01
    endloop
  endfacet
  facet normal 1.668453e-01 -7.911925e-01 5.883681e-01
    outer loop
      vertex   1.281189e+02 -1.649061e+00 2.712537e+01
      vertex   1.283683e+02 -1.702485e+00 2.698281e+01
      vertex   1.285481e+02 -1.501185e+00 2.720251e+01
    endloop
  endfacet
  facet normal 1.668453e-01 -7.911925e-01 5.883681e-01
    outer loop
      vertex   1.281189e+02 -1.649061e+00 2.712537e+01
      vertex   1.285481e+02 -1.501185e+00 2.720251e+01
      vertex   1.282825e+02 -1.444294e+00 2.735433e+01
    endloop
  endfacet
  facet normal 2.496605e-01 -6.783922e-01 6.909802e-01
    outer loop
      vertex   1.282825e+02 -1.444294e+00 2.735433e+01
      vertex   1.285481e+02 -1.501185e+00 2.720251e+01
      vertex   1.287113e+02 -1.254428e+00 2.738580e+01
    endloop
  endfacet
  facet normal 2.496605e-01 -6.783922e-01 6.909802e-01
    outer loop
      vertex   1.282825e+02 -1.444294e+00 2.735433e+01
      vertex   1.287113e+02 -1.254428e+00 2.738580e+01
      vertex   1.284376e+02 -1.195792e+00 2.754228e+01
    endloop
  endfacet
  facet normal 4.710045e-02 -4.221492e-01 9.053019e-01
    outer loop
      vertex   1.280000e+02 -6.840403e-01 2.787939e+01
      vertex   1.280000e+02 -1.000000e+00 2.773205e+01
      vertex   1.282911e+02 -8.245256e-01 2.779873e+01
    endloop
  endfacet
  facet normal 8.735913e-02 -4.772004e-01 8.744416e-01
    outer loop
      vertex   1.282911e+02 -8.245256e-01 2.779873e+01
      vertex   1.280000e+02 -1.000000e+00 2.773205e+01
      vertex   1.281485e+02 -1.108978e+00 2.765775e+01
    endloop
  endfacet
  facet normal 1.832049e-01 -5.087649e-01 8.411862e-01
    outer loop
      vertex   1.282911e+02 -8.245256e-01 2.779873e+01
      vertex   1.281485e+02 -1.108978e+00 2.765775e+01
      vertex   1.284376e+02 -1.195792e+00 2.754228e+01
    endloop
  endfacet
  facet normal 1.100618e-01 -6.423334e-01 7.584815e-01
    outer loop
      vertex   1.284376e+02 -1.195792e+00 2.754228e+01
      vertex   1.281485e+02 -1.108978e+00 2.765775e+01
      vertex   1.282825e+02 -1.444294e+00 2.735433e+01
    endloop
  endfacet
  facet normal -1.105196e-02 -5.735414e-01 8.191020e-01
    outer loop
      vertex   1.280000e+02 -1.000000e+00 2.773205e+01
      vertex   1.280000e+02 -1.285575e+00 2.753209e+01
      vertex   1.281485e+02 -1.108978e+00 2.765775e+01
    endloop
  endfacet
  facet normal 1.183435e-01 -6.398180e-01 7.593601e-01
    outer loop
      vertex   1.281485e+02 -1.108978e+00 2.765775e+01
      vertex   1.280000e+02 -1.285575e+00 2.753209e+01
      vertex   1.282825e+02 -1.444294e+00 2.735433e+01
    endloop
  endfacet
  facet normal 4.760417e-02 -7.063051e-01 7.063051e-01
    outer loop
      vertex   1.280000e+02 -1.285575e+00 2.753209e+01
      vertex   1.280000e+02 -1.532089e+00 2.728558e+01
      vertex   1.282825e+02 -1.444294e+00 2.735433e+01
    endloop
  endfacet
  facet normal 8.709386e-02 -7.726741e-01 6.288000e-01
    outer loop
      vertex   1.282825e+02 -1.444294e+00 2.735433e+01
      vertex   1.280000e+02 -1.532089e+00 2.728558e+01
      vertex   1.281189e+02 -1.649061e+00 2.712537e+01
    endloop
  endfacet
  facet normal -3.304414e-02 -8.187047e-01 5.732632e-01
    outer loop
      vertex   1.280000e+02 -1.532089e+00 2.728558e+01
      vertex   1.280000e+02 -1.732051e+00 2.700000e+01
      vertex   1.281189e+02 -1.649061e+00 2.712537e+01
    endloop
  endfacet
  facet normal 8.711994e-02 -9.957855e-01 2.866015e-02
    outer loop
      vertex   1.280000e+02 -2.000000e+00 2.600000e+01
      vertex   1.283473e+02 -1.969616e+00 2.600000e+01
      vertex   1.283233e+02 -1.967060e+00 2.616169e+01
    endloop
  endfacet
  facet normal 2.584473e-01 -9.645383e-01 5.357987e-02
    outer loop
      vertex   1.283233e+02 -1.967060e+00 2.616169e+01
      vertex   1.283473e+02 -1.969616e+00 2.600000e+01
      vertex   1.286840e+02 -1.879385e+00 2.600000e+01
    endloop
  endfacet
  facet normal 2.663647e-01 -9.610956e-01 7.311051e-02
    outer loop
      vertex   1.283233e+02 -1.967060e+00 2.616169e+01
      vertex   1.286840e+02 -1.879385e+00 2.600000e+01
      vertex   1.287333e+02 -1.852232e+00 2.617732e+01
    endloop
  endfacet
  facet normal 4.225226e-01 -9.061027e-01 2.127075e-02
    outer loop
      vertex   1.287333e+02 -1.852232e+00 2.617732e+01
      vertex   1.286840e+02 -1.879385e+00 2.600000e+01
      vertex   1.290000e+02 -1.732051e+00 2.600000e+01
    endloop
  endfacet
  facet normal 9.053019e-01 -4.221492e-01 4.710045e-02
    outer loop
      vertex   1.297321e+02 -1.000000e+00 2.600000e+01
      vertex   1.298794e+02 -6.840403e-01 2.600000e+01
      vertex   1.297987e+02 -8.245256e-01 2.629106e+01
    endloop
  endfacet
  facet normal 9.443922e-01 -3.089530e-01 1.125674e-01
    outer loop
      vertex   1.297987e+02 -8.245256e-01 2.629106e+01
      vertex   1.298794e+02 -6.840403e-01 2.600000e+01
      vertex   1.299528e+02 -4.076669e-01 2.614239e+01
    endloop
  endfacet
  facet normal 9.443907e-01 -3.106651e-01 1.077653e-01
    outer loop
      vertex   1.297987e+02 -8.245256e-01 2.629106e+01
      vertex   1.299528e+02 -4.076669e-01 2.614239e+01
      vertex   1.298853e+02 -5.150987e-01 2.642483e+01
    endloop
  endfacet
  facet normal 9.726834e-01 -1.531462e-01 1.744511e-01
    outer loop
      vertex   1.298853e+02 -5.150987e-01 2.642483e+01
      vertex   1.299528e+02 -4.076669e-01 2.614239e+01
      vertex   1.299783e+02 -8.909589e-02 2.628019e+01
    endloop
  endfacet
  facet normal 9.726590e-01 -1.530726e-01 1.746520e-01
    outer loop
      vertex   1.298853e+02 -5.150987e-01 2.642483e+01
      vertex   1.299783e+02 -8.909589e-02 2.628019e+01
      vertex   1.299147e+02 -1.900546e-01 2.654567e+01
    endloop
  endfacet
  facet normal 9.757472e-01 -6.308605e-02 2.096128e-01
    outer loop
      vertex   1.299147e+02 -1.900546e-01 2.654567e+01
      vertex   1.299783e+02 -8.909589e-02 2.628019e+01
      vertex   1.299696e+02 0.000000e+00 2.634730e+01
    endloop
  endfacet
  facet normal 9.658877e-01 -8.888873e-03 2.588088e-01
    outer loop
      vertex   1.299147e+02 -1.900546e-01 2.654567e+01
      vertex   1.299696e+02 0.000000e+00 2.634730e+01
      vertex   1.298794e+02 0.000000e+00 2.668404e+01
    endloop
  endfacet
  facet normal 9.659175e-01 -2.588168e-01 4.156340e-03
    outer loop
      vertex   1.298794e+02 -6.840403e-01 2.600000e+01
      vertex   1.299696e+02 -3.472964e-01 2.600000e+01
      vertex   1.299528e+02 -4.076669e-01 2.614239e+01
    endloop
  endfacet
  facet normal 9.914736e-01 -1.096452e-01 7.041339e-02
    outer loop
      vertex   1.299528e+02 -4.076669e-01 2.614239e+01
      vertex   1.299696e+02 -3.472964e-01 2.600000e+01
      vertex   1.299783e+02 -8.909589e-02 2.628019e+01
    endloop
  endfacet
  facet normal 9.949743e-01 -8.704898e-02 4.948269e-02
    outer loop
      vertex   1.299696e+02 -3.472964e-01 2.600000e+01
      vertex   1.300000e+02 0.000000e+00 2.600000e+01
      vertex   1.299783e+02 -8.909589e-02 2.628019e+01
    endloop
  endfacet
  facet normal 9.957124e-01 3.111445e-02 8.711354e-02
    outer loop
      vertex   1.299783e+02 -8.909589e-02 2.628019e+01
      vertex   1.300000e+02 0.000000e+00 2.600000e+01
      vertex   1.299696e+02 0.000000e+00 2.634730e+01
    endloop
  endfacet
  facet normal 9.335777e-01 -8.068640e-02 3.491739e-01
    outer loop
      vertex   1.299147e+02 -1.900546e-01 2.654567e+01
      vertex   1.298794e+02 0.000000e+00 2.668404e+01
      vertex   1.298103e+02 -2.683487e-01 2.680663e+01
    endloop
  endfacet
  facet normal 9.055793e-01 -4.008773e-02 4.222785e-01
    outer loop
      vertex   1.298103e+02 -2.683487e-01 2.680663e+01
      vertex   1.298794e+02 0.000000e+00 2.668404e+01
      vertex   1.297321e+02 0.000000e+00 2.700000e+01
    endloop
  endfacet
  facet normal 8.728454e-01 -9.084778e-02 4.794659e-01
    outer loop
      vertex   1.298103e+02 -2.683487e-01 2.680663e+01
      vertex   1.297321e+02 0.000000e+00 2.700000e+01
      vertex   1.296682e+02 -3.216245e-01 2.705535e+01
    endloop
  endfacet
  facet normal 8.174802e-01 -6.385685e-02 5.724058e-01
    outer loop
      vertex   1.296682e+02 -3.216245e-01 2.705535e+01
      vertex   1.297321e+02 0.000000e+00 2.700000e+01
      vertex   1.295321e+02 0.000000e+00 2.728558e+01
    endloop
  endfacet
  facet normal 7.957844e-01 -9.177633e-02 5.985853e-01
    outer loop
      vertex   1.296682e+02 -3.216245e-01 2.705535e+01
      vertex   1.295321e+02 0.000000e+00 2.728558e+01
      vertex   1.294918e+02 -3.486119e-01 2.728572e+01
    endloop
  endfacet
  facet normal 7.047714e-01 -8.120666e-02 7.047714e-01
    outer loop
      vertex   1.294918e+02 -3.486119e-01 2.728572e+01
      vertex   1.295321e+02 0.000000e+00 2.728558e+01
      vertex   1.292856e+02 0.000000e+00 2.753209e+01
    endloop
  endfacet
  facet normal 7.047714e-01 -8.120666e-02 7.047714e-01
    outer loop
      vertex   1.294918e+02 -3.486119e-01 2.728572e+01
      vertex   1.292856e+02 0.000000e+00 2.753209e+01
      vertex   1.292857e+02 -3.486119e-01 2.749177e+01
    endloop
  endfacet
  facet normal 5.985853e-01 -9.177633e-02 7.957844e-01
    outer loop
      vertex   1.292857e+02 -3.486119e-01 2.749177e+01
      vertex   1.292856e+02 0.000000e+00 2.753209e+01
      vertex   1.290554e+02 -3.216245e-01 2.766817e+01
    endloop
  endfacet
  facet normal 5.688508e-01 -2.549722e-01 7.819194e-01
    outer loop
      vertex   1.292857e+02 -3.486119e-01 2.749177e+01
      vertex   1.290554e+02 -3.216245e-01 2.766817e+01
      vertex   1.289688e+02 -6.555810e-01 2.762221e+01
    endloop
  endfacet
  facet normal 4.441914e-01 -2.340879e-01 8.648103e-01
    outer loop
      vertex   1.289688e+02 -6.555810e-01 2.762221e+01
      vertex   1.290554e+02 -3.216245e-01 2.766817e+01
      vertex   1.287037e+02 -5.987802e-01 2.777379e+01
    endloop
  endfacet
  facet normal 3.904262e-01 -3.956372e-01 8.312873e-01
    outer loop
      vertex   1.289688e+02 -6.555810e-01 2.762221e+01
      vertex   1.287037e+02 -5.987802e-01 2.777379e+01
      vertex   1.285794e+02 -9.110801e-01 2.768352e+01
    endloop
  endfacet
  facet normal 2.512733e-01 -3.597171e-01 8.985908e-01
    outer loop
      vertex   1.285794e+02 -9.110801e-01 2.768352e+01
      vertex   1.287037e+02 -5.987802e-01 2.777379e+01
      vertex   1.284248e+02 -5.150987e-01 2.788526e+01
    endloop
  endfacet
  facet normal 5.724058e-01 -6.385685e-02 8.174802e-01
    outer loop
      vertex   1.292856e+02 0.000000e+00 2.753209e+01
      vertex   1.290000e+02 0.000000e+00 2.773205e+01
      vertex   1.290554e+02 -3.216245e-01 2.766817e+01
    endloop
  endfacet
  facet normal 4.794659e-01 -9.084778e-02 8.728454e-01
    outer loop
      vertex   1.290554e+02 -3.216245e-01 2.766817e+01
      vertex   1.290000e+02 0.000000e+00 2.773205e+01
      vertex   1.288066e+02 -2.683487e-01 2.781034e+01
    endloop
  endfacet
  facet normal 4.441914e-01 -2.340879e-01 8.648103e-01
    outer loop
      vertex   1.290554e+02 -3.216245e-01 2.766817e+01
      vertex   1.288066e+02 -2.683487e-01 2.781034e+01
      vertex   1.287037e+02 -5.987802e-01 2.777379e+01
    endloop
  endfacet
  facet normal 3.115742e-01 -1.998600e-01 9.289658e-01
    outer loop
      vertex   1.287037e+02 -5.987802e-01 2.777379e+01
      vertex   1.288066e+02 -2.683487e-01 2.781034e+01
      vertex   1.285457e+02 -1.900546e-01 2.791471e+01
    endloop
  endfacet
  facet normal 3.113830e-01 -1.999494e-01 9.290107e-01
    outer loop
      vertex   1.287037e+02 -5.987802e-01 2.777379e+01
      vertex   1.285457e+02 -1.900546e-01 2.791471e+01
      vertex   1.284248e+02 -5.150987e-01 2.788526e+01
    endloop
  endfacet
  facet normal 1.746520e-01 -1.530726e-01 9.726590e-01
    outer loop
      vertex   1.284248e+02 -5.150987e-01 2.788526e+01
      vertex   1.285457e+02 -1.900546e-01 2.791471e+01
      vertex   1.282802e+02 -8.909589e-02 2.797827e+01
    endloop
  endfacet
  facet normal 1.744511e-01 -1.531462e-01 9.726834e-01
    outer loop
      vertex   1.284248e+02 -5.150987e-01 2.788526e+01
      vertex   1.282802e+02 -8.909589e-02 2.797827e+01
      vertex   1.281424e+02 -4.076669e-01 2.795283e+01
    endloop
  endfacet
  facet normal 4.222785e-01 -4.008773e-02 9.055793e-01
    outer loop
      vertex   1.290000e+02 0.000000e+00 2.773205e+01
      vertex   1.286840e+02 0.000000e+00 2.787939e+01
      vertex   1.288066e+02 -2.683487e-01 2.781034e+01
    endloop
  endfacet
  facet normal 3.491739e-01 -8.068640e-02 9.335777e-01
    outer loop
      vertex   1.288066e+02 -2.683487e-01 2.781034e+01
      vertex   1.286840e+02 0.000000e+00 2.787939e+01
      vertex   1.285457e+02 -1.900546e-01 2.791471e+01
    endloop
  endfacet
  facet normal 2.588088e-01 -8.888873e-03 9.658877e-01
    outer loop
      vertex   1.286840e+02 0.000000e+00 2.787939e+01
      vertex   1.283473e+02 0.000000e+00 2.796962e+01
      vertex   1.285457e+02 -1.900546e-01 2.791471e+01
    endloop
  endfacet
  facet normal 2.096128e-01 -6.308605e-02 9.757472e-01
    outer loop
      vertex   1.285457e+02 -1.900546e-01 2.791471e+01
      vertex   1.283473e+02 0.000000e+00 2.796962e+01
      vertex   1.282802e+02 -8.909589e-02 2.797827e+01
    endloop
  endfacet
  facet normal 3.904262e-01 -3.956372e-01 8.312873e-01
    outer loop
      vertex   1.289688e+02 -6.555810e-01 2.762221e+01
      vertex   1.285794e+02 -9.110801e-01 2.768352e+01
      vertex   1.288530e+02 -9.696860e-01 2.752713e+01
    endloop
  endfacet
  facet normal 1.942325e-01 -8.995377e-01 3.912872e-01
    outer loop
      vertex   1.283683e+02 -1.702485e+00 2.698281e+01
      vertex   1.281773e+02 -1.852232e+00 2.673334e+01
      vertex   1.285993e+02 -1.729547e+00 2.680592e+01
    endloop
  endfacet
  facet normal 1.942325e-01 -8.995377e-01 3.912872e-01
    outer loop
      vertex   1.285993e+02 -1.729547e+00 2.680592e+01
      vertex   1.281773e+02 -1.852232e+00 2.673334e+01
      vertex   1.283863e+02 -1.876718e+00 2.657330e+01
    endloop
  endfacet
  facet normal 2.992541e-01 -9.060320e-01 2.992541e-01
    outer loop
      vertex   1.285993e+02 -1.729547e+00 2.680592e+01
      vertex   1.283863e+02 -1.876718e+00 2.657330e+01
      vertex   1.288059e+02 -1.729547e+00 2.659930e+01
    endloop
  endfacet
  facet normal 2.992541e-01 -9.060320e-01 2.992541e-01
    outer loop
      vertex   1.288059e+02 -1.729547e+00 2.659930e+01
      vertex   1.283863e+02 -1.876718e+00 2.657330e+01
      vertex   1.285733e+02 -1.876718e+00 2.638634e+01
    endloop
  endfacet
  facet normal 3.912872e-01 -8.995377e-01 1.942325e-01
    outer loop
      vertex   1.288059e+02 -1.729547e+00 2.659930e+01
      vertex   1.285733e+02 -1.876718e+00 2.638634e+01
      vertex   1.289828e+02 -1.702485e+00 2.636829e+01
    endloop
  endfacet
  facet normal 3.804551e-01 -7.003043e-01 6.040098e-01
    outer loop
      vertex   1.289649e+02 -1.284131e+00 2.719165e+01
      vertex   1.287113e+02 -1.254428e+00 2.738580e+01
      vertex   1.285481e+02 -1.501185e+00 2.720251e+01
    endloop
  endfacet
  facet normal 2.917726e-01 -8.121217e-01 5.052991e-01
    outer loop
      vertex   1.285481e+02 -1.501185e+00 2.720251e+01
      vertex   1.283683e+02 -1.702485e+00 2.698281e+01
      vertex   1.287941e+02 -1.530004e+00 2.701414e+01
    endloop
  endfacet
  facet normal 2.917726e-01 -8.121217e-01 5.052991e-01
    outer loop
      vertex   1.287941e+02 -1.530004e+00 2.701414e+01
      vertex   1.283683e+02 -1.702485e+00 2.698281e+01
      vertex   1.285993e+02 -1.729547e+00 2.680592e+01
    endloop
  endfacet
  facet normal 4.055730e-01 -8.191588e-01 4.055730e-01
    outer loop
      vertex   1.287941e+02 -1.530004e+00 2.701414e+01
      vertex   1.285993e+02 -1.729547e+00 2.680592e+01
      vertex   1.290141e+02 -1.530004e+00 2.679411e+01
    endloop
  endfacet
  facet normal 4.055730e-01 -8.191588e-01 4.055730e-01
    outer loop
      vertex   1.290141e+02 -1.530004e+00 2.679411e+01
      vertex   1.285993e+02 -1.729547e+00 2.680592e+01
      vertex   1.288059e+02 -1.729547e+00 2.659930e+01
    endloop
  endfacet
  facet normal 5.052991e-01 -8.121217e-01 2.917726e-01
    outer loop
      vertex   1.290141e+02 -1.530004e+00 2.679411e+01
      vertex   1.288059e+02 -1.729547e+00 2.659930e+01
      vertex   1.292025e+02 -1.501185e+00 2.654810e+01
    endloop
  endfacet
  facet normal 5.052991e-01 -8.121217e-01 2.917726e-01
    outer loop
      vertex   1.292025e+02 -1.501185e+00 2.654810e+01
      vertex   1.288059e+02 -1.729547e+00 2.659930e+01
      vertex   1.289828e+02 -1.702485e+00 2.636829e+01
    endloop
  endfacet
  facet normal 5.883681e-01 -7.911925e-01 1.668453e-01
    outer loop
      vertex   1.292025e+02 -1.501185e+00 2.654810e+01
      vertex   1.289828e+02 -1.702485e+00 2.636829e+01
      vertex   1.293543e+02 -1.444294e+00 2.628250e+01
    endloop
  endfacet
  facet normal 5.883681e-01 -7.911925e-01 1.668453e-01
    outer loop
      vertex   1.293543e+02 -1.444294e+00 2.628250e+01
      vertex   1.289828e+02 -1.702485e+00 2.636829e+01
      vertex   1.291254e+02 -1.649061e+00 2.611888e+01
    endloop
  endfacet
  facet normal 5.210848e-01 -4.175265e-01 7.444073e-01
    outer loop
      vertex   1.289688e+02 -6.555810e-01 2.762221e+01
      vertex   1.288530e+02 -9.696860e-01 2.752713e+01
      vertex   1.292145e+02 -6.843541e-01 2.743414e+01
    endloop
  endfacet
  facet normal 5.210848e-01 -4.175265e-01 7.444073e-01
    outer loop
      vertex   1.292145e+02 -6.843541e-01 2.743414e+01
      vertex   1.288530e+02 -9.696860e-01 2.752713e+01
      vertex   1.291064e+02 -9.993734e-01 2.733308e+01
    endloop
  endfacet
  facet normal 6.401060e-01 -4.248865e-01 6.401060e-01
    outer loop
      vertex   1.292145e+02 -6.843541e-01 2.743414e+01
      vertex   1.291064e+02 -9.993734e-01 2.733308e+01
      vertex   1.294341e+02 -6.843541e-01 2.721445e+01
    endloop
  endfacet
  facet normal 6.401060e-01 -4.248865e-01 6.401060e-01
    outer loop
      vertex   1.294341e+02 -6.843541e-01 2.721445e+01
      vertex   1.291064e+02 -9.993734e-01 2.733308e+01
      vertex   1.293331e+02 -9.993734e-01 2.710641e+01
    endloop
  endfacet
  facet normal 7.444073e-01 -4.175265e-01 5.210848e-01
    outer loop
      vertex   1.294341e+02 -6.843541e-01 2.721445e+01
      vertex   1.293331e+02 -9.993734e-01 2.710641e+01
      vertex   1.296222e+02 -6.555810e-01 2.696884e+01
    endloop
  endfacet
  facet normal 7.444073e-01 -4.175265e-01 5.210848e-01
    outer loop
      vertex   1.296222e+02 -6.555810e-01 2.696884e+01
      vertex   1.293331e+02 -9.993734e-01 2.710641e+01
      vertex   1.295271e+02 -9.696860e-01 2.685299e+01
    endloop
  endfacet
  facet normal 8.312873e-01 -3.956372e-01 3.904262e-01
    outer loop
      vertex   1.296222e+02 -6.555810e-01 2.696884e+01
      vertex   1.295271e+02 -9.696860e-01 2.685299e+01
      vertex   1.297738e+02 -5.987802e-01 2.670366e+01
    endloop
  endfacet
  facet normal 8.312873e-01 -3.956372e-01 3.904262e-01
    outer loop
      vertex   1.297738e+02 -5.987802e-01 2.670366e+01
      vertex   1.295271e+02 -9.696860e-01 2.685299e+01
      vertex   1.296835e+02 -9.110801e-01 2.657938e+01
    endloop
  endfacet
  facet normal 8.985908e-01 -3.597171e-01 2.512733e-01
    outer loop
      vertex   1.297738e+02 -5.987802e-01 2.670366e+01
      vertex   1.296835e+02 -9.110801e-01 2.657938e+01
      vertex   1.298853e+02 -5.150987e-01 2.642483e+01
    endloop
  endfacet
  facet normal 8.986123e-01 -3.598102e-01 2.510628e-01
    outer loop
      vertex   1.298853e+02 -5.150987e-01 2.642483e+01
      vertex   1.296835e+02 -9.110801e-01 2.657938e+01
      vertex   1.297987e+02 -8.245256e-01 2.629106e+01
    endloop
  endfacet
  facet normal 1.837969e-01 -9.656280e-01 1.837969e-01
    outer loop
      vertex   1.285733e+02 -1.876718e+00 2.638634e+01
      vertex   1.283863e+02 -1.876718e+00 2.657330e+01
      vertex   1.281617e+02 -1.967060e+00 2.632331e+01
    endloop
  endfacet
  facet normal 9.073387e-02 -9.598732e-01 2.653504e-01
    outer loop
      vertex   1.281617e+02 -1.967060e+00 2.632331e+01
      vertex   1.283863e+02 -1.876718e+00 2.657330e+01
      vertex   1.281773e+02 -1.852232e+00 2.673334e+01
    endloop
  endfacet
  facet normal 4.996001e-01 -7.076719e-01 4.996001e-01
    outer loop
      vertex   1.291917e+02 -1.284131e+00 2.696487e+01
      vertex   1.289649e+02 -1.284131e+00 2.719165e+01
      vertex   1.287941e+02 -1.530004e+00 2.701414e+01
    endloop
  endfacet
  facet normal 3.804551e-01 -7.003043e-01 6.040098e-01
    outer loop
      vertex   1.287941e+02 -1.530004e+00 2.701414e+01
      vertex   1.289649e+02 -1.284131e+00 2.719165e+01
      vertex   1.285481e+02 -1.501185e+00 2.720251e+01
    endloop
  endfacet
  facet normal 4.996001e-01 -7.076719e-01 4.996001e-01
    outer loop
      vertex   1.291917e+02 -1.284131e+00 2.696487e+01
      vertex   1.287941e+02 -1.530004e+00 2.701414e+01
      vertex   1.290141e+02 -1.530004e+00 2.679411e+01
    endloop
  endfacet
  facet normal 6.824072e-01 -2.619942e-01 6.824072e-01
    outer loop
      vertex   1.294918e+02 -3.486119e-01 2.728572e+01
      vertex   1.292857e+02 -3.486119e-01 2.749177e+01
      vertex   1.292145e+02 -6.843541e-01 2.743414e+01
    endloop
  endfacet
  facet normal 5.688508e-01 -2.549722e-01 7.819194e-01
    outer loop
      vertex   1.292145e+02 -6.843541e-01 2.743414e+01
      vertex   1.292857e+02 -3.486119e-01 2.749177e+01
      vertex   1.289688e+02 -6.555810e-01 2.762221e+01
    endloop
  endfacet
  facet normal 6.824072e-01 -2.619942e-01 6.824072e-01
    outer loop
      vertex   1.294918e+02 -3.486119e-01 2.728572e+01
      vertex   1.292145e+02 -6.843541e-01 2.743414e+01
      vertex   1.294341e+02 -6.843541e-01 2.721445e+01
    endloop
  endfacet
  facet normal 6.040098e-01 -7.003043e-01 3.804551e-01
    outer loop
      vertex   1.293858e+02 -1.254428e+00 2.671132e+01
      vertex   1.291917e+02 -1.284131e+00 2.696487e+01
      vertex   1.290141e+02 -1.530004e+00 2.679411e+01
    endloop
  endfacet
  facet normal 6.040098e-01 -7.003043e-01 3.804551e-01
    outer loop
      vertex   1.293858e+02 -1.254428e+00 2.671132e+01
      vertex   1.290141e+02 -1.530004e+00 2.679411e+01
      vertex   1.292025e+02 -1.501185e+00 2.654810e+01
    endloop
  endfacet
  facet normal 7.819194e-01 -2.549722e-01 5.688508e-01
    outer loop
      vertex   1.296682e+02 -3.216245e-01 2.705535e+01
      vertex   1.294918e+02 -3.486119e-01 2.728572e+01
      vertex   1.294341e+02 -6.843541e-01 2.721445e+01
    endloop
  endfacet
  facet normal 7.819194e-01 -2.549722e-01 5.688508e-01
    outer loop
      vertex   1.296682e+02 -3.216245e-01 2.705535e+01
      vertex   1.294341e+02 -6.843541e-01 2.721445e+01
      vertex   1.296222e+02 -6.555810e-01 2.696884e+01
    endloop
  endfacet
  facet normal 6.909802e-01 -6.783922e-01 2.496605e-01
    outer loop
      vertex   1.295423e+02 -1.195792e+00 2.643757e+01
      vertex   1.293858e+02 -1.254428e+00 2.671132e+01
      vertex   1.292025e+02 -1.501185e+00 2.654810e+01
    endloop
  endfacet
  facet normal 6.909802e-01 -6.783922e-01 2.496605e-01
    outer loop
      vertex   1.295423e+02 -1.195792e+00 2.643757e+01
      vertex   1.292025e+02 -1.501185e+00 2.654810e+01
      vertex   1.293543e+02 -1.444294e+00 2.628250e+01
    endloop
  endfacet
  facet normal 8.648103e-01 -2.340879e-01 4.441914e-01
    outer loop
      vertex   1.298103e+02 -2.683487e-01 2.680663e+01
      vertex   1.296682e+02 -3.216245e-01 2.705535e+01
      vertex   1.296222e+02 -6.555810e-01 2.696884e+01
    endloop
  endfacet
  facet normal 8.648103e-01 -2.340879e-01 4.441914e-01
    outer loop
      vertex   1.298103e+02 -2.683487e-01 2.680663e+01
      vertex   1.296222e+02 -6.555810e-01 2.696884e+01
      vertex   1.297738e+02 -5.987802e-01 2.670366e+01
    endloop
  endfacet
  facet normal 7.584815e-01 -6.423334e-01 1.100618e-01
    outer loop
      vertex   1.296577e+02 -1.108978e+00 2.614847e+01
      vertex   1.295423e+02 -1.195792e+00 2.643757e+01
      vertex   1.293543e+02 -1.444294e+00 2.628250e+01
    endloop
  endfacet
  facet normal 9.289658e-01 -1.998600e-01 3.115742e-01
    outer loop
      vertex   1.299147e+02 -1.900546e-01 2.654567e+01
      vertex   1.298103e+02 -2.683487e-01 2.680663e+01
      vertex   1.297738e+02 -5.987802e-01 2.670366e+01
    endloop
  endfacet
  facet normal 9.290107e-01 -1.999494e-01 3.113830e-01
    outer loop
      vertex   1.299147e+02 -1.900546e-01 2.654567e+01
      vertex   1.297738e+02 -5.987802e-01 2.670366e+01
      vertex   1.298853e+02 -5.150987e-01 2.642483e+01
    endloop
  endfacet
  facet normal -8.715574e-02 0.000000e+00 9.961947e-01
    outer loop
      vertex   1.000000e+02 1.350000e+01 2.800000e+01
      vertex   1.000000e+02 2.800000e+01 2.800000e+01
      vertex   9.965270e+01 2.075000e+01 2.796962e+01
    endloop
  endfacet
  facet normal -8.715574e-02 0.000000e+00 9.961947e-01
    outer loop
      vertex   9.965270e+01 2.075000e+01 2.796962e+01
      vertex   1.000000e+02 2.800000e+01 2.800000e+01
      vertex   9.965270e+01 2.800000e+01 2.796962e+01
    endloop
  endfacet
  facet normal -2.588190e-01 0.000000e+00 9.659258e-01
    outer loop
      vertex   9.965270e+01 2.075000e+01 2.796962e+01
      vertex   9.965270e+01 2.800000e+01 2.796962e+01
      vertex   9.931596e+01 2.075000e+01 2.787939e+01
    endloop
  endfacet
  facet normal -2.588190e-01 -9.466642e-16 9.659258e-01
    outer loop
      vertex   9.931596e+01 2.075000e+01 2.787939e+01
      vertex   9.965270e+01 2.800000e+01 2.796962e+01
      vertex   9.931596e+01 2.800000e+01 2.787939e+01
    endloop
  endfacet
  facet normal -4.226183e-01 -8.882350e-16 9.063078e-01
    outer loop
      vertex   9.931596e+01 2.075000e+01 2.787939e+01
      vertex   9.931596e+01 2.800000e+01 2.787939e+01
      vertex   9.900000e+01 2.075000e+01 2.773205e+01
    endloop
  endfacet
  facet normal -4.226183e-01 0.000000e+00 9.063078e-01
    outer loop
      vertex   9.900000e+01 2.075000e+01 2.773205e+01
      vertex   9.931596e+01 2.800000e+01 2.787939e+01
      vertex   9.900000e+01 2.800000e+01 2.773205e+01
    endloop
  endfacet
  facet normal -5.735764e-01 0.000000e+00 8.191520e-01
    outer loop
      vertex   9.900000e+01 2.075000e+01 2.773205e+01
      vertex   9.900000e+01 2.800000e+01 2.773205e+01
      vertex   9.871442e+01 2.075000e+01 2.753209e+01
    endloop
  endfacet
  facet normal -5.735764e-01 -4.014086e-16 8.191520e-01
    outer loop
      vertex   9.871442e+01 2.075000e+01 2.753209e+01
      vertex   9.900000e+01 2.800000e+01 2.773205e+01
      vertex   9.871442e+01 2.800000e+01 2.753209e+01
    endloop
  endfacet
  facet normal -7.071068e-01 -3.465032e-16 7.071068e-01
    outer loop
      vertex   9.871442e+01 2.075000e+01 2.753209e+01
      vertex   9.871442e+01 2.800000e+01 2.753209e+01
      vertex   9.846791e+01 2.075000e+01 2.728558e+01
    endloop
  endfacet
  facet normal -7.071068e-01 -3.465032e-16 7.071068e-01
    outer loop
      vertex   9.846791e+01 2.075000e+01 2.728558e+01
      vertex   9.871442e+01 2.800000e+01 2.753209e+01
      vertex   9.846791e+01 2.800000e+01 2.728558e+01
    endloop
  endfacet
  facet normal -8.191520e-01 -2.810694e-16 5.735764e-01
    outer loop
      vertex   9.846791e+01 2.075000e+01 2.728558e+01
      vertex   9.846791e+01 2.800000e+01 2.728558e+01
      vertex   9.826795e+01 2.075000e+01 2.700000e+01
    endloop
  endfacet
  facet normal -8.191520e-01 -2.810694e-16 5.735764e-01
    outer loop
      vertex   9.826795e+01 2.075000e+01 2.700000e+01
      vertex   9.846791e+01 2.800000e+01 2.728558e+01
      vertex   9.826795e+01 2.800000e+01 2.700000e+01
    endloop
  endfacet
  facet normal -9.063078e-01 -2.070954e-16 4.226183e-01
    outer loop
      vertex   9.826795e+01 2.075000e+01 2.700000e+01
      vertex   9.826795e+01 2.800000e+01 2.700000e+01
      vertex   9.812061e+01 2.075000e+01 2.668404e+01
    endloop
  endfacet
  facet normal -9.063078e-01 -2.070954e-16 4.226183e-01
    outer loop
      vertex   9.812061e+01 2.075000e+01 2.668404e+01
      vertex   9.826795e+01 2.800000e+01 2.700000e+01
      vertex   9.812061e+01 2.800000e+01 2.668404e+01
    endloop
  endfacet
  facet normal -9.659258e-01 -1.268290e-16 2.588190e-01
    outer loop
      vertex   9.812061e+01 2.075000e+01 2.668404e+01
      vertex   9.812061e+01 2.800000e+01 2.668404e+01
      vertex   9.803038e+01 2.075000e+01 2.634730e+01
    endloop
  endfacet
  facet normal -9.659258e-01 0.000000e+00 2.588190e-01
    outer loop
      vertex   9.803038e+01 2.075000e+01 2.634730e+01
      vertex   9.812061e+01 2.800000e+01 2.668404e+01
      vertex   9.803038e+01 2.800000e+01 2.634730e+01
    endloop
  endfacet
  facet normal -9.961947e-01 0.000000e+00 8.715574e-02
    outer loop
      vertex   9.803038e+01 2.075000e+01 2.634730e+01
      vertex   9.803038e+01 2.800000e+01 2.634730e+01
      vertex   9.800000e+01 2.800000e+01 2.600000e+01
    endloop
  endfacet
  facet normal -9.961947e-01 0.000000e+00 8.715574e-02
    outer loop
      vertex   9.800000e+01 2.800000e+01 2.600000e+01
      vertex   9.800000e+01 1.350000e+01 2.600000e+01
      vertex   9.803038e+01 2.075000e+01 2.634730e+01
    endloop
  endfacet
  facet normal -9.961947e-01 0.000000e+00 8.715574e-02
    outer loop
      vertex   9.803038e+01 2.075000e+01 2.634730e+01
      vertex   9.800000e+01 1.350000e+01 2.600000e+01
      vertex   9.803038e+01 1.350000e+01 2.634730e+01
    endloop
  endfacet
  facet normal -9.659258e-01 0.000000e+00 2.588190e-01
    outer loop
      vertex   9.803038e+01 2.075000e+01 2.634730e+01
      vertex   9.803038e+01 1.350000e+01 2.634730e+01
      vertex   9.812061e+01 2.075000e+01 2.668404e+01
    endloop
  endfacet
  facet normal -9.659258e-01 1.268290e-16 2.588190e-01
    outer loop
      vertex   9.812061e+01 2.075000e+01 2.668404e+01
      vertex   9.803038e+01 1.350000e+01 2.634730e+01
      vertex   9.812061e+01 1.350000e+01 2.668404e+01
    endloop
  endfacet
  facet normal -9.063078e-01 2.070954e-16 4.226183e-01
    outer loop
      vertex   9.812061e+01 2.075000e+01 2.668404e+01
      vertex   9.812061e+01 1.350000e+01 2.668404e+01
      vertex   9.826795e+01 2.075000e+01 2.700000e+01
    endloop
  endfacet
  facet normal -9.063078e-01 2.070954e-16 4.226183e-01
    outer loop
      vertex   9.826795e+01 2.075000e+01 2.700000e+01
      vertex   9.812061e+01 1.350000e+01 2.668404e+01
      vertex   9.826795e+01 1.350000e+01 2.700000e+01
    endloop
  endfacet
  facet normal -8.191520e-01 2.810694e-16 5.735764e-01
    outer loop
      vertex   9.826795e+01 2.075000e+01 2.700000e+01
      vertex   9.826795e+01 1.350000e+01 2.700000e+01
      vertex   9.846791e+01 2.075000e+01 2.728558e+01
    endloop
  endfacet
  facet normal -8.191520e-01 2.810694e-16 5.735764e-01
    outer loop
      vertex   9.846791e+01 2.075000e+01 2.728558e+01
      vertex   9.826795e+01 1.350000e+01 2.700000e+01
      vertex   9.846791e+01 1.350000e+01 2.728558e+01
    endloop
  endfacet
  facet normal -7.071068e-01 3.465032e-16 7.071068e-01
    outer loop
      vertex   9.846791e+01 2.075000e+01 2.728558e+01
      vertex   9.846791e+01 1.350000e+01 2.728558e+01
      vertex   9.871442e+01 2.075000e+01 2.753209e+01
    endloop
  endfacet
  facet normal -7.071068e-01 3.465032e-16 7.071068e-01
    outer loop
      vertex   9.871442e+01 2.075000e+01 2.753209e+01
      vertex   9.846791e+01 1.350000e+01 2.728558e+01
      vertex   9.871442e+01 1.350000e+01 2.753209e+01
    endloop
  endfacet
  facet normal -5.735764e-01 4.014086e-16 8.191520e-01
    outer loop
      vertex   9.871442e+01 2.075000e+01 2.753209e+01
      vertex   9.871442e+01 1.350000e+01 2.753209e+01
      vertex   9.900000e+01 2.075000e+01 2.773205e+01
    endloop
  endfacet
  facet normal -5.735764e-01 0.000000e+00 8.191520e-01
    outer loop
      vertex   9.900000e+01 2.075000e+01 2.773205e+01
      vertex   9.871442e+01 1.350000e+01 2.753209e+01
      vertex   9.900000e+01 1.350000e+01 2.773205e+01
    endloop
  endfacet
  facet normal -4.226183e-01 0.000000e+00 9.063078e-01
    outer loop
      vertex   9.900000e+01 2.075000e+01 2.773205e+01
      vertex   9.900000e+01 1.350000e+01 2.773205e+01
      vertex   9.931596e+01 2.075000e+01 2.787939e+01
    endloop
  endfacet
  facet normal -4.226183e-01 8.882350e-16 9.063078e-01
    outer loop
      vertex   9.931596e+01 2.075000e+01 2.787939e+01
      vertex   9.900000e+01 1.350000e+01 2.773205e+01
      vertex   9.931596e+01 1.350000e+01 2.787939e+01
    endloop
  endfacet
  facet normal -2.588190e-01 9.466642e-16 9.659258e-01
    outer loop
      vertex   9.931596e+01 2.075000e+01 2.787939e+01
      vertex   9.931596e+01 1.350000e+01 2.787939e+01
      vertex   9.965270e+01 2.075000e+01 2.796962e+01
    endloop
  endfacet
  facet normal -2.588190e-01 0.000000e+00 9.659258e-01
    outer loop
      vertex   9.965270e+01 2.075000e+01 2.796962e+01
      vertex   9.931596e+01 1.350000e+01 2.787939e+01
      vertex   9.965270e+01 1.350000e+01 2.796962e+01
    endloop
  endfacet
  facet normal -8.715574e-02 0.000000e+00 9.961947e-01
    outer loop
      vertex   9.965270e+01 2.075000e+01 2.796962e+01
      vertex   9.965270e+01 1.350000e+01 2.796962e+01
      vertex   1.000000e+02 1.350000e+01 2.800000e+01
    endloop
  endfacet
  facet normal -8.687256e-02 -2.843913e-03 9.962154e-01
    outer loop
      vertex   1.000289e+02 1.261706e+01 2.800000e+01
      vertex   1.000000e+02 1.350000e+01 2.800000e+01
      vertex   9.968003e+01 1.263052e+01 2.796962e+01
    endloop
  endfacet
  facet normal -8.715542e-02 -2.738969e-03 9.961910e-01
    outer loop
      vertex   9.968003e+01 1.263052e+01 2.796962e+01
      vertex   1.000000e+02 1.350000e+01 2.800000e+01
      vertex   9.965270e+01 1.350000e+01 2.796962e+01
    endloop
  endfacet
  facet normal -2.588105e-01 -8.133447e-03 9.658939e-01
    outer loop
      vertex   9.968003e+01 1.263052e+01 2.796962e+01
      vertex   9.965270e+01 1.350000e+01 2.796962e+01
      vertex   9.931596e+01 1.350000e+01 2.787939e+01
    endloop
  endfacet
  facet normal -2.588105e-01 -8.133447e-03 9.658939e-01
    outer loop
      vertex   9.968003e+01 1.263052e+01 2.796962e+01
      vertex   9.931596e+01 1.350000e+01 2.787939e+01
      vertex   9.934395e+01 1.260938e+01 2.787939e+01
    endloop
  endfacet
  facet normal -4.225810e-01 -1.328014e-02 9.062279e-01
    outer loop
      vertex   9.934395e+01 1.260938e+01 2.787939e+01
      vertex   9.931596e+01 1.350000e+01 2.787939e+01
      vertex   9.900000e+01 1.350000e+01 2.773205e+01
    endloop
  endfacet
  facet normal -4.225810e-01 -1.328014e-02 9.062279e-01
    outer loop
      vertex   9.934395e+01 1.260938e+01 2.787939e+01
      vertex   9.900000e+01 1.350000e+01 2.773205e+01
      vertex   9.902861e+01 1.258954e+01 2.773205e+01
    endloop
  endfacet
  facet normal -5.734833e-01 -1.802244e-02 8.190190e-01
    outer loop
      vertex   9.902861e+01 1.258954e+01 2.773205e+01
      vertex   9.900000e+01 1.350000e+01 2.773205e+01
      vertex   9.871442e+01 1.350000e+01 2.753209e+01
    endloop
  endfacet
  facet normal -5.734833e-01 -1.802244e-02 8.190190e-01
    outer loop
      vertex   9.902861e+01 1.258954e+01 2.773205e+01
      vertex   9.871442e+01 1.350000e+01 2.753209e+01
      vertex   9.874360e+01 1.257161e+01 2.753209e+01
    endloop
  endfacet
  facet normal -7.069323e-01 -2.221624e-02 7.069323e-01
    outer loop
      vertex   9.874360e+01 1.257161e+01 2.753209e+01
      vertex   9.871442e+01 1.350000e+01 2.753209e+01
      vertex   9.846791e+01 1.350000e+01 2.728558e+01
    endloop
  endfacet
  facet normal -7.069323e-01 -2.221624e-02 7.069323e-01
    outer loop
      vertex   9.874360e+01 1.257161e+01 2.753209e+01
      vertex   9.846791e+01 1.350000e+01 2.728558e+01
      vertex   9.849757e+01 1.255613e+01 2.728558e+01
    endloop
  endfacet
  facet normal -8.188808e-01 -2.573436e-02 5.733865e-01
    outer loop
      vertex   9.849757e+01 1.255613e+01 2.728558e+01
      vertex   9.846791e+01 1.350000e+01 2.728558e+01
      vertex   9.826795e+01 1.350000e+01 2.700000e+01
    endloop
  endfacet
  facet normal -8.188808e-01 -2.573436e-02 5.733865e-01
    outer loop
      vertex   9.849757e+01 1.255613e+01 2.728558e+01
      vertex   9.826795e+01 1.350000e+01 2.700000e+01
      vertex   9.829801e+01 1.254357e+01 2.700000e+01
    endloop
  endfacet
  facet normal -9.059404e-01 -2.847032e-02 4.224469e-01
    outer loop
      vertex   9.829801e+01 1.254357e+01 2.700000e+01
      vertex   9.826795e+01 1.350000e+01 2.700000e+01
      vertex   9.812061e+01 1.350000e+01 2.668404e+01
    endloop
  endfacet
  facet normal -9.059404e-01 -2.847032e-02 4.224469e-01
    outer loop
      vertex   9.829801e+01 1.254357e+01 2.700000e+01
      vertex   9.812061e+01 1.350000e+01 2.668404e+01
      vertex   9.815096e+01 1.253432e+01 2.668404e+01
    endloop
  endfacet
  facet normal -9.654811e-01 -3.034147e-02 2.586999e-01
    outer loop
      vertex   9.815096e+01 1.253432e+01 2.668404e+01
      vertex   9.812061e+01 1.350000e+01 2.668404e+01
      vertex   9.803038e+01 1.350000e+01 2.634730e+01
    endloop
  endfacet
  facet normal -9.654811e-01 -3.034147e-02 2.586999e-01
    outer loop
      vertex   9.815096e+01 1.253432e+01 2.668404e+01
      vertex   9.803038e+01 1.350000e+01 2.634730e+01
      vertex   9.806091e+01 1.252865e+01 2.634730e+01
    endloop
  endfacet
  facet normal -9.957069e-01 -3.129135e-02 8.711306e-02
    outer loop
      vertex   9.806091e+01 1.252865e+01 2.634730e+01
      vertex   9.803038e+01 1.350000e+01 2.634730e+01
      vertex   9.800000e+01 1.350000e+01 2.600000e+01
    endloop
  endfacet
  facet normal -9.957069e-01 -3.129135e-02 8.711306e-02
    outer loop
      vertex   9.806091e+01 1.252865e+01 2.634730e+01
      vertex   9.800000e+01 1.350000e+01 2.600000e+01
      vertex   9.803059e+01 1.252675e+01 2.600000e+01
    endloop
  endfacet
  facet normal -9.917773e-01 -9.375055e-02 8.711306e-02
    outer loop
      vertex   9.806091e+01 1.252865e+01 2.634730e+01
      vertex   9.803059e+01 1.252675e+01 2.600000e+01
      vertex   9.815237e+01 1.156114e+01 2.634730e+01
    endloop
  endfacet
  facet normal -9.917773e-01 -9.375055e-02 8.711306e-02
    outer loop
      vertex   9.815237e+01 1.156114e+01 2.634730e+01
      vertex   9.803059e+01 1.252675e+01 2.600000e+01
      vertex   9.812222e+01 1.155733e+01 2.600000e+01
    endloop
  endfacet
  facet normal -9.839336e-01 -1.558398e-01 8.711306e-02
    outer loop
      vertex   9.815237e+01 1.156114e+01 2.634730e+01
      vertex   9.812222e+01 1.155733e+01 2.600000e+01
      vertex   9.830439e+01 1.060128e+01 2.634730e+01
    endloop
  endfacet
  facet normal -9.839336e-01 -1.558398e-01 8.711306e-02
    outer loop
      vertex   9.830439e+01 1.060128e+01 2.634730e+01
      vertex   9.812222e+01 1.155733e+01 2.600000e+01
      vertex   9.827455e+01 1.059559e+01 2.600000e+01
    endloop
  endfacet
  facet normal -9.722067e-01 -2.173140e-01 8.711306e-02
    outer loop
      vertex   9.830439e+01 1.060128e+01 2.634730e+01
      vertex   9.827455e+01 1.059559e+01 2.600000e+01
      vertex   9.851639e+01 9.652863e+00 2.634730e+01
    endloop
  endfacet
  facet normal -9.722067e-01 -2.173140e-01 8.711306e-02
    outer loop
      vertex   9.851639e+01 9.652863e+00 2.634730e+01
      vertex   9.827455e+01 1.059559e+01 2.600000e+01
      vertex   9.848696e+01 9.645307e+00 2.600000e+01
    endloop
  endfacet
  facet normal -9.566431e-01 -2.779305e-01 8.711306e-02
    outer loop
      vertex   9.851639e+01 9.652863e+00 2.634730e+01
      vertex   9.848696e+01 9.645307e+00 2.600000e+01
      vertex   9.878752e+01 8.719626e+00 2.634730e+01
    endloop
  endfacet
  facet normal -9.566431e-01 -2.779305e-01 8.711306e-02
    outer loop
      vertex   9.878752e+01 8.719626e+00 2.634730e+01
      vertex   9.848696e+01 9.645307e+00 2.600000e+01
      vertex   9.875862e+01 8.710237e+00 2.600000e+01
    endloop
  endfacet
  facet normal -9.373039e-01 -3.374502e-01 8.711306e-02
    outer loop
      vertex   9.878752e+01 8.719626e+00 2.634730e+01
      vertex   9.875862e+01 8.710237e+00 2.600000e+01
      vertex   9.911672e+01 7.805255e+00 2.634730e+01
    endloop
  endfacet
  facet normal -9.373039e-01 -3.374502e-01 8.711306e-02
    outer loop
      vertex   9.911672e+01 7.805255e+00 2.634730e+01
      vertex   9.875862e+01 8.710237e+00 2.600000e+01
      vertex   9.908846e+01 7.794069e+00 2.600000e+01
    endloop
  endfacet
  facet normal -9.142657e-01 -3.956381e-01 8.711306e-02
    outer loop
      vertex   9.911672e+01 7.805255e+00 2.634730e+01
      vertex   9.908846e+01 7.794069e+00 2.600000e+01
      vertex   9.950267e+01 6.913358e+00 2.634730e+01
    endloop
  endfacet
  facet normal -9.142657e-01 -3.956381e-01 8.711306e-02
    outer loop
      vertex   9.950267e+01 6.913358e+00 2.634730e+01
      vertex   9.908846e+01 7.794069e+00 2.600000e+01
      vertex   9.947518e+01 6.900421e+00 2.600000e+01
    endloop
  endfacet
  facet normal -8.876193e-01 -4.522646e-01 8.711306e-02
    outer loop
      vertex   9.950267e+01 6.913358e+00 2.634730e+01
      vertex   9.947518e+01 6.900421e+00 2.600000e+01
      vertex   9.994387e+01 6.047456e+00 2.634730e+01
    endloop
  endfacet
  facet normal -8.876193e-01 -4.522646e-01 8.711306e-02
    outer loop
      vertex   9.994387e+01 6.047456e+00 2.634730e+01
      vertex   9.947518e+01 6.900421e+00 2.600000e+01
      vertex   9.991725e+01 6.032818e+00 2.600000e+01
    endloop
  endfacet
  facet normal -8.574699e-01 -5.071063e-01 8.711306e-02
    outer loop
      vertex   9.994387e+01 6.047456e+00 2.634730e+01
      vertex   9.991725e+01 6.032818e+00 2.600000e+01
      vertex   1.004386e+02 5.210966e+00 2.634730e+01
    endloop
  endfacet
  facet normal -8.574699e-01 -5.071063e-01 8.711306e-02
    outer loop
      vertex   1.004386e+02 5.210966e+00 2.634730e+01
      vertex   9.991725e+01 6.032818e+00 2.600000e+01
      vertex   1.004129e+02 5.194685e+00 2.600000e+01
    endloop
  endfacet
  facet normal -8.239364e-01 -5.599466e-01 8.711306e-02
    outer loop
      vertex   1.004386e+02 5.210966e+00 2.634730e+01
      vertex   1.004129e+02 5.194685e+00 2.600000e+01
      vertex   1.009848e+02 4.407188e+00 2.634730e+01
    endloop
  endfacet
  facet normal -8.239364e-01 -5.599466e-01 8.711306e-02
    outer loop
      vertex   1.009848e+02 4.407188e+00 2.634730e+01
      vertex   1.004129e+02 5.194685e+00 2.600000e+01
      vertex   1.009602e+02 4.389329e+00 2.600000e+01
    endloop
  endfacet
  facet normal -7.871512e-01 -6.105770e-01 8.711306e-02
    outer loop
      vertex   1.009848e+02 4.407188e+00 2.634730e+01
      vertex   1.009602e+02 4.389329e+00 2.600000e+01
      vertex   1.015805e+02 3.639296e+00 2.634730e+01
    endloop
  endfacet
  facet normal -7.871512e-01 -6.105770e-01 8.711306e-02
    outer loop
      vertex   1.015805e+02 3.639296e+00 2.634730e+01
      vertex   1.009602e+02 4.389329e+00 2.600000e+01
      vertex   1.015570e+02 3.619928e+00 2.600000e+01
    endloop
  endfacet
  facet normal -7.472595e-01 -6.587978e-01 8.711306e-02
    outer loop
      vertex   1.015805e+02 3.639296e+00 2.634730e+01
      vertex   1.015570e+02 3.619928e+00 2.600000e+01
      vertex   1.022231e+02 2.910319e+00 2.634730e+01
    endloop
  endfacet
  facet normal -7.472595e-01 -6.587978e-01 8.711306e-02
    outer loop
      vertex   1.022231e+02 2.910319e+00 2.634730e+01
      vertex   1.015570e+02 3.619928e+00 2.600000e+01
      vertex   1.022010e+02 2.889520e+00 2.600000e+01
    endloop
  endfacet
  facet normal -7.044187e-01 -7.044187e-01 8.711306e-02
    outer loop
      vertex   1.022231e+02 2.910319e+00 2.634730e+01
      vertex   1.022010e+02 2.889520e+00 2.600000e+01
      vertex   1.029103e+02 2.223136e+00 2.634730e+01
    endloop
  endfacet
  facet normal -7.044187e-01 -7.044187e-01 8.711306e-02
    outer loop
      vertex   1.029103e+02 2.223136e+00 2.634730e+01
      vertex   1.022010e+02 2.889520e+00 2.600000e+01
      vertex   1.028895e+02 2.200986e+00 2.600000e+01
    endloop
  endfacet
  facet normal -6.587978e-01 -7.472595e-01 8.711306e-02
    outer loop
      vertex   1.029103e+02 2.223136e+00 2.634730e+01
      vertex   1.028895e+02 2.200986e+00 2.600000e+01
      vertex   1.036393e+02 1.580456e+00 2.634730e+01
    endloop
  endfacet
  facet normal -6.587978e-01 -7.472595e-01 8.711306e-02
    outer loop
      vertex   1.036393e+02 1.580456e+00 2.634730e+01
      vertex   1.028895e+02 2.200986e+00 2.600000e+01
      vertex   1.036199e+02 1.557045e+00 2.600000e+01
    endloop
  endfacet
  facet normal -6.105770e-01 -7.871512e-01 8.711306e-02
    outer loop
      vertex   1.036393e+02 1.580456e+00 2.634730e+01
      vertex   1.036199e+02 1.557045e+00 2.600000e+01
      vertex   1.044072e+02 9.848182e-01 2.634730e+01
    endloop
  endfacet
  facet normal -6.105770e-01 -7.871512e-01 8.711306e-02
    outer loop
      vertex   1.044072e+02 9.848182e-01 2.634730e+01
      vertex   1.036199e+02 1.557045e+00 2.600000e+01
      vertex   1.043893e+02 9.602366e-01 2.600000e+01
    endloop
  endfacet
  facet normal -5.599466e-01 -8.239364e-01 8.711306e-02
    outer loop
      vertex   1.044072e+02 9.848182e-01 2.634730e+01
      vertex   1.043893e+02 9.602366e-01 2.600000e+01
      vertex   1.052110e+02 4.385716e-01 2.634730e+01
    endloop
  endfacet
  facet normal -5.599466e-01 -8.239364e-01 8.711306e-02
    outer loop
      vertex   1.052110e+02 4.385716e-01 2.634730e+01
      vertex   1.043893e+02 9.602366e-01 2.600000e+01
      vertex   1.051947e+02 4.129172e-01 2.600000e+01
    endloop
  endfacet
  facet normal -5.071063e-01 -8.574699e-01 8.711306e-02
    outer loop
      vertex   1.052110e+02 4.385716e-01 2.634730e+01
      vertex   1.051947e+02 4.129172e-01 2.600000e+01
      vertex   1.060475e+02 -5.612741e-02 2.634730e+01
    endloop
  endfacet
  facet normal -5.071063e-01 -8.574699e-01 8.711306e-02
    outer loop
      vertex   1.060475e+02 -5.612741e-02 2.634730e+01
      vertex   1.051947e+02 4.129172e-01 2.600000e+01
      vertex   1.060328e+02 -8.275354e-02 2.600000e+01
    endloop
  endfacet
  facet normal -4.522646e-01 -8.876193e-01 8.711306e-02
    outer loop
      vertex   1.060475e+02 -5.612741e-02 2.634730e+01
      vertex   1.060328e+02 -8.275354e-02 2.600000e+01
      vertex   1.069134e+02 -4.973266e-01 2.634730e+01
    endloop
  endfacet
  facet normal -4.522646e-01 -8.876193e-01 8.711306e-02
    outer loop
      vertex   1.069134e+02 -4.973266e-01 2.634730e+01
      vertex   1.060328e+02 -8.275354e-02 2.600000e+01
      vertex   1.069004e+02 -5.248193e-01 2.600000e+01
    endloop
  endfacet
  facet normal -3.956381e-01 -9.142657e-01 8.711306e-02
    outer loop
      vertex   1.069134e+02 -4.973266e-01 2.634730e+01
      vertex   1.069004e+02 -5.248193e-01 2.600000e+01
      vertex   1.078053e+02 -8.832847e-01 2.634730e+01
    endloop
  endfacet
  facet normal -3.956381e-01 -9.142657e-01 8.711306e-02
    outer loop
      vertex   1.078053e+02 -8.832847e-01 2.634730e+01
      vertex   1.069004e+02 -5.248193e-01 2.600000e+01
      vertex   1.077941e+02 -9.115355e-01 2.600000e+01
    endloop
  endfacet
  facet normal -3.374502e-01 -9.373039e-01 8.711306e-02
    outer loop
      vertex   1.078053e+02 -8.832847e-01 2.634730e+01
      vertex   1.077941e+02 -9.115355e-01 2.600000e+01
      vertex   1.087196e+02 -1.212479e+00 2.634730e+01
    endloop
  endfacet
  facet normal -3.374502e-01 -9.373039e-01 8.711306e-02
    outer loop
      vertex   1.087196e+02 -1.212479e+00 2.634730e+01
      vertex   1.077941e+02 -9.115355e-01 2.600000e+01
      vertex   1.087102e+02 -1.241376e+00 2.600000e+01
    endloop
  endfacet
  facet normal -2.779305e-01 -9.566431e-01 8.711306e-02
    outer loop
      vertex   1.087196e+02 -1.212479e+00 2.634730e+01
      vertex   1.087102e+02 -1.241376e+00 2.600000e+01
      vertex   1.096529e+02 -1.483609e+00 2.634730e+01
    endloop
  endfacet
  facet normal -2.779305e-01 -9.566431e-01 8.711306e-02
    outer loop
      vertex   1.096529e+02 -1.483609e+00 2.634730e+01
      vertex   1.087102e+02 -1.241376e+00 2.600000e+01
      vertex   1.096453e+02 -1.513039e+00 2.600000e+01
    endloop
  endfacet
  facet normal -2.173140e-01 -9.722067e-01 8.711306e-02
    outer loop
      vertex   1.096529e+02 -1.483609e+00 2.634730e+01
      vertex   1.096453e+02 -1.513039e+00 2.600000e+01
      vertex   1.106013e+02 -1.695606e+00 2.634730e+01
    endloop
  endfacet
  facet normal -2.173140e-01 -9.722067e-01 8.711306e-02
    outer loop
      vertex   1.106013e+02 -1.695606e+00 2.634730e+01
      vertex   1.096453e+02 -1.513039e+00 2.600000e+01
      vertex   1.105956e+02 -1.725452e+00 2.600000e+01
    endloop
  endfacet
  facet normal -1.558398e-01 -9.839336e-01 8.711306e-02
    outer loop
      vertex   1.106013e+02 -1.695606e+00 2.634730e+01
      vertex   1.105956e+02 -1.725452e+00 2.600000e+01
      vertex   1.115611e+02 -1.847633e+00 2.634730e+01
    endloop
  endfacet
  facet normal -1.558398e-01 -9.839336e-01 8.711306e-02
    outer loop
      vertex   1.115611e+02 -1.847633e+00 2.634730e+01
      vertex   1.105956e+02 -1.725452e+00 2.600000e+01
      vertex   1.115573e+02 -1.877778e+00 2.600000e+01
    endloop
  endfacet
  facet normal -9.375055e-02 -9.917773e-01 8.711306e-02
    outer loop
      vertex   1.115611e+02 -1.847633e+00 2.634730e+01
      vertex   1.115573e+02 -1.877778e+00 2.600000e+01
      vertex   1.125287e+02 -1.939090e+00 2.634730e+01
    endloop
  endfacet
  facet normal -9.375055e-02 -9.917773e-01 8.711306e-02
    outer loop
      vertex   1.125287e+02 -1.939090e+00 2.634730e+01
      vertex   1.115573e+02 -1.877778e+00 2.600000e+01
      vertex   1.125267e+02 -1.969414e+00 2.600000e+01
    endloop
  endfacet
  facet normal -3.129135e-02 -9.957069e-01 8.711306e-02
    outer loop
      vertex   1.125287e+02 -1.939090e+00 2.634730e+01
      vertex   1.125267e+02 -1.969414e+00 2.600000e+01
      vertex   1.135000e+02 -1.969616e+00 2.634730e+01
    endloop
  endfacet
  facet normal -3.129135e-02 -9.957069e-01 8.711306e-02
    outer loop
      vertex   1.135000e+02 -1.969616e+00 2.634730e+01
      vertex   1.125267e+02 -1.969414e+00 2.600000e+01
      vertex   1.135000e+02 -2.000000e+00 2.600000e+01
    endloop
  endfacet
  facet normal -3.034147e-02 -9.654811e-01 2.586999e-01
    outer loop
      vertex   1.135000e+02 -1.969616e+00 2.634730e+01
      vertex   1.135000e+02 -1.879385e+00 2.668404e+01
      vertex   1.125287e+02 -1.939090e+00 2.634730e+01
    endloop
  endfacet
  facet normal -3.034147e-02 -9.654811e-01 2.586999e-01
    outer loop
      vertex   1.125287e+02 -1.939090e+00 2.634730e+01
      vertex   1.135000e+02 -1.879385e+00 2.668404e+01
      vertex   1.125343e+02 -1.849038e+00 2.668404e+01
    endloop
  endfacet
  facet normal -9.090465e-02 -9.616708e-01 2.586999e-01
    outer loop
      vertex   1.125287e+02 -1.939090e+00 2.634730e+01
      vertex   1.125343e+02 -1.849038e+00 2.668404e+01
      vertex   1.115611e+02 -1.847633e+00 2.634730e+01
    endloop
  endfacet
  facet normal -9.090465e-02 -9.616708e-01 2.586999e-01
    outer loop
      vertex   1.115611e+02 -1.847633e+00 2.634730e+01
      vertex   1.125343e+02 -1.849038e+00 2.668404e+01
      vertex   1.115725e+02 -1.758114e+00 2.668404e+01
    endloop
  endfacet
  facet normal -1.511091e-01 -9.540652e-01 2.586999e-01
    outer loop
      vertex   1.115611e+02 -1.847633e+00 2.634730e+01
      vertex   1.115725e+02 -1.758114e+00 2.668404e+01
      vertex   1.106013e+02 -1.695606e+00 2.634730e+01
    endloop
  endfacet
  facet normal -1.511091e-01 -9.540652e-01 2.586999e-01
    outer loop
      vertex   1.106013e+02 -1.695606e+00 2.634730e+01
      vertex   1.115725e+02 -1.758114e+00 2.668404e+01
      vertex   1.106182e+02 -1.606974e+00 2.668404e+01
    endloop
  endfacet
  facet normal -2.107172e-01 -9.426944e-01 2.586999e-01
    outer loop
      vertex   1.106013e+02 -1.695606e+00 2.634730e+01
      vertex   1.106182e+02 -1.606974e+00 2.668404e+01
      vertex   1.096529e+02 -1.483609e+00 2.634730e+01
    endloop
  endfacet
  facet normal -2.107172e-01 -9.426944e-01 2.586999e-01
    outer loop
      vertex   1.096529e+02 -1.483609e+00 2.634730e+01
      vertex   1.106182e+02 -1.606974e+00 2.668404e+01
      vertex   1.096753e+02 -1.396214e+00 2.668404e+01
    endloop
  endfacet
  facet normal -2.694936e-01 -9.276031e-01 2.586999e-01
    outer loop
      vertex   1.096529e+02 -1.483609e+00 2.634730e+01
      vertex   1.096753e+02 -1.396214e+00 2.668404e+01
      vertex   1.087196e+02 -1.212479e+00 2.634730e+01
    endloop
  endfacet
  facet normal -2.694936e-01 -9.276031e-01 2.586999e-01
    outer loop
      vertex   1.087196e+02 -1.212479e+00 2.634730e+01
      vertex   1.096753e+02 -1.396214e+00 2.668404e+01
      vertex   1.087475e+02 -1.126665e+00 2.668404e+01
    endloop
  endfacet
  facet normal -3.272065e-01 -9.088511e-01 2.586999e-01
    outer loop
      vertex   1.087196e+02 -1.212479e+00 2.634730e+01
      vertex   1.087475e+02 -1.126665e+00 2.668404e+01
      vertex   1.078053e+02 -8.832847e-01 2.634730e+01
    endloop
  endfacet
  facet normal -3.272065e-01 -9.088511e-01 2.586999e-01
    outer loop
      vertex   1.078053e+02 -8.832847e-01 2.634730e+01
      vertex   1.087475e+02 -1.126665e+00 2.668404e+01
      vertex   1.078385e+02 -7.993908e-01 2.668404e+01
    endloop
  endfacet
  facet normal -3.836281e-01 -8.865122e-01 2.586999e-01
    outer loop
      vertex   1.078053e+02 -8.832847e-01 2.634730e+01
      vertex   1.078385e+02 -7.993908e-01 2.668404e+01
      vertex   1.069134e+02 -4.973266e-01 2.634730e+01
    endloop
  endfacet
  facet normal -3.836281e-01 -8.865122e-01 2.586999e-01
    outer loop
      vertex   1.069134e+02 -4.973266e-01 2.634730e+01
      vertex   1.078385e+02 -7.993908e-01 2.668404e+01
      vertex   1.069518e+02 -4.156838e-01 2.668404e+01
    endloop
  endfacet
  facet normal -4.385356e-01 -8.606747e-01 2.586999e-01
    outer loop
      vertex   1.069134e+02 -4.973266e-01 2.634730e+01
      vertex   1.069518e+02 -4.156838e-01 2.668404e+01
      vertex   1.060475e+02 -5.612741e-02 2.634730e+01
    endloop
  endfacet
  facet normal -4.385356e-01 -8.606747e-01 2.586999e-01
    outer loop
      vertex   1.060475e+02 -5.612741e-02 2.634730e+01
      vertex   1.069518e+02 -4.156838e-01 2.668404e+01
      vertex   1.060909e+02 2.294198e-02 2.668404e+01
    endloop
  endfacet
  facet normal -4.917125e-01 -8.314404e-01 2.586999e-01
    outer loop
      vertex   1.060475e+02 -5.612741e-02 2.634730e+01
      vertex   1.060909e+02 2.294198e-02 2.668404e+01
      vertex   1.052110e+02 4.385716e-01 2.634730e+01
    endloop
  endfacet
  facet normal -4.917125e-01 -8.314404e-01 2.586999e-01
    outer loop
      vertex   1.052110e+02 4.385716e-01 2.634730e+01
      vertex   1.060909e+02 2.294198e-02 2.668404e+01
      vertex   1.052593e+02 5.147556e-01 2.668404e+01
    endloop
  endfacet
  facet normal -5.429488e-01 -7.989249e-01 2.586999e-01
    outer loop
      vertex   1.052110e+02 4.385716e-01 2.634730e+01
      vertex   1.052593e+02 5.147556e-01 2.668404e+01
      vertex   1.044072e+02 9.848182e-01 2.634730e+01
    endloop
  endfacet
  facet normal -5.429488e-01 -7.989249e-01 2.586999e-01
    outer loop
      vertex   1.044072e+02 9.848182e-01 2.634730e+01
      vertex   1.052593e+02 5.147556e-01 2.668404e+01
      vertex   1.044602e+02 1.057816e+00 2.668404e+01
    endloop
  endfacet
  facet normal -5.920423e-01 -7.632564e-01 2.586999e-01
    outer loop
      vertex   1.044072e+02 9.848182e-01 2.634730e+01
      vertex   1.044602e+02 1.057816e+00 2.668404e+01
      vertex   1.036393e+02 1.580456e+00 2.634730e+01
    endloop
  endfacet
  facet normal -5.920423e-01 -7.632564e-01 2.586999e-01
    outer loop
      vertex   1.036393e+02 1.580456e+00 2.634730e+01
      vertex   1.044602e+02 1.057816e+00 2.668404e+01
      vertex   1.036968e+02 1.649980e+00 2.668404e+01
    endloop
  endfacet
  facet normal -6.387993e-01 -7.245756e-01 2.586999e-01
    outer loop
      vertex   1.036393e+02 1.580456e+00 2.634730e+01
      vertex   1.036968e+02 1.649980e+00 2.668404e+01
      vertex   1.029103e+02 2.223136e+00 2.634730e+01
    endloop
  endfacet
  facet normal -6.387993e-01 -7.245756e-01 2.586999e-01
    outer loop
      vertex   1.029103e+02 2.223136e+00 2.634730e+01
      vertex   1.036968e+02 1.649980e+00 2.668404e+01
      vertex   1.029721e+02 2.288911e+00 2.668404e+01
    endloop
  endfacet
  facet normal -6.830353e-01 -6.830353e-01 2.586999e-01
    outer loop
      vertex   1.029103e+02 2.223136e+00 2.634730e+01
      vertex   1.029721e+02 2.288911e+00 2.668404e+01
      vertex   1.022231e+02 2.910319e+00 2.634730e+01
    endloop
  endfacet
  facet normal -6.830353e-01 -6.830353e-01 2.586999e-01
    outer loop
      vertex   1.022231e+02 2.910319e+00 2.634730e+01
      vertex   1.029721e+02 2.288911e+00 2.668404e+01
      vertex   1.022889e+02 2.972086e+00 2.668404e+01
    endloop
  endfacet
  facet normal -7.245756e-01 -6.387993e-01 2.586999e-01
    outer loop
      vertex   1.022231e+02 2.910319e+00 2.634730e+01
      vertex   1.022889e+02 2.972086e+00 2.668404e+01
      vertex   1.015805e+02 3.639296e+00 2.634730e+01
    endloop
  endfacet
  facet normal -7.245756e-01 -6.387993e-01 2.586999e-01
    outer loop
      vertex   1.015805e+02 3.639296e+00 2.634730e+01
      vertex   1.022889e+02 2.972086e+00 2.668404e+01
      vertex   1.016500e+02 3.696811e+00 2.668404e+01
    endloop
  endfacet
  facet normal -7.632564e-01 -5.920423e-01 2.586999e-01
    outer loop
      vertex   1.015805e+02 3.639296e+00 2.634730e+01
      vertex   1.016500e+02 3.696811e+00 2.668404e+01
      vertex   1.009848e+02 4.407188e+00 2.634730e+01
    endloop
  endfacet
  facet normal -7.632564e-01 -5.920423e-01 2.586999e-01
    outer loop
      vertex   1.009848e+02 4.407188e+00 2.634730e+01
      vertex   1.016500e+02 3.696811e+00 2.668404e+01
      vertex   1.010578e+02 4.460224e+00 2.668404e+01
    endloop
  endfacet
  facet normal -7.989249e-01 -5.429488e-01 2.586999e-01
    outer loop
      vertex   1.009848e+02 4.407188e+00 2.634730e+01
      vertex   1.010578e+02 4.460224e+00 2.668404e+01
      vertex   1.004386e+02 5.210966e+00 2.634730e+01
    endloop
  endfacet
  facet normal -7.989249e-01 -5.429488e-01 2.586999e-01
    outer loop
      vertex   1.004386e+02 5.210966e+00 2.634730e+01
      vertex   1.010578e+02 4.460224e+00 2.668404e+01
      vertex   1.005148e+02 5.259313e+00 2.668404e+01
    endloop
  endfacet
  facet normal -8.314404e-01 -4.917125e-01 2.586999e-01
    outer loop
      vertex   1.004386e+02 5.210966e+00 2.634730e+01
      vertex   1.005148e+02 5.259313e+00 2.668404e+01
      vertex   9.994387e+01 6.047456e+00 2.634730e+01
    endloop
  endfacet
  facet normal -8.314404e-01 -4.917125e-01 2.586999e-01
    outer loop
      vertex   9.994387e+01 6.047456e+00 2.634730e+01
      vertex   1.005148e+02 5.259313e+00 2.668404e+01
      vertex   1.000229e+02 6.090925e+00 2.668404e+01
    endloop
  endfacet
  facet normal -8.606747e-01 -4.385356e-01 2.586999e-01
    outer loop
      vertex   9.994387e+01 6.047456e+00 2.634730e+01
      vertex   1.000229e+02 6.090925e+00 2.668404e+01
      vertex   9.950267e+01 6.913358e+00 2.634730e+01
    endloop
  endfacet
  facet normal -8.606747e-01 -4.385356e-01 2.586999e-01
    outer loop
      vertex   9.950267e+01 6.913358e+00 2.634730e+01
      vertex   1.000229e+02 6.090925e+00 2.668404e+01
      vertex   9.958432e+01 6.951776e+00 2.668404e+01
    endloop
  endfacet
  facet normal -8.865122e-01 -3.836281e-01 2.586999e-01
    outer loop
      vertex   9.950267e+01 6.913358e+00 2.634730e+01
      vertex   9.958432e+01 6.951776e+00 2.668404e+01
      vertex   9.911672e+01 7.805255e+00 2.634730e+01
    endloop
  endfacet
  facet normal -8.865122e-01 -3.836281e-01 2.586999e-01
    outer loop
      vertex   9.911672e+01 7.805255e+00 2.634730e+01
      vertex   9.958432e+01 6.951776e+00 2.668404e+01
      vertex   9.920061e+01 7.838471e+00 2.668404e+01
    endloop
  endfacet
  facet normal -9.088511e-01 -3.272065e-01 2.586999e-01
    outer loop
      vertex   9.911672e+01 7.805255e+00 2.634730e+01
      vertex   9.920061e+01 7.838471e+00 2.668404e+01
      vertex   9.878752e+01 8.719626e+00 2.634730e+01
    endloop
  endfacet
  facet normal -9.088511e-01 -3.272065e-01 2.586999e-01
    outer loop
      vertex   9.878752e+01 8.719626e+00 2.634730e+01
      vertex   9.920061e+01 7.838471e+00 2.668404e+01
      vertex   9.887334e+01 8.747509e+00 2.668404e+01
    endloop
  endfacet
  facet normal -9.276031e-01 -2.694936e-01 2.586999e-01
    outer loop
      vertex   9.878752e+01 8.719626e+00 2.634730e+01
      vertex   9.887334e+01 8.747509e+00 2.668404e+01
      vertex   9.851639e+01 9.652863e+00 2.634730e+01
    endloop
  endfacet
  facet normal -9.276031e-01 -2.694936e-01 2.586999e-01
    outer loop
      vertex   9.851639e+01 9.652863e+00 2.634730e+01
      vertex   9.887334e+01 8.747509e+00 2.668404e+01
      vertex   9.860379e+01 9.675302e+00 2.668404e+01
    endloop
  endfacet
  facet normal -9.426944e-01 -2.107172e-01 2.586999e-01
    outer loop
      vertex   9.851639e+01 9.652863e+00 2.634730e+01
      vertex   9.860379e+01 9.675302e+00 2.668404e+01
      vertex   9.830439e+01 1.060128e+01 2.634730e+01
    endloop
  endfacet
  facet normal -9.426944e-01 -2.107172e-01 2.586999e-01
    outer loop
      vertex   9.830439e+01 1.060128e+01 2.634730e+01
      vertex   9.860379e+01 9.675302e+00 2.668404e+01
      vertex   9.839303e+01 1.061819e+01 2.668404e+01
    endloop
  endfacet
  facet normal -9.540652e-01 -1.511091e-01 2.586999e-01
    outer loop
      vertex   9.830439e+01 1.060128e+01 2.634730e+01
      vertex   9.839303e+01 1.061819e+01 2.668404e+01
      vertex   9.815237e+01 1.156114e+01 2.634730e+01
    endloop
  endfacet
  facet normal -9.540652e-01 -1.511091e-01 2.586999e-01
    outer loop
      vertex   9.815237e+01 1.156114e+01 2.634730e+01
      vertex   9.839303e+01 1.061819e+01 2.668404e+01
      vertex   9.824189e+01 1.157245e+01 2.668404e+01
    endloop
  endfacet
  facet normal -9.616708e-01 -9.090465e-02 2.586999e-01
    outer loop
      vertex   9.815237e+01 1.156114e+01 2.634730e+01
      vertex   9.824189e+01 1.157245e+01 2.668404e+01
      vertex   9.806091e+01 1.252865e+01 2.634730e+01
    endloop
  endfacet
  facet normal -9.616708e-01 -9.090465e-02 2.586999e-01
    outer loop
      vertex   9.806091e+01 1.252865e+01 2.634730e+01
      vertex   9.824189e+01 1.157245e+01 2.668404e+01
      vertex   9.815096e+01 1.253432e+01 2.668404e+01
    endloop
  endfacet
  facet normal -2.847032e-02 -9.059404e-01 4.224469e-01
    outer loop
      vertex   1.135000e+02 -1.879385e+00 2.668404e+01
      vertex   1.135000e+02 -1.732051e+00 2.700000e+01
      vertex   1.125343e+02 -1.849038e+00 2.668404e+01
    endloop
  endfacet
  facet normal -2.847032e-02 -9.059404e-01 4.224469e-01
    outer loop
      vertex   1.125343e+02 -1.849038e+00 2.668404e+01
      vertex   1.135000e+02 -1.732051e+00 2.700000e+01
      vertex   1.125436e+02 -1.701994e+00 2.700000e+01
    endloop
  endfacet
  facet normal -8.529861e-02 -9.023651e-01 4.224469e-01
    outer loop
      vertex   1.125343e+02 -1.849038e+00 2.668404e+01
      vertex   1.125436e+02 -1.701994e+00 2.700000e+01
      vertex   1.115725e+02 -1.758114e+00 2.668404e+01
    endloop
  endfacet
  facet normal -8.529861e-02 -9.023651e-01 4.224469e-01
    outer loop
      vertex   1.115725e+02 -1.758114e+00 2.668404e+01
      vertex   1.125436e+02 -1.701994e+00 2.700000e+01
      vertex   1.115909e+02 -1.611942e+00 2.700000e+01
    endloop
  endfacet
  facet normal -1.417903e-01 -8.952285e-01 4.224469e-01
    outer loop
      vertex   1.115725e+02 -1.758114e+00 2.668404e+01
      vertex   1.115909e+02 -1.611942e+00 2.700000e+01
      vertex   1.106182e+02 -1.606974e+00 2.668404e+01
    endloop
  endfacet
  facet normal -1.417903e-01 -8.952285e-01 4.224469e-01
    outer loop
      vertex   1.106182e+02 -1.606974e+00 2.668404e+01
      vertex   1.115909e+02 -1.611942e+00 2.700000e+01
      vertex   1.106458e+02 -1.462249e+00 2.700000e+01
    endloop
  endfacet
  facet normal -1.977223e-01 -8.845589e-01 4.224469e-01
    outer loop
      vertex   1.106182e+02 -1.606974e+00 2.668404e+01
      vertex   1.106458e+02 -1.462249e+00 2.700000e+01
      vertex   1.096753e+02 -1.396214e+00 2.668404e+01
    endloop
  endfacet
  facet normal -1.977223e-01 -8.845589e-01 4.224469e-01
    outer loop
      vertex   1.096753e+02 -1.396214e+00 2.668404e+01
      vertex   1.106458e+02 -1.462249e+00 2.700000e+01
      vertex   1.097119e+02 -1.253508e+00 2.700000e+01
    endloop
  endfacet
  facet normal -2.528741e-01 -8.703983e-01 4.224469e-01
    outer loop
      vertex   1.096753e+02 -1.396214e+00 2.668404e+01
      vertex   1.097119e+02 -1.253508e+00 2.700000e+01
      vertex   1.087475e+02 -1.126665e+00 2.668404e+01
    endloop
  endfacet
  facet normal -2.528741e-01 -8.703983e-01 4.224469e-01
    outer loop
      vertex   1.087475e+02 -1.126665e+00 2.668404e+01
      vertex   1.097119e+02 -1.253508e+00 2.700000e+01
      vertex   1.087930e+02 -9.865412e-01 2.700000e+01
    endloop
  endfacet
  facet normal -3.070279e-01 -8.528027e-01 4.224469e-01
    outer loop
      vertex   1.087475e+02 -1.126665e+00 2.668404e+01
      vertex   1.087930e+02 -9.865412e-01 2.700000e+01
      vertex   1.078385e+02 -7.993908e-01 2.668404e+01
    endloop
  endfacet
  facet normal -3.070279e-01 -8.528027e-01 4.224469e-01
    outer loop
      vertex   1.078385e+02 -7.993908e-01 2.668404e+01
      vertex   1.087930e+02 -9.865412e-01 2.700000e+01
      vertex   1.078927e+02 -6.624027e-01 2.700000e+01
    endloop
  endfacet
  facet normal -3.599699e-01 -8.318415e-01 4.224469e-01
    outer loop
      vertex   1.078385e+02 -7.993908e-01 2.668404e+01
      vertex   1.078927e+02 -6.624027e-01 2.700000e+01
      vertex   1.069518e+02 -4.156838e-01 2.668404e+01
    endloop
  endfacet
  facet normal -3.599699e-01 -8.318415e-01 4.224469e-01
    outer loop
      vertex   1.069518e+02 -4.156838e-01 2.668404e+01
      vertex   1.078927e+02 -6.624027e-01 2.700000e+01
      vertex   1.070145e+02 -2.823716e-01 2.700000e+01
    endloop
  endfacet
  facet normal -4.114914e-01 -8.075973e-01 4.224469e-01
    outer loop
      vertex   1.069518e+02 -4.156838e-01 2.668404e+01
      vertex   1.070145e+02 -2.823716e-01 2.700000e+01
      vertex   1.060909e+02 2.294198e-02 2.668404e+01
    endloop
  endfacet
  facet normal -4.114914e-01 -8.075973e-01 4.224469e-01
    outer loop
      vertex   1.060909e+02 2.294198e-02 2.668404e+01
      vertex   1.070145e+02 -2.823716e-01 2.700000e+01
      vertex   1.061619e+02 1.520521e-01 2.700000e+01
    endloop
  endfacet
  facet normal -4.613889e-01 -7.801659e-01 4.224469e-01
    outer loop
      vertex   1.060909e+02 2.294198e-02 2.668404e+01
      vertex   1.061619e+02 1.520521e-01 2.700000e+01
      vertex   1.052593e+02 5.147556e-01 2.668404e+01
    endloop
  endfacet
  facet normal -4.613889e-01 -7.801659e-01 4.224469e-01
    outer loop
      vertex   1.052593e+02 5.147556e-01 2.668404e+01
      vertex   1.061619e+02 1.520521e-01 2.700000e+01
      vertex   1.053383e+02 6.391541e-01 2.700000e+01
    endloop
  endfacet
  facet normal -5.094654e-01 -7.496556e-01 4.224469e-01
    outer loop
      vertex   1.052593e+02 5.147556e-01 2.668404e+01
      vertex   1.053383e+02 6.391541e-01 2.700000e+01
      vertex   1.044602e+02 1.057816e+00 2.668404e+01
    endloop
  endfacet
  facet normal -5.094654e-01 -7.496556e-01 4.224469e-01
    outer loop
      vertex   1.044602e+02 1.057816e+00 2.668404e+01
      vertex   1.053383e+02 6.391541e-01 2.700000e+01
      vertex   1.045468e+02 1.177012e+00 2.700000e+01
    endloop
  endfacet
  facet normal -5.555314e-01 -7.161867e-01 4.224469e-01
    outer loop
      vertex   1.044602e+02 1.057816e+00 2.668404e+01
      vertex   1.045468e+02 1.177012e+00 2.700000e+01
      vertex   1.036968e+02 1.649980e+00 2.668404e+01
    endloop
  endfacet
  facet normal -5.555314e-01 -7.161867e-01 4.224469e-01
    outer loop
      vertex   1.036968e+02 1.649980e+00 2.668404e+01
      vertex   1.045468e+02 1.177012e+00 2.700000e+01
      vertex   1.037907e+02 1.763503e+00 2.700000e+01
    endloop
  endfacet
  facet normal -5.994049e-01 -6.798914e-01 4.224469e-01
    outer loop
      vertex   1.036968e+02 1.649980e+00 2.668404e+01
      vertex   1.037907e+02 1.763503e+00 2.700000e+01
      vertex   1.029721e+02 2.288911e+00 2.668404e+01
    endloop
  endfacet
  facet normal -5.994049e-01 -6.798914e-01 4.224469e-01
    outer loop
      vertex   1.029721e+02 2.288911e+00 2.668404e+01
      vertex   1.037907e+02 1.763503e+00 2.700000e+01
      vertex   1.030729e+02 2.396313e+00 2.700000e+01
    endloop
  endfacet
  facet normal -6.409129e-01 -6.409129e-01 4.224469e-01
    outer loop
      vertex   1.029721e+02 2.288911e+00 2.668404e+01
      vertex   1.030729e+02 2.396313e+00 2.700000e+01
      vertex   1.022889e+02 2.972086e+00 2.668404e+01
    endloop
  endfacet
  facet normal -6.409129e-01 -6.409129e-01 4.224469e-01
    outer loop
      vertex   1.022889e+02 2.972086e+00 2.668404e+01
      vertex   1.030729e+02 2.396313e+00 2.700000e+01
      vertex   1.023963e+02 3.072944e+00 2.700000e+01
    endloop
  endfacet
  facet normal -6.798914e-01 -5.994049e-01 4.224469e-01
    outer loop
      vertex   1.022889e+02 2.972086e+00 2.668404e+01
      vertex   1.023963e+02 3.072944e+00 2.700000e+01
      vertex   1.016500e+02 3.696811e+00 2.668404e+01
    endloop
  endfacet
  facet normal -6.798914e-01 -5.994049e-01 4.224469e-01
    outer loop
      vertex   1.016500e+02 3.696811e+00 2.668404e+01
      vertex   1.023963e+02 3.072944e+00 2.700000e+01
      vertex   1.017635e+02 3.790725e+00 2.700000e+01
    endloop
  endfacet
  facet normal -7.161867e-01 -5.555314e-01 4.224469e-01
    outer loop
      vertex   1.016500e+02 3.696811e+00 2.668404e+01
      vertex   1.017635e+02 3.790725e+00 2.700000e+01
      vertex   1.010578e+02 4.460224e+00 2.668404e+01
    endloop
  endfacet
  facet normal -7.161867e-01 -5.555314e-01 4.224469e-01
    outer loop
      vertex   1.010578e+02 4.460224e+00 2.668404e+01
      vertex   1.017635e+02 3.790725e+00 2.700000e+01
      vertex   1.011770e+02 4.546825e+00 2.700000e+01
    endloop
  endfacet
  facet normal -7.496556e-01 -5.094654e-01 4.224469e-01
    outer loop
      vertex   1.010578e+02 4.460224e+00 2.668404e+01
      vertex   1.011770e+02 4.546825e+00 2.700000e+01
      vertex   1.005148e+02 5.259313e+00 2.668404e+01
    endloop
  endfacet
  facet normal -7.496556e-01 -5.094654e-01 4.224469e-01
    outer loop
      vertex   1.005148e+02 5.259313e+00 2.668404e+01
      vertex   1.011770e+02 4.546825e+00 2.700000e+01
      vertex   1.006392e+02 5.338259e+00 2.700000e+01
    endloop
  endfacet
  facet normal -7.801659e-01 -4.613889e-01 4.224469e-01
    outer loop
      vertex   1.005148e+02 5.259313e+00 2.668404e+01
      vertex   1.006392e+02 5.338259e+00 2.700000e+01
      vertex   1.000229e+02 6.090925e+00 2.668404e+01
    endloop
  endfacet
  facet normal -7.801659e-01 -4.613889e-01 4.224469e-01
    outer loop
      vertex   1.000229e+02 6.090925e+00 2.668404e+01
      vertex   1.006392e+02 5.338259e+00 2.700000e+01
      vertex   1.001521e+02 6.161904e+00 2.700000e+01
    endloop
  endfacet
  facet normal -8.075973e-01 -4.114914e-01 4.224469e-01
    outer loop
      vertex   1.000229e+02 6.090925e+00 2.668404e+01
      vertex   1.001521e+02 6.161904e+00 2.700000e+01
      vertex   9.958432e+01 6.951776e+00 2.668404e+01
    endloop
  endfacet
  facet normal -8.075973e-01 -4.114914e-01 4.224469e-01
    outer loop
      vertex   9.958432e+01 6.951776e+00 2.668404e+01
      vertex   1.001521e+02 6.161904e+00 2.700000e+01
      vertex   9.971763e+01 7.014508e+00 2.700000e+01
    endloop
  endfacet
  facet normal -8.318415e-01 -3.599699e-01 4.224469e-01
    outer loop
      vertex   9.958432e+01 6.951776e+00 2.668404e+01
      vertex   9.971763e+01 7.014508e+00 2.700000e+01
      vertex   9.920061e+01 7.838471e+00 2.668404e+01
    endloop
  endfacet
  facet normal -8.318415e-01 -3.599699e-01 4.224469e-01
    outer loop
      vertex   9.920061e+01 7.838471e+00 2.668404e+01
      vertex   9.971763e+01 7.014508e+00 2.700000e+01
      vertex   9.933760e+01 7.892708e+00 2.700000e+01
    endloop
  endfacet
  facet normal -8.528027e-01 -3.070279e-01 4.224469e-01
    outer loop
      vertex   9.920061e+01 7.838471e+00 2.668404e+01
      vertex   9.933760e+01 7.892708e+00 2.700000e+01
      vertex   9.887334e+01 8.747509e+00 2.668404e+01
    endloop
  endfacet
  facet normal -8.528027e-01 -3.070279e-01 4.224469e-01
    outer loop
      vertex   9.887334e+01 8.747509e+00 2.668404e+01
      vertex   9.933760e+01 7.892708e+00 2.700000e+01
      vertex   9.901346e+01 8.793037e+00 2.700000e+01
    endloop
  endfacet
  facet normal -8.703983e-01 -2.528741e-01 4.224469e-01
    outer loop
      vertex   9.887334e+01 8.747509e+00 2.668404e+01
      vertex   9.901346e+01 8.793037e+00 2.700000e+01
      vertex   9.860379e+01 9.675302e+00 2.668404e+01
    endloop
  endfacet
  facet normal -8.703983e-01 -2.528741e-01 4.224469e-01
    outer loop
      vertex   9.860379e+01 9.675302e+00 2.668404e+01
      vertex   9.901346e+01 8.793037e+00 2.700000e+01
      vertex   9.874649e+01 9.711943e+00 2.700000e+01
    endloop
  endfacet
  facet normal -8.845589e-01 -1.977223e-01 4.224469e-01
    outer loop
      vertex   9.860379e+01 9.675302e+00 2.668404e+01
      vertex   9.874649e+01 9.711943e+00 2.700000e+01
      vertex   9.839303e+01 1.061819e+01 2.668404e+01
    endloop
  endfacet
  facet normal -8.845589e-01 -1.977223e-01 4.224469e-01
    outer loop
      vertex   9.839303e+01 1.061819e+01 2.668404e+01
      vertex   9.874649e+01 9.711943e+00 2.700000e+01
      vertex   9.853775e+01 1.064580e+01 2.700000e+01
    endloop
  endfacet
  facet normal -8.952285e-01 -1.417903e-01 4.224469e-01
    outer loop
      vertex   9.839303e+01 1.061819e+01 2.668404e+01
      vertex   9.853775e+01 1.064580e+01 2.700000e+01
      vertex   9.824189e+01 1.157245e+01 2.668404e+01
    endloop
  endfacet
  facet normal -8.952285e-01 -1.417903e-01 4.224469e-01
    outer loop
      vertex   9.824189e+01 1.157245e+01 2.668404e+01
      vertex   9.853775e+01 1.064580e+01 2.700000e+01
      vertex   9.838806e+01 1.159092e+01 2.700000e+01
    endloop
  endfacet
  facet normal -9.023651e-01 -8.529861e-02 4.224469e-01
    outer loop
      vertex   9.824189e+01 1.157245e+01 2.668404e+01
      vertex   9.838806e+01 1.159092e+01 2.700000e+01
      vertex   9.815096e+01 1.253432e+01 2.668404e+01
    endloop
  endfacet
  facet normal -9.023651e-01 -8.529861e-02 4.224469e-01
    outer loop
      vertex   9.815096e+01 1.253432e+01 2.668404e+01
      vertex   9.838806e+01 1.159092e+01 2.700000e+01
      vertex   9.829801e+01 1.254357e+01 2.700000e+01
    endloop
  endfacet
  facet normal -2.573436e-02 -8.188808e-01 5.733865e-01
    outer loop
      vertex   1.135000e+02 -1.732051e+00 2.700000e+01
      vertex   1.135000e+02 -1.532089e+00 2.728558e+01
      vertex   1.125436e+02 -1.701994e+00 2.700000e+01
    endloop
  endfacet
  facet normal -2.573436e-02 -8.188808e-01 5.733865e-01
    outer loop
      vertex   1.125436e+02 -1.701994e+00 2.700000e+01
      vertex   1.135000e+02 -1.532089e+00 2.728558e+01
      vertex   1.125561e+02 -1.502426e+00 2.728558e+01
    endloop
  endfacet
  facet normal -7.710153e-02 -8.156490e-01 5.733865e-01
    outer loop
      vertex   1.125436e+02 -1.701994e+00 2.700000e+01
      vertex   1.125561e+02 -1.502426e+00 2.728558e+01
      vertex   1.115909e+02 -1.611942e+00 2.700000e+01
    endloop
  endfacet
  facet normal -7.710153e-02 -8.156490e-01 5.733865e-01
    outer loop
      vertex   1.115909e+02 -1.611942e+00 2.700000e+01
      vertex   1.125561e+02 -1.502426e+00 2.728558e+01
      vertex   1.116160e+02 -1.413556e+00 2.728558e+01
    endloop
  endfacet
  facet normal -1.281644e-01 -8.091983e-01 5.733865e-01
    outer loop
      vertex   1.115909e+02 -1.611942e+00 2.700000e+01
      vertex   1.116160e+02 -1.413556e+00 2.728558e+01
      vertex   1.106458e+02 -1.462249e+00 2.700000e+01
    endloop
  endfacet
  facet normal -1.281644e-01 -8.091983e-01 5.733865e-01
    outer loop
      vertex   1.106458e+02 -1.462249e+00 2.700000e+01
      vertex   1.116160e+02 -1.413556e+00 2.728558e+01
      vertex   1.106833e+02 -1.265829e+00 2.728558e+01
    endloop
  endfacet
  facet normal -1.787215e-01 -7.995540e-01 5.733865e-01
    outer loop
      vertex   1.106458e+02 -1.462249e+00 2.700000e+01
      vertex   1.106833e+02 -1.265829e+00 2.728558e+01
      vertex   1.097119e+02 -1.253508e+00 2.700000e+01
    endloop
  endfacet
  facet normal -1.787215e-01 -7.995540e-01 5.733865e-01
    outer loop
      vertex   1.097119e+02 -1.253508e+00 2.700000e+01
      vertex   1.106833e+02 -1.265829e+00 2.728558e+01
      vertex   1.097617e+02 -1.059828e+00 2.728558e+01
    endloop
  endfacet
  facet normal -2.285732e-01 -7.867542e-01 5.733865e-01
    outer loop
      vertex   1.097119e+02 -1.253508e+00 2.700000e+01
      vertex   1.097617e+02 -1.059828e+00 2.728558e+01
      vertex   1.087930e+02 -9.865412e-01 2.700000e+01
    endloop
  endfacet
  facet normal -2.285732e-01 -7.867542e-01 5.733865e-01
    outer loop
      vertex   1.087930e+02 -9.865412e-01 2.700000e+01
      vertex   1.097617e+02 -1.059828e+00 2.728558e+01
      vertex   1.088548e+02 -7.963661e-01 2.728558e+01
    endloop
  endfacet
  facet normal -2.775229e-01 -7.708495e-01 5.733865e-01
    outer loop
      vertex   1.087930e+02 -9.865412e-01 2.700000e+01
      vertex   1.088548e+02 -7.963661e-01 2.728558e+01
      vertex   1.078927e+02 -6.624027e-01 2.700000e+01
    endloop
  endfacet
  facet normal -2.775229e-01 -7.708495e-01 5.733865e-01
    outer loop
      vertex   1.078927e+02 -6.624027e-01 2.700000e+01
      vertex   1.088548e+02 -7.963661e-01 2.728558e+01
      vertex   1.079663e+02 -4.764828e-01 2.728558e+01
    endloop
  endfacet
  facet normal -3.253773e-01 -7.519026e-01 5.733865e-01
    outer loop
      vertex   1.078927e+02 -6.624027e-01 2.700000e+01
      vertex   1.079663e+02 -4.764828e-01 2.728558e+01
      vertex   1.070145e+02 -2.823716e-01 2.700000e+01
    endloop
  endfacet
  facet normal -3.253773e-01 -7.519026e-01 5.733865e-01
    outer loop
      vertex   1.070145e+02 -2.823716e-01 2.700000e+01
      vertex   1.079663e+02 -4.764828e-01 2.728558e+01
      vertex   1.070996e+02 -1.014407e-01 2.728558e+01
    endloop
  endfacet
  facet normal -3.719476e-01 -7.299883e-01 5.733865e-01
    outer loop
      vertex   1.070145e+02 -2.823716e-01 2.700000e+01
      vertex   1.070996e+02 -1.014407e-01 2.728558e+01
      vertex   1.061619e+02 1.520521e-01 2.700000e+01
    endloop
  endfacet
  facet normal -3.719476e-01 -7.299883e-01 5.733865e-01
    outer loop
      vertex   1.061619e+02 1.520521e-01 2.700000e+01
      vertex   1.070996e+02 -1.014407e-01 2.728558e+01
      vertex   1.062582e+02 3.272801e-01 2.728558e+01
    endloop
  endfacet
  facet normal -4.170500e-01 -7.051931e-01 5.733865e-01
    outer loop
      vertex   1.061619e+02 1.520521e-01 2.700000e+01
      vertex   1.062582e+02 3.272801e-01 2.728558e+01
      vertex   1.053383e+02 6.391541e-01 2.700000e+01
    endloop
  endfacet
  facet normal -4.170500e-01 -7.051931e-01 5.733865e-01
    outer loop
      vertex   1.053383e+02 6.391541e-01 2.700000e+01
      vertex   1.062582e+02 3.272801e-01 2.728558e+01
      vertex   1.054454e+02 8.079876e-01 2.728558e+01
    endloop
  endfacet
  facet normal -4.605065e-01 -6.776147e-01 5.733865e-01
    outer loop
      vertex   1.053383e+02 6.391541e-01 2.700000e+01
      vertex   1.054454e+02 8.079876e-01 2.728558e+01
      vertex   1.045468e+02 1.177012e+00 2.700000e+01
    endloop
  endfacet
  facet normal -4.605065e-01 -6.776147e-01 5.733865e-01
    outer loop
      vertex   1.045468e+02 1.177012e+00 2.700000e+01
      vertex   1.054454e+02 8.079876e-01 2.728558e+01
      vertex   1.046644e+02 1.338785e+00 2.728558e+01
    endloop
  endfacet
  facet normal -5.021456e-01 -6.473622e-01 5.733865e-01
    outer loop
      vertex   1.045468e+02 1.177012e+00 2.700000e+01
      vertex   1.046644e+02 1.338785e+00 2.728558e+01
      vertex   1.037907e+02 1.763503e+00 2.700000e+01
    endloop
  endfacet
  facet normal -5.021456e-01 -6.473622e-01 5.733865e-01
    outer loop
      vertex   1.037907e+02 1.763503e+00 2.700000e+01
      vertex   1.046644e+02 1.338785e+00 2.728558e+01
      vertex   1.039182e+02 1.917576e+00 2.728558e+01
    endloop
  endfacet
  facet normal -5.418029e-01 -6.145548e-01 5.733865e-01
    outer loop
      vertex   1.037907e+02 1.763503e+00 2.700000e+01
      vertex   1.039182e+02 1.917576e+00 2.728558e+01
      vertex   1.030729e+02 2.396313e+00 2.700000e+01
    endloop
  endfacet
  facet normal -5.418029e-01 -6.145548e-01 5.733865e-01
    outer loop
      vertex   1.030729e+02 2.396313e+00 2.700000e+01
      vertex   1.039182e+02 1.917576e+00 2.728558e+01
      vertex   1.032098e+02 2.542079e+00 2.728558e+01
    endloop
  endfacet
  facet normal -5.793220e-01 -5.793220e-01 5.733865e-01
    outer loop
      vertex   1.030729e+02 2.396313e+00 2.700000e+01
      vertex   1.032098e+02 2.542079e+00 2.728558e+01
      vertex   1.023963e+02 3.072944e+00 2.700000e+01
    endloop
  endfacet
  facet normal -5.793220e-01 -5.793220e-01 5.733865e-01
    outer loop
      vertex   1.023963e+02 3.072944e+00 2.700000e+01
      vertex   1.032098e+02 2.542079e+00 2.728558e+01
      vertex   1.025421e+02 3.209827e+00 2.728558e+01
    endloop
  endfacet
  facet normal -6.145548e-01 -5.418029e-01 5.733865e-01
    outer loop
      vertex   1.023963e+02 3.072944e+00 2.700000e+01
      vertex   1.025421e+02 3.209827e+00 2.728558e+01
      vertex   1.017635e+02 3.790725e+00 2.700000e+01
    endloop
  endfacet
  facet normal -6.145548e-01 -5.418029e-01 5.733865e-01
    outer loop
      vertex   1.017635e+02 3.790725e+00 2.700000e+01
      vertex   1.025421e+02 3.209827e+00 2.728558e+01
      vertex   1.019176e+02 3.918186e+00 2.728558e+01
    endloop
  endfacet
  facet normal -6.473622e-01 -5.021456e-01 5.733865e-01
    outer loop
      vertex   1.017635e+02 3.790725e+00 2.700000e+01
      vertex   1.019176e+02 3.918186e+00 2.728558e+01
      vertex   1.011770e+02 4.546825e+00 2.700000e+01
    endloop
  endfacet
  facet normal -6.473622e-01 -5.021456e-01 5.733865e-01
    outer loop
      vertex   1.011770e+02 4.546825e+00 2.700000e+01
      vertex   1.019176e+02 3.918186e+00 2.728558e+01
      vertex   1.013388e+02 4.664360e+00 2.728558e+01
    endloop
  endfacet
  facet normal -6.776147e-01 -4.605065e-01 5.733865e-01
    outer loop
      vertex   1.011770e+02 4.546825e+00 2.700000e+01
      vertex   1.013388e+02 4.664360e+00 2.728558e+01
      vertex   1.006392e+02 5.338259e+00 2.700000e+01
    endloop
  endfacet
  facet normal -6.776147e-01 -4.605065e-01 5.733865e-01
    outer loop
      vertex   1.006392e+02 5.338259e+00 2.700000e+01
      vertex   1.013388e+02 4.664360e+00 2.728558e+01
      vertex   1.008080e+02 5.445404e+00 2.728558e+01
    endloop
  endfacet
  facet normal -7.051931e-01 -4.170500e-01 5.733865e-01
    outer loop
      vertex   1.006392e+02 5.338259e+00 2.700000e+01
      vertex   1.008080e+02 5.445404e+00 2.728558e+01
      vertex   1.001521e+02 6.161904e+00 2.700000e+01
    endloop
  endfacet
  facet normal -7.051931e-01 -4.170500e-01 5.733865e-01
    outer loop
      vertex   1.001521e+02 6.161904e+00 2.700000e+01
      vertex   1.008080e+02 5.445404e+00 2.728558e+01
      vertex   1.003273e+02 6.258236e+00 2.728558e+01
    endloop
  endfacet
  facet normal -7.299883e-01 -3.719476e-01 5.733865e-01
    outer loop
      vertex   1.001521e+02 6.161904e+00 2.700000e+01
      vertex   1.003273e+02 6.258236e+00 2.728558e+01
      vertex   9.971763e+01 7.014508e+00 2.700000e+01
    endloop
  endfacet
  facet normal -7.299883e-01 -3.719476e-01 5.733865e-01
    outer loop
      vertex   9.971763e+01 7.014508e+00 2.700000e+01
      vertex   1.003273e+02 6.258236e+00 2.728558e+01
      vertex   9.989856e+01 7.099648e+00 2.728558e+01
    endloop
  endfacet
  facet normal -7.519026e-01 -3.253773e-01 5.733865e-01
    outer loop
      vertex   9.971763e+01 7.014508e+00 2.700000e+01
      vertex   9.989856e+01 7.099648e+00 2.728558e+01
      vertex   9.933760e+01 7.892708e+00 2.700000e+01
    endloop
  endfacet
  facet normal -7.519026e-01 -3.253773e-01 5.733865e-01
    outer loop
      vertex   9.933760e+01 7.892708e+00 2.700000e+01
      vertex   9.989856e+01 7.099648e+00 2.728558e+01
      vertex   9.952352e+01 7.966319e+00 2.728558e+01
    endloop
  endfacet
  facet normal -7.708495e-01 -2.775229e-01 5.733865e-01
    outer loop
      vertex   9.933760e+01 7.892708e+00 2.700000e+01
      vertex   9.952352e+01 7.966319e+00 2.728558e+01
      vertex   9.901346e+01 8.793037e+00 2.700000e+01
    endloop
  endfacet
  facet normal -7.708495e-01 -2.775229e-01 5.733865e-01
    outer loop
      vertex   9.901346e+01 8.793037e+00 2.700000e+01
      vertex   9.952352e+01 7.966319e+00 2.728558e+01
      vertex   9.920363e+01 8.854829e+00 2.728558e+01
    endloop
  endfacet
  facet normal -7.867542e-01 -2.285732e-01 5.733865e-01
    outer loop
      vertex   9.901346e+01 8.793037e+00 2.700000e+01
      vertex   9.920363e+01 8.854829e+00 2.728558e+01
      vertex   9.874649e+01 9.711943e+00 2.700000e+01
    endloop
  endfacet
  facet normal -7.867542e-01 -2.285732e-01 5.733865e-01
    outer loop
      vertex   9.874649e+01 9.711943e+00 2.700000e+01
      vertex   9.920363e+01 8.854829e+00 2.728558e+01
      vertex   9.894017e+01 9.761672e+00 2.728558e+01
    endloop
  endfacet
  facet normal -7.995540e-01 -1.787215e-01 5.733865e-01
    outer loop
      vertex   9.874649e+01 9.711943e+00 2.700000e+01
      vertex   9.894017e+01 9.761672e+00 2.728558e+01
      vertex   9.853775e+01 1.064580e+01 2.700000e+01
    endloop
  endfacet
  facet normal -7.995540e-01 -1.787215e-01 5.733865e-01
    outer loop
      vertex   9.853775e+01 1.064580e+01 2.700000e+01
      vertex   9.894017e+01 9.761672e+00 2.728558e+01
      vertex   9.873417e+01 1.068327e+01 2.728558e+01
    endloop
  endfacet
  facet normal -8.091983e-01 -1.281644e-01 5.733865e-01
    outer loop
      vertex   9.853775e+01 1.064580e+01 2.700000e+01
      vertex   9.873417e+01 1.068327e+01 2.728558e+01
      vertex   9.838806e+01 1.159092e+01 2.700000e+01
    endloop
  endfacet
  facet normal -8.091983e-01 -1.281644e-01 5.733865e-01
    outer loop
      vertex   9.838806e+01 1.159092e+01 2.700000e+01
      vertex   9.873417e+01 1.068327e+01 2.728558e+01
      vertex   9.858644e+01 1.161598e+01 2.728558e+01
    endloop
  endfacet
  facet normal -8.156490e-01 -7.710153e-02 5.733865e-01
    outer loop
      vertex   9.838806e+01 1.159092e+01 2.700000e+01
      vertex   9.858644e+01 1.161598e+01 2.728558e+01
      vertex   9.829801e+01 1.254357e+01 2.700000e+01
    endloop
  endfacet
  facet normal -8.156490e-01 -7.710153e-02 5.733865e-01
    outer loop
      vertex   9.829801e+01 1.254357e+01 2.700000e+01
      vertex   9.858644e+01 1.161598e+01 2.728558e+01
      vertex   9.849757e+01 1.255613e+01 2.728558e+01
    endloop
  endfacet
  facet normal -2.221624e-02 -7.069323e-01 7.069323e-01
    outer loop
      vertex   1.135000e+02 -1.532089e+00 2.728558e+01
      vertex   1.135000e+02 -1.285575e+00 2.753209e+01
      vertex   1.125561e+02 -1.502426e+00 2.728558e+01
    endloop
  endfacet
  facet normal -2.221624e-02 -7.069323e-01 7.069323e-01
    outer loop
      vertex   1.125561e+02 -1.502426e+00 2.728558e+01
      vertex   1.135000e+02 -1.285575e+00 2.753209e+01
      vertex   1.125716e+02 -1.256399e+00 2.753209e+01
    endloop
  endfacet
  facet normal -6.656105e-02 -7.041423e-01 7.069323e-01
    outer loop
      vertex   1.125561e+02 -1.502426e+00 2.728558e+01
      vertex   1.125716e+02 -1.256399e+00 2.753209e+01
      vertex   1.116160e+02 -1.413556e+00 2.728558e+01
    endloop
  endfacet
  facet normal -6.656105e-02 -7.041423e-01 7.069323e-01
    outer loop
      vertex   1.116160e+02 -1.413556e+00 2.728558e+01
      vertex   1.125716e+02 -1.256399e+00 2.753209e+01
      vertex   1.116469e+02 -1.168987e+00 2.753209e+01
    endloop
  endfacet
  facet normal -1.106432e-01 -6.985735e-01 7.069323e-01
    outer loop
      vertex   1.116160e+02 -1.413556e+00 2.728558e+01
      vertex   1.116469e+02 -1.168987e+00 2.753209e+01
      vertex   1.106833e+02 -1.265829e+00 2.728558e+01
    endloop
  endfacet
  facet normal -1.106432e-01 -6.985735e-01 7.069323e-01
    outer loop
      vertex   1.106833e+02 -1.265829e+00 2.728558e+01
      vertex   1.116469e+02 -1.168987e+00 2.753209e+01
      vertex   1.107295e+02 -1.023682e+00 2.753209e+01
    endloop
  endfacet
  facet normal -1.542886e-01 -6.902476e-01 7.069323e-01
    outer loop
      vertex   1.106833e+02 -1.265829e+00 2.728558e+01
      vertex   1.107295e+02 -1.023682e+00 2.753209e+01
      vertex   1.097617e+02 -1.059828e+00 2.728558e+01
    endloop
  endfacet
  facet normal -1.542886e-01 -6.902476e-01 7.069323e-01
    outer loop
      vertex   1.097617e+02 -1.059828e+00 2.728558e+01
      vertex   1.107295e+02 -1.023682e+00 2.753209e+01
      vertex   1.098230e+02 -8.210592e-01 2.753209e+01
    endloop
  endfacet
  facet normal -1.973252e-01 -6.791977e-01 7.069323e-01
    outer loop
      vertex   1.097617e+02 -1.059828e+00 2.728558e+01
      vertex   1.098230e+02 -8.210592e-01 2.753209e+01
      vertex   1.088548e+02 -7.963661e-01 2.728558e+01
    endloop
  endfacet
  facet normal -1.973252e-01 -6.791977e-01 7.069323e-01
    outer loop
      vertex   1.088548e+02 -7.963661e-01 2.728558e+01
      vertex   1.098230e+02 -8.210592e-01 2.753209e+01
      vertex   1.089310e+02 -5.619177e-01 2.753209e+01
    endloop
  endfacet
  facet normal -2.395830e-01 -6.654673e-01 7.069323e-01
    outer loop
      vertex   1.088548e+02 -7.963661e-01 2.728558e+01
      vertex   1.089310e+02 -5.619177e-01 2.753209e+01
      vertex   1.079663e+02 -4.764828e-01 2.728558e+01
    endloop
  endfacet
  facet normal -2.395830e-01 -6.654673e-01 7.069323e-01
    outer loop
      vertex   1.079663e+02 -4.764828e-01 2.728558e+01
      vertex   1.089310e+02 -5.619177e-01 2.753209e+01
      vertex   1.080571e+02 -2.472802e-01 2.753209e+01
    endloop
  endfacet
  facet normal -2.808953e-01 -6.491106e-01 7.069323e-01
    outer loop
      vertex   1.079663e+02 -4.764828e-01 2.728558e+01
      vertex   1.080571e+02 -2.472802e-01 2.753209e+01
      vertex   1.070996e+02 -1.014407e-01 2.728558e+01
    endloop
  endfacet
  facet normal -2.808953e-01 -6.491106e-01 7.069323e-01
    outer loop
      vertex   1.070996e+02 -1.014407e-01 2.728558e+01
      vertex   1.080571e+02 -2.472802e-01 2.753209e+01
      vertex   1.072046e+02 1.216116e-01 2.753209e+01
    endloop
  endfacet
  facet normal -3.210990e-01 -6.301922e-01 7.069323e-01
    outer loop
      vertex   1.070996e+02 -1.014407e-01 2.728558e+01
      vertex   1.072046e+02 1.216116e-01 2.753209e+01
      vertex   1.062582e+02 3.272801e-01 2.728558e+01
    endloop
  endfacet
  facet normal -3.210990e-01 -6.301922e-01 7.069323e-01
    outer loop
      vertex   1.062582e+02 3.272801e-01 2.728558e+01
      vertex   1.072046e+02 1.216116e-01 2.753209e+01
      vertex   1.063770e+02 5.433017e-01 2.753209e+01
    endloop
  endfacet
  facet normal -3.600355e-01 -6.087867e-01 7.069323e-01
    outer loop
      vertex   1.062582e+02 3.272801e-01 2.728558e+01
      vertex   1.063770e+02 5.433017e-01 2.753209e+01
      vertex   1.054454e+02 8.079876e-01 2.728558e+01
    endloop
  endfacet
  facet normal -3.600355e-01 -6.087867e-01 7.069323e-01
    outer loop
      vertex   1.054454e+02 8.079876e-01 2.728558e+01
      vertex   1.063770e+02 5.433017e-01 2.753209e+01
      vertex   1.055775e+02 1.016126e+00 2.753209e+01
    endloop
  endfacet
  facet normal -3.975510e-01 -5.849786e-01 7.069323e-01
    outer loop
      vertex   1.054454e+02 8.079876e-01 2.728558e+01
      vertex   1.055775e+02 1.016126e+00 2.753209e+01
      vertex   1.046644e+02 1.338785e+00 2.728558e+01
    endloop
  endfacet
  facet normal -3.975510e-01 -5.849786e-01 7.069323e-01
    outer loop
      vertex   1.046644e+02 1.338785e+00 2.728558e+01
      vertex   1.055775e+02 1.016126e+00 2.753209e+01
      vertex   1.048093e+02 1.538218e+00 2.753209e+01
    endloop
  endfacet
  facet normal -4.334977e-01 -5.588618e-01 7.069323e-01
    outer loop
      vertex   1.046644e+02 1.338785e+00 2.728558e+01
      vertex   1.048093e+02 1.538218e+00 2.753209e+01
      vertex   1.039182e+02 1.917576e+00 2.728558e+01
    endloop
  endfacet
  facet normal -4.334977e-01 -5.588618e-01 7.069323e-01
    outer loop
      vertex   1.039182e+02 1.917576e+00 2.728558e+01
      vertex   1.048093e+02 1.538218e+00 2.753209e+01
      vertex   1.040753e+02 2.107518e+00 2.753209e+01
    endloop
  endfacet
  facet normal -4.677335e-01 -5.305395e-01 7.069323e-01
    outer loop
      vertex   1.039182e+02 1.917576e+00 2.728558e+01
      vertex   1.040753e+02 2.107518e+00 2.753209e+01
      vertex   1.032098e+02 2.542079e+00 2.728558e+01
    endloop
  endfacet
  facet normal -4.677335e-01 -5.305395e-01 7.069323e-01
    outer loop
      vertex   1.032098e+02 2.542079e+00 2.728558e+01
      vertex   1.040753e+02 2.107518e+00 2.753209e+01
      vertex   1.033786e+02 2.721780e+00 2.753209e+01
    endloop
  endfacet
  facet normal -5.001234e-01 -5.001234e-01 7.069323e-01
    outer loop
      vertex   1.032098e+02 2.542079e+00 2.728558e+01
      vertex   1.033786e+02 2.721780e+00 2.753209e+01
      vertex   1.025421e+02 3.209827e+00 2.728558e+01
    endloop
  endfacet
  facet normal -5.001234e-01 -5.001234e-01 7.069323e-01
    outer loop
      vertex   1.025421e+02 3.209827e+00 2.728558e+01
      vertex   1.033786e+02 2.721780e+00 2.753209e+01
      vertex   1.027218e+02 3.378577e+00 2.753209e+01
    endloop
  endfacet
  facet normal -5.305395e-01 -4.677335e-01 7.069323e-01
    outer loop
      vertex   1.025421e+02 3.209827e+00 2.728558e+01
      vertex   1.027218e+02 3.378577e+00 2.753209e+01
      vertex   1.019176e+02 3.918186e+00 2.728558e+01
    endloop
  endfacet
  facet normal -5.305395e-01 -4.677335e-01 7.069323e-01
    outer loop
      vertex   1.019176e+02 3.918186e+00 2.728558e+01
      vertex   1.027218e+02 3.378577e+00 2.753209e+01
      vertex   1.021075e+02 4.075320e+00 2.753209e+01
    endloop
  endfacet
  facet normal -5.588618e-01 -4.334977e-01 7.069323e-01
    outer loop
      vertex   1.019176e+02 3.918186e+00 2.728558e+01
      vertex   1.021075e+02 4.075320e+00 2.753209e+01
      vertex   1.013388e+02 4.664360e+00 2.728558e+01
    endloop
  endfacet
  facet normal -5.588618e-01 -4.334977e-01 7.069323e-01
    outer loop
      vertex   1.013388e+02 4.664360e+00 2.728558e+01
      vertex   1.021075e+02 4.075320e+00 2.753209e+01
      vertex   1.015382e+02 4.809257e+00 2.753209e+01
    endloop
  endfacet
  facet normal -5.849786e-01 -3.975510e-01 7.069323e-01
    outer loop
      vertex   1.013388e+02 4.664360e+00 2.728558e+01
      vertex   1.015382e+02 4.809257e+00 2.753209e+01
      vertex   1.008080e+02 5.445404e+00 2.728558e+01
    endloop
  endfacet
  facet normal -5.849786e-01 -3.975510e-01 7.069323e-01
    outer loop
      vertex   1.008080e+02 5.445404e+00 2.728558e+01
      vertex   1.015382e+02 4.809257e+00 2.753209e+01
      vertex   1.010161e+02 5.577493e+00 2.753209e+01
    endloop
  endfacet
  facet normal -6.087867e-01 -3.600355e-01 7.069323e-01
    outer loop
      vertex   1.008080e+02 5.445404e+00 2.728558e+01
      vertex   1.010161e+02 5.577493e+00 2.753209e+01
      vertex   1.003273e+02 6.258236e+00 2.728558e+01
    endloop
  endfacet
  facet normal -6.087867e-01 -3.600355e-01 7.069323e-01
    outer loop
      vertex   1.003273e+02 6.258236e+00 2.728558e+01
      vertex   1.010161e+02 5.577493e+00 2.753209e+01
      vertex   1.005433e+02 6.376995e+00 2.753209e+01
    endloop
  endfacet
  facet normal -6.301922e-01 -3.210990e-01 7.069323e-01
    outer loop
      vertex   1.003273e+02 6.258236e+00 2.728558e+01
      vertex   1.005433e+02 6.376995e+00 2.753209e+01
      vertex   9.989856e+01 7.099648e+00 2.728558e+01
    endloop
  endfacet
  facet normal -6.301922e-01 -3.210990e-01 7.069323e-01
    outer loop
      vertex   9.989856e+01 7.099648e+00 2.728558e+01
      vertex   1.005433e+02 6.376995e+00 2.753209e+01
      vertex   1.001216e+02 7.204608e+00 2.753209e+01
    endloop
  endfacet
  facet normal -6.491106e-01 -2.808953e-01 7.069323e-01
    outer loop
      vertex   9.989856e+01 7.099648e+00 2.728558e+01
      vertex   1.001216e+02 7.204608e+00 2.753209e+01
      vertex   9.952352e+01 7.966319e+00 2.728558e+01
    endloop
  endfacet
  facet normal -6.491106e-01 -2.808953e-01 7.069323e-01
    outer loop
      vertex   9.952352e+01 7.966319e+00 2.728558e+01
      vertex   1.001216e+02 7.204608e+00 2.753209e+01
      vertex   9.975272e+01 8.057067e+00 2.753209e+01
    endloop
  endfacet
  facet normal -6.654673e-01 -2.395830e-01 7.069323e-01
    outer loop
      vertex   9.952352e+01 7.966319e+00 2.728558e+01
      vertex   9.975272e+01 8.057067e+00 2.753209e+01
      vertex   9.920363e+01 8.854829e+00 2.728558e+01
    endloop
  endfacet
  facet normal -6.654673e-01 -2.395830e-01 7.069323e-01
    outer loop
      vertex   9.920363e+01 8.854829e+00 2.728558e+01
      vertex   9.975272e+01 8.057067e+00 2.753209e+01
      vertex   9.943808e+01 8.931006e+00 2.753209e+01
    endloop
  endfacet
  facet normal -6.791977e-01 -1.973252e-01 7.069323e-01
    outer loop
      vertex   9.920363e+01 8.854829e+00 2.728558e+01
      vertex   9.943808e+01 8.931006e+00 2.753209e+01
      vertex   9.894017e+01 9.761672e+00 2.728558e+01
    endloop
  endfacet
  facet normal -6.791977e-01 -1.973252e-01 7.069323e-01
    outer loop
      vertex   9.894017e+01 9.761672e+00 2.728558e+01
      vertex   9.943808e+01 8.931006e+00 2.753209e+01
      vertex   9.917894e+01 9.822977e+00 2.753209e+01
    endloop
  endfacet
  facet normal -6.902476e-01 -1.542886e-01 7.069323e-01
    outer loop
      vertex   9.894017e+01 9.761672e+00 2.728558e+01
      vertex   9.917894e+01 9.822977e+00 2.753209e+01
      vertex   9.873417e+01 1.068327e+01 2.728558e+01
    endloop
  endfacet
  facet normal -6.902476e-01 -1.542886e-01 7.069323e-01
    outer loop
      vertex   9.873417e+01 1.068327e+01 2.728558e+01
      vertex   9.917894e+01 9.822977e+00 2.753209e+01
      vertex   9.897632e+01 1.072946e+01 2.753209e+01
    endloop
  endfacet
  facet normal -6.985735e-01 -1.106432e-01 7.069323e-01
    outer loop
      vertex   9.873417e+01 1.068327e+01 2.728558e+01
      vertex   9.897632e+01 1.072946e+01 2.753209e+01
      vertex   9.858644e+01 1.161598e+01 2.728558e+01
    endloop
  endfacet
  facet normal -6.985735e-01 -1.106432e-01 7.069323e-01
    outer loop
      vertex   9.858644e+01 1.161598e+01 2.728558e+01
      vertex   9.897632e+01 1.072946e+01 2.753209e+01
      vertex   9.883101e+01 1.164688e+01 2.753209e+01
    endloop
  endfacet
  facet normal -7.041423e-01 -6.656105e-02 7.069323e-01
    outer loop
      vertex   9.858644e+01 1.161598e+01 2.728558e+01
      vertex   9.883101e+01 1.164688e+01 2.753209e+01
      vertex   9.849757e+01 1.255613e+01 2.728558e+01
    endloop
  endfacet
  facet normal -7.041423e-01 -6.656105e-02 7.069323e-01
    outer loop
      vertex   9.849757e+01 1.255613e+01 2.728558e+01
      vertex   9.883101e+01 1.164688e+01 2.753209e+01
      vertex   9.874360e+01 1.257161e+01 2.753209e+01
    endloop
  endfacet
  facet normal -1.802244e-02 -5.734833e-01 8.190190e-01
    outer loop
      vertex   1.135000e+02 -1.285575e+00 2.753209e+01
      vertex   1.135000e+02 -1.000000e+00 2.773205e+01
      vertex   1.125716e+02 -1.256399e+00 2.753209e+01
    endloop
  endfacet
  facet normal -1.802244e-02 -5.734833e-01 8.190190e-01
    outer loop
      vertex   1.125716e+02 -1.256399e+00 2.753209e+01
      vertex   1.135000e+02 -1.000000e+00 2.773205e+01
      vertex   1.125895e+02 -9.713876e-01 2.773205e+01
    endloop
  endfacet
  facet normal -5.399619e-02 -5.712200e-01 8.190190e-01
    outer loop
      vertex   1.125716e+02 -1.256399e+00 2.753209e+01
      vertex   1.125895e+02 -9.713876e-01 2.773205e+01
      vertex   1.116469e+02 -1.168987e+00 2.753209e+01
    endloop
  endfacet
  facet normal -5.399619e-02 -5.712200e-01 8.190190e-01
    outer loop
      vertex   1.116469e+02 -1.168987e+00 2.753209e+01
      vertex   1.125895e+02 -9.713876e-01 2.773205e+01
      vertex   1.116827e+02 -8.856632e-01 2.773205e+01
    endloop
  endfacet
  facet normal -8.975684e-02 -5.667024e-01 8.190190e-01
    outer loop
      vertex   1.116469e+02 -1.168987e+00 2.753209e+01
      vertex   1.116827e+02 -8.856632e-01 2.773205e+01
      vertex   1.107295e+02 -1.023682e+00 2.753209e+01
    endloop
  endfacet
  facet normal -8.975684e-02 -5.667024e-01 8.190190e-01
    outer loop
      vertex   1.107295e+02 -1.023682e+00 2.753209e+01
      vertex   1.116827e+02 -8.856632e-01 2.773205e+01
      vertex   1.107830e+02 -7.431651e-01 2.773205e+01
    endloop
  endfacet
  facet normal -1.251633e-01 -5.599482e-01 8.190190e-01
    outer loop
      vertex   1.107295e+02 -1.023682e+00 2.753209e+01
      vertex   1.107830e+02 -7.431651e-01 2.773205e+01
      vertex   1.098230e+02 -8.210592e-01 2.753209e+01
    endloop
  endfacet
  facet normal -1.251633e-01 -5.599482e-01 8.190190e-01
    outer loop
      vertex   1.098230e+02 -8.210592e-01 2.753209e+01
      vertex   1.107830e+02 -7.431651e-01 2.773205e+01
      vertex   1.098940e+02 -5.444558e-01 2.773205e+01
    endloop
  endfacet
  facet normal -1.600757e-01 -5.509842e-01 8.190190e-01
    outer loop
      vertex   1.098230e+02 -8.210592e-01 2.753209e+01
      vertex   1.098940e+02 -5.444558e-01 2.773205e+01
      vertex   1.089310e+02 -5.619177e-01 2.753209e+01
    endloop
  endfacet
  facet normal -1.600757e-01 -5.509842e-01 8.190190e-01
    outer loop
      vertex   1.089310e+02 -5.619177e-01 2.753209e+01
      vertex   1.098940e+02 -5.444558e-01 2.773205e+01
      vertex   1.090193e+02 -2.903195e-01 2.773205e+01
    endloop
  endfacet
  facet normal -1.943564e-01 -5.398458e-01 8.190190e-01
    outer loop
      vertex   1.089310e+02 -5.619177e-01 2.753209e+01
      vertex   1.090193e+02 -2.903195e-01 2.773205e+01
      vertex   1.080571e+02 -2.472802e-01 2.753209e+01
    endloop
  endfacet
  facet normal -1.943564e-01 -5.398458e-01 8.190190e-01
    outer loop
      vertex   1.080571e+02 -2.472802e-01 2.753209e+01
      vertex   1.090193e+02 -2.903195e-01 2.773205e+01
      vertex   1.081622e+02 1.824095e-02 2.773205e+01
    endloop
  endfacet
  facet normal -2.278701e-01 -5.265768e-01 8.190190e-01
    outer loop
      vertex   1.080571e+02 -2.472802e-01 2.753209e+01
      vertex   1.081622e+02 1.824095e-02 2.773205e+01
      vertex   1.072046e+02 1.216116e-01 2.753209e+01
    endloop
  endfacet
  facet normal -2.278701e-01 -5.265768e-01 8.190190e-01
    outer loop
      vertex   1.072046e+02 1.216116e-01 2.753209e+01
      vertex   1.081622e+02 1.824095e-02 2.773205e+01
      vertex   1.073262e+02 3.800077e-01 2.773205e+01
    endloop
  endfacet
  facet normal -2.604845e-01 -5.112296e-01 8.190190e-01
    outer loop
      vertex   1.072046e+02 1.216116e-01 2.753209e+01
      vertex   1.073262e+02 3.800077e-01 2.773205e+01
      vertex   1.063770e+02 5.433017e-01 2.753209e+01
    endloop
  endfacet
  facet normal -2.604845e-01 -5.112296e-01 8.190190e-01
    outer loop
      vertex   1.063770e+02 5.433017e-01 2.753209e+01
      vertex   1.073262e+02 3.800077e-01 2.773205e+01
      vertex   1.065146e+02 7.935531e-01 2.773205e+01
    endloop
  endfacet
  facet normal -2.920709e-01 -4.938649e-01 8.190190e-01
    outer loop
      vertex   1.063770e+02 5.433017e-01 2.753209e+01
      vertex   1.065146e+02 7.935531e-01 2.773205e+01
      vertex   1.055775e+02 1.016126e+00 2.753209e+01
    endloop
  endfacet
  facet normal -2.920709e-01 -4.938649e-01 8.190190e-01
    outer loop
      vertex   1.055775e+02 1.016126e+00 2.753209e+01
      vertex   1.065146e+02 7.935531e-01 2.773205e+01
      vertex   1.057305e+02 1.257245e+00 2.773205e+01
    endloop
  endfacet
  facet normal -3.225046e-01 -4.745510e-01 8.190190e-01
    outer loop
      vertex   1.055775e+02 1.016126e+00 2.753209e+01
      vertex   1.057305e+02 1.257245e+00 2.773205e+01
      vertex   1.048093e+02 1.538218e+00 2.753209e+01
    endloop
  endfacet
  facet normal -3.225046e-01 -4.745510e-01 8.190190e-01
    outer loop
      vertex   1.048093e+02 1.538218e+00 2.753209e+01
      vertex   1.057305e+02 1.257245e+00 2.773205e+01
      vertex   1.049771e+02 1.769254e+00 2.773205e+01
    endloop
  endfacet
  facet normal -3.516655e-01 -4.533644e-01 8.190190e-01
    outer loop
      vertex   1.048093e+02 1.538218e+00 2.753209e+01
      vertex   1.049771e+02 1.769254e+00 2.773205e+01
      vertex   1.040753e+02 2.107518e+00 2.753209e+01
    endloop
  endfacet
  facet normal -3.516655e-01 -4.533644e-01 8.190190e-01
    outer loop
      vertex   1.040753e+02 2.107518e+00 2.753209e+01
      vertex   1.049771e+02 1.769254e+00 2.773205e+01
      vertex   1.042574e+02 2.327558e+00 2.773205e+01
    endloop
  endfacet
  facet normal -3.794385e-01 -4.303885e-01 8.190190e-01
    outer loop
      vertex   1.040753e+02 2.107518e+00 2.753209e+01
      vertex   1.042574e+02 2.327558e+00 2.773205e+01
      vertex   1.033786e+02 2.721780e+00 2.753209e+01
    endloop
  endfacet
  facet normal -3.794385e-01 -4.303885e-01 8.190190e-01
    outer loop
      vertex   1.033786e+02 2.721780e+00 2.753209e+01
      vertex   1.042574e+02 2.327558e+00 2.773205e+01
      vertex   1.035741e+02 2.929955e+00 2.773205e+01
    endloop
  endfacet
  facet normal -4.057141e-01 -4.057141e-01 8.190190e-01
    outer loop
      vertex   1.033786e+02 2.721780e+00 2.753209e+01
      vertex   1.035741e+02 2.929955e+00 2.773205e+01
      vertex   1.027218e+02 3.378577e+00 2.753209e+01
    endloop
  endfacet
  facet normal -4.057141e-01 -4.057141e-01 8.190190e-01
    outer loop
      vertex   1.027218e+02 3.378577e+00 2.753209e+01
      vertex   1.035741e+02 2.929955e+00 2.773205e+01
      vertex   1.029300e+02 3.574067e+00 2.773205e+01
    endloop
  endfacet
  facet normal -4.303885e-01 -3.794385e-01 8.190190e-01
    outer loop
      vertex   1.027218e+02 3.378577e+00 2.753209e+01
      vertex   1.029300e+02 3.574067e+00 2.773205e+01
      vertex   1.021075e+02 4.075320e+00 2.753209e+01
    endloop
  endfacet
  facet normal -4.303885e-01 -3.794385e-01 8.190190e-01
    outer loop
      vertex   1.021075e+02 4.075320e+00 2.753209e+01
      vertex   1.029300e+02 3.574067e+00 2.773205e+01
      vertex   1.023276e+02 4.257352e+00 2.773205e+01
    endloop
  endfacet
  facet normal -4.533644e-01 -3.516655e-01 8.190190e-01
    outer loop
      vertex   1.021075e+02 4.075320e+00 2.753209e+01
      vertex   1.023276e+02 4.257352e+00 2.773205e+01
      vertex   1.015382e+02 4.809257e+00 2.753209e+01
    endloop
  endfacet
  facet normal -4.533644e-01 -3.516655e-01 8.190190e-01
    outer loop
      vertex   1.015382e+02 4.809257e+00 2.753209e+01
      vertex   1.023276e+02 4.257352e+00 2.773205e+01
      vertex   1.017693e+02 4.977114e+00 2.773205e+01
    endloop
  endfacet
  facet normal -4.745510e-01 -3.225046e-01 8.190190e-01
    outer loop
      vertex   1.015382e+02 4.809257e+00 2.753209e+01
      vertex   1.017693e+02 4.977114e+00 2.773205e+01
      vertex   1.010161e+02 5.577493e+00 2.753209e+01
    endloop
  endfacet
  facet normal -4.745510e-01 -3.225046e-01 8.190190e-01
    outer loop
      vertex   1.010161e+02 5.577493e+00 2.753209e+01
      vertex   1.017693e+02 4.977114e+00 2.773205e+01
      vertex   1.012572e+02 5.730511e+00 2.773205e+01
    endloop
  endfacet
  facet normal -4.938649e-01 -2.920709e-01 8.190190e-01
    outer loop
      vertex   1.010161e+02 5.577493e+00 2.753209e+01
      vertex   1.012572e+02 5.730511e+00 2.773205e+01
      vertex   1.005433e+02 6.376995e+00 2.753209e+01
    endloop
  endfacet
  facet normal -4.938649e-01 -2.920709e-01 8.190190e-01
    outer loop
      vertex   1.005433e+02 6.376995e+00 2.753209e+01
      vertex   1.012572e+02 5.730511e+00 2.773205e+01
      vertex   1.007936e+02 6.514572e+00 2.773205e+01
    endloop
  endfacet
  facet normal -5.112296e-01 -2.604845e-01 8.190190e-01
    outer loop
      vertex   1.005433e+02 6.376995e+00 2.753209e+01
      vertex   1.007936e+02 6.514572e+00 2.773205e+01
      vertex   1.001216e+02 7.204608e+00 2.753209e+01
    endloop
  endfacet
  facet normal -5.112296e-01 -2.604845e-01 8.190190e-01
    outer loop
      vertex   1.001216e+02 7.204608e+00 2.753209e+01
      vertex   1.007936e+02 6.514572e+00 2.773205e+01
      vertex   1.003800e+02 7.326200e+00 2.773205e+01
    endloop
  endfacet
  facet normal -5.265768e-01 -2.278701e-01 8.190190e-01
    outer loop
      vertex   1.001216e+02 7.204608e+00 2.753209e+01
      vertex   1.003800e+02 7.326200e+00 2.773205e+01
      vertex   9.975272e+01 8.057067e+00 2.753209e+01
    endloop
  endfacet
  facet normal -5.265768e-01 -2.278701e-01 8.190190e-01
    outer loop
      vertex   9.975272e+01 8.057067e+00 2.753209e+01
      vertex   1.003800e+02 7.326200e+00 2.773205e+01
      vertex   1.000182e+02 8.162194e+00 2.773205e+01
    endloop
  endfacet
  facet normal -5.398458e-01 -1.943564e-01 8.190190e-01
    outer loop
      vertex   9.975272e+01 8.057067e+00 2.753209e+01
      vertex   1.000182e+02 8.162194e+00 2.773205e+01
      vertex   9.943808e+01 8.931006e+00 2.753209e+01
    endloop
  endfacet
  facet normal -5.398458e-01 -1.943564e-01 8.190190e-01
    outer loop
      vertex   9.943808e+01 8.931006e+00 2.753209e+01
      vertex   1.000182e+02 8.162194e+00 2.773205e+01
      vertex   9.970968e+01 9.019254e+00 2.773205e+01
    endloop
  endfacet
  facet normal -5.509842e-01 -1.600757e-01 8.190190e-01
    outer loop
      vertex   9.943808e+01 8.931006e+00 2.753209e+01
      vertex   9.970968e+01 9.019254e+00 2.773205e+01
      vertex   9.917894e+01 9.822977e+00 2.753209e+01
    endloop
  endfacet
  facet normal -5.509842e-01 -1.600757e-01 8.190190e-01
    outer loop
      vertex   9.917894e+01 9.822977e+00 2.753209e+01
      vertex   9.970968e+01 9.019254e+00 2.773205e+01
      vertex   9.945554e+01 9.893997e+00 2.773205e+01
    endloop
  endfacet
  facet normal -5.599482e-01 -1.251633e-01 8.190190e-01
    outer loop
      vertex   9.917894e+01 9.822977e+00 2.753209e+01
      vertex   9.945554e+01 9.893997e+00 2.773205e+01
      vertex   9.897632e+01 1.072946e+01 2.753209e+01
    endloop
  endfacet
  facet normal -5.599482e-01 -1.251633e-01 8.190190e-01
    outer loop
      vertex   9.897632e+01 1.072946e+01 2.753209e+01
      vertex   9.945554e+01 9.893997e+00 2.773205e+01
      vertex   9.925683e+01 1.078297e+01 2.773205e+01
    endloop
  endfacet
  facet normal -5.667024e-01 -8.975684e-02 8.190190e-01
    outer loop
      vertex   9.897632e+01 1.072946e+01 2.753209e+01
      vertex   9.925683e+01 1.078297e+01 2.773205e+01
      vertex   9.883101e+01 1.164688e+01 2.753209e+01
    endloop
  endfacet
  facet normal -5.667024e-01 -8.975684e-02 8.190190e-01
    outer loop
      vertex   9.883101e+01 1.164688e+01 2.753209e+01
      vertex   9.925683e+01 1.078297e+01 2.773205e+01
      vertex   9.911434e+01 1.168267e+01 2.773205e+01
    endloop
  endfacet
  facet normal -5.712200e-01 -5.399619e-02 8.190190e-01
    outer loop
      vertex   9.883101e+01 1.164688e+01 2.753209e+01
      vertex   9.911434e+01 1.168267e+01 2.773205e+01
      vertex   9.874360e+01 1.257161e+01 2.753209e+01
    endloop
  endfacet
  facet normal -5.712200e-01 -5.399619e-02 8.190190e-01
    outer loop
      vertex   9.874360e+01 1.257161e+01 2.753209e+01
      vertex   9.911434e+01 1.168267e+01 2.773205e+01
      vertex   9.902861e+01 1.258954e+01 2.773205e+01
    endloop
  endfacet
  facet normal -1.328014e-02 -4.225810e-01 9.062279e-01
    outer loop
      vertex   1.135000e+02 -1.000000e+00 2.773205e+01
      vertex   1.135000e+02 -6.840403e-01 2.787939e+01
      vertex   1.125895e+02 -9.713876e-01 2.773205e+01
    endloop
  endfacet
  facet normal -1.328014e-02 -4.225810e-01 9.062279e-01
    outer loop
      vertex   1.125895e+02 -9.713876e-01 2.773205e+01
      vertex   1.135000e+02 -6.840403e-01 2.787939e+01
      vertex   1.126094e+02 -6.560513e-01 2.787939e+01
    endloop
  endfacet
  facet normal -3.978802e-02 -4.209133e-01 9.062279e-01
    outer loop
      vertex   1.125895e+02 -9.713876e-01 2.773205e+01
      vertex   1.126094e+02 -6.560513e-01 2.787939e+01
      vertex   1.116827e+02 -8.856632e-01 2.773205e+01
    endloop
  endfacet
  facet normal -3.978802e-02 -4.209133e-01 9.062279e-01
    outer loop
      vertex   1.116827e+02 -8.856632e-01 2.773205e+01
      vertex   1.126094e+02 -6.560513e-01 2.787939e+01
      vertex   1.117223e+02 -5.721949e-01 2.787939e+01
    endloop
  endfacet
  facet normal -6.613887e-02 -4.175844e-01 9.062279e-01
    outer loop
      vertex   1.116827e+02 -8.856632e-01 2.773205e+01
      vertex   1.117223e+02 -5.721949e-01 2.787939e+01
      vertex   1.107830e+02 -7.431651e-01 2.773205e+01
    endloop
  endfacet
  facet normal -6.613887e-02 -4.175844e-01 9.062279e-01
    outer loop
      vertex   1.107830e+02 -7.431651e-01 2.773205e+01
      vertex   1.117223e+02 -5.721949e-01 2.787939e+01
      vertex   1.108422e+02 -4.328019e-01 2.787939e+01
    endloop
  endfacet
  facet normal -9.222870e-02 -4.126075e-01 9.062279e-01
    outer loop
      vertex   1.107830e+02 -7.431651e-01 2.773205e+01
      vertex   1.108422e+02 -4.328019e-01 2.787939e+01
      vertex   1.098940e+02 -5.444558e-01 2.773205e+01
    endloop
  endfacet
  facet normal -9.222870e-02 -4.126075e-01 9.062279e-01
    outer loop
      vertex   1.098940e+02 -5.444558e-01 2.773205e+01
      vertex   1.108422e+02 -4.328019e-01 2.787939e+01
      vertex   1.099726e+02 -2.384226e-01 2.787939e+01
    endloop
  endfacet
  facet normal -1.179545e-01 -4.060022e-01 9.062279e-01
    outer loop
      vertex   1.098940e+02 -5.444558e-01 2.773205e+01
      vertex   1.099726e+02 -2.384226e-01 2.787939e+01
      vertex   1.090193e+02 -2.903195e-01 2.773205e+01
    endloop
  endfacet
  facet normal -1.179545e-01 -4.060022e-01 9.062279e-01
    outer loop
      vertex   1.090193e+02 -2.903195e-01 2.773205e+01
      vertex   1.099726e+02 -2.384226e-01 2.787939e+01
      vertex   1.091169e+02 1.017606e-02 2.787939e+01
    endloop
  endfacet
  facet normal -1.432149e-01 -3.977946e-01 9.062279e-01
    outer loop
      vertex   1.090193e+02 -2.903195e-01 2.773205e+01
      vertex   1.091169e+02 1.017606e-02 2.787939e+01
      vertex   1.081622e+02 1.824095e-02 2.773205e+01
    endloop
  endfacet
  facet normal -1.432149e-01 -3.977946e-01 9.062279e-01
    outer loop
      vertex   1.081622e+02 1.824095e-02 2.773205e+01
      vertex   1.091169e+02 1.017606e-02 2.787939e+01
      vertex   1.082785e+02 3.120129e-01 2.787939e+01
    endloop
  endfacet
  facet normal -1.679100e-01 -3.880171e-01 9.062279e-01
    outer loop
      vertex   1.081622e+02 1.824095e-02 2.773205e+01
      vertex   1.082785e+02 3.120129e-01 2.787939e+01
      vertex   1.073262e+02 3.800077e-01 2.773205e+01
    endloop
  endfacet
  facet normal -1.679100e-01 -3.880171e-01 9.062279e-01
    outer loop
      vertex   1.073262e+02 3.800077e-01 2.773205e+01
      vertex   1.082785e+02 3.120129e-01 2.787939e+01
      vertex   1.074607e+02 6.658966e-01 2.787939e+01
    endloop
  endfacet
  facet normal -1.919425e-01 -3.767083e-01 9.062279e-01
    outer loop
      vertex   1.073262e+02 3.800077e-01 2.773205e+01
      vertex   1.074607e+02 6.658966e-01 2.787939e+01
      vertex   1.065146e+02 7.935531e-01 2.773205e+01
    endloop
  endfacet
  facet normal -1.919425e-01 -3.767083e-01 9.062279e-01
    outer loop
      vertex   1.065146e+02 7.935531e-01 2.773205e+01
      vertex   1.074607e+02 6.658966e-01 2.787939e+01
      vertex   1.066668e+02 1.070431e+00 2.787939e+01
    endloop
  endfacet
  facet normal -2.152174e-01 -3.639128e-01 9.062279e-01
    outer loop
      vertex   1.065146e+02 7.935531e-01 2.773205e+01
      vertex   1.066668e+02 1.070431e+00 2.787939e+01
      vertex   1.057305e+02 1.257245e+00 2.773205e+01
    endloop
  endfacet
  facet normal -2.152174e-01 -3.639128e-01 9.062279e-01
    outer loop
      vertex   1.057305e+02 1.257245e+00 2.773205e+01
      vertex   1.066668e+02 1.070431e+00 2.787939e+01
      vertex   1.058998e+02 1.524019e+00 2.787939e+01
    endloop
  endfacet
  facet normal -2.376430e-01 -3.496811e-01 9.062279e-01
    outer loop
      vertex   1.057305e+02 1.257245e+00 2.773205e+01
      vertex   1.058998e+02 1.524019e+00 2.787939e+01
      vertex   1.049771e+02 1.769254e+00 2.773205e+01
    endloop
  endfacet
  facet normal -2.376430e-01 -3.496811e-01 9.062279e-01
    outer loop
      vertex   1.049771e+02 1.769254e+00 2.773205e+01
      vertex   1.058998e+02 1.524019e+00 2.787939e+01
      vertex   1.051628e+02 2.024870e+00 2.787939e+01
    endloop
  endfacet
  facet normal -2.591307e-01 -3.340693e-01 9.062279e-01
    outer loop
      vertex   1.049771e+02 1.769254e+00 2.773205e+01
      vertex   1.051628e+02 2.024870e+00 2.787939e+01
      vertex   1.042574e+02 2.327558e+00 2.773205e+01
    endloop
  endfacet
  facet normal -2.591307e-01 -3.340693e-01 9.062279e-01
    outer loop
      vertex   1.042574e+02 2.327558e+00 2.773205e+01
      vertex   1.051628e+02 2.024870e+00 2.787939e+01
      vertex   1.044588e+02 2.571009e+00 2.787939e+01
    endloop
  endfacet
  facet normal -2.795958e-01 -3.171392e-01 9.062279e-01
    outer loop
      vertex   1.042574e+02 2.327558e+00 2.773205e+01
      vertex   1.044588e+02 2.571009e+00 2.787939e+01
      vertex   1.035741e+02 2.929955e+00 2.773205e+01
    endloop
  endfacet
  facet normal -2.795958e-01 -3.171392e-01 9.062279e-01
    outer loop
      vertex   1.035741e+02 2.929955e+00 2.773205e+01
      vertex   1.044588e+02 2.571009e+00 2.787939e+01
      vertex   1.037904e+02 3.160280e+00 2.787939e+01
    endloop
  endfacet
  facet normal -2.989574e-01 -2.989574e-01 9.062279e-01
    outer loop
      vertex   1.035741e+02 2.929955e+00 2.773205e+01
      vertex   1.037904e+02 3.160280e+00 2.787939e+01
      vertex   1.029300e+02 3.574067e+00 2.773205e+01
    endloop
  endfacet
  facet normal -2.989574e-01 -2.989574e-01 9.062279e-01
    outer loop
      vertex   1.029300e+02 3.574067e+00 2.773205e+01
      vertex   1.037904e+02 3.160280e+00 2.787939e+01
      vertex   1.031603e+02 3.790356e+00 2.787939e+01
    endloop
  endfacet
  facet normal -3.171392e-01 -2.795958e-01 9.062279e-01
    outer loop
      vertex   1.029300e+02 3.574067e+00 2.773205e+01
      vertex   1.031603e+02 3.790356e+00 2.787939e+01
      vertex   1.023276e+02 4.257352e+00 2.773205e+01
    endloop
  endfacet
  facet normal -3.171392e-01 -2.795958e-01 9.062279e-01
    outer loop
      vertex   1.023276e+02 4.257352e+00 2.773205e+01
      vertex   1.031603e+02 3.790356e+00 2.787939e+01
      vertex   1.025710e+02 4.458752e+00 2.787939e+01
    endloop
  endfacet
  facet normal -3.340693e-01 -2.591307e-01 9.062279e-01
    outer loop
      vertex   1.023276e+02 4.257352e+00 2.773205e+01
      vertex   1.025710e+02 4.458752e+00 2.787939e+01
      vertex   1.017693e+02 4.977114e+00 2.773205e+01
    endloop
  endfacet
  facet normal -3.340693e-01 -2.591307e-01 9.062279e-01
    outer loop
      vertex   1.017693e+02 4.977114e+00 2.773205e+01
      vertex   1.025710e+02 4.458752e+00 2.787939e+01
      vertex   1.020249e+02 5.162830e+00 2.787939e+01
    endloop
  endfacet
  facet normal -3.496811e-01 -2.376430e-01 9.062279e-01
    outer loop
      vertex   1.017693e+02 4.977114e+00 2.773205e+01
      vertex   1.020249e+02 5.162830e+00 2.787939e+01
      vertex   1.012572e+02 5.730511e+00 2.773205e+01
    endloop
  endfacet
  facet normal -3.496811e-01 -2.376430e-01 9.062279e-01
    outer loop
      vertex   1.012572e+02 5.730511e+00 2.773205e+01
      vertex   1.020249e+02 5.162830e+00 2.787939e+01
      vertex   1.015240e+02 5.899811e+00 2.787939e+01
    endloop
  endfacet
  facet normal -3.639128e-01 -2.152174e-01 9.062279e-01
    outer loop
      vertex   1.012572e+02 5.730511e+00 2.773205e+01
      vertex   1.015240e+02 5.899811e+00 2.787939e+01
      vertex   1.007936e+02 6.514572e+00 2.773205e+01
    endloop
  endfacet
  facet normal -3.639128e-01 -2.152174e-01 9.062279e-01
    outer loop
      vertex   1.007936e+02 6.514572e+00 2.773205e+01
      vertex   1.015240e+02 5.899811e+00 2.787939e+01
      vertex   1.010704e+02 6.666786e+00 2.787939e+01
    endloop
  endfacet
  facet normal -3.767083e-01 -1.919425e-01 9.062279e-01
    outer loop
      vertex   1.007936e+02 6.514572e+00 2.773205e+01
      vertex   1.010704e+02 6.666786e+00 2.787939e+01
      vertex   1.003800e+02 7.326200e+00 2.773205e+01
    endloop
  endfacet
  facet normal -3.767083e-01 -1.919425e-01 9.062279e-01
    outer loop
      vertex   1.003800e+02 7.326200e+00 2.773205e+01
      vertex   1.010704e+02 6.666786e+00 2.787939e+01
      vertex   1.006659e+02 7.460729e+00 2.787939e+01
    endloop
  endfacet
  facet normal -3.880171e-01 -1.679100e-01 9.062279e-01
    outer loop
      vertex   1.003800e+02 7.326200e+00 2.773205e+01
      vertex   1.006659e+02 7.460729e+00 2.787939e+01
      vertex   1.000182e+02 8.162194e+00 2.773205e+01
    endloop
  endfacet
  facet normal -3.880171e-01 -1.679100e-01 9.062279e-01
    outer loop
      vertex   1.000182e+02 8.162194e+00 2.773205e+01
      vertex   1.006659e+02 7.460729e+00 2.787939e+01
      vertex   1.003120e+02 8.278507e+00 2.787939e+01
    endloop
  endfacet
  facet normal -3.977946e-01 -1.432149e-01 9.062279e-01
    outer loop
      vertex   1.000182e+02 8.162194e+00 2.773205e+01
      vertex   1.003120e+02 8.278507e+00 2.787939e+01
      vertex   9.970968e+01 9.019254e+00 2.773205e+01
    endloop
  endfacet
  facet normal -3.977946e-01 -1.432149e-01 9.062279e-01
    outer loop
      vertex   9.970968e+01 9.019254e+00 2.773205e+01
      vertex   1.003120e+02 8.278507e+00 2.787939e+01
      vertex   1.000102e+02 9.116891e+00 2.787939e+01
    endloop
  endfacet
  facet normal -4.060022e-01 -1.179545e-01 9.062279e-01
    outer loop
      vertex   9.970968e+01 9.019254e+00 2.773205e+01
      vertex   1.000102e+02 9.116891e+00 2.787939e+01
      vertex   9.945554e+01 9.893997e+00 2.773205e+01
    endloop
  endfacet
  facet normal -4.060022e-01 -1.179545e-01 9.062279e-01
    outer loop
      vertex   9.945554e+01 9.893997e+00 2.773205e+01
      vertex   1.000102e+02 9.116891e+00 2.787939e+01
      vertex   9.976158e+01 9.972573e+00 2.787939e+01
    endloop
  endfacet
  facet normal -4.126075e-01 -9.222870e-02 9.062279e-01
    outer loop
      vertex   9.945554e+01 9.893997e+00 2.773205e+01
      vertex   9.976158e+01 9.972573e+00 2.787939e+01
      vertex   9.925683e+01 1.078297e+01 2.773205e+01
    endloop
  endfacet
  facet normal -4.126075e-01 -9.222870e-02 9.062279e-01
    outer loop
      vertex   9.925683e+01 1.078297e+01 2.773205e+01
      vertex   9.976158e+01 9.972573e+00 2.787939e+01
      vertex   9.956720e+01 1.084218e+01 2.787939e+01
    endloop
  endfacet
  facet normal -4.175844e-01 -6.613887e-02 9.062279e-01
    outer loop
      vertex   9.925683e+01 1.078297e+01 2.773205e+01
      vertex   9.956720e+01 1.084218e+01 2.787939e+01
      vertex   9.911434e+01 1.168267e+01 2.773205e+01
    endloop
  endfacet
  facet normal -4.175844e-01 -6.613887e-02 9.062279e-01
    outer loop
      vertex   9.911434e+01 1.168267e+01 2.773205e+01
      vertex   9.956720e+01 1.084218e+01 2.787939e+01
      vertex   9.942781e+01 1.172227e+01 2.787939e+01
    endloop
  endfacet
  facet normal -4.209133e-01 -3.978802e-02 9.062279e-01
    outer loop
      vertex   9.911434e+01 1.168267e+01 2.773205e+01
      vertex   9.942781e+01 1.172227e+01 2.787939e+01
      vertex   9.902861e+01 1.258954e+01 2.773205e+01
    endloop
  endfacet
  facet normal -4.209133e-01 -3.978802e-02 9.062279e-01
    outer loop
      vertex   9.902861e+01 1.258954e+01 2.773205e+01
      vertex   9.942781e+01 1.172227e+01 2.787939e+01
      vertex   9.934395e+01 1.260938e+01 2.787939e+01
    endloop
  endfacet
  facet normal -8.133447e-03 -2.588105e-01 9.658939e-01
    outer loop
      vertex   1.135000e+02 -6.840403e-01 2.787939e+01
      vertex   1.135000e+02 -3.472964e-01 2.796962e+01
      vertex   1.126094e+02 -6.560513e-01 2.787939e+01
    endloop
  endfacet
  facet normal -8.133447e-03 -2.588105e-01 9.658939e-01
    outer loop
      vertex   1.126094e+02 -6.560513e-01 2.787939e+01
      vertex   1.135000e+02 -3.472964e-01 2.796962e+01
      vertex   1.126305e+02 -3.199719e-01 2.796962e+01
    endloop
  endfacet
  facet normal -2.436824e-02 -2.577891e-01 9.658939e-01
    outer loop
      vertex   1.126094e+02 -6.560513e-01 2.787939e+01
      vertex   1.126305e+02 -3.199719e-01 2.796962e+01
      vertex   1.117223e+02 -5.721949e-01 2.787939e+01
    endloop
  endfacet
  facet normal -2.436824e-02 -2.577891e-01 9.658939e-01
    outer loop
      vertex   1.117223e+02 -5.721949e-01 2.787939e+01
      vertex   1.126305e+02 -3.199719e-01 2.796962e+01
      vertex   1.117645e+02 -2.381063e-01 2.796962e+01
    endloop
  endfacet
  facet normal -4.050687e-02 -2.557503e-01 9.658939e-01
    outer loop
      vertex   1.117223e+02 -5.721949e-01 2.787939e+01
      vertex   1.117645e+02 -2.381063e-01 2.796962e+01
      vertex   1.108422e+02 -4.328019e-01 2.787939e+01
    endloop
  endfacet
  facet normal -4.050687e-02 -2.557503e-01 9.658939e-01
    outer loop
      vertex   1.108422e+02 -4.328019e-01 2.787939e+01
      vertex   1.117645e+02 -2.381063e-01 2.796962e+01
      vertex   1.109053e+02 -1.020227e-01 2.796962e+01
    endloop
  endfacet
  facet normal -5.648563e-02 -2.527022e-01 9.658939e-01
    outer loop
      vertex   1.108422e+02 -4.328019e-01 2.787939e+01
      vertex   1.109053e+02 -1.020227e-01 2.796962e+01
      vertex   1.099726e+02 -2.384226e-01 2.787939e+01
    endloop
  endfacet
  facet normal -5.648563e-02 -2.527022e-01 9.658939e-01
    outer loop
      vertex   1.099726e+02 -2.384226e-01 2.787939e+01
      vertex   1.109053e+02 -1.020227e-01 2.796962e+01
      vertex   1.100563e+02 8.774192e-02 2.796962e+01
    endloop
  endfacet
  facet normal -7.224147e-02 -2.486568e-01 9.658939e-01
    outer loop
      vertex   1.099726e+02 -2.384226e-01 2.787939e+01
      vertex   1.100563e+02 8.774192e-02 2.796962e+01
      vertex   1.091169e+02 1.017606e-02 2.787939e+01
    endloop
  endfacet
  facet normal -7.224147e-02 -2.486568e-01 9.658939e-01
    outer loop
      vertex   1.091169e+02 1.017606e-02 2.787939e+01
      vertex   1.100563e+02 8.774192e-02 2.796962e+01
      vertex   1.092210e+02 3.304386e-01 2.796962e+01
    endloop
  endfacet
  facet normal -8.771221e-02 -2.436300e-01 9.658939e-01
    outer loop
      vertex   1.091169e+02 1.017606e-02 2.787939e+01
      vertex   1.092210e+02 3.304386e-01 2.796962e+01
      vertex   1.082785e+02 3.120129e-01 2.787939e+01
    endloop
  endfacet
  facet normal -8.771221e-02 -2.436300e-01 9.658939e-01
    outer loop
      vertex   1.082785e+02 3.120129e-01 2.787939e+01
      vertex   1.092210e+02 3.304386e-01 2.796962e+01
      vertex   1.084025e+02 6.251095e-01 2.796962e+01
    endloop
  endfacet
  facet normal -1.028368e-01 -2.376418e-01 9.658939e-01
    outer loop
      vertex   1.082785e+02 3.120129e-01 2.787939e+01
      vertex   1.084025e+02 6.251095e-01 2.796962e+01
      vertex   1.074607e+02 6.658966e-01 2.787939e+01
    endloop
  endfacet
  facet normal -1.028368e-01 -2.376418e-01 9.658939e-01
    outer loop
      vertex   1.074607e+02 6.658966e-01 2.787939e+01
      vertex   1.084025e+02 6.251095e-01 2.796962e+01
      vertex   1.076041e+02 9.705917e-01 2.796962e+01
    endloop
  endfacet
  facet normal -1.175555e-01 -2.307157e-01 9.658939e-01
    outer loop
      vertex   1.074607e+02 6.658966e-01 2.787939e+01
      vertex   1.076041e+02 9.705917e-01 2.796962e+01
      vertex   1.066668e+02 1.070431e+00 2.787939e+01
    endloop
  endfacet
  facet normal -1.175555e-01 -2.307157e-01 9.658939e-01
    outer loop
      vertex   1.066668e+02 1.070431e+00 2.787939e+01
      vertex   1.076041e+02 9.705917e-01 2.796962e+01
      vertex   1.068290e+02 1.365522e+00 2.796962e+01
    endloop
  endfacet
  facet normal -1.318103e-01 -2.228790e-01 9.658939e-01
    outer loop
      vertex   1.066668e+02 1.070431e+00 2.787939e+01
      vertex   1.068290e+02 1.365522e+00 2.796962e+01
      vertex   1.058998e+02 1.524019e+00 2.787939e+01
    endloop
  endfacet
  facet normal -1.318103e-01 -2.228790e-01 9.658939e-01
    outer loop
      vertex   1.058998e+02 1.524019e+00 2.787939e+01
      vertex   1.068290e+02 1.365522e+00 2.796962e+01
      vertex   1.060802e+02 1.808341e+00 2.796962e+01
    endloop
  endfacet
  facet normal -1.455449e-01 -2.141628e-01 9.658939e-01
    outer loop
      vertex   1.058998e+02 1.524019e+00 2.787939e+01
      vertex   1.060802e+02 1.808341e+00 2.796962e+01
      vertex   1.051628e+02 2.024870e+00 2.787939e+01
    endloop
  endfacet
  facet normal -1.455449e-01 -2.141628e-01 9.658939e-01
    outer loop
      vertex   1.051628e+02 2.024870e+00 2.787939e+01
      vertex   1.060802e+02 1.808341e+00 2.796962e+01
      vertex   1.053608e+02 2.297302e+00 2.796962e+01
    endloop
  endfacet
  facet normal -1.587051e-01 -2.046014e-01 9.658939e-01
    outer loop
      vertex   1.051628e+02 2.024870e+00 2.787939e+01
      vertex   1.053608e+02 2.297302e+00 2.796962e+01
      vertex   1.044588e+02 2.571009e+00 2.787939e+01
    endloop
  endfacet
  facet normal -1.587051e-01 -2.046014e-01 9.658939e-01
    outer loop
      vertex   1.044588e+02 2.571009e+00 2.787939e+01
      vertex   1.053608e+02 2.297302e+00 2.796962e+01
      vertex   1.046734e+02 2.830475e+00 2.796962e+01
    endloop
  endfacet
  facet normal -1.712389e-01 -1.942325e-01 9.658939e-01
    outer loop
      vertex   1.044588e+02 2.571009e+00 2.787939e+01
      vertex   1.046734e+02 2.830475e+00 2.796962e+01
      vertex   1.037904e+02 3.160280e+00 2.787939e+01
    endloop
  endfacet
  facet normal -1.712389e-01 -1.942325e-01 9.658939e-01
    outer loop
      vertex   1.037904e+02 3.160280e+00 2.787939e+01
      vertex   1.046734e+02 2.830475e+00 2.796962e+01
      vertex   1.040209e+02 3.405755e+00 2.796962e+01
    endloop
  endfacet
  facet normal -1.830970e-01 -1.830970e-01 9.658939e-01
    outer loop
      vertex   1.037904e+02 3.160280e+00 2.787939e+01
      vertex   1.040209e+02 3.405755e+00 2.796962e+01
      vertex   1.031603e+02 3.790356e+00 2.787939e+01
    endloop
  endfacet
  facet normal -1.830970e-01 -1.830970e-01 9.658939e-01
    outer loop
      vertex   1.031603e+02 3.790356e+00 2.787939e+01
      vertex   1.040209e+02 3.405755e+00 2.796962e+01
      vertex   1.034058e+02 4.020873e+00 2.796962e+01
    endloop
  endfacet
  facet normal -1.942325e-01 -1.712389e-01 9.658939e-01
    outer loop
      vertex   1.031603e+02 3.790356e+00 2.787939e+01
      vertex   1.034058e+02 4.020873e+00 2.796962e+01
      vertex   1.025710e+02 4.458752e+00 2.787939e+01
    endloop
  endfacet
  facet normal -1.942325e-01 -1.712389e-01 9.658939e-01
    outer loop
      vertex   1.025710e+02 4.458752e+00 2.787939e+01
      vertex   1.034058e+02 4.020873e+00 2.796962e+01
      vertex   1.028305e+02 4.673401e+00 2.796962e+01
    endloop
  endfacet
  facet normal -2.046014e-01 -1.587051e-01 9.658939e-01
    outer loop
      vertex   1.025710e+02 4.458752e+00 2.787939e+01
      vertex   1.028305e+02 4.673401e+00 2.796962e+01
      vertex   1.020249e+02 5.162830e+00 2.787939e+01
    endloop
  endfacet
  facet normal -2.046014e-01 -1.587051e-01 9.658939e-01
    outer loop
      vertex   1.020249e+02 5.162830e+00 2.787939e+01
      vertex   1.028305e+02 4.673401e+00 2.796962e+01
      vertex   1.022973e+02 5.360763e+00 2.796962e+01
    endloop
  endfacet
  facet normal -2.141628e-01 -1.455449e-01 9.658939e-01
    outer loop
      vertex   1.020249e+02 5.162830e+00 2.787939e+01
      vertex   1.022973e+02 5.360763e+00 2.796962e+01
      vertex   1.015240e+02 5.899811e+00 2.787939e+01
    endloop
  endfacet
  facet normal -2.141628e-01 -1.455449e-01 9.658939e-01
    outer loop
      vertex   1.015240e+02 5.899811e+00 2.787939e+01
      vertex   1.022973e+02 5.360763e+00 2.796962e+01
      vertex   1.018083e+02 6.080248e+00 2.796962e+01
    endloop
  endfacet
  facet normal -2.228790e-01 -1.318103e-01 9.658939e-01
    outer loop
      vertex   1.015240e+02 5.899811e+00 2.787939e+01
      vertex   1.018083e+02 6.080248e+00 2.796962e+01
      vertex   1.010704e+02 6.666786e+00 2.787939e+01
    endloop
  endfacet
  facet normal -2.228790e-01 -1.318103e-01 9.658939e-01
    outer loop
      vertex   1.010704e+02 6.666786e+00 2.787939e+01
      vertex   1.018083e+02 6.080248e+00 2.796962e+01
      vertex   1.013655e+02 6.829014e+00 2.796962e+01
    endloop
  endfacet
  facet normal -2.307157e-01 -1.175555e-01 9.658939e-01
    outer loop
      vertex   1.010704e+02 6.666786e+00 2.787939e+01
      vertex   1.013655e+02 6.829014e+00 2.796962e+01
      vertex   1.006659e+02 7.460729e+00 2.787939e+01
    endloop
  endfacet
  facet normal -2.307157e-01 -1.175555e-01 9.658939e-01
    outer loop
      vertex   1.006659e+02 7.460729e+00 2.787939e+01
      vertex   1.013655e+02 6.829014e+00 2.796962e+01
      vertex   1.009706e+02 7.604108e+00 2.796962e+01
    endloop
  endfacet
  facet normal -2.376418e-01 -1.028368e-01 9.658939e-01
    outer loop
      vertex   1.006659e+02 7.460729e+00 2.787939e+01
      vertex   1.009706e+02 7.604108e+00 2.796962e+01
      vertex   1.003120e+02 8.278507e+00 2.787939e+01
    endloop
  endfacet
  facet normal -2.376418e-01 -1.028368e-01 9.658939e-01
    outer loop
      vertex   1.003120e+02 8.278507e+00 2.787939e+01
      vertex   1.009706e+02 7.604108e+00 2.796962e+01
      vertex   1.006251e+02 8.402470e+00 2.796962e+01
    endloop
  endfacet
  facet normal -2.436300e-01 -8.771221e-02 9.658939e-01
    outer loop
      vertex   1.003120e+02 8.278507e+00 2.787939e+01
      vertex   1.006251e+02 8.402470e+00 2.796962e+01
      vertex   1.000102e+02 9.116891e+00 2.787939e+01
    endloop
  endfacet
  facet normal -2.436300e-01 -8.771221e-02 9.658939e-01
    outer loop
      vertex   1.000102e+02 9.116891e+00 2.787939e+01
      vertex   1.006251e+02 8.402470e+00 2.796962e+01
      vertex   1.003304e+02 9.220950e+00 2.796962e+01
    endloop
  endfacet
  facet normal -2.486568e-01 -7.224147e-02 9.658939e-01
    outer loop
      vertex   1.000102e+02 9.116891e+00 2.787939e+01
      vertex   1.003304e+02 9.220950e+00 2.796962e+01
      vertex   9.976158e+01 9.972573e+00 2.787939e+01
    endloop
  endfacet
  facet normal -2.486568e-01 -7.224147e-02 9.658939e-01
    outer loop
      vertex   9.976158e+01 9.972573e+00 2.787939e+01
      vertex   1.003304e+02 9.220950e+00 2.796962e+01
      vertex   1.000877e+02 1.005632e+01 2.796962e+01
    endloop
  endfacet
  facet normal -2.527022e-01 -5.648563e-02 9.658939e-01
    outer loop
      vertex   9.976158e+01 9.972573e+00 2.787939e+01
      vertex   1.000877e+02 1.005632e+01 2.796962e+01
      vertex   9.956720e+01 1.084218e+01 2.787939e+01
    endloop
  endfacet
  facet normal -2.527022e-01 -5.648563e-02 9.658939e-01
    outer loop
      vertex   9.956720e+01 1.084218e+01 2.787939e+01
      vertex   1.000877e+02 1.005632e+01 2.796962e+01
      vertex   9.989798e+01 1.090528e+01 2.796962e+01
    endloop
  endfacet
  facet normal -2.557503e-01 -4.050687e-02 9.658939e-01
    outer loop
      vertex   9.956720e+01 1.084218e+01 2.787939e+01
      vertex   9.989798e+01 1.090528e+01 2.796962e+01
      vertex   9.942781e+01 1.172227e+01 2.787939e+01
    endloop
  endfacet
  facet normal -2.557503e-01 -4.050687e-02 9.658939e-01
    outer loop
      vertex   9.942781e+01 1.172227e+01 2.787939e+01
      vertex   9.989798e+01 1.090528e+01 2.796962e+01
      vertex   9.976189e+01 1.176447e+01 2.796962e+01
    endloop
  endfacet
  facet normal -2.577891e-01 -2.436824e-02 9.658939e-01
    outer loop
      vertex   9.942781e+01 1.172227e+01 2.787939e+01
      vertex   9.976189e+01 1.176447e+01 2.796962e+01
      vertex   9.934395e+01 1.260938e+01 2.787939e+01
    endloop
  endfacet
  facet normal -2.577891e-01 -2.436824e-02 9.658939e-01
    outer loop
      vertex   9.934395e+01 1.260938e+01 2.787939e+01
      vertex   9.976189e+01 1.176447e+01 2.796962e+01
      vertex   9.968003e+01 1.263052e+01 2.796962e+01
    endloop
  endfacet
  facet normal -2.738969e-03 -8.715542e-02 9.961910e-01
    outer loop
      vertex   1.135000e+02 -3.472964e-01 2.796962e+01
      vertex   1.135000e+02 0.000000e+00 2.800000e+01
      vertex   1.126305e+02 -3.199719e-01 2.796962e+01
    endloop
  endfacet
  facet normal -2.843913e-03 -8.687256e-02 9.962154e-01
    outer loop
      vertex   1.126305e+02 -3.199719e-01 2.796962e+01
      vertex   1.135000e+02 0.000000e+00 2.800000e+01
      vertex   1.126171e+02 2.890454e-02 2.800000e+01
    endloop
  endfacet
  facet normal -8.231134e-03 -8.707630e-02 9.961676e-01
    outer loop
      vertex   1.126305e+02 -3.199719e-01 2.796962e+01
      vertex   1.126171e+02 2.890454e-02 2.800000e+01
      vertex   1.117645e+02 -2.381063e-01 2.796962e+01
    endloop
  endfacet
  facet normal -8.494293e-03 -8.624400e-02 9.962378e-01
    outer loop
      vertex   1.117645e+02 -2.381063e-01 2.796962e+01
      vertex   1.126171e+02 2.890454e-02 2.800000e+01
      vertex   1.117379e+02 1.154944e-01 2.800000e+01
    endloop
  endfacet
  facet normal -1.372068e-02 -8.662895e-02 9.961462e-01
    outer loop
      vertex   1.117645e+02 -2.381063e-01 2.796962e+01
      vertex   1.117379e+02 1.154944e-01 2.800000e+01
      vertex   1.109053e+02 -1.020227e-01 2.796962e+01
    endloop
  endfacet
  facet normal -1.407877e-02 -8.527386e-02 9.962581e-01
    outer loop
      vertex   1.109053e+02 -1.020227e-01 2.796962e+01
      vertex   1.117379e+02 1.154944e-01 2.800000e+01
      vertex   1.108663e+02 2.593987e-01 2.800000e+01
    endloop
  endfacet
  facet normal -1.918156e-02 -8.581336e-02 9.961266e-01
    outer loop
      vertex   1.109053e+02 -1.020227e-01 2.796962e+01
      vertex   1.108663e+02 2.593987e-01 2.800000e+01
      vertex   1.100563e+02 8.774192e-02 2.796962e+01
    endloop
  endfacet
  facet normal -1.957842e-02 -8.396725e-02 9.962762e-01
    outer loop
      vertex   1.100563e+02 8.774192e-02 2.796962e+01
      vertex   1.108663e+02 2.593987e-01 2.800000e+01
      vertex   1.100059e+02 4.600013e-01 2.800000e+01
    endloop
  endfacet
  facet normal -2.458771e-02 -8.463146e-02 9.961089e-01
    outer loop
      vertex   1.100563e+02 8.774192e-02 2.796962e+01
      vertex   1.100059e+02 4.600013e-01 2.800000e+01
      vertex   1.092210e+02 3.304386e-01 2.796962e+01
    endloop
  endfacet
  facet normal -2.497462e-02 -8.233027e-02 9.962921e-01
    outer loop
      vertex   1.092210e+02 3.304386e-01 2.796962e+01
      vertex   1.100059e+02 4.600013e-01 2.800000e+01
      vertex   1.091606e+02 7.164433e-01 2.800000e+01
    endloop
  endfacet
  facet normal -2.991322e-02 -8.308717e-02 9.960932e-01
    outer loop
      vertex   1.092210e+02 3.304386e-01 2.796962e+01
      vertex   1.091606e+02 7.164433e-01 2.800000e+01
      vertex   1.084025e+02 6.251095e-01 2.796962e+01
    endloop
  endfacet
  facet normal -3.024911e-02 -8.036996e-02 9.963060e-01
    outer loop
      vertex   1.084025e+02 6.251095e-01 2.796962e+01
      vertex   1.091606e+02 7.164433e-01 2.800000e+01
      vertex   1.083338e+02 1.027626e+00 2.800000e+01
    endloop
  endfacet
  facet normal -3.513245e-02 -8.118629e-02 9.960796e-01
    outer loop
      vertex   1.084025e+02 6.251095e-01 2.796962e+01
      vertex   1.083338e+02 1.027626e+00 2.800000e+01
      vertex   1.076041e+02 9.705917e-01 2.796962e+01
    endloop
  endfacet
  facet normal -3.538406e-02 -7.809428e-02 9.963178e-01
    outer loop
      vertex   1.076041e+02 9.705917e-01 2.796962e+01
      vertex   1.083338e+02 1.027626e+00 2.800000e+01
      vertex   1.075291e+02 1.392218e+00 2.800000e+01
    endloop
  endfacet
  facet normal -4.022021e-02 -7.893660e-02 9.960679e-01
    outer loop
      vertex   1.076041e+02 9.705917e-01 2.796962e+01
      vertex   1.075291e+02 1.392218e+00 2.800000e+01
      vertex   1.068290e+02 1.365522e+00 2.796962e+01
    endloop
  endfacet
  facet normal -4.036206e-02 -7.551211e-02 9.963277e-01
    outer loop
      vertex   1.068290e+02 1.365522e+00 2.796962e+01
      vertex   1.075291e+02 1.392218e+00 2.800000e+01
      vertex   1.067500e+02 1.808657e+00 2.800000e+01
    endloop
  endfacet
  facet normal -4.515191e-02 -7.634771e-02 9.960584e-01
    outer loop
      vertex   1.068290e+02 1.365522e+00 2.796962e+01
      vertex   1.067500e+02 1.808657e+00 2.800000e+01
      vertex   1.060802e+02 1.808341e+00 2.796962e+01
    endloop
  endfacet
  facet normal -4.516623e-02 -7.263321e-02 9.963355e-01
    outer loop
      vertex   1.060802e+02 1.808341e+00 2.796962e+01
      vertex   1.067500e+02 1.808657e+00 2.800000e+01
      vertex   1.059998e+02 2.275160e+00 2.800000e+01
    endloop
  endfacet
  facet normal -4.990372e-02 -7.343109e-02 9.960509e-01
    outer loop
      vertex   1.060802e+02 1.808341e+00 2.796962e+01
      vertex   1.059998e+02 2.275160e+00 2.800000e+01
      vertex   1.053608e+02 2.297302e+00 2.796962e+01
    endloop
  endfacet
  facet normal -4.978022e-02 -6.946821e-02 9.963414e-01
    outer loop
      vertex   1.053608e+02 2.297302e+00 2.796962e+01
      vertex   1.059998e+02 2.275160e+00 2.800000e+01
      vertex   1.052817e+02 2.789730e+00 2.800000e+01
    endloop
  endfacet
  facet normal -5.445268e-02 -7.019997e-02 9.960456e-01
    outer loop
      vertex   1.053608e+02 2.297302e+00 2.796962e+01
      vertex   1.052817e+02 2.789730e+00 2.800000e+01
      vertex   1.046734e+02 2.830475e+00 2.796962e+01
    endloop
  endfacet
  facet normal -5.418825e-02 -6.602857e-02 9.963453e-01
    outer loop
      vertex   1.046734e+02 2.830475e+00 2.796962e+01
      vertex   1.052817e+02 2.789730e+00 2.800000e+01
      vertex   1.045988e+02 3.350163e+00 2.800000e+01
    endloop
  endfacet
  facet normal -5.877688e-02 -6.666928e-02 9.960424e-01
    outer loop
      vertex   1.046734e+02 2.830475e+00 2.796962e+01
      vertex   1.045988e+02 3.350163e+00 2.800000e+01
      vertex   1.040209e+02 3.405755e+00 2.796962e+01
    endloop
  endfacet
  facet normal -5.837518e-02 -6.232655e-02 9.963472e-01
    outer loop
      vertex   1.040209e+02 3.405755e+00 2.796962e+01
      vertex   1.045988e+02 3.350163e+00 2.800000e+01
      vertex   1.039541e+02 3.954058e+00 2.800000e+01
    endloop
  endfacet
  facet normal -6.285557e-02 -6.285557e-02 9.960413e-01
    outer loop
      vertex   1.040209e+02 3.405755e+00 2.796962e+01
      vertex   1.039541e+02 3.954058e+00 2.800000e+01
      vertex   1.034058e+02 4.020873e+00 2.796962e+01
    endloop
  endfacet
  facet normal -6.232655e-02 -5.837518e-02 9.963472e-01
    outer loop
      vertex   1.034058e+02 4.020873e+00 2.796962e+01
      vertex   1.039541e+02 3.954058e+00 2.800000e+01
      vertex   1.033502e+02 4.598831e+00 2.800000e+01
    endloop
  endfacet
  facet normal -6.666928e-02 -5.877688e-02 9.960424e-01
    outer loop
      vertex   1.034058e+02 4.020873e+00 2.796962e+01
      vertex   1.033502e+02 4.598831e+00 2.800000e+01
      vertex   1.028305e+02 4.673401e+00 2.796962e+01
    endloop
  endfacet
  facet normal -6.602857e-02 -5.418825e-02 9.963453e-01
    outer loop
      vertex   1.028305e+02 4.673401e+00 2.796962e+01
      vertex   1.033502e+02 4.598831e+00 2.800000e+01
      vertex   1.027897e+02 5.281721e+00 2.800000e+01
    endloop
  endfacet
  facet normal -7.019997e-02 -5.445268e-02 9.960456e-01
    outer loop
      vertex   1.028305e+02 4.673401e+00 2.796962e+01
      vertex   1.027897e+02 5.281721e+00 2.800000e+01
      vertex   1.022973e+02 5.360763e+00 2.796962e+01
    endloop
  endfacet
  facet normal -6.946821e-02 -4.978022e-02 9.963414e-01
    outer loop
      vertex   1.022973e+02 5.360763e+00 2.796962e+01
      vertex   1.027897e+02 5.281721e+00 2.800000e+01
      vertex   1.022752e+02 5.999802e+00 2.800000e+01
    endloop
  endfacet
  facet normal -7.343109e-02 -4.990372e-02 9.960509e-01
    outer loop
      vertex   1.022973e+02 5.360763e+00 2.796962e+01
      vertex   1.022752e+02 5.999802e+00 2.800000e+01
      vertex   1.018083e+02 6.080248e+00 2.796962e+01
    endloop
  endfacet
  facet normal -7.263321e-02 -4.516623e-02 9.963355e-01
    outer loop
      vertex   1.018083e+02 6.080248e+00 2.796962e+01
      vertex   1.022752e+02 5.999802e+00 2.800000e+01
      vertex   1.018087e+02 6.750000e+00 2.800000e+01
    endloop
  endfacet
  facet normal -7.634771e-02 -4.515191e-02 9.960584e-01
    outer loop
      vertex   1.018083e+02 6.080248e+00 2.796962e+01
      vertex   1.018087e+02 6.750000e+00 2.800000e+01
      vertex   1.013655e+02 6.829014e+00 2.796962e+01
    endloop
  endfacet
  facet normal -7.551211e-02 -4.036206e-02 9.963277e-01
    outer loop
      vertex   1.013655e+02 6.829014e+00 2.796962e+01
      vertex   1.018087e+02 6.750000e+00 2.800000e+01
      vertex   1.013922e+02 7.529103e+00 2.800000e+01
    endloop
  endfacet
  facet normal -7.893660e-02 -4.022021e-02 9.960679e-01
    outer loop
      vertex   1.013655e+02 6.829014e+00 2.796962e+01
      vertex   1.013922e+02 7.529103e+00 2.800000e+01
      vertex   1.009706e+02 7.604108e+00 2.796962e+01
    endloop
  endfacet
  facet normal -7.809428e-02 -3.538406e-02 9.963178e-01
    outer loop
      vertex   1.009706e+02 7.604108e+00 2.796962e+01
      vertex   1.013922e+02 7.529103e+00 2.800000e+01
      vertex   1.010276e+02 8.333774e+00 2.800000e+01
    endloop
  endfacet
  facet normal -8.118629e-02 -3.513245e-02 9.960796e-01
    outer loop
      vertex   1.009706e+02 7.604108e+00 2.796962e+01
      vertex   1.010276e+02 8.333774e+00 2.800000e+01
      vertex   1.006251e+02 8.402470e+00 2.796962e+01
    endloop
  endfacet
  facet normal -8.036996e-02 -3.024911e-02 9.963060e-01
    outer loop
      vertex   1.006251e+02 8.402470e+00 2.796962e+01
      vertex   1.010276e+02 8.333774e+00 2.800000e+01
      vertex   1.007164e+02 9.160567e+00 2.800000e+01
    endloop
  endfacet
  facet normal -8.308717e-02 -2.991322e-02 9.960932e-01
    outer loop
      vertex   1.006251e+02 8.402470e+00 2.796962e+01
      vertex   1.007164e+02 9.160567e+00 2.800000e+01
      vertex   1.003304e+02 9.220950e+00 2.796962e+01
    endloop
  endfacet
  facet normal -8.233027e-02 -2.497462e-02 9.962921e-01
    outer loop
      vertex   1.003304e+02 9.220950e+00 2.796962e+01
      vertex   1.007164e+02 9.160567e+00 2.800000e+01
      vertex   1.004600e+02 1.000594e+01 2.800000e+01
    endloop
  endfacet
  facet normal -8.463146e-02 -2.458771e-02 9.961089e-01
    outer loop
      vertex   1.003304e+02 9.220950e+00 2.796962e+01
      vertex   1.004600e+02 1.000594e+01 2.800000e+01
      vertex   1.000877e+02 1.005632e+01 2.796962e+01
    endloop
  endfacet
  facet normal -8.396725e-02 -1.957842e-02 9.962762e-01
    outer loop
      vertex   1.000877e+02 1.005632e+01 2.796962e+01
      vertex   1.004600e+02 1.000594e+01 2.800000e+01
      vertex   1.002594e+02 1.086628e+01 2.800000e+01
    endloop
  endfacet
  facet normal -8.581336e-02 -1.918156e-02 9.961266e-01
    outer loop
      vertex   1.000877e+02 1.005632e+01 2.796962e+01
      vertex   1.002594e+02 1.086628e+01 2.800000e+01
      vertex   9.989798e+01 1.090528e+01 2.796962e+01
    endloop
  endfacet
  facet normal -8.527386e-02 -1.407877e-02 9.962581e-01
    outer loop
      vertex   9.989798e+01 1.090528e+01 2.796962e+01
      vertex   1.002594e+02 1.086628e+01 2.800000e+01
      vertex   1.001155e+02 1.173790e+01 2.800000e+01
    endloop
  endfacet
  facet normal -8.662895e-02 -1.372068e-02 9.961462e-01
    outer loop
      vertex   9.989798e+01 1.090528e+01 2.796962e+01
      vertex   1.001155e+02 1.173790e+01 2.800000e+01
      vertex   9.976189e+01 1.176447e+01 2.796962e+01
    endloop
  endfacet
  facet normal -8.624400e-02 -8.494293e-03 9.962378e-01
    outer loop
      vertex   9.976189e+01 1.176447e+01 2.796962e+01
      vertex   1.001155e+02 1.173790e+01 2.800000e+01
      vertex   1.000289e+02 1.261706e+01 2.800000e+01
    endloop
  endfacet
  facet normal -8.707630e-02 -8.231134e-03 9.961676e-01
    outer loop
      vertex   9.976189e+01 1.176447e+01 2.796962e+01
      vertex   1.000289e+02 1.261706e+01 2.800000e+01
      vertex   9.968003e+01 1.263052e+01 2.796962e+01
    endloop
  endfacet
  facet normal 0.000000e+00 -9.961947e-01 8.715574e-02
    outer loop
      vertex   1.135000e+02 -2.000000e+00 2.600000e+01
      vertex   1.280000e+02 -2.000000e+00 2.600000e+01
      vertex   1.207500e+02 -1.969616e+00 2.634730e+01
    endloop
  endfacet
  facet normal -6.102059e-17 -9.961947e-01 8.715574e-02
    outer loop
      vertex   1.207500e+02 -1.969616e+00 2.634730e+01
      vertex   1.280000e+02 -2.000000e+00 2.600000e+01
      vertex   1.280000e+02 -1.969616e+00 2.634730e+01
    endloop
  endfacet
  facet normal -5.916651e-17 -9.659258e-01 2.588190e-01
    outer loop
      vertex   1.207500e+02 -1.969616e+00 2.634730e+01
      vertex   1.280000e+02 -1.969616e+00 2.634730e+01
      vertex   1.207500e+02 -1.879385e+00 2.668404e+01
    endloop
  endfacet
  facet normal -1.183330e-16 -9.659258e-01 2.588190e-01
    outer loop
      vertex   1.207500e+02 -1.879385e+00 2.668404e+01
      vertex   1.280000e+02 -1.969616e+00 2.634730e+01
      vertex   1.280000e+02 -1.879385e+00 2.668404e+01
    endloop
  endfacet
  facet normal -1.110294e-16 -9.063078e-01 4.226183e-01
    outer loop
      vertex   1.207500e+02 -1.879385e+00 2.668404e+01
      vertex   1.280000e+02 -1.879385e+00 2.668404e+01
      vertex   1.207500e+02 -1.732051e+00 2.700000e+01
    endloop
  endfacet
  facet normal -8.327203e-17 -9.063078e-01 4.226183e-01
    outer loop
      vertex   1.207500e+02 -1.732051e+00 2.700000e+01
      vertex   1.280000e+02 -1.879385e+00 2.668404e+01
      vertex   1.280000e+02 -1.732051e+00 2.700000e+01
    endloop
  endfacet
  facet normal -7.526411e-17 -8.191520e-01 5.735764e-01
    outer loop
      vertex   1.207500e+02 -1.732051e+00 2.700000e+01
      vertex   1.280000e+02 -1.732051e+00 2.700000e+01
      vertex   1.207500e+02 -1.532089e+00 2.728558e+01
    endloop
  endfacet
  facet normal 2.508804e-17 -8.191520e-01 5.735764e-01
    outer loop
      vertex   1.207500e+02 -1.532089e+00 2.728558e+01
      vertex   1.280000e+02 -1.732051e+00 2.700000e+01
      vertex   1.280000e+02 -1.532089e+00 2.728558e+01
    endloop
  endfacet
  facet normal 2.165644e-17 -7.071068e-01 7.071068e-01
    outer loop
      vertex   1.207500e+02 -1.532089e+00 2.728558e+01
      vertex   1.280000e+02 -1.532089e+00 2.728558e+01
      vertex   1.207500e+02 -1.285575e+00 2.753209e+01
    endloop
  endfacet
  facet normal -2.165644e-17 -7.071068e-01 7.071068e-01
    outer loop
      vertex   1.207500e+02 -1.285575e+00 2.753209e+01
      vertex   1.280000e+02 -1.532089e+00 2.728558e+01
      vertex   1.280000e+02 -1.285575e+00 2.753209e+01
    endloop
  endfacet
  facet normal -1.756683e-17 -5.735764e-01 8.191520e-01
    outer loop
      vertex   1.207500e+02 -1.285575e+00 2.753209e+01
      vertex   1.280000e+02 -1.285575e+00 2.753209e+01
      vertex   1.207500e+02 -1.000000e+00 2.773205e+01
    endloop
  endfacet
  facet normal 3.513367e-17 -5.735764e-01 8.191520e-01
    outer loop
      vertex   1.207500e+02 -1.000000e+00 2.773205e+01
      vertex   1.280000e+02 -1.285575e+00 2.753209e+01
      vertex   1.280000e+02 -1.000000e+00 2.773205e+01
    endloop
  endfacet
  facet normal 2.588692e-17 -4.226183e-01 9.063078e-01
    outer loop
      vertex   1.207500e+02 -1.000000e+00 2.773205e+01
      vertex   1.280000e+02 -1.000000e+00 2.773205e+01
      vertex   1.207500e+02 -6.840403e-01 2.787939e+01
    endloop
  endfacet
  facet normal -2.588692e-17 -4.226183e-01 9.063078e-01
    outer loop
      vertex   1.207500e+02 -6.840403e-01 2.787939e+01
      vertex   1.280000e+02 -1.000000e+00 2.773205e+01
      vertex   1.280000e+02 -6.840403e-01 2.787939e+01
    endloop
  endfacet
  facet normal -1.585362e-17 -2.588190e-01 9.659258e-01
    outer loop
      vertex   1.207500e+02 -6.840403e-01 2.787939e+01
      vertex   1.280000e+02 -6.840403e-01 2.787939e+01
      vertex   1.207500e+02 -3.472964e-01 2.796962e+01
    endloop
  endfacet
  facet normal -3.963404e-18 -2.588190e-01 9.659258e-01
    outer loop
      vertex   1.207500e+02 -3.472964e-01 2.796962e+01
      vertex   1.280000e+02 -6.840403e-01 2.787939e+01
      vertex   1.280000e+02 -3.472964e-01 2.796962e+01
    endloop
  endfacet
  facet normal -1.334652e-18 -8.715574e-02 9.961947e-01
    outer loop
      vertex   1.207500e+02 -3.472964e-01 2.796962e+01
      vertex   1.280000e+02 -3.472964e-01 2.796962e+01
      vertex   1.280000e+02 0.000000e+00 2.800000e+01
    endloop
  endfacet
  facet normal 0.000000e+00 -8.715574e-02 9.961947e-01
    outer loop
      vertex   1.280000e+02 0.000000e+00 2.800000e+01
      vertex   1.135000e+02 0.000000e+00 2.800000e+01
      vertex   1.207500e+02 -3.472964e-01 2.796962e+01
    endloop
  endfacet
  facet normal 1.334652e-18 -8.715574e-02 9.961947e-01
    outer loop
      vertex   1.207500e+02 -3.472964e-01 2.796962e+01
      vertex   1.135000e+02 0.000000e+00 2.800000e+01
      vertex   1.135000e+02 -3.472964e-01 2.796962e+01
    endloop
  endfacet
  facet normal 3.963404e-18 -2.588190e-01 9.659258e-01
    outer loop
      vertex   1.207500e+02 -3.472964e-01 2.796962e+01
      vertex   1.135000e+02 -3.472964e-01 2.796962e+01
      vertex   1.207500e+02 -6.840403e-01 2.787939e+01
    endloop
  endfacet
  facet normal 9.664811e-16 -2.588190e-01 9.659258e-01
    outer loop
      vertex   1.207500e+02 -6.840403e-01 2.787939e+01
      vertex   1.135000e+02 -3.472964e-01 2.796962e+01
      vertex   1.135000e+02 -6.840403e-01 2.787939e+01
    endloop
  endfacet
  facet normal 9.205936e-16 -4.226183e-01 9.063078e-01
    outer loop
      vertex   1.207500e+02 -6.840403e-01 2.787939e+01
      vertex   1.135000e+02 -6.840403e-01 2.787939e+01
      vertex   1.207500e+02 -1.000000e+00 2.773205e+01
    endloop
  endfacet
  facet normal -2.588692e-17 -4.226183e-01 9.063078e-01
    outer loop
      vertex   1.207500e+02 -1.000000e+00 2.773205e+01
      vertex   1.135000e+02 -6.840403e-01 2.787939e+01
      vertex   1.135000e+02 -1.000000e+00 2.773205e+01
    endloop
  endfacet
  facet normal -3.513367e-17 -5.735764e-01 8.191520e-01
    outer loop
      vertex   1.207500e+02 -1.000000e+00 2.773205e+01
      vertex   1.135000e+02 -1.000000e+00 2.773205e+01
      vertex   1.207500e+02 -1.285575e+00 2.753209e+01
    endloop
  endfacet
  facet normal 7.026733e-17 -5.735764e-01 8.191520e-01
    outer loop
      vertex   1.207500e+02 -1.285575e+00 2.753209e+01
      vertex   1.135000e+02 -1.000000e+00 2.773205e+01
      vertex   1.135000e+02 -1.285575e+00 2.753209e+01
    endloop
  endfacet
  facet normal 8.662578e-17 -7.071068e-01 7.071068e-01
    outer loop
      vertex   1.207500e+02 -1.285575e+00 2.753209e+01
      vertex   1.135000e+02 -1.285575e+00 2.753209e+01
      vertex   1.207500e+02 -1.532089e+00 2.728558e+01
    endloop
  endfacet
  facet normal 8.662578e-17 -7.071068e-01 7.071068e-01
    outer loop
      vertex   1.207500e+02 -1.532089e+00 2.728558e+01
      vertex   1.135000e+02 -1.285575e+00 2.753209e+01
      vertex   1.135000e+02 -1.532089e+00 2.728558e+01
    endloop
  endfacet
  facet normal 1.003521e-16 -8.191520e-01 5.735764e-01
    outer loop
      vertex   1.207500e+02 -1.532089e+00 2.728558e+01
      vertex   1.135000e+02 -1.532089e+00 2.728558e+01
      vertex   1.207500e+02 -1.732051e+00 2.700000e+01
    endloop
  endfacet
  facet normal 1.756163e-16 -8.191520e-01 5.735764e-01
    outer loop
      vertex   1.207500e+02 -1.732051e+00 2.700000e+01
      vertex   1.135000e+02 -1.532089e+00 2.728558e+01
      vertex   1.135000e+02 -1.732051e+00 2.700000e+01
    endloop
  endfacet
  facet normal 1.943014e-16 -9.063078e-01 4.226183e-01
    outer loop
      vertex   1.207500e+02 -1.732051e+00 2.700000e+01
      vertex   1.135000e+02 -1.732051e+00 2.700000e+01
      vertex   1.207500e+02 -1.879385e+00 2.668404e+01
    endloop
  endfacet
  facet normal 2.220587e-16 -9.063078e-01 4.226183e-01
    outer loop
      vertex   1.207500e+02 -1.879385e+00 2.668404e+01
      vertex   1.135000e+02 -1.732051e+00 2.700000e+01
      vertex   1.135000e+02 -1.879385e+00 2.668404e+01
    endloop
  endfacet
  facet normal 2.366660e-16 -9.659258e-01 2.588190e-01
    outer loop
      vertex   1.207500e+02 -1.879385e+00 2.668404e+01
      vertex   1.135000e+02 -1.879385e+00 2.668404e+01
      vertex   1.207500e+02 -1.969616e+00 2.634730e+01
    endloop
  endfacet
  facet normal 2.070828e-16 -9.659258e-01 2.588190e-01
    outer loop
      vertex   1.207500e+02 -1.969616e+00 2.634730e+01
      vertex   1.135000e+02 -1.879385e+00 2.668404e+01
      vertex   1.135000e+02 -1.969616e+00 2.634730e+01
    endloop
  endfacet
  facet normal 2.135721e-16 -9.961947e-01 8.715574e-02
    outer loop
      vertex   1.207500e+02 -1.969616e+00 2.634730e+01
      vertex   1.135000e+02 -1.969616e+00 2.634730e+01
      vertex   1.135000e+02 -2.000000e+00 2.600000e+01
    endloop
  endfacet
  facet normal 9.443894e-01 -3.288281e-01 -8.499233e-04
    outer loop
      vertex   1.298283e+02 -8.108519e-01 1.050000e+01
      vertex   1.299365e+02 -5.000000e-01 1.050000e+01
      vertex   1.298794e+02 -6.840403e-01 1.825000e+01
    endloop
  endfacet
  facet normal 9.550781e-01 -2.963542e-01 5.756365e-14
    outer loop
      vertex   1.298794e+02 -6.840403e-01 1.825000e+01
      vertex   1.299365e+02 -5.000000e-01 1.050000e+01
      vertex   1.299365e+02 -5.000000e-01 1.750000e+01
    endloop
  endfacet
  facet normal 9.544227e-01 -2.984578e-01 -5.661192e-04
    outer loop
      vertex   1.298794e+02 -6.840403e-01 1.825000e+01
      vertex   1.299365e+02 -5.000000e-01 1.750000e+01
      vertex   1.299392e+02 -4.921078e-01 1.784647e+01
    endloop
  endfacet
  facet normal 9.551876e-01 -2.960002e-01 7.161164e-04
    outer loop
      vertex   1.299392e+02 -4.921078e-01 1.784647e+01
      vertex   1.299462e+02 -4.684763e-01 1.819676e+01
      vertex   1.298794e+02 -6.840403e-01 1.825000e+01
    endloop
  endfacet
  facet normal 9.551378e-01 -2.961616e-01 3.613102e-15
    outer loop
      vertex   1.298794e+02 -6.840403e-01 1.825000e+01
      vertex   1.299462e+02 -4.684763e-01 1.819676e+01
      vertex   1.298794e+02 -6.840403e-01 2.600000e+01
    endloop
  endfacet
  facet normal 9.063078e-01 -4.226183e-01 3.481127e-15
    outer loop
      vertex   1.298794e+02 -6.840403e-01 1.825000e+01
      vertex   1.298794e+02 -6.840403e-01 2.600000e+01
      vertex   1.297321e+02 -1.000000e+00 1.825000e+01
    endloop
  endfacet
  facet normal 9.063078e-01 -4.226183e-01 2.361138e-16
    outer loop
      vertex   1.297321e+02 -1.000000e+00 1.825000e+01
      vertex   1.298794e+02 -6.840403e-01 2.600000e+01
      vertex   1.297321e+02 -1.000000e+00 2.600000e+01
    endloop
  endfacet
  facet normal 8.191520e-01 -5.735764e-01 3.204531e-16
    outer loop
      vertex   1.297321e+02 -1.000000e+00 1.825000e+01
      vertex   1.297321e+02 -1.000000e+00 2.600000e+01
      vertex   1.295321e+02 -1.285575e+00 1.825000e+01
    endloop
  endfacet
  facet normal 8.191520e-01 -5.735764e-01 3.497095e-15
    outer loop
      vertex   1.295321e+02 -1.285575e+00 1.825000e+01
      vertex   1.297321e+02 -1.000000e+00 2.600000e+01
      vertex   1.295321e+02 -1.285575e+00 2.600000e+01
    endloop
  endfacet
  facet normal 7.071068e-01 -7.071068e-01 3.200963e-15
    outer loop
      vertex   1.295321e+02 -1.285575e+00 1.825000e+01
      vertex   1.295321e+02 -1.285575e+00 2.600000e+01
      vertex   1.292856e+02 -1.532089e+00 1.825000e+01
    endloop
  endfacet
  facet normal 7.071068e-01 -7.071068e-01 3.322518e-15
    outer loop
      vertex   1.292856e+02 -1.532089e+00 1.825000e+01
      vertex   1.295321e+02 -1.285575e+00 2.600000e+01
      vertex   1.292856e+02 -1.532089e+00 2.600000e+01
    endloop
  endfacet
  facet normal 5.735764e-01 -8.191520e-01 2.948387e-15
    outer loop
      vertex   1.292856e+02 -1.532089e+00 1.825000e+01
      vertex   1.292856e+02 -1.532089e+00 2.600000e+01
      vertex   1.290000e+02 -1.732051e+00 1.825000e+01
    endloop
  endfacet
  facet normal 5.735764e-01 -8.191520e-01 6.336753e-16
    outer loop
      vertex   1.290000e+02 -1.732051e+00 1.825000e+01
      vertex   1.292856e+02 -1.532089e+00 2.600000e+01
      vertex   1.290000e+02 -1.732051e+00 2.600000e+01
    endloop
  endfacet
  facet normal 4.226183e-01 -9.063078e-01 7.010968e-16
    outer loop
      vertex   1.290000e+02 -1.732051e+00 1.825000e+01
      vertex   1.290000e+02 -1.732051e+00 2.600000e+01
      vertex   1.286840e+02 -1.879385e+00 1.825000e+01
    endloop
  endfacet
  facet normal 4.226183e-01 -9.063078e-01 7.789965e-16
    outer loop
      vertex   1.286840e+02 -1.879385e+00 1.825000e+01
      vertex   1.290000e+02 -1.732051e+00 2.600000e+01
      vertex   1.286840e+02 -1.879385e+00 2.600000e+01
    endloop
  endfacet
  facet normal 2.588190e-01 -9.659258e-01 8.302398e-16
    outer loop
      vertex   1.286840e+02 -1.879385e+00 1.825000e+01
      vertex   1.286840e+02 -1.879385e+00 2.600000e+01
      vertex   1.283473e+02 -1.969616e+00 1.825000e+01
    endloop
  endfacet
  facet normal 2.588190e-01 -9.659258e-01 8.302398e-16
    outer loop
      vertex   1.283473e+02 -1.969616e+00 1.825000e+01
      vertex   1.286840e+02 -1.879385e+00 2.600000e+01
      vertex   1.283473e+02 -1.969616e+00 2.600000e+01
    endloop
  endfacet
  facet normal 8.715574e-02 -9.961947e-01 8.562567e-16
    outer loop
      vertex   1.283473e+02 -1.969616e+00 1.825000e+01
      vertex   1.283473e+02 -1.969616e+00 2.600000e+01
      vertex   1.280000e+02 -2.000000e+00 2.600000e+01
    endloop
  endfacet
  facet normal 9.659252e-01 -2.588189e-01 1.123994e-03
    outer loop
      vertex   1.298794e+02 -6.840403e-01 2.600000e+01
      vertex   1.299462e+02 -4.684763e-01 1.819676e+01
      vertex   1.299696e+02 -3.472964e-01 2.600000e+01
    endloop
  endfacet
  facet normal 9.667324e-01 -2.557876e-01 1.074500e-03
    outer loop
      vertex   1.299696e+02 -3.472964e-01 2.600000e+01
      vertex   1.299462e+02 -4.684763e-01 1.819676e+01
      vertex   1.299562e+02 -4.291732e-01 1.854918e+01
    endloop
  endfacet
  facet normal 9.780143e-01 -2.085373e-01 5.350047e-04
    outer loop
      vertex   1.299696e+02 -3.472964e-01 2.600000e+01
      vertex   1.299562e+02 -4.291732e-01 1.854918e+01
      vertex   1.299677e+02 -3.742662e-01 1.890204e+01
    endloop
  endfacet
  facet normal 9.864604e-01 -1.639990e-01 3.635514e-04
    outer loop
      vertex   1.299677e+02 -3.742662e-01 1.890204e+01
      vertex   1.299793e+02 -3.038231e-01 1.925363e+01
      vertex   1.299696e+02 -3.472964e-01 2.600000e+01
    endloop
  endfacet
  facet normal 9.927002e-01 -1.206067e-01 6.521535e-04
    outer loop
      vertex   1.299696e+02 -3.472964e-01 2.600000e+01
      vertex   1.299793e+02 -3.038231e-01 1.925363e+01
      vertex   1.299895e+02 -2.179115e-01 1.960226e+01
    endloop
  endfacet
  facet normal 9.961938e-01 -8.715566e-02 1.339530e-03
    outer loop
      vertex   1.299696e+02 -3.472964e-01 2.600000e+01
      vertex   1.299895e+02 -2.179115e-01 1.960226e+01
      vertex   1.300000e+02 0.000000e+00 2.600000e+01
    endloop
  endfacet
  facet normal 9.971038e-01 -7.604659e-02 9.596590e-04
    outer loop
      vertex   1.300000e+02 0.000000e+00 2.600000e+01
      vertex   1.299895e+02 -2.179115e-01 1.960226e+01
      vertex   1.299969e+02 -1.165991e-01 1.994624e+01
    endloop
  endfacet
  facet normal 9.996554e-01 -2.625086e-02 -7.296712e-07
    outer loop
      vertex   1.300000e+02 0.000000e+00 2.600000e+01
      vertex   1.299969e+02 -1.165991e-01 1.994624e+01
      vertex   1.300000e+02 -1.110223e-15 2.028388e+01
    endloop
  endfacet
  facet normal 8.715574e-02 -9.961947e-01 0.000000e+00
    outer loop
      vertex   1.280000e+02 -2.000000e+00 2.600000e+01
      vertex   1.280000e+02 -2.000000e+00 1.050000e+01
      vertex   1.283473e+02 -1.969616e+00 1.825000e+01
    endloop
  endfacet
  facet normal 8.228910e-02 -9.966085e-01 2.197084e-04
    outer loop
      vertex   1.283473e+02 -1.969616e+00 1.825000e+01
      vertex   1.280000e+02 -2.000000e+00 1.050000e+01
      vertex   1.283280e+02 -1.972914e+00 1.050000e+01
    endloop
  endfacet
  facet normal 2.446384e-01 -9.696144e-01 -1.951671e-04
    outer loop
      vertex   1.283473e+02 -1.969616e+00 1.825000e+01
      vertex   1.283280e+02 -1.972914e+00 1.050000e+01
      vertex   1.286472e+02 -1.892390e+00 1.050000e+01
    endloop
  endfacet
  facet normal 2.588190e-01 -9.659258e-01 3.903296e-04
    outer loop
      vertex   1.283473e+02 -1.969616e+00 1.825000e+01
      vertex   1.286472e+02 -1.892390e+00 1.050000e+01
      vertex   1.286840e+02 -1.879385e+00 1.825000e+01
    endloop
  endfacet
  facet normal 4.003614e-01 -9.163572e-01 -3.657743e-04
    outer loop
      vertex   1.286840e+02 -1.879385e+00 1.825000e+01
      vertex   1.286472e+02 -1.892390e+00 1.050000e+01
      vertex   1.289488e+02 -1.760608e+00 1.050000e+01
    endloop
  endfacet
  facet normal 4.226182e-01 -9.063077e-01 5.486505e-04
    outer loop
      vertex   1.286840e+02 -1.879385e+00 1.825000e+01
      vertex   1.289488e+02 -1.760608e+00 1.050000e+01
      vertex   1.290000e+02 -1.732051e+00 1.825000e+01
    endloop
  endfacet
  facet normal 5.452403e-01 -8.382797e-01 -5.118052e-04
    outer loop
      vertex   1.290000e+02 -1.732051e+00 1.825000e+01
      vertex   1.289488e+02 -1.760608e+00 1.050000e+01
      vertex   1.292247e+02 -1.581139e+00 1.050000e+01
    endloop
  endfacet
  facet normal 5.735763e-01 -8.191519e-01 6.823879e-04
    outer loop
      vertex   1.290000e+02 -1.732051e+00 1.825000e+01
      vertex   1.292247e+02 -1.581139e+00 1.050000e+01
      vertex   1.292856e+02 -1.532089e+00 1.825000e+01
    endloop
  endfacet
  facet normal 6.753507e-01 -7.374965e-01 -6.332460e-04
    outer loop
      vertex   1.292856e+02 -1.532089e+00 1.825000e+01
      vertex   1.292247e+02 -1.581139e+00 1.050000e+01
      vertex   1.294675e+02 -1.358843e+00 1.050000e+01
    endloop
  endfacet
  facet normal 7.071066e-01 -7.071066e-01 7.915291e-04
    outer loop
      vertex   1.292856e+02 -1.532089e+00 1.825000e+01
      vertex   1.294675e+02 -1.358843e+00 1.050000e+01
      vertex   1.295321e+02 -1.285575e+00 1.825000e+01
    endloop
  endfacet
  facet normal 7.871686e-01 -6.167375e-01 -7.300850e-04
    outer loop
      vertex   1.295321e+02 -1.285575e+00 1.825000e+01
      vertex   1.294675e+02 -1.358843e+00 1.050000e+01
      vertex   1.296705e+02 -1.099741e+00 1.050000e+01
    endloop
  endfacet
  facet normal 8.191517e-01 -5.735762e-01 8.760636e-04
    outer loop
      vertex   1.295321e+02 -1.285575e+00 1.825000e+01
      vertex   1.296705e+02 -1.099741e+00 1.050000e+01
      vertex   1.297321e+02 -1.000000e+00 1.825000e+01
    endloop
  endfacet
  facet normal 8.776652e-01 -4.792736e-01 -8.023131e-04
    outer loop
      vertex   1.297321e+02 -1.000000e+00 1.825000e+01
      vertex   1.296705e+02 -1.099741e+00 1.050000e+01
      vertex   1.298283e+02 -8.108519e-01 1.050000e+01
    endloop
  endfacet
  facet normal 9.063074e-01 -4.226181e-01 9.359835e-04
    outer loop
      vertex   1.297321e+02 -1.000000e+00 1.825000e+01
      vertex   1.298283e+02 -8.108519e-01 1.050000e+01
      vertex   1.298794e+02 -6.840403e-01 1.825000e+01
    endloop
  endfacet
  facet normal -5.256397e-01 8.507063e-01 1.334947e-03
    outer loop
      vertex   1.144367e+02 7.633925e+00 2.549318e+01
      vertex   1.147347e+02 7.814168e+00 2.800000e+01
      vertex   1.148145e+02 7.867352e+00 2.550000e+01
    endloop
  endfacet
  facet normal -5.922344e-01 8.057639e-01 -1.744835e-03
    outer loop
      vertex   1.148145e+02 7.867352e+00 2.550000e+01
      vertex   1.147347e+02 7.814168e+00 2.800000e+01
      vertex   1.151786e+02 8.140417e+00 2.800000e+01
    endloop
  endfacet
  facet normal -6.074354e-01 7.943672e-01 1.714179e-03
    outer loop
      vertex   1.148145e+02 7.867352e+00 2.550000e+01
      vertex   1.151786e+02 8.140417e+00 2.800000e+01
      vertex   1.152507e+02 8.200953e+00 2.550000e+01
    endloop
  endfacet
  facet normal -6.772806e-01 7.357228e-01 -1.720514e-03
    outer loop
      vertex   1.152507e+02 8.200953e+00 2.550000e+01
      vertex   1.151786e+02 8.140417e+00 2.800000e+01
      vertex   1.155839e+02 8.513516e+00 2.800000e+01
    endloop
  endfacet
  facet normal -6.908922e-01 7.229558e-01 1.689744e-03
    outer loop
      vertex   1.152507e+02 8.200953e+00 2.550000e+01
      vertex   1.155839e+02 8.513516e+00 2.800000e+01
      vertex   1.156478e+02 8.580389e+00 2.550000e+01
    endloop
  endfacet
  facet normal -7.541055e-01 6.567511e-01 -1.695966e-03
    outer loop
      vertex   1.156478e+02 8.580389e+00 2.550000e+01
      vertex   1.155839e+02 8.513516e+00 2.800000e+01
      vertex   1.159457e+02 8.928937e+00 2.800000e+01
    endloop
  endfacet
  facet normal -7.660136e-01 6.428222e-01 1.665083e-03
    outer loop
      vertex   1.156478e+02 8.580389e+00 2.550000e+01
      vertex   1.159457e+02 8.928937e+00 2.800000e+01
      vertex   1.160008e+02 9.001082e+00 2.550000e+01
    endloop
  endfacet
  facet normal -8.217767e-01 5.698073e-01 -1.671191e-03
    outer loop
      vertex   1.160008e+02 9.001082e+00 2.550000e+01
      vertex   1.159457e+02 8.928937e+00 2.800000e+01
      vertex   1.162596e+02 9.381636e+00 2.800000e+01
    endloop
  endfacet
  facet normal -8.318933e-01 5.549331e-01 1.640195e-03
    outer loop
      vertex   1.160008e+02 9.001082e+00 2.550000e+01
      vertex   1.162596e+02 9.381636e+00 2.800000e+01
      vertex   1.163056e+02 9.457955e+00 2.550000e+01
    endloop
  endfacet
  facet normal -8.794726e-01 4.759467e-01 -1.646190e-03
    outer loop
      vertex   1.163056e+02 9.457955e+00 2.550000e+01
      vertex   1.162596e+02 9.381636e+00 2.800000e+01
      vertex   1.165218e+02 9.866118e+00 2.800000e+01
    endloop
  endfacet
  facet normal -8.877366e-01 4.603490e-01 1.615080e-03
    outer loop
      vertex   1.163056e+02 9.457955e+00 2.550000e+01
      vertex   1.165218e+02 9.866118e+00 2.800000e+01
      vertex   1.165584e+02 9.945497e+00 2.550000e+01
    endloop
  endfacet
  facet normal -9.264929e-01 3.763089e-01 -1.620962e-03
    outer loop
      vertex   1.165584e+02 9.945497e+00 2.550000e+01
      vertex   1.165218e+02 9.866118e+00 2.800000e+01
      vertex   1.167291e+02 1.037650e+01 2.800000e+01
    endloop
  endfacet
  facet normal -9.328696e-01 3.602108e-01 1.589739e-03
    outer loop
      vertex   1.165584e+02 9.945497e+00 2.550000e+01
      vertex   1.167291e+02 1.037650e+01 2.800000e+01
      vertex   1.167562e+02 1.045783e+01 2.550000e+01
    endloop
  endfacet
  facet normal -9.622668e-01 2.721031e-01 -1.595507e-03
    outer loop
      vertex   1.167562e+02 1.045783e+01 2.550000e+01
      vertex   1.167291e+02 1.037650e+01 2.800000e+01
      vertex   1.168790e+02 1.090659e+01 2.800000e+01
    endloop
  endfacet
  facet normal -9.667478e-01 2.557269e-01 1.564171e-03
    outer loop
      vertex   1.167562e+02 1.045783e+01 2.550000e+01
      vertex   1.168790e+02 1.090659e+01 2.800000e+01
      vertex   1.168967e+02 1.098876e+01 2.550000e+01
    endloop
  endfacet
  facet normal -9.863601e-01 1.645944e-01 -1.569826e-03
    outer loop
      vertex   1.168967e+02 1.098876e+01 2.550000e+01
      vertex   1.168790e+02 1.090659e+01 2.800000e+01
      vertex   1.169697e+02 1.144996e+01 2.800000e+01
    endloop
  endfacet
  facet normal -9.889626e-01 1.481577e-01 1.538376e-03
    outer loop
      vertex   1.168967e+02 1.098876e+01 2.550000e+01
      vertex   1.169697e+02 1.144996e+01 2.800000e+01
      vertex   1.169780e+02 1.153190e+01 2.550000e+01
    endloop
  endfacet
  facet normal -9.984803e-01 5.508769e-02 -1.543918e-03
    outer loop
      vertex   1.169780e+02 1.153190e+01 2.550000e+01
      vertex   1.169697e+02 1.144996e+01 2.800000e+01
      vertex   1.170000e+02 1.200000e+01 2.800000e+01
    endloop
  endfacet
  facet normal -9.992458e-01 3.880098e-02 1.512355e-03
    outer loop
      vertex   1.169780e+02 1.153190e+01 2.550000e+01
      vertex   1.170000e+02 1.200000e+01 2.800000e+01
      vertex   1.169994e+02 1.208068e+01 2.550000e+01
    endloop
  endfacet
  facet normal -9.984804e-01 -5.508770e-02 -1.517783e-03
    outer loop
      vertex   1.169994e+02 1.208068e+01 2.550000e+01
      vertex   1.170000e+02 1.200000e+01 2.800000e+01
      vertex   1.169697e+02 1.255004e+01 2.800000e+01
    endloop
  endfacet
  facet normal -9.974735e-01 -7.102385e-02 1.486107e-03
    outer loop
      vertex   1.169994e+02 1.208068e+01 2.550000e+01
      vertex   1.169697e+02 1.255004e+01 2.800000e+01
      vertex   1.169603e+02 1.262849e+01 2.550000e+01
    endloop
  endfacet
  facet normal -9.863602e-01 -1.645944e-01 -1.491422e-03
    outer loop
      vertex   1.169603e+02 1.262849e+01 2.550000e+01
      vertex   1.169697e+02 1.255004e+01 2.800000e+01
      vertex   1.168790e+02 1.309341e+01 2.800000e+01
    endloop
  endfacet
  facet normal -9.836670e-01 -1.799918e-01 1.459632e-03
    outer loop
      vertex   1.169603e+02 1.262849e+01 2.550000e+01
      vertex   1.168790e+02 1.309341e+01 2.800000e+01
      vertex   1.168615e+02 1.316872e+01 2.550000e+01
    endloop
  endfacet
  facet normal -9.622670e-01 -2.721032e-01 -1.464834e-03
    outer loop
      vertex   1.168615e+02 1.316872e+01 2.550000e+01
      vertex   1.168790e+02 1.309341e+01 2.800000e+01
      vertex   1.167291e+02 1.362350e+01 2.800000e+01
    endloop
  endfacet
  facet normal -9.579929e-01 -2.867882e-01 1.432931e-03
    outer loop
      vertex   1.168615e+02 1.316872e+01 2.550000e+01
      vertex   1.167291e+02 1.362350e+01 2.800000e+01
      vertex   1.167040e+02 1.369484e+01 2.550000e+01
    endloop
  endfacet
  facet normal -9.264931e-01 -3.763090e-01 -1.438019e-03
    outer loop
      vertex   1.167040e+02 1.369484e+01 2.550000e+01
      vertex   1.167291e+02 1.362350e+01 2.800000e+01
      vertex   1.165218e+02 1.413388e+01 2.800000e+01
    endloop
  endfacet
  facet normal -9.207610e-01 -3.901247e-01 1.406003e-03
    outer loop
      vertex   1.167040e+02 1.369484e+01 2.550000e+01
      vertex   1.165218e+02 1.413388e+01 2.800000e+01
      vertex   1.164897e+02 1.420052e+01 2.550000e+01
    endloop
  endfacet
  facet normal -8.794729e-01 -4.759469e-01 -1.410978e-03
    outer loop
      vertex   1.164897e+02 1.420052e+01 2.550000e+01
      vertex   1.165218e+02 1.413388e+01 2.800000e+01
      vertex   1.162596e+02 1.461836e+01 2.800000e+01
    endloop
  endfacet
  facet normal -8.724203e-01 -4.887544e-01 1.378848e-03
    outer loop
      vertex   1.164897e+02 1.420052e+01 2.550000e+01
      vertex   1.162596e+02 1.461836e+01 2.800000e+01
      vertex   1.162213e+02 1.467965e+01 2.550000e+01
    endloop
  endfacet
  facet normal -8.217770e-01 -5.698075e-01 -1.383710e-03
    outer loop
      vertex   1.162213e+02 1.467965e+01 2.550000e+01
      vertex   1.162596e+02 1.461836e+01 2.800000e+01
      vertex   1.159457e+02 1.507106e+01 2.800000e+01
    endloop
  endfacet
  facet normal -8.135542e-01 -5.814875e-01 1.351467e-03
    outer loop
      vertex   1.162213e+02 1.467965e+01 2.550000e+01
      vertex   1.159457e+02 1.507106e+01 2.800000e+01
      vertex   1.159020e+02 1.512645e+01 2.550000e+01
    endloop
  endfacet
  facet normal -7.541059e-01 -6.567514e-01 -1.356215e-03
    outer loop
      vertex   1.159020e+02 1.512645e+01 2.550000e+01
      vertex   1.159457e+02 1.507106e+01 2.800000e+01
      vertex   1.155839e+02 1.548648e+01 2.800000e+01
    endloop
  endfacet
  facet normal -7.448729e-01 -6.672051e-01 1.323859e-03
    outer loop
      vertex   1.159020e+02 1.512645e+01 2.550000e+01
      vertex   1.155839e+02 1.548648e+01 2.800000e+01
      vertex   1.155355e+02 1.553553e+01 2.550000e+01
    endloop
  endfacet
  facet normal -6.772810e-01 -7.357233e-01 -1.328494e-03
    outer loop
      vertex   1.155355e+02 1.553553e+01 2.550000e+01
      vertex   1.155839e+02 1.548648e+01 2.800000e+01
      vertex   1.151786e+02 1.585958e+01 2.800000e+01
    endloop
  endfacet
  facet normal -6.672049e-01 -7.448731e-01 1.296024e-03
    outer loop
      vertex   1.155355e+02 1.553553e+01 2.550000e+01
      vertex   1.151786e+02 1.585958e+01 2.800000e+01
      vertex   1.151265e+02 1.590196e+01 2.550000e+01
    endloop
  endfacet
  facet normal -5.922348e-01 -8.057644e-01 -1.300546e-03
    outer loop
      vertex   1.151265e+02 1.590196e+01 2.550000e+01
      vertex   1.151786e+02 1.585958e+01 2.800000e+01
      vertex   1.147347e+02 1.618583e+01 2.800000e+01
    endloop
  endfacet
  facet normal -5.814873e-01 -8.135545e-01 1.267963e-03
    outer loop
      vertex   1.151265e+02 1.590196e+01 2.550000e+01
      vertex   1.147347e+02 1.618583e+01 2.800000e+01
      vertex   1.146797e+02 1.622131e+01 2.550000e+01
    endloop
  endfacet
  facet normal -4.999996e-01 -8.660247e-01 -1.272371e-03
    outer loop
      vertex   1.146797e+02 1.622131e+01 2.550000e+01
      vertex   1.147347e+02 1.618583e+01 2.800000e+01
      vertex   1.142577e+02 1.646127e+01 2.800000e+01
    endloop
  endfacet
  facet normal -4.887542e-01 -8.724206e-01 1.239675e-03
    outer loop
      vertex   1.146797e+02 1.622131e+01 2.550000e+01
      vertex   1.142577e+02 1.646127e+01 2.800000e+01
      vertex   1.142005e+02 1.648973e+01 2.550000e+01
    endloop
  endfacet
  facet normal -4.016951e-01 -9.157726e-01 -1.243970e-03
    outer loop
      vertex   1.142005e+02 1.648973e+01 2.550000e+01
      vertex   1.142577e+02 1.646127e+01 2.800000e+01
      vertex   1.137532e+02 1.668256e+01 2.800000e+01
    endloop
  endfacet
  facet normal -3.901245e-01 -9.207613e-01 1.211160e-03
    outer loop
      vertex   1.142005e+02 1.648973e+01 2.550000e+01
      vertex   1.137532e+02 1.668256e+01 2.800000e+01
      vertex   1.136948e+02 1.670399e+01 2.550000e+01
    endloop
  endfacet
  facet normal -2.985146e-01 -9.544043e-01 -1.215342e-03
    outer loop
      vertex   1.136948e+02 1.670399e+01 2.550000e+01
      vertex   1.137532e+02 1.668256e+01 2.800000e+01
      vertex   1.132274e+02 1.684700e+01 2.800000e+01
    endloop
  endfacet
  facet normal -2.867881e-01 -9.579933e-01 1.182419e-03
    outer loop
      vertex   1.136948e+02 1.670399e+01 2.550000e+01
      vertex   1.132274e+02 1.684700e+01 2.800000e+01
      vertex   1.131687e+02 1.686149e+01 2.550000e+01
    endloop
  endfacet
  facet normal -1.917105e-01 -9.814508e-01 -1.186488e-03
    outer loop
      vertex   1.131687e+02 1.686149e+01 2.550000e+01
      vertex   1.132274e+02 1.684700e+01 2.800000e+01
      vertex   1.126868e+02 1.695261e+01 2.800000e+01
    endloop
  endfacet
  facet normal -1.799916e-01 -9.836675e-01 1.153451e-03
    outer loop
      vertex   1.131687e+02 1.686149e+01 2.550000e+01
      vertex   1.126868e+02 1.695261e+01 2.800000e+01
      vertex   1.126285e+02 1.696034e+01 2.550000e+01
    endloop
  endfacet
  facet normal -8.257929e-02 -9.965838e-01 -1.157407e-03
    outer loop
      vertex   1.126285e+02 1.696034e+01 2.550000e+01
      vertex   1.126868e+02 1.695261e+01 2.800000e+01
      vertex   1.121378e+02 1.699810e+01 2.800000e+01
    endloop
  endfacet
  facet normal -7.102361e-02 -9.974740e-01 1.124257e-03
    outer loop
      vertex   1.126285e+02 1.696034e+01 2.550000e+01
      vertex   1.121378e+02 1.699810e+01 2.800000e+01
      vertex   1.120807e+02 1.699935e+01 2.550000e+01
    endloop
  endfacet
  facet normal 2.755432e-02 -9.996197e-01 -1.128099e-03
    outer loop
      vertex   1.120807e+02 1.699935e+01 2.550000e+01
      vertex   1.121378e+02 1.699810e+01 2.800000e+01
      vertex   1.115871e+02 1.698292e+01 2.800000e+01
    endloop
  endfacet
  facet normal 3.880127e-02 -9.992463e-01 1.094836e-03
    outer loop
      vertex   1.120807e+02 1.699935e+01 2.550000e+01
      vertex   1.115871e+02 1.698292e+01 2.800000e+01
      vertex   1.115319e+02 1.697804e+01 2.550000e+01
    endloop
  endfacet
  facet normal 1.373535e-01 -9.905215e-01 -1.098564e-03
    outer loop
      vertex   1.115319e+02 1.697804e+01 2.550000e+01
      vertex   1.115871e+02 1.698292e+01 2.800000e+01
      vertex   1.110414e+02 1.690726e+01 2.800000e+01
    endloop
  endfacet
  facet normal 1.481580e-01 -9.889631e-01 1.065188e-03
    outer loop
      vertex   1.115319e+02 1.697804e+01 2.550000e+01
      vertex   1.110414e+02 1.690726e+01 2.800000e+01
      vertex   1.109888e+02 1.689667e+01 2.550000e+01
    endloop
  endfacet
  facet normal 2.454853e-01 -9.693997e-01 -1.068803e-03
    outer loop
      vertex   1.109888e+02 1.689667e+01 2.550000e+01
      vertex   1.110414e+02 1.690726e+01 2.800000e+01
      vertex   1.105074e+02 1.677203e+01 2.800000e+01
    endloop
  endfacet
  facet normal 2.557273e-01 -9.667484e-01 1.035314e-03
    outer loop
      vertex   1.109888e+02 1.689667e+01 2.550000e+01
      vertex   1.105074e+02 1.677203e+01 2.800000e+01
      vertex   1.104578e+02 1.675623e+01 2.550000e+01
    endloop
  endfacet
  facet normal 3.506374e-01 -9.365107e-01 -1.038816e-03
    outer loop
      vertex   1.104578e+02 1.675623e+01 2.550000e+01
      vertex   1.105074e+02 1.677203e+01 2.800000e+01
      vertex   1.099915e+02 1.657887e+01 2.800000e+01
    endloop
  endfacet
  facet normal 3.602114e-01 -9.328702e-01 1.005213e-03
    outer loop
      vertex   1.104578e+02 1.675623e+01 2.550000e+01
      vertex   1.099915e+02 1.657887e+01 2.800000e+01
      vertex   1.099455e+02 1.655840e+01 2.550000e+01
    endloop
  endfacet
  facet normal 4.515331e-01 -8.922538e-01 -1.008601e-03
    outer loop
      vertex   1.099455e+02 1.655840e+01 2.550000e+01
      vertex   1.099915e+02 1.657887e+01 2.800000e+01
      vertex   1.095000e+02 1.633013e+01 2.800000e+01
    endloop
  endfacet
  facet normal 4.603496e-01 -8.877372e-01 9.748852e-04
    outer loop
      vertex   1.099455e+02 1.655840e+01 2.550000e+01
      vertex   1.095000e+02 1.633013e+01 2.800000e+01
      vertex   1.094580e+02 1.630558e+01 2.550000e+01
    endloop
  endfacet
  facet normal 5.469479e-01 -8.371661e-01 -9.781606e-04
    outer loop
      vertex   1.094580e+02 1.630558e+01 2.550000e+01
      vertex   1.095000e+02 1.633013e+01 2.800000e+01
      vertex   1.090388e+02 1.602883e+01 2.800000e+01
    endloop
  endfacet
  facet normal 5.549339e-01 -8.318939e-01 9.443311e-04
    outer loop
      vertex   1.094580e+02 1.630558e+01 2.550000e+01
      vertex   1.090388e+02 1.602883e+01 2.800000e+01
      vertex   1.090011e+02 1.600081e+01 2.550000e+01
    endloop
  endfacet
  facet normal 6.357235e-01 -7.719163e-01 -9.474931e-04
    outer loop
      vertex   1.090011e+02 1.600081e+01 2.550000e+01
      vertex   1.090388e+02 1.602883e+01 2.800000e+01
      vertex   1.086136e+02 1.567862e+01 2.800000e+01
    endloop
  endfacet
  facet normal 6.428230e-01 -7.660142e-01 9.135503e-04
    outer loop
      vertex   1.090011e+02 1.600081e+01 2.550000e+01
      vertex   1.086136e+02 1.567862e+01 2.800000e+01
      vertex   1.085804e+02 1.564777e+01 2.550000e+01
    endloop
  endfacet
  facet normal 7.167822e-01 -6.972965e-01 -9.165990e-04
    outer loop
      vertex   1.085804e+02 1.564777e+01 2.550000e+01
      vertex   1.086136e+02 1.567862e+01 2.800000e+01
      vertex   1.082295e+02 1.528376e+01 2.800000e+01
    endloop
  endfacet
  facet normal 7.229568e-01 -6.908927e-01 8.825429e-04
    outer loop
      vertex   1.085804e+02 1.564777e+01 2.550000e+01
      vertex   1.082295e+02 1.528376e+01 2.800000e+01
      vertex   1.082010e+02 1.525073e+01 2.550000e+01
    endloop
  endfacet
  facet normal 7.891402e-01 -6.142125e-01 -8.854783e-04
    outer loop
      vertex   1.082010e+02 1.525073e+01 2.550000e+01
      vertex   1.082295e+02 1.528376e+01 2.800000e+01
      vertex   1.078911e+02 1.484904e+01 2.800000e+01
    endloop
  endfacet
  facet normal 7.943683e-01 -6.074358e-01 8.513089e-04
    outer loop
      vertex   1.082010e+02 1.525073e+01 2.550000e+01
      vertex   1.078911e+02 1.484904e+01 2.800000e+01
      vertex   1.078674e+02 1.481446e+01 2.550000e+01
    endloop
  endfacet
  facet normal 8.495655e-01 -5.274825e-01 -7.790723e-04
    outer loop
      vertex   1.078674e+02 1.481446e+01 2.550000e+01
      vertex   1.078911e+02 1.484904e+01 2.800000e+01
      vertex   1.076447e+02 1.445587e+01 2.549385e+01
    endloop
  endfacet
  facet normal 8.519183e-01 -5.236722e-01 -1.608169e-03
    outer loop
      vertex   1.076447e+02 1.445587e+01 2.549385e+01
      vertex   1.078911e+02 1.484904e+01 2.800000e+01
      vertex   1.076026e+02 1.437974e+01 2.800000e+01
    endloop
  endfacet
  facet normal 8.909787e-01 -4.540436e-01 1.162595e-03
    outer loop
      vertex   1.076447e+02 1.445587e+01 2.549385e+01
      vertex   1.076026e+02 1.437974e+01 2.800000e+01
      vertex   1.074533e+02 1.408024e+01 2.547659e+01
    endloop
  endfacet
  facet normal 9.043534e-01 -4.267747e-01 -2.865369e-03
    outer loop
      vertex   1.074533e+02 1.408024e+01 2.547659e+01
      vertex   1.076026e+02 1.437974e+01 2.800000e+01
      vertex   1.073675e+02 1.388155e+01 2.800000e+01
    endloop
  endfacet
  facet normal 9.260347e-01 -3.774344e-01 1.756612e-03
    outer loop
      vertex   1.074533e+02 1.408024e+01 2.547659e+01
      vertex   1.073675e+02 1.388155e+01 2.800000e+01
      vertex   1.072942e+02 1.368966e+01 2.544997e+01
    endloop
  endfacet
  facet normal 9.458136e-01 -3.246982e-01 -2.780782e-03
    outer loop
      vertex   1.072942e+02 1.368966e+01 2.544997e+01
      vertex   1.073675e+02 1.388155e+01 2.800000e+01
      vertex   1.071887e+02 1.336052e+01 2.800000e+01
    endloop
  endfacet
  facet normal 9.545811e-01 -2.979495e-01 1.034534e-03
    outer loop
      vertex   1.072942e+02 1.368966e+01 2.544997e+01
      vertex   1.071887e+02 1.336052e+01 2.800000e+01
      vertex   1.071683e+02 1.328620e+01 2.541577e+01
    endloop
  endfacet
  facet normal 9.757954e-01 -2.186809e-01 -1.412404e-03
    outer loop
      vertex   1.071683e+02 1.328620e+01 2.541577e+01
      vertex   1.071887e+02 1.336052e+01 2.800000e+01
      vertex   1.070682e+02 1.282297e+01 2.800000e+01
    endloop
  endfacet
  facet normal 9.764041e-01 -2.159498e-01 -8.992799e-04
    outer loop
      vertex   1.071683e+02 1.328620e+01 2.541577e+01
      vertex   1.070682e+02 1.282297e+01 2.800000e+01
      vertex   1.070766e+02 1.287212e+01 2.537575e+01
    endloop
  endfacet
  facet normal 9.911695e-01 -1.325993e-01 7.094218e-04
    outer loop
      vertex   1.070766e+02 1.287212e+01 2.537575e+01
      vertex   1.070682e+02 1.282297e+01 2.800000e+01
      vertex   1.070205e+02 1.245187e+01 2.533182e+01
    endloop
  endfacet
  facet normal 9.939276e-01 -1.100079e-01 -2.482021e-03
    outer loop
      vertex   1.070205e+02 1.245187e+01 2.533182e+01
      vertex   1.070682e+02 1.282297e+01 2.800000e+01
      vertex   1.070076e+02 1.227544e+01 2.800000e+01
    endloop
  endfacet
  facet normal 9.988337e-01 -4.825614e-02 1.625012e-03
    outer loop
      vertex   1.070205e+02 1.245187e+01 2.533182e+01
      vertex   1.070076e+02 1.227544e+01 2.800000e+01
      vertex   1.070001e+02 1.202840e+01 2.528561e+01
    endloop
  endfacet
  facet normal 9.999962e-01 0.000000e+00 -2.770096e-03
    outer loop
      vertex   1.070001e+02 1.202840e+01 2.528561e+01
      vertex   1.070076e+02 1.227544e+01 2.800000e+01
      vertex   1.070076e+02 1.172456e+01 2.800000e+01
    endloop
  endfacet
  facet normal 9.993273e-01 3.664942e-02 1.334106e-03
    outer loop
      vertex   1.070001e+02 1.202840e+01 2.528561e+01
      vertex   1.070076e+02 1.172456e+01 2.800000e+01
      vertex   1.070157e+02 1.160398e+01 2.523863e+01
    endloop
  endfacet
  facet normal 9.939289e-01 1.100080e-01 -1.885145e-03
    outer loop
      vertex   1.070157e+02 1.160398e+01 2.523863e+01
      vertex   1.070076e+02 1.172456e+01 2.800000e+01
      vertex   1.070682e+02 1.117703e+01 2.800000e+01
    endloop
  endfacet
  facet normal 9.925740e-01 1.216423e-01 -6.054930e-05
    outer loop
      vertex   1.070157e+02 1.160398e+01 2.523863e+01
      vertex   1.070682e+02 1.117703e+01 2.800000e+01
      vertex   1.070675e+02 1.118091e+01 2.519242e+01
    endloop
  endfacet
  facet normal 9.785800e-01 2.058668e-01 5.903163e-05
    outer loop
      vertex   1.070675e+02 1.118091e+01 2.519242e+01
      vertex   1.070682e+02 1.117703e+01 2.800000e+01
      vertex   1.071556e+02 1.076221e+01 2.514857e+01
    endloop
  endfacet
  facet normal 9.757946e-01 2.186807e-01 -1.890519e-03
    outer loop
      vertex   1.071556e+02 1.076221e+01 2.514857e+01
      vertex   1.070682e+02 1.117703e+01 2.800000e+01
      vertex   1.071887e+02 1.063948e+01 2.800000e+01
    endloop
  endfacet
  facet normal 9.574322e-01 2.886551e-01 1.333901e-03
    outer loop
      vertex   1.071556e+02 1.076221e+01 2.514857e+01
      vertex   1.071887e+02 1.063948e+01 2.800000e+01
      vertex   1.072792e+02 1.035248e+01 2.510862e+01
    endloop
  endfacet
  facet normal 9.458140e-01 3.246984e-01 -2.607684e-03
    outer loop
      vertex   1.072792e+02 1.035248e+01 2.510862e+01
      vertex   1.071887e+02 1.063948e+01 2.800000e+01
      vertex   1.073675e+02 1.011845e+01 2.800000e+01
    endloop
  endfacet
  facet normal 9.292106e-01 3.695474e-01 1.529501e-03
    outer loop
      vertex   1.072792e+02 1.035248e+01 2.510862e+01
      vertex   1.073675e+02 1.011845e+01 2.800000e+01
      vertex   1.074377e+02 9.954167e+00 2.507360e+01
    endloop
  endfacet
  facet normal 9.043548e-01 4.267753e-01 -2.279091e-03
    outer loop
      vertex   1.074377e+02 9.954167e+00 2.507360e+01
      vertex   1.073675e+02 1.011845e+01 2.800000e+01
      vertex   1.076026e+02 9.620263e+00 2.800000e+01
    endloop
  endfacet
  facet normal 8.940264e-01 4.480137e-01 7.263958e-04
    outer loop
      vertex   1.074377e+02 9.954167e+00 2.507360e+01
      vertex   1.076026e+02 9.620263e+00 2.800000e+01
      vertex   1.076304e+02 9.569558e+00 2.504455e+01
    endloop
  endfacet
  facet normal 8.519190e-01 5.236727e-01 -9.678594e-04
    outer loop
      vertex   1.076304e+02 9.569558e+00 2.504455e+01
      vertex   1.076026e+02 9.620263e+00 2.800000e+01
      vertex   1.078911e+02 9.150960e+00 2.800000e+01
    endloop
  endfacet
  facet normal 8.520267e-01 5.234974e-01 -1.002183e-03
    outer loop
      vertex   1.076304e+02 9.569558e+00 2.504455e+01
      vertex   1.078911e+02 9.150960e+00 2.800000e+01
      vertex   1.078569e+02 9.200966e+00 2.502248e+01
    endloop
  endfacet
  facet normal 8.036004e-01 5.951688e-01 7.581534e-04
    outer loop
      vertex   1.078569e+02 9.200966e+00 2.502248e+01
      vertex   1.078911e+02 9.150960e+00 2.800000e+01
      vertex   1.081148e+02 8.852686e+00 2.500827e+01
    endloop
  endfacet
  facet normal 7.891386e-01 6.142112e-01 -2.221872e-03
    outer loop
      vertex   1.081148e+02 8.852686e+00 2.500827e+01
      vertex   1.078911e+02 9.150960e+00 2.800000e+01
      vertex   1.082295e+02 8.716240e+00 2.800000e+01
    endloop
  endfacet
  facet normal 7.490187e-01 6.625471e-01 1.519736e-03
    outer loop
      vertex   1.081148e+02 8.852686e+00 2.500827e+01
      vertex   1.082295e+02 8.716240e+00 2.800000e+01
      vertex   1.084021e+02 8.527951e+00 2.500230e+01
    endloop
  endfacet
  facet normal 7.167802e-01 6.972946e-01 -2.519361e-03
    outer loop
      vertex   1.084021e+02 8.527951e+00 2.500230e+01
      vertex   1.082295e+02 8.716240e+00 2.800000e+01
      vertex   1.086136e+02 8.321381e+00 2.800000e+01
    endloop
  endfacet
  facet normal 6.887922e-01 7.249576e-01 1.361474e-03
    outer loop
      vertex   1.084021e+02 8.527951e+00 2.500230e+01
      vertex   1.086136e+02 8.321381e+00 2.800000e+01
      vertex   1.087165e+02 8.229190e+00 2.500486e+01
    endloop
  endfacet
  facet normal 6.357226e-01 7.719152e-01 -1.908021e-03
    outer loop
      vertex   1.087165e+02 8.229190e+00 2.500486e+01
      vertex   1.086136e+02 8.321381e+00 2.800000e+01
      vertex   1.090388e+02 7.971175e+00 2.800000e+01
    endloop
  endfacet
  facet normal 6.234462e-01 7.818662e-01 2.701606e-04
    outer loop
      vertex   1.087165e+02 8.229190e+00 2.500486e+01
      vertex   1.090388e+02 7.971175e+00 2.800000e+01
      vertex   1.090551e+02 7.959248e+00 2.501583e+01
    endloop
  endfacet
  facet normal 5.534458e-01 8.328851e-01 -3.149264e-04
    outer loop
      vertex   1.090551e+02 7.959248e+00 2.501583e+01
      vertex   1.090388e+02 7.971175e+00 2.800000e+01
      vertex   1.094158e+02 7.719589e+00 2.503471e+01
    endloop
  endfacet
  facet normal 5.469475e-01 8.371655e-01 -1.504100e-03
    outer loop
      vertex   1.094158e+02 7.719589e+00 2.503471e+01
      vertex   1.090388e+02 7.971175e+00 2.800000e+01
      vertex   1.095000e+02 7.669873e+00 2.800000e+01
    endloop
  endfacet
  facet normal 4.791124e-01 8.777528e-01 1.103697e-03
    outer loop
      vertex   1.094158e+02 7.719589e+00 2.503471e+01
      vertex   1.095000e+02 7.669873e+00 2.800000e+01
      vertex   1.097967e+02 7.511634e+00 2.506100e+01
    endloop
  endfacet
  facet normal 4.515320e-01 8.922515e-01 -2.460979e-03
    outer loop
      vertex   1.097967e+02 7.511634e+00 2.506100e+01
      vertex   1.095000e+02 7.669873e+00 2.800000e+01
      vertex   1.099915e+02 7.421134e+00 2.800000e+01
    endloop
  endfacet
  facet normal 4.010029e-01 9.160754e-01 1.622644e-03
    outer loop
      vertex   1.097967e+02 7.511634e+00 2.506100e+01
      vertex   1.099915e+02 7.421134e+00 2.800000e+01
      vertex   1.101958e+02 7.336871e+00 2.509419e+01
    endloop
  endfacet
  facet normal 3.506365e-01 9.365083e-01 -2.510198e-03
    outer loop
      vertex   1.101958e+02 7.336871e+00 2.509419e+01
      vertex   1.099915e+02 7.421134e+00 2.800000e+01
      vertex   1.105074e+02 7.227975e+00 2.800000e+01
    endloop
  endfacet
  facet normal 3.197702e-01 9.474944e-01 1.211935e-03
    outer loop
      vertex   1.101958e+02 7.336871e+00 2.509419e+01
      vertex   1.105074e+02 7.227975e+00 2.800000e+01
      vertex   1.106085e+02 7.197521e+00 2.513320e+01
    endloop
  endfacet
  facet normal 2.454852e-01 9.693990e-01 -1.640527e-03
    outer loop
      vertex   1.106085e+02 7.197521e+00 2.513320e+01
      vertex   1.105074e+02 7.227975e+00 2.800000e+01
      vertex   1.110414e+02 7.092743e+00 2.800000e+01
    endloop
  endfacet
  facet normal 2.362188e-01 9.716999e-01 -1.571121e-04
    outer loop
      vertex   1.106085e+02 7.197521e+00 2.513320e+01
      vertex   1.110414e+02 7.092743e+00 2.800000e+01
      vertex   1.110317e+02 7.094656e+00 2.517661e+01
    endloop
  endfacet
  facet normal 1.506700e-01 9.885841e-01 1.496969e-04
    outer loop
      vertex   1.110317e+02 7.094656e+00 2.517661e+01
      vertex   1.110414e+02 7.092743e+00 2.800000e+01
      vertex   1.114629e+02 7.028932e+00 2.522309e+01
    endloop
  endfacet
  facet normal 1.373533e-01 9.905203e-01 -1.915788e-03
    outer loop
      vertex   1.114629e+02 7.028932e+00 2.522309e+01
      vertex   1.110414e+02 7.092743e+00 2.800000e+01
      vertex   1.115871e+02 7.017078e+00 2.800000e+01
    endloop
  endfacet
  facet normal 6.364927e-02 9.979713e-01 1.413043e-03
    outer loop
      vertex   1.114629e+02 7.028932e+00 2.522309e+01
      vertex   1.115871e+02 7.017078e+00 2.800000e+01
      vertex   1.118997e+02 7.001007e+00 2.527128e+01
    endloop
  endfacet
  facet normal 2.755424e-02 9.996166e-01 -2.731025e-03
    outer loop
      vertex   1.118997e+02 7.001007e+00 2.527128e+01
      vertex   1.115871e+02 7.017078e+00 2.800000e+01
      vertex   1.121378e+02 7.001899e+00 2.800000e+01
    endloop
  endfacet
  facet normal -2.396465e-02 9.997112e-01 1.764642e-03
    outer loop
      vertex   1.118997e+02 7.001007e+00 2.527128e+01
      vertex   1.121378e+02 7.001899e+00 2.800000e+01
      vertex   1.123378e+02 7.011425e+00 2.531949e+01
    endloop
  endfacet
  facet normal -8.257906e-02 9.965811e-01 -2.620805e-03
    outer loop
      vertex   1.123378e+02 7.011425e+00 2.531949e+01
      vertex   1.121378e+02 7.001899e+00 2.800000e+01
      vertex   1.126868e+02 7.047390e+00 2.800000e+01
    endloop
  endfacet
  facet normal -1.113742e-01 9.937779e-01 1.165405e-03
    outer loop
      vertex   1.123378e+02 7.011425e+00 2.531949e+01
      vertex   1.126868e+02 7.047390e+00 2.800000e+01
      vertex   1.127737e+02 7.060220e+00 2.536578e+01
    endloop
  endfacet
  facet normal -1.917104e-01 9.814503e-01 -1.545390e-03
    outer loop
      vertex   1.127737e+02 7.060220e+00 2.536578e+01
      vertex   1.126868e+02 7.047390e+00 2.800000e+01
      vertex   1.132274e+02 7.152999e+00 2.800000e+01
    endloop
  endfacet
  facet normal -1.979884e-01 9.802043e-01 -4.201325e-04
    outer loop
      vertex   1.127737e+02 7.060220e+00 2.536578e+01
      vertex   1.132274e+02 7.152999e+00 2.800000e+01
      vertex   1.132047e+02 7.147298e+00 2.540827e+01
    endloop
  endfacet
  facet normal -2.836145e-01 9.589383e-01 3.773486e-04
    outer loop
      vertex   1.132047e+02 7.147298e+00 2.540827e+01
      vertex   1.132274e+02 7.152999e+00 2.800000e+01
      vertex   1.136283e+02 7.272569e+00 2.544509e+01
    endloop
  endfacet
  facet normal -2.985141e-01 9.544027e-01 -2.172750e-03
    outer loop
      vertex   1.136283e+02 7.272569e+00 2.544509e+01
      vertex   1.132274e+02 7.152999e+00 2.800000e+01
      vertex   1.137532e+02 7.317444e+00 2.800000e+01
    endloop
  endfacet
  facet normal -3.673450e-01 9.300834e-01 1.618709e-03
    outer loop
      vertex   1.136283e+02 7.272569e+00 2.544509e+01
      vertex   1.137532e+02 7.317444e+00 2.800000e+01
      vertex   1.140405e+02 7.435297e+00 2.547416e+01
    endloop
  endfacet
  facet normal -4.016937e-01 9.157693e-01 -2.955624e-03
    outer loop
      vertex   1.140405e+02 7.435297e+00 2.547416e+01
      vertex   1.137532e+02 7.317444e+00 2.800000e+01
      vertex   1.142577e+02 7.538729e+00 2.800000e+01
    endloop
  endfacet
  facet normal -4.482262e-01 8.939181e-01 1.940874e-03
    outer loop
      vertex   1.140405e+02 7.435297e+00 2.547416e+01
      vertex   1.142577e+02 7.538729e+00 2.800000e+01
      vertex   1.144367e+02 7.633925e+00 2.549318e+01
    endloop
  endfacet
  facet normal -4.999980e-01 8.660220e-01 -2.815218e-03
    outer loop
      vertex   1.144367e+02 7.633925e+00 2.549318e+01
      vertex   1.142577e+02 7.538729e+00 2.800000e+01
      vertex   1.147347e+02 7.814168e+00 2.800000e+01
    endloop
  endfacet
endsolid
