solid ASCII
  facet normal 0.000000e+00 0.000000e+00 1.000000e+00
    outer loop
      vertex   1.280000e+02 -2.000000e+00 1.050000e+01
      vertex   1.175000e+02 -5.000000e-01 1.050000e+01
      vertex   1.135000e+02 -2.000000e+00 1.050000e+01
    endloop
  endfacet
  facet normal 0.000000e+00 0.000000e+00 1.000000e+00
    outer loop
      vertex   1.135000e+02 -2.000000e+00 1.050000e+01
      vertex   1.175000e+02 -5.000000e-01 1.050000e+01
      vertex   1.164907e+02 -4.716827e-01 1.050000e+01
    endloop
  endfacet
  facet normal 0.000000e+00 0.000000e+00 1.000000e+00
    outer loop
      vertex   1.135000e+02 -2.000000e+00 1.050000e+01
      vertex   1.164907e+02 -4.716827e-01 1.050000e+01
      vertex   1.154846e+02 -3.868198e-01 1.050000e+01
    endloop
  endfacet
  facet normal 0.000000e+00 -0.000000e+00 1.000000e+00
    outer loop
      vertex   1.283280e+02 -1.972914e+00 1.050000e+01
      vertex   1.286472e+02 -1.892390e+00 1.050000e+01
      vertex   1.280000e+02 -2.000000e+00 1.050000e+01
    endloop
  endfacet
  facet normal 0.000000e+00 0.000000e+00 1.000000e+00
    outer loop
      vertex   1.280000e+02 -2.000000e+00 1.050000e+01
      vertex   1.286472e+02 -1.892390e+00 1.050000e+01
      vertex   1.289488e+02 -1.760608e+00 1.050000e+01
    endloop
  endfacet
  facet normal 0.000000e+00 0.000000e+00 1.000000e+00
    outer loop
      vertex   1.280000e+02 -2.000000e+00 1.050000e+01
      vertex   1.289488e+02 -1.760608e+00 1.050000e+01
      vertex   1.292247e+02 -1.581139e+00 1.050000e+01
    endloop
  endfacet
  facet normal 0.000000e+00 -0.000000e+00 1.000000e+00
    outer loop
      vertex   1.292247e+02 -1.581139e+00 1.050000e+01
      vertex   1.294675e+02 -1.358843e+00 1.050000e+01
      vertex   1.280000e+02 -2.000000e+00 1.050000e+01
    endloop
  endfacet
  facet normal 0.000000e+00 0.000000e+00 1.000000e+00
    outer loop
      vertex   1.280000e+02 -2.000000e+00 1.050000e+01
      vertex   1.294675e+02 -1.358843e+00 1.050000e+01
      vertex   1.296705e+02 -1.099741e+00 1.050000e+01
    endloop
  endfacet
  facet normal 0.000000e+00 0.000000e+00 1.000000e+00
    outer loop
      vertex   1.280000e+02 -2.000000e+00 1.050000e+01
      vertex   1.296705e+02 -1.099741e+00 1.050000e+01
      vertex   1.298283e+02 -8.108519e-01 1.050000e+01
    endloop
  endfacet
  facet normal 0.000000e+00 -0.000000e+00 1.000000e+00
    outer loop
      vertex   1.298283e+02 -8.108519e-01 1.050000e+01
      vertex   1.299365e+02 -5.000000e-01 1.050000e+01
      vertex   1.280000e+02 -2.000000e+00 1.050000e+01
    endloop
  endfacet
  facet normal 0.000000e+00 -0.000000e+00 1.000000e+00
    outer loop
      vertex   1.280000e+02 -2.000000e+00 1.050000e+01
      vertex   1.299365e+02 -5.000000e-01 1.050000e+01
      vertex   1.175000e+02 -5.000000e-01 1.050000e+01
    endloop
  endfacet
  facet normal 0.000000e+00 0.000000e+00 1.000000e+00
    outer loop
      vertex   1.154846e+02 -3.868198e-01 1.050000e+01
      vertex   1.144849e+02 -2.456783e-01 1.050000e+01
      vertex   1.135000e+02 -2.000000e+00 1.050000e+01
    endloop
  endfacet
  facet normal 0.000000e+00 -0.000000e+00 1.000000e+00
    outer loop
      vertex   1.135000e+02 -2.000000e+00 1.050000e+01
      vertex   1.144849e+02 -2.456783e-01 1.050000e+01
      vertex   1.134946e+02 -4.870242e-02 1.050000e+01
    endloop
  endfacet
  facet normal 0.000000e+00 0.000000e+00 1.000000e+00
    outer loop
      vertex   1.135000e+02 -2.000000e+00 1.050000e+01
      vertex   1.134946e+02 -4.870242e-02 1.050000e+01
      vertex   1.125641e+02 -1.971721e+00 1.050000e+01
    endloop
  endfacet
  facet normal 0.000000e+00 -0.000000e+00 1.000000e+00
    outer loop
      vertex   1.125641e+02 -1.971721e+00 1.050000e+01
      vertex   1.134946e+02 -4.870242e-02 1.050000e+01
      vertex   1.125170e+02 2.034882e-01 1.050000e+01
    endloop
  endfacet
  facet normal 0.000000e+00 0.000000e+00 1.000000e+00
    outer loop
      vertex   1.125641e+02 -1.971721e+00 1.050000e+01
      vertex   1.125170e+02 2.034882e-01 1.050000e+01
      vertex   1.116317e+02 -1.886988e+00 1.050000e+01
    endloop
  endfacet
  facet normal 0.000000e+00 -0.000000e+00 1.000000e+00
    outer loop
      vertex   1.116317e+02 -1.886988e+00 1.050000e+01
      vertex   1.125170e+02 2.034882e-01 1.050000e+01
      vertex   1.115550e+02 5.101001e-01 1.050000e+01
    endloop
  endfacet
  facet normal 0.000000e+00 0.000000e+00 1.000000e+00
    outer loop
      vertex   1.116317e+02 -1.886988e+00 1.050000e+01
      vertex   1.115550e+02 5.101001e-01 1.050000e+01
      vertex   1.107060e+02 -1.746109e+00 1.050000e+01
    endloop
  endfacet
  facet normal 0.000000e+00 -0.000000e+00 1.000000e+00
    outer loop
      vertex   1.107060e+02 -1.746109e+00 1.050000e+01
      vertex   1.115550e+02 5.101001e-01 1.050000e+01
      vertex   1.106117e+02 8.701684e-01 1.050000e+01
    endloop
  endfacet
  facet normal 0.000000e+00 0.000000e+00 1.000000e+00
    outer loop
      vertex   1.107060e+02 -1.746109e+00 1.050000e+01
      vertex   1.106117e+02 8.701684e-01 1.050000e+01
      vertex   1.097906e+02 -1.549598e+00 1.050000e+01
    endloop
  endfacet
  facet normal 0.000000e+00 -0.000000e+00 1.000000e+00
    outer loop
      vertex   1.097906e+02 -1.549598e+00 1.050000e+01
      vertex   1.106117e+02 8.701684e-01 1.050000e+01
      vertex   1.088887e+02 -1.298173e+00 1.050000e+01
    endloop
  endfacet
  facet normal 0.000000e+00 0.000000e+00 1.000000e+00
    outer loop
      vertex   1.088887e+02 -1.298173e+00 1.050000e+01
      vertex   1.106117e+02 8.701684e-01 1.050000e+01
      vertex   1.096901e+02 1.282560e+00 1.050000e+01
    endloop
  endfacet
  facet normal 0.000000e+00 -0.000000e+00 1.000000e+00
    outer loop
      vertex   1.088887e+02 -1.298173e+00 1.050000e+01
      vertex   1.096901e+02 1.282560e+00 1.050000e+01
      vertex   1.080036e+02 -9.927518e-01 1.050000e+01
    endloop
  endfacet
  facet normal 0.000000e+00 0.000000e+00 1.000000e+00
    outer loop
      vertex   1.080036e+02 -9.927518e-01 1.050000e+01
      vertex   1.096901e+02 1.282560e+00 1.050000e+01
      vertex   1.087931e+02 1.745978e+00 1.050000e+01
    endloop
  endfacet
  facet normal 0.000000e+00 -0.000000e+00 1.000000e+00
    outer loop
      vertex   1.080036e+02 -9.927518e-01 1.050000e+01
      vertex   1.087931e+02 1.745978e+00 1.050000e+01
      vertex   1.071386e+02 -6.344476e-01 1.050000e+01
    endloop
  endfacet
  facet normal 0.000000e+00 0.000000e+00 1.000000e+00
    outer loop
      vertex   1.071386e+02 -6.344476e-01 1.050000e+01
      vertex   1.087931e+02 1.745978e+00 1.050000e+01
      vertex   1.079234e+02 2.258964e+00 1.050000e+01
    endloop
  endfacet
  facet normal 0.000000e+00 -0.000000e+00 1.000000e+00
    outer loop
      vertex   1.071386e+02 -6.344476e-01 1.050000e+01
      vertex   1.079234e+02 2.258964e+00 1.050000e+01
      vertex   1.062968e+02 -2.245684e-01 1.050000e+01
    endloop
  endfacet
  facet normal 0.000000e+00 0.000000e+00 1.000000e+00
    outer loop
      vertex   1.062968e+02 -2.245684e-01 1.050000e+01
      vertex   1.079234e+02 2.258964e+00 1.050000e+01
      vertex   1.070839e+02 2.819904e+00 1.050000e+01
    endloop
  endfacet
  facet normal 0.000000e+00 -0.000000e+00 1.000000e+00
    outer loop
      vertex   1.062968e+02 -2.245684e-01 1.050000e+01
      vertex   1.070839e+02 2.819904e+00 1.050000e+01
      vertex   1.054813e+02 2.353903e-01 1.050000e+01
    endloop
  endfacet
  facet normal 0.000000e+00 -0.000000e+00 1.000000e+00
    outer loop
      vertex   1.054813e+02 2.353903e-01 1.050000e+01
      vertex   1.070839e+02 2.819904e+00 1.050000e+01
      vertex   1.046950e+02 7.437501e-01 1.050000e+01
    endloop
  endfacet
  facet normal 0.000000e+00 0.000000e+00 1.000000e+00
    outer loop
      vertex   1.046950e+02 7.437501e-01 1.050000e+01
      vertex   1.070839e+02 2.819904e+00 1.050000e+01
      vertex   1.062772e+02 3.427033e+00 1.050000e+01
    endloop
  endfacet
  facet normal 0.000000e+00 -0.000000e+00 1.000000e+00
    outer loop
      vertex   1.046950e+02 7.437501e-01 1.050000e+01
      vertex   1.062772e+02 3.427033e+00 1.050000e+01
      vertex   1.039409e+02 1.298656e+00 1.050000e+01
    endloop
  endfacet
  facet normal 0.000000e+00 0.000000e+00 1.000000e+00
    outer loop
      vertex   1.039409e+02 1.298656e+00 1.050000e+01
      vertex   1.062772e+02 3.427033e+00 1.050000e+01
      vertex   1.055058e+02 4.078441e+00 1.050000e+01
    endloop
  endfacet
  facet normal 0.000000e+00 -0.000000e+00 1.000000e+00
    outer loop
      vertex   1.039409e+02 1.298656e+00 1.050000e+01
      vertex   1.055058e+02 4.078441e+00 1.050000e+01
      vertex   1.032216e+02 1.898083e+00 1.050000e+01
    endloop
  endfacet
  facet normal 0.000000e+00 0.000000e+00 1.000000e+00
    outer loop
      vertex   1.032216e+02 1.898083e+00 1.050000e+01
      vertex   1.055058e+02 4.078441e+00 1.050000e+01
      vertex   1.047721e+02 4.772078e+00 1.050000e+01
    endloop
  endfacet
  facet normal 0.000000e+00 -0.000000e+00 1.000000e+00
    outer loop
      vertex   1.032216e+02 1.898083e+00 1.050000e+01
      vertex   1.047721e+02 4.772078e+00 1.050000e+01
      vertex   1.025398e+02 2.539845e+00 1.050000e+01
    endloop
  endfacet
  facet normal 0.000000e+00 -0.000000e+00 1.000000e+00
    outer loop
      vertex   1.025398e+02 2.539845e+00 1.050000e+01
      vertex   1.047721e+02 4.772078e+00 1.050000e+01
      vertex   1.018981e+02 3.221599e+00 1.050000e+01
    endloop
  endfacet
  facet normal 0.000000e+00 0.000000e+00 1.000000e+00
    outer loop
      vertex   1.018981e+02 3.221599e+00 1.050000e+01
      vertex   1.047721e+02 4.772078e+00 1.050000e+01
      vertex   1.040784e+02 5.505762e+00 1.050000e+01
    endloop
  endfacet
  facet normal 0.000000e+00 -0.000000e+00 1.000000e+00
    outer loop
      vertex   1.018981e+02 3.221599e+00 1.050000e+01
      vertex   1.040784e+02 5.505762e+00 1.050000e+01
      vertex   1.012987e+02 3.940857e+00 1.050000e+01
    endloop
  endfacet
  facet normal 0.000000e+00 0.000000e+00 1.000000e+00
    outer loop
      vertex   1.012987e+02 3.940857e+00 1.050000e+01
      vertex   1.040784e+02 5.505762e+00 1.050000e+01
      vertex   1.034270e+02 6.277184e+00 1.050000e+01
    endloop
  endfacet
  facet normal 0.000000e+00 -0.000000e+00 1.000000e+00
    outer loop
      vertex   1.012987e+02 3.940857e+00 1.050000e+01
      vertex   1.034270e+02 6.277184e+00 1.050000e+01
      vertex   1.007438e+02 4.694996e+00 1.050000e+01
    endloop
  endfacet
  facet normal 0.000000e+00 0.000000e+00 1.000000e+00
    outer loop
      vertex   1.007438e+02 4.694996e+00 1.050000e+01
      vertex   1.034270e+02 6.277184e+00 1.050000e+01
      vertex   1.028199e+02 7.083917e+00 1.050000e+01
    endloop
  endfacet
  facet normal 0.000000e+00 -0.000000e+00 1.000000e+00
    outer loop
      vertex   1.007438e+02 4.694996e+00 1.050000e+01
      vertex   1.028199e+02 7.083917e+00 1.050000e+01
      vertex   1.002354e+02 5.481264e+00 1.050000e+01
    endloop
  endfacet
  facet normal 0.000000e+00 -0.000000e+00 1.000000e+00
    outer loop
      vertex   1.002354e+02 5.481264e+00 1.050000e+01
      vertex   1.028199e+02 7.083917e+00 1.050000e+01
      vertex   9.977543e+01 6.296791e+00 1.050000e+01
    endloop
  endfacet
  facet normal 0.000000e+00 0.000000e+00 1.000000e+00
    outer loop
      vertex   9.977543e+01 6.296791e+00 1.050000e+01
      vertex   1.028199e+02 7.083917e+00 1.050000e+01
      vertex   1.022590e+02 7.923423e+00 1.050000e+01
    endloop
  endfacet
  facet normal 0.000000e+00 -0.000000e+00 1.000000e+00
    outer loop
      vertex   9.977543e+01 6.296791e+00 1.050000e+01
      vertex   1.022590e+02 7.923423e+00 1.050000e+01
      vertex   9.936555e+01 7.138602e+00 1.050000e+01
    endloop
  endfacet
  facet normal 0.000000e+00 0.000000e+00 1.000000e+00
    outer loop
      vertex   9.936555e+01 7.138602e+00 1.050000e+01
      vertex   1.022590e+02 7.923423e+00 1.050000e+01
      vertex   1.017460e+02 8.793060e+00 1.050000e+01
    endloop
  endfacet
  facet normal 0.000000e+00 -0.000000e+00 1.000000e+00
    outer loop
      vertex   9.936555e+01 7.138602e+00 1.050000e+01
      vertex   1.017460e+02 8.793060e+00 1.050000e+01
      vertex   9.900725e+01 8.003624e+00 1.050000e+01
    endloop
  endfacet
  facet normal 0.000000e+00 0.000000e+00 1.000000e+00
    outer loop
      vertex   9.900725e+01 8.003624e+00 1.050000e+01
      vertex   1.017460e+02 8.793060e+00 1.050000e+01
      vertex   1.012826e+02 9.690093e+00 1.050000e+01
    endloop
  endfacet
  facet normal 0.000000e+00 -0.000000e+00 1.000000e+00
    outer loop
      vertex   9.900725e+01 8.003624e+00 1.050000e+01
      vertex   1.012826e+02 9.690093e+00 1.050000e+01
      vertex   9.870183e+01 8.888703e+00 1.050000e+01
    endloop
  endfacet
  facet normal 0.000000e+00 0.000000e+00 1.000000e+00
    outer loop
      vertex   9.870183e+01 8.888703e+00 1.050000e+01
      vertex   1.012826e+02 9.690093e+00 1.050000e+01
      vertex   1.008702e+02 1.061170e+01 1.050000e+01
    endloop
  endfacet
  facet normal 0.000000e+00 -0.000000e+00 1.000000e+00
    outer loop
      vertex   9.870183e+01 8.888703e+00 1.050000e+01
      vertex   1.008702e+02 1.061170e+01 1.050000e+01
      vertex   9.845040e+01 9.790607e+00 1.050000e+01
    endloop
  endfacet
  facet normal 0.000000e+00 -0.000000e+00 1.000000e+00
    outer loop
      vertex   9.845040e+01 9.790607e+00 1.050000e+01
      vertex   1.008702e+02 1.061170e+01 1.050000e+01
      vertex   9.825389e+01 1.070605e+01 1.050000e+01
    endloop
  endfacet
  facet normal -0.000000e+00 0.000000e+00 1.000000e+00
    outer loop
      vertex   9.825389e+01 1.070605e+01 1.050000e+01
      vertex   1.008702e+02 1.061170e+01 1.050000e+01
      vertex   1.005101e+02 1.155498e+01 1.050000e+01
    endloop
  endfacet
  facet normal 0.000000e+00 -0.000000e+00 1.000000e+00
    outer loop
      vertex   9.825389e+01 1.070605e+01 1.050000e+01
      vertex   1.005101e+02 1.155498e+01 1.050000e+01
      vertex   9.811301e+01 1.163168e+01 1.050000e+01
    endloop
  endfacet
  facet normal -0.000000e+00 0.000000e+00 1.000000e+00
    outer loop
      vertex   9.811301e+01 1.163168e+01 1.050000e+01
      vertex   1.005101e+02 1.155498e+01 1.050000e+01
      vertex   1.002035e+02 1.251696e+01 1.050000e+01
    endloop
  endfacet
  facet normal 0.000000e+00 -0.000000e+00 1.000000e+00
    outer loop
      vertex   9.811301e+01 1.163168e+01 1.050000e+01
      vertex   1.002035e+02 1.251696e+01 1.050000e+01
      vertex   9.802828e+01 1.256413e+01 1.050000e+01
    endloop
  endfacet
  facet normal -0.000000e+00 0.000000e+00 1.000000e+00
    outer loop
      vertex   9.802828e+01 1.256413e+01 1.050000e+01
      vertex   1.002035e+02 1.251696e+01 1.050000e+01
      vertex   9.995130e+01 1.349462e+01 1.050000e+01
    endloop
  endfacet
  facet normal 0.000000e+00 -0.000000e+00 1.000000e+00
    outer loop
      vertex   9.802828e+01 1.256413e+01 1.050000e+01
      vertex   9.995130e+01 1.349462e+01 1.050000e+01
      vertex   9.800000e+01 1.350000e+01 1.050000e+01
    endloop
  endfacet
  facet normal -0.000000e+00 0.000000e+00 1.000000e+00
    outer loop
      vertex   9.800000e+01 1.350000e+01 1.050000e+01
      vertex   9.995130e+01 1.349462e+01 1.050000e+01
      vertex   9.975432e+01 1.448489e+01 1.050000e+01
    endloop
  endfacet
  facet normal 0.000000e+00 0.000000e+00 1.000000e+00
    outer loop
      vertex   9.800000e+01 1.350000e+01 1.050000e+01
      vertex   9.975432e+01 1.448489e+01 1.050000e+01
      vertex   9.961318e+01 1.548464e+01 1.050000e+01
    endloop
  endfacet
  facet normal 0.000000e+00 0.000000e+00 1.000000e+00
    outer loop
      vertex   9.961318e+01 1.548464e+01 1.050000e+01
      vertex   9.952832e+01 1.649073e+01 1.050000e+01
      vertex   9.800000e+01 1.350000e+01 1.050000e+01
    endloop
  endfacet
  facet normal 0.000000e+00 0.000000e+00 1.000000e+00
    outer loop
      vertex   9.800000e+01 1.350000e+01 1.050000e+01
      vertex   9.952832e+01 1.649073e+01 1.050000e+01
      vertex   9.950000e+01 1.750000e+01 1.050000e+01
    endloop
  endfacet
  facet normal 0.000000e+00 0.000000e+00 1.000000e+00
    outer loop
      vertex   9.800000e+01 1.350000e+01 1.050000e+01
      vertex   9.950000e+01 1.750000e+01 1.050000e+01
      vertex   9.800000e+01 2.800000e+01 1.050000e+01
    endloop
  endfacet
  facet normal -0.000000e+00 0.000000e+00 1.000000e+00
    outer loop
      vertex   9.800000e+01 2.800000e+01 1.050000e+01
      vertex   9.950000e+01 1.750000e+01 1.050000e+01
      vertex   9.950000e+01 2.993649e+01 1.050000e+01
    endloop
  endfacet
  facet normal 0.000000e+00 0.000000e+00 1.000000e+00
    outer loop
      vertex   9.800000e+01 2.800000e+01 1.050000e+01
      vertex   9.950000e+01 2.993649e+01 1.050000e+01
      vertex   9.802709e+01 2.832804e+01 1.050000e+01
    endloop
  endfacet
  facet normal 0.000000e+00 0.000000e+00 1.000000e+00
    outer loop
      vertex   9.802709e+01 2.832804e+01 1.050000e+01
      vertex   9.950000e+01 2.993649e+01 1.050000e+01
      vertex   9.810761e+01 2.864720e+01 1.050000e+01
    endloop
  endfacet
  facet normal 0.000000e+00 0.000000e+00 1.000000e+00
    outer loop
      vertex   9.810761e+01 2.864720e+01 1.050000e+01
      vertex   9.950000e+01 2.993649e+01 1.050000e+01
      vertex   9.823939e+01 2.894882e+01 1.050000e+01
    endloop
  endfacet
  facet normal 0.000000e+00 0.000000e+00 1.000000e+00
    outer loop
      vertex   9.823939e+01 2.894882e+01 1.050000e+01
      vertex   9.950000e+01 2.993649e+01 1.050000e+01
      vertex   9.841886e+01 2.922475e+01 1.050000e+01
    endloop
  endfacet
  facet normal 0.000000e+00 0.000000e+00 1.000000e+00
    outer loop
      vertex   9.841886e+01 2.922475e+01 1.050000e+01
      vertex   9.950000e+01 2.993649e+01 1.050000e+01
      vertex   9.864116e+01 2.946750e+01 1.050000e+01
    endloop
  endfacet
  facet normal 0.000000e+00 0.000000e+00 1.000000e+00
    outer loop
      vertex   9.864116e+01 2.946750e+01 1.050000e+01
      vertex   9.950000e+01 2.993649e+01 1.050000e+01
      vertex   9.890026e+01 2.967050e+01 1.050000e+01
    endloop
  endfacet
  facet normal 0.000000e+00 0.000000e+00 1.000000e+00
    outer loop
      vertex   9.890026e+01 2.967050e+01 1.050000e+01
      vertex   9.950000e+01 2.993649e+01 1.050000e+01
      vertex   9.918915e+01 2.982826e+01 1.050000e+01
    endloop
  endfacet
  facet normal 9.996066e-01 2.804626e-02 -0.000000e+00
    outer loop
      vertex   9.950000e+01 1.750000e+01 7.500000e+00
      vertex   9.950000e+01 1.750000e+01 1.050000e+01
      vertex   9.952832e+01 1.649073e+01 7.500000e+00
    endloop
  endfacet
  facet normal 9.996066e-01 2.804626e-02 4.735088e-15
    outer loop
      vertex   9.952832e+01 1.649073e+01 7.500000e+00
      vertex   9.950000e+01 1.750000e+01 1.050000e+01
      vertex   9.952832e+01 1.649073e+01 1.050000e+01
    endloop
  endfacet
  facet normal 9.964615e-01 8.405052e-02 4.720190e-15
    outer loop
      vertex   9.952832e+01 1.649073e+01 7.500000e+00
      vertex   9.952832e+01 1.649073e+01 1.050000e+01
      vertex   9.961318e+01 1.548464e+01 7.500000e+00
    endloop
  endfacet
  facet normal 9.964615e-01 8.405052e-02 -0.000000e+00
    outer loop
      vertex   9.961318e+01 1.548464e+01 7.500000e+00
      vertex   9.952832e+01 1.649073e+01 1.050000e+01
      vertex   9.961318e+01 1.548464e+01 1.050000e+01
    endloop
  endfacet
  facet normal 9.901811e-01 1.397903e-01 -0.000000e+00
    outer loop
      vertex   9.961318e+01 1.548464e+01 7.500000e+00
      vertex   9.961318e+01 1.548464e+01 1.050000e+01
      vertex   9.975432e+01 1.448489e+01 7.500000e+00
    endloop
  endfacet
  facet normal 9.901811e-01 1.397903e-01 8.277251e-17
    outer loop
      vertex   9.975432e+01 1.448489e+01 7.500000e+00
      vertex   9.961318e+01 1.548464e+01 1.050000e+01
      vertex   9.975432e+01 1.448489e+01 1.050000e+01
    endloop
  endfacet
  facet normal 9.807853e-01 1.950903e-01 1.155167e-16
    outer loop
      vertex   9.975432e+01 1.448489e+01 7.500000e+00
      vertex   9.975432e+01 1.448489e+01 1.050000e+01
      vertex   9.995130e+01 1.349462e+01 7.500000e+00
    endloop
  endfacet
  facet normal 9.807853e-01 1.950903e-01 2.310334e-16
    outer loop
      vertex   9.995130e+01 1.349462e+01 7.500000e+00
      vertex   9.975432e+01 1.448489e+01 1.050000e+01
      vertex   9.995130e+01 1.349462e+01 1.050000e+01
    endloop
  endfacet
  facet normal 9.683035e-01 2.497765e-01 2.957948e-16
    outer loop
      vertex   9.995130e+01 1.349462e+01 7.500000e+00
      vertex   9.995130e+01 1.349462e+01 1.050000e+01
      vertex   1.002035e+02 1.251696e+01 7.500000e+00
    endloop
  endfacet
  facet normal 9.683035e-01 2.497765e-01 -0.000000e+00
    outer loop
      vertex   1.002035e+02 1.251696e+01 7.500000e+00
      vertex   9.995130e+01 1.349462e+01 1.050000e+01
      vertex   1.002035e+02 1.251696e+01 1.050000e+01
    endloop
  endfacet
  facet normal 9.527751e-01 3.036767e-01 -0.000000e+00
    outer loop
      vertex   1.002035e+02 1.251696e+01 7.500000e+00
      vertex   1.002035e+02 1.251696e+01 1.050000e+01
      vertex   1.005101e+02 1.155498e+01 7.500000e+00
    endloop
  endfacet
  facet normal 9.527751e-01 3.036767e-01 3.596255e-16
    outer loop
      vertex   1.005101e+02 1.155498e+01 7.500000e+00
      vertex   1.002035e+02 1.251696e+01 1.050000e+01
      vertex   1.005101e+02 1.155498e+01 1.050000e+01
    endloop
  endfacet
  facet normal 9.342489e-01 3.566215e-01 4.223247e-16
    outer loop
      vertex   1.005101e+02 1.155498e+01 7.500000e+00
      vertex   1.005101e+02 1.155498e+01 1.050000e+01
      vertex   1.008702e+02 1.061170e+01 7.500000e+00
    endloop
  endfacet
  facet normal 9.342489e-01 3.566215e-01 4.636654e-15
    outer loop
      vertex   1.008702e+02 1.061170e+01 7.500000e+00
      vertex   1.005101e+02 1.155498e+01 1.050000e+01
      vertex   1.008702e+02 1.061170e+01 1.050000e+01
    endloop
  endfacet
  facet normal 9.127833e-01 4.084443e-01 4.565658e-15
    outer loop
      vertex   1.008702e+02 1.061170e+01 7.500000e+00
      vertex   1.008702e+02 1.061170e+01 1.050000e+01
      vertex   1.012826e+02 9.690093e+00 7.500000e+00
    endloop
  endfacet
  facet normal 9.127833e-01 4.084443e-01 4.807505e-15
    outer loop
      vertex   1.012826e+02 9.690093e+00 7.500000e+00
      vertex   1.008702e+02 1.061170e+01 1.050000e+01
      vertex   1.012826e+02 9.690093e+00 1.050000e+01
    endloop
  endfacet
  facet normal 8.884456e-01 4.589819e-01 4.752068e-15
    outer loop
      vertex   1.012826e+02 9.690093e+00 7.500000e+00
      vertex   1.012826e+02 9.690093e+00 1.050000e+01
      vertex   1.017460e+02 8.793060e+00 7.500000e+00
    endloop
  endfacet
  facet normal 8.884456e-01 4.589819e-01 4.752068e-15
    outer loop
      vertex   1.017460e+02 8.793060e+00 7.500000e+00
      vertex   1.012826e+02 9.690093e+00 1.050000e+01
      vertex   1.017460e+02 8.793060e+00 1.050000e+01
    endloop
  endfacet
  facet normal 8.613126e-01 5.080753e-01 4.681678e-15
    outer loop
      vertex   1.017460e+02 8.793060e+00 7.500000e+00
      vertex   1.017460e+02 8.793060e+00 1.050000e+01
      vertex   1.022590e+02 7.923423e+00 7.500000e+00
    endloop
  endfacet
  facet normal 8.613126e-01 5.080753e-01 9.025231e-16
    outer loop
      vertex   1.022590e+02 7.923423e+00 7.500000e+00
      vertex   1.017460e+02 8.793060e+00 1.050000e+01
      vertex   1.022590e+02 7.923423e+00 1.050000e+01
    endloop
  endfacet
  facet normal 8.314696e-01 5.555702e-01 9.868910e-16
    outer loop
      vertex   1.022590e+02 7.923423e+00 7.500000e+00
      vertex   1.022590e+02 7.923423e+00 1.050000e+01
      vertex   1.028199e+02 7.083917e+00 7.500000e+00
    endloop
  endfacet
  facet normal 8.314696e-01 5.555702e-01 6.579273e-16
    outer loop
      vertex   1.028199e+02 7.083917e+00 7.500000e+00
      vertex   1.022590e+02 7.923423e+00 1.050000e+01
      vertex   1.028199e+02 7.083917e+00 1.050000e+01
    endloop
  endfacet
  facet normal 7.990105e-01 6.013171e-01 7.121025e-16
    outer loop
      vertex   1.028199e+02 7.083917e+00 7.500000e+00
      vertex   1.028199e+02 7.083917e+00 1.050000e+01
      vertex   1.034270e+02 6.277184e+00 7.500000e+00
    endloop
  endfacet
  facet normal 7.990105e-01 6.013171e-01 7.121025e-16
    outer loop
      vertex   1.034270e+02 6.277184e+00 7.500000e+00
      vertex   1.028199e+02 7.083917e+00 1.050000e+01
      vertex   1.034270e+02 6.277184e+00 1.050000e+01
    endloop
  endfacet
  facet normal 7.640374e-01 6.451720e-01 7.640371e-16
    outer loop
      vertex   1.034270e+02 6.277184e+00 7.500000e+00
      vertex   1.034270e+02 6.277184e+00 1.050000e+01
      vertex   1.040784e+02 5.505762e+00 7.500000e+00
    endloop
  endfacet
  facet normal 7.640374e-01 6.451720e-01 1.146056e-15
    outer loop
      vertex   1.040784e+02 5.505762e+00 7.500000e+00
      vertex   1.034270e+02 6.277184e+00 1.050000e+01
      vertex   1.040784e+02 5.505762e+00 1.050000e+01
    endloop
  endfacet
  facet normal 7.266603e-01 6.869969e-01 1.220352e-15
    outer loop
      vertex   1.040784e+02 5.505762e+00 7.500000e+00
      vertex   1.040784e+02 5.505762e+00 1.050000e+01
      vertex   1.047721e+02 4.772078e+00 7.500000e+00
    endloop
  endfacet
  facet normal 7.266603e-01 6.869969e-01 7.901269e-15
    outer loop
      vertex   1.047721e+02 4.772078e+00 7.500000e+00
      vertex   1.040784e+02 5.505762e+00 1.050000e+01
      vertex   1.047721e+02 4.772078e+00 1.050000e+01
    endloop
  endfacet
  facet normal 6.869969e-01 7.266603e-01 7.584216e-15
    outer loop
      vertex   1.047721e+02 4.772078e+00 7.500000e+00
      vertex   1.047721e+02 4.772078e+00 1.050000e+01
      vertex   1.055058e+02 4.078441e+00 7.500000e+00
    endloop
  endfacet
  facet normal 6.869969e-01 7.266603e-01 1.290808e-15
    outer loop
      vertex   1.055058e+02 4.078441e+00 7.500000e+00
      vertex   1.047721e+02 4.772078e+00 1.050000e+01
      vertex   1.055058e+02 4.078441e+00 1.050000e+01
    endloop
  endfacet
  facet normal 6.451720e-01 7.640374e-01 1.357203e-15
    outer loop
      vertex   1.055058e+02 4.078441e+00 7.500000e+00
      vertex   1.055058e+02 4.078441e+00 1.050000e+01
      vertex   1.062772e+02 3.427033e+00 7.500000e+00
    endloop
  endfacet
  facet normal 6.451720e-01 7.640374e-01 1.470303e-15
    outer loop
      vertex   1.062772e+02 3.427033e+00 7.500000e+00
      vertex   1.055058e+02 4.078441e+00 1.050000e+01
      vertex   1.062772e+02 3.427033e+00 1.050000e+01
    endloop
  endfacet
  facet normal 6.013171e-01 7.990105e-01 1.537605e-15
    outer loop
      vertex   1.062772e+02 3.427033e+00 7.500000e+00
      vertex   1.062772e+02 3.427033e+00 1.050000e+01
      vertex   1.070839e+02 2.819904e+00 7.500000e+00
    endloop
  endfacet
  facet normal 6.013171e-01 7.990105e-01 1.419328e-15
    outer loop
      vertex   1.070839e+02 2.819904e+00 7.500000e+00
      vertex   1.062772e+02 3.427033e+00 1.050000e+01
      vertex   1.070839e+02 2.819904e+00 1.050000e+01
    endloop
  endfacet
  facet normal 5.555702e-01 8.314696e-01 1.476987e-15
    outer loop
      vertex   1.070839e+02 2.819904e+00 7.500000e+00
      vertex   1.070839e+02 2.819904e+00 1.050000e+01
      vertex   1.079234e+02 2.258964e+00 7.500000e+00
    endloop
  endfacet
  facet normal 5.555702e-01 8.314696e-01 1.476987e-15
    outer loop
      vertex   1.079234e+02 2.258964e+00 7.500000e+00
      vertex   1.070839e+02 2.819904e+00 1.050000e+01
      vertex   1.079234e+02 2.258964e+00 1.050000e+01
    endloop
  endfacet
  facet normal 5.080753e-01 8.613126e-01 1.529999e-15
    outer loop
      vertex   1.079234e+02 2.258964e+00 7.500000e+00
      vertex   1.079234e+02 2.258964e+00 1.050000e+01
      vertex   1.087931e+02 1.745978e+00 7.500000e+00
    endloop
  endfacet
  facet normal 5.080753e-01 8.613126e-01 -3.092208e-15
    outer loop
      vertex   1.087931e+02 1.745978e+00 7.500000e+00
      vertex   1.079234e+02 2.258964e+00 1.050000e+01
      vertex   1.087931e+02 1.745978e+00 1.050000e+01
    endloop
  endfacet
  facet normal 4.589819e-01 8.884456e-01 -2.572879e-15
    outer loop
      vertex   1.087931e+02 1.745978e+00 7.500000e+00
      vertex   1.087931e+02 1.745978e+00 1.050000e+01
      vertex   1.096901e+02 1.282560e+00 7.500000e+00
    endloop
  endfacet
  facet normal 4.589819e-01 8.884456e-01 -3.987038e-16
    outer loop
      vertex   1.096901e+02 1.282560e+00 7.500000e+00
      vertex   1.087931e+02 1.745978e+00 1.050000e+01
      vertex   1.096901e+02 1.282560e+00 1.050000e+01
    endloop
  endfacet
  facet normal 4.084443e-01 9.127833e-01 -1.106733e-16
    outer loop
      vertex   1.096901e+02 1.282560e+00 7.500000e+00
      vertex   1.096901e+02 1.282560e+00 1.050000e+01
      vertex   1.106117e+02 8.701684e-01 7.500000e+00
    endloop
  endfacet
  facet normal 4.084443e-01 9.127833e-01 3.792668e-15
    outer loop
      vertex   1.106117e+02 8.701684e-01 7.500000e+00
      vertex   1.096901e+02 1.282560e+00 1.050000e+01
      vertex   1.106117e+02 8.701684e-01 1.050000e+01
    endloop
  endfacet
  facet normal 3.566215e-01 9.342489e-01 3.590878e-15
    outer loop
      vertex   1.106117e+02 8.701684e-01 7.500000e+00
      vertex   1.106117e+02 8.701684e-01 1.050000e+01
      vertex   1.115550e+02 5.101001e-01 7.500000e+00
    endloop
  endfacet
  facet normal 3.566215e-01 9.342489e-01 2.074449e-15
    outer loop
      vertex   1.115550e+02 5.101001e-01 7.500000e+00
      vertex   1.106117e+02 8.701684e-01 1.050000e+01
      vertex   1.115550e+02 5.101001e-01 1.050000e+01
    endloop
  endfacet
  facet normal 3.036767e-01 9.527751e-01 2.115586e-15
    outer loop
      vertex   1.115550e+02 5.101001e-01 7.500000e+00
      vertex   1.115550e+02 5.101001e-01 1.050000e+01
      vertex   1.125170e+02 2.034882e-01 7.500000e+00
    endloop
  endfacet
  facet normal 3.036767e-01 9.527751e-01 1.410391e-15
    outer loop
      vertex   1.125170e+02 2.034882e-01 7.500000e+00
      vertex   1.115550e+02 5.101001e-01 1.050000e+01
      vertex   1.125170e+02 2.034882e-01 1.050000e+01
    endloop
  endfacet
  facet normal 2.497765e-01 9.683035e-01 1.433377e-15
    outer loop
      vertex   1.125170e+02 2.034882e-01 7.500000e+00
      vertex   1.125170e+02 2.034882e-01 1.050000e+01
      vertex   1.134946e+02 -4.870242e-02 7.500000e+00
    endloop
  endfacet
  facet normal 2.497765e-01 9.683035e-01 2.150066e-15
    outer loop
      vertex   1.134946e+02 -4.870242e-02 7.500000e+00
      vertex   1.125170e+02 2.034882e-01 1.050000e+01
      vertex   1.134946e+02 -4.870242e-02 1.050000e+01
    endloop
  endfacet
  facet normal 1.950903e-01 9.807853e-01 2.177781e-15
    outer loop
      vertex   1.134946e+02 -4.870242e-02 7.500000e+00
      vertex   1.134946e+02 -4.870242e-02 1.050000e+01
      vertex   1.144849e+02 -2.456783e-01 7.500000e+00
    endloop
  endfacet
  facet normal 1.950903e-01 9.807853e-01 2.177781e-15
    outer loop
      vertex   1.144849e+02 -2.456783e-01 7.500000e+00
      vertex   1.134946e+02 -4.870242e-02 1.050000e+01
      vertex   1.144849e+02 -2.456783e-01 1.050000e+01
    endloop
  endfacet
  facet normal 1.397903e-01 9.901811e-01 2.198644e-15
    outer loop
      vertex   1.144849e+02 -2.456783e-01 7.500000e+00
      vertex   1.144849e+02 -2.456783e-01 1.050000e+01
      vertex   1.154846e+02 -3.868198e-01 7.500000e+00
    endloop
  endfacet
  facet normal 1.397903e-01 9.901811e-01 1.832203e-15
    outer loop
      vertex   1.154846e+02 -3.868198e-01 7.500000e+00
      vertex   1.144849e+02 -2.456783e-01 1.050000e+01
      vertex   1.154846e+02 -3.868198e-01 1.050000e+01
    endloop
  endfacet
  facet normal 8.405052e-02 9.964615e-01 1.843824e-15
    outer loop
      vertex   1.154846e+02 -3.868198e-01 7.500000e+00
      vertex   1.154846e+02 -3.868198e-01 1.050000e+01
      vertex   1.164907e+02 -4.716827e-01 7.500000e+00
    endloop
  endfacet
  facet normal 8.405052e-02 9.964615e-01 1.814446e-15
    outer loop
      vertex   1.164907e+02 -4.716827e-01 7.500000e+00
      vertex   1.154846e+02 -3.868198e-01 1.050000e+01
      vertex   1.164907e+02 -4.716827e-01 1.050000e+01
    endloop
  endfacet
  facet normal 2.804626e-02 9.996066e-01 2.086719e-15
    outer loop
      vertex   1.164907e+02 -4.716827e-01 7.500000e+00
      vertex   1.164907e+02 -4.716827e-01 1.050000e+01
      vertex   1.175000e+02 -5.000000e-01 7.500000e+00
    endloop
  endfacet
  facet normal 2.804626e-02 9.996066e-01 8.138433e-16
    outer loop
      vertex   1.175000e+02 -5.000000e-01 7.500000e+00
      vertex   1.164907e+02 -4.716827e-01 1.050000e+01
      vertex   1.175000e+02 -5.000000e-01 1.050000e+01
    endloop
  endfacet
  facet normal -8.534345e-15 1.000000e+00 8.141636e-16
    outer loop
      vertex   1.175000e+02 -5.000000e-01 1.050000e+01
      vertex   1.299365e+02 -5.000000e-01 1.050000e+01
      vertex   1.175000e+02 -5.000000e-01 7.500000e+00
    endloop
  endfacet
  facet normal 1.785428e-16 1.000000e+00 -3.530509e-14
    outer loop
      vertex   1.175000e+02 -5.000000e-01 7.500000e+00
      vertex   1.299365e+02 -5.000000e-01 1.050000e+01
      vertex   1.299365e+02 -5.000000e-01 7.500000e+00
    endloop
  endfacet
  facet normal 9.601048e-01 -2.796406e-01 -1.356623e-13
    outer loop
      vertex   1.299365e+02 -5.000000e-01 7.500000e+00
      vertex   1.299365e+02 -5.000000e-01 1.050000e+01
      vertex   1.299021e+02 -6.180340e-01 5.250000e+00
    endloop
  endfacet
  facet normal 9.443891e-01 -3.288280e-01 1.208774e-03
    outer loop
      vertex   1.299021e+02 -6.180340e-01 5.250000e+00
      vertex   1.299365e+02 -5.000000e-01 1.050000e+01
      vertex   1.298283e+02 -8.108519e-01 1.050000e+01
    endloop
  endfacet
  facet normal 9.238790e-01 -3.826832e-01 -1.057717e-03
    outer loop
      vertex   1.299021e+02 -6.180340e-01 5.250000e+00
      vertex   1.298283e+02 -8.108519e-01 1.050000e+01
      vertex   1.297820e+02 -9.079810e-01 5.250000e+00
    endloop
  endfacet
  facet normal 8.776649e-01 -4.792734e-01 1.136337e-03
    outer loop
      vertex   1.297820e+02 -9.079810e-01 5.250000e+00
      vertex   1.298283e+02 -8.108519e-01 1.050000e+01
      vertex   1.296705e+02 -1.099741e+00 1.050000e+01
    endloop
  endfacet
  facet normal 8.526398e-01 -5.224983e-01 -9.740345e-04
    outer loop
      vertex   1.297820e+02 -9.079810e-01 5.250000e+00
      vertex   1.296705e+02 -1.099741e+00 1.050000e+01
      vertex   1.296180e+02 -1.175571e+00 5.250000e+00
    endloop
  endfacet
  facet normal 7.871683e-01 -6.167373e-01 1.041411e-03
    outer loop
      vertex   1.296180e+02 -1.175571e+00 5.250000e+00
      vertex   1.296705e+02 -1.099741e+00 1.050000e+01
      vertex   1.294675e+02 -1.358843e+00 1.050000e+01
    endloop
  endfacet
  facet normal 7.604057e-01 -6.494478e-01 -8.678664e-04
    outer loop
      vertex   1.296180e+02 -1.175571e+00 5.250000e+00
      vertex   1.294675e+02 -1.358843e+00 1.050000e+01
      vertex   1.294142e+02 -1.414214e+00 5.250000e+00
    endloop
  endfacet
  facet normal 6.753505e-01 -7.374963e-01 9.240024e-04
    outer loop
      vertex   1.294142e+02 -1.414214e+00 5.250000e+00
      vertex   1.294675e+02 -1.358843e+00 1.050000e+01
      vertex   1.292247e+02 -1.581139e+00 1.050000e+01
    endloop
  endfacet
  facet normal 6.494479e-01 -7.604058e-01 -7.392184e-04
    outer loop
      vertex   1.294142e+02 -1.414214e+00 5.250000e+00
      vertex   1.292247e+02 -1.581139e+00 1.050000e+01
      vertex   1.291756e+02 -1.618034e+00 5.250000e+00
    endloop
  endfacet
  facet normal 5.452402e-01 -8.382795e-01 7.841174e-04
    outer loop
      vertex   1.291756e+02 -1.618034e+00 5.250000e+00
      vertex   1.292247e+02 -1.581139e+00 1.050000e+01
      vertex   1.289488e+02 -1.760608e+00 1.050000e+01
    endloop
  endfacet
  facet normal 5.224985e-01 -8.526400e-01 -5.880982e-04
    outer loop
      vertex   1.291756e+02 -1.618034e+00 5.250000e+00
      vertex   1.289488e+02 -1.760608e+00 1.050000e+01
      vertex   1.289080e+02 -1.782013e+00 5.250000e+00
    endloop
  endfacet
  facet normal 4.003614e-01 -9.163571e-01 6.217643e-04
    outer loop
      vertex   1.289080e+02 -1.782013e+00 5.250000e+00
      vertex   1.289488e+02 -1.760608e+00 1.050000e+01
      vertex   1.286472e+02 -1.892390e+00 1.050000e+01
    endloop
  endfacet
  facet normal 3.826834e-01 -9.238795e-01 -4.145147e-04
    outer loop
      vertex   1.289080e+02 -1.782013e+00 5.250000e+00
      vertex   1.286472e+02 -1.892390e+00 1.050000e+01
      vertex   1.286180e+02 -1.902113e+00 5.250000e+00
    endloop
  endfacet
  facet normal 2.446384e-01 -9.696143e-01 4.369529e-04
    outer loop
      vertex   1.286180e+02 -1.902113e+00 5.250000e+00
      vertex   1.286472e+02 -1.892390e+00 1.050000e+01
      vertex   1.283280e+02 -1.972914e+00 1.050000e+01
    endloop
  endfacet
  facet normal 2.334454e-01 -9.723699e-01 -2.184781e-04
    outer loop
      vertex   1.286180e+02 -1.902113e+00 5.250000e+00
      vertex   1.283280e+02 -1.972914e+00 1.050000e+01
      vertex   1.283129e+02 -1.975377e+00 5.250000e+00
    endloop
  endfacet
  facet normal 8.228910e-02 -9.966085e-01 2.296941e-04
    outer loop
      vertex   1.283129e+02 -1.975377e+00 5.250000e+00
      vertex   1.283280e+02 -1.972914e+00 1.050000e+01
      vertex   1.280000e+02 -2.000000e+00 1.050000e+01
    endloop
  endfacet
  facet normal 7.845910e-02 -9.969173e-01 0.000000e+00
    outer loop
      vertex   1.283129e+02 -1.975377e+00 5.250000e+00
      vertex   1.280000e+02 -2.000000e+00 1.050000e+01
      vertex   1.280000e+02 -2.000000e+00 -1.110223e-15
    endloop
  endfacet
  facet normal 7.845910e-02 -9.969173e-01 -8.422823e-17
    outer loop
      vertex   1.280000e+02 -2.000000e+00 -1.110223e-15
      vertex   1.283129e+02 -1.975377e+00 0.000000e+00
      vertex   1.283129e+02 -1.975377e+00 5.250000e+00
    endloop
  endfacet
  facet normal 2.334454e-01 -9.723699e-01 -8.225124e-17
    outer loop
      vertex   1.283129e+02 -1.975377e+00 5.250000e+00
      vertex   1.283129e+02 -1.975377e+00 0.000000e+00
      vertex   1.286180e+02 -1.902113e+00 5.250000e+00
    endloop
  endfacet
  facet normal 2.334454e-01 -9.723699e-01 -8.212252e-17
    outer loop
      vertex   1.283129e+02 -1.975377e+00 0.000000e+00
      vertex   1.286180e+02 -1.902113e+00 0.000000e+00
      vertex   1.286180e+02 -1.902113e+00 5.250000e+00
    endloop
  endfacet
  facet normal 3.826834e-01 -9.238795e-01 -7.814951e-17
    outer loop
      vertex   1.286180e+02 -1.902113e+00 5.250000e+00
      vertex   1.286180e+02 -1.902113e+00 0.000000e+00
      vertex   1.289080e+02 -1.782013e+00 5.250000e+00
    endloop
  endfacet
  facet normal 3.826834e-01 -9.238795e-01 -1.179195e-16
    outer loop
      vertex   1.286180e+02 -1.902113e+00 0.000000e+00
      vertex   1.289080e+02 -1.782013e+00 0.000000e+00
      vertex   1.289080e+02 -1.782013e+00 5.250000e+00
    endloop
  endfacet
  facet normal 5.224986e-01 -8.526402e-01 -1.081852e-16
    outer loop
      vertex   1.289080e+02 -1.782013e+00 5.250000e+00
      vertex   1.289080e+02 -1.782013e+00 0.000000e+00
      vertex   1.291756e+02 -1.618034e+00 5.250000e+00
    endloop
  endfacet
  facet normal 5.224986e-01 -8.526402e-01 3.958727e-16
    outer loop
      vertex   1.289080e+02 -1.782013e+00 0.000000e+00
      vertex   1.291756e+02 -1.618034e+00 0.000000e+00
      vertex   1.291756e+02 -1.618034e+00 5.250000e+00
    endloop
  endfacet
  facet normal 6.494480e-01 -7.604060e-01 3.537685e-16
    outer loop
      vertex   1.291756e+02 -1.618034e+00 5.250000e+00
      vertex   1.291756e+02 -1.618034e+00 0.000000e+00
      vertex   1.294142e+02 -1.414214e+00 5.250000e+00
    endloop
  endfacet
  facet normal 6.494480e-01 -7.604060e-01 -1.305537e-16
    outer loop
      vertex   1.291756e+02 -1.618034e+00 0.000000e+00
      vertex   1.294142e+02 -1.414214e+00 0.000000e+00
      vertex   1.294142e+02 -1.414214e+00 5.250000e+00
    endloop
  endfacet
  facet normal 7.604060e-01 -6.494480e-01 -1.098716e-16
    outer loop
      vertex   1.294142e+02 -1.414214e+00 5.250000e+00
      vertex   1.294142e+02 -1.414214e+00 0.000000e+00
      vertex   1.296180e+02 -1.175571e+00 5.250000e+00
    endloop
  endfacet
  facet normal 7.604060e-01 -6.494480e-01 4.417770e-15
    outer loop
      vertex   1.294142e+02 -1.414214e+00 0.000000e+00
      vertex   1.296180e+02 -1.175571e+00 0.000000e+00
      vertex   1.296180e+02 -1.175571e+00 5.250000e+00
    endloop
  endfacet
  facet normal 8.526402e-01 -5.224986e-01 4.858988e-15
    outer loop
      vertex   1.296180e+02 -1.175571e+00 5.250000e+00
      vertex   1.296180e+02 -1.175571e+00 0.000000e+00
      vertex   1.297820e+02 -9.079810e-01 5.250000e+00
    endloop
  endfacet
  facet normal 8.526402e-01 -5.224986e-01 -1.642450e-16
    outer loop
      vertex   1.296180e+02 -1.175571e+00 0.000000e+00
      vertex   1.297820e+02 -9.079810e-01 0.000000e+00
      vertex   1.297820e+02 -9.079810e-01 5.250000e+00
    endloop
  endfacet
  facet normal 9.238795e-01 -3.826834e-01 -1.213897e-16
    outer loop
      vertex   1.297820e+02 -9.079810e-01 5.250000e+00
      vertex   1.297820e+02 -9.079810e-01 0.000000e+00
      vertex   1.299021e+02 -6.180340e-01 5.250000e+00
    endloop
  endfacet
  facet normal 9.238795e-01 -3.826834e-01 -8.843964e-17
    outer loop
      vertex   1.297820e+02 -9.079810e-01 0.000000e+00
      vertex   1.299021e+02 -6.180340e-01 0.000000e+00
      vertex   1.299021e+02 -6.180340e-01 5.250000e+00
    endloop
  endfacet
  facet normal 9.723699e-01 -2.334454e-01 -5.430363e-17
    outer loop
      vertex   1.299021e+02 -6.180340e-01 5.250000e+00
      vertex   1.299021e+02 -6.180340e-01 0.000000e+00
      vertex   1.299754e+02 -3.128689e-01 5.250000e+00
    endloop
  endfacet
  facet normal 9.723571e-01 -2.334423e-01 -5.137732e-03
    outer loop
      vertex   1.299021e+02 -6.180340e-01 5.250000e+00
      vertex   1.299754e+02 -3.128689e-01 5.250000e+00
      vertex   1.299462e+02 -4.684763e-01 6.803236e+00
    endloop
  endfacet
  facet normal 7.613310e-01 -6.463962e-01 -5.046908e-02
    outer loop
      vertex   1.299462e+02 -4.684763e-01 6.803236e+00
      vertex   1.299754e+02 -3.128689e-01 5.250000e+00
      vertex   1.299562e+02 -4.291732e-01 6.450815e+00
    endloop
  endfacet
  facet normal 9.618801e-01 -2.732450e-01 -1.113056e-02
    outer loop
      vertex   1.299562e+02 -4.291732e-01 6.450815e+00
      vertex   1.299754e+02 -3.128689e-01 5.250000e+00
      vertex   1.299677e+02 -3.742662e-01 6.097962e+00
    endloop
  endfacet
  facet normal 9.829276e-01 -1.839383e-01 -4.474895e-03
    outer loop
      vertex   1.299677e+02 -3.742662e-01 6.097962e+00
      vertex   1.299754e+02 -3.128689e-01 5.250000e+00
      vertex   1.299793e+02 -3.038231e-01 5.746371e+00
    endloop
  endfacet
  facet normal 9.902276e-01 -1.393584e-01 -5.345449e-03
    outer loop
      vertex   1.299793e+02 -3.038231e-01 5.746371e+00
      vertex   1.299754e+02 -3.128689e-01 5.250000e+00
      vertex   1.299895e+02 -2.179115e-01 5.397739e+00
    endloop
  endfacet
  facet normal 9.890619e-01 -1.475013e-01 3.011434e-18
    outer loop
      vertex   1.299895e+02 -2.179115e-01 5.397739e+00
      vertex   1.299754e+02 -3.128689e-01 5.250000e+00
      vertex   1.299754e+02 -3.128689e-01 0.000000e+00
    endloop
  endfacet
  facet normal 9.970256e-01 -7.706090e-02 -1.260086e-03
    outer loop
      vertex   1.299895e+02 -2.179115e-01 5.397739e+00
      vertex   1.299754e+02 -3.128689e-01 0.000000e+00
      vertex   1.299969e+02 -1.165991e-01 5.053760e+00
    endloop
  endfacet
  facet normal 9.969166e-01 -7.845904e-02 -1.205322e-03
    outer loop
      vertex   1.299969e+02 -1.165991e-01 5.053760e+00
      vertex   1.299754e+02 -3.128689e-01 0.000000e+00
      vertex   1.300000e+02 0.000000e+00 0.000000e+00
    endloop
  endfacet
  facet normal 9.996544e-01 -2.628872e-02 0.000000e+00
    outer loop
      vertex   1.299969e+02 -1.165991e-01 5.053760e+00
      vertex   1.300000e+02 0.000000e+00 0.000000e+00
      vertex   1.300000e+02 0.000000e+00 4.716118e+00
    endloop
  endfacet
  facet normal 9.723699e-01 -2.334454e-01 4.211411e-18
    outer loop
      vertex   1.299021e+02 -6.180340e-01 0.000000e+00
      vertex   1.299754e+02 -3.128689e-01 0.000000e+00
      vertex   1.299754e+02 -3.128689e-01 5.250000e+00
    endloop
  endfacet
  facet normal 9.587377e-01 -2.842922e-01 1.452888e-04
    outer loop
      vertex   1.299462e+02 -4.684763e-01 6.803236e+00
      vertex   1.299392e+02 -4.921078e-01 7.153530e+00
      vertex   1.299021e+02 -6.180340e-01 5.250000e+00
    endloop
  endfacet
  facet normal 9.563292e-01 -2.922908e-01 7.213095e-04
    outer loop
      vertex   1.299021e+02 -6.180340e-01 5.250000e+00
      vertex   1.299392e+02 -4.921078e-01 7.153530e+00
      vertex   1.299365e+02 -5.000000e-01 7.500000e+00
    endloop
  endfacet
  facet normal -0.000000e+00 -1.000000e+00 -0.000000e+00
    outer loop
      vertex   1.280000e+02 -2.000000e+00 1.050000e+01
      vertex   1.135000e+02 -2.000000e+00 1.050000e+01
      vertex   1.280000e+02 -2.000000e+00 -1.110223e-15
    endloop
  endfacet
  facet normal 0.000000e+00 -1.000000e+00 0.000000e+00
    outer loop
      vertex   1.280000e+02 -2.000000e+00 -1.110223e-15
      vertex   1.135000e+02 -2.000000e+00 1.050000e+01
      vertex   1.135000e+02 -2.000000e+00 0.000000e+00
    endloop
  endfacet
  facet normal 2.802232e-02 9.987534e-01 4.130875e-02
    outer loop
      vertex   1.175000e+02 -5.000000e-01 7.500000e+00
      vertex   1.175000e+02 -4.726759e-01 6.839365e+00
      vertex   1.164907e+02 -4.716827e-01 7.500000e+00
    endloop
  endfacet
  facet normal 2.802232e-02 9.987534e-01 4.130875e-02
    outer loop
      vertex   1.164907e+02 -4.716827e-01 7.500000e+00
      vertex   1.175000e+02 -4.726759e-01 6.839365e+00
      vertex   1.164923e+02 -4.444016e-01 6.839365e+00
    endloop
  endfacet
  facet normal 8.397878e-02 9.956109e-01 4.130875e-02
    outer loop
      vertex   1.164907e+02 -4.716827e-01 7.500000e+00
      vertex   1.164923e+02 -4.444016e-01 6.839365e+00
      vertex   1.154846e+02 -3.868198e-01 7.500000e+00
    endloop
  endfacet
  facet normal 8.397878e-02 9.956109e-01 4.130875e-02
    outer loop
      vertex   1.154846e+02 -3.868198e-01 7.500000e+00
      vertex   1.164923e+02 -4.444016e-01 6.839365e+00
      vertex   1.154877e+02 -3.596675e-01 6.839365e+00
    endloop
  endfacet
  facet normal 1.396710e-01 9.893359e-01 4.130875e-02
    outer loop
      vertex   1.154846e+02 -3.868198e-01 7.500000e+00
      vertex   1.154877e+02 -3.596675e-01 6.839365e+00
      vertex   1.144849e+02 -2.456783e-01 7.500000e+00
    endloop
  endfacet
  facet normal 1.396710e-01 9.893359e-01 4.130875e-02
    outer loop
      vertex   1.144849e+02 -2.456783e-01 7.500000e+00
      vertex   1.154877e+02 -3.596675e-01 6.839365e+00
      vertex   1.144895e+02 -2.187403e-01 6.839365e+00
    endloop
  endfacet
  facet normal 1.949238e-01 9.799481e-01 4.130875e-02
    outer loop
      vertex   1.144849e+02 -2.456783e-01 7.500000e+00
      vertex   1.144895e+02 -2.187403e-01 6.839365e+00
      vertex   1.134946e+02 -4.870242e-02 7.500000e+00
    endloop
  endfacet
  facet normal 1.949238e-01 9.799481e-01 4.130875e-02
    outer loop
      vertex   1.134946e+02 -4.870242e-02 7.500000e+00
      vertex   1.144895e+02 -2.187403e-01 6.839365e+00
      vertex   1.135007e+02 -2.206343e-02 6.839365e+00
    endloop
  endfacet
  facet normal 2.495633e-01 9.674770e-01 4.130875e-02
    outer loop
      vertex   1.134946e+02 -4.870242e-02 7.500000e+00
      vertex   1.135007e+02 -2.206343e-02 6.839365e+00
      vertex   1.125170e+02 2.034882e-01 7.500000e+00
    endloop
  endfacet
  facet normal 2.495633e-01 9.674770e-01 4.130875e-02
    outer loop
      vertex   1.125170e+02 2.034882e-01 7.500000e+00
      vertex   1.135007e+02 -2.206343e-02 6.839365e+00
      vertex   1.125245e+02 2.297444e-01 6.839365e+00
    endloop
  endfacet
  facet normal 3.034175e-01 9.519619e-01 4.130875e-02
    outer loop
      vertex   1.125170e+02 2.034882e-01 7.500000e+00
      vertex   1.125245e+02 2.297444e-01 6.839365e+00
      vertex   1.115550e+02 5.101001e-01 7.500000e+00
    endloop
  endfacet
  facet normal 3.034175e-01 9.519619e-01 4.130875e-02
    outer loop
      vertex   1.115550e+02 5.101001e-01 7.500000e+00
      vertex   1.125245e+02 2.297444e-01 6.839365e+00
      vertex   1.115640e+02 5.358908e-01 6.839365e+00
    endloop
  endfacet
  facet normal 3.563171e-01 9.334515e-01 4.130875e-02
    outer loop
      vertex   1.115550e+02 5.101001e-01 7.500000e+00
      vertex   1.115640e+02 5.358908e-01 6.839365e+00
      vertex   1.106117e+02 8.701684e-01 7.500000e+00
    endloop
  endfacet
  facet normal 3.563171e-01 9.334515e-01 4.130875e-02
    outer loop
      vertex   1.106117e+02 8.701684e-01 7.500000e+00
      vertex   1.115640e+02 5.358908e-01 6.839365e+00
      vertex   1.106222e+02 8.954126e-01 6.839365e+00
    endloop
  endfacet
  facet normal 4.080956e-01 9.120041e-01 4.130875e-02
    outer loop
      vertex   1.106117e+02 8.701684e-01 7.500000e+00
      vertex   1.106222e+02 8.954126e-01 6.839365e+00
      vertex   1.096901e+02 1.282560e+00 7.500000e+00
    endloop
  endfacet
  facet normal 4.080956e-01 9.120041e-01 4.130875e-02
    outer loop
      vertex   1.096901e+02 1.282560e+00 7.500000e+00
      vertex   1.106222e+02 8.954126e-01 6.839365e+00
      vertex   1.097019e+02 1.307179e+00 6.839365e+00
    endloop
  endfacet
  facet normal 4.585901e-01 8.876873e-01 4.130875e-02
    outer loop
      vertex   1.096901e+02 1.282560e+00 7.500000e+00
      vertex   1.097019e+02 1.307179e+00 6.839365e+00
      vertex   1.087931e+02 1.745978e+00 7.500000e+00
    endloop
  endfacet
  facet normal 4.585901e-01 8.876873e-01 4.130875e-02
    outer loop
      vertex   1.087931e+02 1.745978e+00 7.500000e+00
      vertex   1.097019e+02 1.307179e+00 6.839365e+00
      vertex   1.088063e+02 1.769893e+00 6.839365e+00
    endloop
  endfacet
  facet normal 5.076417e-01 8.605774e-01 4.130875e-02
    outer loop
      vertex   1.087931e+02 1.745978e+00 7.500000e+00
      vertex   1.088063e+02 1.769893e+00 6.839365e+00
      vertex   1.079234e+02 2.258964e+00 7.500000e+00
    endloop
  endfacet
  facet normal 5.076417e-01 8.605774e-01 4.130875e-02
    outer loop
      vertex   1.079234e+02 2.258964e+00 7.500000e+00
      vertex   1.088063e+02 1.769893e+00 6.839365e+00
      vertex   1.079380e+02 2.282100e+00 6.839365e+00
    endloop
  endfacet
  facet normal 5.550960e-01 8.307599e-01 4.130875e-02
    outer loop
      vertex   1.079234e+02 2.258964e+00 7.500000e+00
      vertex   1.079380e+02 2.282100e+00 6.839365e+00
      vertex   1.070839e+02 2.819904e+00 7.500000e+00
    endloop
  endfacet
  facet normal 5.550960e-01 8.307599e-01 4.130875e-02
    outer loop
      vertex   1.070839e+02 2.819904e+00 7.500000e+00
      vertex   1.079380e+02 2.282100e+00 6.839365e+00
      vertex   1.070997e+02 2.842189e+00 6.839365e+00
    endloop
  endfacet
  facet normal 6.008038e-01 7.983285e-01 4.130875e-02
    outer loop
      vertex   1.070839e+02 2.819904e+00 7.500000e+00
      vertex   1.070997e+02 2.842189e+00 6.839365e+00
      vertex   1.062772e+02 3.427033e+00 7.500000e+00
    endloop
  endfacet
  facet normal 6.008038e-01 7.983285e-01 4.130875e-02
    outer loop
      vertex   1.062772e+02 3.427033e+00 7.500000e+00
      vertex   1.070997e+02 2.842189e+00 6.839365e+00
      vertex   1.062942e+02 3.448396e+00 6.839365e+00
    endloop
  endfacet
  facet normal 6.446213e-01 7.633852e-01 4.130875e-02
    outer loop
      vertex   1.062772e+02 3.427033e+00 7.500000e+00
      vertex   1.062942e+02 3.448396e+00 6.839365e+00
      vertex   1.055058e+02 4.078441e+00 7.500000e+00
    endloop
  endfacet
  facet normal 6.446213e-01 7.633852e-01 4.130875e-02
    outer loop
      vertex   1.055058e+02 4.078441e+00 7.500000e+00
      vertex   1.062942e+02 3.448396e+00 6.839365e+00
      vertex   1.055240e+02 4.098815e+00 6.839365e+00
    endloop
  endfacet
  facet normal 6.864105e-01 7.260401e-01 4.130875e-02
    outer loop
      vertex   1.055058e+02 4.078441e+00 7.500000e+00
      vertex   1.055240e+02 4.098815e+00 6.839365e+00
      vertex   1.047721e+02 4.772078e+00 7.500000e+00
    endloop
  endfacet
  facet normal 6.864105e-01 7.260401e-01 4.130875e-02
    outer loop
      vertex   1.047721e+02 4.772078e+00 7.500000e+00
      vertex   1.055240e+02 4.098815e+00 6.839365e+00
      vertex   1.047914e+02 4.791399e+00 6.839365e+00
    endloop
  endfacet
  facet normal 7.260401e-01 6.864105e-01 4.130875e-02
    outer loop
      vertex   1.047721e+02 4.772078e+00 7.500000e+00
      vertex   1.047914e+02 4.791399e+00 6.839365e+00
      vertex   1.040784e+02 5.505762e+00 7.500000e+00
    endloop
  endfacet
  facet normal 7.260401e-01 6.864105e-01 4.130875e-02
    outer loop
      vertex   1.040784e+02 5.505762e+00 7.500000e+00
      vertex   1.047914e+02 4.791399e+00 6.839365e+00
      vertex   1.040988e+02 5.523969e+00 6.839365e+00
    endloop
  endfacet
  facet normal 7.633852e-01 6.446213e-01 4.130875e-02
    outer loop
      vertex   1.040784e+02 5.505762e+00 7.500000e+00
      vertex   1.040988e+02 5.523969e+00 6.839365e+00
      vertex   1.034270e+02 6.277184e+00 7.500000e+00
    endloop
  endfacet
  facet normal 7.633852e-01 6.446213e-01 4.130875e-02
    outer loop
      vertex   1.034270e+02 6.277184e+00 7.500000e+00
      vertex   1.040988e+02 5.523969e+00 6.839365e+00
      vertex   1.034484e+02 6.294220e+00 6.839365e+00
    endloop
  endfacet
  facet normal 7.983285e-01 6.008038e-01 4.130875e-02
    outer loop
      vertex   1.034270e+02 6.277184e+00 7.500000e+00
      vertex   1.034484e+02 6.294220e+00 6.839365e+00
      vertex   1.028199e+02 7.083917e+00 7.500000e+00
    endloop
  endfacet
  facet normal 7.983285e-01 6.008038e-01 4.130875e-02
    outer loop
      vertex   1.028199e+02 7.083917e+00 7.500000e+00
      vertex   1.034484e+02 6.294220e+00 6.839365e+00
      vertex   1.028422e+02 7.099728e+00 6.839365e+00
    endloop
  endfacet
  facet normal 8.307599e-01 5.550960e-01 4.130875e-02
    outer loop
      vertex   1.028199e+02 7.083917e+00 7.500000e+00
      vertex   1.028422e+02 7.099728e+00 6.839365e+00
      vertex   1.022590e+02 7.923423e+00 7.500000e+00
    endloop
  endfacet
  facet normal 8.307599e-01 5.550960e-01 4.130875e-02
    outer loop
      vertex   1.022590e+02 7.923423e+00 7.500000e+00
      vertex   1.028422e+02 7.099728e+00 6.839365e+00
      vertex   1.022821e+02 7.937960e+00 6.839365e+00
    endloop
  endfacet
  facet normal 8.605774e-01 5.076417e-01 4.130875e-02
    outer loop
      vertex   1.022590e+02 7.923423e+00 7.500000e+00
      vertex   1.022821e+02 7.937960e+00 6.839365e+00
      vertex   1.017460e+02 8.793060e+00 7.500000e+00
    endloop
  endfacet
  facet normal 8.605774e-01 5.076417e-01 4.130875e-02
    outer loop
      vertex   1.017460e+02 8.793060e+00 7.500000e+00
      vertex   1.022821e+02 7.937960e+00 6.839365e+00
      vertex   1.017699e+02 8.806277e+00 6.839365e+00
    endloop
  endfacet
  facet normal 8.876873e-01 4.585901e-01 4.130875e-02
    outer loop
      vertex   1.017460e+02 8.793060e+00 7.500000e+00
      vertex   1.017699e+02 8.806277e+00 6.839365e+00
      vertex   1.012826e+02 9.690093e+00 7.500000e+00
    endloop
  endfacet
  facet normal 8.876873e-01 4.585901e-01 4.130875e-02
    outer loop
      vertex   1.012826e+02 9.690093e+00 7.500000e+00
      vertex   1.017699e+02 8.806277e+00 6.839365e+00
      vertex   1.013072e+02 9.701948e+00 6.839365e+00
    endloop
  endfacet
  facet normal 9.120041e-01 4.080956e-01 4.130875e-02
    outer loop
      vertex   1.012826e+02 9.690093e+00 7.500000e+00
      vertex   1.013072e+02 9.701948e+00 6.839365e+00
      vertex   1.008702e+02 1.061170e+01 7.500000e+00
    endloop
  endfacet
  facet normal 9.120041e-01 4.080956e-01 4.130875e-02
    outer loop
      vertex   1.008702e+02 1.061170e+01 7.500000e+00
      vertex   1.013072e+02 9.701948e+00 6.839365e+00
      vertex   1.008954e+02 1.062215e+01 6.839365e+00
    endloop
  endfacet
  facet normal 9.334515e-01 3.563171e-01 4.130875e-02
    outer loop
      vertex   1.008702e+02 1.061170e+01 7.500000e+00
      vertex   1.008954e+02 1.062215e+01 6.839365e+00
      vertex   1.005101e+02 1.155498e+01 7.500000e+00
    endloop
  endfacet
  facet normal 9.334515e-01 3.563171e-01 4.130875e-02
    outer loop
      vertex   1.005101e+02 1.155498e+01 7.500000e+00
      vertex   1.008954e+02 1.062215e+01 6.839365e+00
      vertex   1.005359e+02 1.156400e+01 6.839365e+00
    endloop
  endfacet
  facet normal 9.519619e-01 3.034175e-01 4.130875e-02
    outer loop
      vertex   1.005101e+02 1.155498e+01 7.500000e+00
      vertex   1.005359e+02 1.156400e+01 6.839365e+00
      vertex   1.002035e+02 1.251696e+01 7.500000e+00
    endloop
  endfacet
  facet normal 9.519619e-01 3.034175e-01 4.130875e-02
    outer loop
      vertex   1.002035e+02 1.251696e+01 7.500000e+00
      vertex   1.005359e+02 1.156400e+01 6.839365e+00
      vertex   1.002297e+02 1.252453e+01 6.839365e+00
    endloop
  endfacet
  facet normal 9.674770e-01 2.495633e-01 4.130875e-02
    outer loop
      vertex   1.002035e+02 1.251696e+01 7.500000e+00
      vertex   1.002297e+02 1.252453e+01 6.839365e+00
      vertex   9.995130e+01 1.349462e+01 7.500000e+00
    endloop
  endfacet
  facet normal 9.674770e-01 2.495633e-01 4.130875e-02
    outer loop
      vertex   9.995130e+01 1.349462e+01 7.500000e+00
      vertex   1.002297e+02 1.252453e+01 6.839365e+00
      vertex   9.997794e+01 1.350070e+01 6.839365e+00
    endloop
  endfacet
  facet normal 9.799481e-01 1.949238e-01 4.130875e-02
    outer loop
      vertex   9.995130e+01 1.349462e+01 7.500000e+00
      vertex   9.997794e+01 1.350070e+01 6.839365e+00
      vertex   9.975432e+01 1.448489e+01 7.500000e+00
    endloop
  endfacet
  facet normal 9.799481e-01 1.949238e-01 4.130875e-02
    outer loop
      vertex   9.975432e+01 1.448489e+01 7.500000e+00
      vertex   9.997794e+01 1.350070e+01 6.839365e+00
      vertex   9.978126e+01 1.448946e+01 6.839365e+00
    endloop
  endfacet
  facet normal 9.893359e-01 1.396710e-01 4.130875e-02
    outer loop
      vertex   9.975432e+01 1.448489e+01 7.500000e+00
      vertex   9.978126e+01 1.448946e+01 6.839365e+00
      vertex   9.961318e+01 1.548464e+01 7.500000e+00
    endloop
  endfacet
  facet normal 9.893359e-01 1.396710e-01 4.130875e-02
    outer loop
      vertex   9.961318e+01 1.548464e+01 7.500000e+00
      vertex   9.978126e+01 1.448946e+01 6.839365e+00
      vertex   9.964033e+01 1.548770e+01 6.839365e+00
    endloop
  endfacet
  facet normal 9.956109e-01 8.397878e-02 4.130875e-02
    outer loop
      vertex   9.961318e+01 1.548464e+01 7.500000e+00
      vertex   9.964033e+01 1.548770e+01 6.839365e+00
      vertex   9.952832e+01 1.649073e+01 7.500000e+00
    endloop
  endfacet
  facet normal 9.956109e-01 8.397878e-02 4.130875e-02
    outer loop
      vertex   9.952832e+01 1.649073e+01 7.500000e+00
      vertex   9.964033e+01 1.548770e+01 6.839365e+00
      vertex   9.955560e+01 1.649226e+01 6.839365e+00
    endloop
  endfacet
  facet normal 9.987534e-01 2.802232e-02 4.130875e-02
    outer loop
      vertex   9.952832e+01 1.649073e+01 7.500000e+00
      vertex   9.955560e+01 1.649226e+01 6.839365e+00
      vertex   9.950000e+01 1.750000e+01 7.500000e+00
    endloop
  endfacet
  facet normal 9.987534e-01 2.802232e-02 4.130875e-02
    outer loop
      vertex   9.950000e+01 1.750000e+01 7.500000e+00
      vertex   9.955560e+01 1.649226e+01 6.839365e+00
      vertex   9.952732e+01 1.750000e+01 6.839365e+00
    endloop
  endfacet
  facet normal 9.919362e-01 2.783104e-02 1.236447e-01
    outer loop
      vertex   9.952732e+01 1.750000e+01 6.839365e+00
      vertex   9.955560e+01 1.649226e+01 6.839365e+00
      vertex   9.963726e+01 1.649685e+01 6.183243e+00
    endloop
  endfacet
  facet normal 9.919362e-01 2.783104e-02 1.236447e-01
    outer loop
      vertex   9.952732e+01 1.750000e+01 6.839365e+00
      vertex   9.963726e+01 1.649685e+01 6.183243e+00
      vertex   9.960911e+01 1.750000e+01 6.183243e+00
    endloop
  endfacet
  facet normal 9.783480e-01 2.744980e-02 2.051380e-01
    outer loop
      vertex   9.960911e+01 1.750000e+01 6.183243e+00
      vertex   9.963726e+01 1.649685e+01 6.183243e+00
      vertex   9.977273e+01 1.650446e+01 5.536116e+00
    endloop
  endfacet
  facet normal 9.783480e-01 2.744980e-02 2.051380e-01
    outer loop
      vertex   9.960911e+01 1.750000e+01 6.183243e+00
      vertex   9.977273e+01 1.650446e+01 5.536116e+00
      vertex   9.974480e+01 1.750000e+01 5.536116e+00
    endloop
  endfacet
  facet normal 9.580811e-01 2.688116e-02 2.852331e-01
    outer loop
      vertex   9.974480e+01 1.750000e+01 5.536116e+00
      vertex   9.977273e+01 1.650446e+01 5.536116e+00
      vertex   9.996110e+01 1.651504e+01 4.902404e+00
    endloop
  endfacet
  facet normal 9.580811e-01 2.688116e-02 2.852331e-01
    outer loop
      vertex   9.974480e+01 1.750000e+01 5.536116e+00
      vertex   9.996110e+01 1.651504e+01 4.902404e+00
      vertex   9.993346e+01 1.750000e+01 4.902404e+00
    endloop
  endfacet
  facet normal 9.312730e-01 2.612900e-02 3.633839e-01
    outer loop
      vertex   9.993346e+01 1.750000e+01 4.902404e+00
      vertex   9.996110e+01 1.651504e+01 4.902404e+00
      vertex   1.002011e+02 1.652851e+01 4.286437e+00
    endloop
  endfacet
  facet normal 9.312730e-01 2.612900e-02 3.633839e-01
    outer loop
      vertex   9.993346e+01 1.750000e+01 4.902404e+00
      vertex   1.002011e+02 1.652851e+01 4.286437e+00
      vertex   1.001738e+02 1.750000e+01 4.286437e+00
    endloop
  endfacet
  facet normal 8.981057e-01 2.519842e-02 4.390571e-01
    outer loop
      vertex   1.001738e+02 1.750000e+01 4.286437e+00
      vertex   1.002011e+02 1.652851e+01 4.286437e+00
      vertex   1.004910e+02 1.654480e+01 3.692421e+00
    endloop
  endfacet
  facet normal 8.981057e-01 2.519842e-02 4.390571e-01
    outer loop
      vertex   1.001738e+02 1.750000e+01 4.286437e+00
      vertex   1.004910e+02 1.654480e+01 3.692421e+00
      vertex   1.004642e+02 1.750000e+01 3.692421e+00
    endloop
  endfacet
  facet normal 8.588045e-01 2.409573e-02 5.117364e-01
    outer loop
      vertex   1.004642e+02 1.750000e+01 3.692421e+00
      vertex   1.004910e+02 1.654480e+01 3.692421e+00
      vertex   1.008289e+02 1.656377e+01 3.124415e+00
    endloop
  endfacet
  facet normal 8.588045e-01 2.409573e-02 5.117364e-01
    outer loop
      vertex   1.004642e+02 1.750000e+01 3.692421e+00
      vertex   1.008289e+02 1.656377e+01 3.124415e+00
      vertex   1.008027e+02 1.750000e+01 3.124415e+00
    endloop
  endfacet
  facet normal 8.136366e-01 2.282844e-02 5.809254e-01
    outer loop
      vertex   1.008027e+02 1.750000e+01 3.124415e+00
      vertex   1.008289e+02 1.656377e+01 3.124415e+00
      vertex   1.012125e+02 1.658532e+01 2.586298e+00
    endloop
  endfacet
  facet normal 8.136366e-01 2.282844e-02 5.809254e-01
    outer loop
      vertex   1.008027e+02 1.750000e+01 3.124415e+00
      vertex   1.012125e+02 1.658532e+01 2.586298e+00
      vertex   1.011869e+02 1.750000e+01 2.586298e+00
    endloop
  endfacet
  facet normal 7.629092e-01 2.140517e-02 6.461512e-01
    outer loop
      vertex   1.011869e+02 1.750000e+01 2.586298e+00
      vertex   1.012125e+02 1.658532e+01 2.586298e+00
      vertex   1.016392e+02 1.660928e+01 2.081747e+00
    endloop
  endfacet
  facet normal 7.629092e-01 2.140517e-02 6.461512e-01
    outer loop
      vertex   1.011869e+02 1.750000e+01 2.586298e+00
      vertex   1.016392e+02 1.660928e+01 2.081747e+00
      vertex   1.016142e+02 1.750000e+01 2.081747e+00
    endloop
  endfacet
  facet normal 7.069677e-01 1.983560e-02 7.069677e-01
    outer loop
      vertex   1.016142e+02 1.750000e+01 2.081747e+00
      vertex   1.016392e+02 1.660928e+01 2.081747e+00
      vertex   1.021060e+02 1.663549e+01 1.614209e+00
    endloop
  endfacet
  facet normal 7.069677e-01 1.983560e-02 7.069677e-01
    outer loop
      vertex   1.016142e+02 1.750000e+01 2.081747e+00
      vertex   1.021060e+02 1.663549e+01 1.614209e+00
      vertex   1.020817e+02 1.750000e+01 1.614209e+00
    endloop
  endfacet
  facet normal 6.461930e-01 1.813043e-02 7.629586e-01
    outer loop
      vertex   1.020817e+02 1.750000e+01 1.614209e+00
      vertex   1.021060e+02 1.663549e+01 1.614209e+00
      vertex   1.026098e+02 1.666378e+01 1.186876e+00
    endloop
  endfacet
  facet normal 6.461930e-01 1.813043e-02 7.629586e-01
    outer loop
      vertex   1.020817e+02 1.750000e+01 1.614209e+00
      vertex   1.026098e+02 1.666378e+01 1.186876e+00
      vertex   1.025863e+02 1.750000e+01 1.186876e+00
    endloop
  endfacet
  facet normal 5.809996e-01 1.630128e-02 8.137406e-01
    outer loop
      vertex   1.025863e+02 1.750000e+01 1.186876e+00
      vertex   1.026098e+02 1.666378e+01 1.186876e+00
      vertex   1.031470e+02 1.669395e+01 8.026682e-01
    endloop
  endfacet
  facet normal 5.809996e-01 1.630128e-02 8.137406e-01
    outer loop
      vertex   1.025863e+02 1.750000e+01 1.186876e+00
      vertex   1.031470e+02 1.669395e+01 8.026682e-01
      vertex   1.031244e+02 1.750000e+01 8.026682e-01
    endloop
  endfacet
  facet normal 5.118323e-01 1.436063e-02 8.589654e-01
    outer loop
      vertex   1.031244e+02 1.750000e+01 8.026682e-01
      vertex   1.031470e+02 1.669395e+01 8.026682e-01
      vertex   1.037141e+02 1.672580e+01 4.642100e-01
    endloop
  endfacet
  facet normal 5.118323e-01 1.436063e-02 8.589654e-01
    outer loop
      vertex   1.031244e+02 1.750000e+01 8.026682e-01
      vertex   1.037141e+02 1.672580e+01 4.642100e-01
      vertex   1.036924e+02 1.750000e+01 4.642100e-01
    endloop
  endfacet
  facet normal 4.391632e-01 1.232173e-02 8.983228e-01
    outer loop
      vertex   1.036924e+02 1.750000e+01 4.642100e-01
      vertex   1.037141e+02 1.672580e+01 4.642100e-01
      vertex   1.043072e+02 1.675911e+01 1.738134e-01
    endloop
  endfacet
  facet normal 4.391632e-01 1.232173e-02 8.983228e-01
    outer loop
      vertex   1.036924e+02 1.750000e+01 4.642100e-01
      vertex   1.043072e+02 1.675911e+01 1.738134e-01
      vertex   1.042864e+02 1.750000e+01 1.738134e-01
    endloop
  endfacet
  facet normal 3.634891e-01 1.019852e-02 9.315426e-01
    outer loop
      vertex   1.042864e+02 1.750000e+01 1.738134e-01
      vertex   1.043072e+02 1.675911e+01 1.738134e-01
      vertex   1.049222e+02 1.679365e+01 -6.653793e-02
    endloop
  endfacet
  facet normal 3.634891e-01 1.019852e-02 9.315426e-01
    outer loop
      vertex   1.042864e+02 1.750000e+01 1.738134e-01
      vertex   1.049222e+02 1.679365e+01 -6.653793e-02
      vertex   1.049024e+02 1.750000e+01 -6.653793e-02
    endloop
  endfacet
  facet normal 2.853271e-01 8.005506e-03 9.583968e-01
    outer loop
      vertex   1.049024e+02 1.750000e+01 -6.653793e-02
      vertex   1.049222e+02 1.679365e+01 -6.653793e-02
      vertex   1.055549e+02 1.682918e+01 -2.552021e-01
    endloop
  endfacet
  facet normal 2.853271e-01 8.005506e-03 9.583968e-01
    outer loop
      vertex   1.049024e+02 1.750000e+01 -6.653793e-02
      vertex   1.055549e+02 1.682918e+01 -2.552021e-01
      vertex   1.055361e+02 1.750000e+01 -2.552021e-01
    endloop
  endfacet
  facet normal 2.052119e-01 5.757692e-03 9.787006e-01
    outer loop
      vertex   1.055361e+02 1.750000e+01 -2.552021e-01
      vertex   1.055549e+02 1.682918e+01 -2.552021e-01
      vertex   1.062010e+02 1.686546e+01 -3.908904e-01
    endloop
  endfacet
  facet normal 2.052119e-01 5.757692e-03 9.787006e-01
    outer loop
      vertex   1.055361e+02 1.750000e+01 -2.552021e-01
      vertex   1.062010e+02 1.686546e+01 -3.908904e-01
      vertex   1.061832e+02 1.750000e+01 -3.908904e-01
    endloop
  endfacet
  facet normal 1.236919e-01 3.470460e-03 9.923146e-01
    outer loop
      vertex   1.061832e+02 1.750000e+01 -3.908904e-01
      vertex   1.062010e+02 1.686546e+01 -3.908904e-01
      vertex   1.068561e+02 1.690225e+01 -4.726759e-01
    endloop
  endfacet
  facet normal 1.236919e-01 3.470460e-03 9.923146e-01
    outer loop
      vertex   1.061832e+02 1.750000e+01 -3.908904e-01
      vertex   1.068561e+02 1.690225e+01 -4.726759e-01
      vertex   1.068394e+02 1.750000e+01 -4.726759e-01
    endloop
  endfacet
  facet normal 4.132495e-02 1.159466e-03 9.991451e-01
    outer loop
      vertex   1.068394e+02 1.750000e+01 -4.726759e-01
      vertex   1.068561e+02 1.690225e+01 -4.726759e-01
      vertex   1.075000e+02 1.750000e+01 -5.000000e-01
    endloop
  endfacet
  facet normal 4.097847e-02 1.533306e-03 9.991589e-01
    outer loop
      vertex   1.075000e+02 1.750000e+01 -5.000000e-01
      vertex   1.068561e+02 1.690225e+01 -4.726759e-01
      vertex   1.075280e+02 1.675270e+01 -5.000000e-01
    endloop
  endfacet
  facet normal 4.141383e-02 3.493215e-03 9.991360e-01
    outer loop
      vertex   1.075280e+02 1.675270e+01 -5.000000e-01
      vertex   1.068561e+02 1.690225e+01 -4.726759e-01
      vertex   1.069064e+02 1.630639e+01 -4.726759e-01
    endloop
  endfacet
  facet normal 4.063572e-02 4.578547e-03 9.991635e-01
    outer loop
      vertex   1.075280e+02 1.675270e+01 -5.000000e-01
      vertex   1.069064e+02 1.630639e+01 -4.726759e-01
      vertex   1.076117e+02 1.600958e+01 -5.000000e-01
    endloop
  endfacet
  facet normal 4.115281e-02 5.809811e-03 9.991360e-01
    outer loop
      vertex   1.076117e+02 1.600958e+01 -5.000000e-01
      vertex   1.069064e+02 1.630639e+01 -4.726759e-01
      vertex   1.069900e+02 1.571428e+01 -4.726759e-01
    endloop
  endfacet
  facet normal 4.029224e-02 7.623704e-03 9.991589e-01
    outer loop
      vertex   1.076117e+02 1.600958e+01 -5.000000e-01
      vertex   1.069900e+02 1.571428e+01 -4.726759e-01
      vertex   1.077507e+02 1.527479e+01 -5.000000e-01
    endloop
  endfacet
  facet normal 4.054685e-02 8.065270e-03 9.991451e-01
    outer loop
      vertex   1.077507e+02 1.527479e+01 -5.000000e-01
      vertex   1.069900e+02 1.571428e+01 -4.726759e-01
      vertex   1.071066e+02 1.512779e+01 -4.726759e-01
    endloop
  endfacet
  facet normal 4.003084e-02 1.032606e-02 9.991451e-01
    outer loop
      vertex   1.077507e+02 1.527479e+01 -5.000000e-01
      vertex   1.071066e+02 1.512779e+01 -4.726759e-01
      vertex   1.072560e+02 1.454876e+01 -4.726759e-01
    endloop
  endfacet
  facet normal 1.198184e-01 3.090748e-02 9.923146e-01
    outer loop
      vertex   1.072560e+02 1.454876e+01 -4.726759e-01
      vertex   1.071066e+02 1.512779e+01 -4.726759e-01
      vertex   1.064670e+02 1.498178e+01 -3.908904e-01
    endloop
  endfacet
  facet normal 1.198184e-01 3.090748e-02 9.923146e-01
    outer loop
      vertex   1.072560e+02 1.454876e+01 -4.726759e-01
      vertex   1.064670e+02 1.498178e+01 -3.908904e-01
      vertex   1.066255e+02 1.436712e+01 -3.908904e-01
    endloop
  endfacet
  facet normal 1.987856e-01 5.127729e-02 9.787006e-01
    outer loop
      vertex   1.066255e+02 1.436712e+01 -3.908904e-01
      vertex   1.064670e+02 1.498178e+01 -3.908904e-01
      vertex   1.058361e+02 1.483779e+01 -2.552021e-01
    endloop
  endfacet
  facet normal 1.987856e-01 5.127729e-02 9.787006e-01
    outer loop
      vertex   1.066255e+02 1.436712e+01 -3.908904e-01
      vertex   1.058361e+02 1.483779e+01 -2.552021e-01
      vertex   1.060037e+02 1.418797e+01 -2.552021e-01
    endloop
  endfacet
  facet normal 2.763919e-01 7.129604e-02 9.583968e-01
    outer loop
      vertex   1.060037e+02 1.418797e+01 -2.552021e-01
      vertex   1.058361e+02 1.483779e+01 -2.552021e-01
      vertex   1.052183e+02 1.469677e+01 -6.653793e-02
    endloop
  endfacet
  facet normal 2.763919e-01 7.129604e-02 9.583968e-01
    outer loop
      vertex   1.060037e+02 1.418797e+01 -2.552021e-01
      vertex   1.052183e+02 1.469677e+01 -6.653793e-02
      vertex   1.053948e+02 1.401254e+01 -6.653793e-02
    endloop
  endfacet
  facet normal 3.521063e-01 9.082675e-02 9.315426e-01
    outer loop
      vertex   1.053948e+02 1.401254e+01 -6.653793e-02
      vertex   1.052183e+02 1.469677e+01 -6.653793e-02
      vertex   1.046177e+02 1.455971e+01 1.738134e-01
    endloop
  endfacet
  facet normal 3.521063e-01 9.082675e-02 9.315426e-01
    outer loop
      vertex   1.053948e+02 1.401254e+01 -6.653793e-02
      vertex   1.046177e+02 1.455971e+01 1.738134e-01
      vertex   1.048029e+02 1.384202e+01 1.738134e-01
    endloop
  endfacet
  facet normal 4.254107e-01 1.097358e-01 8.983228e-01
    outer loop
      vertex   1.048029e+02 1.384202e+01 1.738134e-01
      vertex   1.046177e+02 1.455971e+01 1.738134e-01
      vertex   1.040386e+02 1.442752e+01 4.642100e-01
    endloop
  endfacet
  facet normal 4.254107e-01 1.097358e-01 8.983228e-01
    outer loop
      vertex   1.048029e+02 1.384202e+01 1.738134e-01
      vertex   1.040386e+02 1.442752e+01 4.642100e-01
      vertex   1.042321e+02 1.367757e+01 4.642100e-01
    endloop
  endfacet
  facet normal 4.958040e-01 1.278940e-01 8.589654e-01
    outer loop
      vertex   1.042321e+02 1.367757e+01 4.642100e-01
      vertex   1.040386e+02 1.442752e+01 4.642100e-01
      vertex   1.034848e+02 1.430113e+01 8.026682e-01
    endloop
  endfacet
  facet normal 4.958040e-01 1.278940e-01 8.589654e-01
    outer loop
      vertex   1.042321e+02 1.367757e+01 4.642100e-01
      vertex   1.034848e+02 1.430113e+01 8.026682e-01
      vertex   1.036863e+02 1.352033e+01 8.026682e-01
    endloop
  endfacet
  facet normal 5.628054e-01 1.451771e-01 8.137406e-01
    outer loop
      vertex   1.036863e+02 1.352033e+01 8.026682e-01
      vertex   1.034848e+02 1.430113e+01 8.026682e-01
      vertex   1.029602e+02 1.418139e+01 1.186876e+00
    endloop
  endfacet
  facet normal 5.628054e-01 1.451771e-01 8.137406e-01
    outer loop
      vertex   1.036863e+02 1.352033e+01 8.026682e-01
      vertex   1.029602e+02 1.418139e+01 1.186876e+00
      vertex   1.031692e+02 1.337136e+01 1.186876e+00
    endloop
  endfacet
  facet normal 6.259572e-01 1.614673e-01 7.629586e-01
    outer loop
      vertex   1.031692e+02 1.337136e+01 1.186876e+00
      vertex   1.029602e+02 1.418139e+01 1.186876e+00
      vertex   1.024683e+02 1.406912e+01 1.614209e+00
    endloop
  endfacet
  facet normal 6.259572e-01 1.614673e-01 7.629586e-01
    outer loop
      vertex   1.031692e+02 1.337136e+01 1.186876e+00
      vertex   1.024683e+02 1.406912e+01 1.614209e+00
      vertex   1.026843e+02 1.323168e+01 1.614209e+00
    endloop
  endfacet
  facet normal 6.848287e-01 1.766534e-01 7.069677e-01
    outer loop
      vertex   1.026843e+02 1.323168e+01 1.614209e+00
      vertex   1.024683e+02 1.406912e+01 1.614209e+00
      vertex   1.020125e+02 1.396508e+01 2.081747e+00
    endloop
  endfacet
  facet normal 6.848287e-01 1.766534e-01 7.069677e-01
    outer loop
      vertex   1.026843e+02 1.323168e+01 1.614209e+00
      vertex   1.020125e+02 1.396508e+01 2.081747e+00
      vertex   1.022351e+02 1.310225e+01 2.081747e+00
    endloop
  endfacet
  facet normal 7.390184e-01 1.906318e-01 6.461512e-01
    outer loop
      vertex   1.022351e+02 1.310225e+01 2.081747e+00
      vertex   1.020125e+02 1.396508e+01 2.081747e+00
      vertex   1.015959e+02 1.386999e+01 2.586298e+00
    endloop
  endfacet
  facet normal 7.390184e-01 1.906318e-01 6.461512e-01
    outer loop
      vertex   1.022351e+02 1.310225e+01 2.081747e+00
      vertex   1.015959e+02 1.386999e+01 2.586298e+00
      vertex   1.018244e+02 1.298395e+01 2.586298e+00
    endloop
  endfacet
  facet normal 7.881573e-01 2.033073e-01 5.809254e-01
    outer loop
      vertex   1.018244e+02 1.298395e+01 2.586298e+00
      vertex   1.015959e+02 1.386999e+01 2.586298e+00
      vertex   1.012213e+02 1.378449e+01 3.124415e+00
    endloop
  endfacet
  facet normal 7.881573e-01 2.033073e-01 5.809254e-01
    outer loop
      vertex   1.018244e+02 1.298395e+01 2.586298e+00
      vertex   1.012213e+02 1.378449e+01 3.124415e+00
      vertex   1.014552e+02 1.287759e+01 3.124415e+00
    endloop
  endfacet
  facet normal 8.319107e-01 2.145936e-01 5.117364e-01
    outer loop
      vertex   1.014552e+02 1.287759e+01 3.124415e+00
      vertex   1.012213e+02 1.378449e+01 3.124415e+00
      vertex   1.008913e+02 1.370918e+01 3.692421e+00
    endloop
  endfacet
  facet normal 8.319107e-01 2.145936e-01 5.117364e-01
    outer loop
      vertex   1.014552e+02 1.287759e+01 3.124415e+00
      vertex   1.008913e+02 1.370918e+01 3.692421e+00
      vertex   1.011300e+02 1.278389e+01 3.692421e+00
    endloop
  endfacet
  facet normal 8.699812e-01 2.244140e-01 4.390571e-01
    outer loop
      vertex   1.011300e+02 1.278389e+01 3.692421e+00
      vertex   1.008913e+02 1.370918e+01 3.692421e+00
      vertex   1.006082e+02 1.364456e+01 4.286437e+00
    endloop
  endfacet
  facet normal 8.699812e-01 2.244140e-01 4.390571e-01
    outer loop
      vertex   1.011300e+02 1.278389e+01 3.692421e+00
      vertex   1.006082e+02 1.364456e+01 4.286437e+00
      vertex   1.008510e+02 1.270350e+01 4.286437e+00
    endloop
  endfacet
  facet normal 9.021098e-01 2.327016e-01 3.633839e-01
    outer loop
      vertex   1.008510e+02 1.270350e+01 4.286437e+00
      vertex   1.006082e+02 1.364456e+01 4.286437e+00
      vertex   1.003739e+02 1.359108e+01 4.902404e+00
    endloop
  endfacet
  facet normal 9.021098e-01 2.327016e-01 3.633839e-01
    outer loop
      vertex   1.008510e+02 1.270350e+01 4.286437e+00
      vertex   1.003739e+02 1.359108e+01 4.902404e+00
      vertex   1.006200e+02 1.263696e+01 4.902404e+00
    endloop
  endfacet
  facet normal 9.280784e-01 2.394003e-01 2.852331e-01
    outer loop
      vertex   1.006200e+02 1.263696e+01 4.902404e+00
      vertex   1.003739e+02 1.359108e+01 4.902404e+00
      vertex   1.001900e+02 1.354910e+01 5.536116e+00
    endloop
  endfacet
  facet normal 9.280784e-01 2.394003e-01 2.852331e-01
    outer loop
      vertex   1.006200e+02 1.263696e+01 4.902404e+00
      vertex   1.001900e+02 1.354910e+01 5.536116e+00
      vertex   1.004387e+02 1.258473e+01 5.536116e+00
    endloop
  endfacet
  facet normal 9.477107e-01 2.444645e-01 2.051380e-01
    outer loop
      vertex   1.004387e+02 1.258473e+01 5.536116e+00
      vertex   1.001900e+02 1.354910e+01 5.536116e+00
      vertex   1.000577e+02 1.351890e+01 6.183243e+00
    endloop
  endfacet
  facet normal 9.477107e-01 2.444645e-01 2.051380e-01
    outer loop
      vertex   1.004387e+02 1.258473e+01 5.536116e+00
      vertex   1.000577e+02 1.351890e+01 6.183243e+00
      vertex   1.003083e+02 1.254717e+01 6.183243e+00
    endloop
  endfacet
  facet normal 9.608733e-01 2.478598e-01 1.236447e-01
    outer loop
      vertex   1.003083e+02 1.254717e+01 6.183243e+00
      vertex   1.000577e+02 1.351890e+01 6.183243e+00
      vertex   9.997794e+01 1.350070e+01 6.839365e+00
    endloop
  endfacet
  facet normal 9.608733e-01 2.478598e-01 1.236447e-01
    outer loop
      vertex   1.003083e+02 1.254717e+01 6.183243e+00
      vertex   9.997794e+01 1.350070e+01 6.839365e+00
      vertex   1.002297e+02 1.252453e+01 6.839365e+00
    endloop
  endfacet
  facet normal 2.783104e-02 9.919362e-01 1.236447e-01
    outer loop
      vertex   1.175000e+02 -4.726759e-01 6.839365e+00
      vertex   1.175000e+02 -3.908904e-01 6.183243e+00
      vertex   1.164923e+02 -4.444016e-01 6.839365e+00
    endloop
  endfacet
  facet normal 2.783104e-02 9.919362e-01 1.236447e-01
    outer loop
      vertex   1.164923e+02 -4.444016e-01 6.839365e+00
      vertex   1.175000e+02 -3.908904e-01 6.183243e+00
      vertex   1.164968e+02 -3.627447e-01 6.183243e+00
    endloop
  endfacet
  facet normal 8.340557e-02 9.888152e-01 1.236447e-01
    outer loop
      vertex   1.164923e+02 -4.444016e-01 6.839365e+00
      vertex   1.164968e+02 -3.627447e-01 6.183243e+00
      vertex   1.154877e+02 -3.596675e-01 6.839365e+00
    endloop
  endfacet
  facet normal 8.340557e-02 9.888152e-01 1.236447e-01
    outer loop
      vertex   1.154877e+02 -3.596675e-01 6.839365e+00
      vertex   1.164968e+02 -3.627447e-01 6.183243e+00
      vertex   1.154969e+02 -2.783963e-01 6.183243e+00
    endloop
  endfacet
  facet normal 1.387177e-01 9.825830e-01 1.236447e-01
    outer loop
      vertex   1.154877e+02 -3.596675e-01 6.839365e+00
      vertex   1.154969e+02 -2.783963e-01 6.183243e+00
      vertex   1.144895e+02 -2.187403e-01 6.839365e+00
    endloop
  endfacet
  facet normal 1.387177e-01 9.825830e-01 1.236447e-01
    outer loop
      vertex   1.144895e+02 -2.187403e-01 6.839365e+00
      vertex   1.154969e+02 -2.783963e-01 6.183243e+00
      vertex   1.145032e+02 -1.381104e-01 6.183243e+00
    endloop
  endfacet
  facet normal 1.935933e-01 9.732593e-01 1.236447e-01
    outer loop
      vertex   1.144895e+02 -2.187403e-01 6.839365e+00
      vertex   1.145032e+02 -1.381104e-01 6.183243e+00
      vertex   1.135007e+02 -2.206343e-02 6.839365e+00
    endloop
  endfacet
  facet normal 1.935933e-01 9.732593e-01 1.236447e-01
    outer loop
      vertex   1.135007e+02 -2.206343e-02 6.839365e+00
      vertex   1.145032e+02 -1.381104e-01 6.183243e+00
      vertex   1.135189e+02 5.767155e-02 6.183243e+00
    endloop
  endfacet
  facet normal 2.478598e-01 9.608733e-01 1.236447e-01
    outer loop
      vertex   1.135007e+02 -2.206343e-02 6.839365e+00
      vertex   1.135189e+02 5.767155e-02 6.183243e+00
      vertex   1.125245e+02 2.297444e-01 6.839365e+00
    endloop
  endfacet
  facet normal 2.478598e-01 9.608733e-01 1.236447e-01
    outer loop
      vertex   1.125245e+02 2.297444e-01 6.839365e+00
      vertex   1.135189e+02 5.767155e-02 6.183243e+00
      vertex   1.125472e+02 3.083335e-01 6.183243e+00
    endloop
  endfacet
  facet normal 3.013465e-01 9.454641e-01 1.236447e-01
    outer loop
      vertex   1.125245e+02 2.297444e-01 6.839365e+00
      vertex   1.125472e+02 3.083335e-01 6.183243e+00
      vertex   1.115640e+02 5.358908e-01 6.839365e+00
    endloop
  endfacet
  facet normal 3.013465e-01 9.454641e-01 1.236447e-01
    outer loop
      vertex   1.115640e+02 5.358908e-01 6.839365e+00
      vertex   1.125472e+02 3.083335e-01 6.183243e+00
      vertex   1.115910e+02 6.130868e-01 6.183243e+00
    endloop
  endfacet
  facet normal 3.538850e-01 9.270800e-01 1.236447e-01
    outer loop
      vertex   1.115640e+02 5.358908e-01 6.839365e+00
      vertex   1.115910e+02 6.130868e-01 6.183243e+00
      vertex   1.106222e+02 8.954126e-01 6.839365e+00
    endloop
  endfacet
  facet normal 3.538850e-01 9.270800e-01 1.236447e-01
    outer loop
      vertex   1.106222e+02 8.954126e-01 6.839365e+00
      vertex   1.115910e+02 6.130868e-01 6.183243e+00
      vertex   1.106535e+02 9.709725e-01 6.183243e+00
    endloop
  endfacet
  facet normal 4.053101e-01 9.057791e-01 1.236447e-01
    outer loop
      vertex   1.106222e+02 8.954126e-01 6.839365e+00
      vertex   1.106535e+02 9.709725e-01 6.183243e+00
      vertex   1.097019e+02 1.307179e+00 6.839365e+00
    endloop
  endfacet
  facet normal 4.053101e-01 9.057791e-01 1.236447e-01
    outer loop
      vertex   1.097019e+02 1.307179e+00 6.839365e+00
      vertex   1.106535e+02 9.709725e-01 6.183243e+00
      vertex   1.097374e+02 1.380865e+00 6.183243e+00
    endloop
  endfacet
  facet normal 4.554599e-01 8.816282e-01 1.236447e-01
    outer loop
      vertex   1.097019e+02 1.307179e+00 6.839365e+00
      vertex   1.097374e+02 1.380865e+00 6.183243e+00
      vertex   1.088063e+02 1.769893e+00 6.839365e+00
    endloop
  endfacet
  facet normal 4.554599e-01 8.816282e-01 1.236447e-01
    outer loop
      vertex   1.088063e+02 1.769893e+00 6.839365e+00
      vertex   1.097374e+02 1.380865e+00 6.183243e+00
      vertex   1.088458e+02 1.841474e+00 6.183243e+00
    endloop
  endfacet
  facet normal 5.041767e-01 8.547034e-01 1.236447e-01
    outer loop
      vertex   1.088063e+02 1.769893e+00 6.839365e+00
      vertex   1.088458e+02 1.841474e+00 6.183243e+00
      vertex   1.079380e+02 2.282100e+00 6.839365e+00
    endloop
  endfacet
  facet normal 5.041767e-01 8.547034e-01 1.236447e-01
    outer loop
      vertex   1.079380e+02 2.282100e+00 6.839365e+00
      vertex   1.088458e+02 1.841474e+00 6.183243e+00
      vertex   1.079815e+02 2.351350e+00 6.183243e+00
    endloop
  endfacet
  facet normal 5.513071e-01 8.250894e-01 1.236447e-01
    outer loop
      vertex   1.079380e+02 2.282100e+00 6.839365e+00
      vertex   1.079815e+02 2.351350e+00 6.183243e+00
      vertex   1.070997e+02 2.842189e+00 6.839365e+00
    endloop
  endfacet
  facet normal 5.513071e-01 8.250894e-01 1.236447e-01
    outer loop
      vertex   1.070997e+02 2.842189e+00 6.839365e+00
      vertex   1.079815e+02 2.351350e+00 6.183243e+00
      vertex   1.071471e+02 2.908890e+00 6.183243e+00
    endloop
  endfacet
  facet normal 5.967029e-01 7.928793e-01 1.236447e-01
    outer loop
      vertex   1.070997e+02 2.842189e+00 6.839365e+00
      vertex   1.071471e+02 2.908890e+00 6.183243e+00
      vertex   1.062942e+02 3.448396e+00 6.839365e+00
    endloop
  endfacet
  facet normal 5.967029e-01 7.928793e-01 1.236447e-01
    outer loop
      vertex   1.062942e+02 3.448396e+00 6.839365e+00
      vertex   1.071471e+02 2.908890e+00 6.183243e+00
      vertex   1.063452e+02 3.512339e+00 6.183243e+00
    endloop
  endfacet
  facet normal 6.402213e-01 7.581746e-01 1.236447e-01
    outer loop
      vertex   1.062942e+02 3.448396e+00 6.839365e+00
      vertex   1.063452e+02 3.512339e+00 6.183243e+00
      vertex   1.055240e+02 4.098815e+00 6.839365e+00
    endloop
  endfacet
  facet normal 6.402213e-01 7.581746e-01 1.236447e-01
    outer loop
      vertex   1.055240e+02 4.098815e+00 6.839365e+00
      vertex   1.063452e+02 3.512339e+00 6.183243e+00
      vertex   1.055785e+02 4.159798e+00 6.183243e+00
    endloop
  endfacet
  facet normal 6.817253e-01 7.210843e-01 1.236447e-01
    outer loop
      vertex   1.055240e+02 4.098815e+00 6.839365e+00
      vertex   1.055785e+02 4.159798e+00 6.183243e+00
      vertex   1.047914e+02 4.791399e+00 6.839365e+00
    endloop
  endfacet
  facet normal 6.817253e-01 7.210843e-01 1.236447e-01
    outer loop
      vertex   1.047914e+02 4.791399e+00 6.839365e+00
      vertex   1.055785e+02 4.159798e+00 6.183243e+00
      vertex   1.048492e+02 4.849230e+00 6.183243e+00
    endloop
  endfacet
  facet normal 7.210843e-01 6.817253e-01 1.236447e-01
    outer loop
      vertex   1.047914e+02 4.791399e+00 6.839365e+00
      vertex   1.048492e+02 4.849230e+00 6.183243e+00
      vertex   1.040988e+02 5.523969e+00 6.839365e+00
    endloop
  endfacet
  facet normal 7.210843e-01 6.817253e-01 1.236447e-01
    outer loop
      vertex   1.040988e+02 5.523969e+00 6.839365e+00
      vertex   1.048492e+02 4.849230e+00 6.183243e+00
      vertex   1.041598e+02 5.578466e+00 6.183243e+00
    endloop
  endfacet
  facet normal 7.581746e-01 6.402213e-01 1.236447e-01
    outer loop
      vertex   1.040988e+02 5.523969e+00 6.839365e+00
      vertex   1.041598e+02 5.578466e+00 6.183243e+00
      vertex   1.034484e+02 6.294220e+00 6.839365e+00
    endloop
  endfacet
  facet normal 7.581746e-01 6.402213e-01 1.236447e-01
    outer loop
      vertex   1.034484e+02 6.294220e+00 6.839365e+00
      vertex   1.041598e+02 5.578466e+00 6.183243e+00
      vertex   1.035123e+02 6.345212e+00 6.183243e+00
    endloop
  endfacet
  facet normal 7.928793e-01 5.967029e-01 1.236447e-01
    outer loop
      vertex   1.034484e+02 6.294220e+00 6.839365e+00
      vertex   1.035123e+02 6.345212e+00 6.183243e+00
      vertex   1.028422e+02 7.099728e+00 6.839365e+00
    endloop
  endfacet
  facet normal 7.928793e-01 5.967029e-01 1.236447e-01
    outer loop
      vertex   1.028422e+02 7.099728e+00 6.839365e+00
      vertex   1.035123e+02 6.345212e+00 6.183243e+00
      vertex   1.029089e+02 7.147055e+00 6.183243e+00
    endloop
  endfacet
  facet normal 8.250894e-01 5.513071e-01 1.236447e-01
    outer loop
      vertex   1.028422e+02 7.099728e+00 6.839365e+00
      vertex   1.029089e+02 7.147055e+00 6.183243e+00
      vertex   1.022821e+02 7.937960e+00 6.839365e+00
    endloop
  endfacet
  facet normal 8.250894e-01 5.513071e-01 1.236447e-01
    outer loop
      vertex   1.022821e+02 7.937960e+00 6.839365e+00
      vertex   1.029089e+02 7.147055e+00 6.183243e+00
      vertex   1.023514e+02 7.981472e+00 6.183243e+00
    endloop
  endfacet
  facet normal 8.547034e-01 5.041767e-01 1.236447e-01
    outer loop
      vertex   1.022821e+02 7.937960e+00 6.839365e+00
      vertex   1.023514e+02 7.981472e+00 6.183243e+00
      vertex   1.017699e+02 8.806277e+00 6.839365e+00
    endloop
  endfacet
  facet normal 8.547034e-01 5.041767e-01 1.236447e-01
    outer loop
      vertex   1.017699e+02 8.806277e+00 6.839365e+00
      vertex   1.023514e+02 7.981472e+00 6.183243e+00
      vertex   1.018415e+02 8.845838e+00 6.183243e+00
    endloop
  endfacet
  facet normal 8.816282e-01 4.554599e-01 1.236447e-01
    outer loop
      vertex   1.017699e+02 8.806277e+00 6.839365e+00
      vertex   1.018415e+02 8.845838e+00 6.183243e+00
      vertex   1.013072e+02 9.701948e+00 6.839365e+00
    endloop
  endfacet
  facet normal 8.816282e-01 4.554599e-01 1.236447e-01
    outer loop
      vertex   1.013072e+02 9.701948e+00 6.839365e+00
      vertex   1.018415e+02 8.845838e+00 6.183243e+00
      vertex   1.013809e+02 9.737434e+00 6.183243e+00
    endloop
  endfacet
  facet normal 9.057791e-01 4.053101e-01 1.236447e-01
    outer loop
      vertex   1.013072e+02 9.701948e+00 6.839365e+00
      vertex   1.013809e+02 9.737434e+00 6.183243e+00
      vertex   1.008954e+02 1.062215e+01 6.839365e+00
    endloop
  endfacet
  facet normal 9.057791e-01 4.053101e-01 1.236447e-01
    outer loop
      vertex   1.008954e+02 1.062215e+01 6.839365e+00
      vertex   1.013809e+02 9.737434e+00 6.183243e+00
      vertex   1.009710e+02 1.065345e+01 6.183243e+00
    endloop
  endfacet
  facet normal 9.270800e-01 3.538850e-01 1.236447e-01
    outer loop
      vertex   1.008954e+02 1.062215e+01 6.839365e+00
      vertex   1.009710e+02 1.065345e+01 6.183243e+00
      vertex   1.005359e+02 1.156400e+01 6.839365e+00
    endloop
  endfacet
  facet normal 9.270800e-01 3.538850e-01 1.236447e-01
    outer loop
      vertex   1.005359e+02 1.156400e+01 6.839365e+00
      vertex   1.009710e+02 1.065345e+01 6.183243e+00
      vertex   1.006131e+02 1.159101e+01 6.183243e+00
    endloop
  endfacet
  facet normal 9.454641e-01 3.013465e-01 1.236447e-01
    outer loop
      vertex   1.005359e+02 1.156400e+01 6.839365e+00
      vertex   1.006131e+02 1.159101e+01 6.183243e+00
      vertex   1.002297e+02 1.252453e+01 6.839365e+00
    endloop
  endfacet
  facet normal 9.454641e-01 3.013465e-01 1.236447e-01
    outer loop
      vertex   1.002297e+02 1.252453e+01 6.839365e+00
      vertex   1.006131e+02 1.159101e+01 6.183243e+00
      vertex   1.003083e+02 1.254717e+01 6.183243e+00
    endloop
  endfacet
  facet normal 2.744980e-02 9.783480e-01 2.051380e-01
    outer loop
      vertex   1.175000e+02 -3.908904e-01 6.183243e+00
      vertex   1.175000e+02 -2.552021e-01 5.536116e+00
      vertex   1.164968e+02 -3.627447e-01 6.183243e+00
    endloop
  endfacet
  facet normal 2.744980e-02 9.783480e-01 2.051380e-01
    outer loop
      vertex   1.164968e+02 -3.627447e-01 6.183243e+00
      vertex   1.175000e+02 -2.552021e-01 5.536116e+00
      vertex   1.165045e+02 -2.272699e-01 5.536116e+00
    endloop
  endfacet
  facet normal 8.226303e-02 9.752698e-01 2.051380e-01
    outer loop
      vertex   1.164968e+02 -3.627447e-01 6.183243e+00
      vertex   1.165045e+02 -2.272699e-01 5.536116e+00
      vertex   1.154969e+02 -2.783963e-01 6.183243e+00
    endloop
  endfacet
  facet normal 8.226303e-02 9.752698e-01 2.051380e-01
    outer loop
      vertex   1.154969e+02 -2.783963e-01 6.183243e+00
      vertex   1.165045e+02 -2.272699e-01 5.536116e+00
      vertex   1.155120e+02 -1.435611e-01 5.536116e+00
    endloop
  endfacet
  facet normal 1.368174e-01 9.691230e-01 2.051380e-01
    outer loop
      vertex   1.154969e+02 -2.783963e-01 6.183243e+00
      vertex   1.155120e+02 -1.435611e-01 5.536116e+00
      vertex   1.145032e+02 -1.381104e-01 6.183243e+00
    endloop
  endfacet
  facet normal 1.368174e-01 9.691230e-01 2.051380e-01
    outer loop
      vertex   1.145032e+02 -1.381104e-01 6.183243e+00
      vertex   1.155120e+02 -1.435611e-01 5.536116e+00
      vertex   1.145259e+02 -4.339205e-03 5.536116e+00
    endloop
  endfacet
  facet normal 1.909413e-01 9.599270e-01 2.051380e-01
    outer loop
      vertex   1.145032e+02 -1.381104e-01 6.183243e+00
      vertex   1.145259e+02 -4.339205e-03 5.536116e+00
      vertex   1.135189e+02 5.767155e-02 6.183243e+00
    endloop
  endfacet
  facet normal 1.909413e-01 9.599270e-01 2.051380e-01
    outer loop
      vertex   1.135189e+02 5.767155e-02 6.183243e+00
      vertex   1.145259e+02 -4.339205e-03 5.536116e+00
      vertex   1.135491e+02 1.899579e-01 5.536116e+00
    endloop
  endfacet
  facet normal 2.444645e-01 9.477107e-01 2.051380e-01
    outer loop
      vertex   1.135189e+02 5.767155e-02 6.183243e+00
      vertex   1.135491e+02 1.899579e-01 5.536116e+00
      vertex   1.125472e+02 3.083335e-01 6.183243e+00
    endloop
  endfacet
  facet normal 2.444645e-01 9.477107e-01 2.051380e-01
    outer loop
      vertex   1.125472e+02 3.083335e-01 6.183243e+00
      vertex   1.135491e+02 1.899579e-01 5.536116e+00
      vertex   1.125847e+02 4.387187e-01 5.536116e+00
    endloop
  endfacet
  facet normal 2.972185e-01 9.325125e-01 2.051380e-01
    outer loop
      vertex   1.125472e+02 3.083335e-01 6.183243e+00
      vertex   1.125847e+02 4.387187e-01 5.536116e+00
      vertex   1.115910e+02 6.130868e-01 6.183243e+00
    endloop
  endfacet
  facet normal 2.972185e-01 9.325125e-01 2.051380e-01
    outer loop
      vertex   1.115910e+02 6.130868e-01 6.183243e+00
      vertex   1.125847e+02 4.387187e-01 5.536116e+00
      vertex   1.116358e+02 7.411607e-01 5.536116e+00
    endloop
  endfacet
  facet normal 3.490373e-01 9.143803e-01 2.051380e-01
    outer loop
      vertex   1.115910e+02 6.130868e-01 6.183243e+00
      vertex   1.116358e+02 7.411607e-01 5.536116e+00
      vertex   1.106535e+02 9.709725e-01 6.183243e+00
    endloop
  endfacet
  facet normal 3.490373e-01 9.143803e-01 2.051380e-01
    outer loop
      vertex   1.106535e+02 9.709725e-01 6.183243e+00
      vertex   1.116358e+02 7.411607e-01 5.536116e+00
      vertex   1.107054e+02 1.096332e+00 5.536116e+00
    endloop
  endfacet
  facet normal 3.997579e-01 8.933712e-01 2.051380e-01
    outer loop
      vertex   1.106535e+02 9.709725e-01 6.183243e+00
      vertex   1.107054e+02 1.096332e+00 5.536116e+00
      vertex   1.097374e+02 1.380865e+00 6.183243e+00
    endloop
  endfacet
  facet normal 3.997579e-01 8.933712e-01 2.051380e-01
    outer loop
      vertex   1.097374e+02 1.380865e+00 6.183243e+00
      vertex   1.107054e+02 1.096332e+00 5.536116e+00
      vertex   1.097963e+02 1.503116e+00 5.536116e+00
    endloop
  endfacet
  facet normal 4.492207e-01 8.695511e-01 2.051380e-01
    outer loop
      vertex   1.097374e+02 1.380865e+00 6.183243e+00
      vertex   1.097963e+02 1.503116e+00 5.536116e+00
      vertex   1.088458e+02 1.841474e+00 6.183243e+00
    endloop
  endfacet
  facet normal 4.492207e-01 8.695511e-01 2.051380e-01
    outer loop
      vertex   1.088458e+02 1.841474e+00 6.183243e+00
      vertex   1.097963e+02 1.503116e+00 5.536116e+00
      vertex   1.089115e+02 1.960231e+00 5.536116e+00
    endloop
  endfacet
  facet normal 4.972701e-01 8.429951e-01 2.051380e-01
    outer loop
      vertex   1.088458e+02 1.841474e+00 6.183243e+00
      vertex   1.089115e+02 1.960231e+00 5.536116e+00
      vertex   1.079815e+02 2.351350e+00 6.183243e+00
    endloop
  endfacet
  facet normal 4.972701e-01 8.429951e-01 2.051380e-01
    outer loop
      vertex   1.079815e+02 2.351350e+00 6.183243e+00
      vertex   1.089115e+02 1.960231e+00 5.536116e+00
      vertex   1.080537e+02 2.466241e+00 5.536116e+00
    endloop
  endfacet
  facet normal 5.437550e-01 8.137868e-01 2.051380e-01
    outer loop
      vertex   1.079815e+02 2.351350e+00 6.183243e+00
      vertex   1.080537e+02 2.466241e+00 5.536116e+00
      vertex   1.071471e+02 2.908890e+00 6.183243e+00
    endloop
  endfacet
  facet normal 5.437550e-01 8.137868e-01 2.051380e-01
    outer loop
      vertex   1.071471e+02 2.908890e+00 6.183243e+00
      vertex   1.080537e+02 2.466241e+00 5.536116e+00
      vertex   1.072256e+02 3.019552e+00 5.536116e+00
    endloop
  endfacet
  facet normal 5.885289e-01 7.820180e-01 2.051380e-01
    outer loop
      vertex   1.071471e+02 2.908890e+00 6.183243e+00
      vertex   1.072256e+02 3.019552e+00 5.536116e+00
      vertex   1.063452e+02 3.512339e+00 6.183243e+00
    endloop
  endfacet
  facet normal 5.885289e-01 7.820180e-01 2.051380e-01
    outer loop
      vertex   1.063452e+02 3.512339e+00 6.183243e+00
      vertex   1.072256e+02 3.019552e+00 5.536116e+00
      vertex   1.064298e+02 3.618424e+00 5.536116e+00
    endloop
  endfacet
  facet normal 6.314511e-01 7.477886e-01 2.051380e-01
    outer loop
      vertex   1.063452e+02 3.512339e+00 6.183243e+00
      vertex   1.064298e+02 3.618424e+00 5.536116e+00
      vertex   1.055785e+02 4.159798e+00 6.183243e+00
    endloop
  endfacet
  facet normal 6.314511e-01 7.477886e-01 2.051380e-01
    outer loop
      vertex   1.055785e+02 4.159798e+00 6.183243e+00
      vertex   1.064298e+02 3.618424e+00 5.536116e+00
      vertex   1.056689e+02 4.260973e+00 5.536116e+00
    endloop
  endfacet
  facet normal 6.723866e-01 7.112065e-01 2.051380e-01
    outer loop
      vertex   1.055785e+02 4.159798e+00 6.183243e+00
      vertex   1.056689e+02 4.260973e+00 5.536116e+00
      vertex   1.048492e+02 4.849230e+00 6.183243e+00
    endloop
  endfacet
  facet normal 6.723866e-01 7.112065e-01 2.051380e-01
    outer loop
      vertex   1.048492e+02 4.849230e+00 6.183243e+00
      vertex   1.056689e+02 4.260973e+00 5.536116e+00
      vertex   1.049452e+02 4.945176e+00 5.536116e+00
    endloop
  endfacet
  facet normal 7.112065e-01 6.723866e-01 2.051380e-01
    outer loop
      vertex   1.048492e+02 4.849230e+00 6.183243e+00
      vertex   1.049452e+02 4.945176e+00 5.536116e+00
      vertex   1.041598e+02 5.578466e+00 6.183243e+00
    endloop
  endfacet
  facet normal 7.112065e-01 6.723866e-01 2.051380e-01
    outer loop
      vertex   1.041598e+02 5.578466e+00 6.183243e+00
      vertex   1.049452e+02 4.945176e+00 5.536116e+00
      vertex   1.042610e+02 5.668882e+00 5.536116e+00
    endloop
  endfacet
  facet normal 7.477886e-01 6.314511e-01 2.051380e-01
    outer loop
      vertex   1.041598e+02 5.578466e+00 6.183243e+00
      vertex   1.042610e+02 5.668882e+00 5.536116e+00
      vertex   1.035123e+02 6.345212e+00 6.183243e+00
    endloop
  endfacet
  facet normal 7.477886e-01 6.314511e-01 2.051380e-01
    outer loop
      vertex   1.035123e+02 6.345212e+00 6.183243e+00
      vertex   1.042610e+02 5.668882e+00 5.536116e+00
      vertex   1.036184e+02 6.429813e+00 5.536116e+00
    endloop
  endfacet
  facet normal 7.820180e-01 5.885289e-01 2.051380e-01
    outer loop
      vertex   1.035123e+02 6.345212e+00 6.183243e+00
      vertex   1.036184e+02 6.429813e+00 5.536116e+00
      vertex   1.029089e+02 7.147055e+00 6.183243e+00
    endloop
  endfacet
  facet normal 7.820180e-01 5.885289e-01 2.051380e-01
    outer loop
      vertex   1.029089e+02 7.147055e+00 6.183243e+00
      vertex   1.036184e+02 6.429813e+00 5.536116e+00
      vertex   1.030196e+02 7.225574e+00 5.536116e+00
    endloop
  endfacet
  facet normal 8.137868e-01 5.437550e-01 2.051380e-01
    outer loop
      vertex   1.029089e+02 7.147055e+00 6.183243e+00
      vertex   1.030196e+02 7.225574e+00 5.536116e+00
      vertex   1.023514e+02 7.981472e+00 6.183243e+00
    endloop
  endfacet
  facet normal 8.137868e-01 5.437550e-01 2.051380e-01
    outer loop
      vertex   1.023514e+02 7.981472e+00 6.183243e+00
      vertex   1.030196e+02 7.225574e+00 5.536116e+00
      vertex   1.024662e+02 8.053663e+00 5.536116e+00
    endloop
  endfacet
  facet normal 8.429951e-01 4.972701e-01 2.051380e-01
    outer loop
      vertex   1.023514e+02 7.981472e+00 6.183243e+00
      vertex   1.024662e+02 8.053663e+00 5.536116e+00
      vertex   1.018415e+02 8.845838e+00 6.183243e+00
    endloop
  endfacet
  facet normal 8.429951e-01 4.972701e-01 2.051380e-01
    outer loop
      vertex   1.018415e+02 8.845838e+00 6.183243e+00
      vertex   1.024662e+02 8.053663e+00 5.536116e+00
      vertex   1.019602e+02 8.911473e+00 5.536116e+00
    endloop
  endfacet
  facet normal 8.695511e-01 4.492207e-01 2.051380e-01
    outer loop
      vertex   1.018415e+02 8.845838e+00 6.183243e+00
      vertex   1.019602e+02 8.911473e+00 5.536116e+00
      vertex   1.013809e+02 9.737434e+00 6.183243e+00
    endloop
  endfacet
  facet normal 8.695511e-01 4.492207e-01 2.051380e-01
    outer loop
      vertex   1.013809e+02 9.737434e+00 6.183243e+00
      vertex   1.019602e+02 8.911473e+00 5.536116e+00
      vertex   1.015031e+02 9.796307e+00 5.536116e+00
    endloop
  endfacet
  facet normal 8.933712e-01 3.997579e-01 2.051380e-01
    outer loop
      vertex   1.013809e+02 9.737434e+00 6.183243e+00
      vertex   1.015031e+02 9.796307e+00 5.536116e+00
      vertex   1.009710e+02 1.065345e+01 6.183243e+00
    endloop
  endfacet
  facet normal 8.933712e-01 3.997579e-01 2.051380e-01
    outer loop
      vertex   1.009710e+02 1.065345e+01 6.183243e+00
      vertex   1.015031e+02 9.796307e+00 5.536116e+00
      vertex   1.010963e+02 1.070538e+01 5.536116e+00
    endloop
  endfacet
  facet normal 9.143803e-01 3.490373e-01 2.051380e-01
    outer loop
      vertex   1.009710e+02 1.065345e+01 6.183243e+00
      vertex   1.010963e+02 1.070538e+01 5.536116e+00
      vertex   1.006131e+02 1.159101e+01 6.183243e+00
    endloop
  endfacet
  facet normal 9.143803e-01 3.490373e-01 2.051380e-01
    outer loop
      vertex   1.006131e+02 1.159101e+01 6.183243e+00
      vertex   1.010963e+02 1.070538e+01 5.536116e+00
      vertex   1.007412e+02 1.163583e+01 5.536116e+00
    endloop
  endfacet
  facet normal 9.325125e-01 2.972185e-01 2.051380e-01
    outer loop
      vertex   1.006131e+02 1.159101e+01 6.183243e+00
      vertex   1.007412e+02 1.163583e+01 5.536116e+00
      vertex   1.003083e+02 1.254717e+01 6.183243e+00
    endloop
  endfacet
  facet normal 9.325125e-01 2.972185e-01 2.051380e-01
    outer loop
      vertex   1.003083e+02 1.254717e+01 6.183243e+00
      vertex   1.007412e+02 1.163583e+01 5.536116e+00
      vertex   1.004387e+02 1.258473e+01 5.536116e+00
    endloop
  endfacet
  facet normal 2.688116e-02 9.580811e-01 2.852331e-01
    outer loop
      vertex   1.175000e+02 -2.552021e-01 5.536116e+00
      vertex   1.175000e+02 -6.653793e-02 4.902404e+00
      vertex   1.165045e+02 -2.272699e-01 5.536116e+00
    endloop
  endfacet
  facet normal 2.688116e-02 9.580811e-01 2.852331e-01
    outer loop
      vertex   1.165045e+02 -2.272699e-01 5.536116e+00
      vertex   1.175000e+02 -6.653793e-02 4.902404e+00
      vertex   1.165150e+02 -3.890252e-02 4.902404e+00
    endloop
  endfacet
  facet normal 8.055891e-02 9.550667e-01 2.852331e-01
    outer loop
      vertex   1.165045e+02 -2.272699e-01 5.536116e+00
      vertex   1.165150e+02 -3.890252e-02 4.902404e+00
      vertex   1.155120e+02 -1.435611e-01 5.536116e+00
    endloop
  endfacet
  facet normal 8.055891e-02 9.550667e-01 2.852331e-01
    outer loop
      vertex   1.155120e+02 -1.435611e-01 5.536116e+00
      vertex   1.165150e+02 -3.890252e-02 4.902404e+00
      vertex   1.155332e+02 4.391677e-02 4.902404e+00
    endloop
  endfacet
  facet normal 1.339832e-01 9.490472e-01 2.852331e-01
    outer loop
      vertex   1.155120e+02 -1.435611e-01 5.536116e+00
      vertex   1.155332e+02 4.391677e-02 4.902404e+00
      vertex   1.145259e+02 -4.339205e-03 5.536116e+00
    endloop
  endfacet
  facet normal 1.339832e-01 9.490472e-01 2.852331e-01
    outer loop
      vertex   1.145259e+02 -4.339205e-03 5.536116e+00
      vertex   1.155332e+02 4.391677e-02 4.902404e+00
      vertex   1.145575e+02 1.816594e-01 4.902404e+00
    endloop
  endfacet
  facet normal 1.869859e-01 9.400417e-01 2.852331e-01
    outer loop
      vertex   1.145259e+02 -4.339205e-03 5.536116e+00
      vertex   1.145575e+02 1.816594e-01 4.902404e+00
      vertex   1.135491e+02 1.899579e-01 5.536116e+00
    endloop
  endfacet
  facet normal 1.869859e-01 9.400417e-01 2.852331e-01
    outer loop
      vertex   1.135491e+02 1.899579e-01 5.536116e+00
      vertex   1.145575e+02 1.816594e-01 4.902404e+00
      vertex   1.135911e+02 3.738918e-01 4.902404e+00
    endloop
  endfacet
  facet normal 2.394003e-01 9.280784e-01 2.852331e-01
    outer loop
      vertex   1.135491e+02 1.899579e-01 5.536116e+00
      vertex   1.135911e+02 3.738918e-01 4.902404e+00
      vertex   1.125847e+02 4.387187e-01 5.536116e+00
    endloop
  endfacet
  facet normal 2.394003e-01 9.280784e-01 2.852331e-01
    outer loop
      vertex   1.125847e+02 4.387187e-01 5.536116e+00
      vertex   1.135911e+02 3.738918e-01 4.902404e+00
      vertex   1.126370e+02 6.200094e-01 4.902404e+00
    endloop
  endfacet
  facet normal 2.910615e-01 9.131951e-01 2.852331e-01
    outer loop
      vertex   1.125847e+02 4.387187e-01 5.536116e+00
      vertex   1.126370e+02 6.200094e-01 4.902404e+00
      vertex   1.116358e+02 7.411607e-01 5.536116e+00
    endloop
  endfacet
  facet normal 2.910615e-01 9.131951e-01 2.852331e-01
    outer loop
      vertex   1.116358e+02 7.411607e-01 5.536116e+00
      vertex   1.126370e+02 6.200094e-01 4.902404e+00
      vertex   1.116981e+02 9.192377e-01 4.902404e+00
    endloop
  endfacet
  facet normal 3.418068e-01 8.954385e-01 2.852331e-01
    outer loop
      vertex   1.116358e+02 7.411607e-01 5.536116e+00
      vertex   1.116981e+02 9.192377e-01 4.902404e+00
      vertex   1.107054e+02 1.096332e+00 5.536116e+00
    endloop
  endfacet
  facet normal 3.418068e-01 8.954385e-01 2.852331e-01
    outer loop
      vertex   1.107054e+02 1.096332e+00 5.536116e+00
      vertex   1.116981e+02 9.192377e-01 4.902404e+00
      vertex   1.107776e+02 1.270635e+00 4.902404e+00
    endloop
  endfacet
  facet normal 3.914767e-01 8.748646e-01 2.852331e-01
    outer loop
      vertex   1.107054e+02 1.096332e+00 5.536116e+00
      vertex   1.107776e+02 1.270635e+00 4.902404e+00
      vertex   1.097963e+02 1.503116e+00 5.536116e+00
    endloop
  endfacet
  facet normal 3.914767e-01 8.748646e-01 2.852331e-01
    outer loop
      vertex   1.097963e+02 1.503116e+00 5.536116e+00
      vertex   1.107776e+02 1.270635e+00 4.902404e+00
      vertex   1.098782e+02 1.673096e+00 4.902404e+00
    endloop
  endfacet
  facet normal 4.399149e-01 8.515380e-01 2.852331e-01
    outer loop
      vertex   1.097963e+02 1.503116e+00 5.536116e+00
      vertex   1.098782e+02 1.673096e+00 4.902404e+00
      vertex   1.089115e+02 1.960231e+00 5.536116e+00
    endloop
  endfacet
  facet normal 4.399149e-01 8.515380e-01 2.852331e-01
    outer loop
      vertex   1.089115e+02 1.960231e+00 5.536116e+00
      vertex   1.098782e+02 1.673096e+00 4.902404e+00
      vertex   1.090027e+02 2.125355e+00 4.902404e+00
    endloop
  endfacet
  facet normal 4.869690e-01 8.255321e-01 2.852331e-01
    outer loop
      vertex   1.089115e+02 1.960231e+00 5.536116e+00
      vertex   1.090027e+02 2.125355e+00 4.902404e+00
      vertex   1.080537e+02 2.466241e+00 5.536116e+00
    endloop
  endfacet
  facet normal 4.869690e-01 8.255321e-01 2.852331e-01
    outer loop
      vertex   1.080537e+02 2.466241e+00 5.536116e+00
      vertex   1.090027e+02 2.125355e+00 4.902404e+00
      vertex   1.081540e+02 2.625987e+00 4.902404e+00
    endloop
  endfacet
  facet normal 5.324908e-01 7.969288e-01 2.852331e-01
    outer loop
      vertex   1.080537e+02 2.466241e+00 5.536116e+00
      vertex   1.081540e+02 2.625987e+00 4.902404e+00
      vertex   1.072256e+02 3.019552e+00 5.536116e+00
    endloop
  endfacet
  facet normal 5.324908e-01 7.969288e-01 2.852331e-01
    outer loop
      vertex   1.072256e+02 3.019552e+00 5.536116e+00
      vertex   1.081540e+02 2.625987e+00 4.902404e+00
      vertex   1.073347e+02 3.173419e+00 4.902404e+00
    endloop
  endfacet
  facet normal 5.763373e-01 7.658181e-01 2.852331e-01
    outer loop
      vertex   1.072256e+02 3.019552e+00 5.536116e+00
      vertex   1.073347e+02 3.173419e+00 4.902404e+00
      vertex   1.064298e+02 3.618424e+00 5.536116e+00
    endloop
  endfacet
  facet normal 5.763373e-01 7.658181e-01 2.852331e-01
    outer loop
      vertex   1.064298e+02 3.618424e+00 5.536116e+00
      vertex   1.073347e+02 3.173419e+00 4.902404e+00
      vertex   1.065474e+02 3.765928e+00 4.902404e+00
    endloop
  endfacet
  facet normal 6.183704e-01 7.322979e-01 2.852331e-01
    outer loop
      vertex   1.064298e+02 3.618424e+00 5.536116e+00
      vertex   1.065474e+02 3.765928e+00 4.902404e+00
      vertex   1.056689e+02 4.260973e+00 5.536116e+00
    endloop
  endfacet
  facet normal 6.183704e-01 7.322979e-01 2.852331e-01
    outer loop
      vertex   1.056689e+02 4.260973e+00 5.536116e+00
      vertex   1.065474e+02 3.765928e+00 4.902404e+00
      vertex   1.057946e+02 4.401649e+00 4.902404e+00
    endloop
  endfacet
  facet normal 6.584578e-01 6.964735e-01 2.852331e-01
    outer loop
      vertex   1.056689e+02 4.260973e+00 5.536116e+00
      vertex   1.057946e+02 4.401649e+00 4.902404e+00
      vertex   1.049452e+02 4.945176e+00 5.536116e+00
    endloop
  endfacet
  facet normal 6.584578e-01 6.964735e-01 2.852331e-01
    outer loop
      vertex   1.049452e+02 4.945176e+00 5.536116e+00
      vertex   1.057946e+02 4.401649e+00 4.902404e+00
      vertex   1.050786e+02 5.078582e+00 4.902404e+00
    endloop
  endfacet
  facet normal 6.964735e-01 6.584578e-01 2.852331e-01
    outer loop
      vertex   1.049452e+02 4.945176e+00 5.536116e+00
      vertex   1.050786e+02 5.078582e+00 4.902404e+00
      vertex   1.042610e+02 5.668882e+00 5.536116e+00
    endloop
  endfacet
  facet normal 6.964735e-01 6.584578e-01 2.852331e-01
    outer loop
      vertex   1.042610e+02 5.668882e+00 5.536116e+00
      vertex   1.050786e+02 5.078582e+00 4.902404e+00
      vertex   1.044016e+02 5.794598e+00 4.902404e+00
    endloop
  endfacet
  facet normal 7.322979e-01 6.183704e-01 2.852331e-01
    outer loop
      vertex   1.042610e+02 5.668882e+00 5.536116e+00
      vertex   1.044016e+02 5.794598e+00 4.902404e+00
      vertex   1.036184e+02 6.429813e+00 5.536116e+00
    endloop
  endfacet
  facet normal 7.322979e-01 6.183704e-01 2.852331e-01
    outer loop
      vertex   1.036184e+02 6.429813e+00 5.536116e+00
      vertex   1.044016e+02 5.794598e+00 4.902404e+00
      vertex   1.037659e+02 6.547443e+00 4.902404e+00
    endloop
  endfacet
  facet normal 7.658181e-01 5.763373e-01 2.852331e-01
    outer loop
      vertex   1.036184e+02 6.429813e+00 5.536116e+00
      vertex   1.037659e+02 6.547443e+00 4.902404e+00
      vertex   1.030196e+02 7.225574e+00 5.536116e+00
    endloop
  endfacet
  facet normal 7.658181e-01 5.763373e-01 2.852331e-01
    outer loop
      vertex   1.030196e+02 7.225574e+00 5.536116e+00
      vertex   1.037659e+02 6.547443e+00 4.902404e+00
      vertex   1.031734e+02 7.334749e+00 4.902404e+00
    endloop
  endfacet
  facet normal 7.969288e-01 5.324908e-01 2.852331e-01
    outer loop
      vertex   1.030196e+02 7.225574e+00 5.536116e+00
      vertex   1.031734e+02 7.334749e+00 4.902404e+00
      vertex   1.024662e+02 8.053663e+00 5.536116e+00
    endloop
  endfacet
  facet normal 7.969288e-01 5.324908e-01 2.852331e-01
    outer loop
      vertex   1.024662e+02 8.053663e+00 5.536116e+00
      vertex   1.031734e+02 7.334749e+00 4.902404e+00
      vertex   1.026260e+02 8.154038e+00 4.902404e+00
    endloop
  endfacet
  facet normal 8.255321e-01 4.869690e-01 2.852331e-01
    outer loop
      vertex   1.024662e+02 8.053663e+00 5.536116e+00
      vertex   1.026260e+02 8.154038e+00 4.902404e+00
      vertex   1.019602e+02 8.911473e+00 5.536116e+00
    endloop
  endfacet
  facet normal 8.255321e-01 4.869690e-01 2.852331e-01
    outer loop
      vertex   1.019602e+02 8.911473e+00 5.536116e+00
      vertex   1.026260e+02 8.154038e+00 4.902404e+00
      vertex   1.021254e+02 9.002734e+00 4.902404e+00
    endloop
  endfacet
  facet normal 8.515380e-01 4.399149e-01 2.852331e-01
    outer loop
      vertex   1.019602e+02 8.911473e+00 5.536116e+00
      vertex   1.021254e+02 9.002734e+00 4.902404e+00
      vertex   1.015031e+02 9.796307e+00 5.536116e+00
    endloop
  endfacet
  facet normal 8.515380e-01 4.399149e-01 2.852331e-01
    outer loop
      vertex   1.015031e+02 9.796307e+00 5.536116e+00
      vertex   1.021254e+02 9.002734e+00 4.902404e+00
      vertex   1.016731e+02 9.878165e+00 4.902404e+00
    endloop
  endfacet
  facet normal 8.748646e-01 3.914767e-01 2.852331e-01
    outer loop
      vertex   1.015031e+02 9.796307e+00 5.536116e+00
      vertex   1.016731e+02 9.878165e+00 4.902404e+00
      vertex   1.010963e+02 1.070538e+01 5.536116e+00
    endloop
  endfacet
  facet normal 8.748646e-01 3.914767e-01 2.852331e-01
    outer loop
      vertex   1.010963e+02 1.070538e+01 5.536116e+00
      vertex   1.016731e+02 9.878165e+00 4.902404e+00
      vertex   1.012706e+02 1.077758e+01 4.902404e+00
    endloop
  endfacet
  facet normal 8.954385e-01 3.418068e-01 2.852331e-01
    outer loop
      vertex   1.010963e+02 1.070538e+01 5.536116e+00
      vertex   1.012706e+02 1.077758e+01 4.902404e+00
      vertex   1.007412e+02 1.163583e+01 5.536116e+00
    endloop
  endfacet
  facet normal 8.954385e-01 3.418068e-01 2.852331e-01
    outer loop
      vertex   1.007412e+02 1.163583e+01 5.536116e+00
      vertex   1.012706e+02 1.077758e+01 4.902404e+00
      vertex   1.009192e+02 1.169814e+01 4.902404e+00
    endloop
  endfacet
  facet normal 9.131951e-01 2.910615e-01 2.852331e-01
    outer loop
      vertex   1.007412e+02 1.163583e+01 5.536116e+00
      vertex   1.009192e+02 1.169814e+01 4.902404e+00
      vertex   1.004387e+02 1.258473e+01 5.536116e+00
    endloop
  endfacet
  facet normal 9.131951e-01 2.910615e-01 2.852331e-01
    outer loop
      vertex   1.004387e+02 1.258473e+01 5.536116e+00
      vertex   1.009192e+02 1.169814e+01 4.902404e+00
      vertex   1.006200e+02 1.263696e+01 4.902404e+00
    endloop
  endfacet
  facet normal 2.612900e-02 9.312730e-01 3.633839e-01
    outer loop
      vertex   1.175000e+02 -6.653793e-02 4.902404e+00
      vertex   1.175000e+02 1.738134e-01 4.286437e+00
      vertex   1.165150e+02 -3.890252e-02 4.902404e+00
    endloop
  endfacet
  facet normal 2.612900e-02 9.312730e-01 3.633839e-01
    outer loop
      vertex   1.165150e+02 -3.890252e-02 4.902404e+00
      vertex   1.175000e+02 1.738134e-01 4.286437e+00
      vertex   1.165285e+02 2.010707e-01 4.286437e+00
    endloop
  endfacet
  facet normal 7.830479e-02 9.283429e-01 3.633839e-01
    outer loop
      vertex   1.165150e+02 -3.890252e-02 4.902404e+00
      vertex   1.165285e+02 2.010707e-01 4.286437e+00
      vertex   1.155332e+02 4.391677e-02 4.902404e+00
    endloop
  endfacet
  facet normal 7.830479e-02 9.283429e-01 3.633839e-01
    outer loop
      vertex   1.155332e+02 4.391677e-02 4.902404e+00
      vertex   1.165285e+02 2.010707e-01 4.286437e+00
      vertex   1.155601e+02 2.827568e-01 4.286437e+00
    endloop
  endfacet
  facet normal 1.302342e-01 9.224919e-01 3.633839e-01
    outer loop
      vertex   1.155332e+02 4.391677e-02 4.902404e+00
      vertex   1.155601e+02 2.827568e-01 4.286437e+00
      vertex   1.145575e+02 1.816594e-01 4.902404e+00
    endloop
  endfacet
  facet normal 1.302342e-01 9.224919e-01 3.633839e-01
    outer loop
      vertex   1.145575e+02 1.816594e-01 4.902404e+00
      vertex   1.155601e+02 2.827568e-01 4.286437e+00
      vertex   1.145978e+02 4.186148e-01 4.286437e+00
    endloop
  endfacet
  facet normal 1.817539e-01 9.137383e-01 3.633839e-01
    outer loop
      vertex   1.145575e+02 1.816594e-01 4.902404e+00
      vertex   1.145978e+02 4.186148e-01 4.286437e+00
      vertex   1.135911e+02 3.738918e-01 4.902404e+00
    endloop
  endfacet
  facet normal 1.817539e-01 9.137383e-01 3.633839e-01
    outer loop
      vertex   1.135911e+02 3.738918e-01 4.902404e+00
      vertex   1.145978e+02 4.186148e-01 4.286437e+00
      vertex   1.136446e+02 6.082171e-01 4.286437e+00
    endloop
  endfacet
  facet normal 2.327016e-01 9.021098e-01 3.633839e-01
    outer loop
      vertex   1.135911e+02 3.738918e-01 4.902404e+00
      vertex   1.136446e+02 6.082171e-01 4.286437e+00
      vertex   1.126370e+02 6.200094e-01 4.902404e+00
    endloop
  endfacet
  facet normal 2.327016e-01 9.021098e-01 3.633839e-01
    outer loop
      vertex   1.126370e+02 6.200094e-01 4.902404e+00
      vertex   1.136446e+02 6.082171e-01 4.286437e+00
      vertex   1.127035e+02 8.509672e-01 4.286437e+00
    endloop
  endfacet
  facet normal 2.829173e-01 8.876429e-01 3.633839e-01
    outer loop
      vertex   1.126370e+02 6.200094e-01 4.902404e+00
      vertex   1.127035e+02 8.509672e-01 4.286437e+00
      vertex   1.116981e+02 9.192377e-01 4.902404e+00
    endloop
  endfacet
  facet normal 2.829173e-01 8.876429e-01 3.633839e-01
    outer loop
      vertex   1.116981e+02 9.192377e-01 4.902404e+00
      vertex   1.127035e+02 8.509672e-01 4.286437e+00
      vertex   1.117775e+02 1.146101e+00 4.286437e+00
    endloop
  endfacet
  facet normal 3.322427e-01 8.703832e-01 3.633839e-01
    outer loop
      vertex   1.116981e+02 9.192377e-01 4.902404e+00
      vertex   1.117775e+02 1.146101e+00 4.286437e+00
      vertex   1.107776e+02 1.270635e+00 4.902404e+00
    endloop
  endfacet
  facet normal 3.322427e-01 8.703832e-01 3.633839e-01
    outer loop
      vertex   1.107776e+02 1.270635e+00 4.902404e+00
      vertex   1.117775e+02 1.146101e+00 4.286437e+00
      vertex   1.108696e+02 1.492691e+00 4.286437e+00
    endloop
  endfacet
  facet normal 3.805228e-01 8.503850e-01 3.633839e-01
    outer loop
      vertex   1.107776e+02 1.270635e+00 4.902404e+00
      vertex   1.108696e+02 1.492691e+00 4.286437e+00
      vertex   1.098782e+02 1.673096e+00 4.902404e+00
    endloop
  endfacet
  facet normal 3.805228e-01 8.503850e-01 3.633839e-01
    outer loop
      vertex   1.098782e+02 1.673096e+00 4.902404e+00
      vertex   1.108696e+02 1.492691e+00 4.286437e+00
      vertex   1.099824e+02 1.889645e+00 4.286437e+00
    endloop
  endfacet
  facet normal 4.276056e-01 8.277111e-01 3.633839e-01
    outer loop
      vertex   1.098782e+02 1.673096e+00 4.902404e+00
      vertex   1.099824e+02 1.889645e+00 4.286437e+00
      vertex   1.090027e+02 2.125355e+00 4.902404e+00
    endloop
  endfacet
  facet normal 4.276056e-01 8.277111e-01 3.633839e-01
    outer loop
      vertex   1.090027e+02 2.125355e+00 4.902404e+00
      vertex   1.099824e+02 1.889645e+00 4.286437e+00
      vertex   1.091190e+02 2.335716e+00 4.286437e+00
    endloop
  endfacet
  facet normal 4.733431e-01 8.024329e-01 3.633839e-01
    outer loop
      vertex   1.090027e+02 2.125355e+00 4.902404e+00
      vertex   1.091190e+02 2.335716e+00 4.286437e+00
      vertex   1.081540e+02 2.625987e+00 4.902404e+00
    endloop
  endfacet
  facet normal 4.733431e-01 8.024329e-01 3.633839e-01
    outer loop
      vertex   1.081540e+02 2.625987e+00 4.902404e+00
      vertex   1.091190e+02 2.335716e+00 4.286437e+00
      vertex   1.082819e+02 2.829499e+00 4.286437e+00
    endloop
  endfacet
  facet normal 5.175912e-01 7.746299e-01 3.633839e-01
    outer loop
      vertex   1.081540e+02 2.625987e+00 4.902404e+00
      vertex   1.082819e+02 2.829499e+00 4.286437e+00
      vertex   1.073347e+02 3.173419e+00 4.902404e+00
    endloop
  endfacet
  facet normal 5.175912e-01 7.746299e-01 3.633839e-01
    outer loop
      vertex   1.073347e+02 3.173419e+00 4.902404e+00
      vertex   1.082819e+02 2.829499e+00 4.286437e+00
      vertex   1.074738e+02 3.369440e+00 4.286437e+00
    endloop
  endfacet
  facet normal 5.602108e-01 7.443897e-01 3.633839e-01
    outer loop
      vertex   1.073347e+02 3.173419e+00 4.902404e+00
      vertex   1.074738e+02 3.369440e+00 4.286437e+00
      vertex   1.065474e+02 3.765928e+00 4.902404e+00
    endloop
  endfacet
  facet normal 5.602108e-01 7.443897e-01 3.633839e-01
    outer loop
      vertex   1.065474e+02 3.765928e+00 4.902404e+00
      vertex   1.074738e+02 3.369440e+00 4.286437e+00
      vertex   1.066973e+02 3.953842e+00 4.286437e+00
    endloop
  endfacet
  facet normal 6.010677e-01 7.118074e-01 3.633839e-01
    outer loop
      vertex   1.065474e+02 3.765928e+00 4.902404e+00
      vertex   1.066973e+02 3.953842e+00 4.286437e+00
      vertex   1.057946e+02 4.401649e+00 4.902404e+00
    endloop
  endfacet
  facet normal 6.010677e-01 7.118074e-01 3.633839e-01
    outer loop
      vertex   1.057946e+02 4.401649e+00 4.902404e+00
      vertex   1.066973e+02 3.953842e+00 4.286437e+00
      vertex   1.059548e+02 4.580865e+00 4.286437e+00
    endloop
  endfacet
  facet normal 6.400335e-01 6.769855e-01 3.633839e-01
    outer loop
      vertex   1.057946e+02 4.401649e+00 4.902404e+00
      vertex   1.059548e+02 4.580865e+00 4.286437e+00
      vertex   1.050786e+02 5.078582e+00 4.902404e+00
    endloop
  endfacet
  facet normal 6.400335e-01 6.769855e-01 3.633839e-01
    outer loop
      vertex   1.050786e+02 5.078582e+00 4.902404e+00
      vertex   1.059548e+02 4.580865e+00 4.286437e+00
      vertex   1.052485e+02 5.248536e+00 4.286437e+00
    endloop
  endfacet
  facet normal 6.769855e-01 6.400335e-01 3.633839e-01
    outer loop
      vertex   1.050786e+02 5.078582e+00 4.902404e+00
      vertex   1.052485e+02 5.248536e+00 4.286437e+00
      vertex   1.044016e+02 5.794598e+00 4.902404e+00
    endloop
  endfacet
  facet normal 6.769855e-01 6.400335e-01 3.633839e-01
    outer loop
      vertex   1.044016e+02 5.794598e+00 4.902404e+00
      vertex   1.052485e+02 5.248536e+00 4.286437e+00
      vertex   1.045809e+02 5.954755e+00 4.286437e+00
    endloop
  endfacet
  facet normal 7.118074e-01 6.010677e-01 3.633839e-01
    outer loop
      vertex   1.044016e+02 5.794598e+00 4.902404e+00
      vertex   1.045809e+02 5.954755e+00 4.286437e+00
      vertex   1.037659e+02 6.547443e+00 4.902404e+00
    endloop
  endfacet
  facet normal 7.118074e-01 6.010677e-01 3.633839e-01
    outer loop
      vertex   1.037659e+02 6.547443e+00 4.902404e+00
      vertex   1.045809e+02 5.954755e+00 4.286437e+00
      vertex   1.039538e+02 6.697299e+00 4.286437e+00
    endloop
  endfacet
  facet normal 7.443897e-01 5.602108e-01 3.633839e-01
    outer loop
      vertex   1.037659e+02 6.547443e+00 4.902404e+00
      vertex   1.039538e+02 6.697299e+00 4.286437e+00
      vertex   1.031734e+02 7.334749e+00 4.902404e+00
    endloop
  endfacet
  facet normal 7.443897e-01 5.602108e-01 3.633839e-01
    outer loop
      vertex   1.031734e+02 7.334749e+00 4.902404e+00
      vertex   1.039538e+02 6.697299e+00 4.286437e+00
      vertex   1.033694e+02 7.473833e+00 4.286437e+00
    endloop
  endfacet
  facet normal 7.746299e-01 5.175912e-01 3.633839e-01
    outer loop
      vertex   1.031734e+02 7.334749e+00 4.902404e+00
      vertex   1.033694e+02 7.473833e+00 4.286437e+00
      vertex   1.026260e+02 8.154038e+00 4.902404e+00
    endloop
  endfacet
  facet normal 7.746299e-01 5.175912e-01 3.633839e-01
    outer loop
      vertex   1.026260e+02 8.154038e+00 4.902404e+00
      vertex   1.033694e+02 7.473833e+00 4.286437e+00
      vertex   1.028295e+02 8.281913e+00 4.286437e+00
    endloop
  endfacet
  facet normal 8.024329e-01 4.733431e-01 3.633839e-01
    outer loop
      vertex   1.026260e+02 8.154038e+00 4.902404e+00
      vertex   1.028295e+02 8.281913e+00 4.286437e+00
      vertex   1.021254e+02 9.002734e+00 4.902404e+00
    endloop
  endfacet
  facet normal 8.024329e-01 4.733431e-01 3.633839e-01
    outer loop
      vertex   1.021254e+02 9.002734e+00 4.902404e+00
      vertex   1.028295e+02 8.281913e+00 4.286437e+00
      vertex   1.023357e+02 9.118996e+00 4.286437e+00
    endloop
  endfacet
  facet normal 8.277111e-01 4.276056e-01 3.633839e-01
    outer loop
      vertex   1.021254e+02 9.002734e+00 4.902404e+00
      vertex   1.023357e+02 9.118996e+00 4.286437e+00
      vertex   1.016731e+02 9.878165e+00 4.902404e+00
    endloop
  endfacet
  facet normal 8.277111e-01 4.276056e-01 3.633839e-01
    outer loop
      vertex   1.016731e+02 9.878165e+00 4.902404e+00
      vertex   1.023357e+02 9.118996e+00 4.286437e+00
      vertex   1.018896e+02 9.982449e+00 4.286437e+00
    endloop
  endfacet
  facet normal 8.503850e-01 3.805228e-01 3.633839e-01
    outer loop
      vertex   1.016731e+02 9.878165e+00 4.902404e+00
      vertex   1.018896e+02 9.982449e+00 4.286437e+00
      vertex   1.012706e+02 1.077758e+01 4.902404e+00
    endloop
  endfacet
  facet normal 8.503850e-01 3.805228e-01 3.633839e-01
    outer loop
      vertex   1.012706e+02 1.077758e+01 4.902404e+00
      vertex   1.018896e+02 9.982449e+00 4.286437e+00
      vertex   1.014927e+02 1.086956e+01 4.286437e+00
    endloop
  endfacet
  facet normal 8.703832e-01 3.322427e-01 3.633839e-01
    outer loop
      vertex   1.012706e+02 1.077758e+01 4.902404e+00
      vertex   1.014927e+02 1.086956e+01 4.286437e+00
      vertex   1.009192e+02 1.169814e+01 4.902404e+00
    endloop
  endfacet
  facet normal 8.703832e-01 3.322427e-01 3.633839e-01
    outer loop
      vertex   1.009192e+02 1.169814e+01 4.902404e+00
      vertex   1.014927e+02 1.086956e+01 4.286437e+00
      vertex   1.011461e+02 1.177752e+01 4.286437e+00
    endloop
  endfacet
  facet normal 8.876429e-01 2.829173e-01 3.633839e-01
    outer loop
      vertex   1.009192e+02 1.169814e+01 4.902404e+00
      vertex   1.011461e+02 1.177752e+01 4.286437e+00
      vertex   1.006200e+02 1.263696e+01 4.902404e+00
    endloop
  endfacet
  facet normal 8.876429e-01 2.829173e-01 3.633839e-01
    outer loop
      vertex   1.006200e+02 1.263696e+01 4.902404e+00
      vertex   1.011461e+02 1.177752e+01 4.286437e+00
      vertex   1.008510e+02 1.270350e+01 4.286437e+00
    endloop
  endfacet
  facet normal 2.519842e-02 8.981057e-01 4.390571e-01
    outer loop
      vertex   1.175000e+02 1.738134e-01 4.286437e+00
      vertex   1.175000e+02 4.642100e-01 3.692421e+00
      vertex   1.165285e+02 2.010707e-01 4.286437e+00
    endloop
  endfacet
  facet normal 2.519842e-02 8.981057e-01 4.390571e-01
    outer loop
      vertex   1.165285e+02 2.010707e-01 4.286437e+00
      vertex   1.175000e+02 4.642100e-01 3.692421e+00
      vertex   1.165448e+02 4.910104e-01 3.692421e+00
    endloop
  endfacet
  facet normal 7.551596e-02 8.952799e-01 4.390571e-01
    outer loop
      vertex   1.165285e+02 2.010707e-01 4.286437e+00
      vertex   1.165448e+02 4.910104e-01 3.692421e+00
      vertex   1.155601e+02 2.827568e-01 4.286437e+00
    endloop
  endfacet
  facet normal 7.551596e-02 8.952799e-01 4.390571e-01
    outer loop
      vertex   1.155601e+02 2.827568e-01 4.286437e+00
      vertex   1.165448e+02 4.910104e-01 3.692421e+00
      vertex   1.155926e+02 5.713275e-01 3.692421e+00
    endloop
  endfacet
  facet normal 1.255959e-01 8.896373e-01 4.390571e-01
    outer loop
      vertex   1.155601e+02 2.827568e-01 4.286437e+00
      vertex   1.155926e+02 5.713275e-01 3.692421e+00
      vertex   1.145978e+02 4.186148e-01 4.286437e+00
    endloop
  endfacet
  facet normal 1.255959e-01 8.896373e-01 4.390571e-01
    outer loop
      vertex   1.145978e+02 4.186148e-01 4.286437e+00
      vertex   1.155926e+02 5.713275e-01 3.692421e+00
      vertex   1.146464e+02 7.049084e-01 3.692421e+00
    endloop
  endfacet
  facet normal 1.752807e-01 8.811955e-01 4.390571e-01
    outer loop
      vertex   1.145978e+02 4.186148e-01 4.286437e+00
      vertex   1.146464e+02 7.049084e-01 3.692421e+00
      vertex   1.136446e+02 6.082171e-01 4.286437e+00
    endloop
  endfacet
  facet normal 1.752807e-01 8.811955e-01 4.390571e-01
    outer loop
      vertex   1.136446e+02 6.082171e-01 4.286437e+00
      vertex   1.146464e+02 7.049084e-01 3.692421e+00
      vertex   1.137092e+02 8.913328e-01 3.692421e+00
    endloop
  endfacet
  facet normal 2.244140e-01 8.699812e-01 4.390571e-01
    outer loop
      vertex   1.136446e+02 6.082171e-01 4.286437e+00
      vertex   1.137092e+02 8.913328e-01 3.692421e+00
      vertex   1.127035e+02 8.509672e-01 4.286437e+00
    endloop
  endfacet
  facet normal 2.244140e-01 8.699812e-01 4.390571e-01
    outer loop
      vertex   1.127035e+02 8.509672e-01 4.286437e+00
      vertex   1.137092e+02 8.913328e-01 3.692421e+00
      vertex   1.127839e+02 1.130014e+00 3.692421e+00
    endloop
  endfacet
  facet normal 2.728411e-01 8.560295e-01 4.390571e-01
    outer loop
      vertex   1.127035e+02 8.509672e-01 4.286437e+00
      vertex   1.127839e+02 1.130014e+00 3.692421e+00
      vertex   1.117775e+02 1.146101e+00 4.286437e+00
    endloop
  endfacet
  facet normal 2.728411e-01 8.560295e-01 4.390571e-01
    outer loop
      vertex   1.117775e+02 1.146101e+00 4.286437e+00
      vertex   1.127839e+02 1.130014e+00 3.692421e+00
      vertex   1.118734e+02 1.420202e+00 3.692421e+00
    endloop
  endfacet
  facet normal 3.204099e-01 8.393845e-01 4.390571e-01
    outer loop
      vertex   1.117775e+02 1.146101e+00 4.286437e+00
      vertex   1.118734e+02 1.420202e+00 3.692421e+00
      vertex   1.108696e+02 1.492691e+00 4.286437e+00
    endloop
  endfacet
  facet normal 3.204099e-01 8.393845e-01 4.390571e-01
    outer loop
      vertex   1.108696e+02 1.492691e+00 4.286437e+00
      vertex   1.118734e+02 1.420202e+00 3.692421e+00
      vertex   1.109807e+02 1.760982e+00 3.692421e+00
    endloop
  endfacet
  facet normal 3.669705e-01 8.200985e-01 4.390571e-01
    outer loop
      vertex   1.108696e+02 1.492691e+00 4.286437e+00
      vertex   1.109807e+02 1.760982e+00 3.692421e+00
      vertex   1.099824e+02 1.889645e+00 4.286437e+00
    endloop
  endfacet
  facet normal 3.669705e-01 8.200985e-01 4.390571e-01
    outer loop
      vertex   1.099824e+02 1.889645e+00 4.286437e+00
      vertex   1.109807e+02 1.760982e+00 3.692421e+00
      vertex   1.101084e+02 2.151284e+00 3.692421e+00
    endloop
  endfacet
  facet normal 4.123765e-01 7.982321e-01 4.390571e-01
    outer loop
      vertex   1.099824e+02 1.889645e+00 4.286437e+00
      vertex   1.101084e+02 2.151284e+00 3.692421e+00
      vertex   1.091190e+02 2.335716e+00 4.286437e+00
    endloop
  endfacet
  facet normal 4.123765e-01 7.982321e-01 4.390571e-01
    outer loop
      vertex   1.091190e+02 2.335716e+00 4.286437e+00
      vertex   1.101084e+02 2.151284e+00 3.692421e+00
      vertex   1.092595e+02 2.589878e+00 3.692421e+00
    endloop
  endfacet
  facet normal 4.564849e-01 7.738542e-01 4.390571e-01
    outer loop
      vertex   1.091190e+02 2.335716e+00 4.286437e+00
      vertex   1.092595e+02 2.589878e+00 3.692421e+00
      vertex   1.082819e+02 2.829499e+00 4.286437e+00
    endloop
  endfacet
  facet normal 4.564849e-01 7.738542e-01 4.390571e-01
    outer loop
      vertex   1.082819e+02 2.829499e+00 4.286437e+00
      vertex   1.092595e+02 2.589878e+00 3.692421e+00
      vertex   1.084364e+02 3.075384e+00 3.692421e+00
    endloop
  endfacet
  facet normal 4.991572e-01 7.470415e-01 4.390571e-01
    outer loop
      vertex   1.082819e+02 2.829499e+00 4.286437e+00
      vertex   1.084364e+02 3.075384e+00 3.692421e+00
      vertex   1.074738e+02 3.369440e+00 4.286437e+00
    endloop
  endfacet
  facet normal 4.991572e-01 7.470415e-01 4.390571e-01
    outer loop
      vertex   1.074738e+02 3.369440e+00 4.286437e+00
      vertex   1.084364e+02 3.075384e+00 3.692421e+00
      vertex   1.076419e+02 3.606276e+00 3.692421e+00
    endloop
  endfacet
  facet normal 5.402588e-01 7.178783e-01 4.390571e-01
    outer loop
      vertex   1.074738e+02 3.369440e+00 4.286437e+00
      vertex   1.076419e+02 3.606276e+00 3.692421e+00
      vertex   1.066973e+02 3.953842e+00 4.286437e+00
    endloop
  endfacet
  facet normal 5.402588e-01 7.178783e-01 4.390571e-01
    outer loop
      vertex   1.066973e+02 3.953842e+00 4.286437e+00
      vertex   1.076419e+02 3.606276e+00 3.692421e+00
      vertex   1.068784e+02 4.180883e+00 3.692421e+00
    endloop
  endfacet
  facet normal 5.796607e-01 6.864564e-01 4.390571e-01
    outer loop
      vertex   1.066973e+02 3.953842e+00 4.286437e+00
      vertex   1.068784e+02 4.180883e+00 3.692421e+00
      vertex   1.059548e+02 4.580865e+00 4.286437e+00
    endloop
  endfacet
  facet normal 5.796607e-01 6.864564e-01 4.390571e-01
    outer loop
      vertex   1.059548e+02 4.580865e+00 4.286437e+00
      vertex   1.068784e+02 4.180883e+00 3.692421e+00
      vertex   1.061483e+02 4.797397e+00 3.692421e+00
    endloop
  endfacet
  facet normal 6.172387e-01 6.528746e-01 4.390571e-01
    outer loop
      vertex   1.059548e+02 4.580865e+00 4.286437e+00
      vertex   1.061483e+02 4.797397e+00 3.692421e+00
      vertex   1.052485e+02 5.248536e+00 4.286437e+00
    endloop
  endfacet
  facet normal 6.172387e-01 6.528746e-01 4.390571e-01
    outer loop
      vertex   1.052485e+02 5.248536e+00 4.286437e+00
      vertex   1.061483e+02 4.797397e+00 3.692421e+00
      vertex   1.054539e+02 5.453877e+00 3.692421e+00
    endloop
  endfacet
  facet normal 6.528746e-01 6.172387e-01 4.390571e-01
    outer loop
      vertex   1.052485e+02 5.248536e+00 4.286437e+00
      vertex   1.054539e+02 5.453877e+00 3.692421e+00
      vertex   1.045809e+02 5.954755e+00 4.286437e+00
    endloop
  endfacet
  facet normal 6.528746e-01 6.172387e-01 4.390571e-01
    outer loop
      vertex   1.045809e+02 5.954755e+00 4.286437e+00
      vertex   1.054539e+02 5.453877e+00 3.692421e+00
      vertex   1.047974e+02 6.148260e+00 3.692421e+00
    endloop
  endfacet
  facet normal 6.864564e-01 5.796607e-01 4.390571e-01
    outer loop
      vertex   1.045809e+02 5.954755e+00 4.286437e+00
      vertex   1.047974e+02 6.148260e+00 3.692421e+00
      vertex   1.039538e+02 6.697299e+00 4.286437e+00
    endloop
  endfacet
  facet normal 6.864564e-01 5.796607e-01 4.390571e-01
    outer loop
      vertex   1.039538e+02 6.697299e+00 4.286437e+00
      vertex   1.047974e+02 6.148260e+00 3.692421e+00
      vertex   1.041809e+02 6.878359e+00 3.692421e+00
    endloop
  endfacet
  facet normal 7.178783e-01 5.402588e-01 4.390571e-01
    outer loop
      vertex   1.039538e+02 6.697299e+00 4.286437e+00
      vertex   1.041809e+02 6.878359e+00 3.692421e+00
      vertex   1.033694e+02 7.473833e+00 4.286437e+00
    endloop
  endfacet
  facet normal 7.178783e-01 5.402588e-01 4.390571e-01
    outer loop
      vertex   1.033694e+02 7.473833e+00 4.286437e+00
      vertex   1.041809e+02 6.878359e+00 3.692421e+00
      vertex   1.036063e+02 7.641877e+00 3.692421e+00
    endloop
  endfacet
  facet normal 7.470415e-01 4.991572e-01 4.390571e-01
    outer loop
      vertex   1.033694e+02 7.473833e+00 4.286437e+00
      vertex   1.036063e+02 7.641877e+00 3.692421e+00
      vertex   1.028295e+02 8.281913e+00 4.286437e+00
    endloop
  endfacet
  facet normal 7.470415e-01 4.991572e-01 4.390571e-01
    outer loop
      vertex   1.028295e+02 8.281913e+00 4.286437e+00
      vertex   1.036063e+02 7.641877e+00 3.692421e+00
      vertex   1.030754e+02 8.436413e+00 3.692421e+00
    endloop
  endfacet
  facet normal 7.738542e-01 4.564849e-01 4.390571e-01
    outer loop
      vertex   1.028295e+02 8.281913e+00 4.286437e+00
      vertex   1.030754e+02 8.436413e+00 3.692421e+00
      vertex   1.023357e+02 9.118996e+00 4.286437e+00
    endloop
  endfacet
  facet normal 7.738542e-01 4.564849e-01 4.390571e-01
    outer loop
      vertex   1.023357e+02 9.118996e+00 4.286437e+00
      vertex   1.030754e+02 8.436413e+00 3.692421e+00
      vertex   1.025899e+02 9.259467e+00 3.692421e+00
    endloop
  endfacet
  facet normal 7.982321e-01 4.123765e-01 4.390571e-01
    outer loop
      vertex   1.023357e+02 9.118996e+00 4.286437e+00
      vertex   1.025899e+02 9.259467e+00 3.692421e+00
      vertex   1.018896e+02 9.982449e+00 4.286437e+00
    endloop
  endfacet
  facet normal 7.982321e-01 4.123765e-01 4.390571e-01
    outer loop
      vertex   1.018896e+02 9.982449e+00 4.286437e+00
      vertex   1.025899e+02 9.259467e+00 3.692421e+00
      vertex   1.021513e+02 1.010845e+01 3.692421e+00
    endloop
  endfacet
  facet normal 8.200985e-01 3.669705e-01 4.390571e-01
    outer loop
      vertex   1.018896e+02 9.982449e+00 4.286437e+00
      vertex   1.021513e+02 1.010845e+01 3.692421e+00
      vertex   1.014927e+02 1.086956e+01 4.286437e+00
    endloop
  endfacet
  facet normal 8.200985e-01 3.669705e-01 4.390571e-01
    outer loop
      vertex   1.014927e+02 1.086956e+01 4.286437e+00
      vertex   1.021513e+02 1.010845e+01 3.692421e+00
      vertex   1.017610e+02 1.098069e+01 3.692421e+00
    endloop
  endfacet
  facet normal 8.393845e-01 3.204099e-01 4.390571e-01
    outer loop
      vertex   1.014927e+02 1.086956e+01 4.286437e+00
      vertex   1.017610e+02 1.098069e+01 3.692421e+00
      vertex   1.011461e+02 1.177752e+01 4.286437e+00
    endloop
  endfacet
  facet normal 8.393845e-01 3.204099e-01 4.390571e-01
    outer loop
      vertex   1.011461e+02 1.177752e+01 4.286437e+00
      vertex   1.017610e+02 1.098069e+01 3.692421e+00
      vertex   1.014202e+02 1.187344e+01 3.692421e+00
    endloop
  endfacet
  facet normal 8.560295e-01 2.728411e-01 4.390571e-01
    outer loop
      vertex   1.011461e+02 1.177752e+01 4.286437e+00
      vertex   1.014202e+02 1.187344e+01 3.692421e+00
      vertex   1.008510e+02 1.270350e+01 4.286437e+00
    endloop
  endfacet
  facet normal 8.560295e-01 2.728411e-01 4.390571e-01
    outer loop
      vertex   1.008510e+02 1.270350e+01 4.286437e+00
      vertex   1.014202e+02 1.187344e+01 3.692421e+00
      vertex   1.011300e+02 1.278389e+01 3.692421e+00
    endloop
  endfacet
  facet normal 2.409573e-02 8.588045e-01 5.117364e-01
    outer loop
      vertex   1.175000e+02 4.642100e-01 3.692421e+00
      vertex   1.175000e+02 8.026682e-01 3.124415e+00
      vertex   1.165448e+02 4.910104e-01 3.692421e+00
    endloop
  endfacet
  facet normal 2.409573e-02 8.588045e-01 5.117364e-01
    outer loop
      vertex   1.165448e+02 4.910104e-01 3.692421e+00
      vertex   1.175000e+02 8.026682e-01 3.124415e+00
      vertex   1.165638e+02 8.289362e-01 3.124415e+00
    endloop
  endfacet
  facet normal 7.221138e-02 8.561024e-01 5.117364e-01
    outer loop
      vertex   1.165448e+02 4.910104e-01 3.692421e+00
      vertex   1.165638e+02 8.289362e-01 3.124415e+00
      vertex   1.155926e+02 5.713275e-01 3.692421e+00
    endloop
  endfacet
  facet normal 7.221138e-02 8.561024e-01 5.117364e-01
    outer loop
      vertex   1.155926e+02 5.713275e-01 3.692421e+00
      vertex   1.165638e+02 8.289362e-01 3.124415e+00
      vertex   1.156305e+02 9.076575e-01 3.124415e+00
    endloop
  endfacet
  facet normal 1.200998e-01 8.507067e-01 5.117364e-01
    outer loop
      vertex   1.155926e+02 5.713275e-01 3.692421e+00
      vertex   1.156305e+02 9.076575e-01 3.124415e+00
      vertex   1.146464e+02 7.049084e-01 3.692421e+00
    endloop
  endfacet
  facet normal 1.200998e-01 8.507067e-01 5.117364e-01
    outer loop
      vertex   1.146464e+02 7.049084e-01 3.692421e+00
      vertex   1.156305e+02 9.076575e-01 3.124415e+00
      vertex   1.147031e+02 1.038584e+00 3.124415e+00
    endloop
  endfacet
  facet normal 1.676104e-01 8.426343e-01 5.117364e-01
    outer loop
      vertex   1.146464e+02 7.049084e-01 3.692421e+00
      vertex   1.147031e+02 1.038584e+00 3.124415e+00
      vertex   1.137092e+02 8.913328e-01 3.692421e+00
    endloop
  endfacet
  facet normal 1.676104e-01 8.426343e-01 5.117364e-01
    outer loop
      vertex   1.137092e+02 8.913328e-01 3.692421e+00
      vertex   1.147031e+02 1.038584e+00 3.124415e+00
      vertex   1.137845e+02 1.221305e+00 3.124415e+00
    endloop
  endfacet
  facet normal 2.145936e-01 8.319107e-01 5.117364e-01
    outer loop
      vertex   1.137092e+02 8.913328e-01 3.692421e+00
      vertex   1.137845e+02 1.221305e+00 3.124415e+00
      vertex   1.127839e+02 1.130014e+00 3.692421e+00
    endloop
  endfacet
  facet normal 2.145936e-01 8.319107e-01 5.117364e-01
    outer loop
      vertex   1.127839e+02 1.130014e+00 3.692421e+00
      vertex   1.137845e+02 1.221305e+00 3.124415e+00
      vertex   1.128776e+02 1.455245e+00 3.124415e+00
    endloop
  endfacet
  facet normal 2.609016e-01 8.185696e-01 5.117364e-01
    outer loop
      vertex   1.127839e+02 1.130014e+00 3.692421e+00
      vertex   1.128776e+02 1.455245e+00 3.124415e+00
      vertex   1.118734e+02 1.420202e+00 3.692421e+00
    endloop
  endfacet
  facet normal 2.609016e-01 8.185696e-01 5.117364e-01
    outer loop
      vertex   1.118734e+02 1.420202e+00 3.692421e+00
      vertex   1.128776e+02 1.455245e+00 3.124415e+00
      vertex   1.119852e+02 1.739667e+00 3.124415e+00
    endloop
  endfacet
  facet normal 3.063887e-01 8.026530e-01 5.117364e-01
    outer loop
      vertex   1.118734e+02 1.420202e+00 3.692421e+00
      vertex   1.119852e+02 1.739667e+00 3.124415e+00
      vertex   1.109807e+02 1.760982e+00 3.692421e+00
    endloop
  endfacet
  facet normal 3.063887e-01 8.026530e-01 5.117364e-01
    outer loop
      vertex   1.109807e+02 1.760982e+00 3.692421e+00
      vertex   1.119852e+02 1.739667e+00 3.124415e+00
      vertex   1.111102e+02 2.073677e+00 3.124415e+00
    endloop
  endfacet
  facet normal 3.509118e-01 7.842109e-01 5.117364e-01
    outer loop
      vertex   1.109807e+02 1.760982e+00 3.692421e+00
      vertex   1.111102e+02 2.073677e+00 3.124415e+00
      vertex   1.101084e+02 2.151284e+00 3.692421e+00
    endloop
  endfacet
  facet normal 3.509118e-01 7.842109e-01 5.117364e-01
    outer loop
      vertex   1.101084e+02 2.151284e+00 3.692421e+00
      vertex   1.111102e+02 2.073677e+00 3.124415e+00
      vertex   1.102553e+02 2.456224e+00 3.124415e+00
    endloop
  endfacet
  facet normal 3.943308e-01 7.633014e-01 5.117364e-01
    outer loop
      vertex   1.101084e+02 2.151284e+00 3.692421e+00
      vertex   1.102553e+02 2.456224e+00 3.124415e+00
      vertex   1.092595e+02 2.589878e+00 3.692421e+00
    endloop
  endfacet
  facet normal 3.943308e-01 7.633014e-01 5.117364e-01
    outer loop
      vertex   1.092595e+02 2.589878e+00 3.692421e+00
      vertex   1.102553e+02 2.456224e+00 3.124415e+00
      vertex   1.094232e+02 2.886104e+00 3.124415e+00
    endloop
  endfacet
  facet normal 4.365091e-01 7.399903e-01 5.117364e-01
    outer loop
      vertex   1.092595e+02 2.589878e+00 3.692421e+00
      vertex   1.094232e+02 2.886104e+00 3.124415e+00
      vertex   1.084364e+02 3.075384e+00 3.692421e+00
    endloop
  endfacet
  facet normal 4.365091e-01 7.399903e-01 5.117364e-01
    outer loop
      vertex   1.084364e+02 3.075384e+00 3.692421e+00
      vertex   1.094232e+02 2.886104e+00 3.124415e+00
      vertex   1.086165e+02 3.361965e+00 3.124415e+00
    endloop
  endfacet
  facet normal 4.773140e-01 7.143509e-01 5.117364e-01
    outer loop
      vertex   1.084364e+02 3.075384e+00 3.692421e+00
      vertex   1.086165e+02 3.361965e+00 3.124415e+00
      vertex   1.076419e+02 3.606276e+00 3.692421e+00
    endloop
  endfacet
  facet normal 4.773140e-01 7.143509e-01 5.117364e-01
    outer loop
      vertex   1.076419e+02 3.606276e+00 3.692421e+00
      vertex   1.086165e+02 3.361965e+00 3.124415e+00
      vertex   1.078377e+02 3.882310e+00 3.124415e+00
    endloop
  endfacet
  facet normal 5.166171e-01 6.864639e-01 5.117364e-01
    outer loop
      vertex   1.076419e+02 3.606276e+00 3.692421e+00
      vertex   1.078377e+02 3.882310e+00 3.124415e+00
      vertex   1.068784e+02 4.180883e+00 3.692421e+00
    endloop
  endfacet
  facet normal 5.166171e-01 6.864639e-01 5.117364e-01
    outer loop
      vertex   1.068784e+02 4.180883e+00 3.692421e+00
      vertex   1.078377e+02 3.882310e+00 3.124415e+00
      vertex   1.070894e+02 4.445500e+00 3.124415e+00
    endloop
  endfacet
  facet normal 5.542947e-01 6.564170e-01 5.117364e-01
    outer loop
      vertex   1.068784e+02 4.180883e+00 3.692421e+00
      vertex   1.070894e+02 4.445500e+00 3.124415e+00
      vertex   1.061483e+02 4.797397e+00 3.692421e+00
    endloop
  endfacet
  facet normal 5.542947e-01 6.564170e-01 5.117364e-01
    outer loop
      vertex   1.061483e+02 4.797397e+00 3.692421e+00
      vertex   1.070894e+02 4.445500e+00 3.124415e+00
      vertex   1.063738e+02 5.049765e+00 3.124415e+00
    endloop
  endfacet
  facet normal 5.902283e-01 6.243048e-01 5.117364e-01
    outer loop
      vertex   1.061483e+02 4.797397e+00 3.692421e+00
      vertex   1.063738e+02 5.049765e+00 3.124415e+00
      vertex   1.054539e+02 5.453877e+00 3.692421e+00
    endloop
  endfacet
  facet normal 5.902283e-01 6.243048e-01 5.117364e-01
    outer loop
      vertex   1.054539e+02 5.453877e+00 3.692421e+00
      vertex   1.063738e+02 5.049765e+00 3.124415e+00
      vertex   1.056932e+02 5.693203e+00 3.124415e+00
    endloop
  endfacet
  facet normal 6.243048e-01 5.902283e-01 5.117364e-01
    outer loop
      vertex   1.054539e+02 5.453877e+00 3.692421e+00
      vertex   1.056932e+02 5.693203e+00 3.124415e+00
      vertex   1.047974e+02 6.148260e+00 3.692421e+00
    endloop
  endfacet
  facet normal 6.243048e-01 5.902283e-01 5.117364e-01
    outer loop
      vertex   1.047974e+02 6.148260e+00 3.692421e+00
      vertex   1.056932e+02 5.693203e+00 3.124415e+00
      vertex   1.050498e+02 6.373790e+00 3.124415e+00
    endloop
  endfacet
  facet normal 6.564170e-01 5.542947e-01 5.117364e-01
    outer loop
      vertex   1.047974e+02 6.148260e+00 3.692421e+00
      vertex   1.050498e+02 6.373790e+00 3.124415e+00
      vertex   1.041809e+02 6.878359e+00 3.692421e+00
    endloop
  endfacet
  facet normal 6.564170e-01 5.542947e-01 5.117364e-01
    outer loop
      vertex   1.041809e+02 6.878359e+00 3.692421e+00
      vertex   1.050498e+02 6.373790e+00 3.124415e+00
      vertex   1.044455e+02 7.089384e+00 3.124415e+00
    endloop
  endfacet
  facet normal 6.864639e-01 5.166171e-01 5.117364e-01
    outer loop
      vertex   1.041809e+02 6.878359e+00 3.692421e+00
      vertex   1.044455e+02 7.089384e+00 3.124415e+00
      vertex   1.036063e+02 7.641877e+00 3.692421e+00
    endloop
  endfacet
  facet normal 6.864639e-01 5.166171e-01 5.117364e-01
    outer loop
      vertex   1.036063e+02 7.641877e+00 3.692421e+00
      vertex   1.044455e+02 7.089384e+00 3.124415e+00
      vertex   1.038823e+02 7.837733e+00 3.124415e+00
    endloop
  endfacet
  facet normal 7.143509e-01 4.773140e-01 5.117364e-01
    outer loop
      vertex   1.036063e+02 7.641877e+00 3.692421e+00
      vertex   1.038823e+02 7.837733e+00 3.124415e+00
      vertex   1.030754e+02 8.436413e+00 3.692421e+00
    endloop
  endfacet
  facet normal 7.143509e-01 4.773140e-01 5.117364e-01
    outer loop
      vertex   1.030754e+02 8.436413e+00 3.692421e+00
      vertex   1.038823e+02 7.837733e+00 3.124415e+00
      vertex   1.033620e+02 8.616484e+00 3.124415e+00
    endloop
  endfacet
  facet normal 7.399903e-01 4.365091e-01 5.117364e-01
    outer loop
      vertex   1.030754e+02 8.436413e+00 3.692421e+00
      vertex   1.033620e+02 8.616484e+00 3.124415e+00
      vertex   1.025899e+02 9.259467e+00 3.692421e+00
    endloop
  endfacet
  facet normal 7.399903e-01 4.365091e-01 5.117364e-01
    outer loop
      vertex   1.025899e+02 9.259467e+00 3.692421e+00
      vertex   1.033620e+02 8.616484e+00 3.124415e+00
      vertex   1.028861e+02 9.423185e+00 3.124415e+00
    endloop
  endfacet
  facet normal 7.633014e-01 3.943308e-01 5.117364e-01
    outer loop
      vertex   1.025899e+02 9.259467e+00 3.692421e+00
      vertex   1.028861e+02 9.423185e+00 3.124415e+00
      vertex   1.021513e+02 1.010845e+01 3.692421e+00
    endloop
  endfacet
  facet normal 7.633014e-01 3.943308e-01 5.117364e-01
    outer loop
      vertex   1.021513e+02 1.010845e+01 3.692421e+00
      vertex   1.028861e+02 9.423185e+00 3.124415e+00
      vertex   1.024562e+02 1.025530e+01 3.124415e+00
    endloop
  endfacet
  facet normal 7.842109e-01 3.509118e-01 5.117364e-01
    outer loop
      vertex   1.021513e+02 1.010845e+01 3.692421e+00
      vertex   1.024562e+02 1.025530e+01 3.124415e+00
      vertex   1.017610e+02 1.098069e+01 3.692421e+00
    endloop
  endfacet
  facet normal 7.842109e-01 3.509118e-01 5.117364e-01
    outer loop
      vertex   1.017610e+02 1.098069e+01 3.692421e+00
      vertex   1.024562e+02 1.025530e+01 3.124415e+00
      vertex   1.020737e+02 1.111021e+01 3.124415e+00
    endloop
  endfacet
  facet normal 8.026530e-01 3.063887e-01 5.117364e-01
    outer loop
      vertex   1.017610e+02 1.098069e+01 3.692421e+00
      vertex   1.020737e+02 1.111021e+01 3.124415e+00
      vertex   1.014202e+02 1.187344e+01 3.692421e+00
    endloop
  endfacet
  facet normal 8.026530e-01 3.063887e-01 5.117364e-01
    outer loop
      vertex   1.014202e+02 1.187344e+01 3.692421e+00
      vertex   1.020737e+02 1.111021e+01 3.124415e+00
      vertex   1.017397e+02 1.198522e+01 3.124415e+00
    endloop
  endfacet
  facet normal 8.185696e-01 2.609016e-01 5.117364e-01
    outer loop
      vertex   1.014202e+02 1.187344e+01 3.692421e+00
      vertex   1.017397e+02 1.198522e+01 3.124415e+00
      vertex   1.011300e+02 1.278389e+01 3.692421e+00
    endloop
  endfacet
  facet normal 8.185696e-01 2.609016e-01 5.117364e-01
    outer loop
      vertex   1.011300e+02 1.278389e+01 3.692421e+00
      vertex   1.017397e+02 1.198522e+01 3.124415e+00
      vertex   1.014552e+02 1.287759e+01 3.124415e+00
    endloop
  endfacet
  facet normal 2.282844e-02 8.136366e-01 5.809254e-01
    outer loop
      vertex   1.175000e+02 8.026682e-01 3.124415e+00
      vertex   1.175000e+02 1.186876e+00 2.586298e+00
      vertex   1.165638e+02 8.289362e-01 3.124415e+00
    endloop
  endfacet
  facet normal 2.282844e-02 8.136366e-01 5.809254e-01
    outer loop
      vertex   1.165638e+02 8.289362e-01 3.124415e+00
      vertex   1.175000e+02 1.186876e+00 2.586298e+00
      vertex   1.165853e+02 1.212539e+00 2.586298e+00
    endloop
  endfacet
  facet normal 6.841350e-02 8.110766e-01 5.809254e-01
    outer loop
      vertex   1.165638e+02 8.289362e-01 3.124415e+00
      vertex   1.165853e+02 1.212539e+00 2.586298e+00
      vertex   1.156305e+02 9.076575e-01 3.124415e+00
    endloop
  endfacet
  facet normal 6.841350e-02 8.110766e-01 5.809254e-01
    outer loop
      vertex   1.156305e+02 9.076575e-01 3.124415e+00
      vertex   1.165853e+02 1.212539e+00 2.586298e+00
      vertex   1.156735e+02 1.289449e+00 2.586298e+00
    endloop
  endfacet
  facet normal 1.137833e-01 8.059647e-01 5.809254e-01
    outer loop
      vertex   1.156305e+02 9.076575e-01 3.124415e+00
      vertex   1.156735e+02 1.289449e+00 2.586298e+00
      vertex   1.147031e+02 1.038584e+00 3.124415e+00
    endloop
  endfacet
  facet normal 1.137833e-01 8.059647e-01 5.809254e-01
    outer loop
      vertex   1.147031e+02 1.038584e+00 3.124415e+00
      vertex   1.156735e+02 1.289449e+00 2.586298e+00
      vertex   1.147675e+02 1.417364e+00 2.586298e+00
    endloop
  endfacet
  facet normal 1.587951e-01 7.983169e-01 5.809254e-01
    outer loop
      vertex   1.147031e+02 1.038584e+00 3.124415e+00
      vertex   1.147675e+02 1.417364e+00 2.586298e+00
      vertex   1.137845e+02 1.221305e+00 3.124415e+00
    endloop
  endfacet
  facet normal 1.587951e-01 7.983169e-01 5.809254e-01
    outer loop
      vertex   1.137845e+02 1.221305e+00 3.124415e+00
      vertex   1.147675e+02 1.417364e+00 2.586298e+00
      vertex   1.138700e+02 1.595880e+00 2.586298e+00
    endloop
  endfacet
  facet normal 2.033073e-01 7.881573e-01 5.809254e-01
    outer loop
      vertex   1.137845e+02 1.221305e+00 3.124415e+00
      vertex   1.138700e+02 1.595880e+00 2.586298e+00
      vertex   1.128776e+02 1.455245e+00 3.124415e+00
    endloop
  endfacet
  facet normal 2.033073e-01 7.881573e-01 5.809254e-01
    outer loop
      vertex   1.128776e+02 1.455245e+00 3.124415e+00
      vertex   1.138700e+02 1.595880e+00 2.586298e+00
      vertex   1.129839e+02 1.824437e+00 2.586298e+00
    endloop
  endfacet
  facet normal 2.471798e-01 7.755178e-01 5.809254e-01
    outer loop
      vertex   1.128776e+02 1.455245e+00 3.124415e+00
      vertex   1.129839e+02 1.824437e+00 2.586298e+00
      vertex   1.119852e+02 1.739667e+00 3.124415e+00
    endloop
  endfacet
  facet normal 2.471798e-01 7.755178e-01 5.809254e-01
    outer loop
      vertex   1.119852e+02 1.739667e+00 3.124415e+00
      vertex   1.129839e+02 1.824437e+00 2.586298e+00
      vertex   1.121121e+02 2.102314e+00 2.586298e+00
    endloop
  endfacet
  facet normal 2.902745e-01 7.604383e-01 5.809254e-01
    outer loop
      vertex   1.119852e+02 1.739667e+00 3.124415e+00
      vertex   1.121121e+02 2.102314e+00 2.586298e+00
      vertex   1.111102e+02 2.073677e+00 3.124415e+00
    endloop
  endfacet
  facet normal 2.902745e-01 7.604383e-01 5.809254e-01
    outer loop
      vertex   1.111102e+02 2.073677e+00 3.124415e+00
      vertex   1.121121e+02 2.102314e+00 2.586298e+00
      vertex   1.112572e+02 2.428639e+00 2.586298e+00
    endloop
  endfacet
  facet normal 3.324560e-01 7.429662e-01 5.809254e-01
    outer loop
      vertex   1.111102e+02 2.073677e+00 3.124415e+00
      vertex   1.112572e+02 2.428639e+00 2.586298e+00
      vertex   1.102553e+02 2.456224e+00 3.124415e+00
    endloop
  endfacet
  facet normal 3.324560e-01 7.429662e-01 5.809254e-01
    outer loop
      vertex   1.102553e+02 2.456224e+00 3.124415e+00
      vertex   1.112572e+02 2.428639e+00 2.586298e+00
      vertex   1.104220e+02 2.802383e+00 2.586298e+00
    endloop
  endfacet
  facet normal 3.735914e-01 7.231564e-01 5.809254e-01
    outer loop
      vertex   1.102553e+02 2.456224e+00 3.124415e+00
      vertex   1.104220e+02 2.802383e+00 2.586298e+00
      vertex   1.094232e+02 2.886104e+00 3.124415e+00
    endloop
  endfacet
  facet normal 3.735914e-01 7.231564e-01 5.809254e-01
    outer loop
      vertex   1.094232e+02 2.886104e+00 3.124415e+00
      vertex   1.104220e+02 2.802383e+00 2.586298e+00
      vertex   1.096090e+02 3.222372e+00 2.586298e+00
    endloop
  endfacet
  facet normal 4.135514e-01 7.010713e-01 5.809254e-01
    outer loop
      vertex   1.094232e+02 2.886104e+00 3.124415e+00
      vertex   1.096090e+02 3.222372e+00 2.586298e+00
      vertex   1.086165e+02 3.361965e+00 3.124415e+00
    endloop
  endfacet
  facet normal 4.135514e-01 7.010713e-01 5.809254e-01
    outer loop
      vertex   1.086165e+02 3.361965e+00 3.124415e+00
      vertex   1.096090e+02 3.222372e+00 2.586298e+00
      vertex   1.088209e+02 3.687283e+00 2.586298e+00
    endloop
  endfacet
  facet normal 4.522102e-01 6.767804e-01 5.809254e-01
    outer loop
      vertex   1.086165e+02 3.361965e+00 3.124415e+00
      vertex   1.088209e+02 3.687283e+00 2.586298e+00
      vertex   1.078377e+02 3.882310e+00 3.124415e+00
    endloop
  endfacet
  facet normal 4.522102e-01 6.767804e-01 5.809254e-01
    outer loop
      vertex   1.078377e+02 3.882310e+00 3.124415e+00
      vertex   1.088209e+02 3.687283e+00 2.586298e+00
      vertex   1.080601e+02 4.195654e+00 2.586298e+00
    endloop
  endfacet
  facet normal 4.894461e-01 6.503600e-01 5.809254e-01
    outer loop
      vertex   1.078377e+02 3.882310e+00 3.124415e+00
      vertex   1.080601e+02 4.195654e+00 2.586298e+00
      vertex   1.070894e+02 4.445500e+00 3.124415e+00
    endloop
  endfacet
  facet normal 4.894461e-01 6.503600e-01 5.809254e-01
    outer loop
      vertex   1.070894e+02 4.445500e+00 3.124415e+00
      vertex   1.080601e+02 4.195654e+00 2.586298e+00
      vertex   1.073289e+02 4.745886e+00 2.586298e+00
    endloop
  endfacet
  facet normal 5.251421e-01 6.218934e-01 5.809254e-01
    outer loop
      vertex   1.070894e+02 4.445500e+00 3.124415e+00
      vertex   1.073289e+02 4.745886e+00 2.586298e+00
      vertex   1.063738e+02 5.049765e+00 3.124415e+00
    endloop
  endfacet
  facet normal 5.251421e-01 6.218934e-01 5.809254e-01
    outer loop
      vertex   1.063738e+02 5.049765e+00 3.124415e+00
      vertex   1.073289e+02 4.745886e+00 2.586298e+00
      vertex   1.066298e+02 5.336247e+00 2.586298e+00
    endloop
  endfacet
  facet normal 5.591858e-01 5.914701e-01 5.809254e-01
    outer loop
      vertex   1.063738e+02 5.049765e+00 3.124415e+00
      vertex   1.066298e+02 5.336247e+00 2.586298e+00
      vertex   1.056932e+02 5.693203e+00 3.124415e+00
    endloop
  endfacet
  facet normal 5.591858e-01 5.914701e-01 5.809254e-01
    outer loop
      vertex   1.056932e+02 5.693203e+00 3.124415e+00
      vertex   1.066298e+02 5.336247e+00 2.586298e+00
      vertex   1.059649e+02 5.964879e+00 2.586298e+00
    endloop
  endfacet
  facet normal 5.914701e-01 5.591858e-01 5.809254e-01
    outer loop
      vertex   1.056932e+02 5.693203e+00 3.124415e+00
      vertex   1.059649e+02 5.964879e+00 2.586298e+00
      vertex   1.050498e+02 6.373790e+00 3.124415e+00
    endloop
  endfacet
  facet normal 5.914701e-01 5.591858e-01 5.809254e-01
    outer loop
      vertex   1.050498e+02 6.373790e+00 3.124415e+00
      vertex   1.059649e+02 5.964879e+00 2.586298e+00
      vertex   1.053362e+02 6.629806e+00 2.586298e+00
    endloop
  endfacet
  facet normal 6.218934e-01 5.251421e-01 5.809254e-01
    outer loop
      vertex   1.050498e+02 6.373790e+00 3.124415e+00
      vertex   1.053362e+02 6.629806e+00 2.586298e+00
      vertex   1.044455e+02 7.089384e+00 3.124415e+00
    endloop
  endfacet
  facet normal 6.218934e-01 5.251421e-01 5.809254e-01
    outer loop
      vertex   1.044455e+02 7.089384e+00 3.124415e+00
      vertex   1.053362e+02 6.629806e+00 2.586298e+00
      vertex   1.047459e+02 7.328934e+00 2.586298e+00
    endloop
  endfacet
  facet normal 6.503600e-01 4.894461e-01 5.809254e-01
    outer loop
      vertex   1.044455e+02 7.089384e+00 3.124415e+00
      vertex   1.047459e+02 7.328934e+00 2.586298e+00
      vertex   1.038823e+02 7.837733e+00 3.124415e+00
    endloop
  endfacet
  facet normal 6.503600e-01 4.894461e-01 5.809254e-01
    outer loop
      vertex   1.038823e+02 7.837733e+00 3.124415e+00
      vertex   1.047459e+02 7.328934e+00 2.586298e+00
      vertex   1.041957e+02 8.060063e+00 2.586298e+00
    endloop
  endfacet
  facet normal 6.767804e-01 4.522102e-01 5.809254e-01
    outer loop
      vertex   1.038823e+02 7.837733e+00 3.124415e+00
      vertex   1.041957e+02 8.060063e+00 2.586298e+00
      vertex   1.033620e+02 8.616484e+00 3.124415e+00
    endloop
  endfacet
  facet normal 6.767804e-01 4.522102e-01 5.809254e-01
    outer loop
      vertex   1.033620e+02 8.616484e+00 3.124415e+00
      vertex   1.041957e+02 8.060063e+00 2.586298e+00
      vertex   1.036873e+02 8.820895e+00 2.586298e+00
    endloop
  endfacet
  facet normal 7.010713e-01 4.135514e-01 5.809254e-01
    outer loop
      vertex   1.033620e+02 8.616484e+00 3.124415e+00
      vertex   1.036873e+02 8.820895e+00 2.586298e+00
      vertex   1.028861e+02 9.423185e+00 3.124415e+00
    endloop
  endfacet
  facet normal 7.010713e-01 4.135514e-01 5.809254e-01
    outer loop
      vertex   1.028861e+02 9.423185e+00 3.124415e+00
      vertex   1.036873e+02 8.820895e+00 2.586298e+00
      vertex   1.032224e+02 9.609034e+00 2.586298e+00
    endloop
  endfacet
  facet normal 7.231564e-01 3.735914e-01 5.809254e-01
    outer loop
      vertex   1.028861e+02 9.423185e+00 3.124415e+00
      vertex   1.032224e+02 9.609034e+00 2.586298e+00
      vertex   1.024562e+02 1.025530e+01 3.124415e+00
    endloop
  endfacet
  facet normal 7.231564e-01 3.735914e-01 5.809254e-01
    outer loop
      vertex   1.024562e+02 1.025530e+01 3.124415e+00
      vertex   1.032224e+02 9.609034e+00 2.586298e+00
      vertex   1.028024e+02 1.042200e+01 2.586298e+00
    endloop
  endfacet
  facet normal 7.429662e-01 3.324560e-01 5.809254e-01
    outer loop
      vertex   1.024562e+02 1.025530e+01 3.124415e+00
      vertex   1.028024e+02 1.042200e+01 2.586298e+00
      vertex   1.020737e+02 1.111021e+01 3.124415e+00
    endloop
  endfacet
  facet normal 7.429662e-01 3.324560e-01 5.809254e-01
    outer loop
      vertex   1.020737e+02 1.111021e+01 3.124415e+00
      vertex   1.028024e+02 1.042200e+01 2.586298e+00
      vertex   1.024286e+02 1.125724e+01 2.586298e+00
    endloop
  endfacet
  facet normal 7.604383e-01 2.902745e-01 5.809254e-01
    outer loop
      vertex   1.020737e+02 1.111021e+01 3.124415e+00
      vertex   1.024286e+02 1.125724e+01 2.586298e+00
      vertex   1.017397e+02 1.198522e+01 3.124415e+00
    endloop
  endfacet
  facet normal 7.604383e-01 2.902745e-01 5.809254e-01
    outer loop
      vertex   1.017397e+02 1.198522e+01 3.124415e+00
      vertex   1.024286e+02 1.125724e+01 2.586298e+00
      vertex   1.021023e+02 1.211212e+01 2.586298e+00
    endloop
  endfacet
  facet normal 7.755178e-01 2.471798e-01 5.809254e-01
    outer loop
      vertex   1.017397e+02 1.198522e+01 3.124415e+00
      vertex   1.021023e+02 1.211212e+01 2.586298e+00
      vertex   1.014552e+02 1.287759e+01 3.124415e+00
    endloop
  endfacet
  facet normal 7.755178e-01 2.471798e-01 5.809254e-01
    outer loop
      vertex   1.014552e+02 1.287759e+01 3.124415e+00
      vertex   1.021023e+02 1.211212e+01 2.586298e+00
      vertex   1.018244e+02 1.298395e+01 2.586298e+00
    endloop
  endfacet
  facet normal 2.140517e-02 7.629092e-01 6.461512e-01
    outer loop
      vertex   1.175000e+02 1.186876e+00 2.586298e+00
      vertex   1.175000e+02 1.614209e+00 2.081747e+00
      vertex   1.165853e+02 1.212539e+00 2.586298e+00
    endloop
  endfacet
  facet normal 2.140517e-02 7.629092e-01 6.461512e-01
    outer loop
      vertex   1.165853e+02 1.212539e+00 2.586298e+00
      vertex   1.175000e+02 1.614209e+00 2.081747e+00
      vertex   1.166093e+02 1.639200e+00 2.081747e+00
    endloop
  endfacet
  facet normal 6.414816e-02 7.605088e-01 6.461512e-01
    outer loop
      vertex   1.165853e+02 1.212539e+00 2.586298e+00
      vertex   1.166093e+02 1.639200e+00 2.081747e+00
      vertex   1.156735e+02 1.289449e+00 2.586298e+00
    endloop
  endfacet
  facet normal 6.414816e-02 7.605088e-01 6.461512e-01
    outer loop
      vertex   1.156735e+02 1.289449e+00 2.586298e+00
      vertex   1.166093e+02 1.639200e+00 2.081747e+00
      vertex   1.157214e+02 1.714095e+00 2.081747e+00
    endloop
  endfacet
  facet normal 1.066893e-01 7.557156e-01 6.461512e-01
    outer loop
      vertex   1.156735e+02 1.289449e+00 2.586298e+00
      vertex   1.157214e+02 1.714095e+00 2.081747e+00
      vertex   1.147675e+02 1.417364e+00 2.586298e+00
    endloop
  endfacet
  facet normal 1.066893e-01 7.557156e-01 6.461512e-01
    outer loop
      vertex   1.147675e+02 1.417364e+00 2.586298e+00
      vertex   1.157214e+02 1.714095e+00 2.081747e+00
      vertex   1.148390e+02 1.838659e+00 2.081747e+00
    endloop
  endfacet
  facet normal 1.488948e-01 7.485446e-01 6.461512e-01
    outer loop
      vertex   1.147675e+02 1.417364e+00 2.586298e+00
      vertex   1.148390e+02 1.838659e+00 2.081747e+00
      vertex   1.138700e+02 1.595880e+00 2.586298e+00
    endloop
  endfacet
  facet normal 1.488948e-01 7.485446e-01 6.461512e-01
    outer loop
      vertex   1.138700e+02 1.595880e+00 2.586298e+00
      vertex   1.148390e+02 1.838659e+00 2.081747e+00
      vertex   1.139651e+02 2.012499e+00 2.081747e+00
    endloop
  endfacet
  facet normal 1.906318e-01 7.390184e-01 6.461512e-01
    outer loop
      vertex   1.138700e+02 1.595880e+00 2.586298e+00
      vertex   1.139651e+02 2.012499e+00 2.081747e+00
      vertex   1.129839e+02 1.824437e+00 2.586298e+00
    endloop
  endfacet
  facet normal 1.906318e-01 7.390184e-01 6.461512e-01
    outer loop
      vertex   1.129839e+02 1.824437e+00 2.586298e+00
      vertex   1.139651e+02 2.012499e+00 2.081747e+00
      vertex   1.131022e+02 2.235068e+00 2.081747e+00
    endloop
  endfacet
  facet normal 2.317690e-01 7.271670e-01 6.461512e-01
    outer loop
      vertex   1.129839e+02 1.824437e+00 2.586298e+00
      vertex   1.131022e+02 2.235068e+00 2.081747e+00
      vertex   1.121121e+02 2.102314e+00 2.586298e+00
    endloop
  endfacet
  facet normal 2.317690e-01 7.271670e-01 6.461512e-01
    outer loop
      vertex   1.121121e+02 2.102314e+00 2.586298e+00
      vertex   1.131022e+02 2.235068e+00 2.081747e+00
      vertex   1.122533e+02 2.505666e+00 2.081747e+00
    endloop
  endfacet
  facet normal 2.721769e-01 7.130276e-01 6.461512e-01
    outer loop
      vertex   1.121121e+02 2.102314e+00 2.586298e+00
      vertex   1.122533e+02 2.505666e+00 2.081747e+00
      vertex   1.112572e+02 2.428639e+00 2.586298e+00
    endloop
  endfacet
  facet normal 2.721769e-01 7.130276e-01 6.461512e-01
    outer loop
      vertex   1.112572e+02 2.428639e+00 2.586298e+00
      vertex   1.122533e+02 2.505666e+00 2.081747e+00
      vertex   1.114208e+02 2.823443e+00 2.081747e+00
    endloop
  endfacet
  facet normal 3.117285e-01 6.966448e-01 6.461512e-01
    outer loop
      vertex   1.112572e+02 2.428639e+00 2.586298e+00
      vertex   1.114208e+02 2.823443e+00 2.081747e+00
      vertex   1.104220e+02 2.802383e+00 2.586298e+00
    endloop
  endfacet
  facet normal 3.117285e-01 6.966448e-01 6.461512e-01
    outer loop
      vertex   1.104220e+02 2.802383e+00 2.586298e+00
      vertex   1.114208e+02 2.823443e+00 2.081747e+00
      vertex   1.106074e+02 3.187397e+00 2.081747e+00
    endloop
  endfacet
  facet normal 3.502993e-01 6.780701e-01 6.461512e-01
    outer loop
      vertex   1.104220e+02 2.802383e+00 2.586298e+00
      vertex   1.106074e+02 3.187397e+00 2.081747e+00
      vertex   1.096090e+02 3.222372e+00 2.586298e+00
    endloop
  endfacet
  facet normal 3.502993e-01 6.780701e-01 6.461512e-01
    outer loop
      vertex   1.096090e+02 3.222372e+00 2.586298e+00
      vertex   1.106074e+02 3.187397e+00 2.081747e+00
      vertex   1.098157e+02 3.596383e+00 2.081747e+00
    endloop
  endfacet
  facet normal 3.877679e-01 6.573619e-01 6.461512e-01
    outer loop
      vertex   1.096090e+02 3.222372e+00 2.586298e+00
      vertex   1.098157e+02 3.596383e+00 2.081747e+00
      vertex   1.088209e+02 3.687283e+00 2.586298e+00
    endloop
  endfacet
  facet normal 3.877679e-01 6.573619e-01 6.461512e-01
    outer loop
      vertex   1.088209e+02 3.687283e+00 2.586298e+00
      vertex   1.098157e+02 3.596383e+00 2.081747e+00
      vertex   1.090482e+02 4.049116e+00 2.081747e+00
    endloop
  endfacet
  facet normal 4.240165e-01 6.345855e-01 6.461512e-01
    outer loop
      vertex   1.088209e+02 3.687283e+00 2.586298e+00
      vertex   1.090482e+02 4.049116e+00 2.081747e+00
      vertex   1.080601e+02 4.195654e+00 2.586298e+00
    endloop
  endfacet
  facet normal 4.240165e-01 6.345855e-01 6.461512e-01
    outer loop
      vertex   1.080601e+02 4.195654e+00 2.586298e+00
      vertex   1.090482e+02 4.049116e+00 2.081747e+00
      vertex   1.083073e+02 4.544170e+00 2.081747e+00
    endloop
  endfacet
  facet normal 4.589309e-01 6.098124e-01 6.461512e-01
    outer loop
      vertex   1.080601e+02 4.195654e+00 2.586298e+00
      vertex   1.083073e+02 4.544170e+00 2.081747e+00
      vertex   1.073289e+02 4.745886e+00 2.586298e+00
    endloop
  endfacet
  facet normal 4.589309e-01 6.098124e-01 6.461512e-01
    outer loop
      vertex   1.073289e+02 4.745886e+00 2.586298e+00
      vertex   1.083073e+02 4.544170e+00 2.081747e+00
      vertex   1.075954e+02 5.079988e+00 2.081747e+00
    endloop
  endfacet
  facet normal 4.924014e-01 5.831206e-01 6.461512e-01
    outer loop
      vertex   1.073289e+02 4.745886e+00 2.586298e+00
      vertex   1.075954e+02 5.079988e+00 2.081747e+00
      vertex   1.066298e+02 5.336247e+00 2.586298e+00
    endloop
  endfacet
  facet normal 4.924014e-01 5.831206e-01 6.461512e-01
    outer loop
      vertex   1.066298e+02 5.336247e+00 2.586298e+00
      vertex   1.075954e+02 5.079988e+00 2.081747e+00
      vertex   1.069146e+02 5.654884e+00 2.081747e+00
    endloop
  endfacet
  facet normal 5.243226e-01 5.545940e-01 6.461512e-01
    outer loop
      vertex   1.066298e+02 5.336247e+00 2.586298e+00
      vertex   1.069146e+02 5.654884e+00 2.081747e+00
      vertex   1.059649e+02 5.964879e+00 2.586298e+00
    endloop
  endfacet
  facet normal 5.243226e-01 5.545940e-01 6.461512e-01
    outer loop
      vertex   1.059649e+02 5.964879e+00 2.586298e+00
      vertex   1.069146e+02 5.654884e+00 2.081747e+00
      vertex   1.062670e+02 6.267049e+00 2.081747e+00
    endloop
  endfacet
  facet normal 5.545940e-01 5.243226e-01 6.461512e-01
    outer loop
      vertex   1.059649e+02 5.964879e+00 2.586298e+00
      vertex   1.062670e+02 6.267049e+00 2.081747e+00
      vertex   1.053362e+02 6.629806e+00 2.586298e+00
    endloop
  endfacet
  facet normal 5.545940e-01 5.243226e-01 6.461512e-01
    outer loop
      vertex   1.053362e+02 6.629806e+00 2.586298e+00
      vertex   1.062670e+02 6.267049e+00 2.081747e+00
      vertex   1.056549e+02 6.914557e+00 2.081747e+00
    endloop
  endfacet
  facet normal 5.831206e-01 4.924014e-01 6.461512e-01
    outer loop
      vertex   1.053362e+02 6.629806e+00 2.586298e+00
      vertex   1.056549e+02 6.914557e+00 2.081747e+00
      vertex   1.047459e+02 7.328934e+00 2.586298e+00
    endloop
  endfacet
  facet normal 5.831206e-01 4.924014e-01 6.461512e-01
    outer loop
      vertex   1.047459e+02 7.328934e+00 2.586298e+00
      vertex   1.056549e+02 6.914557e+00 2.081747e+00
      vertex   1.050800e+02 7.595371e+00 2.081747e+00
    endloop
  endfacet
  facet normal 6.098124e-01 4.589309e-01 6.461512e-01
    outer loop
      vertex   1.047459e+02 7.328934e+00 2.586298e+00
      vertex   1.050800e+02 7.595371e+00 2.081747e+00
      vertex   1.041957e+02 8.060063e+00 2.586298e+00
    endloop
  endfacet
  facet normal 6.098124e-01 4.589309e-01 6.461512e-01
    outer loop
      vertex   1.041957e+02 8.060063e+00 2.586298e+00
      vertex   1.050800e+02 7.595371e+00 2.081747e+00
      vertex   1.045442e+02 8.307349e+00 2.081747e+00
    endloop
  endfacet
  facet normal 6.345855e-01 4.240165e-01 6.461512e-01
    outer loop
      vertex   1.041957e+02 8.060063e+00 2.586298e+00
      vertex   1.045442e+02 8.307349e+00 2.081747e+00
      vertex   1.036873e+02 8.820895e+00 2.586298e+00
    endloop
  endfacet
  facet normal 6.345855e-01 4.240165e-01 6.461512e-01
    outer loop
      vertex   1.036873e+02 8.820895e+00 2.586298e+00
      vertex   1.045442e+02 8.307349e+00 2.081747e+00
      vertex   1.040491e+02 9.048249e+00 2.081747e+00
    endloop
  endfacet
  facet normal 6.573619e-01 3.877679e-01 6.461512e-01
    outer loop
      vertex   1.036873e+02 8.820895e+00 2.586298e+00
      vertex   1.040491e+02 9.048249e+00 2.081747e+00
      vertex   1.032224e+02 9.609034e+00 2.586298e+00
    endloop
  endfacet
  facet normal 6.573619e-01 3.877679e-01 6.461512e-01
    outer loop
      vertex   1.032224e+02 9.609034e+00 2.586298e+00
      vertex   1.040491e+02 9.048249e+00 2.081747e+00
      vertex   1.035964e+02 9.815743e+00 2.081747e+00
    endloop
  endfacet
  facet normal 6.780701e-01 3.502993e-01 6.461512e-01
    outer loop
      vertex   1.032224e+02 9.609034e+00 2.586298e+00
      vertex   1.035964e+02 9.815743e+00 2.081747e+00
      vertex   1.028024e+02 1.042200e+01 2.586298e+00
    endloop
  endfacet
  facet normal 6.780701e-01 3.502993e-01 6.461512e-01
    outer loop
      vertex   1.028024e+02 1.042200e+01 2.586298e+00
      vertex   1.035964e+02 9.815743e+00 2.081747e+00
      vertex   1.031874e+02 1.060741e+01 2.081747e+00
    endloop
  endfacet
  facet normal 6.966448e-01 3.117285e-01 6.461512e-01
    outer loop
      vertex   1.028024e+02 1.042200e+01 2.586298e+00
      vertex   1.031874e+02 1.060741e+01 2.081747e+00
      vertex   1.024286e+02 1.125724e+01 2.586298e+00
    endloop
  endfacet
  facet normal 6.966448e-01 3.117285e-01 6.461512e-01
    outer loop
      vertex   1.024286e+02 1.125724e+01 2.586298e+00
      vertex   1.031874e+02 1.060741e+01 2.081747e+00
      vertex   1.028234e+02 1.142077e+01 2.081747e+00
    endloop
  endfacet
  facet normal 7.130276e-01 2.721769e-01 6.461512e-01
    outer loop
      vertex   1.024286e+02 1.125724e+01 2.586298e+00
      vertex   1.028234e+02 1.142077e+01 2.081747e+00
      vertex   1.021023e+02 1.211212e+01 2.586298e+00
    endloop
  endfacet
  facet normal 7.130276e-01 2.721769e-01 6.461512e-01
    outer loop
      vertex   1.021023e+02 1.211212e+01 2.586298e+00
      vertex   1.028234e+02 1.142077e+01 2.081747e+00
      vertex   1.025057e+02 1.225326e+01 2.081747e+00
    endloop
  endfacet
  facet normal 7.271670e-01 2.317690e-01 6.461512e-01
    outer loop
      vertex   1.021023e+02 1.211212e+01 2.586298e+00
      vertex   1.025057e+02 1.225326e+01 2.081747e+00
      vertex   1.018244e+02 1.298395e+01 2.586298e+00
    endloop
  endfacet
  facet normal 7.271670e-01 2.317690e-01 6.461512e-01
    outer loop
      vertex   1.018244e+02 1.298395e+01 2.586298e+00
      vertex   1.025057e+02 1.225326e+01 2.081747e+00
      vertex   1.022351e+02 1.310225e+01 2.081747e+00
    endloop
  endfacet
  facet normal 1.983560e-02 7.069677e-01 7.069677e-01
    outer loop
      vertex   1.175000e+02 1.614209e+00 2.081747e+00
      vertex   1.175000e+02 2.081747e+00 1.614209e+00
      vertex   1.166093e+02 1.639200e+00 2.081747e+00
    endloop
  endfacet
  facet normal 1.983560e-02 7.069677e-01 7.069677e-01
    outer loop
      vertex   1.166093e+02 1.639200e+00 2.081747e+00
      vertex   1.175000e+02 2.081747e+00 1.614209e+00
      vertex   1.166355e+02 2.106003e+00 1.614209e+00
    endloop
  endfacet
  facet normal 5.944439e-02 7.047433e-01 7.069677e-01
    outer loop
      vertex   1.166093e+02 1.639200e+00 2.081747e+00
      vertex   1.166355e+02 2.106003e+00 1.614209e+00
      vertex   1.157214e+02 1.714095e+00 2.081747e+00
    endloop
  endfacet
  facet normal 5.944439e-02 7.047433e-01 7.069677e-01
    outer loop
      vertex   1.157214e+02 1.714095e+00 2.081747e+00
      vertex   1.166355e+02 2.106003e+00 1.614209e+00
      vertex   1.157737e+02 2.178694e+00 1.614209e+00
    endloop
  endfacet
  facet normal 9.886614e-02 7.003015e-01 7.069677e-01
    outer loop
      vertex   1.157214e+02 1.714095e+00 2.081747e+00
      vertex   1.157737e+02 2.178694e+00 1.614209e+00
      vertex   1.148390e+02 1.838659e+00 2.081747e+00
    endloop
  endfacet
  facet normal 9.886614e-02 7.003015e-01 7.069677e-01
    outer loop
      vertex   1.148390e+02 1.838659e+00 2.081747e+00
      vertex   1.157737e+02 2.178694e+00 1.614209e+00
      vertex   1.149173e+02 2.299592e+00 1.614209e+00
    endloop
  endfacet
  facet normal 1.379768e-01 6.936563e-01 7.069677e-01
    outer loop
      vertex   1.148390e+02 1.838659e+00 2.081747e+00
      vertex   1.149173e+02 2.299592e+00 1.614209e+00
      vertex   1.139651e+02 2.012499e+00 2.081747e+00
    endloop
  endfacet
  facet normal 1.379768e-01 6.936563e-01 7.069677e-01
    outer loop
      vertex   1.139651e+02 2.012499e+00 2.081747e+00
      vertex   1.149173e+02 2.299592e+00 1.614209e+00
      vertex   1.140691e+02 2.468315e+00 1.614209e+00
    endloop
  endfacet
  facet normal 1.766534e-01 6.848287e-01 7.069677e-01
    outer loop
      vertex   1.139651e+02 2.012499e+00 2.081747e+00
      vertex   1.140691e+02 2.468315e+00 1.614209e+00
      vertex   1.131022e+02 2.235068e+00 2.081747e+00
    endloop
  endfacet
  facet normal 1.766534e-01 6.848287e-01 7.069677e-01
    outer loop
      vertex   1.131022e+02 2.235068e+00 2.081747e+00
      vertex   1.140691e+02 2.468315e+00 1.614209e+00
      vertex   1.132317e+02 2.684334e+00 1.614209e+00
    endloop
  endfacet
  facet normal 2.147741e-01 6.738463e-01 7.069677e-01
    outer loop
      vertex   1.131022e+02 2.235068e+00 2.081747e+00
      vertex   1.132317e+02 2.684334e+00 1.614209e+00
      vertex   1.122533e+02 2.505666e+00 2.081747e+00
    endloop
  endfacet
  facet normal 2.147741e-01 6.738463e-01 7.069677e-01
    outer loop
      vertex   1.122533e+02 2.505666e+00 2.081747e+00
      vertex   1.132317e+02 2.684334e+00 1.614209e+00
      vertex   1.124077e+02 2.946968e+00 1.614209e+00
    endloop
  endfacet
  facet normal 2.522191e-01 6.607437e-01 7.069677e-01
    outer loop
      vertex   1.122533e+02 2.505666e+00 2.081747e+00
      vertex   1.124077e+02 2.946968e+00 1.614209e+00
      vertex   1.114208e+02 2.823443e+00 2.081747e+00
    endloop
  endfacet
  facet normal 2.522191e-01 6.607437e-01 7.069677e-01
    outer loop
      vertex   1.114208e+02 2.823443e+00 2.081747e+00
      vertex   1.124077e+02 2.946968e+00 1.614209e+00
      vertex   1.115997e+02 3.255392e+00 1.614209e+00
    endloop
  endfacet
  facet normal 2.888705e-01 6.455622e-01 7.069677e-01
    outer loop
      vertex   1.114208e+02 2.823443e+00 2.081747e+00
      vertex   1.115997e+02 3.255392e+00 1.614209e+00
      vertex   1.106074e+02 3.187397e+00 2.081747e+00
    endloop
  endfacet
  facet normal 2.888705e-01 6.455622e-01 7.069677e-01
    outer loop
      vertex   1.106074e+02 3.187397e+00 2.081747e+00
      vertex   1.115997e+02 3.255392e+00 1.614209e+00
      vertex   1.108103e+02 3.608634e+00 1.614209e+00
    endloop
  endfacet
  facet normal 3.246130e-01 6.283495e-01 7.069677e-01
    outer loop
      vertex   1.106074e+02 3.187397e+00 2.081747e+00
      vertex   1.108103e+02 3.608634e+00 1.614209e+00
      vertex   1.098157e+02 3.596383e+00 2.081747e+00
    endloop
  endfacet
  facet normal 3.246130e-01 6.283495e-01 7.069677e-01
    outer loop
      vertex   1.098157e+02 3.596383e+00 2.081747e+00
      vertex   1.108103e+02 3.608634e+00 1.614209e+00
      vertex   1.100419e+02 4.005584e+00 1.614209e+00
    endloop
  endfacet
  facet normal 3.593342e-01 6.091598e-01 7.069677e-01
    outer loop
      vertex   1.098157e+02 3.596383e+00 2.081747e+00
      vertex   1.100419e+02 4.005584e+00 1.614209e+00
      vertex   1.090482e+02 4.049116e+00 2.081747e+00
    endloop
  endfacet
  facet normal 3.593342e-01 6.091598e-01 7.069677e-01
    outer loop
      vertex   1.090482e+02 4.049116e+00 2.081747e+00
      vertex   1.100419e+02 4.005584e+00 1.614209e+00
      vertex   1.092970e+02 4.444992e+00 1.614209e+00
    endloop
  endfacet
  facet normal 3.929248e-01 5.880535e-01 7.069677e-01
    outer loop
      vertex   1.090482e+02 4.049116e+00 2.081747e+00
      vertex   1.092970e+02 4.444992e+00 1.614209e+00
      vertex   1.083073e+02 4.544170e+00 2.081747e+00
    endloop
  endfacet
  facet normal 3.929248e-01 5.880535e-01 7.069677e-01
    outer loop
      vertex   1.083073e+02 4.544170e+00 2.081747e+00
      vertex   1.092970e+02 4.444992e+00 1.614209e+00
      vertex   1.085779e+02 4.925477e+00 1.614209e+00
    endloop
  endfacet
  facet normal 4.252790e-01 5.650969e-01 7.069677e-01
    outer loop
      vertex   1.083073e+02 4.544170e+00 2.081747e+00
      vertex   1.085779e+02 4.925477e+00 1.614209e+00
      vertex   1.075954e+02 5.079988e+00 2.081747e+00
    endloop
  endfacet
  facet normal 4.252790e-01 5.650969e-01 7.069677e-01
    outer loop
      vertex   1.075954e+02 5.079988e+00 2.081747e+00
      vertex   1.085779e+02 4.925477e+00 1.614209e+00
      vertex   1.078869e+02 5.445525e+00 1.614209e+00
    endloop
  endfacet
  facet normal 4.562952e-01 5.403623e-01 7.069677e-01
    outer loop
      vertex   1.075954e+02 5.079988e+00 2.081747e+00
      vertex   1.078869e+02 5.445525e+00 1.614209e+00
      vertex   1.069146e+02 5.654884e+00 2.081747e+00
    endloop
  endfacet
  facet normal 4.562952e-01 5.403623e-01 7.069677e-01
    outer loop
      vertex   1.069146e+02 5.654884e+00 2.081747e+00
      vertex   1.078869e+02 5.445525e+00 1.614209e+00
      vertex   1.072261e+02 6.003501e+00 1.614209e+00
    endloop
  endfacet
  facet normal 4.858757e-01 5.139275e-01 7.069677e-01
    outer loop
      vertex   1.069146e+02 5.654884e+00 2.081747e+00
      vertex   1.072261e+02 6.003501e+00 1.614209e+00
      vertex   1.062670e+02 6.267049e+00 2.081747e+00
    endloop
  endfacet
  facet normal 4.858757e-01 5.139275e-01 7.069677e-01
    outer loop
      vertex   1.062670e+02 6.267049e+00 2.081747e+00
      vertex   1.072261e+02 6.003501e+00 1.614209e+00
      vertex   1.065976e+02 6.597649e+00 1.614209e+00
    endloop
  endfacet
  facet normal 5.139275e-01 4.858757e-01 7.069677e-01
    outer loop
      vertex   1.062670e+02 6.267049e+00 2.081747e+00
      vertex   1.065976e+02 6.597649e+00 1.614209e+00
      vertex   1.056549e+02 6.914557e+00 2.081747e+00
    endloop
  endfacet
  facet normal 5.139275e-01 4.858757e-01 7.069677e-01
    outer loop
      vertex   1.056549e+02 6.914557e+00 2.081747e+00
      vertex   1.065976e+02 6.597649e+00 1.614209e+00
      vertex   1.060035e+02 7.226100e+00 1.614209e+00
    endloop
  endfacet
  facet normal 5.403623e-01 4.562952e-01 7.069677e-01
    outer loop
      vertex   1.056549e+02 6.914557e+00 2.081747e+00
      vertex   1.060035e+02 7.226100e+00 1.614209e+00
      vertex   1.050800e+02 7.595371e+00 2.081747e+00
    endloop
  endfacet
  facet normal 5.403623e-01 4.562952e-01 7.069677e-01
    outer loop
      vertex   1.050800e+02 7.595371e+00 2.081747e+00
      vertex   1.060035e+02 7.226100e+00 1.614209e+00
      vertex   1.054455e+02 7.886877e+00 1.614209e+00
    endloop
  endfacet
  facet normal 5.650969e-01 4.252790e-01 7.069677e-01
    outer loop
      vertex   1.050800e+02 7.595371e+00 2.081747e+00
      vertex   1.054455e+02 7.886877e+00 1.614209e+00
      vertex   1.045442e+02 8.307349e+00 2.081747e+00
    endloop
  endfacet
  facet normal 5.650969e-01 4.252790e-01 7.069677e-01
    outer loop
      vertex   1.045442e+02 8.307349e+00 2.081747e+00
      vertex   1.054455e+02 7.886877e+00 1.614209e+00
      vertex   1.049255e+02 8.577900e+00 1.614209e+00
    endloop
  endfacet
  facet normal 5.880535e-01 3.929248e-01 7.069677e-01
    outer loop
      vertex   1.045442e+02 8.307349e+00 2.081747e+00
      vertex   1.049255e+02 8.577900e+00 1.614209e+00
      vertex   1.040491e+02 9.048249e+00 2.081747e+00
    endloop
  endfacet
  facet normal 5.880535e-01 3.929248e-01 7.069677e-01
    outer loop
      vertex   1.040491e+02 9.048249e+00 2.081747e+00
      vertex   1.049255e+02 8.577900e+00 1.614209e+00
      vertex   1.044450e+02 9.296995e+00 1.614209e+00
    endloop
  endfacet
  facet normal 6.091598e-01 3.593342e-01 7.069677e-01
    outer loop
      vertex   1.040491e+02 9.048249e+00 2.081747e+00
      vertex   1.044450e+02 9.296995e+00 1.614209e+00
      vertex   1.035964e+02 9.815743e+00 2.081747e+00
    endloop
  endfacet
  facet normal 6.091598e-01 3.593342e-01 7.069677e-01
    outer loop
      vertex   1.035964e+02 9.815743e+00 2.081747e+00
      vertex   1.044450e+02 9.296995e+00 1.614209e+00
      vertex   1.040056e+02 1.004190e+01 1.614209e+00
    endloop
  endfacet
  facet normal 6.283495e-01 3.246130e-01 7.069677e-01
    outer loop
      vertex   1.035964e+02 9.815743e+00 2.081747e+00
      vertex   1.040056e+02 1.004190e+01 1.614209e+00
      vertex   1.031874e+02 1.060741e+01 2.081747e+00
    endloop
  endfacet
  facet normal 6.283495e-01 3.246130e-01 7.069677e-01
    outer loop
      vertex   1.031874e+02 1.060741e+01 2.081747e+00
      vertex   1.040056e+02 1.004190e+01 1.614209e+00
      vertex   1.036086e+02 1.081027e+01 1.614209e+00
    endloop
  endfacet
  facet normal 6.455622e-01 2.888705e-01 7.069677e-01
    outer loop
      vertex   1.031874e+02 1.060741e+01 2.081747e+00
      vertex   1.036086e+02 1.081027e+01 1.614209e+00
      vertex   1.028234e+02 1.142077e+01 2.081747e+00
    endloop
  endfacet
  facet normal 6.455622e-01 2.888705e-01 7.069677e-01
    outer loop
      vertex   1.028234e+02 1.142077e+01 2.081747e+00
      vertex   1.036086e+02 1.081027e+01 1.614209e+00
      vertex   1.032554e+02 1.159969e+01 1.614209e+00
    endloop
  endfacet
  facet normal 6.607437e-01 2.522191e-01 7.069677e-01
    outer loop
      vertex   1.028234e+02 1.142077e+01 2.081747e+00
      vertex   1.032554e+02 1.159969e+01 1.614209e+00
      vertex   1.025057e+02 1.225326e+01 2.081747e+00
    endloop
  endfacet
  facet normal 6.607437e-01 2.522191e-01 7.069677e-01
    outer loop
      vertex   1.025057e+02 1.225326e+01 2.081747e+00
      vertex   1.032554e+02 1.159969e+01 1.614209e+00
      vertex   1.029470e+02 1.240767e+01 1.614209e+00
    endloop
  endfacet
  facet normal 6.738463e-01 2.147741e-01 7.069677e-01
    outer loop
      vertex   1.025057e+02 1.225326e+01 2.081747e+00
      vertex   1.029470e+02 1.240767e+01 1.614209e+00
      vertex   1.022351e+02 1.310225e+01 2.081747e+00
    endloop
  endfacet
  facet normal 6.738463e-01 2.147741e-01 7.069677e-01
    outer loop
      vertex   1.022351e+02 1.310225e+01 2.081747e+00
      vertex   1.029470e+02 1.240767e+01 1.614209e+00
      vertex   1.026843e+02 1.323168e+01 1.614209e+00
    endloop
  endfacet
  facet normal 1.813043e-02 6.461930e-01 7.629586e-01
    outer loop
      vertex   1.175000e+02 2.081747e+00 1.614209e+00
      vertex   1.175000e+02 2.586298e+00 1.186876e+00
      vertex   1.166355e+02 2.106003e+00 1.614209e+00
    endloop
  endfacet
  facet normal 1.813043e-02 6.461930e-01 7.629586e-01
    outer loop
      vertex   1.166355e+02 2.106003e+00 1.614209e+00
      vertex   1.175000e+02 2.586298e+00 1.186876e+00
      vertex   1.166638e+02 2.609760e+00 1.186876e+00
    endloop
  endfacet
  facet normal 5.433424e-02 6.441598e-01 7.629586e-01
    outer loop
      vertex   1.166355e+02 2.106003e+00 1.614209e+00
      vertex   1.166638e+02 2.609760e+00 1.186876e+00
      vertex   1.157737e+02 2.178694e+00 1.614209e+00
    endloop
  endfacet
  facet normal 5.433424e-02 6.441598e-01 7.629586e-01
    outer loop
      vertex   1.157737e+02 2.178694e+00 1.614209e+00
      vertex   1.166638e+02 2.609760e+00 1.186876e+00
      vertex   1.158302e+02 2.680073e+00 1.186876e+00
    endloop
  endfacet
  facet normal 9.036709e-02 6.400999e-01 7.629586e-01
    outer loop
      vertex   1.157737e+02 2.178694e+00 1.614209e+00
      vertex   1.158302e+02 2.680073e+00 1.186876e+00
      vertex   1.149173e+02 2.299592e+00 1.614209e+00
    endloop
  endfacet
  facet normal 9.036709e-02 6.400999e-01 7.629586e-01
    outer loop
      vertex   1.149173e+02 2.299592e+00 1.614209e+00
      vertex   1.158302e+02 2.680073e+00 1.186876e+00
      vertex   1.150019e+02 2.797014e+00 1.186876e+00
    endloop
  endfacet
  facet normal 1.261156e-01 6.340260e-01 7.629586e-01
    outer loop
      vertex   1.149173e+02 2.299592e+00 1.614209e+00
      vertex   1.150019e+02 2.797014e+00 1.186876e+00
      vertex   1.140691e+02 2.468315e+00 1.614209e+00
    endloop
  endfacet
  facet normal 1.261156e-01 6.340260e-01 7.629586e-01
    outer loop
      vertex   1.140691e+02 2.468315e+00 1.614209e+00
      vertex   1.150019e+02 2.797014e+00 1.186876e+00
      vertex   1.141814e+02 2.960216e+00 1.186876e+00
    endloop
  endfacet
  facet normal 1.614673e-01 6.259572e-01 7.629586e-01
    outer loop
      vertex   1.140691e+02 2.468315e+00 1.614209e+00
      vertex   1.141814e+02 2.960216e+00 1.186876e+00
      vertex   1.132317e+02 2.684334e+00 1.614209e+00
    endloop
  endfacet
  facet normal 1.614673e-01 6.259572e-01 7.629586e-01
    outer loop
      vertex   1.132317e+02 2.684334e+00 1.614209e+00
      vertex   1.141814e+02 2.960216e+00 1.186876e+00
      vertex   1.133714e+02 3.169166e+00 1.186876e+00
    endloop
  endfacet
  facet normal 1.963110e-01 6.159189e-01 7.629586e-01
    outer loop
      vertex   1.132317e+02 2.684334e+00 1.614209e+00
      vertex   1.133714e+02 3.169166e+00 1.186876e+00
      vertex   1.124077e+02 2.946968e+00 1.614209e+00
    endloop
  endfacet
  facet normal 1.963110e-01 6.159189e-01 7.629586e-01
    outer loop
      vertex   1.124077e+02 2.946968e+00 1.614209e+00
      vertex   1.133714e+02 3.169166e+00 1.186876e+00
      vertex   1.125743e+02 3.423206e+00 1.186876e+00
    endloop
  endfacet
  facet normal 2.305370e-01 6.039427e-01 7.629586e-01
    outer loop
      vertex   1.124077e+02 2.946968e+00 1.614209e+00
      vertex   1.125743e+02 3.423206e+00 1.186876e+00
      vertex   1.115997e+02 3.255392e+00 1.614209e+00
    endloop
  endfacet
  facet normal 2.305370e-01 6.039427e-01 7.629586e-01
    outer loop
      vertex   1.115997e+02 3.255392e+00 1.614209e+00
      vertex   1.125743e+02 3.423206e+00 1.186876e+00
      vertex   1.117928e+02 3.721536e+00 1.186876e+00
    endloop
  endfacet
  facet normal 2.640377e-01 5.900663e-01 7.629586e-01
    outer loop
      vertex   1.115997e+02 3.255392e+00 1.614209e+00
      vertex   1.117928e+02 3.721536e+00 1.186876e+00
      vertex   1.108103e+02 3.608634e+00 1.614209e+00
    endloop
  endfacet
  facet normal 2.640377e-01 5.900663e-01 7.629586e-01
    outer loop
      vertex   1.108103e+02 3.608634e+00 1.614209e+00
      vertex   1.117928e+02 3.721536e+00 1.186876e+00
      vertex   1.110292e+02 4.063219e+00 1.186876e+00
    endloop
  endfacet
  facet normal 2.967076e-01 5.743333e-01 7.629586e-01
    outer loop
      vertex   1.108103e+02 3.608634e+00 1.614209e+00
      vertex   1.110292e+02 4.063219e+00 1.186876e+00
      vertex   1.100419e+02 4.005584e+00 1.614209e+00
    endloop
  endfacet
  facet normal 2.967076e-01 5.743333e-01 7.629586e-01
    outer loop
      vertex   1.100419e+02 4.005584e+00 1.614209e+00
      vertex   1.110292e+02 4.063219e+00 1.186876e+00
      vertex   1.102860e+02 4.447179e+00 1.186876e+00
    endloop
  endfacet
  facet normal 3.284439e-01 5.567932e-01 7.629586e-01
    outer loop
      vertex   1.100419e+02 4.005584e+00 1.614209e+00
      vertex   1.102860e+02 4.447179e+00 1.186876e+00
      vertex   1.092970e+02 4.444992e+00 1.614209e+00
    endloop
  endfacet
  facet normal 3.284439e-01 5.567932e-01 7.629586e-01
    outer loop
      vertex   1.092970e+02 4.444992e+00 1.614209e+00
      vertex   1.102860e+02 4.447179e+00 1.186876e+00
      vertex   1.095654e+02 4.872208e+00 1.186876e+00
    endloop
  endfacet
  facet normal 3.591469e-01 5.375013e-01 7.629586e-01
    outer loop
      vertex   1.092970e+02 4.444992e+00 1.614209e+00
      vertex   1.095654e+02 4.872208e+00 1.186876e+00
      vertex   1.085779e+02 4.925477e+00 1.614209e+00
    endloop
  endfacet
  facet normal 3.591469e-01 5.375013e-01 7.629586e-01
    outer loop
      vertex   1.085779e+02 4.925477e+00 1.614209e+00
      vertex   1.095654e+02 4.872208e+00 1.186876e+00
      vertex   1.088699e+02 5.336968e+00 1.186876e+00
    endloop
  endfacet
  facet normal 3.887198e-01 5.165182e-01 7.629586e-01
    outer loop
      vertex   1.085779e+02 4.925477e+00 1.614209e+00
      vertex   1.088699e+02 5.336968e+00 1.186876e+00
      vertex   1.078869e+02 5.445525e+00 1.614209e+00
    endloop
  endfacet
  facet normal 3.887198e-01 5.165182e-01 7.629586e-01
    outer loop
      vertex   1.078869e+02 5.445525e+00 1.614209e+00
      vertex   1.088699e+02 5.336968e+00 1.186876e+00
      vertex   1.082015e+02 5.839998e+00 1.186876e+00
    endloop
  endfacet
  facet normal 4.170697e-01 4.939099e-01 7.629586e-01
    outer loop
      vertex   1.078869e+02 5.445525e+00 1.614209e+00
      vertex   1.082015e+02 5.839998e+00 1.186876e+00
      vertex   1.072261e+02 6.003501e+00 1.614209e+00
    endloop
  endfacet
  facet normal 4.170697e-01 4.939099e-01 7.629586e-01
    outer loop
      vertex   1.072261e+02 6.003501e+00 1.614209e+00
      vertex   1.082015e+02 5.839998e+00 1.186876e+00
      vertex   1.075623e+02 6.379715e+00 1.186876e+00
    endloop
  endfacet
  facet normal 4.441073e-01 4.697476e-01 7.629586e-01
    outer loop
      vertex   1.072261e+02 6.003501e+00 1.614209e+00
      vertex   1.075623e+02 6.379715e+00 1.186876e+00
      vertex   1.065976e+02 6.597649e+00 1.614209e+00
    endloop
  endfacet
  facet normal 4.441073e-01 4.697476e-01 7.629586e-01
    outer loop
      vertex   1.065976e+02 6.597649e+00 1.614209e+00
      vertex   1.075623e+02 6.379715e+00 1.186876e+00
      vertex   1.069544e+02 6.954420e+00 1.186876e+00
    endloop
  endfacet
  facet normal 4.697476e-01 4.441073e-01 7.629586e-01
    outer loop
      vertex   1.065976e+02 6.597649e+00 1.614209e+00
      vertex   1.069544e+02 6.954420e+00 1.186876e+00
      vertex   1.060035e+02 7.226100e+00 1.614209e+00
    endloop
  endfacet
  facet normal 4.697476e-01 4.441073e-01 7.629586e-01
    outer loop
      vertex   1.060035e+02 7.226100e+00 1.614209e+00
      vertex   1.069544e+02 6.954420e+00 1.186876e+00
      vertex   1.063797e+02 7.562306e+00 1.186876e+00
    endloop
  endfacet
  facet normal 4.939099e-01 4.170697e-01 7.629586e-01
    outer loop
      vertex   1.060035e+02 7.226100e+00 1.614209e+00
      vertex   1.063797e+02 7.562306e+00 1.186876e+00
      vertex   1.054455e+02 7.886877e+00 1.614209e+00
    endloop
  endfacet
  facet normal 4.939099e-01 4.170697e-01 7.629586e-01
    outer loop
      vertex   1.054455e+02 7.886877e+00 1.614209e+00
      vertex   1.063797e+02 7.562306e+00 1.186876e+00
      vertex   1.058400e+02 8.201459e+00 1.186876e+00
    endloop
  endfacet
  facet normal 5.165182e-01 3.887198e-01 7.629586e-01
    outer loop
      vertex   1.054455e+02 7.886877e+00 1.614209e+00
      vertex   1.058400e+02 8.201459e+00 1.186876e+00
      vertex   1.049255e+02 8.577900e+00 1.614209e+00
    endloop
  endfacet
  facet normal 5.165182e-01 3.887198e-01 7.629586e-01
    outer loop
      vertex   1.049255e+02 8.577900e+00 1.614209e+00
      vertex   1.058400e+02 8.201459e+00 1.186876e+00
      vertex   1.053370e+02 8.869869e+00 1.186876e+00
    endloop
  endfacet
  facet normal 5.375013e-01 3.591469e-01 7.629586e-01
    outer loop
      vertex   1.049255e+02 8.577900e+00 1.614209e+00
      vertex   1.053370e+02 8.869869e+00 1.186876e+00
      vertex   1.044450e+02 9.296995e+00 1.614209e+00
    endloop
  endfacet
  facet normal 5.375013e-01 3.591469e-01 7.629586e-01
    outer loop
      vertex   1.044450e+02 9.296995e+00 1.614209e+00
      vertex   1.053370e+02 8.869869e+00 1.186876e+00
      vertex   1.048722e+02 9.565432e+00 1.186876e+00
    endloop
  endfacet
  facet normal 5.567932e-01 3.284439e-01 7.629586e-01
    outer loop
      vertex   1.044450e+02 9.296995e+00 1.614209e+00
      vertex   1.048722e+02 9.565432e+00 1.186876e+00
      vertex   1.040056e+02 1.004190e+01 1.614209e+00
    endloop
  endfacet
  facet normal 5.567932e-01 3.284439e-01 7.629586e-01
    outer loop
      vertex   1.040056e+02 1.004190e+01 1.614209e+00
      vertex   1.048722e+02 9.565432e+00 1.186876e+00
      vertex   1.044472e+02 1.028596e+01 1.186876e+00
    endloop
  endfacet
  facet normal 5.743333e-01 2.967076e-01 7.629586e-01
    outer loop
      vertex   1.040056e+02 1.004190e+01 1.614209e+00
      vertex   1.044472e+02 1.028596e+01 1.186876e+00
      vertex   1.036086e+02 1.081027e+01 1.614209e+00
    endloop
  endfacet
  facet normal 5.743333e-01 2.967076e-01 7.629586e-01
    outer loop
      vertex   1.036086e+02 1.081027e+01 1.614209e+00
      vertex   1.044472e+02 1.028596e+01 1.186876e+00
      vertex   1.040632e+02 1.102919e+01 1.186876e+00
    endloop
  endfacet
  facet normal 5.900663e-01 2.640377e-01 7.629586e-01
    outer loop
      vertex   1.036086e+02 1.081027e+01 1.614209e+00
      vertex   1.040632e+02 1.102919e+01 1.186876e+00
      vertex   1.032554e+02 1.159969e+01 1.614209e+00
    endloop
  endfacet
  facet normal 5.900663e-01 2.640377e-01 7.629586e-01
    outer loop
      vertex   1.032554e+02 1.159969e+01 1.614209e+00
      vertex   1.040632e+02 1.102919e+01 1.186876e+00
      vertex   1.037215e+02 1.179277e+01 1.186876e+00
    endloop
  endfacet
  facet normal 6.039427e-01 2.305370e-01 7.629586e-01
    outer loop
      vertex   1.032554e+02 1.159969e+01 1.614209e+00
      vertex   1.037215e+02 1.179277e+01 1.186876e+00
      vertex   1.029470e+02 1.240767e+01 1.614209e+00
    endloop
  endfacet
  facet normal 6.039427e-01 2.305370e-01 7.629586e-01
    outer loop
      vertex   1.029470e+02 1.240767e+01 1.614209e+00
      vertex   1.037215e+02 1.179277e+01 1.186876e+00
      vertex   1.034232e+02 1.257432e+01 1.186876e+00
    endloop
  endfacet
  facet normal 6.159189e-01 1.963110e-01 7.629586e-01
    outer loop
      vertex   1.029470e+02 1.240767e+01 1.614209e+00
      vertex   1.034232e+02 1.257432e+01 1.186876e+00
      vertex   1.026843e+02 1.323168e+01 1.614209e+00
    endloop
  endfacet
  facet normal 6.159189e-01 1.963110e-01 7.629586e-01
    outer loop
      vertex   1.026843e+02 1.323168e+01 1.614209e+00
      vertex   1.034232e+02 1.257432e+01 1.186876e+00
      vertex   1.031692e+02 1.337136e+01 1.186876e+00
    endloop
  endfacet
  facet normal 1.630128e-02 5.809996e-01 8.137406e-01
    outer loop
      vertex   1.175000e+02 2.586298e+00 1.186876e+00
      vertex   1.175000e+02 3.124415e+00 8.026682e-01
      vertex   1.166638e+02 2.609760e+00 1.186876e+00
    endloop
  endfacet
  facet normal 1.630128e-02 5.809996e-01 8.137406e-01
    outer loop
      vertex   1.166638e+02 2.609760e+00 1.186876e+00
      vertex   1.175000e+02 3.124415e+00 8.026682e-01
      vertex   1.166940e+02 3.147030e+00 8.026682e-01
    endloop
  endfacet
  facet normal 4.885254e-02 5.791716e-01 8.137406e-01
    outer loop
      vertex   1.166638e+02 2.609760e+00 1.186876e+00
      vertex   1.166940e+02 3.147030e+00 8.026682e-01
      vertex   1.158302e+02 2.680073e+00 1.186876e+00
    endloop
  endfacet
  facet normal 4.885254e-02 5.791716e-01 8.137406e-01
    outer loop
      vertex   1.158302e+02 2.680073e+00 1.186876e+00
      vertex   1.166940e+02 3.147030e+00 8.026682e-01
      vertex   1.158904e+02 3.214805e+00 8.026682e-01
    endloop
  endfacet
  facet normal 8.125009e-02 5.755212e-01 8.137406e-01
    outer loop
      vertex   1.158302e+02 2.680073e+00 1.186876e+00
      vertex   1.158904e+02 3.214805e+00 8.026682e-01
      vertex   1.150019e+02 2.797014e+00 1.186876e+00
    endloop
  endfacet
  facet normal 8.125009e-02 5.755212e-01 8.137406e-01
    outer loop
      vertex   1.150019e+02 2.797014e+00 1.186876e+00
      vertex   1.158904e+02 3.214805e+00 8.026682e-01
      vertex   1.150920e+02 3.327527e+00 8.026682e-01
    endloop
  endfacet
  facet normal 1.133920e-01 5.700601e-01 8.137406e-01
    outer loop
      vertex   1.150019e+02 2.797014e+00 1.186876e+00
      vertex   1.150920e+02 3.327527e+00 8.026682e-01
      vertex   1.141814e+02 2.960216e+00 1.186876e+00
    endloop
  endfacet
  facet normal 1.133920e-01 5.700601e-01 8.137406e-01
    outer loop
      vertex   1.141814e+02 2.960216e+00 1.186876e+00
      vertex   1.150920e+02 3.327527e+00 8.026682e-01
      vertex   1.143011e+02 3.484841e+00 8.026682e-01
    endloop
  endfacet
  facet normal 1.451771e-01 5.628054e-01 8.137406e-01
    outer loop
      vertex   1.141814e+02 2.960216e+00 1.186876e+00
      vertex   1.143011e+02 3.484841e+00 8.026682e-01
      vertex   1.133714e+02 3.169166e+00 1.186876e+00
    endloop
  endfacet
  facet normal 1.451771e-01 5.628054e-01 8.137406e-01
    outer loop
      vertex   1.133714e+02 3.169166e+00 1.186876e+00
      vertex   1.143011e+02 3.484841e+00 8.026682e-01
      vertex   1.135203e+02 3.686251e+00 8.026682e-01
    endloop
  endfacet
  facet normal 1.765055e-01 5.537798e-01 8.137406e-01
    outer loop
      vertex   1.133714e+02 3.169166e+00 1.186876e+00
      vertex   1.135203e+02 3.686251e+00 8.026682e-01
      vertex   1.125743e+02 3.423206e+00 1.186876e+00
    endloop
  endfacet
  facet normal 1.765055e-01 5.537798e-01 8.137406e-01
    outer loop
      vertex   1.125743e+02 3.423206e+00 1.186876e+00
      vertex   1.135203e+02 3.686251e+00 8.026682e-01
      vertex   1.127520e+02 3.931125e+00 8.026682e-01
    endloop
  endfacet
  facet normal 2.072785e-01 5.430119e-01 8.137406e-01
    outer loop
      vertex   1.125743e+02 3.423206e+00 1.186876e+00
      vertex   1.127520e+02 3.931125e+00 8.026682e-01
      vertex   1.117928e+02 3.721536e+00 1.186876e+00
    endloop
  endfacet
  facet normal 2.072785e-01 5.430119e-01 8.137406e-01
    outer loop
      vertex   1.117928e+02 3.721536e+00 1.186876e+00
      vertex   1.127520e+02 3.931125e+00 8.026682e-01
      vertex   1.119987e+02 4.218691e+00 8.026682e-01
    endloop
  endfacet
  facet normal 2.373993e-01 5.305354e-01 8.137406e-01
    outer loop
      vertex   1.117928e+02 3.721536e+00 1.186876e+00
      vertex   1.119987e+02 4.218691e+00 8.026682e-01
      vertex   1.110292e+02 4.063219e+00 1.186876e+00
    endloop
  endfacet
  facet normal 2.373993e-01 5.305354e-01 8.137406e-01
    outer loop
      vertex   1.110292e+02 4.063219e+00 1.186876e+00
      vertex   1.119987e+02 4.218691e+00 8.026682e-01
      vertex   1.112627e+02 4.548045e+00 8.026682e-01
    endloop
  endfacet
  facet normal 2.667732e-01 5.163897e-01 8.137406e-01
    outer loop
      vertex   1.110292e+02 4.063219e+00 1.186876e+00
      vertex   1.112627e+02 4.548045e+00 8.026682e-01
      vertex   1.102860e+02 4.447179e+00 1.186876e+00
    endloop
  endfacet
  facet normal 2.667732e-01 5.163897e-01 8.137406e-01
    outer loop
      vertex   1.102860e+02 4.447179e+00 1.186876e+00
      vertex   1.112627e+02 4.548045e+00 8.026682e-01
      vertex   1.105463e+02 4.918151e+00 8.026682e-01
    endloop
  endfacet
  facet normal 2.953077e-01 5.006192e-01 8.137406e-01
    outer loop
      vertex   1.102860e+02 4.447179e+00 1.186876e+00
      vertex   1.105463e+02 4.918151e+00 8.026682e-01
      vertex   1.095654e+02 4.872208e+00 1.186876e+00
    endloop
  endfacet
  facet normal 2.953077e-01 5.006192e-01 8.137406e-01
    outer loop
      vertex   1.095654e+02 4.872208e+00 1.186876e+00
      vertex   1.105463e+02 4.918151e+00 8.026682e-01
      vertex   1.098517e+02 5.327844e+00 8.026682e-01
    endloop
  endfacet
  facet normal 3.229131e-01 4.832736e-01 8.137406e-01
    outer loop
      vertex   1.095654e+02 4.872208e+00 1.186876e+00
      vertex   1.098517e+02 5.327844e+00 8.026682e-01
      vertex   1.088699e+02 5.336968e+00 1.186876e+00
    endloop
  endfacet
  facet normal 3.229131e-01 4.832736e-01 8.137406e-01
    outer loop
      vertex   1.088699e+02 5.336968e+00 1.186876e+00
      vertex   1.098517e+02 5.327844e+00 8.026682e-01
      vertex   1.091813e+02 5.775835e+00 8.026682e-01
    endloop
  endfacet
  facet normal 3.495025e-01 4.644075e-01 8.137406e-01
    outer loop
      vertex   1.088699e+02 5.336968e+00 1.186876e+00
      vertex   1.091813e+02 5.775835e+00 8.026682e-01
      vertex   1.082015e+02 5.839998e+00 1.186876e+00
    endloop
  endfacet
  facet normal 3.495025e-01 4.644075e-01 8.137406e-01
    outer loop
      vertex   1.082015e+02 5.839998e+00 1.186876e+00
      vertex   1.091813e+02 5.775835e+00 8.026682e-01
      vertex   1.085370e+02 6.260715e+00 8.026682e-01
    endloop
  endfacet
  facet normal 3.749922e-01 4.440801e-01 8.137406e-01
    outer loop
      vertex   1.082015e+02 5.839998e+00 1.186876e+00
      vertex   1.085370e+02 6.260715e+00 8.026682e-01
      vertex   1.075623e+02 6.379715e+00 1.186876e+00
    endloop
  endfacet
  facet normal 3.749922e-01 4.440801e-01 8.137406e-01
    outer loop
      vertex   1.075623e+02 6.379715e+00 1.186876e+00
      vertex   1.085370e+02 6.260715e+00 8.026682e-01
      vertex   1.079209e+02 6.780957e+00 8.026682e-01
    endloop
  endfacet
  facet normal 3.993020e-01 4.223555e-01 8.137406e-01
    outer loop
      vertex   1.075623e+02 6.379715e+00 1.186876e+00
      vertex   1.079209e+02 6.780957e+00 8.026682e-01
      vertex   1.069544e+02 6.954420e+00 1.186876e+00
    endloop
  endfacet
  facet normal 3.993020e-01 4.223555e-01 8.137406e-01
    outer loop
      vertex   1.069544e+02 6.954420e+00 1.186876e+00
      vertex   1.079209e+02 6.780957e+00 8.026682e-01
      vertex   1.073349e+02 7.334926e+00 8.026682e-01
    endloop
  endfacet
  facet normal 4.223555e-01 3.993020e-01 8.137406e-01
    outer loop
      vertex   1.069544e+02 6.954420e+00 1.186876e+00
      vertex   1.073349e+02 7.334926e+00 8.026682e-01
      vertex   1.063797e+02 7.562306e+00 1.186876e+00
    endloop
  endfacet
  facet normal 4.223555e-01 3.993020e-01 8.137406e-01
    outer loop
      vertex   1.063797e+02 7.562306e+00 1.186876e+00
      vertex   1.073349e+02 7.334926e+00 8.026682e-01
      vertex   1.067810e+02 7.920878e+00 8.026682e-01
    endloop
  endfacet
  facet normal 4.440801e-01 3.749922e-01 8.137406e-01
    outer loop
      vertex   1.063797e+02 7.562306e+00 1.186876e+00
      vertex   1.067810e+02 7.920878e+00 8.026682e-01
      vertex   1.058400e+02 8.201459e+00 1.186876e+00
    endloop
  endfacet
  facet normal 4.440801e-01 3.749922e-01 8.137406e-01
    outer loop
      vertex   1.058400e+02 8.201459e+00 1.186876e+00
      vertex   1.067810e+02 7.920878e+00 8.026682e-01
      vertex   1.062607e+02 8.536969e+00 8.026682e-01
    endloop
  endfacet
  facet normal 4.644075e-01 3.495025e-01 8.137406e-01
    outer loop
      vertex   1.058400e+02 8.201459e+00 1.186876e+00
      vertex   1.062607e+02 8.536969e+00 8.026682e-01
      vertex   1.053370e+02 8.869869e+00 1.186876e+00
    endloop
  endfacet
  facet normal 4.644075e-01 3.495025e-01 8.137406e-01
    outer loop
      vertex   1.053370e+02 8.869869e+00 1.186876e+00
      vertex   1.062607e+02 8.536969e+00 8.026682e-01
      vertex   1.057758e+02 9.181261e+00 8.026682e-01
    endloop
  endfacet
  facet normal 4.832736e-01 3.229131e-01 8.137406e-01
    outer loop
      vertex   1.053370e+02 8.869869e+00 1.186876e+00
      vertex   1.057758e+02 9.181261e+00 8.026682e-01
      vertex   1.048722e+02 9.565432e+00 1.186876e+00
    endloop
  endfacet
  facet normal 4.832736e-01 3.229131e-01 8.137406e-01
    outer loop
      vertex   1.048722e+02 9.565432e+00 1.186876e+00
      vertex   1.057758e+02 9.181261e+00 8.026682e-01
      vertex   1.053278e+02 9.851728e+00 8.026682e-01
    endloop
  endfacet
  facet normal 5.006192e-01 2.953077e-01 8.137406e-01
    outer loop
      vertex   1.048722e+02 9.565432e+00 1.186876e+00
      vertex   1.053278e+02 9.851728e+00 8.026682e-01
      vertex   1.044472e+02 1.028596e+01 1.186876e+00
    endloop
  endfacet
  facet normal 5.006192e-01 2.953077e-01 8.137406e-01
    outer loop
      vertex   1.044472e+02 1.028596e+01 1.186876e+00
      vertex   1.053278e+02 9.851728e+00 8.026682e-01
      vertex   1.049182e+02 1.054626e+01 8.026682e-01
    endloop
  endfacet
  facet normal 5.163897e-01 2.667732e-01 8.137406e-01
    outer loop
      vertex   1.044472e+02 1.028596e+01 1.186876e+00
      vertex   1.049182e+02 1.054626e+01 8.026682e-01
      vertex   1.040632e+02 1.102919e+01 1.186876e+00
    endloop
  endfacet
  facet normal 5.163897e-01 2.667732e-01 8.137406e-01
    outer loop
      vertex   1.040632e+02 1.102919e+01 1.186876e+00
      vertex   1.049182e+02 1.054626e+01 8.026682e-01
      vertex   1.045480e+02 1.126267e+01 8.026682e-01
    endloop
  endfacet
  facet normal 5.305354e-01 2.373993e-01 8.137406e-01
    outer loop
      vertex   1.040632e+02 1.102919e+01 1.186876e+00
      vertex   1.045480e+02 1.126267e+01 8.026682e-01
      vertex   1.037215e+02 1.179277e+01 1.186876e+00
    endloop
  endfacet
  facet normal 5.305354e-01 2.373993e-01 8.137406e-01
    outer loop
      vertex   1.037215e+02 1.179277e+01 1.186876e+00
      vertex   1.045480e+02 1.126267e+01 8.026682e-01
      vertex   1.042187e+02 1.199870e+01 8.026682e-01
    endloop
  endfacet
  facet normal 5.430119e-01 2.072785e-01 8.137406e-01
    outer loop
      vertex   1.037215e+02 1.179277e+01 1.186876e+00
      vertex   1.042187e+02 1.199870e+01 8.026682e-01
      vertex   1.034232e+02 1.257432e+01 1.186876e+00
    endloop
  endfacet
  facet normal 5.430119e-01 2.072785e-01 8.137406e-01
    outer loop
      vertex   1.034232e+02 1.257432e+01 1.186876e+00
      vertex   1.042187e+02 1.199870e+01 8.026682e-01
      vertex   1.039311e+02 1.275205e+01 8.026682e-01
    endloop
  endfacet
  facet normal 5.537798e-01 1.765055e-01 8.137406e-01
    outer loop
      vertex   1.034232e+02 1.257432e+01 1.186876e+00
      vertex   1.039311e+02 1.275205e+01 8.026682e-01
      vertex   1.031692e+02 1.337136e+01 1.186876e+00
    endloop
  endfacet
  facet normal 5.537798e-01 1.765055e-01 8.137406e-01
    outer loop
      vertex   1.031692e+02 1.337136e+01 1.186876e+00
      vertex   1.039311e+02 1.275205e+01 8.026682e-01
      vertex   1.036863e+02 1.352033e+01 8.026682e-01
    endloop
  endfacet
  facet normal 1.436063e-02 5.118323e-01 8.589654e-01
    outer loop
      vertex   1.175000e+02 3.124415e+00 8.026682e-01
      vertex   1.175000e+02 3.692421e+00 4.642100e-01
      vertex   1.166940e+02 3.147030e+00 8.026682e-01
    endloop
  endfacet
  facet normal 1.436063e-02 5.118323e-01 8.589654e-01
    outer loop
      vertex   1.166940e+02 3.147030e+00 8.026682e-01
      vertex   1.175000e+02 3.692421e+00 4.642100e-01
      vertex   1.167258e+02 3.714143e+00 4.642100e-01
    endloop
  endfacet
  facet normal 4.303670e-02 5.102219e-01 8.589654e-01
    outer loop
      vertex   1.166940e+02 3.147030e+00 8.026682e-01
      vertex   1.167258e+02 3.714143e+00 4.642100e-01
      vertex   1.158904e+02 3.214805e+00 8.026682e-01
    endloop
  endfacet
  facet normal 4.303670e-02 5.102219e-01 8.589654e-01
    outer loop
      vertex   1.158904e+02 3.214805e+00 8.026682e-01
      vertex   1.167258e+02 3.714143e+00 4.642100e-01
      vertex   1.159540e+02 3.779240e+00 4.642100e-01
    endloop
  endfacet
  facet normal 7.157736e-02 5.070061e-01 8.589654e-01
    outer loop
      vertex   1.158904e+02 3.214805e+00 8.026682e-01
      vertex   1.159540e+02 3.779240e+00 4.642100e-01
      vertex   1.150920e+02 3.327527e+00 8.026682e-01
    endloop
  endfacet
  facet normal 7.157736e-02 5.070061e-01 8.589654e-01
    outer loop
      vertex   1.150920e+02 3.327527e+00 8.026682e-01
      vertex   1.159540e+02 3.779240e+00 4.642100e-01
      vertex   1.151871e+02 3.887508e+00 4.642100e-01
    endloop
  endfacet
  facet normal 9.989282e-02 5.021951e-01 8.589654e-01
    outer loop
      vertex   1.150920e+02 3.327527e+00 8.026682e-01
      vertex   1.151871e+02 3.887508e+00 4.642100e-01
      vertex   1.143011e+02 3.484841e+00 8.026682e-01
    endloop
  endfacet
  facet normal 9.989282e-02 5.021951e-01 8.589654e-01
    outer loop
      vertex   1.143011e+02 3.484841e+00 8.026682e-01
      vertex   1.151871e+02 3.887508e+00 4.642100e-01
      vertex   1.144275e+02 4.038606e+00 4.642100e-01
    endloop
  endfacet
  facet normal 1.278940e-01 4.958040e-01 8.589654e-01
    outer loop
      vertex   1.143011e+02 3.484841e+00 8.026682e-01
      vertex   1.144275e+02 4.038606e+00 4.642100e-01
      vertex   1.135203e+02 3.686251e+00 8.026682e-01
    endloop
  endfacet
  facet normal 1.278940e-01 4.958040e-01 8.589654e-01
    outer loop
      vertex   1.135203e+02 3.686251e+00 8.026682e-01
      vertex   1.144275e+02 4.038606e+00 4.642100e-01
      vertex   1.136776e+02 4.232058e+00 4.642100e-01
    endloop
  endfacet
  facet normal 1.554927e-01 4.878530e-01 8.589654e-01
    outer loop
      vertex   1.135203e+02 3.686251e+00 8.026682e-01
      vertex   1.136776e+02 4.232058e+00 4.642100e-01
      vertex   1.127520e+02 3.931125e+00 8.026682e-01
    endloop
  endfacet
  facet normal 1.554927e-01 4.878530e-01 8.589654e-01
    outer loop
      vertex   1.127520e+02 3.931125e+00 8.026682e-01
      vertex   1.136776e+02 4.232058e+00 4.642100e-01
      vertex   1.129396e+02 4.467256e+00 4.642100e-01
    endloop
  endfacet
  facet normal 1.826022e-01 4.783669e-01 8.589654e-01
    outer loop
      vertex   1.127520e+02 3.931125e+00 8.026682e-01
      vertex   1.129396e+02 4.467256e+00 4.642100e-01
      vertex   1.119987e+02 4.218691e+00 8.026682e-01
    endloop
  endfacet
  facet normal 1.826022e-01 4.783669e-01 8.589654e-01
    outer loop
      vertex   1.119987e+02 4.218691e+00 8.026682e-01
      vertex   1.129396e+02 4.467256e+00 4.642100e-01
      vertex   1.122161e+02 4.743460e+00 4.642100e-01
    endloop
  endfacet
  facet normal 2.091372e-01 4.673758e-01 8.589654e-01
    outer loop
      vertex   1.119987e+02 4.218691e+00 8.026682e-01
      vertex   1.122161e+02 4.743460e+00 4.642100e-01
      vertex   1.112627e+02 4.548045e+00 8.026682e-01
    endloop
  endfacet
  facet normal 2.091372e-01 4.673758e-01 8.589654e-01
    outer loop
      vertex   1.112627e+02 4.548045e+00 8.026682e-01
      vertex   1.122161e+02 4.743460e+00 4.642100e-01
      vertex   1.115091e+02 5.059801e+00 4.642100e-01
    endloop
  endfacet
  facet normal 2.350142e-01 4.549141e-01 8.589654e-01
    outer loop
      vertex   1.112627e+02 4.548045e+00 8.026682e-01
      vertex   1.115091e+02 5.059801e+00 4.642100e-01
      vertex   1.105463e+02 4.918151e+00 8.026682e-01
    endloop
  endfacet
  facet normal 2.350142e-01 4.549141e-01 8.589654e-01
    outer loop
      vertex   1.105463e+02 4.918151e+00 8.026682e-01
      vertex   1.115091e+02 5.059801e+00 4.642100e-01
      vertex   1.108210e+02 5.415283e+00 4.642100e-01
    endloop
  endfacet
  facet normal 2.601517e-01 4.410211e-01 8.589654e-01
    outer loop
      vertex   1.105463e+02 4.918151e+00 8.026682e-01
      vertex   1.108210e+02 5.415283e+00 4.642100e-01
      vertex   1.098517e+02 5.327844e+00 8.026682e-01
    endloop
  endfacet
  facet normal 2.601517e-01 4.410211e-01 8.589654e-01
    outer loop
      vertex   1.098517e+02 5.327844e+00 8.026682e-01
      vertex   1.108210e+02 5.415283e+00 4.642100e-01
      vertex   1.101539e+02 5.808789e+00 4.642100e-01
    endloop
  endfacet
  facet normal 2.844707e-01 4.257404e-01 8.589654e-01
    outer loop
      vertex   1.098517e+02 5.327844e+00 8.026682e-01
      vertex   1.101539e+02 5.808789e+00 4.642100e-01
      vertex   1.091813e+02 5.775835e+00 8.026682e-01
    endloop
  endfacet
  facet normal 2.844707e-01 4.257404e-01 8.589654e-01
    outer loop
      vertex   1.091813e+02 5.775835e+00 8.026682e-01
      vertex   1.101539e+02 5.808789e+00 4.642100e-01
      vertex   1.095100e+02 6.239079e+00 4.642100e-01
    endloop
  endfacet
  facet normal 3.078946e-01 4.091203e-01 8.589654e-01
    outer loop
      vertex   1.091813e+02 5.775835e+00 8.026682e-01
      vertex   1.095100e+02 6.239079e+00 4.642100e-01
      vertex   1.085370e+02 6.260715e+00 8.026682e-01
    endloop
  endfacet
  facet normal 3.078946e-01 4.091203e-01 8.589654e-01
    outer loop
      vertex   1.085370e+02 6.260715e+00 8.026682e-01
      vertex   1.095100e+02 6.239079e+00 4.642100e-01
      vertex   1.088911e+02 6.704800e+00 4.642100e-01
    endloop
  endfacet
  facet normal 3.303498e-01 3.912129e-01 8.589654e-01
    outer loop
      vertex   1.085370e+02 6.260715e+00 8.026682e-01
      vertex   1.088911e+02 6.704800e+00 4.642100e-01
      vertex   1.079209e+02 6.780957e+00 8.026682e-01
    endloop
  endfacet
  facet normal 3.303498e-01 3.912129e-01 8.589654e-01
    outer loop
      vertex   1.079209e+02 6.780957e+00 8.026682e-01
      vertex   1.088911e+02 6.704800e+00 4.642100e-01
      vertex   1.082994e+02 7.204487e+00 4.642100e-01
    endloop
  endfacet
  facet normal 3.517656e-01 3.720746e-01 8.589654e-01
    outer loop
      vertex   1.079209e+02 6.780957e+00 8.026682e-01
      vertex   1.082994e+02 7.204487e+00 4.642100e-01
      vertex   1.073349e+02 7.334926e+00 8.026682e-01
    endloop
  endfacet
  facet normal 3.517656e-01 3.720746e-01 8.589654e-01
    outer loop
      vertex   1.073349e+02 7.334926e+00 8.026682e-01
      vertex   1.082994e+02 7.204487e+00 4.642100e-01
      vertex   1.077366e+02 7.736567e+00 4.642100e-01
    endloop
  endfacet
  facet normal 3.720746e-01 3.517656e-01 8.589654e-01
    outer loop
      vertex   1.073349e+02 7.334926e+00 8.026682e-01
      vertex   1.077366e+02 7.736567e+00 4.642100e-01
      vertex   1.067810e+02 7.920878e+00 8.026682e-01
    endloop
  endfacet
  facet normal 3.720746e-01 3.517656e-01 8.589654e-01
    outer loop
      vertex   1.067810e+02 7.920878e+00 8.026682e-01
      vertex   1.077366e+02 7.736567e+00 4.642100e-01
      vertex   1.072045e+02 8.299367e+00 4.642100e-01
    endloop
  endfacet
  facet normal 3.912129e-01 3.303498e-01 8.589654e-01
    outer loop
      vertex   1.067810e+02 7.920878e+00 8.026682e-01
      vertex   1.072045e+02 8.299367e+00 4.642100e-01
      vertex   1.062607e+02 8.536969e+00 8.026682e-01
    endloop
  endfacet
  facet normal 3.912129e-01 3.303498e-01 8.589654e-01
    outer loop
      vertex   1.062607e+02 8.536969e+00 8.026682e-01
      vertex   1.072045e+02 8.299367e+00 4.642100e-01
      vertex   1.067048e+02 8.891115e+00 4.642100e-01
    endloop
  endfacet
  facet normal 4.091203e-01 3.078946e-01 8.589654e-01
    outer loop
      vertex   1.062607e+02 8.536969e+00 8.026682e-01
      vertex   1.067048e+02 8.891115e+00 4.642100e-01
      vertex   1.057758e+02 9.181261e+00 8.026682e-01
    endloop
  endfacet
  facet normal 4.091203e-01 3.078946e-01 8.589654e-01
    outer loop
      vertex   1.057758e+02 9.181261e+00 8.026682e-01
      vertex   1.067048e+02 8.891115e+00 4.642100e-01
      vertex   1.062391e+02 9.509950e+00 4.642100e-01
    endloop
  endfacet
  facet normal 4.257404e-01 2.844707e-01 8.589654e-01
    outer loop
      vertex   1.057758e+02 9.181261e+00 8.026682e-01
      vertex   1.062391e+02 9.509950e+00 4.642100e-01
      vertex   1.053278e+02 9.851728e+00 8.026682e-01
    endloop
  endfacet
  facet normal 4.257404e-01 2.844707e-01 8.589654e-01
    outer loop
      vertex   1.053278e+02 9.851728e+00 8.026682e-01
      vertex   1.062391e+02 9.509950e+00 4.642100e-01
      vertex   1.058088e+02 1.015392e+01 4.642100e-01
    endloop
  endfacet
  facet normal 4.410211e-01 2.601517e-01 8.589654e-01
    outer loop
      vertex   1.053278e+02 9.851728e+00 8.026682e-01
      vertex   1.058088e+02 1.015392e+01 4.642100e-01
      vertex   1.049182e+02 1.054626e+01 8.026682e-01
    endloop
  endfacet
  facet normal 4.410211e-01 2.601517e-01 8.589654e-01
    outer loop
      vertex   1.049182e+02 1.054626e+01 8.026682e-01
      vertex   1.058088e+02 1.015392e+01 4.642100e-01
      vertex   1.054153e+02 1.082101e+01 4.642100e-01
    endloop
  endfacet
  facet normal 4.549141e-01 2.350142e-01 8.589654e-01
    outer loop
      vertex   1.049182e+02 1.054626e+01 8.026682e-01
      vertex   1.054153e+02 1.082101e+01 4.642100e-01
      vertex   1.045480e+02 1.126267e+01 8.026682e-01
    endloop
  endfacet
  facet normal 4.549141e-01 2.350142e-01 8.589654e-01
    outer loop
      vertex   1.045480e+02 1.126267e+01 8.026682e-01
      vertex   1.054153e+02 1.082101e+01 4.642100e-01
      vertex   1.050598e+02 1.150912e+01 4.642100e-01
    endloop
  endfacet
  facet normal 4.673758e-01 2.091372e-01 8.589654e-01
    outer loop
      vertex   1.045480e+02 1.126267e+01 8.026682e-01
      vertex   1.050598e+02 1.150912e+01 4.642100e-01
      vertex   1.042187e+02 1.199870e+01 8.026682e-01
    endloop
  endfacet
  facet normal 4.673758e-01 2.091372e-01 8.589654e-01
    outer loop
      vertex   1.042187e+02 1.199870e+01 8.026682e-01
      vertex   1.050598e+02 1.150912e+01 4.642100e-01
      vertex   1.047435e+02 1.221607e+01 4.642100e-01
    endloop
  endfacet
  facet normal 4.783669e-01 1.826022e-01 8.589654e-01
    outer loop
      vertex   1.042187e+02 1.199870e+01 8.026682e-01
      vertex   1.047435e+02 1.221607e+01 4.642100e-01
      vertex   1.039311e+02 1.275205e+01 8.026682e-01
    endloop
  endfacet
  facet normal 4.783669e-01 1.826022e-01 8.589654e-01
    outer loop
      vertex   1.039311e+02 1.275205e+01 8.026682e-01
      vertex   1.047435e+02 1.221607e+01 4.642100e-01
      vertex   1.044673e+02 1.293965e+01 4.642100e-01
    endloop
  endfacet
  facet normal 4.878530e-01 1.554927e-01 8.589654e-01
    outer loop
      vertex   1.039311e+02 1.275205e+01 8.026682e-01
      vertex   1.044673e+02 1.293965e+01 4.642100e-01
      vertex   1.036863e+02 1.352033e+01 8.026682e-01
    endloop
  endfacet
  facet normal 4.878530e-01 1.554927e-01 8.589654e-01
    outer loop
      vertex   1.036863e+02 1.352033e+01 8.026682e-01
      vertex   1.044673e+02 1.293965e+01 4.642100e-01
      vertex   1.042321e+02 1.367757e+01 4.642100e-01
    endloop
  endfacet
  facet normal 1.232173e-02 4.391632e-01 8.983228e-01
    outer loop
      vertex   1.175000e+02 3.692421e+00 4.642100e-01
      vertex   1.175000e+02 4.286437e+00 1.738134e-01
      vertex   1.167258e+02 3.714143e+00 4.642100e-01
    endloop
  endfacet
  facet normal 1.232173e-02 4.391632e-01 8.983228e-01
    outer loop
      vertex   1.167258e+02 3.714143e+00 4.642100e-01
      vertex   1.175000e+02 4.286437e+00 1.738134e-01
      vertex   1.167591e+02 4.307224e+00 1.738134e-01
    endloop
  endfacet
  facet normal 3.692643e-02 4.377815e-01 8.983228e-01
    outer loop
      vertex   1.167258e+02 3.714143e+00 4.642100e-01
      vertex   1.167591e+02 4.307224e+00 1.738134e-01
      vertex   1.159540e+02 3.779240e+00 4.642100e-01
    endloop
  endfacet
  facet normal 3.692643e-02 4.377815e-01 8.983228e-01
    outer loop
      vertex   1.159540e+02 3.779240e+00 4.642100e-01
      vertex   1.167591e+02 4.307224e+00 1.738134e-01
      vertex   1.160206e+02 4.369521e+00 1.738134e-01
    endloop
  endfacet
  facet normal 6.141494e-02 4.350223e-01 8.983228e-01
    outer loop
      vertex   1.159540e+02 3.779240e+00 4.642100e-01
      vertex   1.160206e+02 4.369521e+00 1.738134e-01
      vertex   1.151871e+02 3.887508e+00 4.642100e-01
    endloop
  endfacet
  facet normal 6.141494e-02 4.350223e-01 8.983228e-01
    outer loop
      vertex   1.151871e+02 3.887508e+00 4.642100e-01
      vertex   1.160206e+02 4.369521e+00 1.738134e-01
      vertex   1.152866e+02 4.473131e+00 1.738134e-01
    endloop
  endfacet
  facet normal 8.571022e-02 4.308944e-01 8.983228e-01
    outer loop
      vertex   1.151871e+02 3.887508e+00 4.642100e-01
      vertex   1.152866e+02 4.473131e+00 1.738134e-01
      vertex   1.144275e+02 4.038606e+00 4.642100e-01
    endloop
  endfacet
  facet normal 8.571022e-02 4.308944e-01 8.983228e-01
    outer loop
      vertex   1.144275e+02 4.038606e+00 4.642100e-01
      vertex   1.152866e+02 4.473131e+00 1.738134e-01
      vertex   1.145597e+02 4.617728e+00 1.738134e-01
    endloop
  endfacet
  facet normal 1.097358e-01 4.254107e-01 8.983228e-01
    outer loop
      vertex   1.144275e+02 4.038606e+00 4.642100e-01
      vertex   1.145597e+02 4.617728e+00 1.738134e-01
      vertex   1.136776e+02 4.232058e+00 4.642100e-01
    endloop
  endfacet
  facet normal 1.097358e-01 4.254107e-01 8.983228e-01
    outer loop
      vertex   1.136776e+02 4.232058e+00 4.642100e-01
      vertex   1.145597e+02 4.617728e+00 1.738134e-01
      vertex   1.138420e+02 4.802858e+00 1.738134e-01
    endloop
  endfacet
  facet normal 1.334161e-01 4.185885e-01 8.983228e-01
    outer loop
      vertex   1.136776e+02 4.232058e+00 4.642100e-01
      vertex   1.138420e+02 4.802858e+00 1.738134e-01
      vertex   1.129396e+02 4.467256e+00 4.642100e-01
    endloop
  endfacet
  facet normal 1.334161e-01 4.185885e-01 8.983228e-01
    outer loop
      vertex   1.129396e+02 4.467256e+00 4.642100e-01
      vertex   1.138420e+02 4.802858e+00 1.738134e-01
      vertex   1.131358e+02 5.027938e+00 1.738134e-01
    endloop
  endfacet
  facet normal 1.566767e-01 4.104493e-01 8.983228e-01
    outer loop
      vertex   1.129396e+02 4.467256e+00 4.642100e-01
      vertex   1.131358e+02 5.027938e+00 1.738134e-01
      vertex   1.122161e+02 4.743460e+00 4.642100e-01
    endloop
  endfacet
  facet normal 1.566767e-01 4.104493e-01 8.983228e-01
    outer loop
      vertex   1.122161e+02 4.743460e+00 4.642100e-01
      vertex   1.131358e+02 5.027938e+00 1.738134e-01
      vertex   1.124434e+02 5.292259e+00 1.738134e-01
    endloop
  endfacet
  facet normal 1.794443e-01 4.010186e-01 8.983228e-01
    outer loop
      vertex   1.122161e+02 4.743460e+00 4.642100e-01
      vertex   1.124434e+02 5.292259e+00 1.738134e-01
      vertex   1.115091e+02 5.059801e+00 4.642100e-01
    endloop
  endfacet
  facet normal 1.794443e-01 4.010186e-01 8.983228e-01
    outer loop
      vertex   1.115091e+02 5.059801e+00 4.642100e-01
      vertex   1.124434e+02 5.292259e+00 1.738134e-01
      vertex   1.117668e+02 5.594991e+00 1.738134e-01
    endloop
  endfacet
  facet normal 2.016473e-01 3.903262e-01 8.983228e-01
    outer loop
      vertex   1.115091e+02 5.059801e+00 4.642100e-01
      vertex   1.117668e+02 5.594991e+00 1.738134e-01
      vertex   1.108210e+02 5.415283e+00 4.642100e-01
    endloop
  endfacet
  facet normal 2.016473e-01 3.903262e-01 8.983228e-01
    outer loop
      vertex   1.108210e+02 5.415283e+00 4.642100e-01
      vertex   1.117668e+02 5.594991e+00 1.738134e-01
      vertex   1.111083e+02 5.935180e+00 1.738134e-01
    endloop
  endfacet
  facet normal 2.232158e-01 3.784057e-01 8.983228e-01
    outer loop
      vertex   1.108210e+02 5.415283e+00 4.642100e-01
      vertex   1.111083e+02 5.935180e+00 1.738134e-01
      vertex   1.101539e+02 5.808789e+00 4.642100e-01
    endloop
  endfacet
  facet normal 2.232158e-01 3.784057e-01 8.983228e-01
    outer loop
      vertex   1.101539e+02 5.808789e+00 4.642100e-01
      vertex   1.111083e+02 5.935180e+00 1.738134e-01
      vertex   1.104700e+02 6.311756e+00 1.738134e-01
    endloop
  endfacet
  facet normal 2.440820e-01 3.652946e-01 8.983228e-01
    outer loop
      vertex   1.101539e+02 5.808789e+00 4.642100e-01
      vertex   1.104700e+02 6.311756e+00 1.738134e-01
      vertex   1.095100e+02 6.239079e+00 4.642100e-01
    endloop
  endfacet
  facet normal 2.440820e-01 3.652946e-01 8.983228e-01
    outer loop
      vertex   1.095100e+02 6.239079e+00 4.642100e-01
      vertex   1.104700e+02 6.311756e+00 1.738134e-01
      vertex   1.098537e+02 6.723535e+00 1.738134e-01
    endloop
  endfacet
  facet normal 2.641803e-01 3.510341e-01 8.983228e-01
    outer loop
      vertex   1.095100e+02 6.239079e+00 4.642100e-01
      vertex   1.098537e+02 6.723535e+00 1.738134e-01
      vertex   1.088911e+02 6.704800e+00 4.642100e-01
    endloop
  endfacet
  facet normal 2.641803e-01 3.510341e-01 8.983228e-01
    outer loop
      vertex   1.088911e+02 6.704800e+00 4.642100e-01
      vertex   1.098537e+02 6.723535e+00 1.738134e-01
      vertex   1.092615e+02 7.169220e+00 1.738134e-01
    endloop
  endfacet
  facet normal 2.834473e-01 3.356692e-01 8.983228e-01
    outer loop
      vertex   1.088911e+02 6.704800e+00 4.642100e-01
      vertex   1.092615e+02 7.169220e+00 1.738134e-01
      vertex   1.082994e+02 7.204487e+00 4.642100e-01
    endloop
  endfacet
  facet normal 2.834473e-01 3.356692e-01 8.983228e-01
    outer loop
      vertex   1.082994e+02 7.204487e+00 4.642100e-01
      vertex   1.092615e+02 7.169220e+00 1.738134e-01
      vertex   1.086952e+02 7.647410e+00 1.738134e-01
    endloop
  endfacet
  facet normal 3.018225e-01 3.192481e-01 8.983228e-01
    outer loop
      vertex   1.082994e+02 7.204487e+00 4.642100e-01
      vertex   1.086952e+02 7.647410e+00 1.738134e-01
      vertex   1.077366e+02 7.736567e+00 4.642100e-01
    endloop
  endfacet
  facet normal 3.018225e-01 3.192481e-01 8.983228e-01
    outer loop
      vertex   1.077366e+02 7.736567e+00 4.642100e-01
      vertex   1.086952e+02 7.647410e+00 1.738134e-01
      vertex   1.081566e+02 8.156600e+00 1.738134e-01
    endloop
  endfacet
  facet normal 3.192481e-01 3.018225e-01 8.983228e-01
    outer loop
      vertex   1.077366e+02 7.736567e+00 4.642100e-01
      vertex   1.081566e+02 8.156600e+00 1.738134e-01
      vertex   1.072045e+02 8.299367e+00 4.642100e-01
    endloop
  endfacet
  facet normal 3.192481e-01 3.018225e-01 8.983228e-01
    outer loop
      vertex   1.072045e+02 8.299367e+00 4.642100e-01
      vertex   1.081566e+02 8.156600e+00 1.738134e-01
      vertex   1.076474e+02 8.695187e+00 1.738134e-01
    endloop
  endfacet
  facet normal 3.356692e-01 2.834473e-01 8.983228e-01
    outer loop
      vertex   1.072045e+02 8.299367e+00 4.642100e-01
      vertex   1.076474e+02 8.695187e+00 1.738134e-01
      vertex   1.067048e+02 8.891115e+00 4.642100e-01
    endloop
  endfacet
  facet normal 3.356692e-01 2.834473e-01 8.983228e-01
    outer loop
      vertex   1.067048e+02 8.891115e+00 4.642100e-01
      vertex   1.076474e+02 8.695187e+00 1.738134e-01
      vertex   1.071692e+02 9.261478e+00 1.738134e-01
    endloop
  endfacet
  facet normal 3.510341e-01 2.641803e-01 8.983228e-01
    outer loop
      vertex   1.067048e+02 8.891115e+00 4.642100e-01
      vertex   1.071692e+02 9.261478e+00 1.738134e-01
      vertex   1.062391e+02 9.509950e+00 4.642100e-01
    endloop
  endfacet
  facet normal 3.510341e-01 2.641803e-01 8.983228e-01
    outer loop
      vertex   1.062391e+02 9.509950e+00 4.642100e-01
      vertex   1.071692e+02 9.261478e+00 1.738134e-01
      vertex   1.067235e+02 9.853690e+00 1.738134e-01
    endloop
  endfacet
  facet normal 3.652946e-01 2.440820e-01 8.983228e-01
    outer loop
      vertex   1.062391e+02 9.509950e+00 4.642100e-01
      vertex   1.067235e+02 9.853690e+00 1.738134e-01
      vertex   1.058088e+02 1.015392e+01 4.642100e-01
    endloop
  endfacet
  facet normal 3.652946e-01 2.440820e-01 8.983228e-01
    outer loop
      vertex   1.058088e+02 1.015392e+01 4.642100e-01
      vertex   1.067235e+02 9.853690e+00 1.738134e-01
      vertex   1.063118e+02 1.046996e+01 1.738134e-01
    endloop
  endfacet
  facet normal 3.784057e-01 2.232158e-01 8.983228e-01
    outer loop
      vertex   1.058088e+02 1.015392e+01 4.642100e-01
      vertex   1.063118e+02 1.046996e+01 1.738134e-01
      vertex   1.054153e+02 1.082101e+01 4.642100e-01
    endloop
  endfacet
  facet normal 3.784057e-01 2.232158e-01 8.983228e-01
    outer loop
      vertex   1.054153e+02 1.082101e+01 4.642100e-01
      vertex   1.063118e+02 1.046996e+01 1.738134e-01
      vertex   1.059352e+02 1.110835e+01 1.738134e-01
    endloop
  endfacet
  facet normal 3.903262e-01 2.016473e-01 8.983228e-01
    outer loop
      vertex   1.054153e+02 1.082101e+01 4.642100e-01
      vertex   1.059352e+02 1.110835e+01 1.738134e-01
      vertex   1.050598e+02 1.150912e+01 4.642100e-01
    endloop
  endfacet
  facet normal 3.903262e-01 2.016473e-01 8.983228e-01
    outer loop
      vertex   1.050598e+02 1.150912e+01 4.642100e-01
      vertex   1.059352e+02 1.110835e+01 1.738134e-01
      vertex   1.055950e+02 1.176685e+01 1.738134e-01
    endloop
  endfacet
  facet normal 4.010186e-01 1.794443e-01 8.983228e-01
    outer loop
      vertex   1.050598e+02 1.150912e+01 4.642100e-01
      vertex   1.055950e+02 1.176685e+01 1.738134e-01
      vertex   1.047435e+02 1.221607e+01 4.642100e-01
    endloop
  endfacet
  facet normal 4.010186e-01 1.794443e-01 8.983228e-01
    outer loop
      vertex   1.047435e+02 1.221607e+01 4.642100e-01
      vertex   1.055950e+02 1.176685e+01 1.738134e-01
      vertex   1.052923e+02 1.244339e+01 1.738134e-01
    endloop
  endfacet
  facet normal 4.104493e-01 1.566767e-01 8.983228e-01
    outer loop
      vertex   1.047435e+02 1.221607e+01 4.642100e-01
      vertex   1.052923e+02 1.244339e+01 1.738134e-01
      vertex   1.044673e+02 1.293965e+01 4.642100e-01
    endloop
  endfacet
  facet normal 4.104493e-01 1.566767e-01 8.983228e-01
    outer loop
      vertex   1.044673e+02 1.293965e+01 4.642100e-01
      vertex   1.052923e+02 1.244339e+01 1.738134e-01
      vertex   1.050279e+02 1.313584e+01 1.738134e-01
    endloop
  endfacet
  facet normal 4.185885e-01 1.334161e-01 8.983228e-01
    outer loop
      vertex   1.044673e+02 1.293965e+01 4.642100e-01
      vertex   1.050279e+02 1.313584e+01 1.738134e-01
      vertex   1.042321e+02 1.367757e+01 4.642100e-01
    endloop
  endfacet
  facet normal 4.185885e-01 1.334161e-01 8.983228e-01
    outer loop
      vertex   1.042321e+02 1.367757e+01 4.642100e-01
      vertex   1.050279e+02 1.313584e+01 1.738134e-01
      vertex   1.048029e+02 1.384202e+01 1.738134e-01
    endloop
  endfacet
  facet normal 1.019852e-02 3.634891e-01 9.315426e-01
    outer loop
      vertex   1.175000e+02 4.286437e+00 1.738134e-01
      vertex   1.175000e+02 4.902404e+00 -6.653793e-02
      vertex   1.167591e+02 4.307224e+00 1.738134e-01
    endloop
  endfacet
  facet normal 1.019852e-02 3.634891e-01 9.315426e-01
    outer loop
      vertex   1.167591e+02 4.307224e+00 1.738134e-01
      vertex   1.175000e+02 4.902404e+00 -6.653793e-02
      vertex   1.167936e+02 4.922223e+00 -6.653793e-02
    endloop
  endfacet
  facet normal 3.056347e-02 3.623454e-01 9.315426e-01
    outer loop
      vertex   1.167591e+02 4.307224e+00 1.738134e-01
      vertex   1.167936e+02 4.922223e+00 -6.653793e-02
      vertex   1.160206e+02 4.369521e+00 1.738134e-01
    endloop
  endfacet
  facet normal 3.056347e-02 3.623454e-01 9.315426e-01
    outer loop
      vertex   1.160206e+02 4.369521e+00 1.738134e-01
      vertex   1.167936e+02 4.922223e+00 -6.653793e-02
      vertex   1.160895e+02 4.981615e+00 -6.653793e-02
    endloop
  endfacet
  facet normal 5.083226e-02 3.600617e-01 9.315426e-01
    outer loop
      vertex   1.160206e+02 4.369521e+00 1.738134e-01
      vertex   1.160895e+02 4.981615e+00 -6.653793e-02
      vertex   1.152866e+02 4.473131e+00 1.738134e-01
    endloop
  endfacet
  facet normal 5.083226e-02 3.600617e-01 9.315426e-01
    outer loop
      vertex   1.152866e+02 4.473131e+00 1.738134e-01
      vertex   1.160895e+02 4.981615e+00 -6.653793e-02
      vertex   1.153898e+02 5.080395e+00 -6.653793e-02
    endloop
  endfacet
  facet normal 7.094111e-02 3.566450e-01 9.315426e-01
    outer loop
      vertex   1.152866e+02 4.473131e+00 1.738134e-01
      vertex   1.153898e+02 5.080395e+00 -6.653793e-02
      vertex   1.145597e+02 4.617728e+00 1.738134e-01
    endloop
  endfacet
  facet normal 7.094111e-02 3.566450e-01 9.315426e-01
    outer loop
      vertex   1.145597e+02 4.617728e+00 1.738134e-01
      vertex   1.153898e+02 5.080395e+00 -6.653793e-02
      vertex   1.146968e+02 5.218252e+00 -6.653793e-02
    endloop
  endfacet
  facet normal 9.082675e-02 3.521063e-01 9.315426e-01
    outer loop
      vertex   1.145597e+02 4.617728e+00 1.738134e-01
      vertex   1.146968e+02 5.218252e+00 -6.653793e-02
      vertex   1.138420e+02 4.802858e+00 1.738134e-01
    endloop
  endfacet
  facet normal 9.082675e-02 3.521063e-01 9.315426e-01
    outer loop
      vertex   1.138420e+02 4.802858e+00 1.738134e-01
      vertex   1.146968e+02 5.218252e+00 -6.653793e-02
      vertex   1.140125e+02 5.394752e+00 -6.653793e-02
    endloop
  endfacet
  facet normal 1.104266e-01 3.464596e-01 9.315426e-01
    outer loop
      vertex   1.138420e+02 4.802858e+00 1.738134e-01
      vertex   1.140125e+02 5.394752e+00 -6.653793e-02
      vertex   1.131358e+02 5.027938e+00 1.738134e-01
    endloop
  endfacet
  facet normal 1.104266e-01 3.464596e-01 9.315426e-01
    outer loop
      vertex   1.131358e+02 5.027938e+00 1.738134e-01
      vertex   1.140125e+02 5.394752e+00 -6.653793e-02
      vertex   1.133393e+02 5.609339e+00 -6.653793e-02
    endloop
  endfacet
  facet normal 1.296790e-01 3.397229e-01 9.315426e-01
    outer loop
      vertex   1.131358e+02 5.027938e+00 1.738134e-01
      vertex   1.133393e+02 5.609339e+00 -6.653793e-02
      vertex   1.124434e+02 5.292259e+00 1.738134e-01
    endloop
  endfacet
  facet normal 1.296790e-01 3.397229e-01 9.315426e-01
    outer loop
      vertex   1.124434e+02 5.292259e+00 1.738134e-01
      vertex   1.133393e+02 5.609339e+00 -6.653793e-02
      vertex   1.126791e+02 5.861339e+00 -6.653793e-02
    endloop
  endfacet
  facet normal 1.485234e-01 3.319173e-01 9.315426e-01
    outer loop
      vertex   1.124434e+02 5.292259e+00 1.738134e-01
      vertex   1.126791e+02 5.861339e+00 -6.653793e-02
      vertex   1.117668e+02 5.594991e+00 1.738134e-01
    endloop
  endfacet
  facet normal 1.485234e-01 3.319173e-01 9.315426e-01
    outer loop
      vertex   1.117668e+02 5.594991e+00 1.738134e-01
      vertex   1.126791e+02 5.861339e+00 -6.653793e-02
      vertex   1.120341e+02 6.149958e+00 -6.653793e-02
    endloop
  endfacet
  facet normal 1.669005e-01 3.230674e-01 9.315426e-01
    outer loop
      vertex   1.117668e+02 5.594991e+00 1.738134e-01
      vertex   1.120341e+02 6.149958e+00 -6.653793e-02
      vertex   1.111083e+02 5.935180e+00 1.738134e-01
    endloop
  endfacet
  facet normal 1.669005e-01 3.230674e-01 9.315426e-01
    outer loop
      vertex   1.111083e+02 5.935180e+00 1.738134e-01
      vertex   1.120341e+02 6.149958e+00 -6.653793e-02
      vertex   1.114063e+02 6.474289e+00 -6.653793e-02
    endloop
  endfacet
  facet normal 1.847525e-01 3.132009e-01 9.315426e-01
    outer loop
      vertex   1.111083e+02 5.935180e+00 1.738134e-01
      vertex   1.114063e+02 6.474289e+00 -6.653793e-02
      vertex   1.104700e+02 6.311756e+00 1.738134e-01
    endloop
  endfacet
  facet normal 1.847525e-01 3.132009e-01 9.315426e-01
    outer loop
      vertex   1.104700e+02 6.311756e+00 1.738134e-01
      vertex   1.114063e+02 6.474289e+00 -6.653793e-02
      vertex   1.107977e+02 6.833311e+00 -6.653793e-02
    endloop
  endfacet
  facet normal 2.020232e-01 3.023490e-01 9.315426e-01
    outer loop
      vertex   1.104700e+02 6.311756e+00 1.738134e-01
      vertex   1.107977e+02 6.833311e+00 -6.653793e-02
      vertex   1.098537e+02 6.723535e+00 1.738134e-01
    endloop
  endfacet
  facet normal 2.020232e-01 3.023490e-01 9.315426e-01
    outer loop
      vertex   1.098537e+02 6.723535e+00 1.738134e-01
      vertex   1.107977e+02 6.833311e+00 -6.653793e-02
      vertex   1.102101e+02 7.225894e+00 -6.653793e-02
    endloop
  endfacet
  facet normal 2.186582e-01 2.905459e-01 9.315426e-01
    outer loop
      vertex   1.098537e+02 6.723535e+00 1.738134e-01
      vertex   1.102101e+02 7.225894e+00 -6.653793e-02
      vertex   1.092615e+02 7.169220e+00 1.738134e-01
    endloop
  endfacet
  facet normal 2.186582e-01 2.905459e-01 9.315426e-01
    outer loop
      vertex   1.092615e+02 7.169220e+00 1.738134e-01
      vertex   1.102101e+02 7.225894e+00 -6.653793e-02
      vertex   1.096455e+02 7.650803e+00 -6.653793e-02
    endloop
  endfacet
  facet normal 2.346052e-01 2.778285e-01 9.315426e-01
    outer loop
      vertex   1.092615e+02 7.169220e+00 1.738134e-01
      vertex   1.096455e+02 7.650803e+00 -6.653793e-02
      vertex   1.086952e+02 7.647410e+00 1.738134e-01
    endloop
  endfacet
  facet normal 2.346052e-01 2.778285e-01 9.315426e-01
    outer loop
      vertex   1.086952e+02 7.647410e+00 1.738134e-01
      vertex   1.096455e+02 7.650803e+00 -6.653793e-02
      vertex   1.091056e+02 8.106701e+00 -6.653793e-02
    endloop
  endfacet
  facet normal 2.498141e-01 2.642370e-01 9.315426e-01
    outer loop
      vertex   1.086952e+02 7.647410e+00 1.738134e-01
      vertex   1.091056e+02 8.106701e+00 -6.653793e-02
      vertex   1.081566e+02 8.156600e+00 1.738134e-01
    endloop
  endfacet
  facet normal 2.498141e-01 2.642370e-01 9.315426e-01
    outer loop
      vertex   1.081566e+02 8.156600e+00 1.738134e-01
      vertex   1.091056e+02 8.106701e+00 -6.653793e-02
      vertex   1.085922e+02 8.592155e+00 -6.653793e-02
    endloop
  endfacet
  facet normal 2.642370e-01 2.498141e-01 9.315426e-01
    outer loop
      vertex   1.081566e+02 8.156600e+00 1.738134e-01
      vertex   1.085922e+02 8.592155e+00 -6.653793e-02
      vertex   1.076474e+02 8.695187e+00 1.738134e-01
    endloop
  endfacet
  facet normal 2.642370e-01 2.498141e-01 9.315426e-01
    outer loop
      vertex   1.076474e+02 8.695187e+00 1.738134e-01
      vertex   1.085922e+02 8.592155e+00 -6.653793e-02
      vertex   1.081067e+02 9.105635e+00 -6.653793e-02
    endloop
  endfacet
  facet normal 2.778285e-01 2.346052e-01 9.315426e-01
    outer loop
      vertex   1.076474e+02 8.695187e+00 1.738134e-01
      vertex   1.081067e+02 9.105635e+00 -6.653793e-02
      vertex   1.071692e+02 9.261478e+00 1.738134e-01
    endloop
  endfacet
  facet normal 2.778285e-01 2.346052e-01 9.315426e-01
    outer loop
      vertex   1.071692e+02 9.261478e+00 1.738134e-01
      vertex   1.081067e+02 9.105635e+00 -6.653793e-02
      vertex   1.076508e+02 9.645528e+00 -6.653793e-02
    endloop
  endfacet
  facet normal 2.905459e-01 2.186582e-01 9.315426e-01
    outer loop
      vertex   1.071692e+02 9.261478e+00 1.738134e-01
      vertex   1.076508e+02 9.645528e+00 -6.653793e-02
      vertex   1.067235e+02 9.853690e+00 1.738134e-01
    endloop
  endfacet
  facet normal 2.905459e-01 2.186582e-01 9.315426e-01
    outer loop
      vertex   1.067235e+02 9.853690e+00 1.738134e-01
      vertex   1.076508e+02 9.645528e+00 -6.653793e-02
      vertex   1.072259e+02 1.021013e+01 -6.653793e-02
    endloop
  endfacet
  facet normal 3.023490e-01 2.020232e-01 9.315426e-01
    outer loop
      vertex   1.067235e+02 9.853690e+00 1.738134e-01
      vertex   1.072259e+02 1.021013e+01 -6.653793e-02
      vertex   1.063118e+02 1.046996e+01 1.738134e-01
    endloop
  endfacet
  facet normal 3.023490e-01 2.020232e-01 9.315426e-01
    outer loop
      vertex   1.063118e+02 1.046996e+01 1.738134e-01
      vertex   1.072259e+02 1.021013e+01 -6.653793e-02
      vertex   1.068333e+02 1.079767e+01 -6.653793e-02
    endloop
  endfacet
  facet normal 3.132009e-01 1.847525e-01 9.315426e-01
    outer loop
      vertex   1.063118e+02 1.046996e+01 1.738134e-01
      vertex   1.068333e+02 1.079767e+01 -6.653793e-02
      vertex   1.059352e+02 1.110835e+01 1.738134e-01
    endloop
  endfacet
  facet normal 3.132009e-01 1.847525e-01 9.315426e-01
    outer loop
      vertex   1.059352e+02 1.110835e+01 1.738134e-01
      vertex   1.068333e+02 1.079767e+01 -6.653793e-02
      vertex   1.064743e+02 1.140631e+01 -6.653793e-02
    endloop
  endfacet
  facet normal 3.230674e-01 1.669005e-01 9.315426e-01
    outer loop
      vertex   1.059352e+02 1.110835e+01 1.738134e-01
      vertex   1.064743e+02 1.140631e+01 -6.653793e-02
      vertex   1.055950e+02 1.176685e+01 1.738134e-01
    endloop
  endfacet
  facet normal 3.230674e-01 1.669005e-01 9.315426e-01
    outer loop
      vertex   1.055950e+02 1.176685e+01 1.738134e-01
      vertex   1.064743e+02 1.140631e+01 -6.653793e-02
      vertex   1.061500e+02 1.203411e+01 -6.653793e-02
    endloop
  endfacet
  facet normal 3.319173e-01 1.485234e-01 9.315426e-01
    outer loop
      vertex   1.055950e+02 1.176685e+01 1.738134e-01
      vertex   1.061500e+02 1.203411e+01 -6.653793e-02
      vertex   1.052923e+02 1.244339e+01 1.738134e-01
    endloop
  endfacet
  facet normal 3.319173e-01 1.485234e-01 9.315426e-01
    outer loop
      vertex   1.052923e+02 1.244339e+01 1.738134e-01
      vertex   1.061500e+02 1.203411e+01 -6.653793e-02
      vertex   1.058613e+02 1.267911e+01 -6.653793e-02
    endloop
  endfacet
  facet normal 3.397229e-01 1.296790e-01 9.315426e-01
    outer loop
      vertex   1.052923e+02 1.244339e+01 1.738134e-01
      vertex   1.058613e+02 1.267911e+01 -6.653793e-02
      vertex   1.050279e+02 1.313584e+01 1.738134e-01
    endloop
  endfacet
  facet normal 3.397229e-01 1.296790e-01 9.315426e-01
    outer loop
      vertex   1.050279e+02 1.313584e+01 1.738134e-01
      vertex   1.058613e+02 1.267911e+01 -6.653793e-02
      vertex   1.056093e+02 1.333928e+01 -6.653793e-02
    endloop
  endfacet
  facet normal 3.464596e-01 1.104266e-01 9.315426e-01
    outer loop
      vertex   1.050279e+02 1.313584e+01 1.738134e-01
      vertex   1.056093e+02 1.333928e+01 -6.653793e-02
      vertex   1.048029e+02 1.384202e+01 1.738134e-01
    endloop
  endfacet
  facet normal 3.464596e-01 1.104266e-01 9.315426e-01
    outer loop
      vertex   1.048029e+02 1.384202e+01 1.738134e-01
      vertex   1.056093e+02 1.333928e+01 -6.653793e-02
      vertex   1.053948e+02 1.401254e+01 -6.653793e-02
    endloop
  endfacet
  facet normal 8.005506e-03 2.853271e-01 9.583968e-01
    outer loop
      vertex   1.175000e+02 4.902404e+00 -6.653793e-02
      vertex   1.175000e+02 5.536116e+00 -2.552021e-01
      vertex   1.167936e+02 4.922223e+00 -6.653793e-02
    endloop
  endfacet
  facet normal 8.005506e-03 2.853271e-01 9.583968e-01
    outer loop
      vertex   1.167936e+02 4.922223e+00 -6.653793e-02
      vertex   1.175000e+02 5.536116e+00 -2.552021e-01
      vertex   1.168292e+02 5.554938e+00 -2.552021e-01
    endloop
  endfacet
  facet normal 2.399133e-02 2.844293e-01 9.583968e-01
    outer loop
      vertex   1.167936e+02 4.922223e+00 -6.653793e-02
      vertex   1.168292e+02 5.554938e+00 -2.552021e-01
      vertex   1.160895e+02 4.981615e+00 -6.653793e-02
    endloop
  endfacet
  facet normal 2.399133e-02 2.844293e-01 9.583968e-01
    outer loop
      vertex   1.160895e+02 4.981615e+00 -6.653793e-02
      vertex   1.168292e+02 5.554938e+00 -2.552021e-01
      vertex   1.161605e+02 5.611342e+00 -2.552021e-01
    endloop
  endfacet
  facet normal 3.990167e-02 2.826367e-01 9.583968e-01
    outer loop
      vertex   1.160895e+02 4.981615e+00 -6.653793e-02
      vertex   1.161605e+02 5.611342e+00 -2.552021e-01
      vertex   1.153898e+02 5.080395e+00 -6.653793e-02
    endloop
  endfacet
  facet normal 3.990167e-02 2.826367e-01 9.583968e-01
    outer loop
      vertex   1.153898e+02 5.080395e+00 -6.653793e-02
      vertex   1.161605e+02 5.611342e+00 -2.552021e-01
      vertex   1.154960e+02 5.705154e+00 -2.552021e-01
    endloop
  endfacet
  facet normal 5.568646e-02 2.799547e-01 9.583968e-01
    outer loop
      vertex   1.153898e+02 5.080395e+00 -6.653793e-02
      vertex   1.154960e+02 5.705154e+00 -2.552021e-01
      vertex   1.146968e+02 5.218252e+00 -6.653793e-02
    endloop
  endfacet
  facet normal 5.568646e-02 2.799547e-01 9.583968e-01
    outer loop
      vertex   1.146968e+02 5.218252e+00 -6.653793e-02
      vertex   1.154960e+02 5.705154e+00 -2.552021e-01
      vertex   1.148378e+02 5.836076e+00 -2.552021e-01
    endloop
  endfacet
  facet normal 7.129604e-02 2.763919e-01 9.583968e-01
    outer loop
      vertex   1.146968e+02 5.218252e+00 -6.653793e-02
      vertex   1.148378e+02 5.836076e+00 -2.552021e-01
      vertex   1.140125e+02 5.394752e+00 -6.653793e-02
    endloop
  endfacet
  facet normal 7.129604e-02 2.763919e-01 9.583968e-01
    outer loop
      vertex   1.140125e+02 5.394752e+00 -6.653793e-02
      vertex   1.148378e+02 5.836076e+00 -2.552021e-01
      vertex   1.141880e+02 6.003697e+00 -2.552021e-01
    endloop
  endfacet
  facet normal 8.668130e-02 2.719595e-01 9.583968e-01
    outer loop
      vertex   1.140125e+02 5.394752e+00 -6.653793e-02
      vertex   1.141880e+02 6.003697e+00 -2.552021e-01
      vertex   1.133393e+02 5.609339e+00 -6.653793e-02
    endloop
  endfacet
  facet normal 8.668130e-02 2.719595e-01 9.583968e-01
    outer loop
      vertex   1.133393e+02 5.609339e+00 -6.653793e-02
      vertex   1.141880e+02 6.003697e+00 -2.552021e-01
      vertex   1.135486e+02 6.207489e+00 -2.552021e-01
    endloop
  endfacet
  facet normal 1.017938e-01 2.666714e-01 9.583968e-01
    outer loop
      vertex   1.133393e+02 5.609339e+00 -6.653793e-02
      vertex   1.135486e+02 6.207489e+00 -2.552021e-01
      vertex   1.126791e+02 5.861339e+00 -6.653793e-02
    endloop
  endfacet
  facet normal 1.017938e-01 2.666714e-01 9.583968e-01
    outer loop
      vertex   1.126791e+02 5.861339e+00 -6.653793e-02
      vertex   1.135486e+02 6.207489e+00 -2.552021e-01
      vertex   1.129216e+02 6.446813e+00 -2.552021e-01
    endloop
  endfacet
  facet normal 1.165861e-01 2.605443e-01 9.583968e-01
    outer loop
      vertex   1.126791e+02 5.861339e+00 -6.653793e-02
      vertex   1.129216e+02 6.446813e+00 -2.552021e-01
      vertex   1.120341e+02 6.149958e+00 -6.653793e-02
    endloop
  endfacet
  facet normal 1.165861e-01 2.605443e-01 9.583968e-01
    outer loop
      vertex   1.120341e+02 6.149958e+00 -6.653793e-02
      vertex   1.129216e+02 6.446813e+00 -2.552021e-01
      vertex   1.123091e+02 6.720913e+00 -2.552021e-01
    endloop
  endfacet
  facet normal 1.310115e-01 2.535974e-01 9.583968e-01
    outer loop
      vertex   1.120341e+02 6.149958e+00 -6.653793e-02
      vertex   1.123091e+02 6.720913e+00 -2.552021e-01
      vertex   1.114063e+02 6.474289e+00 -6.653793e-02
    endloop
  endfacet
  facet normal 1.310115e-01 2.535974e-01 9.583968e-01
    outer loop
      vertex   1.114063e+02 6.474289e+00 -6.653793e-02
      vertex   1.123091e+02 6.720913e+00 -2.552021e-01
      vertex   1.117128e+02 7.028929e+00 -2.552021e-01
    endloop
  endfacet
  facet normal 1.450247e-01 2.458525e-01 9.583968e-01
    outer loop
      vertex   1.114063e+02 6.474289e+00 -6.653793e-02
      vertex   1.117128e+02 7.028929e+00 -2.552021e-01
      vertex   1.107977e+02 6.833311e+00 -6.653793e-02
    endloop
  endfacet
  facet normal 1.450247e-01 2.458525e-01 9.583968e-01
    outer loop
      vertex   1.107977e+02 6.833311e+00 -6.653793e-02
      vertex   1.117128e+02 7.028929e+00 -2.552021e-01
      vertex   1.111348e+02 7.369890e+00 -2.552021e-01
    endloop
  endfacet
  facet normal 1.585816e-01 2.373342e-01 9.583968e-01
    outer loop
      vertex   1.107977e+02 6.833311e+00 -6.653793e-02
      vertex   1.111348e+02 7.369890e+00 -2.552021e-01
      vertex   1.102101e+02 7.225894e+00 -6.653793e-02
    endloop
  endfacet
  facet normal 1.585816e-01 2.373342e-01 9.583968e-01
    outer loop
      vertex   1.102101e+02 7.225894e+00 -6.653793e-02
      vertex   1.111348e+02 7.369890e+00 -2.552021e-01
      vertex   1.105768e+02 7.742724e+00 -2.552021e-01
    endloop
  endfacet
  facet normal 1.716396e-01 2.280690e-01 9.583968e-01
    outer loop
      vertex   1.102101e+02 7.225894e+00 -6.653793e-02
      vertex   1.105768e+02 7.742724e+00 -2.552021e-01
      vertex   1.096455e+02 7.650803e+00 -6.653793e-02
    endloop
  endfacet
  facet normal 1.716396e-01 2.280690e-01 9.583968e-01
    outer loop
      vertex   1.096455e+02 7.650803e+00 -6.653793e-02
      vertex   1.105768e+02 7.742724e+00 -2.552021e-01
      vertex   1.100406e+02 8.146259e+00 -2.552021e-01
    endloop
  endfacet
  facet normal 1.841575e-01 2.180863e-01 9.583968e-01
    outer loop
      vertex   1.096455e+02 7.650803e+00 -6.653793e-02
      vertex   1.100406e+02 8.146259e+00 -2.552021e-01
      vertex   1.091056e+02 8.106701e+00 -6.653793e-02
    endloop
  endfacet
  facet normal 1.841575e-01 2.180863e-01 9.583968e-01
    outer loop
      vertex   1.091056e+02 8.106701e+00 -6.653793e-02
      vertex   1.100406e+02 8.146259e+00 -2.552021e-01
      vertex   1.095279e+02 8.579224e+00 -2.552021e-01
    endloop
  endfacet
  facet normal 1.960960e-01 2.074175e-01 9.583968e-01
    outer loop
      vertex   1.091056e+02 8.106701e+00 -6.653793e-02
      vertex   1.095279e+02 8.579224e+00 -2.552021e-01
      vertex   1.085922e+02 8.592155e+00 -6.653793e-02
    endloop
  endfacet
  facet normal 1.960960e-01 2.074175e-01 9.583968e-01
    outer loop
      vertex   1.085922e+02 8.592155e+00 -6.653793e-02
      vertex   1.095279e+02 8.579224e+00 -2.552021e-01
      vertex   1.090403e+02 9.040257e+00 -2.552021e-01
    endloop
  endfacet
  facet normal 2.074175e-01 1.960960e-01 9.583968e-01
    outer loop
      vertex   1.085922e+02 8.592155e+00 -6.653793e-02
      vertex   1.090403e+02 9.040257e+00 -2.552021e-01
      vertex   1.081067e+02 9.105635e+00 -6.653793e-02
    endloop
  endfacet
  facet normal 2.074175e-01 1.960960e-01 9.583968e-01
    outer loop
      vertex   1.081067e+02 9.105635e+00 -6.653793e-02
      vertex   1.090403e+02 9.040257e+00 -2.552021e-01
      vertex   1.085792e+02 9.527907e+00 -2.552021e-01
    endloop
  endfacet
  facet normal 2.180863e-01 1.841575e-01 9.583968e-01
    outer loop
      vertex   1.081067e+02 9.105635e+00 -6.653793e-02
      vertex   1.085792e+02 9.527907e+00 -2.552021e-01
      vertex   1.076508e+02 9.645528e+00 -6.653793e-02
    endloop
  endfacet
  facet normal 2.180863e-01 1.841575e-01 9.583968e-01
    outer loop
      vertex   1.076508e+02 9.645528e+00 -6.653793e-02
      vertex   1.085792e+02 9.527907e+00 -2.552021e-01
      vertex   1.081463e+02 1.004064e+01 -2.552021e-01
    endloop
  endfacet
  facet normal 2.280690e-01 1.716396e-01 9.583968e-01
    outer loop
      vertex   1.076508e+02 9.645528e+00 -6.653793e-02
      vertex   1.081463e+02 1.004064e+01 -2.552021e-01
      vertex   1.072259e+02 1.021013e+01 -6.653793e-02
    endloop
  endfacet
  facet normal 2.280690e-01 1.716396e-01 9.583968e-01
    outer loop
      vertex   1.072259e+02 1.021013e+01 -6.653793e-02
      vertex   1.081463e+02 1.004064e+01 -2.552021e-01
      vertex   1.077427e+02 1.057684e+01 -2.552021e-01
    endloop
  endfacet
  facet normal 2.373342e-01 1.585816e-01 9.583968e-01
    outer loop
      vertex   1.072259e+02 1.021013e+01 -6.653793e-02
      vertex   1.077427e+02 1.057684e+01 -2.552021e-01
      vertex   1.068333e+02 1.079767e+01 -6.653793e-02
    endloop
  endfacet
  facet normal 2.373342e-01 1.585816e-01 9.583968e-01
    outer loop
      vertex   1.068333e+02 1.079767e+01 -6.653793e-02
      vertex   1.077427e+02 1.057684e+01 -2.552021e-01
      vertex   1.073699e+02 1.113483e+01 -2.552021e-01
    endloop
  endfacet
  facet normal 2.458525e-01 1.450247e-01 9.583968e-01
    outer loop
      vertex   1.068333e+02 1.079767e+01 -6.653793e-02
      vertex   1.073699e+02 1.113483e+01 -2.552021e-01
      vertex   1.064743e+02 1.140631e+01 -6.653793e-02
    endloop
  endfacet
  facet normal 2.458525e-01 1.450247e-01 9.583968e-01
    outer loop
      vertex   1.064743e+02 1.140631e+01 -6.653793e-02
      vertex   1.073699e+02 1.113483e+01 -2.552021e-01
      vertex   1.070289e+02 1.171284e+01 -2.552021e-01
    endloop
  endfacet
  facet normal 2.535974e-01 1.310115e-01 9.583968e-01
    outer loop
      vertex   1.064743e+02 1.140631e+01 -6.653793e-02
      vertex   1.070289e+02 1.171284e+01 -2.552021e-01
      vertex   1.061500e+02 1.203411e+01 -6.653793e-02
    endloop
  endfacet
  facet normal 2.535974e-01 1.310115e-01 9.583968e-01
    outer loop
      vertex   1.061500e+02 1.203411e+01 -6.653793e-02
      vertex   1.070289e+02 1.171284e+01 -2.552021e-01
      vertex   1.067209e+02 1.230907e+01 -2.552021e-01
    endloop
  endfacet
  facet normal 2.605443e-01 1.165861e-01 9.583968e-01
    outer loop
      vertex   1.061500e+02 1.203411e+01 -6.653793e-02
      vertex   1.067209e+02 1.230907e+01 -2.552021e-01
      vertex   1.058613e+02 1.267911e+01 -6.653793e-02
    endloop
  endfacet
  facet normal 2.605443e-01 1.165861e-01 9.583968e-01
    outer loop
      vertex   1.058613e+02 1.267911e+01 -6.653793e-02
      vertex   1.067209e+02 1.230907e+01 -2.552021e-01
      vertex   1.064468e+02 1.292162e+01 -2.552021e-01
    endloop
  endfacet
  facet normal 2.666714e-01 1.017938e-01 9.583968e-01
    outer loop
      vertex   1.058613e+02 1.267911e+01 -6.653793e-02
      vertex   1.064468e+02 1.292162e+01 -2.552021e-01
      vertex   1.056093e+02 1.333928e+01 -6.653793e-02
    endloop
  endfacet
  facet normal 2.666714e-01 1.017938e-01 9.583968e-01
    outer loop
      vertex   1.056093e+02 1.333928e+01 -6.653793e-02
      vertex   1.064468e+02 1.292162e+01 -2.552021e-01
      vertex   1.062075e+02 1.354858e+01 -2.552021e-01
    endloop
  endfacet
  facet normal 2.719595e-01 8.668130e-02 9.583968e-01
    outer loop
      vertex   1.056093e+02 1.333928e+01 -6.653793e-02
      vertex   1.062075e+02 1.354858e+01 -2.552021e-01
      vertex   1.053948e+02 1.401254e+01 -6.653793e-02
    endloop
  endfacet
  facet normal 2.719595e-01 8.668130e-02 9.583968e-01
    outer loop
      vertex   1.053948e+02 1.401254e+01 -6.653793e-02
      vertex   1.062075e+02 1.354858e+01 -2.552021e-01
      vertex   1.060037e+02 1.418797e+01 -2.552021e-01
    endloop
  endfacet
  facet normal 5.757692e-03 2.052119e-01 9.787006e-01
    outer loop
      vertex   1.175000e+02 5.536116e+00 -2.552021e-01
      vertex   1.175000e+02 6.183243e+00 -3.908904e-01
      vertex   1.168292e+02 5.554938e+00 -2.552021e-01
    endloop
  endfacet
  facet normal 5.757692e-03 2.052119e-01 9.787006e-01
    outer loop
      vertex   1.168292e+02 5.554938e+00 -2.552021e-01
      vertex   1.175000e+02 6.183243e+00 -3.908904e-01
      vertex   1.168655e+02 6.201047e+00 -3.908904e-01
    endloop
  endfacet
  facet normal 1.725496e-02 2.045663e-01 9.787006e-01
    outer loop
      vertex   1.168292e+02 5.554938e+00 -2.552021e-01
      vertex   1.168655e+02 6.201047e+00 -3.908904e-01
      vertex   1.161605e+02 5.611342e+00 -2.552021e-01
    endloop
  endfacet
  facet normal 1.725496e-02 2.045663e-01 9.787006e-01
    outer loop
      vertex   1.161605e+02 5.611342e+00 -2.552021e-01
      vertex   1.168655e+02 6.201047e+00 -3.908904e-01
      vertex   1.162329e+02 6.254401e+00 -3.908904e-01
    endloop
  endfacet
  facet normal 2.869794e-02 2.032770e-01 9.787006e-01
    outer loop
      vertex   1.161605e+02 5.611342e+00 -2.552021e-01
      vertex   1.162329e+02 6.254401e+00 -3.908904e-01
      vertex   1.154960e+02 5.705154e+00 -2.552021e-01
    endloop
  endfacet
  facet normal 2.869794e-02 2.032770e-01 9.787006e-01
    outer loop
      vertex   1.154960e+02 5.705154e+00 -2.552021e-01
      vertex   1.162329e+02 6.254401e+00 -3.908904e-01
      vertex   1.156044e+02 6.343138e+00 -3.908904e-01
    endloop
  endfacet
  facet normal 4.005062e-02 2.013481e-01 9.787006e-01
    outer loop
      vertex   1.154960e+02 5.705154e+00 -2.552021e-01
      vertex   1.156044e+02 6.343138e+00 -3.908904e-01
      vertex   1.148378e+02 5.836076e+00 -2.552021e-01
    endloop
  endfacet
  facet normal 4.005062e-02 2.013481e-01 9.787006e-01
    outer loop
      vertex   1.148378e+02 5.836076e+00 -2.552021e-01
      vertex   1.156044e+02 6.343138e+00 -3.908904e-01
      vertex   1.149818e+02 6.466978e+00 -3.908904e-01
    endloop
  endfacet
  facet normal 5.127729e-02 1.987856e-01 9.787006e-01
    outer loop
      vertex   1.148378e+02 5.836076e+00 -2.552021e-01
      vertex   1.149818e+02 6.466978e+00 -3.908904e-01
      vertex   1.141880e+02 6.003697e+00 -2.552021e-01
    endloop
  endfacet
  facet normal 5.127729e-02 1.987856e-01 9.787006e-01
    outer loop
      vertex   1.141880e+02 6.003697e+00 -2.552021e-01
      vertex   1.149818e+02 6.466978e+00 -3.908904e-01
      vertex   1.143671e+02 6.625532e+00 -3.908904e-01
    endloop
  endfacet
  facet normal 6.234262e-02 1.955978e-01 9.787006e-01
    outer loop
      vertex   1.141880e+02 6.003697e+00 -2.552021e-01
      vertex   1.143671e+02 6.625532e+00 -3.908904e-01
      vertex   1.135486e+02 6.207489e+00 -2.552021e-01
    endloop
  endfacet
  facet normal 6.234262e-02 1.955978e-01 9.787006e-01
    outer loop
      vertex   1.135486e+02 6.207489e+00 -2.552021e-01
      vertex   1.143671e+02 6.625532e+00 -3.908904e-01
      vertex   1.137623e+02 6.818302e+00 -3.908904e-01
    endloop
  endfacet
  facet normal 7.321180e-02 1.917945e-01 9.787006e-01
    outer loop
      vertex   1.135486e+02 6.207489e+00 -2.552021e-01
      vertex   1.137623e+02 6.818302e+00 -3.908904e-01
      vertex   1.129216e+02 6.446813e+00 -2.552021e-01
    endloop
  endfacet
  facet normal 7.321180e-02 1.917945e-01 9.787006e-01
    outer loop
      vertex   1.129216e+02 6.446813e+00 -2.552021e-01
      vertex   1.137623e+02 6.818302e+00 -3.908904e-01
      vertex   1.131693e+02 7.044680e+00 -3.908904e-01
    endloop
  endfacet
  facet normal 8.385062e-02 1.873877e-01 9.787006e-01
    outer loop
      vertex   1.129216e+02 6.446813e+00 -2.552021e-01
      vertex   1.131693e+02 7.044680e+00 -3.908904e-01
      vertex   1.123091e+02 6.720913e+00 -2.552021e-01
    endloop
  endfacet
  facet normal 8.385062e-02 1.873877e-01 9.787006e-01
    outer loop
      vertex   1.123091e+02 6.720913e+00 -2.552021e-01
      vertex   1.131693e+02 7.044680e+00 -3.908904e-01
      vertex   1.125898e+02 7.303955e+00 -3.908904e-01
    endloop
  endfacet
  facet normal 9.422562e-02 1.823914e-01 9.787006e-01
    outer loop
      vertex   1.123091e+02 6.720913e+00 -2.552021e-01
      vertex   1.125898e+02 7.303955e+00 -3.908904e-01
      vertex   1.117128e+02 7.028929e+00 -2.552021e-01
    endloop
  endfacet
  facet normal 9.422562e-02 1.823914e-01 9.787006e-01
    outer loop
      vertex   1.117128e+02 7.028929e+00 -2.552021e-01
      vertex   1.125898e+02 7.303955e+00 -3.908904e-01
      vertex   1.120259e+02 7.595309e+00 -3.908904e-01
    endloop
  endfacet
  facet normal 1.043042e-01 1.768212e-01 9.787006e-01
    outer loop
      vertex   1.117128e+02 7.028929e+00 -2.552021e-01
      vertex   1.120259e+02 7.595309e+00 -3.908904e-01
      vertex   1.111348e+02 7.369890e+00 -2.552021e-01
    endloop
  endfacet
  facet normal 1.043042e-01 1.768212e-01 9.787006e-01
    outer loop
      vertex   1.111348e+02 7.369890e+00 -2.552021e-01
      vertex   1.120259e+02 7.595309e+00 -3.908904e-01
      vertex   1.114791e+02 7.917828e+00 -3.908904e-01
    endloop
  endfacet
  facet normal 1.140545e-01 1.706946e-01 9.787006e-01
    outer loop
      vertex   1.111348e+02 7.369890e+00 -2.552021e-01
      vertex   1.114791e+02 7.917828e+00 -3.908904e-01
      vertex   1.105768e+02 7.742724e+00 -2.552021e-01
    endloop
  endfacet
  facet normal 1.140545e-01 1.706946e-01 9.787006e-01
    outer loop
      vertex   1.105768e+02 7.742724e+00 -2.552021e-01
      vertex   1.114791e+02 7.917828e+00 -3.908904e-01
      vertex   1.109513e+02 8.270496e+00 -3.908904e-01
    endloop
  endfacet
  facet normal 1.234460e-01 1.640310e-01 9.787006e-01
    outer loop
      vertex   1.105768e+02 7.742724e+00 -2.552021e-01
      vertex   1.109513e+02 8.270496e+00 -3.908904e-01
      vertex   1.100406e+02 8.146259e+00 -2.552021e-01
    endloop
  endfacet
  facet normal 1.234460e-01 1.640310e-01 9.787006e-01
    outer loop
      vertex   1.100406e+02 8.146259e+00 -2.552021e-01
      vertex   1.109513e+02 8.270496e+00 -3.908904e-01
      vertex   1.104441e+02 8.652203e+00 -3.908904e-01
    endloop
  endfacet
  facet normal 1.324491e-01 1.568513e-01 9.787006e-01
    outer loop
      vertex   1.100406e+02 8.146259e+00 -2.552021e-01
      vertex   1.104441e+02 8.652203e+00 -3.908904e-01
      vertex   1.095279e+02 8.579224e+00 -2.552021e-01
    endloop
  endfacet
  facet normal 1.324491e-01 1.568513e-01 9.787006e-01
    outer loop
      vertex   1.095279e+02 8.579224e+00 -2.552021e-01
      vertex   1.104441e+02 8.652203e+00 -3.908904e-01
      vertex   1.099591e+02 9.061749e+00 -3.908904e-01
    endloop
  endfacet
  facet normal 1.410355e-01 1.491781e-01 9.787006e-01
    outer loop
      vertex   1.095279e+02 8.579224e+00 -2.552021e-01
      vertex   1.099591e+02 9.061749e+00 -3.908904e-01
      vertex   1.090403e+02 9.040257e+00 -2.552021e-01
    endloop
  endfacet
  facet normal 1.410355e-01 1.491781e-01 9.787006e-01
    outer loop
      vertex   1.090403e+02 9.040257e+00 -2.552021e-01
      vertex   1.099591e+02 9.061749e+00 -3.908904e-01
      vertex   1.094978e+02 9.497845e+00 -3.908904e-01
    endloop
  endfacet
  facet normal 1.491781e-01 1.410355e-01 9.787006e-01
    outer loop
      vertex   1.090403e+02 9.040257e+00 -2.552021e-01
      vertex   1.094978e+02 9.497845e+00 -3.908904e-01
      vertex   1.085792e+02 9.527907e+00 -2.552021e-01
    endloop
  endfacet
  facet normal 1.491781e-01 1.410355e-01 9.787006e-01
    outer loop
      vertex   1.085792e+02 9.527907e+00 -2.552021e-01
      vertex   1.094978e+02 9.497845e+00 -3.908904e-01
      vertex   1.090617e+02 9.959118e+00 -3.908904e-01
    endloop
  endfacet
  facet normal 1.568513e-01 1.324491e-01 9.787006e-01
    outer loop
      vertex   1.085792e+02 9.527907e+00 -2.552021e-01
      vertex   1.090617e+02 9.959118e+00 -3.908904e-01
      vertex   1.081463e+02 1.004064e+01 -2.552021e-01
    endloop
  endfacet
  facet normal 1.568513e-01 1.324491e-01 9.787006e-01
    outer loop
      vertex   1.081463e+02 1.004064e+01 -2.552021e-01
      vertex   1.090617e+02 9.959118e+00 -3.908904e-01
      vertex   1.086522e+02 1.044412e+01 -3.908904e-01
    endloop
  endfacet
  facet normal 1.640310e-01 1.234460e-01 9.787006e-01
    outer loop
      vertex   1.081463e+02 1.004064e+01 -2.552021e-01
      vertex   1.086522e+02 1.044412e+01 -3.908904e-01
      vertex   1.077427e+02 1.057684e+01 -2.552021e-01
    endloop
  endfacet
  facet normal 1.640310e-01 1.234460e-01 9.787006e-01
    outer loop
      vertex   1.077427e+02 1.057684e+01 -2.552021e-01
      vertex   1.086522e+02 1.044412e+01 -3.908904e-01
      vertex   1.082705e+02 1.095132e+01 -3.908904e-01
    endloop
  endfacet
  facet normal 1.706946e-01 1.140545e-01 9.787006e-01
    outer loop
      vertex   1.077427e+02 1.057684e+01 -2.552021e-01
      vertex   1.082705e+02 1.095132e+01 -3.908904e-01
      vertex   1.073699e+02 1.113483e+01 -2.552021e-01
    endloop
  endfacet
  facet normal 1.706946e-01 1.140545e-01 9.787006e-01
    outer loop
      vertex   1.073699e+02 1.113483e+01 -2.552021e-01
      vertex   1.082705e+02 1.095132e+01 -3.908904e-01
      vertex   1.079178e+02 1.147912e+01 -3.908904e-01
    endloop
  endfacet
  facet normal 1.768212e-01 1.043042e-01 9.787006e-01
    outer loop
      vertex   1.073699e+02 1.113483e+01 -2.552021e-01
      vertex   1.079178e+02 1.147912e+01 -3.908904e-01
      vertex   1.070289e+02 1.171284e+01 -2.552021e-01
    endloop
  endfacet
  facet normal 1.768212e-01 1.043042e-01 9.787006e-01
    outer loop
      vertex   1.070289e+02 1.171284e+01 -2.552021e-01
      vertex   1.079178e+02 1.147912e+01 -3.908904e-01
      vertex   1.075953e+02 1.202587e+01 -3.908904e-01
    endloop
  endfacet
  facet normal 1.823914e-01 9.422562e-02 9.787006e-01
    outer loop
      vertex   1.070289e+02 1.171284e+01 -2.552021e-01
      vertex   1.075953e+02 1.202587e+01 -3.908904e-01
      vertex   1.067209e+02 1.230907e+01 -2.552021e-01
    endloop
  endfacet
  facet normal 1.823914e-01 9.422562e-02 9.787006e-01
    outer loop
      vertex   1.067209e+02 1.230907e+01 -2.552021e-01
      vertex   1.075953e+02 1.202587e+01 -3.908904e-01
      vertex   1.073040e+02 1.258984e+01 -3.908904e-01
    endloop
  endfacet
  facet normal 1.873877e-01 8.385062e-02 9.787006e-01
    outer loop
      vertex   1.067209e+02 1.230907e+01 -2.552021e-01
      vertex   1.073040e+02 1.258984e+01 -3.908904e-01
      vertex   1.064468e+02 1.292162e+01 -2.552021e-01
    endloop
  endfacet
  facet normal 1.873877e-01 8.385062e-02 9.787006e-01
    outer loop
      vertex   1.064468e+02 1.292162e+01 -2.552021e-01
      vertex   1.073040e+02 1.258984e+01 -3.908904e-01
      vertex   1.070447e+02 1.316926e+01 -3.908904e-01
    endloop
  endfacet
  facet normal 1.917945e-01 7.321180e-02 9.787006e-01
    outer loop
      vertex   1.064468e+02 1.292162e+01 -2.552021e-01
      vertex   1.070447e+02 1.316926e+01 -3.908904e-01
      vertex   1.062075e+02 1.354858e+01 -2.552021e-01
    endloop
  endfacet
  facet normal 1.917945e-01 7.321180e-02 9.787006e-01
    outer loop
      vertex   1.062075e+02 1.354858e+01 -2.552021e-01
      vertex   1.070447e+02 1.316926e+01 -3.908904e-01
      vertex   1.068183e+02 1.376231e+01 -3.908904e-01
    endloop
  endfacet
  facet normal 1.955978e-01 6.234262e-02 9.787006e-01
    outer loop
      vertex   1.062075e+02 1.354858e+01 -2.552021e-01
      vertex   1.068183e+02 1.376231e+01 -3.908904e-01
      vertex   1.060037e+02 1.418797e+01 -2.552021e-01
    endloop
  endfacet
  facet normal 1.955978e-01 6.234262e-02 9.787006e-01
    outer loop
      vertex   1.060037e+02 1.418797e+01 -2.552021e-01
      vertex   1.068183e+02 1.376231e+01 -3.908904e-01
      vertex   1.066255e+02 1.436712e+01 -3.908904e-01
    endloop
  endfacet
  facet normal 3.470460e-03 1.236919e-01 9.923146e-01
    outer loop
      vertex   1.175000e+02 6.183243e+00 -3.908904e-01
      vertex   1.175000e+02 6.839365e+00 -4.726759e-01
      vertex   1.168655e+02 6.201047e+00 -3.908904e-01
    endloop
  endfacet
  facet normal 3.470460e-03 1.236919e-01 9.923146e-01
    outer loop
      vertex   1.168655e+02 6.201047e+00 -3.908904e-01
      vertex   1.175000e+02 6.839365e+00 -4.726759e-01
      vertex   1.169023e+02 6.856136e+00 -4.726759e-01
    endloop
  endfacet
  facet normal 1.040046e-02 1.233027e-01 9.923146e-01
    outer loop
      vertex   1.168655e+02 6.201047e+00 -3.908904e-01
      vertex   1.169023e+02 6.856136e+00 -4.726759e-01
      vertex   1.162329e+02 6.254401e+00 -3.908904e-01
    endloop
  endfacet
  facet normal 1.040046e-02 1.233027e-01 9.923146e-01
    outer loop
      vertex   1.162329e+02 6.254401e+00 -3.908904e-01
      vertex   1.169023e+02 6.856136e+00 -4.726759e-01
      vertex   1.163064e+02 6.906397e+00 -4.726759e-01
    endloop
  endfacet
  facet normal 1.729774e-02 1.225256e-01 9.923146e-01
    outer loop
      vertex   1.162329e+02 6.254401e+00 -3.908904e-01
      vertex   1.163064e+02 6.906397e+00 -4.726759e-01
      vertex   1.156044e+02 6.343138e+00 -3.908904e-01
    endloop
  endfacet
  facet normal 1.729774e-02 1.225256e-01 9.923146e-01
    outer loop
      vertex   1.156044e+02 6.343138e+00 -3.908904e-01
      vertex   1.163064e+02 6.906397e+00 -4.726759e-01
      vertex   1.157143e+02 6.989989e+00 -4.726759e-01
    endloop
  endfacet
  facet normal 2.414059e-02 1.213629e-01 9.923146e-01
    outer loop
      vertex   1.156044e+02 6.343138e+00 -3.908904e-01
      vertex   1.157143e+02 6.989989e+00 -4.726759e-01
      vertex   1.149818e+02 6.466978e+00 -3.908904e-01
    endloop
  endfacet
  facet normal 2.414059e-02 1.213629e-01 9.923146e-01
    outer loop
      vertex   1.149818e+02 6.466978e+00 -3.908904e-01
      vertex   1.157143e+02 6.989989e+00 -4.726759e-01
      vertex   1.151278e+02 7.106650e+00 -4.726759e-01
    endloop
  endfacet
  facet normal 3.090748e-02 1.198184e-01 9.923146e-01
    outer loop
      vertex   1.149818e+02 6.466978e+00 -3.908904e-01
      vertex   1.151278e+02 7.106650e+00 -4.726759e-01
      vertex   1.143671e+02 6.625532e+00 -3.908904e-01
    endloop
  endfacet
  facet normal 3.090748e-02 1.198184e-01 9.923146e-01
    outer loop
      vertex   1.143671e+02 6.625532e+00 -3.908904e-01
      vertex   1.151278e+02 7.106650e+00 -4.726759e-01
      vertex   1.145488e+02 7.256011e+00 -4.726759e-01
    endloop
  endfacet
  facet normal 3.757713e-02 1.178969e-01 9.923146e-01
    outer loop
      vertex   1.143671e+02 6.625532e+00 -3.908904e-01
      vertex   1.145488e+02 7.256011e+00 -4.726759e-01
      vertex   1.137623e+02 6.818302e+00 -3.908904e-01
    endloop
  endfacet
  facet normal 3.757713e-02 1.178969e-01 9.923146e-01
    outer loop
      vertex   1.137623e+02 6.818302e+00 -3.908904e-01
      vertex   1.145488e+02 7.256011e+00 -4.726759e-01
      vertex   1.139790e+02 7.437605e+00 -4.726759e-01
    endloop
  endfacet
  facet normal 4.412855e-02 1.156045e-01 9.923146e-01
    outer loop
      vertex   1.137623e+02 6.818302e+00 -3.908904e-01
      vertex   1.139790e+02 7.437605e+00 -4.726759e-01
      vertex   1.131693e+02 7.044680e+00 -3.908904e-01
    endloop
  endfacet
  facet normal 4.412855e-02 1.156045e-01 9.923146e-01
    outer loop
      vertex   1.131693e+02 7.044680e+00 -3.908904e-01
      vertex   1.139790e+02 7.437605e+00 -4.726759e-01
      vertex   1.134204e+02 7.650858e+00 -4.726759e-01
    endloop
  endfacet
  facet normal 5.054112e-02 1.129483e-01 9.923146e-01
    outer loop
      vertex   1.131693e+02 7.044680e+00 -3.908904e-01
      vertex   1.134204e+02 7.650858e+00 -4.726759e-01
      vertex   1.125898e+02 7.303955e+00 -3.908904e-01
    endloop
  endfacet
  facet normal 5.054112e-02 1.129483e-01 9.923146e-01
    outer loop
      vertex   1.125898e+02 7.303955e+00 -3.908904e-01
      vertex   1.134204e+02 7.650858e+00 -4.726759e-01
      vertex   1.128745e+02 7.895100e+00 -4.726759e-01
    endloop
  endfacet
  facet normal 5.679467e-02 1.099368e-01 9.923146e-01
    outer loop
      vertex   1.125898e+02 7.303955e+00 -3.908904e-01
      vertex   1.128745e+02 7.895100e+00 -4.726759e-01
      vertex   1.120259e+02 7.595309e+00 -3.908904e-01
    endloop
  endfacet
  facet normal 5.679467e-02 1.099368e-01 9.923146e-01
    outer loop
      vertex   1.120259e+02 7.595309e+00 -3.908904e-01
      vertex   1.128745e+02 7.895100e+00 -4.726759e-01
      vertex   1.123432e+02 8.169563e+00 -4.726759e-01
    endloop
  endfacet
  facet normal 6.286953e-02 1.065793e-01 9.923146e-01
    outer loop
      vertex   1.120259e+02 7.595309e+00 -3.908904e-01
      vertex   1.123432e+02 8.169563e+00 -4.726759e-01
      vertex   1.114791e+02 7.917828e+00 -3.908904e-01
    endloop
  endfacet
  facet normal 6.286953e-02 1.065793e-01 9.923146e-01
    outer loop
      vertex   1.114791e+02 7.917828e+00 -3.908904e-01
      vertex   1.123432e+02 8.169563e+00 -4.726759e-01
      vertex   1.118282e+02 8.473383e+00 -4.726759e-01
    endloop
  endfacet
  facet normal 6.874657e-02 1.028865e-01 9.923146e-01
    outer loop
      vertex   1.114791e+02 7.917828e+00 -3.908904e-01
      vertex   1.118282e+02 8.473383e+00 -4.726759e-01
      vertex   1.109513e+02 8.270496e+00 -3.908904e-01
    endloop
  endfacet
  facet normal 6.874657e-02 1.028865e-01 9.923146e-01
    outer loop
      vertex   1.109513e+02 8.270496e+00 -3.908904e-01
      vertex   1.118282e+02 8.473383e+00 -4.726759e-01
      vertex   1.113310e+02 8.805603e+00 -4.726759e-01
    endloop
  endfacet
  facet normal 7.440732e-02 9.887001e-02 9.923146e-01
    outer loop
      vertex   1.109513e+02 8.270496e+00 -3.908904e-01
      vertex   1.113310e+02 8.805603e+00 -4.726759e-01
      vertex   1.104441e+02 8.652203e+00 -3.908904e-01
    endloop
  endfacet
  facet normal 7.440732e-02 9.887001e-02 9.923146e-01
    outer loop
      vertex   1.104441e+02 8.652203e+00 -3.908904e-01
      vertex   1.113310e+02 8.805603e+00 -4.726759e-01
      vertex   1.108532e+02 9.165180e+00 -4.726759e-01
    endloop
  endfacet
  facet normal 7.983394e-02 9.454241e-02 9.923146e-01
    outer loop
      vertex   1.104441e+02 8.652203e+00 -3.908904e-01
      vertex   1.108532e+02 9.165180e+00 -4.726759e-01
      vertex   1.099591e+02 9.061749e+00 -3.908904e-01
    endloop
  endfacet
  facet normal 7.983394e-02 9.454241e-02 9.923146e-01
    outer loop
      vertex   1.099591e+02 9.061749e+00 -3.908904e-01
      vertex   1.108532e+02 9.165180e+00 -4.726759e-01
      vertex   1.103963e+02 9.550981e+00 -4.726759e-01
    endloop
  endfacet
  facet normal 8.500939e-02 8.991736e-02 9.923146e-01
    outer loop
      vertex   1.099591e+02 9.061749e+00 -3.908904e-01
      vertex   1.103963e+02 9.550981e+00 -4.726759e-01
      vertex   1.094978e+02 9.497845e+00 -3.908904e-01
    endloop
  endfacet
  facet normal 8.500939e-02 8.991736e-02 9.923146e-01
    outer loop
      vertex   1.094978e+02 9.497845e+00 -3.908904e-01
      vertex   1.103963e+02 9.550981e+00 -4.726759e-01
      vertex   1.099618e+02 9.961793e+00 -4.726759e-01
    endloop
  endfacet
  facet normal 8.991736e-02 8.500939e-02 9.923146e-01
    outer loop
      vertex   1.094978e+02 9.497845e+00 -3.908904e-01
      vertex   1.099618e+02 9.961793e+00 -4.726759e-01
      vertex   1.090617e+02 9.959118e+00 -3.908904e-01
    endloop
  endfacet
  facet normal 8.991736e-02 8.500939e-02 9.923146e-01
    outer loop
      vertex   1.090617e+02 9.959118e+00 -3.908904e-01
      vertex   1.099618e+02 9.961793e+00 -4.726759e-01
      vertex   1.095510e+02 1.039632e+01 -4.726759e-01
    endloop
  endfacet
  facet normal 9.454241e-02 7.983394e-02 9.923146e-01
    outer loop
      vertex   1.090617e+02 9.959118e+00 -3.908904e-01
      vertex   1.095510e+02 1.039632e+01 -4.726759e-01
      vertex   1.086522e+02 1.044412e+01 -3.908904e-01
    endloop
  endfacet
  facet normal 9.454241e-02 7.983394e-02 9.923146e-01
    outer loop
      vertex   1.086522e+02 1.044412e+01 -3.908904e-01
      vertex   1.095510e+02 1.039632e+01 -4.726759e-01
      vertex   1.091652e+02 1.085320e+01 -4.726759e-01
    endloop
  endfacet
  facet normal 9.887001e-02 7.440732e-02 9.923146e-01
    outer loop
      vertex   1.086522e+02 1.044412e+01 -3.908904e-01
      vertex   1.091652e+02 1.085320e+01 -4.726759e-01
      vertex   1.082705e+02 1.095132e+01 -3.908904e-01
    endloop
  endfacet
  facet normal 9.887001e-02 7.440732e-02 9.923146e-01
    outer loop
      vertex   1.082705e+02 1.095132e+01 -3.908904e-01
      vertex   1.091652e+02 1.085320e+01 -4.726759e-01
      vertex   1.088056e+02 1.133100e+01 -4.726759e-01
    endloop
  endfacet
  facet normal 1.028865e-01 6.874657e-02 9.923146e-01
    outer loop
      vertex   1.082705e+02 1.095132e+01 -3.908904e-01
      vertex   1.088056e+02 1.133100e+01 -4.726759e-01
      vertex   1.079178e+02 1.147912e+01 -3.908904e-01
    endloop
  endfacet
  facet normal 1.028865e-01 6.874657e-02 9.923146e-01
    outer loop
      vertex   1.079178e+02 1.147912e+01 -3.908904e-01
      vertex   1.088056e+02 1.133100e+01 -4.726759e-01
      vertex   1.084734e+02 1.182820e+01 -4.726759e-01
    endloop
  endfacet
  facet normal 1.065793e-01 6.286953e-02 9.923146e-01
    outer loop
      vertex   1.079178e+02 1.147912e+01 -3.908904e-01
      vertex   1.084734e+02 1.182820e+01 -4.726759e-01
      vertex   1.075953e+02 1.202587e+01 -3.908904e-01
    endloop
  endfacet
  facet normal 1.065793e-01 6.286953e-02 9.923146e-01
    outer loop
      vertex   1.075953e+02 1.202587e+01 -3.908904e-01
      vertex   1.084734e+02 1.182820e+01 -4.726759e-01
      vertex   1.081696e+02 1.234325e+01 -4.726759e-01
    endloop
  endfacet
  facet normal 1.099368e-01 5.679467e-02 9.923146e-01
    outer loop
      vertex   1.075953e+02 1.202587e+01 -3.908904e-01
      vertex   1.081696e+02 1.234325e+01 -4.726759e-01
      vertex   1.073040e+02 1.258984e+01 -3.908904e-01
    endloop
  endfacet
  facet normal 1.099368e-01 5.679467e-02 9.923146e-01
    outer loop
      vertex   1.073040e+02 1.258984e+01 -3.908904e-01
      vertex   1.081696e+02 1.234325e+01 -4.726759e-01
      vertex   1.078951e+02 1.287452e+01 -4.726759e-01
    endloop
  endfacet
  facet normal 1.129483e-01 5.054112e-02 9.923146e-01
    outer loop
      vertex   1.073040e+02 1.258984e+01 -3.908904e-01
      vertex   1.078951e+02 1.287452e+01 -4.726759e-01
      vertex   1.070447e+02 1.316926e+01 -3.908904e-01
    endloop
  endfacet
  facet normal 1.129483e-01 5.054112e-02 9.923146e-01
    outer loop
      vertex   1.070447e+02 1.316926e+01 -3.908904e-01
      vertex   1.078951e+02 1.287452e+01 -4.726759e-01
      vertex   1.076509e+02 1.342035e+01 -4.726759e-01
    endloop
  endfacet
  facet normal 1.156045e-01 4.412855e-02 9.923146e-01
    outer loop
      vertex   1.070447e+02 1.316926e+01 -3.908904e-01
      vertex   1.076509e+02 1.342035e+01 -4.726759e-01
      vertex   1.068183e+02 1.376231e+01 -3.908904e-01
    endloop
  endfacet
  facet normal 1.156045e-01 4.412855e-02 9.923146e-01
    outer loop
      vertex   1.068183e+02 1.376231e+01 -3.908904e-01
      vertex   1.076509e+02 1.342035e+01 -4.726759e-01
      vertex   1.074376e+02 1.397902e+01 -4.726759e-01
    endloop
  endfacet
  facet normal 1.178969e-01 3.757713e-02 9.923146e-01
    outer loop
      vertex   1.068183e+02 1.376231e+01 -3.908904e-01
      vertex   1.074376e+02 1.397902e+01 -4.726759e-01
      vertex   1.066255e+02 1.436712e+01 -3.908904e-01
    endloop
  endfacet
  facet normal 1.178969e-01 3.757713e-02 9.923146e-01
    outer loop
      vertex   1.066255e+02 1.436712e+01 -3.908904e-01
      vertex   1.074376e+02 1.397902e+01 -4.726759e-01
      vertex   1.072560e+02 1.454876e+01 -4.726759e-01
    endloop
  endfacet
  facet normal 1.159466e-03 4.132495e-02 9.991451e-01
    outer loop
      vertex   1.175000e+02 6.839365e+00 -4.726759e-01
      vertex   1.175000e+02 7.500000e+00 -5.000000e-01
      vertex   1.169023e+02 6.856136e+00 -4.726759e-01
    endloop
  endfacet
  facet normal 1.533306e-03 4.097847e-02 9.991589e-01
    outer loop
      vertex   1.169023e+02 6.856136e+00 -4.726759e-01
      vertex   1.175000e+02 7.500000e+00 -5.000000e-01
      vertex   1.167527e+02 7.527962e+00 -5.000000e-01
    endloop
  endfacet
  facet normal 3.493215e-03 4.141383e-02 9.991360e-01
    outer loop
      vertex   1.169023e+02 6.856136e+00 -4.726759e-01
      vertex   1.167527e+02 7.527962e+00 -5.000000e-01
      vertex   1.163064e+02 6.906397e+00 -4.726759e-01
    endloop
  endfacet
  facet normal 4.578547e-03 4.063572e-02 9.991635e-01
    outer loop
      vertex   1.163064e+02 6.906397e+00 -4.726759e-01
      vertex   1.167527e+02 7.527962e+00 -5.000000e-01
      vertex   1.160096e+02 7.611692e+00 -5.000000e-01
    endloop
  endfacet
  facet normal 5.809811e-03 4.115281e-02 9.991360e-01
    outer loop
      vertex   1.163064e+02 6.906397e+00 -4.726759e-01
      vertex   1.160096e+02 7.611692e+00 -5.000000e-01
      vertex   1.157143e+02 6.989989e+00 -4.726759e-01
    endloop
  endfacet
  facet normal 7.623704e-03 4.029224e-02 9.991589e-01
    outer loop
      vertex   1.157143e+02 6.989989e+00 -4.726759e-01
      vertex   1.160096e+02 7.611692e+00 -5.000000e-01
      vertex   1.152748e+02 7.750721e+00 -5.000000e-01
    endloop
  endfacet
  facet normal 8.065270e-03 4.054685e-02 9.991451e-01
    outer loop
      vertex   1.157143e+02 6.989989e+00 -4.726759e-01
      vertex   1.152748e+02 7.750721e+00 -5.000000e-01
      vertex   1.151278e+02 7.106650e+00 -4.726759e-01
    endloop
  endfacet
  facet normal 1.032606e-02 4.003084e-02 9.991451e-01
    outer loop
      vertex   1.151278e+02 7.106650e+00 -4.726759e-01
      vertex   1.152748e+02 7.750721e+00 -5.000000e-01
      vertex   1.145488e+02 7.256011e+00 -4.726759e-01
    endloop
  endfacet
  facet normal 1.061343e-02 3.960986e-02 9.991589e-01
    outer loop
      vertex   1.152748e+02 7.750721e+00 -5.000000e-01
      vertex   1.145524e+02 7.944272e+00 -5.000000e-01
      vertex   1.145488e+02 7.256011e+00 -4.726759e-01
    endloop
  endfacet
  facet normal 1.262108e-02 3.959819e-02 9.991360e-01
    outer loop
      vertex   1.145488e+02 7.256011e+00 -4.726759e-01
      vertex   1.145524e+02 7.944272e+00 -5.000000e-01
      vertex   1.139790e+02 7.437605e+00 -4.726759e-01
    endloop
  endfacet
  facet normal 1.350605e-02 3.859808e-02 9.991635e-01
    outer loop
      vertex   1.145524e+02 7.944272e+00 -5.000000e-01
      vertex   1.138466e+02 8.191263e+00 -5.000000e-01
      vertex   1.139790e+02 7.437605e+00 -4.726759e-01
    endloop
  endfacet
  facet normal 1.482151e-02 3.882822e-02 9.991360e-01
    outer loop
      vertex   1.139790e+02 7.437605e+00 -4.726759e-01
      vertex   1.138466e+02 8.191263e+00 -5.000000e-01
      vertex   1.134204e+02 7.650858e+00 -4.726759e-01
    endloop
  endfacet
  facet normal 1.639843e-02 3.758560e-02 9.991589e-01
    outer loop
      vertex   1.138466e+02 8.191263e+00 -5.000000e-01
      vertex   1.131612e+02 8.490311e+00 -5.000000e-01
      vertex   1.134204e+02 7.650858e+00 -4.726759e-01
    endloop
  endfacet
  facet normal 1.688558e-02 3.773556e-02 9.991451e-01
    outer loop
      vertex   1.134204e+02 7.650858e+00 -4.726759e-01
      vertex   1.131612e+02 8.490311e+00 -5.000000e-01
      vertex   1.128745e+02 7.895100e+00 -4.726759e-01
    endloop
  endfacet
  facet normal 1.897487e-02 3.672942e-02 9.991451e-01
    outer loop
      vertex   1.128745e+02 7.895100e+00 -4.726759e-01
      vertex   1.131612e+02 8.490311e+00 -5.000000e-01
      vertex   1.123432e+02 8.169563e+00 -4.726759e-01
    endloop
  endfacet
  facet normal 1.916135e-02 3.625505e-02 9.991589e-01
    outer loop
      vertex   1.123432e+02 8.169563e+00 -4.726759e-01
      vertex   1.131612e+02 8.490311e+00 -5.000000e-01
      vertex   1.125000e+02 8.839746e+00 -5.000000e-01
    endloop
  endfacet
  facet normal 2.111607e-02 3.579692e-02 9.991360e-01
    outer loop
      vertex   1.123432e+02 8.169563e+00 -4.726759e-01
      vertex   1.125000e+02 8.839746e+00 -5.000000e-01
      vertex   1.118282e+02 8.473383e+00 -4.726759e-01
    endloop
  endfacet
  facet normal 2.175631e-02 3.462497e-02 9.991635e-01
    outer loop
      vertex   1.118282e+02 8.473383e+00 -4.726759e-01
      vertex   1.125000e+02 8.839746e+00 -5.000000e-01
      vertex   1.118668e+02 9.237612e+00 -5.000000e-01
    endloop
  endfacet
  facet normal 2.309000e-02 3.455662e-02 9.991360e-01
    outer loop
      vertex   1.118282e+02 8.473383e+00 -4.726759e-01
      vertex   1.118668e+02 9.237612e+00 -5.000000e-01
      vertex   1.113310e+02 8.805603e+00 -4.726759e-01
    endloop
  endfacet
  facet normal 2.435087e-02 3.299426e-02 9.991589e-01
    outer loop
      vertex   1.113310e+02 8.805603e+00 -4.726759e-01
      vertex   1.118668e+02 9.237612e+00 -5.000000e-01
      vertex   1.112651e+02 9.681685e+00 -5.000000e-01
    endloop
  endfacet
  facet normal 2.485918e-02 3.303206e-02 9.991451e-01
    outer loop
      vertex   1.113310e+02 8.805603e+00 -4.726759e-01
      vertex   1.112651e+02 9.681685e+00 -5.000000e-01
      vertex   1.108532e+02 9.165180e+00 -4.726759e-01
    endloop
  endfacet
  facet normal 2.667219e-02 3.158623e-02 9.991451e-01
    outer loop
      vertex   1.108532e+02 9.165180e+00 -4.726759e-01
      vertex   1.112651e+02 9.681685e+00 -5.000000e-01
      vertex   1.103963e+02 9.550981e+00 -4.726759e-01
    endloop
  endfacet
  facet normal 2.674844e-02 3.108226e-02 9.991589e-01
    outer loop
      vertex   1.112651e+02 9.681685e+00 -5.000000e-01
      vertex   1.106983e+02 1.016948e+01 -5.000000e-01
      vertex   1.103963e+02 9.550981e+00 -4.726759e-01
    endloop
  endfacet
  facet normal 2.855221e-02 3.020065e-02 9.991360e-01
    outer loop
      vertex   1.103963e+02 9.550981e+00 -4.726759e-01
      vertex   1.106983e+02 1.016948e+01 -5.000000e-01
      vertex   1.099618e+02 9.961793e+00 -4.726759e-01
    endloop
  endfacet
  facet normal 2.891561e-02 2.891561e-02 9.991635e-01
    outer loop
      vertex   1.106983e+02 1.016948e+01 -5.000000e-01
      vertex   1.101695e+02 1.069827e+01 -5.000000e-01
      vertex   1.099618e+02 9.961793e+00 -4.726759e-01
    endloop
  endfacet
  facet normal 3.020065e-02 2.855221e-02 9.991360e-01
    outer loop
      vertex   1.099618e+02 9.961793e+00 -4.726759e-01
      vertex   1.101695e+02 1.069827e+01 -5.000000e-01
      vertex   1.095510e+02 1.039632e+01 -4.726759e-01
    endloop
  endfacet
  facet normal 3.108226e-02 2.674844e-02 9.991589e-01
    outer loop
      vertex   1.101695e+02 1.069827e+01 -5.000000e-01
      vertex   1.096817e+02 1.126510e+01 -5.000000e-01
      vertex   1.095510e+02 1.039632e+01 -4.726759e-01
    endloop
  endfacet
  facet normal 3.158623e-02 2.667219e-02 9.991451e-01
    outer loop
      vertex   1.095510e+02 1.039632e+01 -4.726759e-01
      vertex   1.096817e+02 1.126510e+01 -5.000000e-01
      vertex   1.091652e+02 1.085320e+01 -4.726759e-01
    endloop
  endfacet
  facet normal 3.303206e-02 2.485918e-02 9.991451e-01
    outer loop
      vertex   1.091652e+02 1.085320e+01 -4.726759e-01
      vertex   1.096817e+02 1.126510e+01 -5.000000e-01
      vertex   1.088056e+02 1.133100e+01 -4.726759e-01
    endloop
  endfacet
  facet normal 3.299426e-02 2.435087e-02 9.991589e-01
    outer loop
      vertex   1.088056e+02 1.133100e+01 -4.726759e-01
      vertex   1.096817e+02 1.126510e+01 -5.000000e-01
      vertex   1.092376e+02 1.186680e+01 -5.000000e-01
    endloop
  endfacet
  facet normal 3.455662e-02 2.309000e-02 9.991360e-01
    outer loop
      vertex   1.088056e+02 1.133100e+01 -4.726759e-01
      vertex   1.092376e+02 1.186680e+01 -5.000000e-01
      vertex   1.084734e+02 1.182820e+01 -4.726759e-01
    endloop
  endfacet
  facet normal 3.462497e-02 2.175631e-02 9.991635e-01
    outer loop
      vertex   1.084734e+02 1.182820e+01 -4.726759e-01
      vertex   1.092376e+02 1.186680e+01 -5.000000e-01
      vertex   1.088397e+02 1.250000e+01 -5.000000e-01
    endloop
  endfacet
  facet normal 3.579692e-02 2.111607e-02 9.991360e-01
    outer loop
      vertex   1.084734e+02 1.182820e+01 -4.726759e-01
      vertex   1.088397e+02 1.250000e+01 -5.000000e-01
      vertex   1.081696e+02 1.234325e+01 -4.726759e-01
    endloop
  endfacet
  facet normal 3.625505e-02 1.916135e-02 9.991589e-01
    outer loop
      vertex   1.081696e+02 1.234325e+01 -4.726759e-01
      vertex   1.088397e+02 1.250000e+01 -5.000000e-01
      vertex   1.084903e+02 1.316116e+01 -5.000000e-01
    endloop
  endfacet
  facet normal 3.672942e-02 1.897487e-02 9.991451e-01
    outer loop
      vertex   1.081696e+02 1.234325e+01 -4.726759e-01
      vertex   1.084903e+02 1.316116e+01 -5.000000e-01
      vertex   1.078951e+02 1.287452e+01 -4.726759e-01
    endloop
  endfacet
  facet normal 3.773556e-02 1.688558e-02 9.991451e-01
    outer loop
      vertex   1.078951e+02 1.287452e+01 -4.726759e-01
      vertex   1.084903e+02 1.316116e+01 -5.000000e-01
      vertex   1.076509e+02 1.342035e+01 -4.726759e-01
    endloop
  endfacet
  facet normal 3.758560e-02 1.639843e-02 9.991589e-01
    outer loop
      vertex   1.084903e+02 1.316116e+01 -5.000000e-01
      vertex   1.081913e+02 1.384659e+01 -5.000000e-01
      vertex   1.076509e+02 1.342035e+01 -4.726759e-01
    endloop
  endfacet
  facet normal 3.882822e-02 1.482151e-02 9.991360e-01
    outer loop
      vertex   1.076509e+02 1.342035e+01 -4.726759e-01
      vertex   1.081913e+02 1.384659e+01 -5.000000e-01
      vertex   1.074376e+02 1.397902e+01 -4.726759e-01
    endloop
  endfacet
  facet normal 3.859808e-02 1.350605e-02 9.991635e-01
    outer loop
      vertex   1.081913e+02 1.384659e+01 -5.000000e-01
      vertex   1.079443e+02 1.455245e+01 -5.000000e-01
      vertex   1.074376e+02 1.397902e+01 -4.726759e-01
    endloop
  endfacet
  facet normal 3.959819e-02 1.262108e-02 9.991360e-01
    outer loop
      vertex   1.074376e+02 1.397902e+01 -4.726759e-01
      vertex   1.079443e+02 1.455245e+01 -5.000000e-01
      vertex   1.072560e+02 1.454876e+01 -4.726759e-01
    endloop
  endfacet
  facet normal 3.960986e-02 1.061343e-02 9.991589e-01
    outer loop
      vertex   1.079443e+02 1.455245e+01 -5.000000e-01
      vertex   1.077507e+02 1.527479e+01 -5.000000e-01
      vertex   1.072560e+02 1.454876e+01 -4.726759e-01
    endloop
  endfacet
  facet normal 1.213629e-01 2.414059e-02 9.923146e-01
    outer loop
      vertex   1.064670e+02 1.498178e+01 -3.908904e-01
      vertex   1.071066e+02 1.512779e+01 -4.726759e-01
      vertex   1.063431e+02 1.560437e+01 -3.908904e-01
    endloop
  endfacet
  facet normal 1.213629e-01 2.414059e-02 9.923146e-01
    outer loop
      vertex   1.063431e+02 1.560437e+01 -3.908904e-01
      vertex   1.071066e+02 1.512779e+01 -4.726759e-01
      vertex   1.069900e+02 1.571428e+01 -4.726759e-01
    endloop
  endfacet
  facet normal 1.225256e-01 1.729774e-02 9.923146e-01
    outer loop
      vertex   1.063431e+02 1.560437e+01 -3.908904e-01
      vertex   1.069900e+02 1.571428e+01 -4.726759e-01
      vertex   1.062544e+02 1.623293e+01 -3.908904e-01
    endloop
  endfacet
  facet normal 1.225256e-01 1.729774e-02 9.923146e-01
    outer loop
      vertex   1.062544e+02 1.623293e+01 -3.908904e-01
      vertex   1.069900e+02 1.571428e+01 -4.726759e-01
      vertex   1.069064e+02 1.630639e+01 -4.726759e-01
    endloop
  endfacet
  facet normal 1.233027e-01 1.040046e-02 9.923146e-01
    outer loop
      vertex   1.062544e+02 1.623293e+01 -3.908904e-01
      vertex   1.069064e+02 1.630639e+01 -4.726759e-01
      vertex   1.062010e+02 1.686546e+01 -3.908904e-01
    endloop
  endfacet
  facet normal 1.233027e-01 1.040046e-02 9.923146e-01
    outer loop
      vertex   1.062010e+02 1.686546e+01 -3.908904e-01
      vertex   1.069064e+02 1.630639e+01 -4.726759e-01
      vertex   1.068561e+02 1.690225e+01 -4.726759e-01
    endloop
  endfacet
  facet normal 2.013481e-01 4.005062e-02 9.787006e-01
    outer loop
      vertex   1.058361e+02 1.483779e+01 -2.552021e-01
      vertex   1.064670e+02 1.498178e+01 -3.908904e-01
      vertex   1.057052e+02 1.549597e+01 -2.552021e-01
    endloop
  endfacet
  facet normal 2.013481e-01 4.005062e-02 9.787006e-01
    outer loop
      vertex   1.057052e+02 1.549597e+01 -2.552021e-01
      vertex   1.064670e+02 1.498178e+01 -3.908904e-01
      vertex   1.063431e+02 1.560437e+01 -3.908904e-01
    endloop
  endfacet
  facet normal 2.032770e-01 2.869794e-02 9.787006e-01
    outer loop
      vertex   1.057052e+02 1.549597e+01 -2.552021e-01
      vertex   1.063431e+02 1.560437e+01 -3.908904e-01
      vertex   1.056113e+02 1.616047e+01 -2.552021e-01
    endloop
  endfacet
  facet normal 2.032770e-01 2.869794e-02 9.787006e-01
    outer loop
      vertex   1.056113e+02 1.616047e+01 -2.552021e-01
      vertex   1.063431e+02 1.560437e+01 -3.908904e-01
      vertex   1.062544e+02 1.623293e+01 -3.908904e-01
    endloop
  endfacet
  facet normal 2.045663e-01 1.725496e-02 9.787006e-01
    outer loop
      vertex   1.056113e+02 1.616047e+01 -2.552021e-01
      vertex   1.062544e+02 1.623293e+01 -3.908904e-01
      vertex   1.055549e+02 1.682918e+01 -2.552021e-01
    endloop
  endfacet
  facet normal 2.045663e-01 1.725496e-02 9.787006e-01
    outer loop
      vertex   1.055549e+02 1.682918e+01 -2.552021e-01
      vertex   1.062544e+02 1.623293e+01 -3.908904e-01
      vertex   1.062010e+02 1.686546e+01 -3.908904e-01
    endloop
  endfacet
  facet normal 2.799547e-01 5.568646e-02 9.583968e-01
    outer loop
      vertex   1.052183e+02 1.469677e+01 -6.653793e-02
      vertex   1.058361e+02 1.483779e+01 -2.552021e-01
      vertex   1.050804e+02 1.538982e+01 -6.653793e-02
    endloop
  endfacet
  facet normal 2.799547e-01 5.568646e-02 9.583968e-01
    outer loop
      vertex   1.050804e+02 1.538982e+01 -6.653793e-02
      vertex   1.058361e+02 1.483779e+01 -2.552021e-01
      vertex   1.057052e+02 1.549597e+01 -2.552021e-01
    endloop
  endfacet
  facet normal 2.826367e-01 3.990167e-02 9.583968e-01
    outer loop
      vertex   1.050804e+02 1.538982e+01 -6.653793e-02
      vertex   1.057052e+02 1.549597e+01 -2.552021e-01
      vertex   1.049816e+02 1.608952e+01 -6.653793e-02
    endloop
  endfacet
  facet normal 2.826367e-01 3.990167e-02 9.583968e-01
    outer loop
      vertex   1.049816e+02 1.608952e+01 -6.653793e-02
      vertex   1.057052e+02 1.549597e+01 -2.552021e-01
      vertex   1.056113e+02 1.616047e+01 -2.552021e-01
    endloop
  endfacet
  facet normal 2.844293e-01 2.399133e-02 9.583968e-01
    outer loop
      vertex   1.049816e+02 1.608952e+01 -6.653793e-02
      vertex   1.056113e+02 1.616047e+01 -2.552021e-01
      vertex   1.049222e+02 1.679365e+01 -6.653793e-02
    endloop
  endfacet
  facet normal 2.844293e-01 2.399133e-02 9.583968e-01
    outer loop
      vertex   1.049222e+02 1.679365e+01 -6.653793e-02
      vertex   1.056113e+02 1.616047e+01 -2.552021e-01
      vertex   1.055549e+02 1.682918e+01 -2.552021e-01
    endloop
  endfacet
  facet normal 3.566450e-01 7.094111e-02 9.315426e-01
    outer loop
      vertex   1.046177e+02 1.455971e+01 1.738134e-01
      vertex   1.052183e+02 1.469677e+01 -6.653793e-02
      vertex   1.044731e+02 1.528665e+01 1.738134e-01
    endloop
  endfacet
  facet normal 3.566450e-01 7.094111e-02 9.315426e-01
    outer loop
      vertex   1.044731e+02 1.528665e+01 1.738134e-01
      vertex   1.052183e+02 1.469677e+01 -6.653793e-02
      vertex   1.050804e+02 1.538982e+01 -6.653793e-02
    endloop
  endfacet
  facet normal 3.600617e-01 5.083226e-02 9.315426e-01
    outer loop
      vertex   1.044731e+02 1.528665e+01 1.738134e-01
      vertex   1.050804e+02 1.538982e+01 -6.653793e-02
      vertex   1.043695e+02 1.602055e+01 1.738134e-01
    endloop
  endfacet
  facet normal 3.600617e-01 5.083226e-02 9.315426e-01
    outer loop
      vertex   1.043695e+02 1.602055e+01 1.738134e-01
      vertex   1.050804e+02 1.538982e+01 -6.653793e-02
      vertex   1.049816e+02 1.608952e+01 -6.653793e-02
    endloop
  endfacet
  facet normal 3.623454e-01 3.056347e-02 9.315426e-01
    outer loop
      vertex   1.043695e+02 1.602055e+01 1.738134e-01
      vertex   1.049816e+02 1.608952e+01 -6.653793e-02
      vertex   1.043072e+02 1.675911e+01 1.738134e-01
    endloop
  endfacet
  facet normal 3.623454e-01 3.056347e-02 9.315426e-01
    outer loop
      vertex   1.043072e+02 1.675911e+01 1.738134e-01
      vertex   1.049816e+02 1.608952e+01 -6.653793e-02
      vertex   1.049222e+02 1.679365e+01 -6.653793e-02
    endloop
  endfacet
  facet normal 4.308944e-01 8.571022e-02 8.983228e-01
    outer loop
      vertex   1.040386e+02 1.442752e+01 4.642100e-01
      vertex   1.046177e+02 1.455971e+01 1.738134e-01
      vertex   1.038875e+02 1.518714e+01 4.642100e-01
    endloop
  endfacet
  facet normal 4.308944e-01 8.571022e-02 8.983228e-01
    outer loop
      vertex   1.038875e+02 1.518714e+01 4.642100e-01
      vertex   1.046177e+02 1.455971e+01 1.738134e-01
      vertex   1.044731e+02 1.528665e+01 1.738134e-01
    endloop
  endfacet
  facet normal 4.350223e-01 6.141494e-02 8.983228e-01
    outer loop
      vertex   1.038875e+02 1.518714e+01 4.642100e-01
      vertex   1.044731e+02 1.528665e+01 1.738134e-01
      vertex   1.037792e+02 1.595404e+01 4.642100e-01
    endloop
  endfacet
  facet normal 4.350223e-01 6.141494e-02 8.983228e-01
    outer loop
      vertex   1.037792e+02 1.595404e+01 4.642100e-01
      vertex   1.044731e+02 1.528665e+01 1.738134e-01
      vertex   1.043695e+02 1.602055e+01 1.738134e-01
    endloop
  endfacet
  facet normal 4.377815e-01 3.692643e-02 8.983228e-01
    outer loop
      vertex   1.037792e+02 1.595404e+01 4.642100e-01
      vertex   1.043695e+02 1.602055e+01 1.738134e-01
      vertex   1.037141e+02 1.672580e+01 4.642100e-01
    endloop
  endfacet
  facet normal 4.377815e-01 3.692643e-02 8.983228e-01
    outer loop
      vertex   1.037141e+02 1.672580e+01 4.642100e-01
      vertex   1.043695e+02 1.602055e+01 1.738134e-01
      vertex   1.043072e+02 1.675911e+01 1.738134e-01
    endloop
  endfacet
  facet normal 5.021951e-01 9.989282e-02 8.589654e-01
    outer loop
      vertex   1.034848e+02 1.430113e+01 8.026682e-01
      vertex   1.040386e+02 1.442752e+01 4.642100e-01
      vertex   1.033275e+02 1.509200e+01 8.026682e-01
    endloop
  endfacet
  facet normal 5.021951e-01 9.989282e-02 8.589654e-01
    outer loop
      vertex   1.033275e+02 1.509200e+01 8.026682e-01
      vertex   1.040386e+02 1.442752e+01 4.642100e-01
      vertex   1.038875e+02 1.518714e+01 4.642100e-01
    endloop
  endfacet
  facet normal 5.070061e-01 7.157736e-02 8.589654e-01
    outer loop
      vertex   1.033275e+02 1.509200e+01 8.026682e-01
      vertex   1.038875e+02 1.518714e+01 4.642100e-01
      vertex   1.032148e+02 1.589045e+01 8.026682e-01
    endloop
  endfacet
  facet normal 5.070061e-01 7.157736e-02 8.589654e-01
    outer loop
      vertex   1.032148e+02 1.589045e+01 8.026682e-01
      vertex   1.038875e+02 1.518714e+01 4.642100e-01
      vertex   1.037792e+02 1.595404e+01 4.642100e-01
    endloop
  endfacet
  facet normal 5.102219e-01 4.303670e-02 8.589654e-01
    outer loop
      vertex   1.032148e+02 1.589045e+01 8.026682e-01
      vertex   1.037792e+02 1.595404e+01 4.642100e-01
      vertex   1.031470e+02 1.669395e+01 8.026682e-01
    endloop
  endfacet
  facet normal 5.102219e-01 4.303670e-02 8.589654e-01
    outer loop
      vertex   1.031470e+02 1.669395e+01 8.026682e-01
      vertex   1.037792e+02 1.595404e+01 4.642100e-01
      vertex   1.037141e+02 1.672580e+01 4.642100e-01
    endloop
  endfacet
  facet normal 5.700601e-01 1.133920e-01 8.137406e-01
    outer loop
      vertex   1.029602e+02 1.418139e+01 1.186876e+00
      vertex   1.034848e+02 1.430113e+01 8.026682e-01
      vertex   1.027970e+02 1.500186e+01 1.186876e+00
    endloop
  endfacet
  facet normal 5.700601e-01 1.133920e-01 8.137406e-01
    outer loop
      vertex   1.027970e+02 1.500186e+01 1.186876e+00
      vertex   1.034848e+02 1.430113e+01 8.026682e-01
      vertex   1.033275e+02 1.509200e+01 8.026682e-01
    endloop
  endfacet
  facet normal 5.755212e-01 8.125009e-02 8.137406e-01
    outer loop
      vertex   1.027970e+02 1.500186e+01 1.186876e+00
      vertex   1.033275e+02 1.509200e+01 8.026682e-01
      vertex   1.026801e+02 1.583020e+01 1.186876e+00
    endloop
  endfacet
  facet normal 5.755212e-01 8.125009e-02 8.137406e-01
    outer loop
      vertex   1.026801e+02 1.583020e+01 1.186876e+00
      vertex   1.033275e+02 1.509200e+01 8.026682e-01
      vertex   1.032148e+02 1.589045e+01 8.026682e-01
    endloop
  endfacet
  facet normal 5.791716e-01 4.885254e-02 8.137406e-01
    outer loop
      vertex   1.026801e+02 1.583020e+01 1.186876e+00
      vertex   1.032148e+02 1.589045e+01 8.026682e-01
      vertex   1.026098e+02 1.666378e+01 1.186876e+00
    endloop
  endfacet
  facet normal 5.791716e-01 4.885254e-02 8.137406e-01
    outer loop
      vertex   1.026098e+02 1.666378e+01 1.186876e+00
      vertex   1.032148e+02 1.589045e+01 8.026682e-01
      vertex   1.031470e+02 1.669395e+01 8.026682e-01
    endloop
  endfacet
  facet normal 6.340260e-01 1.261156e-01 7.629586e-01
    outer loop
      vertex   1.024683e+02 1.406912e+01 1.614209e+00
      vertex   1.029602e+02 1.418139e+01 1.186876e+00
      vertex   1.022996e+02 1.491735e+01 1.614209e+00
    endloop
  endfacet
  facet normal 6.340260e-01 1.261156e-01 7.629586e-01
    outer loop
      vertex   1.022996e+02 1.491735e+01 1.614209e+00
      vertex   1.029602e+02 1.418139e+01 1.186876e+00
      vertex   1.027970e+02 1.500186e+01 1.186876e+00
    endloop
  endfacet
  facet normal 6.400999e-01 9.036709e-02 7.629586e-01
    outer loop
      vertex   1.022996e+02 1.491735e+01 1.614209e+00
      vertex   1.027970e+02 1.500186e+01 1.186876e+00
      vertex   1.021787e+02 1.577370e+01 1.614209e+00
    endloop
  endfacet
  facet normal 6.400999e-01 9.036709e-02 7.629586e-01
    outer loop
      vertex   1.021787e+02 1.577370e+01 1.614209e+00
      vertex   1.027970e+02 1.500186e+01 1.186876e+00
      vertex   1.026801e+02 1.583020e+01 1.186876e+00
    endloop
  endfacet
  facet normal 6.441598e-01 5.433424e-02 7.629586e-01
    outer loop
      vertex   1.021787e+02 1.577370e+01 1.614209e+00
      vertex   1.026801e+02 1.583020e+01 1.186876e+00
      vertex   1.021060e+02 1.663549e+01 1.614209e+00
    endloop
  endfacet
  facet normal 6.441598e-01 5.433424e-02 7.629586e-01
    outer loop
      vertex   1.021060e+02 1.663549e+01 1.614209e+00
      vertex   1.026801e+02 1.583020e+01 1.186876e+00
      vertex   1.026098e+02 1.666378e+01 1.186876e+00
    endloop
  endfacet
  facet normal 6.936563e-01 1.379768e-01 7.069677e-01
    outer loop
      vertex   1.020125e+02 1.396508e+01 2.081747e+00
      vertex   1.024683e+02 1.406912e+01 1.614209e+00
      vertex   1.018387e+02 1.483903e+01 2.081747e+00
    endloop
  endfacet
  facet normal 6.936563e-01 1.379768e-01 7.069677e-01
    outer loop
      vertex   1.018387e+02 1.483903e+01 2.081747e+00
      vertex   1.024683e+02 1.406912e+01 1.614209e+00
      vertex   1.022996e+02 1.491735e+01 1.614209e+00
    endloop
  endfacet
  facet normal 7.003015e-01 9.886614e-02 7.069677e-01
    outer loop
      vertex   1.018387e+02 1.483903e+01 2.081747e+00
      vertex   1.022996e+02 1.491735e+01 1.614209e+00
      vertex   1.017141e+02 1.572136e+01 2.081747e+00
    endloop
  endfacet
  facet normal 7.003015e-01 9.886614e-02 7.069677e-01
    outer loop
      vertex   1.017141e+02 1.572136e+01 2.081747e+00
      vertex   1.022996e+02 1.491735e+01 1.614209e+00
      vertex   1.021787e+02 1.577370e+01 1.614209e+00
    endloop
  endfacet
  facet normal 7.047433e-01 5.944439e-02 7.069677e-01
    outer loop
      vertex   1.017141e+02 1.572136e+01 2.081747e+00
      vertex   1.021787e+02 1.577370e+01 1.614209e+00
      vertex   1.016392e+02 1.660928e+01 2.081747e+00
    endloop
  endfacet
  facet normal 7.047433e-01 5.944439e-02 7.069677e-01
    outer loop
      vertex   1.016392e+02 1.660928e+01 2.081747e+00
      vertex   1.021787e+02 1.577370e+01 1.614209e+00
      vertex   1.021060e+02 1.663549e+01 1.614209e+00
    endloop
  endfacet
  facet normal 7.485446e-01 1.488948e-01 6.461512e-01
    outer loop
      vertex   1.015959e+02 1.386999e+01 2.586298e+00
      vertex   1.020125e+02 1.396508e+01 2.081747e+00
      vertex   1.014174e+02 1.476745e+01 2.586298e+00
    endloop
  endfacet
  facet normal 7.485446e-01 1.488948e-01 6.461512e-01
    outer loop
      vertex   1.014174e+02 1.476745e+01 2.586298e+00
      vertex   1.020125e+02 1.396508e+01 2.081747e+00
      vertex   1.018387e+02 1.483903e+01 2.081747e+00
    endloop
  endfacet
  facet normal 7.557156e-01 1.066893e-01 6.461512e-01
    outer loop
      vertex   1.014174e+02 1.476745e+01 2.586298e+00
      vertex   1.018387e+02 1.483903e+01 2.081747e+00
      vertex   1.012894e+02 1.567351e+01 2.586298e+00
    endloop
  endfacet
  facet normal 7.557156e-01 1.066893e-01 6.461512e-01
    outer loop
      vertex   1.012894e+02 1.567351e+01 2.586298e+00
      vertex   1.018387e+02 1.483903e+01 2.081747e+00
      vertex   1.017141e+02 1.572136e+01 2.081747e+00
    endloop
  endfacet
  facet normal 7.605088e-01 6.414816e-02 6.461512e-01
    outer loop
      vertex   1.012894e+02 1.567351e+01 2.586298e+00
      vertex   1.017141e+02 1.572136e+01 2.081747e+00
      vertex   1.012125e+02 1.658532e+01 2.586298e+00
    endloop
  endfacet
  facet normal 7.605088e-01 6.414816e-02 6.461512e-01
    outer loop
      vertex   1.012125e+02 1.658532e+01 2.586298e+00
      vertex   1.017141e+02 1.572136e+01 2.081747e+00
      vertex   1.016392e+02 1.660928e+01 2.081747e+00
    endloop
  endfacet
  facet normal 7.983169e-01 1.587951e-01 5.809254e-01
    outer loop
      vertex   1.012213e+02 1.378449e+01 3.124415e+00
      vertex   1.015959e+02 1.386999e+01 2.586298e+00
      vertex   1.010386e+02 1.470309e+01 3.124415e+00
    endloop
  endfacet
  facet normal 7.983169e-01 1.587951e-01 5.809254e-01
    outer loop
      vertex   1.010386e+02 1.470309e+01 3.124415e+00
      vertex   1.015959e+02 1.386999e+01 2.586298e+00
      vertex   1.014174e+02 1.476745e+01 2.586298e+00
    endloop
  endfacet
  facet normal 8.059647e-01 1.137833e-01 5.809254e-01
    outer loop
      vertex   1.010386e+02 1.470309e+01 3.124415e+00
      vertex   1.014174e+02 1.476745e+01 2.586298e+00
      vertex   1.009077e+02 1.563049e+01 3.124415e+00
    endloop
  endfacet
  facet normal 8.059647e-01 1.137833e-01 5.809254e-01
    outer loop
      vertex   1.009077e+02 1.563049e+01 3.124415e+00
      vertex   1.014174e+02 1.476745e+01 2.586298e+00
      vertex   1.012894e+02 1.567351e+01 2.586298e+00
    endloop
  endfacet
  facet normal 8.110766e-01 6.841350e-02 5.809254e-01
    outer loop
      vertex   1.009077e+02 1.563049e+01 3.124415e+00
      vertex   1.012894e+02 1.567351e+01 2.586298e+00
      vertex   1.008289e+02 1.656377e+01 3.124415e+00
    endloop
  endfacet
  facet normal 8.110766e-01 6.841350e-02 5.809254e-01
    outer loop
      vertex   1.008289e+02 1.656377e+01 3.124415e+00
      vertex   1.012894e+02 1.567351e+01 2.586298e+00
      vertex   1.012125e+02 1.658532e+01 2.586298e+00
    endloop
  endfacet
  facet normal 8.426343e-01 1.676104e-01 5.117364e-01
    outer loop
      vertex   1.008913e+02 1.370918e+01 3.692421e+00
      vertex   1.012213e+02 1.378449e+01 3.124415e+00
      vertex   1.007049e+02 1.464640e+01 3.692421e+00
    endloop
  endfacet
  facet normal 8.426343e-01 1.676104e-01 5.117364e-01
    outer loop
      vertex   1.007049e+02 1.464640e+01 3.692421e+00
      vertex   1.012213e+02 1.378449e+01 3.124415e+00
      vertex   1.010386e+02 1.470309e+01 3.124415e+00
    endloop
  endfacet
  facet normal 8.507067e-01 1.200998e-01 5.117364e-01
    outer loop
      vertex   1.007049e+02 1.464640e+01 3.692421e+00
      vertex   1.010386e+02 1.470309e+01 3.124415e+00
      vertex   1.005713e+02 1.559260e+01 3.692421e+00
    endloop
  endfacet
  facet normal 8.507067e-01 1.200998e-01 5.117364e-01
    outer loop
      vertex   1.005713e+02 1.559260e+01 3.692421e+00
      vertex   1.010386e+02 1.470309e+01 3.124415e+00
      vertex   1.009077e+02 1.563049e+01 3.124415e+00
    endloop
  endfacet
  facet normal 8.561024e-01 7.221138e-02 5.117364e-01
    outer loop
      vertex   1.005713e+02 1.559260e+01 3.692421e+00
      vertex   1.009077e+02 1.563049e+01 3.124415e+00
      vertex   1.004910e+02 1.654480e+01 3.692421e+00
    endloop
  endfacet
  facet normal 8.561024e-01 7.221138e-02 5.117364e-01
    outer loop
      vertex   1.004910e+02 1.654480e+01 3.692421e+00
      vertex   1.009077e+02 1.563049e+01 3.124415e+00
      vertex   1.008289e+02 1.656377e+01 3.124415e+00
    endloop
  endfacet
  facet normal 8.811955e-01 1.752807e-01 4.390571e-01
    outer loop
      vertex   1.006082e+02 1.364456e+01 4.286437e+00
      vertex   1.008913e+02 1.370918e+01 3.692421e+00
      vertex   1.004186e+02 1.459776e+01 4.286437e+00
    endloop
  endfacet
  facet normal 8.811955e-01 1.752807e-01 4.390571e-01
    outer loop
      vertex   1.004186e+02 1.459776e+01 4.286437e+00
      vertex   1.008913e+02 1.370918e+01 3.692421e+00
      vertex   1.007049e+02 1.464640e+01 3.692421e+00
    endloop
  endfacet
  facet normal 8.896373e-01 1.255959e-01 4.390571e-01
    outer loop
      vertex   1.004186e+02 1.459776e+01 4.286437e+00
      vertex   1.007049e+02 1.464640e+01 3.692421e+00
      vertex   1.002828e+02 1.556008e+01 4.286437e+00
    endloop
  endfacet
  facet normal 8.896373e-01 1.255959e-01 4.390571e-01
    outer loop
      vertex   1.002828e+02 1.556008e+01 4.286437e+00
      vertex   1.007049e+02 1.464640e+01 3.692421e+00
      vertex   1.005713e+02 1.559260e+01 3.692421e+00
    endloop
  endfacet
  facet normal 8.952799e-01 7.551596e-02 4.390571e-01
    outer loop
      vertex   1.002828e+02 1.556008e+01 4.286437e+00
      vertex   1.005713e+02 1.559260e+01 3.692421e+00
      vertex   1.002011e+02 1.652851e+01 4.286437e+00
    endloop
  endfacet
  facet normal 8.952799e-01 7.551596e-02 4.390571e-01
    outer loop
      vertex   1.002011e+02 1.652851e+01 4.286437e+00
      vertex   1.005713e+02 1.559260e+01 3.692421e+00
      vertex   1.004910e+02 1.654480e+01 3.692421e+00
    endloop
  endfacet
  facet normal 9.137383e-01 1.817539e-01 3.633839e-01
    outer loop
      vertex   1.003739e+02 1.359108e+01 4.902404e+00
      vertex   1.006082e+02 1.364456e+01 4.286437e+00
      vertex   1.001817e+02 1.455750e+01 4.902404e+00
    endloop
  endfacet
  facet normal 9.137383e-01 1.817539e-01 3.633839e-01
    outer loop
      vertex   1.001817e+02 1.455750e+01 4.902404e+00
      vertex   1.006082e+02 1.364456e+01 4.286437e+00
      vertex   1.004186e+02 1.459776e+01 4.286437e+00
    endloop
  endfacet
  facet normal 9.224919e-01 1.302342e-01 3.633839e-01
    outer loop
      vertex   1.001817e+02 1.455750e+01 4.902404e+00
      vertex   1.004186e+02 1.459776e+01 4.286437e+00
      vertex   1.000439e+02 1.553317e+01 4.902404e+00
    endloop
  endfacet
  facet normal 9.224919e-01 1.302342e-01 3.633839e-01
    outer loop
      vertex   1.000439e+02 1.553317e+01 4.902404e+00
      vertex   1.004186e+02 1.459776e+01 4.286437e+00
      vertex   1.002828e+02 1.556008e+01 4.286437e+00
    endloop
  endfacet
  facet normal 9.283429e-01 7.830479e-02 3.633839e-01
    outer loop
      vertex   1.000439e+02 1.553317e+01 4.902404e+00
      vertex   1.002828e+02 1.556008e+01 4.286437e+00
      vertex   9.996110e+01 1.651504e+01 4.902404e+00
    endloop
  endfacet
  facet normal 9.283429e-01 7.830479e-02 3.633839e-01
    outer loop
      vertex   9.996110e+01 1.651504e+01 4.902404e+00
      vertex   1.002828e+02 1.556008e+01 4.286437e+00
      vertex   1.002011e+02 1.652851e+01 4.286437e+00
    endloop
  endfacet
  facet normal 9.400417e-01 1.869859e-01 2.852331e-01
    outer loop
      vertex   1.001900e+02 1.354910e+01 5.536116e+00
      vertex   1.003739e+02 1.359108e+01 4.902404e+00
      vertex   9.999566e+01 1.452589e+01 5.536116e+00
    endloop
  endfacet
  facet normal 9.400417e-01 1.869859e-01 2.852331e-01
    outer loop
      vertex   9.999566e+01 1.452589e+01 5.536116e+00
      vertex   1.003739e+02 1.359108e+01 4.902404e+00
      vertex   1.001817e+02 1.455750e+01 4.902404e+00
    endloop
  endfacet
  facet normal 9.490472e-01 1.339832e-01 2.852331e-01
    outer loop
      vertex   9.999566e+01 1.452589e+01 5.536116e+00
      vertex   1.001817e+02 1.455750e+01 4.902404e+00
      vertex   9.985644e+01 1.551205e+01 5.536116e+00
    endloop
  endfacet
  facet normal 9.490472e-01 1.339832e-01 2.852331e-01
    outer loop
      vertex   9.985644e+01 1.551205e+01 5.536116e+00
      vertex   1.001817e+02 1.455750e+01 4.902404e+00
      vertex   1.000439e+02 1.553317e+01 4.902404e+00
    endloop
  endfacet
  facet normal 9.550667e-01 8.055891e-02 2.852331e-01
    outer loop
      vertex   9.985644e+01 1.551205e+01 5.536116e+00
      vertex   1.000439e+02 1.553317e+01 4.902404e+00
      vertex   9.977273e+01 1.650446e+01 5.536116e+00
    endloop
  endfacet
  facet normal 9.550667e-01 8.055891e-02 2.852331e-01
    outer loop
      vertex   9.977273e+01 1.650446e+01 5.536116e+00
      vertex   1.000439e+02 1.553317e+01 4.902404e+00
      vertex   9.996110e+01 1.651504e+01 4.902404e+00
    endloop
  endfacet
  facet normal 9.599270e-01 1.909413e-01 2.051380e-01
    outer loop
      vertex   1.000577e+02 1.351890e+01 6.183243e+00
      vertex   1.001900e+02 1.354910e+01 5.536116e+00
      vertex   9.986189e+01 1.450316e+01 6.183243e+00
    endloop
  endfacet
  facet normal 9.599270e-01 1.909413e-01 2.051380e-01
    outer loop
      vertex   9.986189e+01 1.450316e+01 6.183243e+00
      vertex   1.001900e+02 1.354910e+01 5.536116e+00
      vertex   9.999566e+01 1.452589e+01 5.536116e+00
    endloop
  endfacet
  facet normal 9.691230e-01 1.368174e-01 2.051380e-01
    outer loop
      vertex   9.986189e+01 1.450316e+01 6.183243e+00
      vertex   9.999566e+01 1.452589e+01 5.536116e+00
      vertex   9.972160e+01 1.549686e+01 6.183243e+00
    endloop
  endfacet
  facet normal 9.691230e-01 1.368174e-01 2.051380e-01
    outer loop
      vertex   9.972160e+01 1.549686e+01 6.183243e+00
      vertex   9.999566e+01 1.452589e+01 5.536116e+00
      vertex   9.985644e+01 1.551205e+01 5.536116e+00
    endloop
  endfacet
  facet normal 9.752698e-01 8.226303e-02 2.051380e-01
    outer loop
      vertex   9.972160e+01 1.549686e+01 6.183243e+00
      vertex   9.985644e+01 1.551205e+01 5.536116e+00
      vertex   9.963726e+01 1.649685e+01 6.183243e+00
    endloop
  endfacet
  facet normal 9.752698e-01 8.226303e-02 2.051380e-01
    outer loop
      vertex   9.963726e+01 1.649685e+01 6.183243e+00
      vertex   9.985644e+01 1.551205e+01 5.536116e+00
      vertex   9.977273e+01 1.650446e+01 5.536116e+00
    endloop
  endfacet
  facet normal 9.732593e-01 1.935933e-01 1.236447e-01
    outer loop
      vertex   9.997794e+01 1.350070e+01 6.839365e+00
      vertex   1.000577e+02 1.351890e+01 6.183243e+00
      vertex   9.978126e+01 1.448946e+01 6.839365e+00
    endloop
  endfacet
  facet normal 9.732593e-01 1.935933e-01 1.236447e-01
    outer loop
      vertex   9.978126e+01 1.448946e+01 6.839365e+00
      vertex   1.000577e+02 1.351890e+01 6.183243e+00
      vertex   9.986189e+01 1.450316e+01 6.183243e+00
    endloop
  endfacet
  facet normal 9.825830e-01 1.387177e-01 1.236447e-01
    outer loop
      vertex   9.978126e+01 1.448946e+01 6.839365e+00
      vertex   9.986189e+01 1.450316e+01 6.183243e+00
      vertex   9.964033e+01 1.548770e+01 6.839365e+00
    endloop
  endfacet
  facet normal 9.825830e-01 1.387177e-01 1.236447e-01
    outer loop
      vertex   9.964033e+01 1.548770e+01 6.839365e+00
      vertex   9.986189e+01 1.450316e+01 6.183243e+00
      vertex   9.972160e+01 1.549686e+01 6.183243e+00
    endloop
  endfacet
  facet normal 9.888152e-01 8.340557e-02 1.236447e-01
    outer loop
      vertex   9.964033e+01 1.548770e+01 6.839365e+00
      vertex   9.972160e+01 1.549686e+01 6.183243e+00
      vertex   9.955560e+01 1.649226e+01 6.839365e+00
    endloop
  endfacet
  facet normal 9.888152e-01 8.340557e-02 1.236447e-01
    outer loop
      vertex   9.955560e+01 1.649226e+01 6.839365e+00
      vertex   9.972160e+01 1.549686e+01 6.183243e+00
      vertex   9.963726e+01 1.649685e+01 6.183243e+00
    endloop
  endfacet
  facet normal 1.000000e+00 -7.998717e-15 -3.315866e-14
    outer loop
      vertex   9.950000e+01 2.993649e+01 1.050000e+01
      vertex   9.950000e+01 1.750000e+01 1.050000e+01
      vertex   9.950000e+01 2.993649e+01 7.500000e+00
    endloop
  endfacet
  facet normal 1.000000e+00 0.000000e+00 0.000000e+00
    outer loop
      vertex   9.950000e+01 2.993649e+01 7.500000e+00
      vertex   9.950000e+01 1.750000e+01 1.050000e+01
      vertex   9.950000e+01 1.750000e+01 7.500000e+00
    endloop
  endfacet
  facet normal -8.483413e-15 0.000000e+00 1.000000e+00
    outer loop
      vertex   1.075000e+02 2.993649e+01 -5.000000e-01
      vertex   1.075000e+02 1.750000e+01 -5.000000e-01
      vertex   1.200635e+02 2.993649e+01 -5.000000e-01
    endloop
  endfacet
  facet normal -3.573074e-15 -4.960489e-15 1.000000e+00
    outer loop
      vertex   1.200635e+02 2.993649e+01 -5.000000e-01
      vertex   1.075000e+02 1.750000e+01 -5.000000e-01
      vertex   1.124214e+02 1.395511e+01 -5.000000e-01
    endloop
  endfacet
  facet normal -1.781498e-15 -5.817203e-15 1.000000e+00
    outer loop
      vertex   1.200635e+02 2.993649e+01 -5.000000e-01
      vertex   1.124214e+02 1.395511e+01 -5.000000e-01
      vertex   1.127457e+02 1.385578e+01 -5.000000e-01
    endloop
  endfacet
  facet normal -0.000000e+00 -0.000000e+00 1.000000e+00
    outer loop
      vertex   1.075280e+02 1.675270e+01 -5.000000e-01
      vertex   1.114144e+02 1.391233e+01 -5.000000e-01
      vertex   1.075000e+02 1.750000e+01 -5.000000e-01
    endloop
  endfacet
  facet normal 0.000000e+00 0.000000e+00 1.000000e+00
    outer loop
      vertex   1.075000e+02 1.750000e+01 -5.000000e-01
      vertex   1.114144e+02 1.391233e+01 -5.000000e-01
      vertex   1.117460e+02 1.398380e+01 -5.000000e-01
    endloop
  endfacet
  facet normal 0.000000e+00 0.000000e+00 1.000000e+00
    outer loop
      vertex   1.075000e+02 1.750000e+01 -5.000000e-01
      vertex   1.117460e+02 1.398380e+01 -5.000000e-01
      vertex   1.120849e+02 1.399820e+01 -5.000000e-01
    endloop
  endfacet
  facet normal 0.000000e+00 0.000000e+00 1.000000e+00
    outer loop
      vertex   1.075280e+02 1.675270e+01 -5.000000e-01
      vertex   1.076117e+02 1.600958e+01 -5.000000e-01
      vertex   1.114144e+02 1.391233e+01 -5.000000e-01
    endloop
  endfacet
  facet normal 0.000000e+00 0.000000e+00 1.000000e+00
    outer loop
      vertex   1.114144e+02 1.391233e+01 -5.000000e-01
      vertex   1.076117e+02 1.600958e+01 -5.000000e-01
      vertex   1.110996e+02 1.378585e+01 -5.000000e-01
    endloop
  endfacet
  facet normal 0.000000e+00 0.000000e+00 1.000000e+00
    outer loop
      vertex   1.110996e+02 1.378585e+01 -5.000000e-01
      vertex   1.076117e+02 1.600958e+01 -5.000000e-01
      vertex   1.077507e+02 1.527479e+01 -5.000000e-01
    endloop
  endfacet
  facet normal 0.000000e+00 0.000000e+00 1.000000e+00
    outer loop
      vertex   1.110996e+02 1.378585e+01 -5.000000e-01
      vertex   1.077507e+02 1.527479e+01 -5.000000e-01
      vertex   1.108107e+02 1.360799e+01 -5.000000e-01
    endloop
  endfacet
  facet normal 0.000000e+00 0.000000e+00 1.000000e+00
    outer loop
      vertex   1.108107e+02 1.360799e+01 -5.000000e-01
      vertex   1.077507e+02 1.527479e+01 -5.000000e-01
      vertex   1.079443e+02 1.455245e+01 -5.000000e-01
    endloop
  endfacet
  facet normal 0.000000e+00 0.000000e+00 1.000000e+00
    outer loop
      vertex   1.108107e+02 1.360799e+01 -5.000000e-01
      vertex   1.079443e+02 1.455245e+01 -5.000000e-01
      vertex   1.105561e+02 1.338388e+01 -5.000000e-01
    endloop
  endfacet
  facet normal 0.000000e+00 0.000000e+00 1.000000e+00
    outer loop
      vertex   1.105561e+02 1.338388e+01 -5.000000e-01
      vertex   1.079443e+02 1.455245e+01 -5.000000e-01
      vertex   1.081913e+02 1.384659e+01 -5.000000e-01
    endloop
  endfacet
  facet normal 0.000000e+00 0.000000e+00 1.000000e+00
    outer loop
      vertex   1.105561e+02 1.338388e+01 -5.000000e-01
      vertex   1.081913e+02 1.384659e+01 -5.000000e-01
      vertex   1.103430e+02 1.311995e+01 -5.000000e-01
    endloop
  endfacet
  facet normal 0.000000e+00 0.000000e+00 1.000000e+00
    outer loop
      vertex   1.103430e+02 1.311995e+01 -5.000000e-01
      vertex   1.081913e+02 1.384659e+01 -5.000000e-01
      vertex   1.084903e+02 1.316116e+01 -5.000000e-01
    endloop
  endfacet
  facet normal 0.000000e+00 0.000000e+00 1.000000e+00
    outer loop
      vertex   1.103430e+02 1.311995e+01 -5.000000e-01
      vertex   1.084903e+02 1.316116e+01 -5.000000e-01
      vertex   1.101775e+02 1.282380e+01 -5.000000e-01
    endloop
  endfacet
  facet normal 0.000000e+00 0.000000e+00 1.000000e+00
    outer loop
      vertex   1.101775e+02 1.282380e+01 -5.000000e-01
      vertex   1.084903e+02 1.316116e+01 -5.000000e-01
      vertex   1.088397e+02 1.250000e+01 -5.000000e-01
    endloop
  endfacet
  facet normal 0.000000e+00 0.000000e+00 1.000000e+00
    outer loop
      vertex   1.101775e+02 1.282380e+01 -5.000000e-01
      vertex   1.088397e+02 1.250000e+01 -5.000000e-01
      vertex   1.100645e+02 1.250396e+01 -5.000000e-01
    endloop
  endfacet
  facet normal 0.000000e+00 0.000000e+00 1.000000e+00
    outer loop
      vertex   1.100645e+02 1.250396e+01 -5.000000e-01
      vertex   1.088397e+02 1.250000e+01 -5.000000e-01
      vertex   1.100072e+02 1.216961e+01 -5.000000e-01
    endloop
  endfacet
  facet normal 0.000000e+00 0.000000e+00 1.000000e+00
    outer loop
      vertex   1.100072e+02 1.216961e+01 -5.000000e-01
      vertex   1.088397e+02 1.250000e+01 -5.000000e-01
      vertex   1.092376e+02 1.186680e+01 -5.000000e-01
    endloop
  endfacet
  facet normal 0.000000e+00 0.000000e+00 1.000000e+00
    outer loop
      vertex   1.100072e+02 1.216961e+01 -5.000000e-01
      vertex   1.092376e+02 1.186680e+01 -5.000000e-01
      vertex   1.100072e+02 1.183039e+01 -5.000000e-01
    endloop
  endfacet
  facet normal 0.000000e+00 0.000000e+00 1.000000e+00
    outer loop
      vertex   1.100072e+02 1.183039e+01 -5.000000e-01
      vertex   1.092376e+02 1.186680e+01 -5.000000e-01
      vertex   1.096817e+02 1.126510e+01 -5.000000e-01
    endloop
  endfacet
  facet normal 0.000000e+00 0.000000e+00 1.000000e+00
    outer loop
      vertex   1.100072e+02 1.183039e+01 -5.000000e-01
      vertex   1.096817e+02 1.126510e+01 -5.000000e-01
      vertex   1.100645e+02 1.149604e+01 -5.000000e-01
    endloop
  endfacet
  facet normal 0.000000e+00 0.000000e+00 1.000000e+00
    outer loop
      vertex   1.100645e+02 1.149604e+01 -5.000000e-01
      vertex   1.096817e+02 1.126510e+01 -5.000000e-01
      vertex   1.101775e+02 1.117620e+01 -5.000000e-01
    endloop
  endfacet
  facet normal 0.000000e+00 0.000000e+00 1.000000e+00
    outer loop
      vertex   1.101775e+02 1.117620e+01 -5.000000e-01
      vertex   1.096817e+02 1.126510e+01 -5.000000e-01
      vertex   1.101695e+02 1.069827e+01 -5.000000e-01
    endloop
  endfacet
  facet normal 0.000000e+00 0.000000e+00 1.000000e+00
    outer loop
      vertex   1.101775e+02 1.117620e+01 -5.000000e-01
      vertex   1.101695e+02 1.069827e+01 -5.000000e-01
      vertex   1.103430e+02 1.088005e+01 -5.000000e-01
    endloop
  endfacet
  facet normal 0.000000e+00 0.000000e+00 1.000000e+00
    outer loop
      vertex   1.103430e+02 1.088005e+01 -5.000000e-01
      vertex   1.101695e+02 1.069827e+01 -5.000000e-01
      vertex   1.105561e+02 1.061612e+01 -5.000000e-01
    endloop
  endfacet
  facet normal 0.000000e+00 0.000000e+00 1.000000e+00
    outer loop
      vertex   1.105561e+02 1.061612e+01 -5.000000e-01
      vertex   1.101695e+02 1.069827e+01 -5.000000e-01
      vertex   1.106983e+02 1.016948e+01 -5.000000e-01
    endloop
  endfacet
  facet normal 0.000000e+00 0.000000e+00 1.000000e+00
    outer loop
      vertex   1.105561e+02 1.061612e+01 -5.000000e-01
      vertex   1.106983e+02 1.016948e+01 -5.000000e-01
      vertex   1.108107e+02 1.039201e+01 -5.000000e-01
    endloop
  endfacet
  facet normal 0.000000e+00 0.000000e+00 1.000000e+00
    outer loop
      vertex   1.108107e+02 1.039201e+01 -5.000000e-01
      vertex   1.106983e+02 1.016948e+01 -5.000000e-01
      vertex   1.110996e+02 1.021415e+01 -5.000000e-01
    endloop
  endfacet
  facet normal 0.000000e+00 0.000000e+00 1.000000e+00
    outer loop
      vertex   1.110996e+02 1.021415e+01 -5.000000e-01
      vertex   1.106983e+02 1.016948e+01 -5.000000e-01
      vertex   1.112651e+02 9.681685e+00 -5.000000e-01
    endloop
  endfacet
  facet normal 0.000000e+00 0.000000e+00 1.000000e+00
    outer loop
      vertex   1.110996e+02 1.021415e+01 -5.000000e-01
      vertex   1.112651e+02 9.681685e+00 -5.000000e-01
      vertex   1.114144e+02 1.008767e+01 -5.000000e-01
    endloop
  endfacet
  facet normal 0.000000e+00 0.000000e+00 1.000000e+00
    outer loop
      vertex   1.114144e+02 1.008767e+01 -5.000000e-01
      vertex   1.112651e+02 9.681685e+00 -5.000000e-01
      vertex   1.117460e+02 1.001620e+01 -5.000000e-01
    endloop
  endfacet
  facet normal 0.000000e+00 0.000000e+00 1.000000e+00
    outer loop
      vertex   1.117460e+02 1.001620e+01 -5.000000e-01
      vertex   1.112651e+02 9.681685e+00 -5.000000e-01
      vertex   1.118668e+02 9.237612e+00 -5.000000e-01
    endloop
  endfacet
  facet normal 0.000000e+00 0.000000e+00 1.000000e+00
    outer loop
      vertex   1.117460e+02 1.001620e+01 -5.000000e-01
      vertex   1.118668e+02 9.237612e+00 -5.000000e-01
      vertex   1.120849e+02 1.000180e+01 -5.000000e-01
    endloop
  endfacet
  facet normal -0.000000e+00 0.000000e+00 1.000000e+00
    outer loop
      vertex   1.120849e+02 1.000180e+01 -5.000000e-01
      vertex   1.118668e+02 9.237612e+00 -5.000000e-01
      vertex   1.124214e+02 1.004489e+01 -5.000000e-01
    endloop
  endfacet
  facet normal 0.000000e+00 0.000000e+00 1.000000e+00
    outer loop
      vertex   1.124214e+02 1.004489e+01 -5.000000e-01
      vertex   1.118668e+02 9.237612e+00 -5.000000e-01
      vertex   1.125000e+02 8.839746e+00 -5.000000e-01
    endloop
  endfacet
  facet normal -0.000000e+00 0.000000e+00 1.000000e+00
    outer loop
      vertex   1.124214e+02 1.004489e+01 -5.000000e-01
      vertex   1.125000e+02 8.839746e+00 -5.000000e-01
      vertex   1.127457e+02 1.014422e+01 -5.000000e-01
    endloop
  endfacet
  facet normal 0.000000e+00 0.000000e+00 1.000000e+00
    outer loop
      vertex   1.127457e+02 1.014422e+01 -5.000000e-01
      vertex   1.125000e+02 8.839746e+00 -5.000000e-01
      vertex   1.131612e+02 8.490311e+00 -5.000000e-01
    endloop
  endfacet
  facet normal -0.000000e+00 0.000000e+00 1.000000e+00
    outer loop
      vertex   1.127457e+02 1.014422e+01 -5.000000e-01
      vertex   1.131612e+02 8.490311e+00 -5.000000e-01
      vertex   1.130486e+02 1.029694e+01 -5.000000e-01
    endloop
  endfacet
  facet normal -0.000000e+00 0.000000e+00 1.000000e+00
    outer loop
      vertex   1.130486e+02 1.029694e+01 -5.000000e-01
      vertex   1.131612e+02 8.490311e+00 -5.000000e-01
      vertex   1.133214e+02 1.049866e+01 -5.000000e-01
    endloop
  endfacet
  facet normal 0.000000e+00 0.000000e+00 1.000000e+00
    outer loop
      vertex   1.133214e+02 1.049866e+01 -5.000000e-01
      vertex   1.131612e+02 8.490311e+00 -5.000000e-01
      vertex   1.138466e+02 8.191263e+00 -5.000000e-01
    endloop
  endfacet
  facet normal -0.000000e+00 0.000000e+00 1.000000e+00
    outer loop
      vertex   1.133214e+02 1.049866e+01 -5.000000e-01
      vertex   1.138466e+02 8.191263e+00 -5.000000e-01
      vertex   1.135561e+02 1.074356e+01 -5.000000e-01
    endloop
  endfacet
  facet normal 0.000000e+00 0.000000e+00 1.000000e+00
    outer loop
      vertex   1.135561e+02 1.074356e+01 -5.000000e-01
      vertex   1.138466e+02 8.191263e+00 -5.000000e-01
      vertex   1.145524e+02 7.944272e+00 -5.000000e-01
    endloop
  endfacet
  facet normal -0.000000e+00 0.000000e+00 1.000000e+00
    outer loop
      vertex   1.135561e+02 1.074356e+01 -5.000000e-01
      vertex   1.145524e+02 7.944272e+00 -5.000000e-01
      vertex   1.137460e+02 1.102461e+01 -5.000000e-01
    endloop
  endfacet
  facet normal 0.000000e+00 0.000000e+00 1.000000e+00
    outer loop
      vertex   1.137460e+02 1.102461e+01 -5.000000e-01
      vertex   1.145524e+02 7.944272e+00 -5.000000e-01
      vertex   1.152748e+02 7.750721e+00 -5.000000e-01
    endloop
  endfacet
  facet normal 0.000000e+00 0.000000e+00 1.000000e+00
    outer loop
      vertex   1.137460e+02 1.102461e+01 -5.000000e-01
      vertex   1.152748e+02 7.750721e+00 -5.000000e-01
      vertex   1.160096e+02 7.611692e+00 -5.000000e-01
    endloop
  endfacet
  facet normal -0.000000e+00 0.000000e+00 1.000000e+00
    outer loop
      vertex   1.137460e+02 1.102461e+01 -5.000000e-01
      vertex   1.160096e+02 7.611692e+00 -5.000000e-01
      vertex   1.138858e+02 1.133372e+01 -5.000000e-01
    endloop
  endfacet
  facet normal 0.000000e+00 0.000000e+00 1.000000e+00
    outer loop
      vertex   1.138858e+02 1.133372e+01 -5.000000e-01
      vertex   1.160096e+02 7.611692e+00 -5.000000e-01
      vertex   1.167527e+02 7.527962e+00 -5.000000e-01
    endloop
  endfacet
  facet normal -0.000000e+00 0.000000e+00 1.000000e+00
    outer loop
      vertex   1.138858e+02 1.133372e+01 -5.000000e-01
      vertex   1.167527e+02 7.527962e+00 -5.000000e-01
      vertex   1.139712e+02 1.166200e+01 -5.000000e-01
    endloop
  endfacet
  facet normal 0.000000e+00 0.000000e+00 1.000000e+00
    outer loop
      vertex   1.139712e+02 1.166200e+01 -5.000000e-01
      vertex   1.167527e+02 7.527962e+00 -5.000000e-01
      vertex   1.175000e+02 7.500000e+00 -5.000000e-01
    endloop
  endfacet
  facet normal -0.000000e+00 0.000000e+00 1.000000e+00
    outer loop
      vertex   1.139712e+02 1.166200e+01 -5.000000e-01
      vertex   1.175000e+02 7.500000e+00 -5.000000e-01
      vertex   1.140000e+02 1.200000e+01 -5.000000e-01
    endloop
  endfacet
  facet normal -0.000000e+00 -0.000000e+00 1.000000e+00
    outer loop
      vertex   1.140000e+02 1.200000e+01 -5.000000e-01
      vertex   1.175000e+02 7.500000e+00 -5.000000e-01
      vertex   1.139712e+02 1.233800e+01 -5.000000e-01
    endloop
  endfacet
  facet normal -0.000000e+00 -0.000000e+00 1.000000e+00
    outer loop
      vertex   1.139712e+02 1.233800e+01 -5.000000e-01
      vertex   1.175000e+02 7.500000e+00 -5.000000e-01
      vertex   1.138858e+02 1.266628e+01 -5.000000e-01
    endloop
  endfacet
  facet normal -5.021334e-15 -3.512842e-15 1.000000e+00
    outer loop
      vertex   1.138858e+02 1.266628e+01 -5.000000e-01
      vertex   1.175000e+02 7.500000e+00 -5.000000e-01
      vertex   1.299365e+02 2.006351e+01 -5.000000e-01
    endloop
  endfacet
  facet normal -5.495446e-15 -2.484098e-15 1.000000e+00
    outer loop
      vertex   1.138858e+02 1.266628e+01 -5.000000e-01
      vertex   1.299365e+02 2.006351e+01 -5.000000e-01
      vertex   1.137460e+02 1.297539e+01 -5.000000e-01
    endloop
  endfacet
  facet normal -5.079854e-15 -3.433382e-15 1.000000e+00
    outer loop
      vertex   1.137460e+02 1.297539e+01 -5.000000e-01
      vertex   1.299365e+02 2.006351e+01 -5.000000e-01
      vertex   1.135561e+02 1.325644e+01 -5.000000e-01
    endloop
  endfacet
  facet normal -4.653302e-15 -4.459829e-15 1.000000e+00
    outer loop
      vertex   1.135561e+02 1.325644e+01 -5.000000e-01
      vertex   1.299365e+02 2.006351e+01 -5.000000e-01
      vertex   1.133214e+02 1.350134e+01 -5.000000e-01
    endloop
  endfacet
  facet normal -4.598524e-15 -4.598526e-15 1.000000e+00
    outer loop
      vertex   1.133214e+02 1.350134e+01 -5.000000e-01
      vertex   1.299365e+02 2.006351e+01 -5.000000e-01
      vertex   1.200635e+02 2.993649e+01 -5.000000e-01
    endloop
  endfacet
  facet normal -3.679797e-15 -4.975413e-15 1.000000e+00
    outer loop
      vertex   1.133214e+02 1.350134e+01 -5.000000e-01
      vertex   1.200635e+02 2.993649e+01 -5.000000e-01
      vertex   1.130486e+02 1.370306e+01 -5.000000e-01
    endloop
  endfacet
  facet normal -2.718083e-15 -5.390995e-15 1.000000e+00
    outer loop
      vertex   1.130486e+02 1.370306e+01 -5.000000e-01
      vertex   1.200635e+02 2.993649e+01 -5.000000e-01
      vertex   1.127457e+02 1.385578e+01 -5.000000e-01
    endloop
  endfacet
  facet normal -6.058607e-31 -8.483411e-15 1.000000e+00
    outer loop
      vertex   1.175000e+02 7.500000e+00 -5.000000e-01
      vertex   1.299365e+02 7.500000e+00 -5.000000e-01
      vertex   1.299365e+02 2.006351e+01 -5.000000e-01
    endloop
  endfacet
  facet normal -0.000000e+00 -0.000000e+00 1.000000e+00
    outer loop
      vertex   1.120849e+02 1.399820e+01 -5.000000e-01
      vertex   1.124214e+02 1.395511e+01 -5.000000e-01
      vertex   1.075000e+02 1.750000e+01 -5.000000e-01
    endloop
  endfacet
  facet normal 1.000000e+00 4.107512e-07 9.352868e-06
    outer loop
      vertex   1.300000e+02 4.716118e+00 0.000000e+00
      vertex   1.300000e+02 4.082234e+00 2.668210e-01
      vertex   1.300000e+02 0.000000e+00 0.000000e+00
    endloop
  endfacet
  facet normal 1.000000e+00 9.091472e-07 1.727646e-06
    outer loop
      vertex   1.300000e+02 0.000000e+00 0.000000e+00
      vertex   1.300000e+02 4.082234e+00 2.668210e-01
      vertex   1.300000e+02 3.473610e+00 5.870999e-01
    endloop
  endfacet
  facet normal 1.000000e+00 9.506879e-07 1.481869e-06
    outer loop
      vertex   1.300000e+02 0.000000e+00 0.000000e+00
      vertex   1.300000e+02 3.473610e+00 5.870999e-01
      vertex   1.300000e+02 2.894744e+00 9.584697e-01
    endloop
  endfacet
  facet normal 1.000000e+00 1.008069e-06 1.308568e-06
    outer loop
      vertex   1.300000e+02 2.894744e+00 9.584697e-01
      vertex   1.300000e+02 2.349914e+00 1.378186e+00
      vertex   1.300000e+02 0.000000e+00 0.000000e+00
    endloop
  endfacet
  facet normal 1.000000e+00 1.083152e-06 1.180546e-06
    outer loop
      vertex   1.300000e+02 0.000000e+00 0.000000e+00
      vertex   1.300000e+02 2.349914e+00 1.378186e+00
      vertex   1.300000e+02 1.843146e+00 1.843146e+00
    endloop
  endfacet
  facet normal 1.000000e+00 1.180546e-06 1.083152e-06
    outer loop
      vertex   1.300000e+02 0.000000e+00 0.000000e+00
      vertex   1.300000e+02 1.843146e+00 1.843146e+00
      vertex   1.300000e+02 1.378186e+00 2.349914e+00
    endloop
  endfacet
  facet normal 1.000000e+00 1.308568e-06 1.008069e-06
    outer loop
      vertex   1.300000e+02 1.378186e+00 2.349914e+00
      vertex   1.300000e+02 9.584697e-01 2.894744e+00
      vertex   1.300000e+02 0.000000e+00 0.000000e+00
    endloop
  endfacet
  facet normal 1.000000e+00 1.481869e-06 9.506879e-07
    outer loop
      vertex   1.300000e+02 0.000000e+00 0.000000e+00
      vertex   1.300000e+02 9.584697e-01 2.894744e+00
      vertex   1.300000e+02 5.870999e-01 3.473610e+00
    endloop
  endfacet
  facet normal 1.000000e+00 1.727646e-06 9.091472e-07
    outer loop
      vertex   1.300000e+02 0.000000e+00 0.000000e+00
      vertex   1.300000e+02 5.870999e-01 3.473610e+00
      vertex   1.300000e+02 2.668210e-01 4.082234e+00
    endloop
  endfacet
  facet normal 1.000000e+00 1.563716e-05 0.000000e+00
    outer loop
      vertex   1.300000e+02 2.668210e-01 4.082234e+00
      vertex   1.300000e+02 0.000000e+00 4.716118e+00
      vertex   1.300000e+02 0.000000e+00 0.000000e+00
    endloop
  endfacet
  facet normal 7.071066e-01 7.071069e-01 -4.254222e-14
    outer loop
      vertex   1.200635e+02 2.993649e+01 -5.000000e-01
      vertex   1.299365e+02 2.006351e+01 -5.000000e-01
      vertex   1.201112e+02 2.988878e+01 -6.576564e-01
    endloop
  endfacet
  facet normal 7.071066e-01 7.071069e-01 -1.108184e-13
    outer loop
      vertex   1.201112e+02 2.988878e+01 -6.576564e-01
      vertex   1.299365e+02 2.006351e+01 -5.000000e-01
      vertex   1.298888e+02 2.011122e+01 -6.576564e-01
    endloop
  endfacet
  facet normal 7.071066e-01 7.071069e-01 -1.090139e-14
    outer loop
      vertex   1.201112e+02 2.988878e+01 -6.576564e-01
      vertex   1.298888e+02 2.011122e+01 -6.576564e-01
      vertex   1.201717e+02 2.982826e+01 -8.108519e-01
    endloop
  endfacet
  facet normal 7.071066e-01 7.071069e-01 2.037793e-14
    outer loop
      vertex   1.201717e+02 2.982826e+01 -8.108519e-01
      vertex   1.298888e+02 2.011122e+01 -6.576564e-01
      vertex   1.298283e+02 2.017174e+01 -8.108519e-01
    endloop
  endfacet
  facet normal 7.071066e-01 7.071069e-01 2.130191e-14
    outer loop
      vertex   1.201717e+02 2.982826e+01 -8.108519e-01
      vertex   1.298283e+02 2.017174e+01 -8.108519e-01
      vertex   1.202447e+02 2.975533e+01 -9.585475e-01
    endloop
  endfacet
  facet normal 7.071066e-01 7.071069e-01 4.292184e-14
    outer loop
      vertex   1.202447e+02 2.975533e+01 -9.585475e-01
      vertex   1.298283e+02 2.017174e+01 -8.108519e-01
      vertex   1.297553e+02 2.024467e+01 -9.585475e-01
    endloop
  endfacet
  facet normal 7.071066e-01 7.071069e-01 -2.852915e-14
    outer loop
      vertex   1.202447e+02 2.975533e+01 -9.585475e-01
      vertex   1.297553e+02 2.024467e+01 -9.585475e-01
      vertex   1.203295e+02 2.967050e+01 -1.099741e+00
    endloop
  endfacet
  facet normal 7.071066e-01 7.071069e-01 -1.523795e-14
    outer loop
      vertex   1.203295e+02 2.967050e+01 -1.099741e+00
      vertex   1.297553e+02 2.024467e+01 -9.585475e-01
      vertex   1.296705e+02 2.032950e+01 -1.099741e+00
    endloop
  endfacet
  facet normal 7.071066e-01 7.071069e-01 1.659065e-14
    outer loop
      vertex   1.203295e+02 2.967050e+01 -1.099741e+00
      vertex   1.296705e+02 2.032950e+01 -1.099741e+00
      vertex   1.204257e+02 2.957434e+01 -1.233475e+00
    endloop
  endfacet
  facet normal 7.071066e-01 7.071069e-01 0.000000e+00
    outer loop
      vertex   1.204257e+02 2.957434e+01 -1.233475e+00
      vertex   1.296705e+02 2.032950e+01 -1.099741e+00
      vertex   1.295743e+02 2.042566e+01 -1.233475e+00
    endloop
  endfacet
  facet normal 7.071066e-01 7.071069e-01 3.442865e-14
    outer loop
      vertex   1.204257e+02 2.957434e+01 -1.233475e+00
      vertex   1.295743e+02 2.042566e+01 -1.233475e+00
      vertex   1.205325e+02 2.946750e+01 -1.358843e+00
    endloop
  endfacet
  facet normal 7.071066e-01 7.071069e-01 -3.588277e-14
    outer loop
      vertex   1.205325e+02 2.946750e+01 -1.358843e+00
      vertex   1.295743e+02 2.042566e+01 -1.233475e+00
      vertex   1.294675e+02 2.053250e+01 -1.358843e+00
    endloop
  endfacet
  facet normal 7.071066e-01 7.071069e-01 -6.066725e-14
    outer loop
      vertex   1.205325e+02 2.946750e+01 -1.358843e+00
      vertex   1.294675e+02 2.053250e+01 -1.358843e+00
      vertex   1.206493e+02 2.935070e+01 -1.474993e+00
    endloop
  endfacet
  facet normal 7.071066e-01 7.071069e-01 2.982745e-14
    outer loop
      vertex   1.206493e+02 2.935070e+01 -1.474993e+00
      vertex   1.294675e+02 2.053250e+01 -1.358843e+00
      vertex   1.293507e+02 2.064930e+01 -1.474993e+00
    endloop
  endfacet
  facet normal 7.071066e-01 7.071069e-01 9.298678e-14
    outer loop
      vertex   1.206493e+02 2.935070e+01 -1.474993e+00
      vertex   1.293507e+02 2.064930e+01 -1.474993e+00
      vertex   1.207753e+02 2.922475e+01 -1.581139e+00
    endloop
  endfacet
  facet normal 7.071066e-01 7.071069e-01 4.481595e-14
    outer loop
      vertex   1.207753e+02 2.922475e+01 -1.581139e+00
      vertex   1.293507e+02 2.064930e+01 -1.474993e+00
      vertex   1.292247e+02 2.077526e+01 -1.581139e+00
    endloop
  endfacet
  facet normal 7.071066e-01 7.071069e-01 1.830542e-14
    outer loop
      vertex   1.207753e+02 2.922475e+01 -1.581139e+00
      vertex   1.292247e+02 2.077526e+01 -1.581139e+00
      vertex   1.209095e+02 2.909048e+01 -1.676560e+00
    endloop
  endfacet
  facet normal 7.071066e-01 7.071069e-01 -9.010649e-14
    outer loop
      vertex   1.209095e+02 2.909048e+01 -1.676560e+00
      vertex   1.292247e+02 2.077526e+01 -1.581139e+00
      vertex   1.290905e+02 2.090952e+01 -1.676560e+00
    endloop
  endfacet
  facet normal 7.071066e-01 7.071069e-01 -1.239910e-13
    outer loop
      vertex   1.209095e+02 2.909048e+01 -1.676560e+00
      vertex   1.290905e+02 2.090952e+01 -1.676560e+00
      vertex   1.210512e+02 2.894882e+01 -1.760608e+00
    endloop
  endfacet
  facet normal 7.071066e-01 7.071069e-01 -2.270745e-14
    outer loop
      vertex   1.210512e+02 2.894882e+01 -1.760608e+00
      vertex   1.290905e+02 2.090952e+01 -1.676560e+00
      vertex   1.289488e+02 2.105118e+01 -1.760608e+00
    endloop
  endfacet
  facet normal 7.071066e-01 7.071069e-01 1.229080e-14
    outer loop
      vertex   1.210512e+02 2.894882e+01 -1.760608e+00
      vertex   1.289488e+02 2.105118e+01 -1.760608e+00
      vertex   1.220000e+02 2.800000e+01 -2.000000e+00
    endloop
  endfacet
  facet normal 7.071066e-01 7.071069e-01 -1.748979e-14
    outer loop
      vertex   1.220000e+02 2.800000e+01 -2.000000e+00
      vertex   1.289488e+02 2.105118e+01 -1.760608e+00
      vertex   1.280000e+02 2.200000e+01 -2.000000e+00
    endloop
  endfacet
  facet normal 7.071066e-01 7.071069e-01 8.767252e-14
    outer loop
      vertex   1.280000e+02 2.200000e+01 -2.000000e+00
      vertex   1.289488e+02 2.105118e+01 -1.760608e+00
      vertex   1.286472e+02 2.135280e+01 -1.892390e+00
    endloop
  endfacet
  facet normal 7.071066e-01 7.071069e-01 2.926710e-13
    outer loop
      vertex   1.280000e+02 2.200000e+01 -2.000000e+00
      vertex   1.286472e+02 2.135280e+01 -1.892390e+00
      vertex   1.283280e+02 2.167196e+01 -1.972914e+00
    endloop
  endfacet
  facet normal 7.071066e-01 7.071069e-01 3.716368e-13
    outer loop
      vertex   1.216720e+02 2.832804e+01 -1.972914e+00
      vertex   1.213528e+02 2.864720e+01 -1.892390e+00
      vertex   1.220000e+02 2.800000e+01 -2.000000e+00
    endloop
  endfacet
  facet normal 7.071066e-01 7.071069e-01 -8.024261e-14
    outer loop
      vertex   1.220000e+02 2.800000e+01 -2.000000e+00
      vertex   1.213528e+02 2.864720e+01 -1.892390e+00
      vertex   1.210512e+02 2.894882e+01 -1.760608e+00
    endloop
  endfacet
  facet normal -1.000000e+00 0.000000e+00 0.000000e+00
    outer loop
      vertex   9.800000e+01 1.350000e+01 1.050000e+01
      vertex   9.800000e+01 2.800000e+01 1.050000e+01
      vertex   9.800000e+01 1.350000e+01 0.000000e+00
    endloop
  endfacet
  facet normal -1.000000e+00 0.000000e+00 0.000000e+00
    outer loop
      vertex   9.800000e+01 1.350000e+01 0.000000e+00
      vertex   9.800000e+01 2.800000e+01 1.050000e+01
      vertex   9.800000e+01 2.800000e+01 0.000000e+00
    endloop
  endfacet
  facet normal -3.020303e-02 -9.995438e-01 0.000000e+00
    outer loop
      vertex   1.135000e+02 -2.000000e+00 0.000000e+00
      vertex   1.135000e+02 -2.000000e+00 1.050000e+01
      vertex   1.125641e+02 -1.971721e+00 0.000000e+00
    endloop
  endfacet
  facet normal -3.020303e-02 -9.995438e-01 1.056873e-16
    outer loop
      vertex   1.125641e+02 -1.971721e+00 0.000000e+00
      vertex   1.135000e+02 -2.000000e+00 1.050000e+01
      vertex   1.125641e+02 -1.971721e+00 1.050000e+01
    endloop
  endfacet
  facet normal -9.049888e-02 -9.958966e-01 1.053016e-16
    outer loop
      vertex   1.125641e+02 -1.971721e+00 0.000000e+00
      vertex   1.125641e+02 -1.971721e+00 1.050000e+01
      vertex   1.116317e+02 -1.886988e+00 0.000000e+00
    endloop
  endfacet
  facet normal -9.049888e-02 -9.958966e-01 2.106033e-16
    outer loop
      vertex   1.116317e+02 -1.886988e+00 0.000000e+00
      vertex   1.125641e+02 -1.971721e+00 1.050000e+01
      vertex   1.116317e+02 -1.886988e+00 1.050000e+01
    endloop
  endfacet
  facet normal -1.504645e-01 -9.886154e-01 2.090635e-16
    outer loop
      vertex   1.116317e+02 -1.886988e+00 0.000000e+00
      vertex   1.116317e+02 -1.886988e+00 1.050000e+01
      vertex   1.107060e+02 -1.746109e+00 0.000000e+00
    endloop
  endfacet
  facet normal -1.504645e-01 -9.886154e-01 2.090635e-16
    outer loop
      vertex   1.107060e+02 -1.746109e+00 0.000000e+00
      vertex   1.116317e+02 -1.886988e+00 1.050000e+01
      vertex   1.107060e+02 -1.746109e+00 1.050000e+01
    endloop
  endfacet
  facet normal -2.098811e-01 -9.777269e-01 2.067609e-16
    outer loop
      vertex   1.107060e+02 -1.746109e+00 0.000000e+00
      vertex   1.107060e+02 -1.746109e+00 1.050000e+01
      vertex   1.097906e+02 -1.549598e+00 0.000000e+00
    endloop
  endfacet
  facet normal -2.098811e-01 -9.777269e-01 2.067609e-16
    outer loop
      vertex   1.097906e+02 -1.549598e+00 0.000000e+00
      vertex   1.107060e+02 -1.746109e+00 1.050000e+01
      vertex   1.097906e+02 -1.549598e+00 1.050000e+01
    endloop
  endfacet
  facet normal -2.685319e-01 -9.632708e-01 2.037039e-16
    outer loop
      vertex   1.097906e+02 -1.549598e+00 0.000000e+00
      vertex   1.097906e+02 -1.549598e+00 1.050000e+01
      vertex   1.088887e+02 -1.298173e+00 0.000000e+00
    endloop
  endfacet
  facet normal -2.685319e-01 -9.632708e-01 1.018519e-16
    outer loop
      vertex   1.088887e+02 -1.298173e+00 0.000000e+00
      vertex   1.097906e+02 -1.549598e+00 1.050000e+01
      vertex   1.088887e+02 -1.298173e+00 1.050000e+01
    endloop
  endfacet
  facet normal -3.262028e-01 -9.452998e-01 9.995177e-17
    outer loop
      vertex   1.088887e+02 -1.298173e+00 0.000000e+00
      vertex   1.088887e+02 -1.298173e+00 1.050000e+01
      vertex   1.080036e+02 -9.927518e-01 0.000000e+00
    endloop
  endfacet
  facet normal -3.262028e-01 -9.452998e-01 3.998071e-16
    outer loop
      vertex   1.080036e+02 -9.927518e-01 0.000000e+00
      vertex   1.088887e+02 -1.298173e+00 1.050000e+01
      vertex   1.080036e+02 -9.927518e-01 1.050000e+01
    endloop
  endfacet
  facet normal -3.826834e-01 -9.238795e-01 3.907476e-16
    outer loop
      vertex   1.080036e+02 -9.927518e-01 0.000000e+00
      vertex   1.080036e+02 -9.927518e-01 1.050000e+01
      vertex   1.071386e+02 -6.344476e-01 0.000000e+00
    endloop
  endfacet
  facet normal -3.826834e-01 -9.238795e-01 3.419041e-16
    outer loop
      vertex   1.071386e+02 -6.344476e-01 0.000000e+00
      vertex   1.080036e+02 -9.927518e-01 1.050000e+01
      vertex   1.071386e+02 -6.344476e-01 1.050000e+01
    endloop
  endfacet
  facet normal -4.377677e-01 -8.990881e-01 3.327294e-16
    outer loop
      vertex   1.071386e+02 -6.344476e-01 0.000000e+00
      vertex   1.071386e+02 -6.344476e-01 1.050000e+01
      vertex   1.062968e+02 -2.245684e-01 0.000000e+00
    endloop
  endfacet
  facet normal -4.377677e-01 -8.990881e-01 2.851967e-16
    outer loop
      vertex   1.062968e+02 -2.245684e-01 0.000000e+00
      vertex   1.071386e+02 -6.344476e-01 1.050000e+01
      vertex   1.062968e+02 -2.245684e-01 1.050000e+01
    endloop
  endfacet
  facet normal -4.912546e-01 -8.710160e-01 2.762920e-16
    outer loop
      vertex   1.062968e+02 -2.245684e-01 0.000000e+00
      vertex   1.062968e+02 -2.245684e-01 1.050000e+01
      vertex   1.054813e+02 2.353903e-01 0.000000e+00
    endloop
  endfacet
  facet normal -4.912546e-01 -8.710160e-01 2.302433e-16
    outer loop
      vertex   1.054813e+02 2.353903e-01 0.000000e+00
      vertex   1.062968e+02 -2.245684e-01 1.050000e+01
      vertex   1.054813e+02 2.353903e-01 1.050000e+01
    endloop
  endfacet
  facet normal -5.429490e-01 -8.397657e-01 2.219827e-16
    outer loop
      vertex   1.054813e+02 2.353903e-01 0.000000e+00
      vertex   1.054813e+02 2.353903e-01 1.050000e+01
      vertex   1.046950e+02 7.437501e-01 0.000000e+00
    endloop
  endfacet
  facet normal -5.429490e-01 -8.397657e-01 1.953447e-16
    outer loop
      vertex   1.046950e+02 7.437501e-01 0.000000e+00
      vertex   1.054813e+02 2.353903e-01 1.050000e+01
      vertex   1.046950e+02 7.437501e-01 1.050000e+01
    endloop
  endfacet
  facet normal -5.926622e-01 -8.054511e-01 1.873626e-16
    outer loop
      vertex   1.046950e+02 7.437501e-01 0.000000e+00
      vertex   1.046950e+02 7.437501e-01 1.050000e+01
      vertex   1.039409e+02 1.298656e+00 0.000000e+00
    endloop
  endfacet
  facet normal -5.926622e-01 -8.054511e-01 -7.339859e-16
    outer loop
      vertex   1.039409e+02 1.298656e+00 0.000000e+00
      vertex   1.046950e+02 7.437501e-01 1.050000e+01
      vertex   1.039409e+02 1.298656e+00 1.050000e+01
    endloop
  endfacet
  facet normal -6.402128e-01 -7.681976e-01 -8.014929e-16
    outer loop
      vertex   1.039409e+02 1.298656e+00 0.000000e+00
      vertex   1.039409e+02 1.298656e+00 1.050000e+01
      vertex   1.032216e+02 1.898083e+00 0.000000e+00
    endloop
  endfacet
  facet normal -6.402128e-01 -7.681976e-01 2.111870e-16
    outer loop
      vertex   1.032216e+02 1.898083e+00 0.000000e+00
      vertex   1.039409e+02 1.298656e+00 1.050000e+01
      vertex   1.032216e+02 1.898083e+00 1.050000e+01
    endloop
  endfacet
  facet normal -6.854274e-01 -7.281410e-01 2.001750e-16
    outer loop
      vertex   1.032216e+02 1.898083e+00 0.000000e+00
      vertex   1.032216e+02 1.898083e+00 1.050000e+01
      vertex   1.025398e+02 2.539845e+00 0.000000e+00
    endloop
  endfacet
  facet normal -6.854274e-01 -7.281410e-01 9.238844e-17
    outer loop
      vertex   1.025398e+02 2.539845e+00 0.000000e+00
      vertex   1.032216e+02 1.898083e+00 1.050000e+01
      vertex   1.025398e+02 2.539845e+00 1.050000e+01
    endloop
  endfacet
  facet normal -7.281410e-01 -6.854274e-01 8.696883e-17
    outer loop
      vertex   1.025398e+02 2.539845e+00 0.000000e+00
      vertex   1.025398e+02 2.539845e+00 1.050000e+01
      vertex   1.018981e+02 3.221599e+00 0.000000e+00
    endloop
  endfacet
  facet normal -7.281410e-01 -6.854274e-01 -7.825494e-16
    outer loop
      vertex   1.018981e+02 3.221599e+00 0.000000e+00
      vertex   1.025398e+02 2.539845e+00 1.050000e+01
      vertex   1.018981e+02 3.221599e+00 1.050000e+01
    endloop
  endfacet
  facet normal -7.681976e-01 -6.402128e-01 -8.501488e-16
    outer loop
      vertex   1.018981e+02 3.221599e+00 0.000000e+00
      vertex   1.018981e+02 3.221599e+00 1.050000e+01
      vertex   1.012987e+02 3.940857e+00 0.000000e+00
    endloop
  endfacet
  facet normal -7.681976e-01 -6.402128e-01 -2.079380e-15
    outer loop
      vertex   1.012987e+02 3.940857e+00 0.000000e+00
      vertex   1.018981e+02 3.221599e+00 1.050000e+01
      vertex   1.012987e+02 3.940857e+00 1.050000e+01
    endloop
  endfacet
  facet normal -8.054511e-01 -5.926622e-01 -2.180219e-15
    outer loop
      vertex   1.012987e+02 3.940857e+00 0.000000e+00
      vertex   1.012987e+02 3.940857e+00 1.050000e+01
      vertex   1.007438e+02 4.694996e+00 0.000000e+00
    endloop
  endfacet
  facet normal -8.054511e-01 -5.926622e-01 2.005294e-16
    outer loop
      vertex   1.007438e+02 4.694996e+00 0.000000e+00
      vertex   1.012987e+02 3.940857e+00 1.050000e+01
      vertex   1.007438e+02 4.694996e+00 1.050000e+01
    endloop
  endfacet
  facet normal -8.397657e-01 -5.429490e-01 1.837088e-16
    outer loop
      vertex   1.007438e+02 4.694996e+00 0.000000e+00
      vertex   1.007438e+02 4.694996e+00 1.050000e+01
      vertex   1.002354e+02 5.481264e+00 0.000000e+00
    endloop
  endfacet
  facet normal -8.397657e-01 -5.429490e-01 4.592720e-17
    outer loop
      vertex   1.002354e+02 5.481264e+00 0.000000e+00
      vertex   1.007438e+02 4.694996e+00 1.050000e+01
      vertex   1.002354e+02 5.481264e+00 1.050000e+01
    endloop
  endfacet
  facet normal -8.710160e-01 -4.912546e-01 4.155445e-17
    outer loop
      vertex   1.002354e+02 5.481264e+00 0.000000e+00
      vertex   1.002354e+02 5.481264e+00 1.050000e+01
      vertex   9.977543e+01 6.296791e+00 0.000000e+00
    endloop
  endfacet
  facet normal -8.710160e-01 -4.912546e-01 8.310890e-17
    outer loop
      vertex   9.977543e+01 6.296791e+00 0.000000e+00
      vertex   1.002354e+02 5.481264e+00 1.050000e+01
      vertex   9.977543e+01 6.296791e+00 1.050000e+01
    endloop
  endfacet
  facet normal -8.990881e-01 -4.377677e-01 7.406016e-17
    outer loop
      vertex   9.977543e+01 6.296791e+00 0.000000e+00
      vertex   9.977543e+01 6.296791e+00 1.050000e+01
      vertex   9.936555e+01 7.138602e+00 0.000000e+00
    endloop
  endfacet
  facet normal -8.990881e-01 -4.377677e-01 2.592106e-16
    outer loop
      vertex   9.936555e+01 7.138602e+00 0.000000e+00
      vertex   9.977543e+01 6.296791e+00 1.050000e+01
      vertex   9.936555e+01 7.138602e+00 1.050000e+01
    endloop
  endfacet
  facet normal -9.238795e-01 -3.826834e-01 2.265941e-16
    outer loop
      vertex   9.936555e+01 7.138602e+00 0.000000e+00
      vertex   9.936555e+01 7.138602e+00 1.050000e+01
      vertex   9.900725e+01 8.003624e+00 0.000000e+00
    endloop
  endfacet
  facet normal -9.238795e-01 -3.826834e-01 1.294823e-16
    outer loop
      vertex   9.900725e+01 8.003624e+00 0.000000e+00
      vertex   9.936555e+01 7.138602e+00 1.050000e+01
      vertex   9.900725e+01 8.003624e+00 1.050000e+01
    endloop
  endfacet
  facet normal -9.452998e-01 -3.262028e-01 1.103719e-16
    outer loop
      vertex   9.900725e+01 8.003624e+00 0.000000e+00
      vertex   9.900725e+01 8.003624e+00 1.050000e+01
      vertex   9.870183e+01 8.888703e+00 0.000000e+00
    endloop
  endfacet
  facet normal -9.452998e-01 -3.262028e-01 -2.558765e-15
    outer loop
      vertex   9.870183e+01 8.888703e+00 0.000000e+00
      vertex   9.900725e+01 8.003624e+00 1.050000e+01
      vertex   9.870183e+01 8.888703e+00 1.050000e+01
    endloop
  endfacet
  facet normal -9.632708e-01 -2.685319e-01 -2.607410e-15
    outer loop
      vertex   9.870183e+01 8.888703e+00 0.000000e+00
      vertex   9.870183e+01 8.888703e+00 1.050000e+01
      vertex   9.845040e+01 9.790607e+00 0.000000e+00
    endloop
  endfacet
  facet normal -9.632708e-01 -2.685319e-01 4.542937e-17
    outer loop
      vertex   9.845040e+01 9.790607e+00 0.000000e+00
      vertex   9.870183e+01 8.888703e+00 1.050000e+01
      vertex   9.845040e+01 9.790607e+00 1.050000e+01
    endloop
  endfacet
  facet normal -9.777269e-01 -2.098811e-01 3.550702e-17
    outer loop
      vertex   9.845040e+01 9.790607e+00 0.000000e+00
      vertex   9.845040e+01 9.790607e+00 1.050000e+01
      vertex   9.825389e+01 1.070605e+01 0.000000e+00
    endloop
  endfacet
  facet normal -9.777269e-01 -2.098811e-01 1.065211e-16
    outer loop
      vertex   9.825389e+01 1.070605e+01 0.000000e+00
      vertex   9.845040e+01 9.790607e+00 1.050000e+01
      vertex   9.825389e+01 1.070605e+01 1.050000e+01
    endloop
  endfacet
  facet normal -9.886154e-01 -1.504645e-01 7.636533e-17
    outer loop
      vertex   9.825389e+01 1.070605e+01 0.000000e+00
      vertex   9.825389e+01 1.070605e+01 1.050000e+01
      vertex   9.811301e+01 1.163168e+01 0.000000e+00
    endloop
  endfacet
  facet normal -9.886154e-01 -1.504645e-01 7.636533e-17
    outer loop
      vertex   9.811301e+01 1.163168e+01 0.000000e+00
      vertex   9.825389e+01 1.070605e+01 1.050000e+01
      vertex   9.811301e+01 1.163168e+01 1.050000e+01
    endloop
  endfacet
  facet normal -9.958966e-01 -9.049888e-02 4.593094e-17
    outer loop
      vertex   9.811301e+01 1.163168e+01 0.000000e+00
      vertex   9.811301e+01 1.163168e+01 1.050000e+01
      vertex   9.802828e+01 1.256413e+01 0.000000e+00
    endloop
  endfacet
  facet normal -9.958966e-01 -9.049888e-02 2.726343e-15
    outer loop
      vertex   9.802828e+01 1.256413e+01 0.000000e+00
      vertex   9.811301e+01 1.163168e+01 1.050000e+01
      vertex   9.802828e+01 1.256413e+01 1.050000e+01
    endloop
  endfacet
  facet normal -9.995438e-01 -3.020303e-02 2.715814e-15
    outer loop
      vertex   9.802828e+01 1.256413e+01 0.000000e+00
      vertex   9.802828e+01 1.256413e+01 1.050000e+01
      vertex   9.800000e+01 1.350000e+01 0.000000e+00
    endloop
  endfacet
  facet normal -9.995438e-01 -3.020303e-02 0.000000e+00
    outer loop
      vertex   9.800000e+01 1.350000e+01 0.000000e+00
      vertex   9.802828e+01 1.256413e+01 1.050000e+01
      vertex   9.800000e+01 1.350000e+01 1.050000e+01
    endloop
  endfacet
  facet normal -9.964653e-01 -3.011001e-02 -7.842352e-02
    outer loop
      vertex   9.800000e+01 1.350000e+01 0.000000e+00
      vertex   9.802462e+01 1.350000e+01 -3.128689e-01
      vertex   9.802828e+01 1.256413e+01 0.000000e+00
    endloop
  endfacet
  facet normal -9.964653e-01 -3.011001e-02 -7.842352e-02
    outer loop
      vertex   9.802828e+01 1.256413e+01 0.000000e+00
      vertex   9.802462e+01 1.350000e+01 -3.128689e-01
      vertex   9.805286e+01 1.256562e+01 -3.128689e-01
    endloop
  endfacet
  facet normal -9.928293e-01 -9.022015e-02 -7.842352e-02
    outer loop
      vertex   9.802828e+01 1.256413e+01 0.000000e+00
      vertex   9.805286e+01 1.256562e+01 -3.128689e-01
      vertex   9.811301e+01 1.163168e+01 0.000000e+00
    endloop
  endfacet
  facet normal -9.928293e-01 -9.022015e-02 -7.842352e-02
    outer loop
      vertex   9.811301e+01 1.163168e+01 0.000000e+00
      vertex   9.805286e+01 1.256562e+01 -3.128689e-01
      vertex   9.813746e+01 1.163465e+01 -3.128689e-01
    endloop
  endfacet
  facet normal -9.855706e-01 -1.500011e-01 -7.842352e-02
    outer loop
      vertex   9.811301e+01 1.163168e+01 0.000000e+00
      vertex   9.813746e+01 1.163465e+01 -3.128689e-01
      vertex   9.825389e+01 1.070605e+01 0.000000e+00
    endloop
  endfacet
  facet normal -9.855706e-01 -1.500011e-01 -7.842352e-02
    outer loop
      vertex   9.825389e+01 1.070605e+01 0.000000e+00
      vertex   9.813746e+01 1.163465e+01 -3.128689e-01
      vertex   9.827811e+01 1.071049e+01 -3.128689e-01
    endloop
  endfacet
  facet normal -9.747156e-01 -2.092347e-01 -7.842352e-02
    outer loop
      vertex   9.825389e+01 1.070605e+01 0.000000e+00
      vertex   9.827811e+01 1.071049e+01 -3.128689e-01
      vertex   9.845040e+01 9.790607e+00 0.000000e+00
    endloop
  endfacet
  facet normal -9.747156e-01 -2.092347e-01 -7.842352e-02
    outer loop
      vertex   9.845040e+01 9.790607e+00 0.000000e+00
      vertex   9.827811e+01 1.071049e+01 -3.128689e-01
      vertex   9.847431e+01 9.796500e+00 -3.128689e-01
    endloop
  endfacet
  facet normal -9.603041e-01 -2.677048e-01 -7.842352e-02
    outer loop
      vertex   9.845040e+01 9.790607e+00 0.000000e+00
      vertex   9.847431e+01 9.796500e+00 -3.128689e-01
      vertex   9.870183e+01 8.888703e+00 0.000000e+00
    endloop
  endfacet
  facet normal -9.603041e-01 -2.677048e-01 -7.842352e-02
    outer loop
      vertex   9.870183e+01 8.888703e+00 0.000000e+00
      vertex   9.847431e+01 9.796500e+00 -3.128689e-01
      vertex   9.872533e+01 8.896028e+00 -3.128689e-01
    endloop
  endfacet
  facet normal -9.423884e-01 -3.251981e-01 -7.842352e-02
    outer loop
      vertex   9.870183e+01 8.888703e+00 0.000000e+00
      vertex   9.872533e+01 8.896028e+00 -3.128689e-01
      vertex   9.900725e+01 8.003624e+00 0.000000e+00
    endloop
  endfacet
  facet normal -9.423884e-01 -3.251981e-01 -7.842352e-02
    outer loop
      vertex   9.900725e+01 8.003624e+00 0.000000e+00
      vertex   9.872533e+01 8.896028e+00 -3.128689e-01
      vertex   9.903027e+01 8.012356e+00 -3.128689e-01
    endloop
  endfacet
  facet normal -9.210341e-01 -3.815048e-01 -7.842352e-02
    outer loop
      vertex   9.900725e+01 8.003624e+00 0.000000e+00
      vertex   9.903027e+01 8.012356e+00 -3.128689e-01
      vertex   9.936555e+01 7.138602e+00 0.000000e+00
    endloop
  endfacet
  facet normal -9.210341e-01 -3.815048e-01 -7.842352e-02
    outer loop
      vertex   9.936555e+01 7.138602e+00 0.000000e+00
      vertex   9.903027e+01 8.012356e+00 -3.128689e-01
      vertex   9.938801e+01 7.148707e+00 -3.128689e-01
    endloop
  endfacet
  facet normal -8.963190e-01 -4.364194e-01 -7.842352e-02
    outer loop
      vertex   9.936555e+01 7.138602e+00 0.000000e+00
      vertex   9.938801e+01 7.148707e+00 -3.128689e-01
      vertex   9.977543e+01 6.296791e+00 0.000000e+00
    endloop
  endfacet
  facet normal -8.963190e-01 -4.364194e-01 -7.842352e-02
    outer loop
      vertex   9.977543e+01 6.296791e+00 0.000000e+00
      vertex   9.938801e+01 7.148707e+00 -3.128689e-01
      vertex   9.979723e+01 6.308234e+00 -3.128689e-01
    endloop
  endfacet
  facet normal -8.683334e-01 -4.897416e-01 -7.842352e-02
    outer loop
      vertex   9.977543e+01 6.296791e+00 0.000000e+00
      vertex   9.979723e+01 6.308234e+00 -3.128689e-01
      vertex   1.002354e+02 5.481264e+00 0.000000e+00
    endloop
  endfacet
  facet normal -8.683334e-01 -4.897416e-01 -7.842352e-02
    outer loop
      vertex   1.002354e+02 5.481264e+00 0.000000e+00
      vertex   9.979723e+01 6.308234e+00 -3.128689e-01
      vertex   1.002565e+02 5.494002e+00 -3.128689e-01
    endloop
  endfacet
  facet normal -8.371793e-01 -5.412768e-01 -7.842352e-02
    outer loop
      vertex   1.002354e+02 5.481264e+00 0.000000e+00
      vertex   1.002565e+02 5.494002e+00 -3.128689e-01
      vertex   1.007438e+02 4.694996e+00 0.000000e+00
    endloop
  endfacet
  facet normal -8.371793e-01 -5.412768e-01 -7.842352e-02
    outer loop
      vertex   1.007438e+02 4.694996e+00 0.000000e+00
      vertex   1.002565e+02 5.494002e+00 -3.128689e-01
      vertex   1.007640e+02 4.708984e+00 -3.128689e-01
    endloop
  endfacet
  facet normal -8.029705e-01 -5.908369e-01 -7.842352e-02
    outer loop
      vertex   1.007438e+02 4.694996e+00 0.000000e+00
      vertex   1.007640e+02 4.708984e+00 -3.128689e-01
      vertex   1.012987e+02 3.940857e+00 0.000000e+00
    endloop
  endfacet
  facet normal -8.029705e-01 -5.908369e-01 -7.842352e-02
    outer loop
      vertex   1.012987e+02 3.940857e+00 0.000000e+00
      vertex   1.007640e+02 4.708984e+00 -3.128689e-01
      vertex   1.013180e+02 3.956043e+00 -3.128689e-01
    endloop
  endfacet
  facet normal -7.658316e-01 -6.382411e-01 -7.842352e-02
    outer loop
      vertex   1.012987e+02 3.940857e+00 0.000000e+00
      vertex   1.013180e+02 3.956043e+00 -3.128689e-01
      vertex   1.018981e+02 3.221599e+00 0.000000e+00
    endloop
  endfacet
  facet normal -7.658316e-01 -6.382411e-01 -7.842352e-02
    outer loop
      vertex   1.018981e+02 3.221599e+00 0.000000e+00
      vertex   1.013180e+02 3.956043e+00 -3.128689e-01
      vertex   1.019165e+02 3.237927e+00 -3.128689e-01
    endloop
  endfacet
  facet normal -7.258984e-01 -6.833164e-01 -7.842352e-02
    outer loop
      vertex   1.018981e+02 3.221599e+00 0.000000e+00
      vertex   1.019165e+02 3.237927e+00 -3.128689e-01
      vertex   1.025398e+02 2.539845e+00 0.000000e+00
    endloop
  endfacet
  facet normal -7.258984e-01 -6.833164e-01 -7.842352e-02
    outer loop
      vertex   1.025398e+02 2.539845e+00 0.000000e+00
      vertex   1.019165e+02 3.237927e+00 -3.128689e-01
      vertex   1.025573e+02 2.557256e+00 -3.128689e-01
    endloop
  endfacet
  facet normal -6.833164e-01 -7.258984e-01 -7.842352e-02
    outer loop
      vertex   1.025398e+02 2.539845e+00 0.000000e+00
      vertex   1.025573e+02 2.557256e+00 -3.128689e-01
      vertex   1.032216e+02 1.898083e+00 0.000000e+00
    endloop
  endfacet
  facet normal -6.833164e-01 -7.258984e-01 -7.842352e-02
    outer loop
      vertex   1.032216e+02 1.898083e+00 0.000000e+00
      vertex   1.025573e+02 2.557256e+00 -3.128689e-01
      vertex   1.032379e+02 1.916514e+00 -3.128689e-01
    endloop
  endfacet
  facet normal -6.382411e-01 -7.658316e-01 -7.842352e-02
    outer loop
      vertex   1.032216e+02 1.898083e+00 0.000000e+00
      vertex   1.032379e+02 1.916514e+00 -3.128689e-01
      vertex   1.039409e+02 1.298656e+00 0.000000e+00
    endloop
  endfacet
  facet normal -6.382411e-01 -7.658316e-01 -7.842352e-02
    outer loop
      vertex   1.039409e+02 1.298656e+00 0.000000e+00
      vertex   1.032379e+02 1.916514e+00 -3.128689e-01
      vertex   1.039560e+02 1.318039e+00 -3.128689e-01
    endloop
  endfacet
  facet normal -5.908369e-01 -8.029705e-01 -7.842352e-02
    outer loop
      vertex   1.039409e+02 1.298656e+00 0.000000e+00
      vertex   1.039560e+02 1.318039e+00 -3.128689e-01
      vertex   1.046950e+02 7.437501e-01 0.000000e+00
    endloop
  endfacet
  facet normal -5.908369e-01 -8.029705e-01 -7.842352e-02
    outer loop
      vertex   1.046950e+02 7.437501e-01 0.000000e+00
      vertex   1.039560e+02 1.318039e+00 -3.128689e-01
      vertex   1.047090e+02 7.640147e-01 -3.128689e-01
    endloop
  endfacet
  facet normal -5.412768e-01 -8.371793e-01 -7.842352e-02
    outer loop
      vertex   1.046950e+02 7.437501e-01 0.000000e+00
      vertex   1.047090e+02 7.640147e-01 -3.128689e-01
      vertex   1.054813e+02 2.353903e-01 0.000000e+00
    endloop
  endfacet
  facet normal -5.412768e-01 -8.371793e-01 -7.842352e-02
    outer loop
      vertex   1.054813e+02 2.353903e-01 0.000000e+00
      vertex   1.047090e+02 7.640147e-01 -3.128689e-01
      vertex   1.054940e+02 2.564625e-01 -3.128689e-01
    endloop
  endfacet
  facet normal -4.897416e-01 -8.683334e-01 -7.842352e-02
    outer loop
      vertex   1.054813e+02 2.353903e-01 0.000000e+00
      vertex   1.054940e+02 2.564625e-01 -3.128689e-01
      vertex   1.062968e+02 -2.245684e-01 0.000000e+00
    endloop
  endfacet
  facet normal -4.897416e-01 -8.683334e-01 -7.842352e-02
    outer loop
      vertex   1.062968e+02 -2.245684e-01 0.000000e+00
      vertex   1.054940e+02 2.564625e-01 -3.128689e-01
      vertex   1.063082e+02 -2.027655e-01 -3.128689e-01
    endloop
  endfacet
  facet normal -4.364194e-01 -8.963190e-01 -7.842352e-02
    outer loop
      vertex   1.062968e+02 -2.245684e-01 0.000000e+00
      vertex   1.063082e+02 -2.027655e-01 -3.128689e-01
      vertex   1.071386e+02 -6.344476e-01 0.000000e+00
    endloop
  endfacet
  facet normal -4.364194e-01 -8.963190e-01 -7.842352e-02
    outer loop
      vertex   1.071386e+02 -6.344476e-01 0.000000e+00
      vertex   1.063082e+02 -2.027655e-01 -3.128689e-01
      vertex   1.071487e+02 -6.119936e-01 -3.128689e-01
    endloop
  endfacet
  facet normal -3.815048e-01 -9.210341e-01 -7.842352e-02
    outer loop
      vertex   1.071386e+02 -6.344476e-01 0.000000e+00
      vertex   1.071487e+02 -6.119936e-01 -3.128689e-01
      vertex   1.080036e+02 -9.927518e-01 0.000000e+00
    endloop
  endfacet
  facet normal -3.815048e-01 -9.210341e-01 -7.842352e-02
    outer loop
      vertex   1.080036e+02 -9.927518e-01 0.000000e+00
      vertex   1.071487e+02 -6.119936e-01 -3.128689e-01
      vertex   1.080124e+02 -9.697286e-01 -3.128689e-01
    endloop
  endfacet
  facet normal -3.251981e-01 -9.423884e-01 -7.842352e-02
    outer loop
      vertex   1.080036e+02 -9.927518e-01 0.000000e+00
      vertex   1.080124e+02 -9.697286e-01 -3.128689e-01
      vertex   1.088887e+02 -1.298173e+00 0.000000e+00
    endloop
  endfacet
  facet normal -3.251981e-01 -9.423884e-01 -7.842352e-02
    outer loop
      vertex   1.088887e+02 -1.298173e+00 0.000000e+00
      vertex   1.080124e+02 -9.697286e-01 -3.128689e-01
      vertex   1.088960e+02 -1.274665e+00 -3.128689e-01
    endloop
  endfacet
  facet normal -2.677048e-01 -9.603041e-01 -7.842352e-02
    outer loop
      vertex   1.088887e+02 -1.298173e+00 0.000000e+00
      vertex   1.088960e+02 -1.274665e+00 -3.128689e-01
      vertex   1.097906e+02 -1.549598e+00 0.000000e+00
    endloop
  endfacet
  facet normal -2.677048e-01 -9.603041e-01 -7.842352e-02
    outer loop
      vertex   1.097906e+02 -1.549598e+00 0.000000e+00
      vertex   1.088960e+02 -1.274665e+00 -3.128689e-01
      vertex   1.097965e+02 -1.525690e+00 -3.128689e-01
    endloop
  endfacet
  facet normal -2.092347e-01 -9.747156e-01 -7.842352e-02
    outer loop
      vertex   1.097906e+02 -1.549598e+00 0.000000e+00
      vertex   1.097965e+02 -1.525690e+00 -3.128689e-01
      vertex   1.107060e+02 -1.746109e+00 0.000000e+00
    endloop
  endfacet
  facet normal -2.092347e-01 -9.747156e-01 -7.842352e-02
    outer loop
      vertex   1.107060e+02 -1.746109e+00 0.000000e+00
      vertex   1.097965e+02 -1.525690e+00 -3.128689e-01
      vertex   1.107105e+02 -1.721889e+00 -3.128689e-01
    endloop
  endfacet
  facet normal -1.500011e-01 -9.855706e-01 -7.842352e-02
    outer loop
      vertex   1.107060e+02 -1.746109e+00 0.000000e+00
      vertex   1.107105e+02 -1.721889e+00 -3.128689e-01
      vertex   1.116317e+02 -1.886988e+00 0.000000e+00
    endloop
  endfacet
  facet normal -1.500011e-01 -9.855706e-01 -7.842352e-02
    outer loop
      vertex   1.116317e+02 -1.886988e+00 0.000000e+00
      vertex   1.107105e+02 -1.721889e+00 -3.128689e-01
      vertex   1.116346e+02 -1.862544e+00 -3.128689e-01
    endloop
  endfacet
  facet normal -9.022015e-02 -9.928293e-01 -7.842352e-02
    outer loop
      vertex   1.116317e+02 -1.886988e+00 0.000000e+00
      vertex   1.116346e+02 -1.862544e+00 -3.128689e-01
      vertex   1.125641e+02 -1.971721e+00 0.000000e+00
    endloop
  endfacet
  facet normal -9.022015e-02 -9.928293e-01 -7.842352e-02
    outer loop
      vertex   1.125641e+02 -1.971721e+00 0.000000e+00
      vertex   1.116346e+02 -1.862544e+00 -3.128689e-01
      vertex   1.125656e+02 -1.947143e+00 -3.128689e-01
    endloop
  endfacet
  facet normal -3.011001e-02 -9.964653e-01 -7.842352e-02
    outer loop
      vertex   1.125641e+02 -1.971721e+00 0.000000e+00
      vertex   1.125656e+02 -1.947143e+00 -3.128689e-01
      vertex   1.135000e+02 -2.000000e+00 0.000000e+00
    endloop
  endfacet
  facet normal -3.011001e-02 -9.964653e-01 -7.842352e-02
    outer loop
      vertex   1.135000e+02 -2.000000e+00 0.000000e+00
      vertex   1.125656e+02 -1.947143e+00 -3.128689e-01
      vertex   1.135000e+02 -1.975377e+00 -3.128689e-01
    endloop
  endfacet
  facet normal -2.936925e-02 -9.719505e-01 -2.333447e-01
    outer loop
      vertex   1.135000e+02 -1.975377e+00 -3.128689e-01
      vertex   1.125656e+02 -1.947143e+00 -3.128689e-01
      vertex   1.125700e+02 -1.874013e+00 -6.180340e-01
    endloop
  endfacet
  facet normal -2.936925e-02 -9.719505e-01 -2.333447e-01
    outer loop
      vertex   1.135000e+02 -1.975377e+00 -3.128689e-01
      vertex   1.125700e+02 -1.874013e+00 -6.180340e-01
      vertex   1.135000e+02 -1.902113e+00 -6.180340e-01
    endloop
  endfacet
  facet normal -2.790582e-02 -9.235197e-01 -3.825344e-01
    outer loop
      vertex   1.135000e+02 -1.902113e+00 -6.180340e-01
      vertex   1.125700e+02 -1.874013e+00 -6.180340e-01
      vertex   1.125773e+02 -1.754132e+00 -9.079810e-01
    endloop
  endfacet
  facet normal -2.790582e-02 -9.235197e-01 -3.825344e-01
    outer loop
      vertex   1.135000e+02 -1.902113e+00 -6.180340e-01
      vertex   1.125773e+02 -1.754132e+00 -9.079810e-01
      vertex   1.135000e+02 -1.782013e+00 -9.079810e-01
    endloop
  endfacet
  facet normal -2.575552e-02 -8.523573e-01 -5.223252e-01
    outer loop
      vertex   1.135000e+02 -1.782013e+00 -9.079810e-01
      vertex   1.125773e+02 -1.754132e+00 -9.079810e-01
      vertex   1.125872e+02 -1.590452e+00 -1.175571e+00
    endloop
  endfacet
  facet normal -2.575552e-02 -8.523573e-01 -5.223252e-01
    outer loop
      vertex   1.135000e+02 -1.782013e+00 -9.079810e-01
      vertex   1.125872e+02 -1.590452e+00 -1.175571e+00
      vertex   1.135000e+02 -1.618034e+00 -1.175571e+00
    endloop
  endfacet
  facet normal -2.297098e-02 -7.602053e-01 -6.492767e-01
    outer loop
      vertex   1.135000e+02 -1.618034e+00 -1.175571e+00
      vertex   1.125872e+02 -1.590452e+00 -1.175571e+00
      vertex   1.125995e+02 -1.387003e+00 -1.414214e+00
    endloop
  endfacet
  facet normal -2.297098e-02 -7.602053e-01 -6.492767e-01
    outer loop
      vertex   1.135000e+02 -1.618034e+00 -1.175571e+00
      vertex   1.125995e+02 -1.387003e+00 -1.414214e+00
      vertex   1.135000e+02 -1.414214e+00 -1.414214e+00
    endloop
  endfacet
  facet normal -1.962047e-02 -6.493230e-01 -7.602596e-01
    outer loop
      vertex   1.135000e+02 -1.414214e+00 -1.414214e+00
      vertex   1.125995e+02 -1.387003e+00 -1.414214e+00
      vertex   1.126139e+02 -1.148796e+00 -1.618034e+00
    endloop
  endfacet
  facet normal -1.962047e-02 -6.493230e-01 -7.602596e-01
    outer loop
      vertex   1.135000e+02 -1.414214e+00 -1.414214e+00
      vertex   1.126139e+02 -1.148796e+00 -1.618034e+00
      vertex   1.135000e+02 -1.175571e+00 -1.618034e+00
    endloop
  endfacet
  facet normal -1.578627e-02 -5.224335e-01 -8.525339e-01
    outer loop
      vertex   1.135000e+02 -1.175571e+00 -1.618034e+00
      vertex   1.126139e+02 -1.148796e+00 -1.618034e+00
      vertex   1.126301e+02 -8.816944e-01 -1.782013e+00
    endloop
  endfacet
  facet normal -1.578627e-02 -5.224335e-01 -8.525339e-01
    outer loop
      vertex   1.135000e+02 -1.175571e+00 -1.618034e+00
      vertex   1.126301e+02 -8.816944e-01 -1.782013e+00
      vertex   1.135000e+02 -9.079810e-01 -1.782013e+00
    endloop
  endfacet
  facet normal -1.156270e-02 -3.826578e-01 -9.238178e-01
    outer loop
      vertex   1.135000e+02 -9.079810e-01 -1.782013e+00
      vertex   1.126301e+02 -8.816944e-01 -1.782013e+00
      vertex   1.126476e+02 -5.922764e-01 -1.902113e+00
    endloop
  endfacet
  facet normal -1.156270e-02 -3.826578e-01 -9.238178e-01
    outer loop
      vertex   1.135000e+02 -9.079810e-01 -1.782013e+00
      vertex   1.126476e+02 -5.922764e-01 -1.902113e+00
      vertex   1.135000e+02 -6.180340e-01 -1.902113e+00
    endloop
  endfacet
  facet normal -7.053799e-03 -2.334396e-01 -9.723457e-01
    outer loop
      vertex   1.135000e+02 -6.180340e-01 -1.902113e+00
      vertex   1.126476e+02 -5.922764e-01 -1.902113e+00
      vertex   1.126660e+02 -2.876681e-01 -1.975377e+00
    endloop
  endfacet
  facet normal -7.053799e-03 -2.334396e-01 -9.723457e-01
    outer loop
      vertex   1.135000e+02 -6.180340e-01 -1.902113e+00
      vertex   1.126660e+02 -2.876681e-01 -1.975377e+00
      vertex   1.135000e+02 -3.128689e-01 -1.975377e+00
    endloop
  endfacet
  facet normal -2.370777e-03 -7.845888e-02 -9.969145e-01
    outer loop
      vertex   1.135000e+02 -3.128689e-01 -1.975377e+00
      vertex   1.126660e+02 -2.876681e-01 -1.975377e+00
      vertex   1.135000e+02 0.000000e+00 -2.000000e+00
    endloop
  endfacet
  facet normal -2.551444e-03 -7.793855e-02 -9.969549e-01
    outer loop
      vertex   1.135000e+02 0.000000e+00 -2.000000e+00
      vertex   1.126660e+02 -2.876681e-01 -1.975377e+00
      vertex   1.126171e+02 2.890454e-02 -2.000000e+00
    endloop
  endfacet
  facet normal -7.146418e-03 -7.864289e-02 -9.968772e-01
    outer loop
      vertex   1.126171e+02 2.890454e-02 -2.000000e+00
      vertex   1.126660e+02 -2.876681e-01 -1.975377e+00
      vertex   1.118350e+02 -2.121576e-01 -1.975377e+00
    endloop
  endfacet
  facet normal -7.601396e-03 -7.717827e-02 -9.969883e-01
    outer loop
      vertex   1.126171e+02 2.890454e-02 -2.000000e+00
      vertex   1.118350e+02 -2.121576e-01 -1.975377e+00
      vertex   1.117379e+02 1.154944e-01 -2.000000e+00
    endloop
  endfacet
  facet normal -1.194049e-02 -7.845410e-02 -9.968462e-01
    outer loop
      vertex   1.117379e+02 1.154944e-01 -2.000000e+00
      vertex   1.118350e+02 -2.121576e-01 -1.975377e+00
      vertex   1.110102e+02 -8.661285e-02 -1.975377e+00
    endloop
  endfacet
  facet normal -1.257751e-02 -7.618088e-02 -9.970147e-01
    outer loop
      vertex   1.117379e+02 1.154944e-01 -2.000000e+00
      vertex   1.110102e+02 -8.661285e-02 -1.975377e+00
      vertex   1.108663e+02 2.593987e-01 -2.000000e+00
    endloop
  endfacet
  facet normal -1.671998e-02 -7.788969e-02 -9.968218e-01
    outer loop
      vertex   1.108663e+02 2.593987e-01 -2.000000e+00
      vertex   1.110102e+02 -8.661285e-02 -1.975377e+00
      vertex   1.101944e+02 8.850794e-02 -1.975377e+00
    endloop
  endfacet
  facet normal -1.747567e-02 -7.494905e-02 -9.970342e-01
    outer loop
      vertex   1.108663e+02 2.593987e-01 -2.000000e+00
      vertex   1.101944e+02 8.850794e-02 -1.975377e+00
      vertex   1.100059e+02 4.600013e-01 -2.000000e+00
    endloop
  endfacet
  facet normal -2.145152e-02 -7.695035e-02 -9.968041e-01
    outer loop
      vertex   1.100059e+02 4.600013e-01 -2.000000e+00
      vertex   1.101944e+02 8.850794e-02 -1.975377e+00
      vertex   1.093906e+02 3.125658e-01 -1.975377e+00
    endloop
  endfacet
  facet normal -2.229151e-02 -7.348527e-02 -9.970471e-01
    outer loop
      vertex   1.100059e+02 4.600013e-01 -2.000000e+00
      vertex   1.093906e+02 3.125658e-01 -1.975377e+00
      vertex   1.091606e+02 7.164433e-01 -2.000000e+00
    endloop
  endfacet
  facet normal -2.610185e-02 -7.564030e-02 -9.967935e-01
    outer loop
      vertex   1.091606e+02 7.164433e-01 -2.000000e+00
      vertex   1.093906e+02 3.125658e-01 -1.975377e+00
      vertex   1.086019e+02 5.847432e-01 -1.975377e+00
    endloop
  endfacet
  facet normal -2.702053e-02 -7.179184e-02 -9.970536e-01
    outer loop
      vertex   1.091606e+02 7.164433e-01 -2.000000e+00
      vertex   1.086019e+02 5.847432e-01 -1.975377e+00
      vertex   1.083338e+02 1.027626e+00 -2.000000e+00
    endloop
  endfacet
  facet normal -3.063826e-02 -7.396730e-02 -9.967899e-01
    outer loop
      vertex   1.083338e+02 1.027626e+00 -2.000000e+00
      vertex   1.086019e+02 5.847432e-01 -1.975377e+00
      vertex   1.078310e+02 9.040469e-01 -1.975377e+00
    endloop
  endfacet
  facet normal -3.165809e-02 -6.987090e-02 -9.970536e-01
    outer loop
      vertex   1.083338e+02 1.027626e+00 -2.000000e+00
      vertex   1.078310e+02 9.040469e-01 -1.975377e+00
      vertex   1.075291e+02 1.392218e+00 -2.000000e+00
    endloop
  endfacet
  facet normal -3.502897e-02 -7.194256e-02 -9.967935e-01
    outer loop
      vertex   1.075291e+02 1.392218e+00 -2.000000e+00
      vertex   1.078310e+02 9.040469e-01 -1.975377e+00
      vertex   1.070808e+02 1.269312e+00 -1.975377e+00
    endloop
  endfacet
  facet normal -3.619945e-02 -6.772441e-02 -9.970471e-01
    outer loop
      vertex   1.075291e+02 1.392218e+00 -2.000000e+00
      vertex   1.070808e+02 1.269312e+00 -1.975377e+00
      vertex   1.067500e+02 1.808657e+00 -2.000000e+00
    endloop
  endfacet
  facet normal -3.924360e-02 -6.958063e-02 -9.968041e-01
    outer loop
      vertex   1.067500e+02 1.808657e+00 -2.000000e+00
      vertex   1.070808e+02 1.269312e+00 -1.975377e+00
      vertex   1.063541e+02 1.679205e+00 -1.975377e+00
    endloop
  endfacet
  facet normal -4.063982e-02 -6.535414e-02 -9.970342e-01
    outer loop
      vertex   1.067500e+02 1.808657e+00 -2.000000e+00
      vertex   1.063541e+02 1.679205e+00 -1.975377e+00
      vertex   1.059998e+02 2.275160e+00 -2.000000e+00
    endloop
  endfacet
  facet normal -4.325352e-02 -6.689914e-02 -9.968218e-01
    outer loop
      vertex   1.059998e+02 2.275160e+00 -2.000000e+00
      vertex   1.063541e+02 1.679205e+00 -1.975377e+00
      vertex   1.056534e+02 2.132232e+00 -1.975377e+00
    endloop
  endfacet
  facet normal -4.497437e-02 -6.276166e-02 -9.970147e-01
    outer loop
      vertex   1.059998e+02 2.275160e+00 -2.000000e+00
      vertex   1.056534e+02 2.132232e+00 -1.975377e+00
      vertex   1.052817e+02 2.789730e+00 -2.000000e+00
    endloop
  endfacet
  facet normal -4.703222e-02 -6.391863e-02 -9.968462e-01
    outer loop
      vertex   1.052817e+02 2.789730e+00 -2.000000e+00
      vertex   1.056534e+02 2.132232e+00 -1.975377e+00
      vertex   1.049813e+02 2.626738e+00 -1.975377e+00
    endloop
  endfacet
  facet normal -4.919828e-02 -5.994827e-02 -9.969883e-01
    outer loop
      vertex   1.052817e+02 2.789730e+00 -2.000000e+00
      vertex   1.049813e+02 2.626738e+00 -1.975377e+00
      vertex   1.045988e+02 3.350163e+00 -2.000000e+00
    endloop
  endfacet
  facet normal -5.055564e-02 -6.066220e-02 -9.968772e-01
    outer loop
      vertex   1.045988e+02 3.350163e+00 -2.000000e+00
      vertex   1.049813e+02 2.626738e+00 -1.975377e+00
      vertex   1.043404e+02 3.160919e+00 -1.975377e+00
    endloop
  endfacet
  facet normal -5.330673e-02 -5.691502e-02 -9.969549e-01
    outer loop
      vertex   1.045988e+02 3.350163e+00 -2.000000e+00
      vertex   1.043404e+02 3.160919e+00 -1.975377e+00
      vertex   1.039541e+02 3.954058e+00 -2.000000e+00
    endloop
  endfacet
  facet normal -5.380241e-02 -5.715520e-02 -9.969145e-01
    outer loop
      vertex   1.039541e+02 3.954058e+00 -2.000000e+00
      vertex   1.043404e+02 3.160919e+00 -1.975377e+00
      vertex   1.037328e+02 3.732827e+00 -1.975377e+00
    endloop
  endfacet
  facet normal -5.715520e-02 -5.380241e-02 -9.969145e-01
    outer loop
      vertex   1.039541e+02 3.954058e+00 -2.000000e+00
      vertex   1.037328e+02 3.732827e+00 -1.975377e+00
      vertex   1.031609e+02 4.340374e+00 -1.975377e+00
    endloop
  endfacet
  facet normal -1.700545e-01 -1.600789e-01 -9.723457e-01
    outer loop
      vertex   1.031609e+02 4.340374e+00 -1.975377e+00
      vertex   1.037328e+02 3.732827e+00 -1.975377e+00
      vertex   1.035170e+02 3.517042e+00 -1.902113e+00
    endloop
  endfacet
  facet normal -1.700545e-01 -1.600789e-01 -9.723457e-01
    outer loop
      vertex   1.031609e+02 4.340374e+00 -1.975377e+00
      vertex   1.035170e+02 3.517042e+00 -1.902113e+00
      vertex   1.029325e+02 4.138012e+00 -1.902113e+00
    endloop
  endfacet
  facet normal -2.787560e-01 -2.624039e-01 -9.238178e-01
    outer loop
      vertex   1.029325e+02 4.138012e+00 -1.902113e+00
      vertex   1.035170e+02 3.517042e+00 -1.902113e+00
      vertex   1.033120e+02 3.312019e+00 -1.782013e+00
    endloop
  endfacet
  facet normal -2.787560e-01 -2.624039e-01 -9.238178e-01
    outer loop
      vertex   1.029325e+02 4.138012e+00 -1.902113e+00
      vertex   1.033120e+02 3.312019e+00 -1.782013e+00
      vertex   1.027155e+02 3.945741e+00 -1.782013e+00
    endloop
  endfacet
  facet normal -3.805788e-01 -3.582537e-01 -8.525339e-01
    outer loop
      vertex   1.027155e+02 3.945741e+00 -1.782013e+00
      vertex   1.033120e+02 3.312019e+00 -1.782013e+00
      vertex   1.031228e+02 3.122805e+00 -1.618034e+00
    endloop
  endfacet
  facet normal -3.805788e-01 -3.582537e-01 -8.525339e-01
    outer loop
      vertex   1.027155e+02 3.945741e+00 -1.782013e+00
      vertex   1.031228e+02 3.122805e+00 -1.618034e+00
      vertex   1.025152e+02 3.768297e+00 -1.618034e+00
    endloop
  endfacet
  facet normal -4.730145e-01 -4.452669e-01 -7.602596e-01
    outer loop
      vertex   1.025152e+02 3.768297e+00 -1.618034e+00
      vertex   1.031228e+02 3.122805e+00 -1.618034e+00
      vertex   1.029541e+02 2.954058e+00 -1.414214e+00
    endloop
  endfacet
  facet normal -4.730145e-01 -4.452669e-01 -7.602596e-01
    outer loop
      vertex   1.025152e+02 3.768297e+00 -1.618034e+00
      vertex   1.029541e+02 2.954058e+00 -1.414214e+00
      vertex   1.023366e+02 3.610047e+00 -1.414214e+00
    endloop
  endfacet
  facet normal -5.537893e-01 -5.213034e-01 -6.492767e-01
    outer loop
      vertex   1.023366e+02 3.610047e+00 -1.414214e+00
      vertex   1.029541e+02 2.954058e+00 -1.414214e+00
      vertex   1.028099e+02 2.809936e+00 -1.175571e+00
    endloop
  endfacet
  facet normal -5.537893e-01 -5.213034e-01 -6.492767e-01
    outer loop
      vertex   1.023366e+02 3.610047e+00 -1.414214e+00
      vertex   1.028099e+02 2.809936e+00 -1.175571e+00
      vertex   1.021840e+02 3.474889e+00 -1.175571e+00
    endloop
  endfacet
  facet normal -6.209195e-01 -5.844957e-01 -5.223252e-01
    outer loop
      vertex   1.021840e+02 3.474889e+00 -1.175571e+00
      vertex   1.028099e+02 2.809936e+00 -1.175571e+00
      vertex   1.026940e+02 2.693985e+00 -9.079810e-01
    endloop
  endfacet
  facet normal -6.209195e-01 -5.844957e-01 -5.223252e-01
    outer loop
      vertex   1.021840e+02 3.474889e+00 -1.175571e+00
      vertex   1.026940e+02 2.693985e+00 -9.079810e-01
      vertex   1.020612e+02 3.366151e+00 -9.079810e-01
    endloop
  endfacet
  facet normal -6.727595e-01 -6.332947e-01 -3.825344e-01
    outer loop
      vertex   1.020612e+02 3.366151e+00 -9.079810e-01
      vertex   1.026940e+02 2.693985e+00 -9.079810e-01
      vertex   1.026091e+02 2.609061e+00 -6.180340e-01
    endloop
  endfacet
  facet normal -6.727595e-01 -6.332947e-01 -3.825344e-01
    outer loop
      vertex   1.020612e+02 3.366151e+00 -9.079810e-01
      vertex   1.026091e+02 2.609061e+00 -6.180340e-01
      vertex   1.019714e+02 3.286510e+00 -6.180340e-01
    endloop
  endfacet
  facet normal -7.080400e-01 -6.665056e-01 -2.333447e-01
    outer loop
      vertex   1.019714e+02 3.286510e+00 -6.180340e-01
      vertex   1.026091e+02 2.609061e+00 -6.180340e-01
      vertex   1.025573e+02 2.557256e+00 -3.128689e-01
    endloop
  endfacet
  facet normal -7.080400e-01 -6.665056e-01 -2.333447e-01
    outer loop
      vertex   1.019714e+02 3.286510e+00 -6.180340e-01
      vertex   1.025573e+02 2.557256e+00 -3.128689e-01
      vertex   1.019165e+02 3.237927e+00 -3.128689e-01
    endloop
  endfacet
  facet normal -9.719505e-01 -2.936925e-02 -2.333447e-01
    outer loop
      vertex   9.802462e+01 1.350000e+01 -3.128689e-01
      vertex   9.809789e+01 1.350000e+01 -6.180340e-01
      vertex   9.805286e+01 1.256562e+01 -3.128689e-01
    endloop
  endfacet
  facet normal -9.719505e-01 -2.936925e-02 -2.333447e-01
    outer loop
      vertex   9.805286e+01 1.256562e+01 -3.128689e-01
      vertex   9.809789e+01 1.350000e+01 -6.180340e-01
      vertex   9.812599e+01 1.257004e+01 -6.180340e-01
    endloop
  endfacet
  facet normal -9.684039e-01 -8.800057e-02 -2.333447e-01
    outer loop
      vertex   9.805286e+01 1.256562e+01 -3.128689e-01
      vertex   9.812599e+01 1.257004e+01 -6.180340e-01
      vertex   9.813746e+01 1.163465e+01 -3.128689e-01
    endloop
  endfacet
  facet normal -9.684039e-01 -8.800057e-02 -2.333447e-01
    outer loop
      vertex   9.813746e+01 1.163465e+01 -3.128689e-01
      vertex   9.812599e+01 1.257004e+01 -6.180340e-01
      vertex   9.821019e+01 1.164348e+01 -6.180340e-01
    endloop
  endfacet
  facet normal -9.613238e-01 -1.463108e-01 -2.333447e-01
    outer loop
      vertex   9.813746e+01 1.163465e+01 -3.128689e-01
      vertex   9.821019e+01 1.164348e+01 -6.180340e-01
      vertex   9.827811e+01 1.071049e+01 -3.128689e-01
    endloop
  endfacet
  facet normal -9.613238e-01 -1.463108e-01 -2.333447e-01
    outer loop
      vertex   9.827811e+01 1.071049e+01 -3.128689e-01
      vertex   9.821019e+01 1.164348e+01 -6.180340e-01
      vertex   9.835018e+01 1.072369e+01 -6.180340e-01
    endloop
  endfacet
  facet normal -9.507359e-01 -2.040871e-01 -2.333447e-01
    outer loop
      vertex   9.827811e+01 1.071049e+01 -3.128689e-01
      vertex   9.835018e+01 1.072369e+01 -6.180340e-01
      vertex   9.847431e+01 9.796500e+00 -3.128689e-01
    endloop
  endfacet
  facet normal -9.507359e-01 -2.040871e-01 -2.333447e-01
    outer loop
      vertex   9.847431e+01 9.796500e+00 -3.128689e-01
      vertex   9.835018e+01 1.072369e+01 -6.180340e-01
      vertex   9.854544e+01 9.814033e+00 -6.180340e-01
    endloop
  endfacet
  facet normal -9.366788e-01 -2.611188e-01 -2.333447e-01
    outer loop
      vertex   9.847431e+01 9.796500e+00 -3.128689e-01
      vertex   9.854544e+01 9.814033e+00 -6.180340e-01
      vertex   9.872533e+01 8.896028e+00 -3.128689e-01
    endloop
  endfacet
  facet normal -9.366788e-01 -2.611188e-01 -2.333447e-01
    outer loop
      vertex   9.872533e+01 8.896028e+00 -3.128689e-01
      vertex   9.854544e+01 9.814033e+00 -6.180340e-01
      vertex   9.879528e+01 8.917824e+00 -6.180340e-01
    endloop
  endfacet
  facet normal -9.192040e-01 -3.171977e-01 -2.333447e-01
    outer loop
      vertex   9.872533e+01 8.896028e+00 -3.128689e-01
      vertex   9.879528e+01 8.917824e+00 -6.180340e-01
      vertex   9.903027e+01 8.012356e+00 -3.128689e-01
    endloop
  endfacet
  facet normal -9.192040e-01 -3.171977e-01 -2.333447e-01
    outer loop
      vertex   9.903027e+01 8.012356e+00 -3.128689e-01
      vertex   9.879528e+01 8.917824e+00 -6.180340e-01
      vertex   9.909877e+01 8.038335e+00 -6.180340e-01
    endloop
  endfacet
  facet normal -8.983750e-01 -3.721191e-01 -2.333447e-01
    outer loop
      vertex   9.903027e+01 8.012356e+00 -3.128689e-01
      vertex   9.909877e+01 8.038335e+00 -6.180340e-01
      vertex   9.938801e+01 7.148707e+00 -3.128689e-01
    endloop
  endfacet
  facet normal -8.983750e-01 -3.721191e-01 -2.333447e-01
    outer loop
      vertex   9.938801e+01 7.148707e+00 -3.128689e-01
      vertex   9.909877e+01 8.038335e+00 -6.180340e-01
      vertex   9.945482e+01 7.178776e+00 -6.180340e-01
    endloop
  endfacet
  facet normal -8.742680e-01 -4.256827e-01 -2.333447e-01
    outer loop
      vertex   9.938801e+01 7.148707e+00 -3.128689e-01
      vertex   9.945482e+01 7.178776e+00 -6.180340e-01
      vertex   9.979723e+01 6.308234e+00 -3.128689e-01
    endloop
  endfacet
  facet normal -8.742680e-01 -4.256827e-01 -2.333447e-01
    outer loop
      vertex   9.979723e+01 6.308234e+00 -3.128689e-01
      vertex   9.945482e+01 7.178776e+00 -6.180340e-01
      vertex   9.986211e+01 6.342281e+00 -6.180340e-01
    endloop
  endfacet
  facet normal -8.469708e-01 -4.776931e-01 -2.333447e-01
    outer loop
      vertex   9.979723e+01 6.308234e+00 -3.128689e-01
      vertex   9.986211e+01 6.342281e+00 -6.180340e-01
      vertex   1.002565e+02 5.494002e+00 -3.128689e-01
    endloop
  endfacet
  facet normal -8.469708e-01 -4.776931e-01 -2.333447e-01
    outer loop
      vertex   1.002565e+02 5.494002e+00 -3.128689e-01
      vertex   9.986211e+01 6.342281e+00 -6.180340e-01
      vertex   1.003192e+02 5.531905e+00 -6.180340e-01
    endloop
  endfacet
  facet normal -8.165832e-01 -5.279604e-01 -2.333447e-01
    outer loop
      vertex   1.002565e+02 5.494002e+00 -3.128689e-01
      vertex   1.003192e+02 5.531905e+00 -6.180340e-01
      vertex   1.007640e+02 4.708984e+00 -3.128689e-01
    endloop
  endfacet
  facet normal -8.165832e-01 -5.279604e-01 -2.333447e-01
    outer loop
      vertex   1.007640e+02 4.708984e+00 -3.128689e-01
      vertex   1.003192e+02 5.531905e+00 -6.180340e-01
      vertex   1.008243e+02 4.750603e+00 -6.180340e-01
    endloop
  endfacet
  facet normal -7.832159e-01 -5.763012e-01 -2.333447e-01
    outer loop
      vertex   1.007640e+02 4.708984e+00 -3.128689e-01
      vertex   1.008243e+02 4.750603e+00 -6.180340e-01
      vertex   1.013180e+02 3.956043e+00 -3.128689e-01
    endloop
  endfacet
  facet normal -7.832159e-01 -5.763012e-01 -2.333447e-01
    outer loop
      vertex   1.013180e+02 3.956043e+00 -3.128689e-01
      vertex   1.008243e+02 4.750603e+00 -6.180340e-01
      vertex   1.013757e+02 4.001226e+00 -6.180340e-01
    endloop
  endfacet
  facet normal -7.469908e-01 -6.225392e-01 -2.333447e-01
    outer loop
      vertex   1.013180e+02 3.956043e+00 -3.128689e-01
      vertex   1.013757e+02 4.001226e+00 -6.180340e-01
      vertex   1.019165e+02 3.237927e+00 -3.128689e-01
    endloop
  endfacet
  facet normal -7.469908e-01 -6.225392e-01 -2.333447e-01
    outer loop
      vertex   1.019165e+02 3.237927e+00 -3.128689e-01
      vertex   1.013757e+02 4.001226e+00 -6.180340e-01
      vertex   1.019714e+02 3.286510e+00 -6.180340e-01
    endloop
  endfacet
  facet normal -9.235197e-01 -2.790582e-02 -3.825344e-01
    outer loop
      vertex   9.809789e+01 1.350000e+01 -6.180340e-01
      vertex   9.821799e+01 1.350000e+01 -9.079810e-01
      vertex   9.812599e+01 1.257004e+01 -6.180340e-01
    endloop
  endfacet
  facet normal -9.235197e-01 -2.790582e-02 -3.825344e-01
    outer loop
      vertex   9.812599e+01 1.257004e+01 -6.180340e-01
      vertex   9.821799e+01 1.350000e+01 -9.079810e-01
      vertex   9.824587e+01 1.257730e+01 -9.079810e-01
    endloop
  endfacet
  facet normal -9.201499e-01 -8.361564e-02 -3.825344e-01
    outer loop
      vertex   9.812599e+01 1.257004e+01 -6.180340e-01
      vertex   9.824587e+01 1.257730e+01 -9.079810e-01
      vertex   9.821019e+01 1.164348e+01 -6.180340e-01
    endloop
  endfacet
  facet normal -9.201499e-01 -8.361564e-02 -3.825344e-01
    outer loop
      vertex   9.821019e+01 1.164348e+01 -6.180340e-01
      vertex   9.824587e+01 1.257730e+01 -9.079810e-01
      vertex   9.832941e+01 1.165796e+01 -9.079810e-01
    endloop
  endfacet
  facet normal -9.134226e-01 -1.390204e-01 -3.825344e-01
    outer loop
      vertex   9.821019e+01 1.164348e+01 -6.180340e-01
      vertex   9.832941e+01 1.165796e+01 -9.079810e-01
      vertex   9.835018e+01 1.072369e+01 -6.180340e-01
    endloop
  endfacet
  facet normal -9.134226e-01 -1.390204e-01 -3.825344e-01
    outer loop
      vertex   9.835018e+01 1.072369e+01 -6.180340e-01
      vertex   9.832941e+01 1.165796e+01 -9.079810e-01
      vertex   9.846831e+01 1.074534e+01 -9.079810e-01
    endloop
  endfacet
  facet normal -9.033622e-01 -1.939178e-01 -3.825344e-01
    outer loop
      vertex   9.835018e+01 1.072369e+01 -6.180340e-01
      vertex   9.846831e+01 1.074534e+01 -9.079810e-01
      vertex   9.854544e+01 9.814033e+00 -6.180340e-01
    endloop
  endfacet
  facet normal -9.033622e-01 -1.939178e-01 -3.825344e-01
    outer loop
      vertex   9.854544e+01 9.814033e+00 -6.180340e-01
      vertex   9.846831e+01 1.074534e+01 -9.079810e-01
      vertex   9.866205e+01 9.842775e+00 -9.079810e-01
    endloop
  endfacet
  facet normal -8.900056e-01 -2.481077e-01 -3.825344e-01
    outer loop
      vertex   9.854544e+01 9.814033e+00 -6.180340e-01
      vertex   9.866205e+01 9.842775e+00 -9.079810e-01
      vertex   9.879528e+01 8.917824e+00 -6.180340e-01
    endloop
  endfacet
  facet normal -8.900056e-01 -2.481077e-01 -3.825344e-01
    outer loop
      vertex   9.879528e+01 8.917824e+00 -6.180340e-01
      vertex   9.866205e+01 9.842775e+00 -9.079810e-01
      vertex   9.890994e+01 8.953554e+00 -9.079810e-01
    endloop
  endfacet
  facet normal -8.734015e-01 -3.013922e-01 -3.825344e-01
    outer loop
      vertex   9.879528e+01 8.917824e+00 -6.180340e-01
      vertex   9.890994e+01 8.953554e+00 -9.079810e-01
      vertex   9.909877e+01 8.038335e+00 -6.180340e-01
    endloop
  endfacet
  facet normal -8.734015e-01 -3.013922e-01 -3.825344e-01
    outer loop
      vertex   9.909877e+01 8.038335e+00 -6.180340e-01
      vertex   9.890994e+01 8.953554e+00 -9.079810e-01
      vertex   9.921107e+01 8.080923e+00 -9.079810e-01
    endloop
  endfacet
  facet normal -8.536104e-01 -3.535770e-01 -3.825344e-01
    outer loop
      vertex   9.909877e+01 8.038335e+00 -6.180340e-01
      vertex   9.921107e+01 8.080923e+00 -9.079810e-01
      vertex   9.945482e+01 7.178776e+00 -6.180340e-01
    endloop
  endfacet
  facet normal -8.536104e-01 -3.535770e-01 -3.825344e-01
    outer loop
      vertex   9.945482e+01 7.178776e+00 -6.180340e-01
      vertex   9.921107e+01 8.080923e+00 -9.079810e-01
      vertex   9.956433e+01 7.228066e+00 -9.079810e-01
    endloop
  endfacet
  facet normal -8.307046e-01 -4.044716e-01 -3.825344e-01
    outer loop
      vertex   9.945482e+01 7.178776e+00 -6.180340e-01
      vertex   9.956433e+01 7.228066e+00 -9.079810e-01
      vertex   9.986211e+01 6.342281e+00 -6.180340e-01
    endloop
  endfacet
  facet normal -8.307046e-01 -4.044716e-01 -3.825344e-01
    outer loop
      vertex   9.986211e+01 6.342281e+00 -6.180340e-01
      vertex   9.956433e+01 7.228066e+00 -9.079810e-01
      vertex   9.996845e+01 6.398094e+00 -9.079810e-01
    endloop
  endfacet
  facet normal -8.047676e-01 -4.538904e-01 -3.825344e-01
    outer loop
      vertex   9.986211e+01 6.342281e+00 -6.180340e-01
      vertex   9.996845e+01 6.398094e+00 -9.079810e-01
      vertex   1.003192e+02 5.531905e+00 -6.180340e-01
    endloop
  endfacet
  facet normal -8.047676e-01 -4.538904e-01 -3.825344e-01
    outer loop
      vertex   1.003192e+02 5.531905e+00 -6.180340e-01
      vertex   9.996845e+01 6.398094e+00 -9.079810e-01
      vertex   1.004219e+02 5.594037e+00 -9.079810e-01
    endloop
  endfacet
  facet normal -7.758942e-01 -5.016530e-01 -3.825344e-01
    outer loop
      vertex   1.003192e+02 5.531905e+00 -6.180340e-01
      vertex   1.004219e+02 5.594037e+00 -9.079810e-01
      vertex   1.008243e+02 4.750603e+00 -6.180340e-01
    endloop
  endfacet
  facet normal -7.758942e-01 -5.016530e-01 -3.825344e-01
    outer loop
      vertex   1.008243e+02 4.750603e+00 -6.180340e-01
      vertex   1.004219e+02 5.594037e+00 -9.079810e-01
      vertex   1.009231e+02 4.818827e+00 -9.079810e-01
    endloop
  endfacet
  facet normal -7.441895e-01 -5.475850e-01 -3.825344e-01
    outer loop
      vertex   1.008243e+02 4.750603e+00 -6.180340e-01
      vertex   1.009231e+02 4.818827e+00 -9.079810e-01
      vertex   1.013757e+02 4.001226e+00 -6.180340e-01
    endloop
  endfacet
  facet normal -7.441895e-01 -5.475850e-01 -3.825344e-01
    outer loop
      vertex   1.013757e+02 4.001226e+00 -6.180340e-01
      vertex   1.009231e+02 4.818827e+00 -9.079810e-01
      vertex   1.014703e+02 4.075294e+00 -9.079810e-01
    endloop
  endfacet
  facet normal -7.097694e-01 -5.915191e-01 -3.825344e-01
    outer loop
      vertex   1.013757e+02 4.001226e+00 -6.180340e-01
      vertex   1.014703e+02 4.075294e+00 -9.079810e-01
      vertex   1.019714e+02 3.286510e+00 -6.180340e-01
    endloop
  endfacet
  facet normal -7.097694e-01 -5.915191e-01 -3.825344e-01
    outer loop
      vertex   1.019714e+02 3.286510e+00 -6.180340e-01
      vertex   1.014703e+02 4.075294e+00 -9.079810e-01
      vertex   1.020612e+02 3.366151e+00 -9.079810e-01
    endloop
  endfacet
  facet normal -8.523573e-01 -2.575552e-02 -5.223252e-01
    outer loop
      vertex   9.821799e+01 1.350000e+01 -9.079810e-01
      vertex   9.838197e+01 1.350000e+01 -1.175571e+00
      vertex   9.824587e+01 1.257730e+01 -9.079810e-01
    endloop
  endfacet
  facet normal -8.523573e-01 -2.575552e-02 -5.223252e-01
    outer loop
      vertex   9.824587e+01 1.257730e+01 -9.079810e-01
      vertex   9.838197e+01 1.350000e+01 -1.175571e+00
      vertex   9.840955e+01 1.258720e+01 -1.175571e+00
    endloop
  endfacet
  facet normal -8.492472e-01 -7.717259e-02 -5.223252e-01
    outer loop
      vertex   9.824587e+01 1.257730e+01 -9.079810e-01
      vertex   9.840955e+01 1.258720e+01 -1.175571e+00
      vertex   9.832941e+01 1.165796e+01 -9.079810e-01
    endloop
  endfacet
  facet normal -8.492472e-01 -7.717259e-02 -5.223252e-01
    outer loop
      vertex   9.832941e+01 1.165796e+01 -9.079810e-01
      vertex   9.840955e+01 1.258720e+01 -1.175571e+00
      vertex   9.849219e+01 1.167772e+01 -1.175571e+00
    endloop
  endfacet
  facet normal -8.430382e-01 -1.283081e-01 -5.223252e-01
    outer loop
      vertex   9.832941e+01 1.165796e+01 -9.079810e-01
      vertex   9.849219e+01 1.167772e+01 -1.175571e+00
      vertex   9.846831e+01 1.074534e+01 -9.079810e-01
    endloop
  endfacet
  facet normal -8.430382e-01 -1.283081e-01 -5.223252e-01
    outer loop
      vertex   9.846831e+01 1.074534e+01 -9.079810e-01
      vertex   9.849219e+01 1.167772e+01 -1.175571e+00
      vertex   9.862960e+01 1.077490e+01 -1.175571e+00
    endloop
  endfacet
  facet normal -8.337531e-01 -1.789753e-01 -5.223252e-01
    outer loop
      vertex   9.846831e+01 1.074534e+01 -9.079810e-01
      vertex   9.862960e+01 1.077490e+01 -1.175571e+00
      vertex   9.866205e+01 9.842775e+00 -9.079810e-01
    endloop
  endfacet
  facet normal -8.337531e-01 -1.789753e-01 -5.223252e-01
    outer loop
      vertex   9.866205e+01 9.842775e+00 -9.079810e-01
      vertex   9.862960e+01 1.077490e+01 -1.175571e+00
      vertex   9.882127e+01 9.882018e+00 -1.175571e+00
    endloop
  endfacet
  facet normal -8.214257e-01 -2.289896e-01 -5.223252e-01
    outer loop
      vertex   9.866205e+01 9.842775e+00 -9.079810e-01
      vertex   9.882127e+01 9.882018e+00 -1.175571e+00
      vertex   9.890994e+01 8.953554e+00 -9.079810e-01
    endloop
  endfacet
  facet normal -8.214257e-01 -2.289896e-01 -5.223252e-01
    outer loop
      vertex   9.890994e+01 8.953554e+00 -9.079810e-01
      vertex   9.882127e+01 9.882018e+00 -1.175571e+00
      vertex   9.906650e+01 9.002339e+00 -1.175571e+00
    endloop
  endfacet
  facet normal -8.061010e-01 -2.781682e-01 -5.223252e-01
    outer loop
      vertex   9.890994e+01 8.953554e+00 -9.079810e-01
      vertex   9.906650e+01 9.002339e+00 -1.175571e+00
      vertex   9.921107e+01 8.080923e+00 -9.079810e-01
    endloop
  endfacet
  facet normal -8.061010e-01 -2.781682e-01 -5.223252e-01
    outer loop
      vertex   9.921107e+01 8.080923e+00 -9.079810e-01
      vertex   9.906650e+01 9.002339e+00 -1.175571e+00
      vertex   9.936439e+01 8.139071e+00 -1.175571e+00
    endloop
  endfacet
  facet normal -7.878349e-01 -3.263319e-01 -5.223252e-01
    outer loop
      vertex   9.921107e+01 8.080923e+00 -9.079810e-01
      vertex   9.936439e+01 8.139071e+00 -1.175571e+00
      vertex   9.956433e+01 7.228066e+00 -9.079810e-01
    endloop
  endfacet
  facet normal -7.878349e-01 -3.263319e-01 -5.223252e-01
    outer loop
      vertex   9.956433e+01 7.228066e+00 -9.079810e-01
      vertex   9.936439e+01 8.139071e+00 -1.175571e+00
      vertex   9.971387e+01 7.295365e+00 -1.175571e+00
    endloop
  endfacet
  facet normal -7.666941e-01 -3.733048e-01 -5.223252e-01
    outer loop
      vertex   9.956433e+01 7.228066e+00 -9.079810e-01
      vertex   9.971387e+01 7.295365e+00 -1.175571e+00
      vertex   9.996845e+01 6.398094e+00 -9.079810e-01
    endloop
  endfacet
  facet normal -7.666941e-01 -3.733048e-01 -5.223252e-01
    outer loop
      vertex   9.996845e+01 6.398094e+00 -9.079810e-01
      vertex   9.971387e+01 7.295365e+00 -1.175571e+00
      vertex   1.001136e+02 6.474299e+00 -1.175571e+00
    endloop
  endfacet
  facet normal -7.427557e-01 -4.189156e-01 -5.223252e-01
    outer loop
      vertex   9.996845e+01 6.398094e+00 -9.079810e-01
      vertex   1.001136e+02 6.474299e+00 -1.175571e+00
      vertex   1.004219e+02 5.594037e+00 -9.079810e-01
    endloop
  endfacet
  facet normal -7.427557e-01 -4.189156e-01 -5.223252e-01
    outer loop
      vertex   1.004219e+02 5.594037e+00 -9.079810e-01
      vertex   1.001136e+02 6.474299e+00 -1.175571e+00
      vertex   1.005623e+02 5.678869e+00 -1.175571e+00
    endloop
  endfacet
  facet normal -7.161071e-01 -4.629978e-01 -5.223252e-01
    outer loop
      vertex   1.004219e+02 5.594037e+00 -9.079810e-01
      vertex   1.005623e+02 5.678869e+00 -1.175571e+00
      vertex   1.009231e+02 4.818827e+00 -9.079810e-01
    endloop
  endfacet
  facet normal -7.161071e-01 -4.629978e-01 -5.223252e-01
    outer loop
      vertex   1.009231e+02 4.818827e+00 -9.079810e-01
      vertex   1.005623e+02 5.678869e+00 -1.175571e+00
      vertex   1.010581e+02 4.911978e+00 -1.175571e+00
    endloop
  endfacet
  facet normal -6.868455e-01 -5.053905e-01 -5.223252e-01
    outer loop
      vertex   1.009231e+02 4.818827e+00 -9.079810e-01
      vertex   1.010581e+02 4.911978e+00 -1.175571e+00
      vertex   1.014703e+02 4.075294e+00 -9.079810e-01
    endloop
  endfacet
  facet normal -6.868455e-01 -5.053905e-01 -5.223252e-01
    outer loop
      vertex   1.014703e+02 4.075294e+00 -9.079810e-01
      vertex   1.010581e+02 4.911978e+00 -1.175571e+00
      vertex   1.015993e+02 4.176423e+00 -1.175571e+00
    endloop
  endfacet
  facet normal -6.550777e-01 -5.459392e-01 -5.223252e-01
    outer loop
      vertex   1.014703e+02 4.075294e+00 -9.079810e-01
      vertex   1.015993e+02 4.176423e+00 -1.175571e+00
      vertex   1.020612e+02 3.366151e+00 -9.079810e-01
    endloop
  endfacet
  facet normal -6.550777e-01 -5.459392e-01 -5.223252e-01
    outer loop
      vertex   1.020612e+02 3.366151e+00 -9.079810e-01
      vertex   1.015993e+02 4.176423e+00 -1.175571e+00
      vertex   1.021840e+02 3.474889e+00 -1.175571e+00
    endloop
  endfacet
  facet normal -7.602053e-01 -2.297098e-02 -6.492767e-01
    outer loop
      vertex   9.838197e+01 1.350000e+01 -1.175571e+00
      vertex   9.858579e+01 1.350000e+01 -1.414214e+00
      vertex   9.840955e+01 1.258720e+01 -1.175571e+00
    endloop
  endfacet
  facet normal -7.602053e-01 -2.297098e-02 -6.492767e-01
    outer loop
      vertex   9.840955e+01 1.258720e+01 -1.175571e+00
      vertex   9.858579e+01 1.350000e+01 -1.414214e+00
      vertex   9.861300e+01 1.259950e+01 -1.414214e+00
    endloop
  endfacet
  facet normal -7.574314e-01 -6.882913e-02 -6.492767e-01
    outer loop
      vertex   9.840955e+01 1.258720e+01 -1.175571e+00
      vertex   9.861300e+01 1.259950e+01 -1.414214e+00
      vertex   9.849219e+01 1.167772e+01 -1.175571e+00
    endloop
  endfacet
  facet normal -7.574314e-01 -6.882913e-02 -6.492767e-01
    outer loop
      vertex   9.849219e+01 1.167772e+01 -1.175571e+00
      vertex   9.861300e+01 1.259950e+01 -1.414214e+00
      vertex   9.869453e+01 1.170229e+01 -1.414214e+00
    endloop
  endfacet
  facet normal -7.518937e-01 -1.144361e-01 -6.492767e-01
    outer loop
      vertex   9.849219e+01 1.167772e+01 -1.175571e+00
      vertex   9.869453e+01 1.170229e+01 -1.414214e+00
      vertex   9.862960e+01 1.077490e+01 -1.175571e+00
    endloop
  endfacet
  facet normal -7.518937e-01 -1.144361e-01 -6.492767e-01
    outer loop
      vertex   9.862960e+01 1.077490e+01 -1.175571e+00
      vertex   9.869453e+01 1.170229e+01 -1.414214e+00
      vertex   9.883008e+01 1.081164e+01 -1.414214e+00
    endloop
  endfacet
  facet normal -7.436124e-01 -1.596256e-01 -6.492767e-01
    outer loop
      vertex   9.862960e+01 1.077490e+01 -1.175571e+00
      vertex   9.883008e+01 1.081164e+01 -1.414214e+00
      vertex   9.882127e+01 9.882018e+00 -1.175571e+00
    endloop
  endfacet
  facet normal -7.436124e-01 -1.596256e-01 -6.492767e-01
    outer loop
      vertex   9.882127e+01 9.882018e+00 -1.175571e+00
      vertex   9.883008e+01 1.081164e+01 -1.414214e+00
      vertex   9.901917e+01 9.930795e+00 -1.414214e+00
    endloop
  endfacet
  facet normal -7.326178e-01 -2.042325e-01 -6.492767e-01
    outer loop
      vertex   9.882127e+01 9.882018e+00 -1.175571e+00
      vertex   9.901917e+01 9.930795e+00 -1.414214e+00
      vertex   9.906650e+01 9.002339e+00 -1.175571e+00
    endloop
  endfacet
  facet normal -7.326178e-01 -2.042325e-01 -6.492767e-01
    outer loop
      vertex   9.906650e+01 9.002339e+00 -1.175571e+00
      vertex   9.901917e+01 9.930795e+00 -1.414214e+00
      vertex   9.926109e+01 9.062976e+00 -1.414214e+00
    endloop
  endfacet
  facet normal -7.189499e-01 -2.480943e-01 -6.492767e-01
    outer loop
      vertex   9.906650e+01 9.002339e+00 -1.175571e+00
      vertex   9.926109e+01 9.062976e+00 -1.414214e+00
      vertex   9.936439e+01 8.139071e+00 -1.175571e+00
    endloop
  endfacet
  facet normal -7.189499e-01 -2.480943e-01 -6.492767e-01
    outer loop
      vertex   9.936439e+01 8.139071e+00 -1.175571e+00
      vertex   9.926109e+01 9.062976e+00 -1.414214e+00
      vertex   9.955497e+01 8.211347e+00 -1.414214e+00
    endloop
  endfacet
  facet normal -7.026587e-01 -2.910508e-01 -6.492767e-01
    outer loop
      vertex   9.936439e+01 8.139071e+00 -1.175571e+00
      vertex   9.955497e+01 8.211347e+00 -1.414214e+00
      vertex   9.971387e+01 7.295365e+00 -1.175571e+00
    endloop
  endfacet
  facet normal -7.026587e-01 -2.910508e-01 -6.492767e-01
    outer loop
      vertex   9.971387e+01 7.295365e+00 -1.175571e+00
      vertex   9.955497e+01 8.211347e+00 -1.414214e+00
      vertex   9.989973e+01 7.379016e+00 -1.414214e+00
    endloop
  endfacet
  facet normal -6.838035e-01 -3.329452e-01 -6.492767e-01
    outer loop
      vertex   9.971387e+01 7.295365e+00 -1.175571e+00
      vertex   9.989973e+01 7.379016e+00 -1.414214e+00
      vertex   1.001136e+02 6.474299e+00 -1.175571e+00
    endloop
  endfacet
  facet normal -6.838035e-01 -3.329452e-01 -6.492767e-01
    outer loop
      vertex   1.001136e+02 6.474299e+00 -1.175571e+00
      vertex   9.989973e+01 7.379016e+00 -1.414214e+00
      vertex   1.002941e+02 6.569019e+00 -1.414214e+00
    endloop
  endfacet
  facet normal -6.624532e-01 -3.736248e-01 -6.492767e-01
    outer loop
      vertex   1.001136e+02 6.474299e+00 -1.175571e+00
      vertex   1.002941e+02 6.569019e+00 -1.414214e+00
      vertex   1.005623e+02 5.678869e+00 -1.175571e+00
    endloop
  endfacet
  facet normal -6.624532e-01 -3.736248e-01 -6.492767e-01
    outer loop
      vertex   1.005623e+02 5.678869e+00 -1.175571e+00
      vertex   1.002941e+02 6.569019e+00 -1.414214e+00
      vertex   1.007367e+02 5.784313e+00 -1.414214e+00
    endloop
  endfacet
  facet normal -6.386857e-01 -4.129411e-01 -6.492767e-01
    outer loop
      vertex   1.005623e+02 5.678869e+00 -1.175571e+00
      vertex   1.007367e+02 5.784313e+00 -1.414214e+00
      vertex   1.010581e+02 4.911978e+00 -1.175571e+00
    endloop
  endfacet
  facet normal -6.386857e-01 -4.129411e-01 -6.492767e-01
    outer loop
      vertex   1.010581e+02 4.911978e+00 -1.175571e+00
      vertex   1.007367e+02 5.784313e+00 -1.414214e+00
      vertex   1.012258e+02 5.027761e+00 -1.414214e+00
    endloop
  endfacet
  facet normal -6.125877e-01 -4.507506e-01 -6.492767e-01
    outer loop
      vertex   1.010581e+02 4.911978e+00 -1.175571e+00
      vertex   1.012258e+02 5.027761e+00 -1.414214e+00
      vertex   1.015993e+02 4.176423e+00 -1.175571e+00
    endloop
  endfacet
  facet normal -6.125877e-01 -4.507506e-01 -6.492767e-01
    outer loop
      vertex   1.015993e+02 4.176423e+00 -1.175571e+00
      vertex   1.012258e+02 5.027761e+00 -1.414214e+00
      vertex   1.017598e+02 4.302123e+00 -1.414214e+00
    endloop
  endfacet
  facet normal -5.842544e-01 -4.869153e-01 -6.492767e-01
    outer loop
      vertex   1.015993e+02 4.176423e+00 -1.175571e+00
      vertex   1.017598e+02 4.302123e+00 -1.414214e+00
      vertex   1.021840e+02 3.474889e+00 -1.175571e+00
    endloop
  endfacet
  facet normal -5.842544e-01 -4.869153e-01 -6.492767e-01
    outer loop
      vertex   1.021840e+02 3.474889e+00 -1.175571e+00
      vertex   1.017598e+02 4.302123e+00 -1.414214e+00
      vertex   1.023366e+02 3.610047e+00 -1.414214e+00
    endloop
  endfacet
  facet normal -6.493230e-01 -1.962047e-02 -7.602596e-01
    outer loop
      vertex   9.858579e+01 1.350000e+01 -1.414214e+00
      vertex   9.882443e+01 1.350000e+01 -1.618034e+00
      vertex   9.861300e+01 1.259950e+01 -1.414214e+00
    endloop
  endfacet
  facet normal -6.493230e-01 -1.962047e-02 -7.602596e-01
    outer loop
      vertex   9.861300e+01 1.259950e+01 -1.414214e+00
      vertex   9.882443e+01 1.350000e+01 -1.618034e+00
      vertex   9.885120e+01 1.261391e+01 -1.618034e+00
    endloop
  endfacet
  facet normal -6.469537e-01 -5.878983e-02 -7.602596e-01
    outer loop
      vertex   9.861300e+01 1.259950e+01 -1.414214e+00
      vertex   9.885120e+01 1.261391e+01 -1.618034e+00
      vertex   9.869453e+01 1.170229e+01 -1.414214e+00
    endloop
  endfacet
  facet normal -6.469537e-01 -5.878983e-02 -7.602596e-01
    outer loop
      vertex   9.869453e+01 1.170229e+01 -1.414214e+00
      vertex   9.885120e+01 1.261391e+01 -1.618034e+00
      vertex   9.893143e+01 1.173106e+01 -1.618034e+00
    endloop
  endfacet
  facet normal -6.422237e-01 -9.774466e-02 -7.602596e-01
    outer loop
      vertex   9.869453e+01 1.170229e+01 -1.414214e+00
      vertex   9.893143e+01 1.173106e+01 -1.618034e+00
      vertex   9.883008e+01 1.081164e+01 -1.414214e+00
    endloop
  endfacet
  facet normal -6.422237e-01 -9.774466e-02 -7.602596e-01
    outer loop
      vertex   9.883008e+01 1.081164e+01 -1.414214e+00
      vertex   9.893143e+01 1.173106e+01 -1.618034e+00
      vertex   9.906482e+01 1.085465e+01 -1.618034e+00
    endloop
  endfacet
  facet normal -6.351504e-01 -1.363428e-01 -7.602596e-01
    outer loop
      vertex   9.883008e+01 1.081164e+01 -1.414214e+00
      vertex   9.906482e+01 1.085465e+01 -1.618034e+00
      vertex   9.901917e+01 9.930795e+00 -1.414214e+00
    endloop
  endfacet
  facet normal -6.351504e-01 -1.363428e-01 -7.602596e-01
    outer loop
      vertex   9.901917e+01 9.930795e+00 -1.414214e+00
      vertex   9.906482e+01 1.085465e+01 -1.618034e+00
      vertex   9.925087e+01 9.987906e+00 -1.618034e+00
    endloop
  endfacet
  facet normal -6.257594e-01 -1.744435e-01 -7.602596e-01
    outer loop
      vertex   9.901917e+01 9.930795e+00 -1.414214e+00
      vertex   9.925087e+01 9.987906e+00 -1.618034e+00
      vertex   9.926109e+01 9.062976e+00 -1.414214e+00
    endloop
  endfacet
  facet normal -6.257594e-01 -1.744435e-01 -7.602596e-01
    outer loop
      vertex   9.926109e+01 9.062976e+00 -1.414214e+00
      vertex   9.925087e+01 9.987906e+00 -1.618034e+00
      vertex   9.948893e+01 9.133973e+00 -1.618034e+00
    endloop
  endfacet
  facet normal -6.140851e-01 -2.119077e-01 -7.602596e-01
    outer loop
      vertex   9.926109e+01 9.062976e+00 -1.414214e+00
      vertex   9.948893e+01 9.133973e+00 -1.618034e+00
      vertex   9.955497e+01 8.211347e+00 -1.414214e+00
    endloop
  endfacet
  facet normal -6.140851e-01 -2.119077e-01 -7.602596e-01
    outer loop
      vertex   9.955497e+01 8.211347e+00 -1.414214e+00
      vertex   9.948893e+01 9.133973e+00 -1.618034e+00
      vertex   9.977810e+01 8.295971e+00 -1.618034e+00
    endloop
  endfacet
  facet normal -6.001701e-01 -2.485986e-01 -7.602596e-01
    outer loop
      vertex   9.955497e+01 8.211347e+00 -1.414214e+00
      vertex   9.977810e+01 8.295971e+00 -1.618034e+00
      vertex   9.989973e+01 7.379016e+00 -1.414214e+00
    endloop
  endfacet
  facet normal -6.001701e-01 -2.485986e-01 -7.602596e-01
    outer loop
      vertex   9.989973e+01 7.379016e+00 -1.414214e+00
      vertex   9.977810e+01 8.295971e+00 -1.618034e+00
      vertex   1.001173e+02 7.476958e+00 -1.618034e+00
    endloop
  endfacet
  facet normal -5.840651e-01 -2.843824e-01 -7.602596e-01
    outer loop
      vertex   9.989973e+01 7.379016e+00 -1.414214e+00
      vertex   1.001173e+02 7.476958e+00 -1.618034e+00
      vertex   1.002941e+02 6.569019e+00 -1.414214e+00
    endloop
  endfacet
  facet normal -5.840651e-01 -2.843824e-01 -7.602596e-01
    outer loop
      vertex   1.002941e+02 6.569019e+00 -1.414214e+00
      vertex   1.001173e+02 7.476958e+00 -1.618034e+00
      vertex   1.005054e+02 6.679922e+00 -1.618034e+00
    endloop
  endfacet
  facet normal -5.658289e-01 -3.191285e-01 -7.602596e-01
    outer loop
      vertex   1.002941e+02 6.569019e+00 -1.414214e+00
      vertex   1.005054e+02 6.679922e+00 -1.618034e+00
      vertex   1.007367e+02 5.784313e+00 -1.414214e+00
    endloop
  endfacet
  facet normal -5.658289e-01 -3.191285e-01 -7.602596e-01
    outer loop
      vertex   1.007367e+02 5.784313e+00 -1.414214e+00
      vertex   1.005054e+02 6.679922e+00 -1.618034e+00
      vertex   1.009409e+02 5.907772e+00 -1.618034e+00
    endloop
  endfacet
  facet normal -5.455281e-01 -3.527102e-01 -7.602596e-01
    outer loop
      vertex   1.007367e+02 5.784313e+00 -1.414214e+00
      vertex   1.009409e+02 5.907772e+00 -1.618034e+00
      vertex   1.012258e+02 5.027761e+00 -1.414214e+00
    endloop
  endfacet
  facet normal -5.455281e-01 -3.527102e-01 -7.602596e-01
    outer loop
      vertex   1.012258e+02 5.027761e+00 -1.414214e+00
      vertex   1.009409e+02 5.907772e+00 -1.618034e+00
      vertex   1.014222e+02 5.163326e+00 -1.618034e+00
    endloop
  endfacet
  facet normal -5.232367e-01 -3.850049e-01 -7.602596e-01
    outer loop
      vertex   1.012258e+02 5.027761e+00 -1.414214e+00
      vertex   1.014222e+02 5.163326e+00 -1.618034e+00
      vertex   1.017598e+02 4.302123e+00 -1.414214e+00
    endloop
  endfacet
  facet normal -5.232367e-01 -3.850049e-01 -7.602596e-01
    outer loop
      vertex   1.017598e+02 4.302123e+00 -1.414214e+00
      vertex   1.014222e+02 5.163326e+00 -1.618034e+00
      vertex   1.019476e+02 4.449299e+00 -1.618034e+00
    endloop
  endfacet
  facet normal -4.990360e-01 -4.158947e-01 -7.602596e-01
    outer loop
      vertex   1.017598e+02 4.302123e+00 -1.414214e+00
      vertex   1.019476e+02 4.449299e+00 -1.618034e+00
      vertex   1.023366e+02 3.610047e+00 -1.414214e+00
    endloop
  endfacet
  facet normal -4.990360e-01 -4.158947e-01 -7.602596e-01
    outer loop
      vertex   1.023366e+02 3.610047e+00 -1.414214e+00
      vertex   1.019476e+02 4.449299e+00 -1.618034e+00
      vertex   1.025152e+02 3.768297e+00 -1.618034e+00
    endloop
  endfacet
  facet normal -5.224335e-01 -1.578627e-02 -8.525339e-01
    outer loop
      vertex   9.882443e+01 1.350000e+01 -1.618034e+00
      vertex   9.909202e+01 1.350000e+01 -1.782013e+00
      vertex   9.885120e+01 1.261391e+01 -1.618034e+00
    endloop
  endfacet
  facet normal -5.224335e-01 -1.578627e-02 -8.525339e-01
    outer loop
      vertex   9.885120e+01 1.261391e+01 -1.618034e+00
      vertex   9.909202e+01 1.350000e+01 -1.782013e+00
      vertex   9.911831e+01 1.263007e+01 -1.782013e+00
    endloop
  endfacet
  facet normal -5.205272e-01 -4.730122e-02 -8.525339e-01
    outer loop
      vertex   9.885120e+01 1.261391e+01 -1.618034e+00
      vertex   9.911831e+01 1.263007e+01 -1.782013e+00
      vertex   9.893143e+01 1.173106e+01 -1.618034e+00
    endloop
  endfacet
  facet normal -5.205272e-01 -4.730122e-02 -8.525339e-01
    outer loop
      vertex   9.893143e+01 1.173106e+01 -1.618034e+00
      vertex   9.911831e+01 1.263007e+01 -1.782013e+00
      vertex   9.919707e+01 1.176331e+01 -1.782013e+00
    endloop
  endfacet
  facet normal -5.167215e-01 -7.864357e-02 -8.525339e-01
    outer loop
      vertex   9.893143e+01 1.173106e+01 -1.618034e+00
      vertex   9.919707e+01 1.176331e+01 -1.782013e+00
      vertex   9.906482e+01 1.085465e+01 -1.618034e+00
    endloop
  endfacet
  facet normal -5.167215e-01 -7.864357e-02 -8.525339e-01
    outer loop
      vertex   9.906482e+01 1.085465e+01 -1.618034e+00
      vertex   9.919707e+01 1.176331e+01 -1.782013e+00
      vertex   9.932802e+01 1.090289e+01 -1.782013e+00
    endloop
  endfacet
  facet normal -5.110304e-01 -1.096990e-01 -8.525339e-01
    outer loop
      vertex   9.906482e+01 1.085465e+01 -1.618034e+00
      vertex   9.932802e+01 1.090289e+01 -1.782013e+00
      vertex   9.925087e+01 9.987906e+00 -1.618034e+00
    endloop
  endfacet
  facet normal -5.110304e-01 -1.096990e-01 -8.525339e-01
    outer loop
      vertex   9.925087e+01 9.987906e+00 -1.618034e+00
      vertex   9.932802e+01 1.090289e+01 -1.782013e+00
      vertex   9.951069e+01 1.005194e+01 -1.782013e+00
    endloop
  endfacet
  facet normal -5.034746e-01 -1.403541e-01 -8.525339e-01
    outer loop
      vertex   9.925087e+01 9.987906e+00 -1.618034e+00
      vertex   9.951069e+01 1.005194e+01 -1.782013e+00
      vertex   9.948893e+01 9.133973e+00 -1.618034e+00
    endloop
  endfacet
  facet normal -5.034746e-01 -1.403541e-01 -8.525339e-01
    outer loop
      vertex   9.948893e+01 9.133973e+00 -1.618034e+00
      vertex   9.951069e+01 1.005194e+01 -1.782013e+00
      vertex   9.974440e+01 9.213582e+00 -1.782013e+00
    endloop
  endfacet
  facet normal -4.940817e-01 -1.704970e-01 -8.525339e-01
    outer loop
      vertex   9.948893e+01 9.133973e+00 -1.618034e+00
      vertex   9.974440e+01 9.213582e+00 -1.782013e+00
      vertex   9.977810e+01 8.295971e+00 -1.618034e+00
    endloop
  endfacet
  facet normal -4.940817e-01 -1.704970e-01 -8.525339e-01
    outer loop
      vertex   9.977810e+01 8.295971e+00 -1.618034e+00
      vertex   9.974440e+01 9.213582e+00 -1.782013e+00
      vertex   1.000283e+02 8.390860e+00 -1.782013e+00
    endloop
  endfacet
  facet normal -4.828859e-01 -2.000179e-01 -8.525339e-01
    outer loop
      vertex   9.977810e+01 8.295971e+00 -1.618034e+00
      vertex   1.000283e+02 8.390860e+00 -1.782013e+00
      vertex   1.001173e+02 7.476958e+00 -1.618034e+00
    endloop
  endfacet
  facet normal -4.828859e-01 -2.000179e-01 -8.525339e-01
    outer loop
      vertex   1.001173e+02 7.476958e+00 -1.618034e+00
      vertex   1.000283e+02 8.390860e+00 -1.782013e+00
      vertex   1.003614e+02 7.586780e+00 -1.782013e+00
    endloop
  endfacet
  facet normal -4.699281e-01 -2.288089e-01 -8.525339e-01
    outer loop
      vertex   1.001173e+02 7.476958e+00 -1.618034e+00
      vertex   1.003614e+02 7.586780e+00 -1.782013e+00
      vertex   1.005054e+02 6.679922e+00 -1.618034e+00
    endloop
  endfacet
  facet normal -4.699281e-01 -2.288089e-01 -8.525339e-01
    outer loop
      vertex   1.005054e+02 6.679922e+00 -1.618034e+00
      vertex   1.003614e+02 7.586780e+00 -1.782013e+00
      vertex   1.007424e+02 6.804277e+00 -1.782013e+00
    endloop
  endfacet
  facet normal -4.552556e-01 -2.567650e-01 -8.525339e-01
    outer loop
      vertex   1.005054e+02 6.679922e+00 -1.618034e+00
      vertex   1.007424e+02 6.804277e+00 -1.782013e+00
      vertex   1.009409e+02 5.907772e+00 -1.618034e+00
    endloop
  endfacet
  facet normal -4.552556e-01 -2.567650e-01 -8.525339e-01
    outer loop
      vertex   1.009409e+02 5.907772e+00 -1.618034e+00
      vertex   1.007424e+02 6.804277e+00 -1.782013e+00
      vertex   1.011699e+02 6.046207e+00 -1.782013e+00
    endloop
  endfacet
  facet normal -4.389219e-01 -2.837842e-01 -8.525339e-01
    outer loop
      vertex   1.009409e+02 5.907772e+00 -1.618034e+00
      vertex   1.011699e+02 6.046207e+00 -1.782013e+00
      vertex   1.014222e+02 5.163326e+00 -1.618034e+00
    endloop
  endfacet
  facet normal -4.389219e-01 -2.837842e-01 -8.525339e-01
    outer loop
      vertex   1.014222e+02 5.163326e+00 -1.618034e+00
      vertex   1.011699e+02 6.046207e+00 -1.782013e+00
      vertex   1.016425e+02 5.315334e+00 -1.782013e+00
    endloop
  endfacet
  facet normal -4.209867e-01 -3.097679e-01 -8.525339e-01
    outer loop
      vertex   1.014222e+02 5.163326e+00 -1.618034e+00
      vertex   1.016425e+02 5.315334e+00 -1.782013e+00
      vertex   1.019476e+02 4.449299e+00 -1.618034e+00
    endloop
  endfacet
  facet normal -4.209867e-01 -3.097679e-01 -8.525339e-01
    outer loop
      vertex   1.019476e+02 4.449299e+00 -1.618034e+00
      vertex   1.016425e+02 5.315334e+00 -1.782013e+00
      vertex   1.021583e+02 4.614326e+00 -1.782013e+00
    endloop
  endfacet
  facet normal -4.015153e-01 -3.346213e-01 -8.525339e-01
    outer loop
      vertex   1.019476e+02 4.449299e+00 -1.618034e+00
      vertex   1.021583e+02 4.614326e+00 -1.782013e+00
      vertex   1.025152e+02 3.768297e+00 -1.618034e+00
    endloop
  endfacet
  facet normal -4.015153e-01 -3.346213e-01 -8.525339e-01
    outer loop
      vertex   1.025152e+02 3.768297e+00 -1.618034e+00
      vertex   1.021583e+02 4.614326e+00 -1.782013e+00
      vertex   1.027155e+02 3.945741e+00 -1.782013e+00
    endloop
  endfacet
  facet normal -3.826578e-01 -1.156270e-02 -9.238178e-01
    outer loop
      vertex   9.909202e+01 1.350000e+01 -1.782013e+00
      vertex   9.938197e+01 1.350000e+01 -1.902113e+00
      vertex   9.911831e+01 1.263007e+01 -1.782013e+00
    endloop
  endfacet
  facet normal -3.826578e-01 -1.156270e-02 -9.238178e-01
    outer loop
      vertex   9.911831e+01 1.263007e+01 -1.782013e+00
      vertex   9.938197e+01 1.350000e+01 -1.902113e+00
      vertex   9.940772e+01 1.264757e+01 -1.902113e+00
    endloop
  endfacet
  facet normal -3.812616e-01 -3.464591e-02 -9.238178e-01
    outer loop
      vertex   9.911831e+01 1.263007e+01 -1.782013e+00
      vertex   9.940772e+01 1.264757e+01 -1.902113e+00
      vertex   9.919707e+01 1.176331e+01 -1.782013e+00
    endloop
  endfacet
  facet normal -3.812616e-01 -3.464591e-02 -9.238178e-01
    outer loop
      vertex   9.919707e+01 1.176331e+01 -1.782013e+00
      vertex   9.940772e+01 1.264757e+01 -1.902113e+00
      vertex   9.948490e+01 1.179826e+01 -1.902113e+00
    endloop
  endfacet
  facet normal -3.784741e-01 -5.760270e-02 -9.238178e-01
    outer loop
      vertex   9.919707e+01 1.176331e+01 -1.782013e+00
      vertex   9.948490e+01 1.179826e+01 -1.902113e+00
      vertex   9.932802e+01 1.090289e+01 -1.782013e+00
    endloop
  endfacet
  facet normal -3.784741e-01 -5.760270e-02 -9.238178e-01
    outer loop
      vertex   9.932802e+01 1.090289e+01 -1.782013e+00
      vertex   9.948490e+01 1.179826e+01 -1.902113e+00
      vertex   9.961322e+01 1.095515e+01 -1.902113e+00
    endloop
  endfacet
  facet normal -3.743056e-01 -8.034931e-02 -9.238178e-01
    outer loop
      vertex   9.932802e+01 1.090289e+01 -1.782013e+00
      vertex   9.961322e+01 1.095515e+01 -1.902113e+00
      vertex   9.951069e+01 1.005194e+01 -1.782013e+00
    endloop
  endfacet
  facet normal -3.743056e-01 -8.034931e-02 -9.238178e-01
    outer loop
      vertex   9.951069e+01 1.005194e+01 -1.782013e+00
      vertex   9.961322e+01 1.095515e+01 -1.902113e+00
      vertex   9.979221e+01 1.012133e+01 -1.902113e+00
    endloop
  endfacet
  facet normal -3.687714e-01 -1.028027e-01 -9.238178e-01
    outer loop
      vertex   9.951069e+01 1.005194e+01 -1.782013e+00
      vertex   9.979221e+01 1.012133e+01 -1.902113e+00
      vertex   9.974440e+01 9.213582e+00 -1.782013e+00
    endloop
  endfacet
  facet normal -3.687714e-01 -1.028027e-01 -9.238178e-01
    outer loop
      vertex   9.974440e+01 9.213582e+00 -1.782013e+00
      vertex   9.979221e+01 1.012133e+01 -1.902113e+00
      vertex   1.000212e+02 9.299842e+00 -1.902113e+00
    endloop
  endfacet
  facet normal -3.618915e-01 -1.248810e-01 -9.238178e-01
    outer loop
      vertex   9.974440e+01 9.213582e+00 -1.782013e+00
      vertex   1.000212e+02 9.299842e+00 -1.902113e+00
      vertex   1.000283e+02 8.390860e+00 -1.782013e+00
    endloop
  endfacet
  facet normal -3.618915e-01 -1.248810e-01 -9.238178e-01
    outer loop
      vertex   1.000283e+02 8.390860e+00 -1.782013e+00
      vertex   1.000212e+02 9.299842e+00 -1.902113e+00
      vertex   1.002994e+02 8.493676e+00 -1.902113e+00
    endloop
  endfacet
  facet normal -3.536911e-01 -1.465037e-01 -9.238178e-01
    outer loop
      vertex   1.000283e+02 8.390860e+00 -1.782013e+00
      vertex   1.002994e+02 8.493676e+00 -1.902113e+00
      vertex   1.003614e+02 7.586780e+00 -1.782013e+00
    endloop
  endfacet
  facet normal -3.536911e-01 -1.465037e-01 -9.238178e-01
    outer loop
      vertex   1.003614e+02 7.586780e+00 -1.782013e+00
      vertex   1.002994e+02 8.493676e+00 -1.902113e+00
      vertex   1.006258e+02 7.705778e+00 -1.902113e+00
    endloop
  endfacet
  facet normal -3.442002e-01 -1.675917e-01 -9.238178e-01
    outer loop
      vertex   1.003614e+02 7.586780e+00 -1.782013e+00
      vertex   1.006258e+02 7.705778e+00 -1.902113e+00
      vertex   1.007424e+02 6.804277e+00 -1.782013e+00
    endloop
  endfacet
  facet normal -3.442002e-01 -1.675917e-01 -9.238178e-01
    outer loop
      vertex   1.007424e+02 6.804277e+00 -1.782013e+00
      vertex   1.006258e+02 7.705778e+00 -1.902113e+00
      vertex   1.009991e+02 6.939022e+00 -1.902113e+00
    endloop
  endfacet
  facet normal -3.334532e-01 -1.880682e-01 -9.238178e-01
    outer loop
      vertex   1.007424e+02 6.804277e+00 -1.782013e+00
      vertex   1.009991e+02 6.939022e+00 -1.902113e+00
      vertex   1.011699e+02 6.046207e+00 -1.782013e+00
    endloop
  endfacet
  facet normal -3.334532e-01 -1.880682e-01 -9.238178e-01
    outer loop
      vertex   1.011699e+02 6.046207e+00 -1.782013e+00
      vertex   1.009991e+02 6.939022e+00 -1.902113e+00
      vertex   1.014181e+02 6.196207e+00 -1.902113e+00
    endloop
  endfacet
  facet normal -3.214896e-01 -2.078585e-01 -9.238178e-01
    outer loop
      vertex   1.011699e+02 6.046207e+00 -1.782013e+00
      vertex   1.014181e+02 6.196207e+00 -1.902113e+00
      vertex   1.016425e+02 5.315334e+00 -1.782013e+00
    endloop
  endfacet
  facet normal -3.214896e-01 -2.078585e-01 -9.238178e-01
    outer loop
      vertex   1.016425e+02 5.315334e+00 -1.782013e+00
      vertex   1.014181e+02 6.196207e+00 -1.902113e+00
      vertex   1.018811e+02 5.480043e+00 -1.902113e+00
    endloop
  endfacet
  facet normal -3.083529e-01 -2.268904e-01 -9.238178e-01
    outer loop
      vertex   1.016425e+02 5.315334e+00 -1.782013e+00
      vertex   1.018811e+02 5.480043e+00 -1.902113e+00
      vertex   1.021583e+02 4.614326e+00 -1.782013e+00
    endloop
  endfacet
  facet normal -3.083529e-01 -2.268904e-01 -9.238178e-01
    outer loop
      vertex   1.021583e+02 4.614326e+00 -1.782013e+00
      vertex   1.018811e+02 5.480043e+00 -1.902113e+00
      vertex   1.023865e+02 4.793142e+00 -1.902113e+00
    endloop
  endfacet
  facet normal -2.940910e-01 -2.450943e-01 -9.238178e-01
    outer loop
      vertex   1.021583e+02 4.614326e+00 -1.782013e+00
      vertex   1.023865e+02 4.793142e+00 -1.902113e+00
      vertex   1.027155e+02 3.945741e+00 -1.782013e+00
    endloop
  endfacet
  facet normal -2.940910e-01 -2.450943e-01 -9.238178e-01
    outer loop
      vertex   1.027155e+02 3.945741e+00 -1.782013e+00
      vertex   1.023865e+02 4.793142e+00 -1.902113e+00
      vertex   1.029325e+02 4.138012e+00 -1.902113e+00
    endloop
  endfacet
  facet normal -2.334396e-01 -7.053799e-03 -9.723457e-01
    outer loop
      vertex   9.938197e+01 1.350000e+01 -1.902113e+00
      vertex   9.968713e+01 1.350000e+01 -1.975377e+00
      vertex   9.940772e+01 1.264757e+01 -1.902113e+00
    endloop
  endfacet
  facet normal -2.334396e-01 -7.053799e-03 -9.723457e-01
    outer loop
      vertex   9.940772e+01 1.264757e+01 -1.902113e+00
      vertex   9.968713e+01 1.350000e+01 -1.975377e+00
      vertex   9.971233e+01 1.266600e+01 -1.975377e+00
    endloop
  endfacet
  facet normal -2.325878e-01 -2.113566e-02 -9.723457e-01
    outer loop
      vertex   9.940772e+01 1.264757e+01 -1.902113e+00
      vertex   9.971233e+01 1.266600e+01 -1.975377e+00
      vertex   9.948490e+01 1.179826e+01 -1.902113e+00
    endloop
  endfacet
  facet normal -2.325878e-01 -2.113566e-02 -9.723457e-01
    outer loop
      vertex   9.948490e+01 1.179826e+01 -1.902113e+00
      vertex   9.971233e+01 1.266600e+01 -1.975377e+00
      vertex   9.978784e+01 1.183504e+01 -1.975377e+00
    endloop
  endfacet
  facet normal -2.308873e-01 -3.514040e-02 -9.723457e-01
    outer loop
      vertex   9.948490e+01 1.179826e+01 -1.902113e+00
      vertex   9.978784e+01 1.183504e+01 -1.975377e+00
      vertex   9.961322e+01 1.095515e+01 -1.902113e+00
    endloop
  endfacet
  facet normal -2.308873e-01 -3.514040e-02 -9.723457e-01
    outer loop
      vertex   9.961322e+01 1.095515e+01 -1.902113e+00
      vertex   9.978784e+01 1.183504e+01 -1.975377e+00
      vertex   9.991339e+01 1.101016e+01 -1.975377e+00
    endloop
  endfacet
  facet normal -2.283443e-01 -4.901691e-02 -9.723457e-01
    outer loop
      vertex   9.961322e+01 1.095515e+01 -1.902113e+00
      vertex   9.991339e+01 1.101016e+01 -1.975377e+00
      vertex   9.979221e+01 1.012133e+01 -1.902113e+00
    endloop
  endfacet
  facet normal -2.283443e-01 -4.901691e-02 -9.723457e-01
    outer loop
      vertex   9.979221e+01 1.012133e+01 -1.902113e+00
      vertex   9.991339e+01 1.101016e+01 -1.975377e+00
      vertex   1.000885e+02 1.019436e+01 -1.975377e+00
    endloop
  endfacet
  facet normal -2.249681e-01 -6.271457e-02 -9.723457e-01
    outer loop
      vertex   9.979221e+01 1.012133e+01 -1.902113e+00
      vertex   1.000885e+02 1.019436e+01 -1.975377e+00
      vertex   1.000212e+02 9.299842e+00 -1.902113e+00
    endloop
  endfacet
  facet normal -2.249681e-01 -6.271457e-02 -9.723457e-01
    outer loop
      vertex   1.000212e+02 9.299842e+00 -1.902113e+00
      vertex   1.000885e+02 1.019436e+01 -1.975377e+00
      vertex   1.003126e+02 9.390629e+00 -1.975377e+00
    endloop
  endfacet
  facet normal -2.207711e-01 -7.618339e-02 -9.723457e-01
    outer loop
      vertex   1.000212e+02 9.299842e+00 -1.902113e+00
      vertex   1.003126e+02 9.390629e+00 -1.975377e+00
      vertex   1.002994e+02 8.493676e+00 -1.902113e+00
    endloop
  endfacet
  facet normal -2.207711e-01 -7.618339e-02 -9.723457e-01
    outer loop
      vertex   1.002994e+02 8.493676e+00 -1.902113e+00
      vertex   1.003126e+02 9.390629e+00 -1.975377e+00
      vertex   1.005847e+02 8.601889e+00 -1.975377e+00
    endloop
  endfacet
  facet normal -2.157685e-01 -8.937422e-02 -9.723457e-01
    outer loop
      vertex   1.002994e+02 8.493676e+00 -1.902113e+00
      vertex   1.005847e+02 8.601889e+00 -1.975377e+00
      vertex   1.006258e+02 7.705778e+00 -1.902113e+00
    endloop
  endfacet
  facet normal -2.157685e-01 -8.937422e-02 -9.723457e-01
    outer loop
      vertex   1.006258e+02 7.705778e+00 -1.902113e+00
      vertex   1.005847e+02 8.601889e+00 -1.975377e+00
      vertex   1.009040e+02 7.831022e+00 -1.975377e+00
    endloop
  endfacet
  facet normal -2.099785e-01 -1.022389e-01 -9.723457e-01
    outer loop
      vertex   1.006258e+02 7.705778e+00 -1.902113e+00
      vertex   1.009040e+02 7.831022e+00 -1.975377e+00
      vertex   1.009991e+02 6.939022e+00 -1.902113e+00
    endloop
  endfacet
  facet normal -2.099785e-01 -1.022389e-01 -9.723457e-01
    outer loop
      vertex   1.009991e+02 6.939022e+00 -1.902113e+00
      vertex   1.009040e+02 7.831022e+00 -1.975377e+00
      vertex   1.012693e+02 7.080840e+00 -1.975377e+00
    endloop
  endfacet
  facet normal -2.034224e-01 -1.147306e-01 -9.723457e-01
    outer loop
      vertex   1.009991e+02 6.939022e+00 -1.902113e+00
      vertex   1.012693e+02 7.080840e+00 -1.975377e+00
      vertex   1.014181e+02 6.196207e+00 -1.902113e+00
    endloop
  endfacet
  facet normal -2.034224e-01 -1.147306e-01 -9.723457e-01
    outer loop
      vertex   1.014181e+02 6.196207e+00 -1.902113e+00
      vertex   1.012693e+02 7.080840e+00 -1.975377e+00
      vertex   1.016792e+02 6.354081e+00 -1.975377e+00
    endloop
  endfacet
  facet normal -1.961240e-01 -1.268036e-01 -9.723457e-01
    outer loop
      vertex   1.014181e+02 6.196207e+00 -1.902113e+00
      vertex   1.016792e+02 6.354081e+00 -1.975377e+00
      vertex   1.018811e+02 5.480043e+00 -1.902113e+00
    endloop
  endfacet
  facet normal -1.961240e-01 -1.268036e-01 -9.723457e-01
    outer loop
      vertex   1.018811e+02 5.480043e+00 -1.902113e+00
      vertex   1.016792e+02 6.354081e+00 -1.975377e+00
      vertex   1.021322e+02 5.653396e+00 -1.975377e+00
    endloop
  endfacet
  facet normal -1.881100e-01 -1.384139e-01 -9.723457e-01
    outer loop
      vertex   1.018811e+02 5.480043e+00 -1.902113e+00
      vertex   1.021322e+02 5.653396e+00 -1.975377e+00
      vertex   1.023865e+02 4.793142e+00 -1.902113e+00
    endloop
  endfacet
  facet normal -1.881100e-01 -1.384139e-01 -9.723457e-01
    outer loop
      vertex   1.023865e+02 4.793142e+00 -1.902113e+00
      vertex   1.021322e+02 5.653396e+00 -1.975377e+00
      vertex   1.026267e+02 4.981343e+00 -1.975377e+00
    endloop
  endfacet
  facet normal -1.794096e-01 -1.495192e-01 -9.723457e-01
    outer loop
      vertex   1.023865e+02 4.793142e+00 -1.902113e+00
      vertex   1.026267e+02 4.981343e+00 -1.975377e+00
      vertex   1.029325e+02 4.138012e+00 -1.902113e+00
    endloop
  endfacet
  facet normal -1.794096e-01 -1.495192e-01 -9.723457e-01
    outer loop
      vertex   1.029325e+02 4.138012e+00 -1.902113e+00
      vertex   1.026267e+02 4.981343e+00 -1.975377e+00
      vertex   1.031609e+02 4.340374e+00 -1.975377e+00
    endloop
  endfacet
  facet normal -7.845888e-02 -2.370777e-03 -9.969145e-01
    outer loop
      vertex   9.968713e+01 1.350000e+01 -1.975377e+00
      vertex   1.000000e+02 1.350000e+01 -2.000000e+00
      vertex   9.971233e+01 1.266600e+01 -1.975377e+00
    endloop
  endfacet
  facet normal -7.793855e-02 -2.551444e-03 -9.969549e-01
    outer loop
      vertex   9.971233e+01 1.266600e+01 -1.975377e+00
      vertex   1.000000e+02 1.350000e+01 -2.000000e+00
      vertex   1.000289e+02 1.261706e+01 -2.000000e+00
    endloop
  endfacet
  facet normal -7.864289e-02 -7.146418e-03 -9.968772e-01
    outer loop
      vertex   9.971233e+01 1.266600e+01 -1.975377e+00
      vertex   1.000289e+02 1.261706e+01 -2.000000e+00
      vertex   9.978784e+01 1.183504e+01 -1.975377e+00
    endloop
  endfacet
  facet normal -7.717827e-02 -7.601396e-03 -9.969883e-01
    outer loop
      vertex   9.978784e+01 1.183504e+01 -1.975377e+00
      vertex   1.000289e+02 1.261706e+01 -2.000000e+00
      vertex   1.001155e+02 1.173790e+01 -2.000000e+00
    endloop
  endfacet
  facet normal -7.845410e-02 -1.194049e-02 -9.968462e-01
    outer loop
      vertex   9.978784e+01 1.183504e+01 -1.975377e+00
      vertex   1.001155e+02 1.173790e+01 -2.000000e+00
      vertex   9.991339e+01 1.101016e+01 -1.975377e+00
    endloop
  endfacet
  facet normal -7.618088e-02 -1.257751e-02 -9.970147e-01
    outer loop
      vertex   9.991339e+01 1.101016e+01 -1.975377e+00
      vertex   1.001155e+02 1.173790e+01 -2.000000e+00
      vertex   1.002594e+02 1.086628e+01 -2.000000e+00
    endloop
  endfacet
  facet normal -7.788969e-02 -1.671998e-02 -9.968218e-01
    outer loop
      vertex   9.991339e+01 1.101016e+01 -1.975377e+00
      vertex   1.002594e+02 1.086628e+01 -2.000000e+00
      vertex   1.000885e+02 1.019436e+01 -1.975377e+00
    endloop
  endfacet
  facet normal -7.494905e-02 -1.747567e-02 -9.970342e-01
    outer loop
      vertex   1.000885e+02 1.019436e+01 -1.975377e+00
      vertex   1.002594e+02 1.086628e+01 -2.000000e+00
      vertex   1.004600e+02 1.000594e+01 -2.000000e+00
    endloop
  endfacet
  facet normal -7.695035e-02 -2.145152e-02 -9.968041e-01
    outer loop
      vertex   1.000885e+02 1.019436e+01 -1.975377e+00
      vertex   1.004600e+02 1.000594e+01 -2.000000e+00
      vertex   1.003126e+02 9.390629e+00 -1.975377e+00
    endloop
  endfacet
  facet normal -7.348527e-02 -2.229151e-02 -9.970471e-01
    outer loop
      vertex   1.003126e+02 9.390629e+00 -1.975377e+00
      vertex   1.004600e+02 1.000594e+01 -2.000000e+00
      vertex   1.007164e+02 9.160567e+00 -2.000000e+00
    endloop
  endfacet
  facet normal -7.564030e-02 -2.610185e-02 -9.967935e-01
    outer loop
      vertex   1.003126e+02 9.390629e+00 -1.975377e+00
      vertex   1.007164e+02 9.160567e+00 -2.000000e+00
      vertex   1.005847e+02 8.601889e+00 -1.975377e+00
    endloop
  endfacet
  facet normal -7.179184e-02 -2.702053e-02 -9.970536e-01
    outer loop
      vertex   1.005847e+02 8.601889e+00 -1.975377e+00
      vertex   1.007164e+02 9.160567e+00 -2.000000e+00
      vertex   1.010276e+02 8.333774e+00 -2.000000e+00
    endloop
  endfacet
  facet normal -7.396730e-02 -3.063826e-02 -9.967899e-01
    outer loop
      vertex   1.005847e+02 8.601889e+00 -1.975377e+00
      vertex   1.010276e+02 8.333774e+00 -2.000000e+00
      vertex   1.009040e+02 7.831022e+00 -1.975377e+00
    endloop
  endfacet
  facet normal -6.987090e-02 -3.165809e-02 -9.970536e-01
    outer loop
      vertex   1.009040e+02 7.831022e+00 -1.975377e+00
      vertex   1.010276e+02 8.333774e+00 -2.000000e+00
      vertex   1.013922e+02 7.529103e+00 -2.000000e+00
    endloop
  endfacet
  facet normal -7.194256e-02 -3.502897e-02 -9.967935e-01
    outer loop
      vertex   1.009040e+02 7.831022e+00 -1.975377e+00
      vertex   1.013922e+02 7.529103e+00 -2.000000e+00
      vertex   1.012693e+02 7.080840e+00 -1.975377e+00
    endloop
  endfacet
  facet normal -6.772441e-02 -3.619945e-02 -9.970471e-01
    outer loop
      vertex   1.012693e+02 7.080840e+00 -1.975377e+00
      vertex   1.013922e+02 7.529103e+00 -2.000000e+00
      vertex   1.018087e+02 6.750000e+00 -2.000000e+00
    endloop
  endfacet
  facet normal -6.958063e-02 -3.924360e-02 -9.968041e-01
    outer loop
      vertex   1.012693e+02 7.080840e+00 -1.975377e+00
      vertex   1.018087e+02 6.750000e+00 -2.000000e+00
      vertex   1.016792e+02 6.354081e+00 -1.975377e+00
    endloop
  endfacet
  facet normal -6.535414e-02 -4.063982e-02 -9.970342e-01
    outer loop
      vertex   1.016792e+02 6.354081e+00 -1.975377e+00
      vertex   1.018087e+02 6.750000e+00 -2.000000e+00
      vertex   1.022752e+02 5.999802e+00 -2.000000e+00
    endloop
  endfacet
  facet normal -6.689914e-02 -4.325352e-02 -9.968218e-01
    outer loop
      vertex   1.016792e+02 6.354081e+00 -1.975377e+00
      vertex   1.022752e+02 5.999802e+00 -2.000000e+00
      vertex   1.021322e+02 5.653396e+00 -1.975377e+00
    endloop
  endfacet
  facet normal -6.276166e-02 -4.497437e-02 -9.970147e-01
    outer loop
      vertex   1.021322e+02 5.653396e+00 -1.975377e+00
      vertex   1.022752e+02 5.999802e+00 -2.000000e+00
      vertex   1.027897e+02 5.281721e+00 -2.000000e+00
    endloop
  endfacet
  facet normal -6.391863e-02 -4.703222e-02 -9.968462e-01
    outer loop
      vertex   1.021322e+02 5.653396e+00 -1.975377e+00
      vertex   1.027897e+02 5.281721e+00 -2.000000e+00
      vertex   1.026267e+02 4.981343e+00 -1.975377e+00
    endloop
  endfacet
  facet normal -5.994827e-02 -4.919828e-02 -9.969883e-01
    outer loop
      vertex   1.026267e+02 4.981343e+00 -1.975377e+00
      vertex   1.027897e+02 5.281721e+00 -2.000000e+00
      vertex   1.033502e+02 4.598831e+00 -2.000000e+00
    endloop
  endfacet
  facet normal -6.066220e-02 -5.055564e-02 -9.968772e-01
    outer loop
      vertex   1.026267e+02 4.981343e+00 -1.975377e+00
      vertex   1.033502e+02 4.598831e+00 -2.000000e+00
      vertex   1.031609e+02 4.340374e+00 -1.975377e+00
    endloop
  endfacet
  facet normal -5.691502e-02 -5.330673e-02 -9.969549e-01
    outer loop
      vertex   1.031609e+02 4.340374e+00 -1.975377e+00
      vertex   1.033502e+02 4.598831e+00 -2.000000e+00
      vertex   1.039541e+02 3.954058e+00 -2.000000e+00
    endloop
  endfacet
  facet normal -1.600789e-01 -1.700545e-01 -9.723457e-01
    outer loop
      vertex   1.035170e+02 3.517042e+00 -1.902113e+00
      vertex   1.037328e+02 3.732827e+00 -1.975377e+00
      vertex   1.041380e+02 2.932500e+00 -1.902113e+00
    endloop
  endfacet
  facet normal -1.600789e-01 -1.700545e-01 -9.723457e-01
    outer loop
      vertex   1.041380e+02 2.932500e+00 -1.902113e+00
      vertex   1.037328e+02 3.732827e+00 -1.975377e+00
      vertex   1.043404e+02 3.160919e+00 -1.975377e+00
    endloop
  endfacet
  facet normal -1.495192e-01 -1.794096e-01 -9.723457e-01
    outer loop
      vertex   1.041380e+02 2.932500e+00 -1.902113e+00
      vertex   1.043404e+02 3.160919e+00 -1.975377e+00
      vertex   1.047931e+02 2.386517e+00 -1.902113e+00
    endloop
  endfacet
  facet normal -1.495192e-01 -1.794096e-01 -9.723457e-01
    outer loop
      vertex   1.047931e+02 2.386517e+00 -1.902113e+00
      vertex   1.043404e+02 3.160919e+00 -1.975377e+00
      vertex   1.049813e+02 2.626738e+00 -1.975377e+00
    endloop
  endfacet
  facet normal -1.384139e-01 -1.881100e-01 -9.723457e-01
    outer loop
      vertex   1.047931e+02 2.386517e+00 -1.902113e+00
      vertex   1.049813e+02 2.626738e+00 -1.975377e+00
      vertex   1.054800e+02 1.881086e+00 -1.902113e+00
    endloop
  endfacet
  facet normal -1.384139e-01 -1.881100e-01 -9.723457e-01
    outer loop
      vertex   1.054800e+02 1.881086e+00 -1.902113e+00
      vertex   1.049813e+02 2.626738e+00 -1.975377e+00
      vertex   1.056534e+02 2.132232e+00 -1.975377e+00
    endloop
  endfacet
  facet normal -1.268036e-01 -1.961240e-01 -9.723457e-01
    outer loop
      vertex   1.054800e+02 1.881086e+00 -1.902113e+00
      vertex   1.056534e+02 2.132232e+00 -1.975377e+00
      vertex   1.061962e+02 1.418051e+00 -1.902113e+00
    endloop
  endfacet
  facet normal -1.268036e-01 -1.961240e-01 -9.723457e-01
    outer loop
      vertex   1.061962e+02 1.418051e+00 -1.902113e+00
      vertex   1.056534e+02 2.132232e+00 -1.975377e+00
      vertex   1.063541e+02 1.679205e+00 -1.975377e+00
    endloop
  endfacet
  facet normal -1.147306e-01 -2.034224e-01 -9.723457e-01
    outer loop
      vertex   1.061962e+02 1.418051e+00 -1.902113e+00
      vertex   1.063541e+02 1.679205e+00 -1.975377e+00
      vertex   1.069390e+02 9.991017e-01 -1.902113e+00
    endloop
  endfacet
  facet normal -1.147306e-01 -2.034224e-01 -9.723457e-01
    outer loop
      vertex   1.069390e+02 9.991017e-01 -1.902113e+00
      vertex   1.063541e+02 1.679205e+00 -1.975377e+00
      vertex   1.070808e+02 1.269312e+00 -1.975377e+00
    endloop
  endfacet
  facet normal -1.022389e-01 -2.099785e-01 -9.723457e-01
    outer loop
      vertex   1.069390e+02 9.991017e-01 -1.902113e+00
      vertex   1.070808e+02 1.269312e+00 -1.975377e+00
      vertex   1.077058e+02 6.257670e-01 -1.902113e+00
    endloop
  endfacet
  facet normal -1.022389e-01 -2.099785e-01 -9.723457e-01
    outer loop
      vertex   1.077058e+02 6.257670e-01 -1.902113e+00
      vertex   1.070808e+02 1.269312e+00 -1.975377e+00
      vertex   1.078310e+02 9.040469e-01 -1.975377e+00
    endloop
  endfacet
  facet normal -8.937422e-02 -2.157685e-01 -9.723457e-01
    outer loop
      vertex   1.077058e+02 6.257670e-01 -1.902113e+00
      vertex   1.078310e+02 9.040469e-01 -1.975377e+00
      vertex   1.084937e+02 2.994089e-01 -1.902113e+00
    endloop
  endfacet
  facet normal -8.937422e-02 -2.157685e-01 -9.723457e-01
    outer loop
      vertex   1.084937e+02 2.994089e-01 -1.902113e+00
      vertex   1.078310e+02 9.040469e-01 -1.975377e+00
      vertex   1.086019e+02 5.847432e-01 -1.975377e+00
    endloop
  endfacet
  facet normal -7.618339e-02 -2.207711e-01 -9.723457e-01
    outer loop
      vertex   1.084937e+02 2.994089e-01 -1.902113e+00
      vertex   1.086019e+02 5.847432e-01 -1.975377e+00
      vertex   1.092998e+02 2.121836e-02 -1.902113e+00
    endloop
  endfacet
  facet normal -7.618339e-02 -2.207711e-01 -9.723457e-01
    outer loop
      vertex   1.092998e+02 2.121836e-02 -1.902113e+00
      vertex   1.086019e+02 5.847432e-01 -1.975377e+00
      vertex   1.093906e+02 3.125658e-01 -1.975377e+00
    endloop
  endfacet
  facet normal -6.271457e-02 -2.249681e-01 -9.723457e-01
    outer loop
      vertex   1.092998e+02 2.121836e-02 -1.902113e+00
      vertex   1.093906e+02 3.125658e-01 -1.975377e+00
      vertex   1.101213e+02 -2.077896e-01 -1.902113e+00
    endloop
  endfacet
  facet normal -6.271457e-02 -2.249681e-01 -9.723457e-01
    outer loop
      vertex   1.101213e+02 -2.077896e-01 -1.902113e+00
      vertex   1.093906e+02 3.125658e-01 -1.975377e+00
      vertex   1.101944e+02 8.850794e-02 -1.975377e+00
    endloop
  endfacet
  facet normal -4.901691e-02 -2.283443e-01 -9.723457e-01
    outer loop
      vertex   1.101213e+02 -2.077896e-01 -1.902113e+00
      vertex   1.101944e+02 8.850794e-02 -1.975377e+00
      vertex   1.109552e+02 -3.867793e-01 -1.902113e+00
    endloop
  endfacet
  facet normal -4.901691e-02 -2.283443e-01 -9.723457e-01
    outer loop
      vertex   1.109552e+02 -3.867793e-01 -1.902113e+00
      vertex   1.101944e+02 8.850794e-02 -1.975377e+00
      vertex   1.110102e+02 -8.661285e-02 -1.975377e+00
    endloop
  endfacet
  facet normal -3.514040e-02 -2.308873e-01 -9.723457e-01
    outer loop
      vertex   1.109552e+02 -3.867793e-01 -1.902113e+00
      vertex   1.110102e+02 -8.661285e-02 -1.975377e+00
      vertex   1.117983e+02 -5.150976e-01 -1.902113e+00
    endloop
  endfacet
  facet normal -3.514040e-02 -2.308873e-01 -9.723457e-01
    outer loop
      vertex   1.117983e+02 -5.150976e-01 -1.902113e+00
      vertex   1.110102e+02 -8.661285e-02 -1.975377e+00
      vertex   1.118350e+02 -2.121576e-01 -1.975377e+00
    endloop
  endfacet
  facet normal -2.113566e-02 -2.325878e-01 -9.723457e-01
    outer loop
      vertex   1.117983e+02 -5.150976e-01 -1.902113e+00
      vertex   1.118350e+02 -2.121576e-01 -1.975377e+00
      vertex   1.126476e+02 -5.922764e-01 -1.902113e+00
    endloop
  endfacet
  facet normal -2.113566e-02 -2.325878e-01 -9.723457e-01
    outer loop
      vertex   1.126476e+02 -5.922764e-01 -1.902113e+00
      vertex   1.118350e+02 -2.121576e-01 -1.975377e+00
      vertex   1.126660e+02 -2.876681e-01 -1.975377e+00
    endloop
  endfacet
  facet normal -2.624039e-01 -2.787560e-01 -9.238178e-01
    outer loop
      vertex   1.033120e+02 3.312019e+00 -1.782013e+00
      vertex   1.035170e+02 3.517042e+00 -1.902113e+00
      vertex   1.039457e+02 2.715471e+00 -1.782013e+00
    endloop
  endfacet
  facet normal -2.624039e-01 -2.787560e-01 -9.238178e-01
    outer loop
      vertex   1.039457e+02 2.715471e+00 -1.782013e+00
      vertex   1.035170e+02 3.517042e+00 -1.902113e+00
      vertex   1.041380e+02 2.932500e+00 -1.902113e+00
    endloop
  endfacet
  facet normal -2.450943e-01 -2.940910e-01 -9.238178e-01
    outer loop
      vertex   1.039457e+02 2.715471e+00 -1.782013e+00
      vertex   1.041380e+02 2.932500e+00 -1.902113e+00
      vertex   1.046143e+02 2.158275e+00 -1.782013e+00
    endloop
  endfacet
  facet normal -2.450943e-01 -2.940910e-01 -9.238178e-01
    outer loop
      vertex   1.046143e+02 2.158275e+00 -1.782013e+00
      vertex   1.041380e+02 2.932500e+00 -1.902113e+00
      vertex   1.047931e+02 2.386517e+00 -1.902113e+00
    endloop
  endfacet
  facet normal -2.268904e-01 -3.083529e-01 -9.238178e-01
    outer loop
      vertex   1.046143e+02 2.158275e+00 -1.782013e+00
      vertex   1.047931e+02 2.386517e+00 -1.902113e+00
      vertex   1.053153e+02 1.642464e+00 -1.782013e+00
    endloop
  endfacet
  facet normal -2.268904e-01 -3.083529e-01 -9.238178e-01
    outer loop
      vertex   1.053153e+02 1.642464e+00 -1.782013e+00
      vertex   1.047931e+02 2.386517e+00 -1.902113e+00
      vertex   1.054800e+02 1.881086e+00 -1.902113e+00
    endloop
  endfacet
  facet normal -2.078585e-01 -3.214896e-01 -9.238178e-01
    outer loop
      vertex   1.053153e+02 1.642464e+00 -1.782013e+00
      vertex   1.054800e+02 1.881086e+00 -1.902113e+00
      vertex   1.060462e+02 1.169920e+00 -1.782013e+00
    endloop
  endfacet
  facet normal -2.078585e-01 -3.214896e-01 -9.238178e-01
    outer loop
      vertex   1.060462e+02 1.169920e+00 -1.782013e+00
      vertex   1.054800e+02 1.881086e+00 -1.902113e+00
      vertex   1.061962e+02 1.418051e+00 -1.902113e+00
    endloop
  endfacet
  facet normal -1.880682e-01 -3.334532e-01 -9.238178e-01
    outer loop
      vertex   1.060462e+02 1.169920e+00 -1.782013e+00
      vertex   1.061962e+02 1.418051e+00 -1.902113e+00
      vertex   1.068043e+02 7.423664e-01 -1.782013e+00
    endloop
  endfacet
  facet normal -1.880682e-01 -3.334532e-01 -9.238178e-01
    outer loop
      vertex   1.068043e+02 7.423664e-01 -1.782013e+00
      vertex   1.061962e+02 1.418051e+00 -1.902113e+00
      vertex   1.069390e+02 9.991017e-01 -1.902113e+00
    endloop
  endfacet
  facet normal -1.675917e-01 -3.442002e-01 -9.238178e-01
    outer loop
      vertex   1.068043e+02 7.423664e-01 -1.782013e+00
      vertex   1.069390e+02 9.991017e-01 -1.902113e+00
      vertex   1.075868e+02 3.613643e-01 -1.782013e+00
    endloop
  endfacet
  facet normal -1.675917e-01 -3.442002e-01 -9.238178e-01
    outer loop
      vertex   1.075868e+02 3.613643e-01 -1.782013e+00
      vertex   1.069390e+02 9.991017e-01 -1.902113e+00
      vertex   1.077058e+02 6.257670e-01 -1.902113e+00
    endloop
  endfacet
  facet normal -1.465037e-01 -3.536911e-01 -9.238178e-01
    outer loop
      vertex   1.075868e+02 3.613643e-01 -1.782013e+00
      vertex   1.077058e+02 6.257670e-01 -1.902113e+00
      vertex   1.083909e+02 2.830374e-02 -1.782013e+00
    endloop
  endfacet
  facet normal -1.465037e-01 -3.536911e-01 -9.238178e-01
    outer loop
      vertex   1.083909e+02 2.830374e-02 -1.782013e+00
      vertex   1.077058e+02 6.257670e-01 -1.902113e+00
      vertex   1.084937e+02 2.994089e-01 -1.902113e+00
    endloop
  endfacet
  facet normal -1.248810e-01 -3.618915e-01 -9.238178e-01
    outer loop
      vertex   1.083909e+02 2.830374e-02 -1.782013e+00
      vertex   1.084937e+02 2.994089e-01 -1.902113e+00
      vertex   1.092136e+02 -2.556001e-01 -1.782013e+00
    endloop
  endfacet
  facet normal -1.248810e-01 -3.618915e-01 -9.238178e-01
    outer loop
      vertex   1.092136e+02 -2.556001e-01 -1.782013e+00
      vertex   1.084937e+02 2.994089e-01 -1.902113e+00
      vertex   1.092998e+02 2.121836e-02 -1.902113e+00
    endloop
  endfacet
  facet normal -1.028027e-01 -3.687714e-01 -9.238178e-01
    outer loop
      vertex   1.092136e+02 -2.556001e-01 -1.782013e+00
      vertex   1.092998e+02 2.121836e-02 -1.902113e+00
      vertex   1.100519e+02 -4.893113e-01 -1.782013e+00
    endloop
  endfacet
  facet normal -1.028027e-01 -3.687714e-01 -9.238178e-01
    outer loop
      vertex   1.100519e+02 -4.893113e-01 -1.782013e+00
      vertex   1.092998e+02 2.121836e-02 -1.902113e+00
      vertex   1.101213e+02 -2.077896e-01 -1.902113e+00
    endloop
  endfacet
  facet normal -8.034931e-02 -3.743056e-01 -9.238178e-01
    outer loop
      vertex   1.100519e+02 -4.893113e-01 -1.782013e+00
      vertex   1.101213e+02 -2.077896e-01 -1.902113e+00
      vertex   1.109029e+02 -6.719769e-01 -1.782013e+00
    endloop
  endfacet
  facet normal -8.034931e-02 -3.743056e-01 -9.238178e-01
    outer loop
      vertex   1.109029e+02 -6.719769e-01 -1.782013e+00
      vertex   1.101213e+02 -2.077896e-01 -1.902113e+00
      vertex   1.109552e+02 -3.867793e-01 -1.902113e+00
    endloop
  endfacet
  facet normal -5.760270e-02 -3.784741e-01 -9.238178e-01
    outer loop
      vertex   1.109029e+02 -6.719769e-01 -1.782013e+00
      vertex   1.109552e+02 -3.867793e-01 -1.902113e+00
      vertex   1.117633e+02 -8.029306e-01 -1.782013e+00
    endloop
  endfacet
  facet normal -5.760270e-02 -3.784741e-01 -9.238178e-01
    outer loop
      vertex   1.117633e+02 -8.029306e-01 -1.782013e+00
      vertex   1.109552e+02 -3.867793e-01 -1.902113e+00
      vertex   1.117983e+02 -5.150976e-01 -1.902113e+00
    endloop
  endfacet
  facet normal -3.464591e-02 -3.812616e-01 -9.238178e-01
    outer loop
      vertex   1.117633e+02 -8.029306e-01 -1.782013e+00
      vertex   1.117983e+02 -5.150976e-01 -1.902113e+00
      vertex   1.126301e+02 -8.816944e-01 -1.782013e+00
    endloop
  endfacet
  facet normal -3.464591e-02 -3.812616e-01 -9.238178e-01
    outer loop
      vertex   1.126301e+02 -8.816944e-01 -1.782013e+00
      vertex   1.117983e+02 -5.150976e-01 -1.902113e+00
      vertex   1.126476e+02 -5.922764e-01 -1.902113e+00
    endloop
  endfacet
  facet normal -3.582537e-01 -3.805788e-01 -8.525339e-01
    outer loop
      vertex   1.031228e+02 3.122805e+00 -1.618034e+00
      vertex   1.033120e+02 3.312019e+00 -1.782013e+00
      vertex   1.037683e+02 2.515178e+00 -1.618034e+00
    endloop
  endfacet
  facet normal -3.582537e-01 -3.805788e-01 -8.525339e-01
    outer loop
      vertex   1.037683e+02 2.515178e+00 -1.618034e+00
      vertex   1.033120e+02 3.312019e+00 -1.782013e+00
      vertex   1.039457e+02 2.715471e+00 -1.782013e+00
    endloop
  endfacet
  facet normal -3.346213e-01 -4.015153e-01 -8.525339e-01
    outer loop
      vertex   1.037683e+02 2.515178e+00 -1.618034e+00
      vertex   1.039457e+02 2.715471e+00 -1.782013e+00
      vertex   1.044493e+02 1.947633e+00 -1.618034e+00
    endloop
  endfacet
  facet normal -3.346213e-01 -4.015153e-01 -8.525339e-01
    outer loop
      vertex   1.044493e+02 1.947633e+00 -1.618034e+00
      vertex   1.039457e+02 2.715471e+00 -1.782013e+00
      vertex   1.046143e+02 2.158275e+00 -1.782013e+00
    endloop
  endfacet
  facet normal -3.097679e-01 -4.209867e-01 -8.525339e-01
    outer loop
      vertex   1.044493e+02 1.947633e+00 -1.618034e+00
      vertex   1.046143e+02 2.158275e+00 -1.782013e+00
      vertex   1.051633e+02 1.422242e+00 -1.618034e+00
    endloop
  endfacet
  facet normal -3.097679e-01 -4.209867e-01 -8.525339e-01
    outer loop
      vertex   1.051633e+02 1.422242e+00 -1.618034e+00
      vertex   1.046143e+02 2.158275e+00 -1.782013e+00
      vertex   1.053153e+02 1.642464e+00 -1.782013e+00
    endloop
  endfacet
  facet normal -2.837842e-01 -4.389219e-01 -8.525339e-01
    outer loop
      vertex   1.051633e+02 1.422242e+00 -1.618034e+00
      vertex   1.053153e+02 1.642464e+00 -1.782013e+00
      vertex   1.059078e+02 9.409216e-01 -1.618034e+00
    endloop
  endfacet
  facet normal -2.837842e-01 -4.389219e-01 -8.525339e-01
    outer loop
      vertex   1.059078e+02 9.409216e-01 -1.618034e+00
      vertex   1.053153e+02 1.642464e+00 -1.782013e+00
      vertex   1.060462e+02 1.169920e+00 -1.782013e+00
    endloop
  endfacet
  facet normal -2.567650e-01 -4.552556e-01 -8.525339e-01
    outer loop
      vertex   1.059078e+02 9.409216e-01 -1.618034e+00
      vertex   1.060462e+02 1.169920e+00 -1.782013e+00
      vertex   1.066799e+02 5.054277e-01 -1.618034e+00
    endloop
  endfacet
  facet normal -2.567650e-01 -4.552556e-01 -8.525339e-01
    outer loop
      vertex   1.066799e+02 5.054277e-01 -1.618034e+00
      vertex   1.060462e+02 1.169920e+00 -1.782013e+00
      vertex   1.068043e+02 7.423664e-01 -1.782013e+00
    endloop
  endfacet
  facet normal -2.288089e-01 -4.699281e-01 -8.525339e-01
    outer loop
      vertex   1.066799e+02 5.054277e-01 -1.618034e+00
      vertex   1.068043e+02 7.423664e-01 -1.782013e+00
      vertex   1.074770e+02 1.173495e-01 -1.618034e+00
    endloop
  endfacet
  facet normal -2.288089e-01 -4.699281e-01 -8.525339e-01
    outer loop
      vertex   1.074770e+02 1.173495e-01 -1.618034e+00
      vertex   1.068043e+02 7.423664e-01 -1.782013e+00
      vertex   1.075868e+02 3.613643e-01 -1.782013e+00
    endloop
  endfacet
  facet normal -2.000179e-01 -4.828859e-01 -8.525339e-01
    outer loop
      vertex   1.074770e+02 1.173495e-01 -1.618034e+00
      vertex   1.075868e+02 3.613643e-01 -1.782013e+00
      vertex   1.082960e+02 -2.218968e-01 -1.618034e+00
    endloop
  endfacet
  facet normal -2.000179e-01 -4.828859e-01 -8.525339e-01
    outer loop
      vertex   1.082960e+02 -2.218968e-01 -1.618034e+00
      vertex   1.075868e+02 3.613643e-01 -1.782013e+00
      vertex   1.083909e+02 2.830374e-02 -1.782013e+00
    endloop
  endfacet
  facet normal -1.704970e-01 -4.940817e-01 -8.525339e-01
    outer loop
      vertex   1.082960e+02 -2.218968e-01 -1.618034e+00
      vertex   1.083909e+02 2.830374e-02 -1.782013e+00
      vertex   1.091340e+02 -5.110734e-01 -1.618034e+00
    endloop
  endfacet
  facet normal -1.704970e-01 -4.940817e-01 -8.525339e-01
    outer loop
      vertex   1.091340e+02 -5.110734e-01 -1.618034e+00
      vertex   1.083909e+02 2.830374e-02 -1.782013e+00
      vertex   1.092136e+02 -2.556001e-01 -1.782013e+00
    endloop
  endfacet
  facet normal -1.403541e-01 -5.034746e-01 -8.525339e-01
    outer loop
      vertex   1.091340e+02 -5.110734e-01 -1.618034e+00
      vertex   1.092136e+02 -2.556001e-01 -1.782013e+00
      vertex   1.099879e+02 -7.491251e-01 -1.618034e+00
    endloop
  endfacet
  facet normal -1.403541e-01 -5.034746e-01 -8.525339e-01
    outer loop
      vertex   1.099879e+02 -7.491251e-01 -1.618034e+00
      vertex   1.092136e+02 -2.556001e-01 -1.782013e+00
      vertex   1.100519e+02 -4.893113e-01 -1.782013e+00
    endloop
  endfacet
  facet normal -1.096990e-01 -5.110304e-01 -8.525339e-01
    outer loop
      vertex   1.099879e+02 -7.491251e-01 -1.618034e+00
      vertex   1.100519e+02 -4.893113e-01 -1.782013e+00
      vertex   1.108547e+02 -9.351833e-01 -1.618034e+00
    endloop
  endfacet
  facet normal -1.096990e-01 -5.110304e-01 -8.525339e-01
    outer loop
      vertex   1.108547e+02 -9.351833e-01 -1.618034e+00
      vertex   1.100519e+02 -4.893113e-01 -1.782013e+00
      vertex   1.109029e+02 -6.719769e-01 -1.782013e+00
    endloop
  endfacet
  facet normal -7.864357e-02 -5.167215e-01 -8.525339e-01
    outer loop
      vertex   1.108547e+02 -9.351833e-01 -1.618034e+00
      vertex   1.109029e+02 -6.719769e-01 -1.782013e+00
      vertex   1.117311e+02 -1.068569e+00 -1.618034e+00
    endloop
  endfacet
  facet normal -7.864357e-02 -5.167215e-01 -8.525339e-01
    outer loop
      vertex   1.117311e+02 -1.068569e+00 -1.618034e+00
      vertex   1.109029e+02 -6.719769e-01 -1.782013e+00
      vertex   1.117633e+02 -8.029306e-01 -1.782013e+00
    endloop
  endfacet
  facet normal -4.730122e-02 -5.205272e-01 -8.525339e-01
    outer loop
      vertex   1.117311e+02 -1.068569e+00 -1.618034e+00
      vertex   1.117633e+02 -8.029306e-01 -1.782013e+00
      vertex   1.126139e+02 -1.148796e+00 -1.618034e+00
    endloop
  endfacet
  facet normal -4.730122e-02 -5.205272e-01 -8.525339e-01
    outer loop
      vertex   1.126139e+02 -1.148796e+00 -1.618034e+00
      vertex   1.117633e+02 -8.029306e-01 -1.782013e+00
      vertex   1.126301e+02 -8.816944e-01 -1.782013e+00
    endloop
  endfacet
  facet normal -4.452669e-01 -4.730145e-01 -7.602596e-01
    outer loop
      vertex   1.029541e+02 2.954058e+00 -1.414214e+00
      vertex   1.031228e+02 3.122805e+00 -1.618034e+00
      vertex   1.036100e+02 2.336551e+00 -1.414214e+00
    endloop
  endfacet
  facet normal -4.452669e-01 -4.730145e-01 -7.602596e-01
    outer loop
      vertex   1.036100e+02 2.336551e+00 -1.414214e+00
      vertex   1.031228e+02 3.122805e+00 -1.618034e+00
      vertex   1.037683e+02 2.515178e+00 -1.618034e+00
    endloop
  endfacet
  facet normal -4.158947e-01 -4.990360e-01 -7.602596e-01
    outer loop
      vertex   1.036100e+02 2.336551e+00 -1.414214e+00
      vertex   1.037683e+02 2.515178e+00 -1.618034e+00
      vertex   1.043021e+02 1.759777e+00 -1.414214e+00
    endloop
  endfacet
  facet normal -4.158947e-01 -4.990360e-01 -7.602596e-01
    outer loop
      vertex   1.043021e+02 1.759777e+00 -1.414214e+00
      vertex   1.037683e+02 2.515178e+00 -1.618034e+00
      vertex   1.044493e+02 1.947633e+00 -1.618034e+00
    endloop
  endfacet
  facet normal -3.850049e-01 -5.232367e-01 -7.602596e-01
    outer loop
      vertex   1.043021e+02 1.759777e+00 -1.414214e+00
      vertex   1.044493e+02 1.947633e+00 -1.618034e+00
      vertex   1.050278e+02 1.225843e+00 -1.414214e+00
    endloop
  endfacet
  facet normal -3.850049e-01 -5.232367e-01 -7.602596e-01
    outer loop
      vertex   1.050278e+02 1.225843e+00 -1.414214e+00
      vertex   1.044493e+02 1.947633e+00 -1.618034e+00
      vertex   1.051633e+02 1.422242e+00 -1.618034e+00
    endloop
  endfacet
  facet normal -3.527102e-01 -5.455281e-01 -7.602596e-01
    outer loop
      vertex   1.050278e+02 1.225843e+00 -1.414214e+00
      vertex   1.051633e+02 1.422242e+00 -1.618034e+00
      vertex   1.057843e+02 7.366953e-01 -1.414214e+00
    endloop
  endfacet
  facet normal -3.527102e-01 -5.455281e-01 -7.602596e-01
    outer loop
      vertex   1.057843e+02 7.366953e-01 -1.414214e+00
      vertex   1.051633e+02 1.422242e+00 -1.618034e+00
      vertex   1.059078e+02 9.409216e-01 -1.618034e+00
    endloop
  endfacet
  facet normal -3.191285e-01 -5.658289e-01 -7.602596e-01
    outer loop
      vertex   1.057843e+02 7.366953e-01 -1.414214e+00
      vertex   1.059078e+02 9.409216e-01 -1.618034e+00
      vertex   1.065690e+02 2.941197e-01 -1.414214e+00
    endloop
  endfacet
  facet normal -3.191285e-01 -5.658289e-01 -7.602596e-01
    outer loop
      vertex   1.065690e+02 2.941197e-01 -1.414214e+00
      vertex   1.059078e+02 9.409216e-01 -1.618034e+00
      vertex   1.066799e+02 5.054277e-01 -1.618034e+00
    endloop
  endfacet
  facet normal -2.843824e-01 -5.840651e-01 -7.602596e-01
    outer loop
      vertex   1.065690e+02 2.941197e-01 -1.414214e+00
      vertex   1.066799e+02 5.054277e-01 -1.618034e+00
      vertex   1.073790e+02 -1.002691e-01 -1.414214e+00
    endloop
  endfacet
  facet normal -2.843824e-01 -5.840651e-01 -7.602596e-01
    outer loop
      vertex   1.073790e+02 -1.002691e-01 -1.414214e+00
      vertex   1.066799e+02 5.054277e-01 -1.618034e+00
      vertex   1.074770e+02 1.173495e-01 -1.618034e+00
    endloop
  endfacet
  facet normal -2.485986e-01 -6.001701e-01 -7.602596e-01
    outer loop
      vertex   1.073790e+02 -1.002691e-01 -1.414214e+00
      vertex   1.074770e+02 1.173495e-01 -1.618034e+00
      vertex   1.082113e+02 -4.450319e-01 -1.414214e+00
    endloop
  endfacet
  facet normal -2.485986e-01 -6.001701e-01 -7.602596e-01
    outer loop
      vertex   1.082113e+02 -4.450319e-01 -1.414214e+00
      vertex   1.074770e+02 1.173495e-01 -1.618034e+00
      vertex   1.082960e+02 -2.218968e-01 -1.618034e+00
    endloop
  endfacet
  facet normal -2.119077e-01 -6.140851e-01 -7.602596e-01
    outer loop
      vertex   1.082113e+02 -4.450319e-01 -1.414214e+00
      vertex   1.082960e+02 -2.218968e-01 -1.618034e+00
      vertex   1.090630e+02 -7.389109e-01 -1.414214e+00
    endloop
  endfacet
  facet normal -2.119077e-01 -6.140851e-01 -7.602596e-01
    outer loop
      vertex   1.090630e+02 -7.389109e-01 -1.414214e+00
      vertex   1.082960e+02 -2.218968e-01 -1.618034e+00
      vertex   1.091340e+02 -5.110734e-01 -1.618034e+00
    endloop
  endfacet
  facet normal -1.744435e-01 -6.257594e-01 -7.602596e-01
    outer loop
      vertex   1.090630e+02 -7.389109e-01 -1.414214e+00
      vertex   1.091340e+02 -5.110734e-01 -1.618034e+00
      vertex   1.099308e+02 -9.808336e-01 -1.414214e+00
    endloop
  endfacet
  facet normal -1.744435e-01 -6.257594e-01 -7.602596e-01
    outer loop
      vertex   1.099308e+02 -9.808336e-01 -1.414214e+00
      vertex   1.091340e+02 -5.110734e-01 -1.618034e+00
      vertex   1.099879e+02 -7.491251e-01 -1.618034e+00
    endloop
  endfacet
  facet normal -1.363428e-01 -6.351504e-01 -7.602596e-01
    outer loop
      vertex   1.099308e+02 -9.808336e-01 -1.414214e+00
      vertex   1.099879e+02 -7.491251e-01 -1.618034e+00
      vertex   1.108116e+02 -1.169917e+00 -1.414214e+00
    endloop
  endfacet
  facet normal -1.363428e-01 -6.351504e-01 -7.602596e-01
    outer loop
      vertex   1.108116e+02 -1.169917e+00 -1.414214e+00
      vertex   1.099879e+02 -7.491251e-01 -1.618034e+00
      vertex   1.108547e+02 -9.351833e-01 -1.618034e+00
    endloop
  endfacet
  facet normal -9.774466e-02 -6.422237e-01 -7.602596e-01
    outer loop
      vertex   1.108116e+02 -1.169917e+00 -1.414214e+00
      vertex   1.108547e+02 -9.351833e-01 -1.618034e+00
      vertex   1.117023e+02 -1.305472e+00 -1.414214e+00
    endloop
  endfacet
  facet normal -9.774466e-02 -6.422237e-01 -7.602596e-01
    outer loop
      vertex   1.117023e+02 -1.305472e+00 -1.414214e+00
      vertex   1.108547e+02 -9.351833e-01 -1.618034e+00
      vertex   1.117311e+02 -1.068569e+00 -1.618034e+00
    endloop
  endfacet
  facet normal -5.878983e-02 -6.469537e-01 -7.602596e-01
    outer loop
      vertex   1.117023e+02 -1.305472e+00 -1.414214e+00
      vertex   1.117311e+02 -1.068569e+00 -1.618034e+00
      vertex   1.125995e+02 -1.387003e+00 -1.414214e+00
    endloop
  endfacet
  facet normal -5.878983e-02 -6.469537e-01 -7.602596e-01
    outer loop
      vertex   1.125995e+02 -1.387003e+00 -1.414214e+00
      vertex   1.117311e+02 -1.068569e+00 -1.618034e+00
      vertex   1.126139e+02 -1.148796e+00 -1.618034e+00
    endloop
  endfacet
  facet normal -5.213034e-01 -5.537893e-01 -6.492767e-01
    outer loop
      vertex   1.028099e+02 2.809936e+00 -1.175571e+00
      vertex   1.029541e+02 2.954058e+00 -1.414214e+00
      vertex   1.034749e+02 2.183989e+00 -1.175571e+00
    endloop
  endfacet
  facet normal -5.213034e-01 -5.537893e-01 -6.492767e-01
    outer loop
      vertex   1.034749e+02 2.183989e+00 -1.175571e+00
      vertex   1.029541e+02 2.954058e+00 -1.414214e+00
      vertex   1.036100e+02 2.336551e+00 -1.414214e+00
    endloop
  endfacet
  facet normal -4.869153e-01 -5.842544e-01 -6.492767e-01
    outer loop
      vertex   1.034749e+02 2.183989e+00 -1.175571e+00
      vertex   1.036100e+02 2.336551e+00 -1.414214e+00
      vertex   1.041764e+02 1.599333e+00 -1.175571e+00
    endloop
  endfacet
  facet normal -4.869153e-01 -5.842544e-01 -6.492767e-01
    outer loop
      vertex   1.041764e+02 1.599333e+00 -1.175571e+00
      vertex   1.036100e+02 2.336551e+00 -1.414214e+00
      vertex   1.043021e+02 1.759777e+00 -1.414214e+00
    endloop
  endfacet
  facet normal -4.507506e-01 -6.125877e-01 -6.492767e-01
    outer loop
      vertex   1.041764e+02 1.599333e+00 -1.175571e+00
      vertex   1.043021e+02 1.759777e+00 -1.414214e+00
      vertex   1.049120e+02 1.058102e+00 -1.175571e+00
    endloop
  endfacet
  facet normal -4.507506e-01 -6.125877e-01 -6.492767e-01
    outer loop
      vertex   1.049120e+02 1.058102e+00 -1.175571e+00
      vertex   1.043021e+02 1.759777e+00 -1.414214e+00
      vertex   1.050278e+02 1.225843e+00 -1.414214e+00
    endloop
  endfacet
  facet normal -4.129411e-01 -6.386857e-01 -6.492767e-01
    outer loop
      vertex   1.049120e+02 1.058102e+00 -1.175571e+00
      vertex   1.050278e+02 1.225843e+00 -1.414214e+00
      vertex   1.056789e+02 5.622696e-01 -1.175571e+00
    endloop
  endfacet
  facet normal -4.129411e-01 -6.386857e-01 -6.492767e-01
    outer loop
      vertex   1.056789e+02 5.622696e-01 -1.175571e+00
      vertex   1.050278e+02 1.225843e+00 -1.414214e+00
      vertex   1.057843e+02 7.366953e-01 -1.414214e+00
    endloop
  endfacet
  facet normal -3.736248e-01 -6.624532e-01 -6.492767e-01
    outer loop
      vertex   1.056789e+02 5.622696e-01 -1.175571e+00
      vertex   1.057843e+02 7.366953e-01 -1.414214e+00
      vertex   1.064743e+02 1.136457e-01 -1.175571e+00
    endloop
  endfacet
  facet normal -3.736248e-01 -6.624532e-01 -6.492767e-01
    outer loop
      vertex   1.064743e+02 1.136457e-01 -1.175571e+00
      vertex   1.057843e+02 7.366953e-01 -1.414214e+00
      vertex   1.065690e+02 2.941197e-01 -1.414214e+00
    endloop
  endfacet
  facet normal -3.329452e-01 -6.838035e-01 -6.492767e-01
    outer loop
      vertex   1.064743e+02 1.136457e-01 -1.175571e+00
      vertex   1.065690e+02 2.941197e-01 -1.414214e+00
      vertex   1.072954e+02 -2.861329e-01 -1.175571e+00
    endloop
  endfacet
  facet normal -3.329452e-01 -6.838035e-01 -6.492767e-01
    outer loop
      vertex   1.072954e+02 -2.861329e-01 -1.175571e+00
      vertex   1.065690e+02 2.941197e-01 -1.414214e+00
      vertex   1.073790e+02 -1.002691e-01 -1.414214e+00
    endloop
  endfacet
  facet normal -2.910508e-01 -7.026587e-01 -6.492767e-01
    outer loop
      vertex   1.072954e+02 -2.861329e-01 -1.175571e+00
      vertex   1.073790e+02 -1.002691e-01 -1.414214e+00
      vertex   1.081391e+02 -6.356073e-01 -1.175571e+00
    endloop
  endfacet
  facet normal -2.910508e-01 -7.026587e-01 -6.492767e-01
    outer loop
      vertex   1.081391e+02 -6.356073e-01 -1.175571e+00
      vertex   1.073790e+02 -1.002691e-01 -1.414214e+00
      vertex   1.082113e+02 -4.450319e-01 -1.414214e+00
    endloop
  endfacet
  facet normal -2.480943e-01 -7.189499e-01 -6.492767e-01
    outer loop
      vertex   1.081391e+02 -6.356073e-01 -1.175571e+00
      vertex   1.082113e+02 -4.450319e-01 -1.414214e+00
      vertex   1.090023e+02 -9.335025e-01 -1.175571e+00
    endloop
  endfacet
  facet normal -2.480943e-01 -7.189499e-01 -6.492767e-01
    outer loop
      vertex   1.090023e+02 -9.335025e-01 -1.175571e+00
      vertex   1.082113e+02 -4.450319e-01 -1.414214e+00
      vertex   1.090630e+02 -7.389109e-01 -1.414214e+00
    endloop
  endfacet
  facet normal -2.042325e-01 -7.326178e-01 -6.492767e-01
    outer loop
      vertex   1.090023e+02 -9.335025e-01 -1.175571e+00
      vertex   1.090630e+02 -7.389109e-01 -1.414214e+00
      vertex   1.098820e+02 -1.178731e+00 -1.175571e+00
    endloop
  endfacet
  facet normal -2.042325e-01 -7.326178e-01 -6.492767e-01
    outer loop
      vertex   1.098820e+02 -1.178731e+00 -1.175571e+00
      vertex   1.090630e+02 -7.389109e-01 -1.414214e+00
      vertex   1.099308e+02 -9.808336e-01 -1.414214e+00
    endloop
  endfacet
  facet normal -1.596256e-01 -7.436124e-01 -6.492767e-01
    outer loop
      vertex   1.098820e+02 -1.178731e+00 -1.175571e+00
      vertex   1.099308e+02 -9.808336e-01 -1.414214e+00
      vertex   1.107749e+02 -1.370399e+00 -1.175571e+00
    endloop
  endfacet
  facet normal -1.596256e-01 -7.436124e-01 -6.492767e-01
    outer loop
      vertex   1.107749e+02 -1.370399e+00 -1.175571e+00
      vertex   1.099308e+02 -9.808336e-01 -1.414214e+00
      vertex   1.108116e+02 -1.169917e+00 -1.414214e+00
    endloop
  endfacet
  facet normal -1.144361e-01 -7.518937e-01 -6.492767e-01
    outer loop
      vertex   1.107749e+02 -1.370399e+00 -1.175571e+00
      vertex   1.108116e+02 -1.169917e+00 -1.414214e+00
      vertex   1.116777e+02 -1.507806e+00 -1.175571e+00
    endloop
  endfacet
  facet normal -1.144361e-01 -7.518937e-01 -6.492767e-01
    outer loop
      vertex   1.116777e+02 -1.507806e+00 -1.175571e+00
      vertex   1.108116e+02 -1.169917e+00 -1.414214e+00
      vertex   1.117023e+02 -1.305472e+00 -1.414214e+00
    endloop
  endfacet
  facet normal -6.882913e-02 -7.574314e-01 -6.492767e-01
    outer loop
      vertex   1.116777e+02 -1.507806e+00 -1.175571e+00
      vertex   1.117023e+02 -1.305472e+00 -1.414214e+00
      vertex   1.125872e+02 -1.590452e+00 -1.175571e+00
    endloop
  endfacet
  facet normal -6.882913e-02 -7.574314e-01 -6.492767e-01
    outer loop
      vertex   1.125872e+02 -1.590452e+00 -1.175571e+00
      vertex   1.117023e+02 -1.305472e+00 -1.414214e+00
      vertex   1.125995e+02 -1.387003e+00 -1.414214e+00
    endloop
  endfacet
  facet normal -5.844957e-01 -6.209195e-01 -5.223252e-01
    outer loop
      vertex   1.026940e+02 2.693985e+00 -9.079810e-01
      vertex   1.028099e+02 2.809936e+00 -1.175571e+00
      vertex   1.033662e+02 2.061249e+00 -9.079810e-01
    endloop
  endfacet
  facet normal -5.844957e-01 -6.209195e-01 -5.223252e-01
    outer loop
      vertex   1.033662e+02 2.061249e+00 -9.079810e-01
      vertex   1.028099e+02 2.809936e+00 -1.175571e+00
      vertex   1.034749e+02 2.183989e+00 -1.175571e+00
    endloop
  endfacet
  facet normal -5.459392e-01 -6.550777e-01 -5.223252e-01
    outer loop
      vertex   1.033662e+02 2.061249e+00 -9.079810e-01
      vertex   1.034749e+02 2.183989e+00 -1.175571e+00
      vertex   1.040753e+02 1.470252e+00 -9.079810e-01
    endloop
  endfacet
  facet normal -5.459392e-01 -6.550777e-01 -5.223252e-01
    outer loop
      vertex   1.040753e+02 1.470252e+00 -9.079810e-01
      vertex   1.034749e+02 2.183989e+00 -1.175571e+00
      vertex   1.041764e+02 1.599333e+00 -1.175571e+00
    endloop
  endfacet
  facet normal -5.053905e-01 -6.868455e-01 -5.223252e-01
    outer loop
      vertex   1.040753e+02 1.470252e+00 -9.079810e-01
      vertex   1.041764e+02 1.599333e+00 -1.175571e+00
      vertex   1.048188e+02 9.231498e-01 -9.079810e-01
    endloop
  endfacet
  facet normal -5.053905e-01 -6.868455e-01 -5.223252e-01
    outer loop
      vertex   1.048188e+02 9.231498e-01 -9.079810e-01
      vertex   1.041764e+02 1.599333e+00 -1.175571e+00
      vertex   1.049120e+02 1.058102e+00 -1.175571e+00
    endloop
  endfacet
  facet normal -4.629978e-01 -7.161071e-01 -5.223252e-01
    outer loop
      vertex   1.048188e+02 9.231498e-01 -9.079810e-01
      vertex   1.049120e+02 1.058102e+00 -1.175571e+00
      vertex   1.055940e+02 4.219394e-01 -9.079810e-01
    endloop
  endfacet
  facet normal -4.629978e-01 -7.161071e-01 -5.223252e-01
    outer loop
      vertex   1.055940e+02 4.219394e-01 -9.079810e-01
      vertex   1.049120e+02 1.058102e+00 -1.175571e+00
      vertex   1.056789e+02 5.622696e-01 -1.175571e+00
    endloop
  endfacet
  facet normal -4.189156e-01 -7.427557e-01 -5.223252e-01
    outer loop
      vertex   1.055940e+02 4.219394e-01 -9.079810e-01
      vertex   1.056789e+02 5.622696e-01 -1.175571e+00
      vertex   1.063981e+02 -3.155054e-02 -9.079810e-01
    endloop
  endfacet
  facet normal -4.189156e-01 -7.427557e-01 -5.223252e-01
    outer loop
      vertex   1.063981e+02 -3.155054e-02 -9.079810e-01
      vertex   1.056789e+02 5.622696e-01 -1.175571e+00
      vertex   1.064743e+02 1.136457e-01 -1.175571e+00
    endloop
  endfacet
  facet normal -3.733048e-01 -7.666941e-01 -5.223252e-01
    outer loop
      vertex   1.063981e+02 -3.155054e-02 -9.079810e-01
      vertex   1.064743e+02 1.136457e-01 -1.175571e+00
      vertex   1.072281e+02 -4.356653e-01 -9.079810e-01
    endloop
  endfacet
  facet normal -3.733048e-01 -7.666941e-01 -5.223252e-01
    outer loop
      vertex   1.072281e+02 -4.356653e-01 -9.079810e-01
      vertex   1.064743e+02 1.136457e-01 -1.175571e+00
      vertex   1.072954e+02 -2.861329e-01 -1.175571e+00
    endloop
  endfacet
  facet normal -3.263319e-01 -7.878349e-01 -5.223252e-01
    outer loop
      vertex   1.072281e+02 -4.356653e-01 -9.079810e-01
      vertex   1.072954e+02 -2.861329e-01 -1.175571e+00
      vertex   1.080809e+02 -7.889304e-01 -9.079810e-01
    endloop
  endfacet
  facet normal -3.263319e-01 -7.878349e-01 -5.223252e-01
    outer loop
      vertex   1.080809e+02 -7.889304e-01 -9.079810e-01
      vertex   1.072954e+02 -2.861329e-01 -1.175571e+00
      vertex   1.081391e+02 -6.356073e-01 -1.175571e+00
    endloop
  endfacet
  facet normal -2.781682e-01 -8.061010e-01 -5.223252e-01
    outer loop
      vertex   1.080809e+02 -7.889304e-01 -9.079810e-01
      vertex   1.081391e+02 -6.356073e-01 -1.175571e+00
      vertex   1.089536e+02 -1.090057e+00 -9.079810e-01
    endloop
  endfacet
  facet normal -2.781682e-01 -8.061010e-01 -5.223252e-01
    outer loop
      vertex   1.089536e+02 -1.090057e+00 -9.079810e-01
      vertex   1.081391e+02 -6.356073e-01 -1.175571e+00
      vertex   1.090023e+02 -9.335025e-01 -1.175571e+00
    endloop
  endfacet
  facet normal -2.289896e-01 -8.214257e-01 -5.223252e-01
    outer loop
      vertex   1.089536e+02 -1.090057e+00 -9.079810e-01
      vertex   1.090023e+02 -9.335025e-01 -1.175571e+00
      vertex   1.098428e+02 -1.337946e+00 -9.079810e-01
    endloop
  endfacet
  facet normal -2.289896e-01 -8.214257e-01 -5.223252e-01
    outer loop
      vertex   1.098428e+02 -1.337946e+00 -9.079810e-01
      vertex   1.090023e+02 -9.335025e-01 -1.175571e+00
      vertex   1.098820e+02 -1.178731e+00 -1.175571e+00
    endloop
  endfacet
  facet normal -1.789753e-01 -8.337531e-01 -5.223252e-01
    outer loop
      vertex   1.098428e+02 -1.337946e+00 -9.079810e-01
      vertex   1.098820e+02 -1.178731e+00 -1.175571e+00
      vertex   1.107453e+02 -1.531692e+00 -9.079810e-01
    endloop
  endfacet
  facet normal -1.789753e-01 -8.337531e-01 -5.223252e-01
    outer loop
      vertex   1.107453e+02 -1.531692e+00 -9.079810e-01
      vertex   1.098820e+02 -1.178731e+00 -1.175571e+00
      vertex   1.107749e+02 -1.370399e+00 -1.175571e+00
    endloop
  endfacet
  facet normal -1.283081e-01 -8.430382e-01 -5.223252e-01
    outer loop
      vertex   1.107453e+02 -1.531692e+00 -9.079810e-01
      vertex   1.107749e+02 -1.370399e+00 -1.175571e+00
      vertex   1.116580e+02 -1.670590e+00 -9.079810e-01
    endloop
  endfacet
  facet normal -1.283081e-01 -8.430382e-01 -5.223252e-01
    outer loop
      vertex   1.116580e+02 -1.670590e+00 -9.079810e-01
      vertex   1.107749e+02 -1.370399e+00 -1.175571e+00
      vertex   1.116777e+02 -1.507806e+00 -1.175571e+00
    endloop
  endfacet
  facet normal -7.717259e-02 -8.492472e-01 -5.223252e-01
    outer loop
      vertex   1.116580e+02 -1.670590e+00 -9.079810e-01
      vertex   1.116777e+02 -1.507806e+00 -1.175571e+00
      vertex   1.125773e+02 -1.754132e+00 -9.079810e-01
    endloop
  endfacet
  facet normal -7.717259e-02 -8.492472e-01 -5.223252e-01
    outer loop
      vertex   1.125773e+02 -1.754132e+00 -9.079810e-01
      vertex   1.116777e+02 -1.507806e+00 -1.175571e+00
      vertex   1.125872e+02 -1.590452e+00 -1.175571e+00
    endloop
  endfacet
  facet normal -6.332947e-01 -6.727595e-01 -3.825344e-01
    outer loop
      vertex   1.026091e+02 2.609061e+00 -6.180340e-01
      vertex   1.026940e+02 2.693985e+00 -9.079810e-01
      vertex   1.032865e+02 1.971353e+00 -6.180340e-01
    endloop
  endfacet
  facet normal -6.332947e-01 -6.727595e-01 -3.825344e-01
    outer loop
      vertex   1.032865e+02 1.971353e+00 -6.180340e-01
      vertex   1.026940e+02 2.693985e+00 -9.079810e-01
      vertex   1.033662e+02 2.061249e+00 -9.079810e-01
    endloop
  endfacet
  facet normal -5.915191e-01 -7.097694e-01 -3.825344e-01
    outer loop
      vertex   1.032865e+02 1.971353e+00 -6.180340e-01
      vertex   1.033662e+02 2.061249e+00 -9.079810e-01
      vertex   1.040012e+02 1.375711e+00 -6.180340e-01
    endloop
  endfacet
  facet normal -5.915191e-01 -7.097694e-01 -3.825344e-01
    outer loop
      vertex   1.040012e+02 1.375711e+00 -6.180340e-01
      vertex   1.033662e+02 2.061249e+00 -9.079810e-01
      vertex   1.040753e+02 1.470252e+00 -9.079810e-01
    endloop
  endfacet
  facet normal -5.475850e-01 -7.441895e-01 -3.825344e-01
    outer loop
      vertex   1.040012e+02 1.375711e+00 -6.180340e-01
      vertex   1.040753e+02 1.470252e+00 -9.079810e-01
      vertex   1.047506e+02 8.243095e-01 -6.180340e-01
    endloop
  endfacet
  facet normal -5.475850e-01 -7.441895e-01 -3.825344e-01
    outer loop
      vertex   1.047506e+02 8.243095e-01 -6.180340e-01
      vertex   1.040753e+02 1.470252e+00 -9.079810e-01
      vertex   1.048188e+02 9.231498e-01 -9.079810e-01
    endloop
  endfacet
  facet normal -5.016530e-01 -7.758942e-01 -3.825344e-01
    outer loop
      vertex   1.047506e+02 8.243095e-01 -6.180340e-01
      vertex   1.048188e+02 9.231498e-01 -9.079810e-01
      vertex   1.055319e+02 3.191601e-01 -6.180340e-01
    endloop
  endfacet
  facet normal -5.016530e-01 -7.758942e-01 -3.825344e-01
    outer loop
      vertex   1.055319e+02 3.191601e-01 -6.180340e-01
      vertex   1.048188e+02 9.231498e-01 -9.079810e-01
      vertex   1.055940e+02 4.219394e-01 -9.079810e-01
    endloop
  endfacet
  facet normal -4.538904e-01 -8.047676e-01 -3.825344e-01
    outer loop
      vertex   1.055319e+02 3.191601e-01 -6.180340e-01
      vertex   1.055940e+02 4.219394e-01 -9.079810e-01
      vertex   1.063423e+02 -1.378938e-01 -6.180340e-01
    endloop
  endfacet
  facet normal -4.538904e-01 -8.047676e-01 -3.825344e-01
    outer loop
      vertex   1.063423e+02 -1.378938e-01 -6.180340e-01
      vertex   1.055940e+02 4.219394e-01 -9.079810e-01
      vertex   1.063981e+02 -3.155054e-02 -9.079810e-01
    endloop
  endfacet
  facet normal -4.044716e-01 -8.307046e-01 -3.825344e-01
    outer loop
      vertex   1.063423e+02 -1.378938e-01 -6.180340e-01
      vertex   1.063981e+02 -3.155054e-02 -9.079810e-01
      vertex   1.071788e+02 -5.451845e-01 -6.180340e-01
    endloop
  endfacet
  facet normal -4.044716e-01 -8.307046e-01 -3.825344e-01
    outer loop
      vertex   1.071788e+02 -5.451845e-01 -6.180340e-01
      vertex   1.063981e+02 -3.155054e-02 -9.079810e-01
      vertex   1.072281e+02 -4.356653e-01 -9.079810e-01
    endloop
  endfacet
  facet normal -3.535770e-01 -8.536104e-01 -3.825344e-01
    outer loop
      vertex   1.071788e+02 -5.451845e-01 -6.180340e-01
      vertex   1.072281e+02 -4.356653e-01 -9.079810e-01
      vertex   1.080383e+02 -9.012259e-01 -6.180340e-01
    endloop
  endfacet
  facet normal -3.535770e-01 -8.536104e-01 -3.825344e-01
    outer loop
      vertex   1.080383e+02 -9.012259e-01 -6.180340e-01
      vertex   1.072281e+02 -4.356653e-01 -9.079810e-01
      vertex   1.080809e+02 -7.889304e-01 -9.079810e-01
    endloop
  endfacet
  facet normal -3.013922e-01 -8.734015e-01 -3.825344e-01
    outer loop
      vertex   1.080383e+02 -9.012259e-01 -6.180340e-01
      vertex   1.080809e+02 -7.889304e-01 -9.079810e-01
      vertex   1.089178e+02 -1.204719e+00 -6.180340e-01
    endloop
  endfacet
  facet normal -3.013922e-01 -8.734015e-01 -3.825344e-01
    outer loop
      vertex   1.089178e+02 -1.204719e+00 -6.180340e-01
      vertex   1.080809e+02 -7.889304e-01 -9.079810e-01
      vertex   1.089536e+02 -1.090057e+00 -9.079810e-01
    endloop
  endfacet
  facet normal -2.481077e-01 -8.900056e-01 -3.825344e-01
    outer loop
      vertex   1.089178e+02 -1.204719e+00 -6.180340e-01
      vertex   1.089536e+02 -1.090057e+00 -9.079810e-01
      vertex   1.098140e+02 -1.454556e+00 -6.180340e-01
    endloop
  endfacet
  facet normal -2.481077e-01 -8.900056e-01 -3.825344e-01
    outer loop
      vertex   1.098140e+02 -1.454556e+00 -6.180340e-01
      vertex   1.089536e+02 -1.090057e+00 -9.079810e-01
      vertex   1.098428e+02 -1.337946e+00 -9.079810e-01
    endloop
  endfacet
  facet normal -1.939178e-01 -9.033622e-01 -3.825344e-01
    outer loop
      vertex   1.098140e+02 -1.454556e+00 -6.180340e-01
      vertex   1.098428e+02 -1.337946e+00 -9.079810e-01
      vertex   1.107237e+02 -1.649825e+00 -6.180340e-01
    endloop
  endfacet
  facet normal -1.939178e-01 -9.033622e-01 -3.825344e-01
    outer loop
      vertex   1.107237e+02 -1.649825e+00 -6.180340e-01
      vertex   1.098428e+02 -1.337946e+00 -9.079810e-01
      vertex   1.107453e+02 -1.531692e+00 -9.079810e-01
    endloop
  endfacet
  facet normal -1.390204e-01 -9.134226e-01 -3.825344e-01
    outer loop
      vertex   1.107237e+02 -1.649825e+00 -6.180340e-01
      vertex   1.107453e+02 -1.531692e+00 -9.079810e-01
      vertex   1.116435e+02 -1.789814e+00 -6.180340e-01
    endloop
  endfacet
  facet normal -1.390204e-01 -9.134226e-01 -3.825344e-01
    outer loop
      vertex   1.116435e+02 -1.789814e+00 -6.180340e-01
      vertex   1.107453e+02 -1.531692e+00 -9.079810e-01
      vertex   1.116580e+02 -1.670590e+00 -9.079810e-01
    endloop
  endfacet
  facet normal -8.361564e-02 -9.201499e-01 -3.825344e-01
    outer loop
      vertex   1.116435e+02 -1.789814e+00 -6.180340e-01
      vertex   1.116580e+02 -1.670590e+00 -9.079810e-01
      vertex   1.125700e+02 -1.874013e+00 -6.180340e-01
    endloop
  endfacet
  facet normal -8.361564e-02 -9.201499e-01 -3.825344e-01
    outer loop
      vertex   1.125700e+02 -1.874013e+00 -6.180340e-01
      vertex   1.116580e+02 -1.670590e+00 -9.079810e-01
      vertex   1.125773e+02 -1.754132e+00 -9.079810e-01
    endloop
  endfacet
  facet normal -6.665056e-01 -7.080400e-01 -2.333447e-01
    outer loop
      vertex   1.025573e+02 2.557256e+00 -3.128689e-01
      vertex   1.026091e+02 2.609061e+00 -6.180340e-01
      vertex   1.032379e+02 1.916514e+00 -3.128689e-01
    endloop
  endfacet
  facet normal -6.665056e-01 -7.080400e-01 -2.333447e-01
    outer loop
      vertex   1.032379e+02 1.916514e+00 -3.128689e-01
      vertex   1.026091e+02 2.609061e+00 -6.180340e-01
      vertex   1.032865e+02 1.971353e+00 -6.180340e-01
    endloop
  endfacet
  facet normal -6.225392e-01 -7.469908e-01 -2.333447e-01
    outer loop
      vertex   1.032379e+02 1.916514e+00 -3.128689e-01
      vertex   1.032865e+02 1.971353e+00 -6.180340e-01
      vertex   1.039560e+02 1.318039e+00 -3.128689e-01
    endloop
  endfacet
  facet normal -6.225392e-01 -7.469908e-01 -2.333447e-01
    outer loop
      vertex   1.039560e+02 1.318039e+00 -3.128689e-01
      vertex   1.032865e+02 1.971353e+00 -6.180340e-01
      vertex   1.040012e+02 1.375711e+00 -6.180340e-01
    endloop
  endfacet
  facet normal -5.763012e-01 -7.832159e-01 -2.333447e-01
    outer loop
      vertex   1.039560e+02 1.318039e+00 -3.128689e-01
      vertex   1.040012e+02 1.375711e+00 -6.180340e-01
      vertex   1.047090e+02 7.640147e-01 -3.128689e-01
    endloop
  endfacet
  facet normal -5.763012e-01 -7.832159e-01 -2.333447e-01
    outer loop
      vertex   1.047090e+02 7.640147e-01 -3.128689e-01
      vertex   1.040012e+02 1.375711e+00 -6.180340e-01
      vertex   1.047506e+02 8.243095e-01 -6.180340e-01
    endloop
  endfacet
  facet normal -5.279604e-01 -8.165832e-01 -2.333447e-01
    outer loop
      vertex   1.047090e+02 7.640147e-01 -3.128689e-01
      vertex   1.047506e+02 8.243095e-01 -6.180340e-01
      vertex   1.054940e+02 2.564625e-01 -3.128689e-01
    endloop
  endfacet
  facet normal -5.279604e-01 -8.165832e-01 -2.333447e-01
    outer loop
      vertex   1.054940e+02 2.564625e-01 -3.128689e-01
      vertex   1.047506e+02 8.243095e-01 -6.180340e-01
      vertex   1.055319e+02 3.191601e-01 -6.180340e-01
    endloop
  endfacet
  facet normal -4.776931e-01 -8.469708e-01 -2.333447e-01
    outer loop
      vertex   1.054940e+02 2.564625e-01 -3.128689e-01
      vertex   1.055319e+02 3.191601e-01 -6.180340e-01
      vertex   1.063082e+02 -2.027655e-01 -3.128689e-01
    endloop
  endfacet
  facet normal -4.776931e-01 -8.469708e-01 -2.333447e-01
    outer loop
      vertex   1.063082e+02 -2.027655e-01 -3.128689e-01
      vertex   1.055319e+02 3.191601e-01 -6.180340e-01
      vertex   1.063423e+02 -1.378938e-01 -6.180340e-01
    endloop
  endfacet
  facet normal -4.256827e-01 -8.742680e-01 -2.333447e-01
    outer loop
      vertex   1.063082e+02 -2.027655e-01 -3.128689e-01
      vertex   1.063423e+02 -1.378938e-01 -6.180340e-01
      vertex   1.071487e+02 -6.119936e-01 -3.128689e-01
    endloop
  endfacet
  facet normal -4.256827e-01 -8.742680e-01 -2.333447e-01
    outer loop
      vertex   1.071487e+02 -6.119936e-01 -3.128689e-01
      vertex   1.063423e+02 -1.378938e-01 -6.180340e-01
      vertex   1.071788e+02 -5.451845e-01 -6.180340e-01
    endloop
  endfacet
  facet normal -3.721191e-01 -8.983750e-01 -2.333447e-01
    outer loop
      vertex   1.071487e+02 -6.119936e-01 -3.128689e-01
      vertex   1.071788e+02 -5.451845e-01 -6.180340e-01
      vertex   1.080124e+02 -9.697286e-01 -3.128689e-01
    endloop
  endfacet
  facet normal -3.721191e-01 -8.983750e-01 -2.333447e-01
    outer loop
      vertex   1.080124e+02 -9.697286e-01 -3.128689e-01
      vertex   1.071788e+02 -5.451845e-01 -6.180340e-01
      vertex   1.080383e+02 -9.012259e-01 -6.180340e-01
    endloop
  endfacet
  facet normal -3.171977e-01 -9.192040e-01 -2.333447e-01
    outer loop
      vertex   1.080124e+02 -9.697286e-01 -3.128689e-01
      vertex   1.080383e+02 -9.012259e-01 -6.180340e-01
      vertex   1.088960e+02 -1.274665e+00 -3.128689e-01
    endloop
  endfacet
  facet normal -3.171977e-01 -9.192040e-01 -2.333447e-01
    outer loop
      vertex   1.088960e+02 -1.274665e+00 -3.128689e-01
      vertex   1.080383e+02 -9.012259e-01 -6.180340e-01
      vertex   1.089178e+02 -1.204719e+00 -6.180340e-01
    endloop
  endfacet
  facet normal -2.611188e-01 -9.366788e-01 -2.333447e-01
    outer loop
      vertex   1.088960e+02 -1.274665e+00 -3.128689e-01
      vertex   1.089178e+02 -1.204719e+00 -6.180340e-01
      vertex   1.097965e+02 -1.525690e+00 -3.128689e-01
    endloop
  endfacet
  facet normal -2.611188e-01 -9.366788e-01 -2.333447e-01
    outer loop
      vertex   1.097965e+02 -1.525690e+00 -3.128689e-01
      vertex   1.089178e+02 -1.204719e+00 -6.180340e-01
      vertex   1.098140e+02 -1.454556e+00 -6.180340e-01
    endloop
  endfacet
  facet normal -2.040871e-01 -9.507359e-01 -2.333447e-01
    outer loop
      vertex   1.097965e+02 -1.525690e+00 -3.128689e-01
      vertex   1.098140e+02 -1.454556e+00 -6.180340e-01
      vertex   1.107105e+02 -1.721889e+00 -3.128689e-01
    endloop
  endfacet
  facet normal -2.040871e-01 -9.507359e-01 -2.333447e-01
    outer loop
      vertex   1.107105e+02 -1.721889e+00 -3.128689e-01
      vertex   1.098140e+02 -1.454556e+00 -6.180340e-01
      vertex   1.107237e+02 -1.649825e+00 -6.180340e-01
    endloop
  endfacet
  facet normal -1.463108e-01 -9.613238e-01 -2.333447e-01
    outer loop
      vertex   1.107105e+02 -1.721889e+00 -3.128689e-01
      vertex   1.107237e+02 -1.649825e+00 -6.180340e-01
      vertex   1.116346e+02 -1.862544e+00 -3.128689e-01
    endloop
  endfacet
  facet normal -1.463108e-01 -9.613238e-01 -2.333447e-01
    outer loop
      vertex   1.116346e+02 -1.862544e+00 -3.128689e-01
      vertex   1.107237e+02 -1.649825e+00 -6.180340e-01
      vertex   1.116435e+02 -1.789814e+00 -6.180340e-01
    endloop
  endfacet
  facet normal -8.800057e-02 -9.684039e-01 -2.333447e-01
    outer loop
      vertex   1.116346e+02 -1.862544e+00 -3.128689e-01
      vertex   1.116435e+02 -1.789814e+00 -6.180340e-01
      vertex   1.125656e+02 -1.947143e+00 -3.128689e-01
    endloop
  endfacet
  facet normal -8.800057e-02 -9.684039e-01 -2.333447e-01
    outer loop
      vertex   1.125656e+02 -1.947143e+00 -3.128689e-01
      vertex   1.116435e+02 -1.789814e+00 -6.180340e-01
      vertex   1.125700e+02 -1.874013e+00 -6.180340e-01
    endloop
  endfacet
  facet normal -9.969173e-01 7.845910e-02 0.000000e+00
    outer loop
      vertex   9.800000e+01 2.800000e+01 0.000000e+00
      vertex   9.800000e+01 2.800000e+01 1.050000e+01
      vertex   9.802462e+01 2.831287e+01 5.250000e+00
    endloop
  endfacet
  facet normal -9.966085e-01 8.228910e-02 2.296941e-04
    outer loop
      vertex   9.802462e+01 2.831287e+01 5.250000e+00
      vertex   9.800000e+01 2.800000e+01 1.050000e+01
      vertex   9.802709e+01 2.832804e+01 1.050000e+01
    endloop
  endfacet
  facet normal -9.723699e-01 2.334454e-01 -2.184781e-04
    outer loop
      vertex   9.802462e+01 2.831287e+01 5.250000e+00
      vertex   9.802709e+01 2.832804e+01 1.050000e+01
      vertex   9.809789e+01 2.861803e+01 5.250000e+00
    endloop
  endfacet
  facet normal -9.696143e-01 2.446384e-01 4.369529e-04
    outer loop
      vertex   9.809789e+01 2.861803e+01 5.250000e+00
      vertex   9.802709e+01 2.832804e+01 1.050000e+01
      vertex   9.810761e+01 2.864720e+01 1.050000e+01
    endloop
  endfacet
  facet normal -9.238795e-01 3.826834e-01 -4.145147e-04
    outer loop
      vertex   9.809789e+01 2.861803e+01 5.250000e+00
      vertex   9.810761e+01 2.864720e+01 1.050000e+01
      vertex   9.821799e+01 2.890798e+01 5.250000e+00
    endloop
  endfacet
  facet normal -9.163571e-01 4.003614e-01 6.217643e-04
    outer loop
      vertex   9.821799e+01 2.890798e+01 5.250000e+00
      vertex   9.810761e+01 2.864720e+01 1.050000e+01
      vertex   9.823939e+01 2.894882e+01 1.050000e+01
    endloop
  endfacet
  facet normal -8.526400e-01 5.224985e-01 -5.880982e-04
    outer loop
      vertex   9.821799e+01 2.890798e+01 5.250000e+00
      vertex   9.823939e+01 2.894882e+01 1.050000e+01
      vertex   9.838197e+01 2.917557e+01 5.250000e+00
    endloop
  endfacet
  facet normal -8.382795e-01 5.452402e-01 7.841174e-04
    outer loop
      vertex   9.838197e+01 2.917557e+01 5.250000e+00
      vertex   9.823939e+01 2.894882e+01 1.050000e+01
      vertex   9.841886e+01 2.922475e+01 1.050000e+01
    endloop
  endfacet
  facet normal -7.604058e-01 6.494479e-01 -7.392184e-04
    outer loop
      vertex   9.838197e+01 2.917557e+01 5.250000e+00
      vertex   9.841886e+01 2.922475e+01 1.050000e+01
      vertex   9.858579e+01 2.941421e+01 5.250000e+00
    endloop
  endfacet
  facet normal -7.374963e-01 6.753505e-01 9.240024e-04
    outer loop
      vertex   9.858579e+01 2.941421e+01 5.250000e+00
      vertex   9.841886e+01 2.922475e+01 1.050000e+01
      vertex   9.864116e+01 2.946750e+01 1.050000e+01
    endloop
  endfacet
  facet normal -6.494478e-01 7.604057e-01 -8.678664e-04
    outer loop
      vertex   9.858579e+01 2.941421e+01 5.250000e+00
      vertex   9.864116e+01 2.946750e+01 1.050000e+01
      vertex   9.882443e+01 2.961803e+01 5.250000e+00
    endloop
  endfacet
  facet normal -6.167373e-01 7.871683e-01 1.041411e-03
    outer loop
      vertex   9.882443e+01 2.961803e+01 5.250000e+00
      vertex   9.864116e+01 2.946750e+01 1.050000e+01
      vertex   9.890026e+01 2.967050e+01 1.050000e+01
    endloop
  endfacet
  facet normal -5.224983e-01 8.526398e-01 -9.740345e-04
    outer loop
      vertex   9.882443e+01 2.961803e+01 5.250000e+00
      vertex   9.890026e+01 2.967050e+01 1.050000e+01
      vertex   9.909202e+01 2.978201e+01 5.250000e+00
    endloop
  endfacet
  facet normal -4.792734e-01 8.776649e-01 1.136337e-03
    outer loop
      vertex   9.909202e+01 2.978201e+01 5.250000e+00
      vertex   9.890026e+01 2.967050e+01 1.050000e+01
      vertex   9.918915e+01 2.982826e+01 1.050000e+01
    endloop
  endfacet
  facet normal -3.826832e-01 9.238790e-01 -1.057717e-03
    outer loop
      vertex   9.909202e+01 2.978201e+01 5.250000e+00
      vertex   9.918915e+01 2.982826e+01 1.050000e+01
      vertex   9.938197e+01 2.990211e+01 5.250000e+00
    endloop
  endfacet
  facet normal -3.288280e-01 9.443891e-01 1.208774e-03
    outer loop
      vertex   9.938197e+01 2.990211e+01 5.250000e+00
      vertex   9.918915e+01 2.982826e+01 1.050000e+01
      vertex   9.950000e+01 2.993649e+01 1.050000e+01
    endloop
  endfacet
  facet normal -2.796406e-01 9.601048e-01 -1.442209e-13
    outer loop
      vertex   9.938197e+01 2.990211e+01 5.250000e+00
      vertex   9.950000e+01 2.993649e+01 1.050000e+01
      vertex   9.950000e+01 2.993649e+01 7.500000e+00
    endloop
  endfacet
  facet normal -2.828284e-01 9.591705e-01 1.815076e-04
    outer loop
      vertex   9.950000e+01 2.993649e+01 7.500000e+00
      vertex   9.950753e+01 2.993878e+01 7.160285e+00
      vertex   9.938197e+01 2.990211e+01 5.250000e+00
    endloop
  endfacet
  facet normal -2.708302e-01 9.626269e-01 -6.734570e-04
    outer loop
      vertex   9.938197e+01 2.990211e+01 5.250000e+00
      vertex   9.950753e+01 2.993878e+01 7.160285e+00
      vertex   9.953031e+01 2.994494e+01 6.813073e+00
    endloop
  endfacet
  facet normal -2.518212e-01 9.677702e-01 -2.618495e-03
    outer loop
      vertex   9.938197e+01 2.990211e+01 5.250000e+00
      vertex   9.953031e+01 2.994494e+01 6.813073e+00
      vertex   9.956867e+01 2.995397e+01 6.460958e+00
    endloop
  endfacet
  facet normal -2.326099e-01 9.725529e-01 -5.785340e-03
    outer loop
      vertex   9.956867e+01 2.995397e+01 6.460958e+00
      vertex   9.962292e+01 2.996484e+01 6.106536e+00
      vertex   9.938197e+01 2.990211e+01 5.250000e+00
    endloop
  endfacet
  facet normal -2.334418e-01 9.723550e-01 -5.536835e-03
    outer loop
      vertex   9.938197e+01 2.990211e+01 5.250000e+00
      vertex   9.962292e+01 2.996484e+01 6.106536e+00
      vertex   9.968713e+01 2.997538e+01 5.250000e+00
    endloop
  endfacet
  facet normal -2.334454e-01 9.723699e-01 -1.316066e-15
    outer loop
      vertex   9.938197e+01 2.990211e+01 5.250000e+00
      vertex   9.968713e+01 2.997538e+01 5.250000e+00
      vertex   9.968713e+01 2.997538e+01 0.000000e+00
    endloop
  endfacet
  facet normal -1.332201e-01 9.910865e-01 -1.341351e-15
    outer loop
      vertex   9.968713e+01 2.997538e+01 0.000000e+00
      vertex   9.968713e+01 2.997538e+01 5.250000e+00
      vertex   9.978025e+01 2.998789e+01 5.401125e+00
    endloop
  endfacet
  facet normal -8.702516e-02 9.962058e-01 -8.082661e-04
    outer loop
      vertex   9.968713e+01 2.997538e+01 0.000000e+00
      vertex   9.978025e+01 2.998789e+01 5.401125e+00
      vertex   9.988283e+01 2.999657e+01 5.054953e+00
    endloop
  endfacet
  facet normal -1.645261e-01 9.863727e-01 -1.979003e-04
    outer loop
      vertex   9.962292e+01 2.996484e+01 6.106536e+00
      vertex   9.969336e+01 2.997652e+01 5.752402e+00
      vertex   9.968713e+01 2.997538e+01 5.250000e+00
    endloop
  endfacet
  facet normal -1.322491e-01 9.912163e-01 -6.090318e-04
    outer loop
      vertex   9.968713e+01 2.997538e+01 5.250000e+00
      vertex   9.969336e+01 2.997652e+01 5.752402e+00
      vertex   9.978025e+01 2.998789e+01 5.401125e+00
    endloop
  endfacet
  facet normal -2.923160e-02 9.995727e-01 0.000000e+00
    outer loop
      vertex   1.000000e+02 3.000000e+01 4.716118e+00
      vertex   1.000000e+02 3.000000e+01 0.000000e+00
      vertex   9.988283e+01 2.999657e+01 5.054953e+00
    endloop
  endfacet
  facet normal -7.845904e-02 9.969167e-01 -1.142875e-03
    outer loop
      vertex   9.988283e+01 2.999657e+01 5.054953e+00
      vertex   1.000000e+02 3.000000e+01 0.000000e+00
      vertex   9.968713e+01 2.997538e+01 0.000000e+00
    endloop
  endfacet
  facet normal -2.334454e-01 9.723699e-01 0.000000e+00
    outer loop
      vertex   9.968713e+01 2.997538e+01 0.000000e+00
      vertex   9.938197e+01 2.990211e+01 0.000000e+00
      vertex   9.938197e+01 2.990211e+01 5.250000e+00
    endloop
  endfacet
  facet normal -3.826834e-01 9.238795e-01 0.000000e+00
    outer loop
      vertex   9.938197e+01 2.990211e+01 5.250000e+00
      vertex   9.938197e+01 2.990211e+01 0.000000e+00
      vertex   9.909202e+01 2.978201e+01 5.250000e+00
    endloop
  endfacet
  facet normal -3.826834e-01 9.238795e-01 0.000000e+00
    outer loop
      vertex   9.938197e+01 2.990211e+01 0.000000e+00
      vertex   9.909202e+01 2.978201e+01 0.000000e+00
      vertex   9.909202e+01 2.978201e+01 5.250000e+00
    endloop
  endfacet
  facet normal -5.224986e-01 8.526402e-01 0.000000e+00
    outer loop
      vertex   9.909202e+01 2.978201e+01 5.250000e+00
      vertex   9.909202e+01 2.978201e+01 0.000000e+00
      vertex   9.882443e+01 2.961803e+01 5.250000e+00
    endloop
  endfacet
  facet normal -5.224986e-01 8.526402e-01 0.000000e+00
    outer loop
      vertex   9.909202e+01 2.978201e+01 0.000000e+00
      vertex   9.882443e+01 2.961803e+01 0.000000e+00
      vertex   9.882443e+01 2.961803e+01 5.250000e+00
    endloop
  endfacet
  facet normal -6.494480e-01 7.604060e-01 0.000000e+00
    outer loop
      vertex   9.882443e+01 2.961803e+01 5.250000e+00
      vertex   9.882443e+01 2.961803e+01 0.000000e+00
      vertex   9.858579e+01 2.941421e+01 5.250000e+00
    endloop
  endfacet
  facet normal -6.494480e-01 7.604060e-01 0.000000e+00
    outer loop
      vertex   9.882443e+01 2.961803e+01 0.000000e+00
      vertex   9.858579e+01 2.941421e+01 0.000000e+00
      vertex   9.858579e+01 2.941421e+01 5.250000e+00
    endloop
  endfacet
  facet normal -7.604060e-01 6.494480e-01 0.000000e+00
    outer loop
      vertex   9.858579e+01 2.941421e+01 5.250000e+00
      vertex   9.858579e+01 2.941421e+01 0.000000e+00
      vertex   9.838197e+01 2.917557e+01 5.250000e+00
    endloop
  endfacet
  facet normal -7.604060e-01 6.494480e-01 4.556747e-15
    outer loop
      vertex   9.858579e+01 2.941421e+01 0.000000e+00
      vertex   9.838197e+01 2.917557e+01 0.000000e+00
      vertex   9.838197e+01 2.917557e+01 5.250000e+00
    endloop
  endfacet
  facet normal -8.526402e-01 5.224986e-01 4.969482e-15
    outer loop
      vertex   9.838197e+01 2.917557e+01 5.250000e+00
      vertex   9.838197e+01 2.917557e+01 0.000000e+00
      vertex   9.821799e+01 2.890798e+01 5.250000e+00
    endloop
  endfacet
  facet normal -8.526402e-01 5.224986e-01 -7.075171e-16
    outer loop
      vertex   9.838197e+01 2.917557e+01 0.000000e+00
      vertex   9.821799e+01 2.890798e+01 0.000000e+00
      vertex   9.821799e+01 2.890798e+01 5.250000e+00
    endloop
  endfacet
  facet normal -9.238795e-01 3.826834e-01 -5.179294e-16
    outer loop
      vertex   9.821799e+01 2.890798e+01 5.250000e+00
      vertex   9.821799e+01 2.890798e+01 0.000000e+00
      vertex   9.809789e+01 2.861803e+01 5.250000e+00
    endloop
  endfacet
  facet normal -9.238795e-01 3.826834e-01 0.000000e+00
    outer loop
      vertex   9.821799e+01 2.890798e+01 0.000000e+00
      vertex   9.809789e+01 2.861803e+01 0.000000e+00
      vertex   9.809789e+01 2.861803e+01 5.250000e+00
    endloop
  endfacet
  facet normal -9.723699e-01 2.334454e-01 0.000000e+00
    outer loop
      vertex   9.809789e+01 2.861803e+01 5.250000e+00
      vertex   9.809789e+01 2.861803e+01 0.000000e+00
      vertex   9.802462e+01 2.831287e+01 5.250000e+00
    endloop
  endfacet
  facet normal -9.723699e-01 2.334454e-01 0.000000e+00
    outer loop
      vertex   9.809789e+01 2.861803e+01 0.000000e+00
      vertex   9.802462e+01 2.831287e+01 0.000000e+00
      vertex   9.802462e+01 2.831287e+01 5.250000e+00
    endloop
  endfacet
  facet normal -9.969173e-01 7.845910e-02 0.000000e+00
    outer loop
      vertex   9.802462e+01 2.831287e+01 5.250000e+00
      vertex   9.802462e+01 2.831287e+01 0.000000e+00
      vertex   9.800000e+01 2.800000e+01 0.000000e+00
    endloop
  endfacet
  facet normal -0.000000e+00 -7.845910e-02 -9.969173e-01
    outer loop
      vertex   1.280000e+02 -3.128689e-01 -1.975377e+00
      vertex   1.231667e+02 -3.128689e-01 -1.975377e+00
      vertex   1.280000e+02 0.000000e+00 -2.000000e+00
    endloop
  endfacet
  facet normal 0.000000e+00 -7.845910e-02 -9.969173e-01
    outer loop
      vertex   1.280000e+02 0.000000e+00 -2.000000e+00
      vertex   1.231667e+02 -3.128689e-01 -1.975377e+00
      vertex   1.183333e+02 -3.128689e-01 -1.975377e+00
    endloop
  endfacet
  facet normal -0.000000e+00 -7.845910e-02 -9.969173e-01
    outer loop
      vertex   1.280000e+02 0.000000e+00 -2.000000e+00
      vertex   1.183333e+02 -3.128689e-01 -1.975377e+00
      vertex   1.135000e+02 0.000000e+00 -2.000000e+00
    endloop
  endfacet
  facet normal -1.778323e-16 -7.845910e-02 -9.969173e-01
    outer loop
      vertex   1.135000e+02 0.000000e+00 -2.000000e+00
      vertex   1.183333e+02 -3.128689e-01 -1.975377e+00
      vertex   1.135000e+02 -3.128689e-01 -1.975377e+00
    endloop
  endfacet
  facet normal -1.625969e-16 -2.334454e-01 -9.723699e-01
    outer loop
      vertex   1.135000e+02 -3.128689e-01 -1.975377e+00
      vertex   1.183333e+02 -3.128689e-01 -1.975377e+00
      vertex   1.135000e+02 -6.180340e-01 -1.902113e+00
    endloop
  endfacet
  facet normal -9.470412e-17 -2.334454e-01 -9.723699e-01
    outer loop
      vertex   1.135000e+02 -6.180340e-01 -1.902113e+00
      vertex   1.183333e+02 -3.128689e-01 -1.975377e+00
      vertex   1.183333e+02 -6.180340e-01 -1.902113e+00
    endloop
  endfacet
  facet normal -9.367681e-17 -3.826834e-01 -9.238795e-01
    outer loop
      vertex   1.135000e+02 -6.180340e-01 -1.902113e+00
      vertex   1.183333e+02 -6.180340e-01 -1.902113e+00
      vertex   1.135000e+02 -9.079810e-01 -1.782013e+00
    endloop
  endfacet
  facet normal -1.273298e-16 -3.826834e-01 -9.238795e-01
    outer loop
      vertex   1.135000e+02 -9.079810e-01 -1.782013e+00
      vertex   1.183333e+02 -6.180340e-01 -1.902113e+00
      vertex   1.183333e+02 -9.079810e-01 -1.782013e+00
    endloop
  endfacet
  facet normal -1.175115e-16 -5.224986e-01 -8.526402e-01
    outer loop
      vertex   1.135000e+02 -9.079810e-01 -1.782013e+00
      vertex   1.183333e+02 -9.079810e-01 -1.782013e+00
      vertex   1.135000e+02 -1.175571e+00 -1.618034e+00
    endloop
  endfacet
  facet normal -1.415152e-16 -5.224986e-01 -8.526402e-01
    outer loop
      vertex   1.135000e+02 -1.175571e+00 -1.618034e+00
      vertex   1.183333e+02 -9.079810e-01 -1.782013e+00
      vertex   1.183333e+02 -1.175571e+00 -1.618034e+00
    endloop
  endfacet
  facet normal -1.346355e-16 -6.494480e-01 -7.604060e-01
    outer loop
      vertex   1.135000e+02 -1.175571e+00 -1.618034e+00
      vertex   1.183333e+02 -1.175571e+00 -1.618034e+00
      vertex   1.135000e+02 -1.414214e+00 -1.414214e+00
    endloop
  endfacet
  facet normal -6.986649e-17 -6.494480e-01 -7.604060e-01
    outer loop
      vertex   1.135000e+02 -1.414214e+00 -1.414214e+00
      vertex   1.183333e+02 -1.175571e+00 -1.618034e+00
      vertex   1.183333e+02 -1.414214e+00 -1.414214e+00
    endloop
  endfacet
  facet normal -5.967162e-17 -7.604060e-01 -6.494480e-01
    outer loop
      vertex   1.135000e+02 -1.414214e+00 -1.414214e+00
      vertex   1.183333e+02 -1.414214e+00 -1.414214e+00
      vertex   1.135000e+02 -1.618034e+00 -1.175571e+00
    endloop
  endfacet
  facet normal -9.460487e-17 -7.604060e-01 -6.494480e-01
    outer loop
      vertex   1.135000e+02 -1.618034e+00 -1.175571e+00
      vertex   1.183333e+02 -1.414214e+00 -1.414214e+00
      vertex   1.183333e+02 -1.618034e+00 -1.175571e+00
    endloop
  endfacet
  facet normal -8.717794e-17 -8.526402e-01 -5.224986e-01
    outer loop
      vertex   1.135000e+02 -1.618034e+00 -1.175571e+00
      vertex   1.183333e+02 -1.618034e+00 -1.175571e+00
      vertex   1.135000e+02 -1.782013e+00 -9.079810e-01
    endloop
  endfacet
  facet normal -9.917980e-17 -8.526402e-01 -5.224986e-01
    outer loop
      vertex   1.135000e+02 -1.782013e+00 -9.079810e-01
      vertex   1.183333e+02 -1.618034e+00 -1.175571e+00
      vertex   1.183333e+02 -1.782013e+00 -9.079810e-01
    endloop
  endfacet
  facet normal -8.639470e-17 -9.238795e-01 -3.826834e-01
    outer loop
      vertex   1.135000e+02 -1.782013e+00 -9.079810e-01
      vertex   1.183333e+02 -1.782013e+00 -9.079810e-01
      vertex   1.135000e+02 -1.902113e+00 -6.180340e-01
    endloop
  endfacet
  facet normal -1.200477e-16 -9.238795e-01 -3.826834e-01
    outer loop
      vertex   1.135000e+02 -1.902113e+00 -6.180340e-01
      vertex   1.183333e+02 -1.782013e+00 -9.079810e-01
      vertex   1.183333e+02 -1.902113e+00 -6.180340e-01
    endloop
  endfacet
  facet normal -1.107909e-16 -9.723699e-01 -2.334454e-01
    outer loop
      vertex   1.135000e+02 -1.902113e+00 -6.180340e-01
      vertex   1.183333e+02 -1.902113e+00 -6.180340e-01
      vertex   1.135000e+02 -1.975377e+00 -3.128689e-01
    endloop
  endfacet
  facet normal -6.075773e-17 -9.723699e-01 -2.334454e-01
    outer loop
      vertex   1.135000e+02 -1.975377e+00 -3.128689e-01
      vertex   1.183333e+02 -1.902113e+00 -6.180340e-01
      vertex   1.183333e+02 -1.975377e+00 -3.128689e-01
    endloop
  endfacet
  facet normal -5.120528e-17 -9.969173e-01 -7.845910e-02
    outer loop
      vertex   1.135000e+02 -1.975377e+00 -3.128689e-01
      vertex   1.183333e+02 -1.975377e+00 -3.128689e-01
      vertex   1.135000e+02 -2.000000e+00 0.000000e+00
    endloop
  endfacet
  facet normal -6.861695e-18 -9.969173e-01 -7.845910e-02
    outer loop
      vertex   1.135000e+02 -2.000000e+00 0.000000e+00
      vertex   1.183333e+02 -1.975377e+00 -3.128689e-01
      vertex   1.231667e+02 -1.975377e+00 -3.128689e-01
    endloop
  endfacet
  facet normal -6.007385e-18 -9.969173e-01 -7.845910e-02
    outer loop
      vertex   1.135000e+02 -2.000000e+00 0.000000e+00
      vertex   1.231667e+02 -1.975377e+00 -3.128689e-01
      vertex   1.280000e+02 -2.000000e+00 -1.110223e-15
    endloop
  endfacet
  facet normal -3.430848e-18 -9.969173e-01 -7.845910e-02
    outer loop
      vertex   1.280000e+02 -2.000000e+00 -1.110223e-15
      vertex   1.231667e+02 -1.975377e+00 -3.128689e-01
      vertex   1.280000e+02 -1.975377e+00 -3.128689e-01
    endloop
  endfacet
  facet normal -1.072454e-17 -9.723699e-01 -2.334454e-01
    outer loop
      vertex   1.280000e+02 -1.975377e+00 -3.128689e-01
      vertex   1.231667e+02 -1.975377e+00 -3.128689e-01
      vertex   1.280000e+02 -1.902113e+00 -6.180340e-01
    endloop
  endfacet
  facet normal -3.217362e-17 -9.723699e-01 -2.334454e-01
    outer loop
      vertex   1.280000e+02 -1.902113e+00 -6.180340e-01
      vertex   1.231667e+02 -1.975377e+00 -3.128689e-01
      vertex   1.231667e+02 -1.902113e+00 -6.180340e-01
    endloop
  endfacet
  facet normal -5.274173e-17 -9.238795e-01 -3.826834e-01
    outer loop
      vertex   1.280000e+02 -1.902113e+00 -6.180340e-01
      vertex   1.231667e+02 -1.902113e+00 -6.180340e-01
      vertex   1.280000e+02 -1.782013e+00 -9.079810e-01
    endloop
  endfacet
  facet normal 3.365298e-17 -9.238795e-01 -3.826834e-01
    outer loop
      vertex   1.280000e+02 -1.782013e+00 -9.079810e-01
      vertex   1.231667e+02 -1.902113e+00 -6.180340e-01
      vertex   1.231667e+02 -1.782013e+00 -9.079810e-01
    endloop
  endfacet
  facet normal 2.716865e-17 -8.526402e-01 -5.224986e-01
    outer loop
      vertex   1.280000e+02 -1.782013e+00 -9.079810e-01
      vertex   1.231667e+02 -1.782013e+00 -9.079810e-01
      vertex   1.280000e+02 -1.618034e+00 -1.175571e+00
    endloop
  endfacet
  facet normal -8.717794e-17 -8.526402e-01 -5.224986e-01
    outer loop
      vertex   1.280000e+02 -1.618034e+00 -1.175571e+00
      vertex   1.231667e+02 -1.782013e+00 -9.079810e-01
      vertex   1.231667e+02 -1.618034e+00 -1.175571e+00
    endloop
  endfacet
  facet normal -9.460487e-17 -7.604060e-01 -6.494480e-01
    outer loop
      vertex   1.280000e+02 -1.618034e+00 -1.175571e+00
      vertex   1.231667e+02 -1.618034e+00 -1.175571e+00
      vertex   1.280000e+02 -1.414214e+00 -1.414214e+00
    endloop
  endfacet
  facet normal 1.019487e-17 -7.604060e-01 -6.494480e-01
    outer loop
      vertex   1.280000e+02 -1.414214e+00 -1.414214e+00
      vertex   1.231667e+02 -1.618034e+00 -1.175571e+00
      vertex   1.231667e+02 -1.414214e+00 -1.414214e+00
    endloop
  endfacet
  facet normal -1.019487e-17 -6.494480e-01 -7.604060e-01
    outer loop
      vertex   1.280000e+02 -1.414214e+00 -1.414214e+00
      vertex   1.231667e+02 -1.414214e+00 -1.414214e+00
      vertex   1.280000e+02 -1.175571e+00 -1.618034e+00
    endloop
  endfacet
  facet normal -3.493325e-17 -6.494480e-01 -7.604060e-01
    outer loop
      vertex   1.280000e+02 -1.175571e+00 -1.618034e+00
      vertex   1.231667e+02 -1.414214e+00 -1.414214e+00
      vertex   1.231667e+02 -1.175571e+00 -1.618034e+00
    endloop
  endfacet
  facet normal -3.917051e-17 -5.224986e-01 -8.526402e-01
    outer loop
      vertex   1.280000e+02 -1.175571e+00 -1.618034e+00
      vertex   1.231667e+02 -1.175571e+00 -1.618034e+00
      vertex   1.280000e+02 -9.079810e-01 -1.782013e+00
    endloop
  endfacet
  facet normal -0.000000e+00 -5.224986e-01 -8.526402e-01
    outer loop
      vertex   1.280000e+02 -9.079810e-01 -1.782013e+00
      vertex   1.231667e+02 -1.175571e+00 -1.618034e+00
      vertex   1.231667e+02 -9.079810e-01 -1.782013e+00
    endloop
  endfacet
  facet normal -0.000000e+00 -3.826834e-01 -9.238795e-01
    outer loop
      vertex   1.280000e+02 -9.079810e-01 -1.782013e+00
      vertex   1.231667e+02 -9.079810e-01 -1.782013e+00
      vertex   1.280000e+02 -6.180340e-01 -1.902113e+00
    endloop
  endfacet
  facet normal -0.000000e+00 -3.826834e-01 -9.238795e-01
    outer loop
      vertex   1.280000e+02 -6.180340e-01 -1.902113e+00
      vertex   1.231667e+02 -9.079810e-01 -1.782013e+00
      vertex   1.231667e+02 -6.180340e-01 -1.902113e+00
    endloop
  endfacet
  facet normal -0.000000e+00 -2.334454e-01 -9.723699e-01
    outer loop
      vertex   1.280000e+02 -6.180340e-01 -1.902113e+00
      vertex   1.231667e+02 -6.180340e-01 -1.902113e+00
      vertex   1.280000e+02 -3.128689e-01 -1.975377e+00
    endloop
  endfacet
  facet normal -0.000000e+00 -2.334454e-01 -9.723699e-01
    outer loop
      vertex   1.280000e+02 -3.128689e-01 -1.975377e+00
      vertex   1.231667e+02 -6.180340e-01 -1.902113e+00
      vertex   1.231667e+02 -3.128689e-01 -1.975377e+00
    endloop
  endfacet
  facet normal 0.000000e+00 -2.334454e-01 -9.723699e-01
    outer loop
      vertex   1.183333e+02 -6.180340e-01 -1.902113e+00
      vertex   1.183333e+02 -3.128689e-01 -1.975377e+00
      vertex   1.231667e+02 -3.128689e-01 -1.975377e+00
    endloop
  endfacet
  facet normal 0.000000e+00 -2.334454e-01 -9.723699e-01
    outer loop
      vertex   1.183333e+02 -6.180340e-01 -1.902113e+00
      vertex   1.231667e+02 -3.128689e-01 -1.975377e+00
      vertex   1.231667e+02 -6.180340e-01 -1.902113e+00
    endloop
  endfacet
  facet normal 0.000000e+00 -3.826834e-01 -9.238795e-01
    outer loop
      vertex   1.183333e+02 -9.079810e-01 -1.782013e+00
      vertex   1.183333e+02 -6.180340e-01 -1.902113e+00
      vertex   1.231667e+02 -6.180340e-01 -1.902113e+00
    endloop
  endfacet
  facet normal 0.000000e+00 -3.826834e-01 -9.238795e-01
    outer loop
      vertex   1.183333e+02 -9.079810e-01 -1.782013e+00
      vertex   1.231667e+02 -6.180340e-01 -1.902113e+00
      vertex   1.231667e+02 -9.079810e-01 -1.782013e+00
    endloop
  endfacet
  facet normal 0.000000e+00 -5.224986e-01 -8.526402e-01
    outer loop
      vertex   1.183333e+02 -1.175571e+00 -1.618034e+00
      vertex   1.183333e+02 -9.079810e-01 -1.782013e+00
      vertex   1.231667e+02 -9.079810e-01 -1.782013e+00
    endloop
  endfacet
  facet normal 2.400372e-17 -5.224986e-01 -8.526402e-01
    outer loop
      vertex   1.183333e+02 -1.175571e+00 -1.618034e+00
      vertex   1.231667e+02 -9.079810e-01 -1.782013e+00
      vertex   1.231667e+02 -1.175571e+00 -1.618034e+00
    endloop
  endfacet
  facet normal 3.202124e-17 -6.494480e-01 -7.604060e-01
    outer loop
      vertex   1.183333e+02 -1.414214e+00 -1.414214e+00
      vertex   1.183333e+02 -1.175571e+00 -1.618034e+00
      vertex   1.231667e+02 -1.175571e+00 -1.618034e+00
    endloop
  endfacet
  facet normal 0.000000e+00 -6.494480e-01 -7.604060e-01
    outer loop
      vertex   1.183333e+02 -1.414214e+00 -1.414214e+00
      vertex   1.231667e+02 -1.175571e+00 -1.618034e+00
      vertex   1.231667e+02 -1.414214e+00 -1.414214e+00
    endloop
  endfacet
  facet normal 0.000000e+00 -7.604060e-01 -6.494480e-01
    outer loop
      vertex   1.183333e+02 -1.618034e+00 -1.175571e+00
      vertex   1.183333e+02 -1.414214e+00 -1.414214e+00
      vertex   1.231667e+02 -1.414214e+00 -1.414214e+00
    endloop
  endfacet
  facet normal 5.097435e-18 -7.604060e-01 -6.494480e-01
    outer loop
      vertex   1.183333e+02 -1.618034e+00 -1.175571e+00
      vertex   1.231667e+02 -1.414214e+00 -1.414214e+00
      vertex   1.231667e+02 -1.618034e+00 -1.175571e+00
    endloop
  endfacet
  facet normal 1.372339e-17 -8.526402e-01 -5.224986e-01
    outer loop
      vertex   1.183333e+02 -1.782013e+00 -9.079810e-01
      vertex   1.183333e+02 -1.618034e+00 -1.175571e+00
      vertex   1.231667e+02 -1.618034e+00 -1.175571e+00
    endloop
  endfacet
  facet normal -1.200186e-17 -8.526402e-01 -5.224986e-01
    outer loop
      vertex   1.183333e+02 -1.782013e+00 -9.079810e-01
      vertex   1.231667e+02 -1.618034e+00 -1.175571e+00
      vertex   1.231667e+02 -1.782013e+00 -9.079810e-01
    endloop
  endfacet
  facet normal -9.148927e-18 -9.238795e-01 -3.826834e-01
    outer loop
      vertex   1.183333e+02 -1.902113e+00 -6.180340e-01
      vertex   1.183333e+02 -1.782013e+00 -9.079810e-01
      vertex   1.231667e+02 -1.782013e+00 -9.079810e-01
    endloop
  endfacet
  facet normal 2.486269e-17 -9.238795e-01 -3.826834e-01
    outer loop
      vertex   1.183333e+02 -1.902113e+00 -6.180340e-01
      vertex   1.231667e+02 -1.782013e+00 -9.079810e-01
      vertex   1.231667e+02 -1.902113e+00 -6.180340e-01
    endloop
  endfacet
  facet normal 3.430848e-17 -9.723699e-01 -2.334454e-01
    outer loop
      vertex   1.183333e+02 -1.975377e+00 -3.128689e-01
      vertex   1.183333e+02 -1.902113e+00 -6.180340e-01
      vertex   1.231667e+02 -1.902113e+00 -6.180340e-01
    endloop
  endfacet
  facet normal -2.144908e-17 -9.723699e-01 -2.334454e-01
    outer loop
      vertex   1.183333e+02 -1.975377e+00 -3.128689e-01
      vertex   1.231667e+02 -1.902113e+00 -6.180340e-01
      vertex   1.231667e+02 -1.975377e+00 -3.128689e-01
    endloop
  endfacet
  facet normal -9.969173e-01 1.441773e-17 -7.845910e-02
    outer loop
      vertex   9.802462e+01 2.800000e+01 -3.128689e-01
      vertex   9.802462e+01 2.316667e+01 -3.128689e-01
      vertex   9.800000e+01 2.800000e+01 0.000000e+00
    endloop
  endfacet
  facet normal -9.969173e-01 0.000000e+00 -7.845910e-02
    outer loop
      vertex   9.800000e+01 2.800000e+01 0.000000e+00
      vertex   9.802462e+01 2.316667e+01 -3.128689e-01
      vertex   9.802462e+01 1.833333e+01 -3.128689e-01
    endloop
  endfacet
  facet normal -9.969173e-01 -0.000000e+00 -7.845910e-02
    outer loop
      vertex   9.800000e+01 2.800000e+01 0.000000e+00
      vertex   9.802462e+01 1.833333e+01 -3.128689e-01
      vertex   9.800000e+01 1.350000e+01 0.000000e+00
    endloop
  endfacet
  facet normal -9.969173e-01 3.430848e-18 -7.845910e-02
    outer loop
      vertex   9.800000e+01 1.350000e+01 0.000000e+00
      vertex   9.802462e+01 1.833333e+01 -3.128689e-01
      vertex   9.802462e+01 1.350000e+01 -3.128689e-01
    endloop
  endfacet
  facet normal -9.723699e-01 1.072454e-17 -2.334454e-01
    outer loop
      vertex   9.802462e+01 1.350000e+01 -3.128689e-01
      vertex   9.802462e+01 1.833333e+01 -3.128689e-01
      vertex   9.809789e+01 1.350000e+01 -6.180340e-01
    endloop
  endfacet
  facet normal -9.723699e-01 -5.362271e-17 -2.334454e-01
    outer loop
      vertex   9.809789e+01 1.350000e+01 -6.180340e-01
      vertex   9.802462e+01 1.833333e+01 -3.128689e-01
      vertex   9.809789e+01 1.833333e+01 -6.180340e-01
    endloop
  endfacet
  facet normal -9.238795e-01 -8.790289e-17 -3.826834e-01
    outer loop
      vertex   9.809789e+01 1.350000e+01 -6.180340e-01
      vertex   9.809789e+01 1.833333e+01 -6.180340e-01
      vertex   9.821799e+01 1.350000e+01 -9.079810e-01
    endloop
  endfacet
  facet normal -9.238795e-01 -4.395144e-17 -3.826834e-01
    outer loop
      vertex   9.821799e+01 1.350000e+01 -9.079810e-01
      vertex   9.809789e+01 1.833333e+01 -6.180340e-01
      vertex   9.821799e+01 1.833333e+01 -9.079810e-01
    endloop
  endfacet
  facet normal -8.526402e-01 -6.000930e-17 -5.224986e-01
    outer loop
      vertex   9.821799e+01 1.350000e+01 -9.079810e-01
      vertex   9.821799e+01 1.833333e+01 -9.079810e-01
      vertex   9.838197e+01 1.350000e+01 -1.175571e+00
    endloop
  endfacet
  facet normal -8.526402e-01 3.840595e-16 -5.224986e-01
    outer loop
      vertex   9.838197e+01 1.350000e+01 -1.175571e+00
      vertex   9.821799e+01 1.833333e+01 -9.079810e-01
      vertex   9.838197e+01 1.833333e+01 -1.175571e+00
    endloop
  endfacet
  facet normal -7.604060e-01 4.773730e-16 -6.494480e-01
    outer loop
      vertex   9.838197e+01 1.350000e+01 -1.175571e+00
      vertex   9.838197e+01 1.833333e+01 -1.175571e+00
      vertex   9.858579e+01 1.350000e+01 -1.414214e+00
    endloop
  endfacet
  facet normal -7.604060e-01 4.177014e-16 -6.494480e-01
    outer loop
      vertex   9.858579e+01 1.350000e+01 -1.414214e+00
      vertex   9.838197e+01 1.833333e+01 -1.175571e+00
      vertex   9.858579e+01 1.833333e+01 -1.414214e+00
    endloop
  endfacet
  facet normal -6.494480e-01 4.890655e-16 -7.604060e-01
    outer loop
      vertex   9.858579e+01 1.350000e+01 -1.414214e+00
      vertex   9.858579e+01 1.833333e+01 -1.414214e+00
      vertex   9.882443e+01 1.350000e+01 -1.618034e+00
    endloop
  endfacet
  facet normal -6.494480e-01 8.034647e-16 -7.604060e-01
    outer loop
      vertex   9.882443e+01 1.350000e+01 -1.618034e+00
      vertex   9.858579e+01 1.833333e+01 -1.414214e+00
      vertex   9.882443e+01 1.833333e+01 -1.618034e+00
    endloop
  endfacet
  facet normal -5.224986e-01 9.009218e-16 -8.526402e-01
    outer loop
      vertex   9.882443e+01 1.350000e+01 -1.618034e+00
      vertex   9.882443e+01 1.833333e+01 -1.618034e+00
      vertex   9.909202e+01 1.350000e+01 -1.782013e+00
    endloop
  endfacet
  facet normal -5.224986e-01 1.175115e-16 -8.526402e-01
    outer loop
      vertex   9.909202e+01 1.350000e+01 -1.782013e+00
      vertex   9.882443e+01 1.833333e+01 -1.618034e+00
      vertex   9.909202e+01 1.833333e+01 -1.782013e+00
    endloop
  endfacet
  facet normal -3.826834e-01 1.273298e-16 -9.238795e-01
    outer loop
      vertex   9.909202e+01 1.350000e+01 -1.782013e+00
      vertex   9.909202e+01 1.833333e+01 -1.782013e+00
      vertex   9.938197e+01 1.350000e+01 -1.902113e+00
    endloop
  endfacet
  facet normal -3.826834e-01 8.488653e-16 -9.238795e-01
    outer loop
      vertex   9.938197e+01 1.350000e+01 -1.902113e+00
      vertex   9.909202e+01 1.833333e+01 -1.782013e+00
      vertex   9.938197e+01 1.833333e+01 -1.902113e+00
    endloop
  endfacet
  facet normal -2.334454e-01 8.934186e-16 -9.723699e-01
    outer loop
      vertex   9.938197e+01 1.350000e+01 -1.902113e+00
      vertex   9.938197e+01 1.833333e+01 -1.902113e+00
      vertex   9.968713e+01 1.350000e+01 -1.975377e+00
    endloop
  endfacet
  facet normal -2.334454e-01 1.429470e-15 -9.723699e-01
    outer loop
      vertex   9.968713e+01 1.350000e+01 -1.975377e+00
      vertex   9.938197e+01 1.833333e+01 -1.902113e+00
      vertex   9.968713e+01 1.833333e+01 -1.975377e+00
    endloop
  endfacet
  facet normal -7.845910e-02 1.465557e-15 -9.969173e-01
    outer loop
      vertex   9.968713e+01 1.350000e+01 -1.975377e+00
      vertex   9.968713e+01 1.833333e+01 -1.975377e+00
      vertex   1.000000e+02 1.350000e+01 -2.000000e+00
    endloop
  endfacet
  facet normal -7.845910e-02 4.402921e-17 -9.969173e-01
    outer loop
      vertex   1.000000e+02 1.350000e+01 -2.000000e+00
      vertex   9.968713e+01 1.833333e+01 -1.975377e+00
      vertex   9.968713e+01 2.316667e+01 -1.975377e+00
    endloop
  endfacet
  facet normal -7.845910e-02 -7.689454e-17 -9.969173e-01
    outer loop
      vertex   1.000000e+02 1.350000e+01 -2.000000e+00
      vertex   9.968713e+01 2.316667e+01 -1.975377e+00
      vertex   1.000000e+02 2.800000e+01 -2.000000e+00
    endloop
  endfacet
  facet normal -7.845910e-02 2.750396e-16 -9.969173e-01
    outer loop
      vertex   1.000000e+02 2.800000e+01 -2.000000e+00
      vertex   9.968713e+01 2.316667e+01 -1.975377e+00
      vertex   9.968713e+01 2.800000e+01 -1.975377e+00
    endloop
  endfacet
  facet normal -2.334454e-01 2.680256e-16 -9.723699e-01
    outer loop
      vertex   9.968713e+01 2.800000e+01 -1.975377e+00
      vertex   9.968713e+01 2.316667e+01 -1.975377e+00
      vertex   9.938197e+01 2.800000e+01 -1.902113e+00
    endloop
  endfacet
  facet normal -2.334454e-01 5.807221e-16 -9.723699e-01
    outer loop
      vertex   9.938197e+01 2.800000e+01 -1.902113e+00
      vertex   9.968713e+01 2.316667e+01 -1.975377e+00
      vertex   9.938197e+01 2.316667e+01 -1.902113e+00
    endloop
  endfacet
  facet normal -3.826834e-01 5.517625e-16 -9.238795e-01
    outer loop
      vertex   9.938197e+01 2.800000e+01 -1.902113e+00
      vertex   9.938197e+01 2.316667e+01 -1.902113e+00
      vertex   9.909202e+01 2.800000e+01 -1.782013e+00
    endloop
  endfacet
  facet normal -3.826834e-01 8.488653e-16 -9.238795e-01
    outer loop
      vertex   9.909202e+01 2.800000e+01 -1.782013e+00
      vertex   9.938197e+01 2.316667e+01 -1.902113e+00
      vertex   9.909202e+01 2.316667e+01 -1.782013e+00
    endloop
  endfacet
  facet normal -5.224986e-01 7.834102e-16 -8.526402e-01
    outer loop
      vertex   9.909202e+01 2.800000e+01 -1.782013e+00
      vertex   9.909202e+01 2.316667e+01 -1.782013e+00
      vertex   9.882443e+01 2.800000e+01 -1.618034e+00
    endloop
  endfacet
  facet normal -5.224986e-01 -1.810432e-15 -8.526402e-01
    outer loop
      vertex   9.882443e+01 2.800000e+01 -1.618034e+00
      vertex   9.909202e+01 2.316667e+01 -1.782013e+00
      vertex   9.882443e+01 2.316667e+01 -1.618034e+00
    endloop
  endfacet
  facet normal -6.494480e-01 -2.154025e-15 -7.604060e-01
    outer loop
      vertex   9.882443e+01 2.800000e+01 -1.618034e+00
      vertex   9.882443e+01 2.316667e+01 -1.618034e+00
      vertex   9.858579e+01 2.800000e+01 -1.414214e+00
    endloop
  endfacet
  facet normal -6.494480e-01 4.191990e-16 -7.604060e-01
    outer loop
      vertex   9.858579e+01 2.800000e+01 -1.414214e+00
      vertex   9.882443e+01 2.316667e+01 -1.618034e+00
      vertex   9.858579e+01 2.316667e+01 -1.414214e+00
    endloop
  endfacet
  facet normal -7.604060e-01 3.580298e-16 -6.494480e-01
    outer loop
      vertex   9.858579e+01 2.800000e+01 -1.414214e+00
      vertex   9.858579e+01 2.316667e+01 -1.414214e+00
      vertex   9.838197e+01 2.800000e+01 -1.175571e+00
    endloop
  endfacet
  facet normal -7.604060e-01 -4.650471e-15 -6.494480e-01
    outer loop
      vertex   9.838197e+01 2.800000e+01 -1.175571e+00
      vertex   9.858579e+01 2.316667e+01 -1.414214e+00
      vertex   9.838197e+01 2.316667e+01 -1.175571e+00
    endloop
  endfacet
  facet normal -8.526402e-01 -5.157848e-15 -5.224986e-01
    outer loop
      vertex   9.838197e+01 2.800000e+01 -1.175571e+00
      vertex   9.838197e+01 2.316667e+01 -1.175571e+00
      vertex   9.821799e+01 2.800000e+01 -9.079810e-01
    endloop
  endfacet
  facet normal -8.526402e-01 3.960614e-16 -5.224986e-01
    outer loop
      vertex   9.821799e+01 2.800000e+01 -9.079810e-01
      vertex   9.838197e+01 2.316667e+01 -1.175571e+00
      vertex   9.821799e+01 2.316667e+01 -9.079810e-01
    endloop
  endfacet
  facet normal -9.238795e-01 2.900795e-16 -3.826834e-01
    outer loop
      vertex   9.821799e+01 2.800000e+01 -9.079810e-01
      vertex   9.821799e+01 2.316667e+01 -9.079810e-01
      vertex   9.809789e+01 2.800000e+01 -6.180340e-01
    endloop
  endfacet
  facet normal -9.238795e-01 2.197572e-16 -3.826834e-01
    outer loop
      vertex   9.809789e+01 2.800000e+01 -6.180340e-01
      vertex   9.821799e+01 2.316667e+01 -9.079810e-01
      vertex   9.809789e+01 2.316667e+01 -6.180340e-01
    endloop
  endfacet
  facet normal -9.723699e-01 1.340568e-16 -2.334454e-01
    outer loop
      vertex   9.809789e+01 2.800000e+01 -6.180340e-01
      vertex   9.809789e+01 2.316667e+01 -6.180340e-01
      vertex   9.802462e+01 2.800000e+01 -3.128689e-01
    endloop
  endfacet
  facet normal -9.723699e-01 4.289816e-17 -2.334454e-01
    outer loop
      vertex   9.802462e+01 2.800000e+01 -3.128689e-01
      vertex   9.809789e+01 2.316667e+01 -6.180340e-01
      vertex   9.802462e+01 2.316667e+01 -3.128689e-01
    endloop
  endfacet
  facet normal -9.723699e-01 0.000000e+00 -2.334454e-01
    outer loop
      vertex   9.809789e+01 1.833333e+01 -6.180340e-01
      vertex   9.802462e+01 1.833333e+01 -3.128689e-01
      vertex   9.802462e+01 2.316667e+01 -3.128689e-01
    endloop
  endfacet
  facet normal -9.723699e-01 5.362271e-17 -2.334454e-01
    outer loop
      vertex   9.809789e+01 1.833333e+01 -6.180340e-01
      vertex   9.802462e+01 2.316667e+01 -3.128689e-01
      vertex   9.809789e+01 2.316667e+01 -6.180340e-01
    endloop
  endfacet
  facet normal -9.238795e-01 9.148928e-17 -3.826834e-01
    outer loop
      vertex   9.821799e+01 1.833333e+01 -9.079810e-01
      vertex   9.809789e+01 1.833333e+01 -6.180340e-01
      vertex   9.809789e+01 2.316667e+01 -6.180340e-01
    endloop
  endfacet
  facet normal -9.238795e-01 7.911260e-17 -3.826834e-01
    outer loop
      vertex   9.821799e+01 1.833333e+01 -9.079810e-01
      vertex   9.809789e+01 2.316667e+01 -6.180340e-01
      vertex   9.821799e+01 2.316667e+01 -9.079810e-01
    endloop
  endfacet
  facet normal -8.526402e-01 1.097871e-16 -5.224986e-01
    outer loop
      vertex   9.838197e+01 1.833333e+01 -1.175571e+00
      vertex   9.821799e+01 1.833333e+01 -9.079810e-01
      vertex   9.821799e+01 2.316667e+01 -9.079810e-01
    endloop
  endfacet
  facet normal -8.526402e-01 3.840595e-16 -5.224986e-01
    outer loop
      vertex   9.838197e+01 1.833333e+01 -1.175571e+00
      vertex   9.821799e+01 2.316667e+01 -9.079810e-01
      vertex   9.838197e+01 2.316667e+01 -1.175571e+00
    endloop
  endfacet
  facet normal -7.604060e-01 4.803187e-16 -6.494480e-01
    outer loop
      vertex   9.858579e+01 1.833333e+01 -1.414214e+00
      vertex   9.838197e+01 1.833333e+01 -1.175571e+00
      vertex   9.838197e+01 2.316667e+01 -1.175571e+00
    endloop
  endfacet
  facet normal -7.604060e-01 1.790149e-16 -6.494480e-01
    outer loop
      vertex   9.858579e+01 1.833333e+01 -1.414214e+00
      vertex   9.838197e+01 2.316667e+01 -1.175571e+00
      vertex   9.858579e+01 2.316667e+01 -1.414214e+00
    endloop
  endfacet
  facet normal -6.494480e-01 2.104253e-16 -7.604060e-01
    outer loop
      vertex   9.882443e+01 1.833333e+01 -1.618034e+00
      vertex   9.858579e+01 1.833333e+01 -1.414214e+00
      vertex   9.858579e+01 2.316667e+01 -1.414214e+00
    endloop
  endfacet
  facet normal -6.494480e-01 6.287985e-16 -7.604060e-01
    outer loop
      vertex   9.882443e+01 1.833333e+01 -1.618034e+00
      vertex   9.858579e+01 2.316667e+01 -1.414214e+00
      vertex   9.882443e+01 2.316667e+01 -1.618034e+00
    endloop
  endfacet
  facet normal -5.224986e-01 7.044674e-16 -8.526402e-01
    outer loop
      vertex   9.909202e+01 1.833333e+01 -1.782013e+00
      vertex   9.882443e+01 1.833333e+01 -1.618034e+00
      vertex   9.882443e+01 2.316667e+01 -1.618034e+00
    endloop
  endfacet
  facet normal -5.224986e-01 -2.524089e-15 -8.526402e-01
    outer loop
      vertex   9.909202e+01 1.833333e+01 -1.782013e+00
      vertex   9.882443e+01 2.316667e+01 -1.618034e+00
      vertex   9.909202e+01 2.316667e+01 -1.782013e+00
    endloop
  endfacet
  facet normal -3.826834e-01 -1.655956e-15 -9.238795e-01
    outer loop
      vertex   9.938197e+01 1.833333e+01 -1.902113e+00
      vertex   9.909202e+01 1.833333e+01 -1.782013e+00
      vertex   9.909202e+01 2.316667e+01 -1.782013e+00
    endloop
  endfacet
  facet normal -3.826834e-01 -7.856108e-16 -9.238795e-01
    outer loop
      vertex   9.938197e+01 1.833333e+01 -1.902113e+00
      vertex   9.909202e+01 2.316667e+01 -1.782013e+00
      vertex   9.938197e+01 2.316667e+01 -1.902113e+00
    endloop
  endfacet
  facet normal -2.334454e-01 -3.270742e-16 -9.723699e-01
    outer loop
      vertex   9.968713e+01 1.833333e+01 -1.975377e+00
      vertex   9.938197e+01 1.833333e+01 -1.902113e+00
      vertex   9.938197e+01 2.316667e+01 -1.902113e+00
    endloop
  endfacet
  facet normal -2.334454e-01 -4.183451e-16 -9.723699e-01
    outer loop
      vertex   9.968713e+01 1.833333e+01 -1.975377e+00
      vertex   9.938197e+01 2.316667e+01 -1.902113e+00
      vertex   9.968713e+01 2.316667e+01 -1.975377e+00
    endloop
  endfacet
  facet normal 7.845373e-02 1.169297e-02 -9.968492e-01
    outer loop
      vertex   1.283129e+02 2.307193e-16 -1.975377e+00
      vertex   1.282954e+02 -5.246140e-02 -1.977365e+00
      vertex   1.280000e+02 0.000000e+00 -2.000000e+00
    endloop
  endfacet
  facet normal 6.281134e-02 -7.566188e-02 -9.951533e-01
    outer loop
      vertex   1.280000e+02 0.000000e+00 -2.000000e+00
      vertex   1.282954e+02 -5.246140e-02 -1.977365e+00
      vertex   1.281722e+02 -3.407307e-01 -1.963228e+00
    endloop
  endfacet
  facet normal 5.755644e-02 -7.832903e-02 -9.952647e-01
    outer loop
      vertex   1.280000e+02 0.000000e+00 -2.000000e+00
      vertex   1.281722e+02 -3.407307e-01 -1.963228e+00
      vertex   1.280000e+02 -3.128689e-01 -1.975377e+00
    endloop
  endfacet
  facet normal 3.118935e-02 -2.312777e-01 -9.723877e-01
    outer loop
      vertex   1.280000e+02 -3.128689e-01 -1.975377e+00
      vertex   1.281722e+02 -3.407307e-01 -1.963228e+00
      vertex   1.280447e+02 -6.206100e-01 -1.900750e+00
    endloop
  endfacet
  facet normal 1.621950e-02 -2.334147e-01 -9.722420e-01
    outer loop
      vertex   1.280000e+02 -3.128689e-01 -1.975377e+00
      vertex   1.280447e+02 -6.206100e-01 -1.900750e+00
      vertex   1.280000e+02 -6.180340e-01 -1.902113e+00
    endloop
  endfacet
  facet normal 6.131963e-03 -3.826762e-01 -9.238622e-01
    outer loop
      vertex   1.280000e+02 -6.180340e-01 -1.902113e+00
      vertex   1.280447e+02 -6.206100e-01 -1.900750e+00
      vertex   1.280000e+02 -9.079810e-01 -1.782013e+00
    endloop
  endfacet
  facet normal 7.141065e-02 -3.903531e-01 -9.178916e-01
    outer loop
      vertex   1.280000e+02 -9.079810e-01 -1.782013e+00
      vertex   1.280447e+02 -6.206100e-01 -1.900750e+00
      vertex   1.283352e+02 -7.310834e-01 -1.831166e+00
    endloop
  endfacet
  facet normal 8.662940e-02 -4.157085e-01 -9.053628e-01
    outer loop
      vertex   1.280000e+02 -9.079810e-01 -1.782013e+00
      vertex   1.283352e+02 -7.310834e-01 -1.831166e+00
      vertex   1.282096e+02 -9.968313e-01 -1.721160e+00
    endloop
  endfacet
  facet normal 2.089408e-01 -4.566914e-01 -8.647409e-01
    outer loop
      vertex   1.282096e+02 -9.968313e-01 -1.721160e+00
      vertex   1.283352e+02 -7.310834e-01 -1.831166e+00
      vertex   1.284975e+02 -1.083181e+00 -1.606004e+00
    endloop
  endfacet
  facet normal 1.447253e-01 -5.833680e-01 -7.992098e-01
    outer loop
      vertex   1.282096e+02 -9.968313e-01 -1.721160e+00
      vertex   1.284975e+02 -1.083181e+00 -1.606004e+00
      vertex   1.283626e+02 -1.323147e+00 -1.455267e+00
    endloop
  endfacet
  facet normal 2.852483e-01 -6.196355e-01 -7.312217e-01
    outer loop
      vertex   1.283626e+02 -1.323147e+00 -1.455267e+00
      vertex   1.284975e+02 -1.083181e+00 -1.606004e+00
      vertex   1.286334e+02 -1.381144e+00 -1.300495e+00
    endloop
  endfacet
  facet normal 2.137582e-01 -7.310988e-01 -6.479213e-01
    outer loop
      vertex   1.283626e+02 -1.323147e+00 -1.455267e+00
      vertex   1.286334e+02 -1.381144e+00 -1.300495e+00
      vertex   1.284790e+02 -1.586259e+00 -1.119984e+00
    endloop
  endfacet
  facet normal 3.424317e-01 -7.526555e-01 -5.623612e-01
    outer loop
      vertex   1.284790e+02 -1.586259e+00 -1.119984e+00
      vertex   1.286334e+02 -1.381144e+00 -1.300495e+00
      vertex   1.287199e+02 -1.614488e+00 -9.354734e-01
    endloop
  endfacet
  facet normal 2.590189e-01 -8.451517e-01 -4.675765e-01
    outer loop
      vertex   1.284790e+02 -1.586259e+00 -1.119984e+00
      vertex   1.287199e+02 -1.614488e+00 -9.354734e-01
      vertex   1.285380e+02 -1.778699e+00 -7.394462e-01
    endloop
  endfacet
  facet normal 3.701711e-01 -8.520251e-01 -3.701711e-01
    outer loop
      vertex   1.285380e+02 -1.778699e+00 -7.394462e-01
      vertex   1.287199e+02 -1.614488e+00 -9.354734e-01
      vertex   1.287394e+02 -1.778699e+00 -5.380048e-01
    endloop
  endfacet
  facet normal 2.715544e-01 -9.233182e-01 -2.715544e-01
    outer loop
      vertex   1.285380e+02 -1.778699e+00 -7.394462e-01
      vertex   1.287394e+02 -1.778699e+00 -5.380048e-01
      vertex   1.285252e+02 -1.899112e+00 -3.428194e-01
    endloop
  endfacet
  facet normal 3.612561e-01 -9.169884e-01 -1.691932e-01
    outer loop
      vertex   1.285252e+02 -1.899112e+00 -3.428194e-01
      vertex   1.287394e+02 -1.778699e+00 -5.380048e-01
      vertex   1.286814e+02 -1.875224e+00 -1.389009e-01
    endloop
  endfacet
  facet normal 2.459645e-01 -9.663628e-01 -7.512976e-02
    outer loop
      vertex   1.285252e+02 -1.899112e+00 -3.428194e-01
      vertex   1.286814e+02 -1.875224e+00 -1.389009e-01
      vertex   1.282980e+02 -1.972763e+00 -1.391927e-01
    endloop
  endfacet
  facet normal 2.463961e-01 -9.681507e-01 -4.441980e-02
    outer loop
      vertex   1.282980e+02 -1.972763e+00 -1.391927e-01
      vertex   1.286814e+02 -1.875224e+00 -1.389009e-01
      vertex   1.283129e+02 -1.975377e+00 0.000000e+00
    endloop
  endfacet
  facet normal 7.843036e-02 -9.965522e-01 -2.706369e-02
    outer loop
      vertex   1.282980e+02 -1.972763e+00 -1.391927e-01
      vertex   1.283129e+02 -1.975377e+00 0.000000e+00
      vertex   1.280000e+02 -2.000000e+00 -1.110223e-15
    endloop
  endfacet
  facet normal 2.197553e-01 -3.612496e-02 -9.748859e-01
    outer loop
      vertex   1.282954e+02 -5.246140e-02 -1.977365e+00
      vertex   1.283129e+02 2.307193e-16 -1.975377e+00
      vertex   1.285587e+02 -1.525693e-01 -1.914310e+00
    endloop
  endfacet
  facet normal 2.334255e-01 -1.305871e-02 -9.722870e-01
    outer loop
      vertex   1.285587e+02 -1.525693e-01 -1.914310e+00
      vertex   1.283129e+02 2.307193e-16 -1.975377e+00
      vertex   1.286180e+02 1.782018e-16 -1.902113e+00
    endloop
  endfacet
  facet normal 3.542841e-01 -6.320495e-02 -9.329994e-01
    outer loop
      vertex   1.285587e+02 -1.525693e-01 -1.914310e+00
      vertex   1.286180e+02 1.782018e-16 -1.902113e+00
      vertex   1.288169e+02 -2.300108e-01 -1.811034e+00
    endloop
  endfacet
  facet normal 3.824486e-01 -3.502391e-02 -9.233127e-01
    outer loop
      vertex   1.288169e+02 -2.300108e-01 -1.811034e+00
      vertex   1.286180e+02 1.782018e-16 -1.902113e+00
      vertex   1.289080e+02 1.212963e-16 -1.782013e+00
    endloop
  endfacet
  facet normal 4.815576e-01 -8.067620e-02 -8.726933e-01
    outer loop
      vertex   1.288169e+02 -2.300108e-01 -1.811034e+00
      vertex   1.289080e+02 1.212963e-16 -1.782013e+00
      vertex   1.290632e+02 -2.827803e-01 -1.670212e+00
    endloop
  endfacet
  facet normal 5.218395e-01 -5.020974e-02 -8.515647e-01
    outer loop
      vertex   1.290632e+02 -2.827803e-01 -1.670212e+00
      vertex   1.289080e+02 1.212963e-16 -1.782013e+00
      vertex   1.291756e+02 6.140414e-17 -1.618034e+00
    endloop
  endfacet
  facet normal 5.986822e-01 -9.103143e-02 -7.957970e-01
    outer loop
      vertex   1.290632e+02 -2.827803e-01 -1.670212e+00
      vertex   1.291756e+02 6.140414e-17 -1.618034e+00
      vertex   1.292914e+02 -3.095113e-01 -1.495492e+00
    endloop
  endfacet
  facet normal 6.483576e-01 -5.792408e-02 -7.591292e-01
    outer loop
      vertex   1.292914e+02 -3.095113e-01 -1.495492e+00
      vertex   1.291756e+02 6.140414e-17 -1.618034e+00
      vertex   1.294142e+02 -8.011869e-31 -1.414214e+00
    endloop
  endfacet
  facet normal 7.039442e-01 -9.447291e-02 -7.039442e-01
    outer loop
      vertex   1.292914e+02 -3.095113e-01 -1.495492e+00
      vertex   1.294142e+02 -8.011869e-31 -1.414214e+00
      vertex   1.294955e+02 -3.095113e-01 -1.291397e+00
    endloop
  endfacet
  facet normal 7.591292e-01 -5.792408e-02 -6.483576e-01
    outer loop
      vertex   1.294955e+02 -3.095113e-01 -1.291397e+00
      vertex   1.294142e+02 -8.011869e-31 -1.414214e+00
      vertex   1.296180e+02 -6.140414e-17 -1.175571e+00
    endloop
  endfacet
  facet normal 7.957970e-01 -9.103143e-02 -5.986822e-01
    outer loop
      vertex   1.294955e+02 -3.095113e-01 -1.291397e+00
      vertex   1.296180e+02 -6.140414e-17 -1.175571e+00
      vertex   1.296702e+02 -2.827803e-01 -1.063215e+00
    endloop
  endfacet
  facet normal 8.515647e-01 -5.020974e-02 -5.218395e-01
    outer loop
      vertex   1.296702e+02 -2.827803e-01 -1.063215e+00
      vertex   1.296180e+02 -6.140414e-17 -1.175571e+00
      vertex   1.297820e+02 -1.212963e-16 -9.079810e-01
    endloop
  endfacet
  facet normal 8.726933e-01 -8.067620e-02 -4.815576e-01
    outer loop
      vertex   1.296702e+02 -2.827803e-01 -1.063215e+00
      vertex   1.297820e+02 -1.212963e-16 -9.079810e-01
      vertex   1.298110e+02 -2.300108e-01 -8.168541e-01
    endloop
  endfacet
  facet normal 9.233127e-01 -3.502391e-02 -3.824486e-01
    outer loop
      vertex   1.298110e+02 -2.300108e-01 -8.168541e-01
      vertex   1.297820e+02 -1.212963e-16 -9.079810e-01
      vertex   1.299021e+02 -1.782018e-16 -6.180340e-01
    endloop
  endfacet
  facet normal 9.329994e-01 -6.320495e-02 -3.542841e-01
    outer loop
      vertex   1.298110e+02 -2.300108e-01 -8.168541e-01
      vertex   1.299021e+02 -1.782018e-16 -6.180340e-01
      vertex   1.299143e+02 -1.525693e-01 -5.586953e-01
    endloop
  endfacet
  facet normal 9.722870e-01 -1.305871e-02 -2.334255e-01
    outer loop
      vertex   1.299143e+02 -1.525693e-01 -5.586953e-01
      vertex   1.299021e+02 -1.782018e-16 -6.180340e-01
      vertex   1.299754e+02 -2.307193e-16 -3.128689e-01
    endloop
  endfacet
  facet normal 9.748859e-01 -3.612496e-02 -2.197553e-01
    outer loop
      vertex   1.299143e+02 -1.525693e-01 -5.586953e-01
      vertex   1.299754e+02 -2.307193e-16 -3.128689e-01
      vertex   1.299774e+02 -5.246140e-02 -2.954245e-01
    endloop
  endfacet
  facet normal 9.968492e-01 1.169297e-02 -7.845373e-02
    outer loop
      vertex   1.299774e+02 -5.246140e-02 -2.954245e-01
      vertex   1.299754e+02 -2.307193e-16 -3.128689e-01
      vertex   1.300000e+02 0.000000e+00 0.000000e+00
    endloop
  endfacet
  facet normal 9.951533e-01 -7.566188e-02 -6.281134e-02
    outer loop
      vertex   1.299774e+02 -5.246140e-02 -2.954245e-01
      vertex   1.300000e+02 0.000000e+00 0.000000e+00
      vertex   1.299632e+02 -3.407307e-01 -1.721595e-01
    endloop
  endfacet
  facet normal 9.952647e-01 -7.832903e-02 -5.755644e-02
    outer loop
      vertex   1.299632e+02 -3.407307e-01 -1.721595e-01
      vertex   1.300000e+02 0.000000e+00 0.000000e+00
      vertex   1.299754e+02 -3.128689e-01 0.000000e+00
    endloop
  endfacet
  facet normal 9.723877e-01 -2.312777e-01 -3.118935e-02
    outer loop
      vertex   1.299632e+02 -3.407307e-01 -1.721595e-01
      vertex   1.299754e+02 -3.128689e-01 0.000000e+00
      vertex   1.299008e+02 -6.206100e-01 -4.465543e-02
    endloop
  endfacet
  facet normal 9.722420e-01 -2.334147e-01 -1.621950e-02
    outer loop
      vertex   1.299008e+02 -6.206100e-01 -4.465543e-02
      vertex   1.299754e+02 -3.128689e-01 0.000000e+00
      vertex   1.299021e+02 -6.180340e-01 0.000000e+00
    endloop
  endfacet
  facet normal 9.238622e-01 -3.826762e-01 -6.131963e-03
    outer loop
      vertex   1.299008e+02 -6.206100e-01 -4.465543e-02
      vertex   1.299021e+02 -6.180340e-01 0.000000e+00
      vertex   1.297820e+02 -9.079810e-01 0.000000e+00
    endloop
  endfacet
  facet normal 8.523509e-01 -5.223213e-01 -2.604694e-02
    outer loop
      vertex   1.296180e+02 -1.175571e+00 0.000000e+00
      vertex   1.297212e+02 -9.968313e-01 -2.096070e-01
      vertex   1.297820e+02 -9.079810e-01 0.000000e+00
    endloop
  endfacet
  facet normal 9.053628e-01 -4.157085e-01 -8.662940e-02
    outer loop
      vertex   1.297820e+02 -9.079810e-01 0.000000e+00
      vertex   1.297212e+02 -9.968313e-01 -2.096070e-01
      vertex   1.298312e+02 -7.310834e-01 -3.351862e-01
    endloop
  endfacet
  facet normal 9.178916e-01 -3.903531e-01 -7.141065e-02
    outer loop
      vertex   1.297820e+02 -9.079810e-01 0.000000e+00
      vertex   1.298312e+02 -7.310834e-01 -3.351862e-01
      vertex   1.299008e+02 -6.206100e-01 -4.465543e-02
    endloop
  endfacet
  facet normal 9.544987e-01 -2.703842e-01 -1.257961e-01
    outer loop
      vertex   1.299008e+02 -6.206100e-01 -4.465543e-02
      vertex   1.298312e+02 -7.310834e-01 -3.351862e-01
      vertex   1.298961e+02 -4.473337e-01 -4.525119e-01
    endloop
  endfacet
  facet normal 9.544987e-01 -2.703842e-01 -1.257961e-01
    outer loop
      vertex   1.299008e+02 -6.206100e-01 -4.465543e-02
      vertex   1.298961e+02 -4.473337e-01 -4.525119e-01
      vertex   1.299632e+02 -3.407307e-01 -1.721595e-01
    endloop
  endfacet
  facet normal 9.744812e-01 -1.269489e-01 -1.851228e-01
    outer loop
      vertex   1.299632e+02 -3.407307e-01 -1.721595e-01
      vertex   1.298961e+02 -4.473337e-01 -4.525119e-01
      vertex   1.299143e+02 -1.525693e-01 -5.586953e-01
    endloop
  endfacet
  facet normal 9.744812e-01 -1.269489e-01 -1.851228e-01
    outer loop
      vertex   1.299632e+02 -3.407307e-01 -1.721595e-01
      vertex   1.299143e+02 -1.525693e-01 -5.586953e-01
      vertex   1.299774e+02 -5.246140e-02 -2.954245e-01
    endloop
  endfacet
  facet normal 8.252244e-01 -5.602328e-01 -7.172155e-02
    outer loop
      vertex   1.297212e+02 -9.968313e-01 -2.096070e-01
      vertex   1.296180e+02 -1.175571e+00 0.000000e+00
      vertex   1.295688e+02 -1.238034e+00 -7.886669e-02
    endloop
  endfacet
  facet normal 7.598157e-01 -6.489439e-01 3.939291e-02
    outer loop
      vertex   1.295688e+02 -1.238034e+00 -7.886669e-02
      vertex   1.296180e+02 -1.175571e+00 0.000000e+00
      vertex   1.294142e+02 -1.414214e+00 0.000000e+00
    endloop
  endfacet
  facet normal 7.289565e-01 -6.788845e-01 -8.796795e-02
    outer loop
      vertex   1.295688e+02 -1.238034e+00 -7.886669e-02
      vertex   1.294142e+02 -1.414214e+00 0.000000e+00
      vertex   1.294553e+02 -1.323147e+00 -3.625998e-01
    endloop
  endfacet
  facet normal 7.058394e-01 -7.017904e-01 -9.633808e-02
    outer loop
      vertex   1.294553e+02 -1.323147e+00 -3.625998e-01
      vertex   1.294142e+02 -1.414214e+00 0.000000e+00
      vertex   1.292687e+02 -1.530533e+00 -2.188089e-01
    endloop
  endfacet
  facet normal 6.479213e-01 -7.310988e-01 -2.137582e-01
    outer loop
      vertex   1.294553e+02 -1.323147e+00 -3.625998e-01
      vertex   1.292687e+02 -1.530533e+00 -2.188089e-01
      vertex   1.293005e+02 -1.381144e+00 -6.333661e-01
    endloop
  endfacet
  facet normal 6.479213e-01 -7.310988e-01 -2.137582e-01
    outer loop
      vertex   1.293005e+02 -1.381144e+00 -6.333661e-01
      vertex   1.292687e+02 -1.530533e+00 -2.188089e-01
      vertex   1.291200e+02 -1.586259e+00 -4.789743e-01
    endloop
  endfacet
  facet normal 5.623612e-01 -7.526555e-01 -3.424317e-01
    outer loop
      vertex   1.293005e+02 -1.381144e+00 -6.333661e-01
      vertex   1.291200e+02 -1.586259e+00 -4.789743e-01
      vertex   1.291085e+02 -1.410523e+00 -8.841533e-01
    endloop
  endfacet
  facet normal 5.623612e-01 -7.526555e-01 -3.424317e-01
    outer loop
      vertex   1.291085e+02 -1.410523e+00 -8.841533e-01
      vertex   1.291200e+02 -1.586259e+00 -4.789743e-01
      vertex   1.289355e+02 -1.614488e+00 -7.199427e-01
    endloop
  endfacet
  facet normal 4.596446e-01 -7.599037e-01 -4.596446e-01
    outer loop
      vertex   1.291085e+02 -1.410523e+00 -8.841533e-01
      vertex   1.289355e+02 -1.614488e+00 -7.199427e-01
      vertex   1.288842e+02 -1.410523e+00 -1.108466e+00
    endloop
  endfacet
  facet normal 4.596446e-01 -7.599037e-01 -4.596446e-01
    outer loop
      vertex   1.288842e+02 -1.410523e+00 -1.108466e+00
      vertex   1.289355e+02 -1.614488e+00 -7.199427e-01
      vertex   1.287199e+02 -1.614488e+00 -9.354734e-01
    endloop
  endfacet
  facet normal 3.424317e-01 -7.526555e-01 -5.623612e-01
    outer loop
      vertex   1.288842e+02 -1.410523e+00 -1.108466e+00
      vertex   1.287199e+02 -1.614488e+00 -9.354734e-01
      vertex   1.286334e+02 -1.381144e+00 -1.300495e+00
    endloop
  endfacet
  facet normal 6.491995e-01 -7.601149e-01 -2.766481e-02
    outer loop
      vertex   1.294142e+02 -1.414214e+00 0.000000e+00
      vertex   1.291756e+02 -1.618034e+00 0.000000e+00
      vertex   1.292687e+02 -1.530533e+00 -2.188089e-01
    endloop
  endfacet
  facet normal 5.788121e-01 -8.116979e-01 -7.824995e-02
    outer loop
      vertex   1.292687e+02 -1.530533e+00 -2.188089e-01
      vertex   1.291756e+02 -1.618034e+00 0.000000e+00
      vertex   1.290509e+02 -1.700232e+00 -6.963018e-02
    endloop
  endfacet
  facet normal 5.487126e-01 -8.247096e-01 -1.369986e-01
    outer loop
      vertex   1.292687e+02 -1.530533e+00 -2.188089e-01
      vertex   1.290509e+02 -1.700232e+00 -6.963018e-02
      vertex   1.291200e+02 -1.586259e+00 -4.789743e-01
    endloop
  endfacet
  facet normal 5.487126e-01 -8.247096e-01 -1.369986e-01
    outer loop
      vertex   1.291200e+02 -1.586259e+00 -4.789743e-01
      vertex   1.290509e+02 -1.700232e+00 -6.963018e-02
      vertex   1.289119e+02 -1.752316e+00 -3.127885e-01
    endloop
  endfacet
  facet normal 4.675765e-01 -8.451517e-01 -2.590189e-01
    outer loop
      vertex   1.291200e+02 -1.586259e+00 -4.789743e-01
      vertex   1.289119e+02 -1.752316e+00 -3.127885e-01
      vertex   1.289355e+02 -1.614488e+00 -7.199427e-01
    endloop
  endfacet
  facet normal 4.675765e-01 -8.451517e-01 -2.590189e-01
    outer loop
      vertex   1.289355e+02 -1.614488e+00 -7.199427e-01
      vertex   1.289119e+02 -1.752316e+00 -3.127885e-01
      vertex   1.287394e+02 -1.778699e+00 -5.380048e-01
    endloop
  endfacet
  facet normal 3.701711e-01 -8.520251e-01 -3.701711e-01
    outer loop
      vertex   1.289355e+02 -1.614488e+00 -7.199427e-01
      vertex   1.287394e+02 -1.778699e+00 -5.380048e-01
      vertex   1.287199e+02 -1.614488e+00 -9.354734e-01
    endloop
  endfacet
  facet normal 5.211895e-01 -8.505040e-01 7.074270e-02
    outer loop
      vertex   1.291756e+02 -1.618034e+00 0.000000e+00
      vertex   1.289080e+02 -1.782013e+00 0.000000e+00
      vertex   1.290509e+02 -1.700232e+00 -6.963018e-02
    endloop
  endfacet
  facet normal 4.663497e-01 -8.811703e-01 -7.782572e-02
    outer loop
      vertex   1.290509e+02 -1.700232e+00 -6.963018e-02
      vertex   1.289080e+02 -1.782013e+00 0.000000e+00
      vertex   1.289119e+02 -1.752316e+00 -3.127885e-01
    endloop
  endfacet
  facet normal 4.209528e-01 -9.035022e-01 -8.051415e-02
    outer loop
      vertex   1.289119e+02 -1.752316e+00 -3.127885e-01
      vertex   1.289080e+02 -1.782013e+00 0.000000e+00
      vertex   1.286814e+02 -1.875224e+00 -1.389009e-01
    endloop
  endfacet
  facet normal 3.826797e-01 -9.238706e-01 -4.400188e-03
    outer loop
      vertex   1.286814e+02 -1.875224e+00 -1.389009e-01
      vertex   1.289080e+02 -1.782013e+00 0.000000e+00
      vertex   1.286180e+02 -1.902113e+00 0.000000e+00
    endloop
  endfacet
  facet normal 2.326679e-01 -9.691315e-01 -8.154597e-02
    outer loop
      vertex   1.286814e+02 -1.875224e+00 -1.389009e-01
      vertex   1.286180e+02 -1.902113e+00 0.000000e+00
      vertex   1.283129e+02 -1.975377e+00 0.000000e+00
    endloop
  endfacet
  facet normal 6.205242e-02 -9.961421e-01 -6.205242e-02
    outer loop
      vertex   1.282980e+02 -1.972763e+00 -1.391927e-01
      vertex   1.280000e+02 -2.000000e+00 -1.110223e-15
      vertex   1.281392e+02 -1.972763e+00 -2.980441e-01
    endloop
  endfacet
  facet normal 2.706369e-02 -9.965522e-01 -7.843036e-02
    outer loop
      vertex   1.281392e+02 -1.972763e+00 -2.980441e-01
      vertex   1.280000e+02 -2.000000e+00 -1.110223e-15
      vertex   1.280000e+02 -1.975377e+00 -3.128689e-01
    endloop
  endfacet
  facet normal 4.307966e-02 -9.714672e-01 -2.332286e-01
    outer loop
      vertex   1.281392e+02 -1.972763e+00 -2.980441e-01
      vertex   1.280000e+02 -1.975377e+00 -3.128689e-01
      vertex   1.280000e+02 -1.902113e+00 -6.180340e-01
    endloop
  endfacet
  facet normal 7.494971e-02 -9.663759e-01 -2.459677e-01
    outer loop
      vertex   1.281392e+02 -1.972763e+00 -2.980441e-01
      vertex   1.280000e+02 -1.902113e+00 -6.180340e-01
      vertex   1.281389e+02 -1.875224e+00 -6.813529e-01
    endloop
  endfacet
  facet normal 4.400188e-03 -9.238706e-01 -3.826797e-01
    outer loop
      vertex   1.281389e+02 -1.875224e+00 -6.813529e-01
      vertex   1.280000e+02 -1.902113e+00 -6.180340e-01
      vertex   1.280000e+02 -1.782013e+00 -9.079810e-01
    endloop
  endfacet
  facet normal 8.051415e-02 -9.035022e-01 -4.209528e-01
    outer loop
      vertex   1.281389e+02 -1.875224e+00 -6.813529e-01
      vertex   1.280000e+02 -1.782013e+00 -9.079810e-01
      vertex   1.283128e+02 -1.752316e+00 -9.118955e-01
    endloop
  endfacet
  facet normal 7.782572e-02 -8.811703e-01 -4.663497e-01
    outer loop
      vertex   1.283128e+02 -1.752316e+00 -9.118955e-01
      vertex   1.280000e+02 -1.782013e+00 -9.079810e-01
      vertex   1.280696e+02 -1.700232e+00 -1.050887e+00
    endloop
  endfacet
  facet normal 1.369986e-01 -8.247096e-01 -5.487126e-01
    outer loop
      vertex   1.283128e+02 -1.752316e+00 -9.118955e-01
      vertex   1.280696e+02 -1.700232e+00 -1.050887e+00
      vertex   1.282188e+02 -1.530533e+00 -1.268697e+00
    endloop
  endfacet
  facet normal 7.824995e-02 -8.116979e-01 -5.788121e-01
    outer loop
      vertex   1.282188e+02 -1.530533e+00 -1.268697e+00
      vertex   1.280696e+02 -1.700232e+00 -1.050887e+00
      vertex   1.280000e+02 -1.618034e+00 -1.175571e+00
    endloop
  endfacet
  facet normal 2.766481e-02 -7.601149e-01 -6.491995e-01
    outer loop
      vertex   1.282188e+02 -1.530533e+00 -1.268697e+00
      vertex   1.280000e+02 -1.618034e+00 -1.175571e+00
      vertex   1.280000e+02 -1.414214e+00 -1.414214e+00
    endloop
  endfacet
  facet normal -7.074270e-02 -8.505040e-01 -5.211895e-01
    outer loop
      vertex   1.280000e+02 -1.782013e+00 -9.079810e-01
      vertex   1.280000e+02 -1.618034e+00 -1.175571e+00
      vertex   1.280696e+02 -1.700232e+00 -1.050887e+00
    endloop
  endfacet
  facet normal -3.939291e-02 -6.489439e-01 -7.598157e-01
    outer loop
      vertex   1.280000e+02 -1.175571e+00 -1.618034e+00
      vertex   1.280789e+02 -1.238034e+00 -1.568774e+00
      vertex   1.280000e+02 -1.414214e+00 -1.414214e+00
    endloop
  endfacet
  facet normal 8.796795e-02 -6.788845e-01 -7.289565e-01
    outer loop
      vertex   1.280000e+02 -1.414214e+00 -1.414214e+00
      vertex   1.280789e+02 -1.238034e+00 -1.568774e+00
      vertex   1.283626e+02 -1.323147e+00 -1.455267e+00
    endloop
  endfacet
  facet normal 9.633808e-02 -7.017904e-01 -7.058394e-01
    outer loop
      vertex   1.280000e+02 -1.414214e+00 -1.414214e+00
      vertex   1.283626e+02 -1.323147e+00 -1.455267e+00
      vertex   1.282188e+02 -1.530533e+00 -1.268697e+00
    endloop
  endfacet
  facet normal 2.137582e-01 -7.310988e-01 -6.479213e-01
    outer loop
      vertex   1.282188e+02 -1.530533e+00 -1.268697e+00
      vertex   1.283626e+02 -1.323147e+00 -1.455267e+00
      vertex   1.284790e+02 -1.586259e+00 -1.119984e+00
    endloop
  endfacet
  facet normal 1.369986e-01 -8.247096e-01 -5.487126e-01
    outer loop
      vertex   1.282188e+02 -1.530533e+00 -1.268697e+00
      vertex   1.284790e+02 -1.586259e+00 -1.119984e+00
      vertex   1.283128e+02 -1.752316e+00 -9.118955e-01
    endloop
  endfacet
  facet normal 2.590189e-01 -8.451517e-01 -4.675765e-01
    outer loop
      vertex   1.283128e+02 -1.752316e+00 -9.118955e-01
      vertex   1.284790e+02 -1.586259e+00 -1.119984e+00
      vertex   1.285380e+02 -1.778699e+00 -7.394462e-01
    endloop
  endfacet
  facet normal 1.691932e-01 -9.169884e-01 -3.612561e-01
    outer loop
      vertex   1.283128e+02 -1.752316e+00 -9.118955e-01
      vertex   1.285380e+02 -1.778699e+00 -7.394462e-01
      vertex   1.283428e+02 -1.899112e+00 -5.252113e-01
    endloop
  endfacet
  facet normal 2.715544e-01 -9.233182e-01 -2.715544e-01
    outer loop
      vertex   1.283428e+02 -1.899112e+00 -5.252113e-01
      vertex   1.285380e+02 -1.778699e+00 -7.394462e-01
      vertex   1.285252e+02 -1.899112e+00 -3.428194e-01
    endloop
  endfacet
  facet normal 1.661773e-01 -9.719929e-01 -1.661773e-01
    outer loop
      vertex   1.283428e+02 -1.899112e+00 -5.252113e-01
      vertex   1.285252e+02 -1.899112e+00 -3.428194e-01
      vertex   1.282980e+02 -1.972763e+00 -1.391927e-01
    endloop
  endfacet
  facet normal 7.172155e-02 -5.602328e-01 -8.252244e-01
    outer loop
      vertex   1.280789e+02 -1.238034e+00 -1.568774e+00
      vertex   1.280000e+02 -1.175571e+00 -1.618034e+00
      vertex   1.282096e+02 -9.968313e-01 -1.721160e+00
    endloop
  endfacet
  facet normal 2.604694e-02 -5.223213e-01 -8.523509e-01
    outer loop
      vertex   1.282096e+02 -9.968313e-01 -1.721160e+00
      vertex   1.280000e+02 -1.175571e+00 -1.618034e+00
      vertex   1.280000e+02 -9.079810e-01 -1.782013e+00
    endloop
  endfacet
  facet normal 1.257961e-01 -2.703842e-01 -9.544987e-01
    outer loop
      vertex   1.283352e+02 -7.310834e-01 -1.831166e+00
      vertex   1.280447e+02 -6.206100e-01 -1.900750e+00
      vertex   1.281722e+02 -3.407307e-01 -1.963228e+00
    endloop
  endfacet
  facet normal 1.851228e-01 -1.269489e-01 -9.744812e-01
    outer loop
      vertex   1.281722e+02 -3.407307e-01 -1.963228e+00
      vertex   1.282954e+02 -5.246140e-02 -1.977365e+00
      vertex   1.284525e+02 -4.473337e-01 -1.896082e+00
    endloop
  endfacet
  facet normal 1.851228e-01 -1.269489e-01 -9.744812e-01
    outer loop
      vertex   1.284525e+02 -4.473337e-01 -1.896082e+00
      vertex   1.282954e+02 -5.246140e-02 -1.977365e+00
      vertex   1.285587e+02 -1.525693e-01 -1.914310e+00
    endloop
  endfacet
  facet normal 3.206248e-01 -1.730880e-01 -9.312574e-01
    outer loop
      vertex   1.284525e+02 -4.473337e-01 -1.896082e+00
      vertex   1.285587e+02 -1.525693e-01 -1.914310e+00
      vertex   1.287274e+02 -5.297998e-01 -1.786105e+00
    endloop
  endfacet
  facet normal 3.206248e-01 -1.730880e-01 -9.312574e-01
    outer loop
      vertex   1.287274e+02 -5.297998e-01 -1.786105e+00
      vertex   1.285587e+02 -1.525693e-01 -1.914310e+00
      vertex   1.288169e+02 -2.300108e-01 -1.811034e+00
    endloop
  endfacet
  facet normal 4.517325e-01 -2.069255e-01 -8.678246e-01
    outer loop
      vertex   1.287274e+02 -5.297998e-01 -1.786105e+00
      vertex   1.288169e+02 -2.300108e-01 -1.811034e+00
      vertex   1.289898e+02 -5.859932e-01 -1.636147e+00
    endloop
  endfacet
  facet normal 4.517325e-01 -2.069255e-01 -8.678246e-01
    outer loop
      vertex   1.289898e+02 -5.859932e-01 -1.636147e+00
      vertex   1.288169e+02 -2.300108e-01 -1.811034e+00
      vertex   1.290632e+02 -2.827803e-01 -1.670212e+00
    endloop
  endfacet
  facet normal 5.750503e-01 -2.275850e-01 -7.858258e-01
    outer loop
      vertex   1.289898e+02 -5.859932e-01 -1.636147e+00
      vertex   1.290632e+02 -2.827803e-01 -1.670212e+00
      vertex   1.292328e+02 -6.144585e-01 -1.450090e+00
    endloop
  endfacet
  facet normal 5.750503e-01 -2.275850e-01 -7.858258e-01
    outer loop
      vertex   1.292328e+02 -6.144585e-01 -1.450090e+00
      vertex   1.290632e+02 -2.827803e-01 -1.670212e+00
      vertex   1.292914e+02 -3.095113e-01 -1.495492e+00
    endloop
  endfacet
  facet normal 6.873845e-01 -2.345315e-01 -6.873845e-01
    outer loop
      vertex   1.292328e+02 -6.144585e-01 -1.450090e+00
      vertex   1.292914e+02 -3.095113e-01 -1.495492e+00
      vertex   1.294501e+02 -6.144585e-01 -1.232753e+00
    endloop
  endfacet
  facet normal 6.873845e-01 -2.345315e-01 -6.873845e-01
    outer loop
      vertex   1.294501e+02 -6.144585e-01 -1.232753e+00
      vertex   1.292914e+02 -3.095113e-01 -1.495492e+00
      vertex   1.294955e+02 -3.095113e-01 -1.291397e+00
    endloop
  endfacet
  facet normal 7.858258e-01 -2.275850e-01 -5.750503e-01
    outer loop
      vertex   1.294501e+02 -6.144585e-01 -1.232753e+00
      vertex   1.294955e+02 -3.095113e-01 -1.291397e+00
      vertex   1.296361e+02 -5.859932e-01 -9.897659e-01
    endloop
  endfacet
  facet normal 7.858258e-01 -2.275850e-01 -5.750503e-01
    outer loop
      vertex   1.296361e+02 -5.859932e-01 -9.897659e-01
      vertex   1.294955e+02 -3.095113e-01 -1.291397e+00
      vertex   1.296702e+02 -2.827803e-01 -1.063215e+00
    endloop
  endfacet
  facet normal 8.678246e-01 -2.069255e-01 -4.517325e-01
    outer loop
      vertex   1.296361e+02 -5.859932e-01 -9.897659e-01
      vertex   1.296702e+02 -2.827803e-01 -1.063215e+00
      vertex   1.297861e+02 -5.297998e-01 -7.274206e-01
    endloop
  endfacet
  facet normal 8.678246e-01 -2.069255e-01 -4.517325e-01
    outer loop
      vertex   1.297861e+02 -5.297998e-01 -7.274206e-01
      vertex   1.296702e+02 -2.827803e-01 -1.063215e+00
      vertex   1.298110e+02 -2.300108e-01 -8.168541e-01
    endloop
  endfacet
  facet normal 9.312574e-01 -1.730880e-01 -3.206248e-01
    outer loop
      vertex   1.297861e+02 -5.297998e-01 -7.274206e-01
      vertex   1.298110e+02 -2.300108e-01 -8.168541e-01
      vertex   1.298961e+02 -4.473337e-01 -4.525119e-01
    endloop
  endfacet
  facet normal 9.312574e-01 -1.730880e-01 -3.206248e-01
    outer loop
      vertex   1.298961e+02 -4.473337e-01 -4.525119e-01
      vertex   1.298110e+02 -2.300108e-01 -8.168541e-01
      vertex   1.299143e+02 -1.525693e-01 -5.586953e-01
    endloop
  endfacet
  facet normal 2.680520e-01 -3.188230e-01 -9.091205e-01
    outer loop
      vertex   1.287274e+02 -5.297998e-01 -1.786105e+00
      vertex   1.286201e+02 -8.165434e-01 -1.717196e+00
      vertex   1.284525e+02 -4.473337e-01 -1.896082e+00
    endloop
  endfacet
  facet normal 2.680520e-01 -3.188230e-01 -9.091205e-01
    outer loop
      vertex   1.284525e+02 -4.473337e-01 -1.896082e+00
      vertex   1.286201e+02 -8.165434e-01 -1.717196e+00
      vertex   1.283352e+02 -7.310834e-01 -1.831166e+00
    endloop
  endfacet
  facet normal 1.257961e-01 -2.703842e-01 -9.544987e-01
    outer loop
      vertex   1.284525e+02 -4.473337e-01 -1.896082e+00
      vertex   1.283352e+02 -7.310834e-01 -1.831166e+00
      vertex   1.281722e+02 -3.407307e-01 -1.963228e+00
    endloop
  endfacet
  facet normal 2.089408e-01 -4.566914e-01 -8.647409e-01
    outer loop
      vertex   1.283352e+02 -7.310834e-01 -1.831166e+00
      vertex   1.286201e+02 -8.165434e-01 -1.717196e+00
      vertex   1.284975e+02 -1.083181e+00 -1.606004e+00
    endloop
  endfacet
  facet normal 3.497463e-01 -4.930317e-01 -7.966161e-01
    outer loop
      vertex   1.284975e+02 -1.083181e+00 -1.606004e+00
      vertex   1.286201e+02 -8.165434e-01 -1.717196e+00
      vertex   1.287722e+02 -1.142021e+00 -1.448984e+00
    endloop
  endfacet
  facet normal 2.852483e-01 -6.196355e-01 -7.312217e-01
    outer loop
      vertex   1.284975e+02 -1.083181e+00 -1.606004e+00
      vertex   1.287722e+02 -1.142021e+00 -1.448984e+00
      vertex   1.286334e+02 -1.381144e+00 -1.300495e+00
    endloop
  endfacet
  facet normal 4.174221e-01 -6.417786e-01 -6.433342e-01
    outer loop
      vertex   1.286334e+02 -1.381144e+00 -1.300495e+00
      vertex   1.287722e+02 -1.142021e+00 -1.448984e+00
      vertex   1.288842e+02 -1.410523e+00 -1.108466e+00
    endloop
  endfacet
  facet normal 4.056945e-01 -3.543470e-01 -8.425260e-01
    outer loop
      vertex   1.286201e+02 -8.165434e-01 -1.717196e+00
      vertex   1.287274e+02 -5.297998e-01 -1.786105e+00
      vertex   1.288919e+02 -8.747769e-01 -1.561793e+00
    endloop
  endfacet
  facet normal 4.056945e-01 -3.543470e-01 -8.425260e-01
    outer loop
      vertex   1.288919e+02 -8.747769e-01 -1.561793e+00
      vertex   1.287274e+02 -5.297998e-01 -1.786105e+00
      vertex   1.289898e+02 -5.859932e-01 -1.636147e+00
    endloop
  endfacet
  facet normal 5.351589e-01 -3.760363e-01 -7.564401e-01
    outer loop
      vertex   1.288919e+02 -8.747769e-01 -1.561793e+00
      vertex   1.289898e+02 -5.859932e-01 -1.636147e+00
      vertex   1.291438e+02 -9.042757e-01 -1.368982e+00
    endloop
  endfacet
  facet normal 5.351589e-01 -3.760363e-01 -7.564401e-01
    outer loop
      vertex   1.291438e+02 -9.042757e-01 -1.368982e+00
      vertex   1.289898e+02 -5.859932e-01 -1.636147e+00
      vertex   1.292328e+02 -6.144585e-01 -1.450090e+00
    endloop
  endfacet
  facet normal 6.530922e-01 -3.833290e-01 -6.530922e-01
    outer loop
      vertex   1.291438e+02 -9.042757e-01 -1.368982e+00
      vertex   1.292328e+02 -6.144585e-01 -1.450090e+00
      vertex   1.293690e+02 -9.042757e-01 -1.143755e+00
    endloop
  endfacet
  facet normal 6.530922e-01 -3.833290e-01 -6.530922e-01
    outer loop
      vertex   1.293690e+02 -9.042757e-01 -1.143755e+00
      vertex   1.292328e+02 -6.144585e-01 -1.450090e+00
      vertex   1.294501e+02 -6.144585e-01 -1.232753e+00
    endloop
  endfacet
  facet normal 7.564401e-01 -3.760363e-01 -5.351589e-01
    outer loop
      vertex   1.293690e+02 -9.042757e-01 -1.143755e+00
      vertex   1.294501e+02 -6.144585e-01 -1.232753e+00
      vertex   1.295618e+02 -8.747769e-01 -8.919455e-01
    endloop
  endfacet
  facet normal 7.564401e-01 -3.760363e-01 -5.351589e-01
    outer loop
      vertex   1.295618e+02 -8.747769e-01 -8.919455e-01
      vertex   1.294501e+02 -6.144585e-01 -1.232753e+00
      vertex   1.296361e+02 -5.859932e-01 -9.897659e-01
    endloop
  endfacet
  facet normal 8.425260e-01 -3.543470e-01 -4.056945e-01
    outer loop
      vertex   1.295618e+02 -8.747769e-01 -8.919455e-01
      vertex   1.296361e+02 -5.859932e-01 -9.897659e-01
      vertex   1.297172e+02 -8.165434e-01 -6.200756e-01
    endloop
  endfacet
  facet normal 8.425260e-01 -3.543470e-01 -4.056945e-01
    outer loop
      vertex   1.297172e+02 -8.165434e-01 -6.200756e-01
      vertex   1.296361e+02 -5.859932e-01 -9.897659e-01
      vertex   1.297861e+02 -5.297998e-01 -7.274206e-01
    endloop
  endfacet
  facet normal 9.091205e-01 -3.188230e-01 -2.680520e-01
    outer loop
      vertex   1.297172e+02 -8.165434e-01 -6.200756e-01
      vertex   1.297861e+02 -5.297998e-01 -7.274206e-01
      vertex   1.298312e+02 -7.310834e-01 -3.351862e-01
    endloop
  endfacet
  facet normal 9.091205e-01 -3.188230e-01 -2.680520e-01
    outer loop
      vertex   1.298312e+02 -7.310834e-01 -3.351862e-01
      vertex   1.297861e+02 -5.297998e-01 -7.274206e-01
      vertex   1.298961e+02 -4.473337e-01 -4.525119e-01
    endloop
  endfacet
  facet normal 1.447253e-01 -5.833680e-01 -7.992098e-01
    outer loop
      vertex   1.280789e+02 -1.238034e+00 -1.568774e+00
      vertex   1.282096e+02 -9.968313e-01 -1.721160e+00
      vertex   1.283626e+02 -1.323147e+00 -1.455267e+00
    endloop
  endfacet
  facet normal 3.497463e-01 -4.930317e-01 -7.966161e-01
    outer loop
      vertex   1.286201e+02 -8.165434e-01 -1.717196e+00
      vertex   1.288919e+02 -8.747769e-01 -1.561793e+00
      vertex   1.287722e+02 -1.142021e+00 -1.448984e+00
    endloop
  endfacet
  facet normal 4.821858e-01 -5.152194e-01 -7.085520e-01
    outer loop
      vertex   1.287722e+02 -1.142021e+00 -1.448984e+00
      vertex   1.288919e+02 -8.747769e-01 -1.561793e+00
      vertex   1.290266e+02 -1.171827e+00 -1.254165e+00
    endloop
  endfacet
  facet normal 4.174221e-01 -6.417786e-01 -6.433342e-01
    outer loop
      vertex   1.287722e+02 -1.142021e+00 -1.448984e+00
      vertex   1.290266e+02 -1.171827e+00 -1.254165e+00
      vertex   1.288842e+02 -1.410523e+00 -1.108466e+00
    endloop
  endfacet
  facet normal 5.378235e-01 -6.492240e-01 -5.378235e-01
    outer loop
      vertex   1.288842e+02 -1.410523e+00 -1.108466e+00
      vertex   1.290266e+02 -1.171827e+00 -1.254165e+00
      vertex   1.291085e+02 -1.410523e+00 -8.841533e-01
    endloop
  endfacet
  facet normal 4.821858e-01 -5.152194e-01 -7.085520e-01
    outer loop
      vertex   1.290266e+02 -1.171827e+00 -1.254165e+00
      vertex   1.288919e+02 -8.747769e-01 -1.561793e+00
      vertex   1.291438e+02 -9.042757e-01 -1.368982e+00
    endloop
  endfacet
  facet normal 7.512976e-02 -9.663628e-01 -2.459645e-01
    outer loop
      vertex   1.281392e+02 -1.972763e+00 -2.980441e-01
      vertex   1.281389e+02 -1.875224e+00 -6.813529e-01
      vertex   1.283428e+02 -1.899112e+00 -5.252113e-01
    endloop
  endfacet
  facet normal 1.691932e-01 -9.169884e-01 -3.612561e-01
    outer loop
      vertex   1.283428e+02 -1.899112e+00 -5.252113e-01
      vertex   1.281389e+02 -1.875224e+00 -6.813529e-01
      vertex   1.283128e+02 -1.752316e+00 -9.118955e-01
    endloop
  endfacet
  facet normal 6.028291e-01 -5.226797e-01 -6.028291e-01
    outer loop
      vertex   1.290266e+02 -1.171827e+00 -1.254165e+00
      vertex   1.291438e+02 -9.042757e-01 -1.368982e+00
      vertex   1.292542e+02 -1.171827e+00 -1.026593e+00
    endloop
  endfacet
  facet normal 6.028291e-01 -5.226797e-01 -6.028291e-01
    outer loop
      vertex   1.292542e+02 -1.171827e+00 -1.026593e+00
      vertex   1.291438e+02 -9.042757e-01 -1.368982e+00
      vertex   1.293690e+02 -9.042757e-01 -1.143755e+00
    endloop
  endfacet
  facet normal 7.085520e-01 -5.152194e-01 -4.821858e-01
    outer loop
      vertex   1.292542e+02 -1.171827e+00 -1.026593e+00
      vertex   1.293690e+02 -9.042757e-01 -1.143755e+00
      vertex   1.294490e+02 -1.142021e+00 -7.721624e-01
    endloop
  endfacet
  facet normal 7.085520e-01 -5.152194e-01 -4.821858e-01
    outer loop
      vertex   1.294490e+02 -1.142021e+00 -7.721624e-01
      vertex   1.293690e+02 -9.042757e-01 -1.143755e+00
      vertex   1.295618e+02 -8.747769e-01 -8.919455e-01
    endloop
  endfacet
  facet normal 7.966161e-01 -4.930317e-01 -3.497463e-01
    outer loop
      vertex   1.294490e+02 -1.142021e+00 -7.721624e-01
      vertex   1.295618e+02 -8.747769e-01 -8.919455e-01
      vertex   1.296060e+02 -1.083181e+00 -4.974623e-01
    endloop
  endfacet
  facet normal 7.966161e-01 -4.930317e-01 -3.497463e-01
    outer loop
      vertex   1.296060e+02 -1.083181e+00 -4.974623e-01
      vertex   1.295618e+02 -8.747769e-01 -8.919455e-01
      vertex   1.297172e+02 -8.165434e-01 -6.200756e-01
    endloop
  endfacet
  facet normal 8.647409e-01 -4.566914e-01 -2.089408e-01
    outer loop
      vertex   1.296060e+02 -1.083181e+00 -4.974623e-01
      vertex   1.297172e+02 -8.165434e-01 -6.200756e-01
      vertex   1.297212e+02 -9.968313e-01 -2.096070e-01
    endloop
  endfacet
  facet normal 8.647409e-01 -4.566914e-01 -2.089408e-01
    outer loop
      vertex   1.297212e+02 -9.968313e-01 -2.096070e-01
      vertex   1.297172e+02 -8.165434e-01 -6.200756e-01
      vertex   1.298312e+02 -7.310834e-01 -3.351862e-01
    endloop
  endfacet
  facet normal 1.661773e-01 -9.719929e-01 -1.661773e-01
    outer loop
      vertex   1.282980e+02 -1.972763e+00 -1.391927e-01
      vertex   1.281392e+02 -1.972763e+00 -2.980441e-01
      vertex   1.283428e+02 -1.899112e+00 -5.252113e-01
    endloop
  endfacet
  facet normal 6.433342e-01 -6.417786e-01 -4.174221e-01
    outer loop
      vertex   1.293005e+02 -1.381144e+00 -6.333661e-01
      vertex   1.291085e+02 -1.410523e+00 -8.841533e-01
      vertex   1.292542e+02 -1.171827e+00 -1.026593e+00
    endloop
  endfacet
  facet normal 5.378235e-01 -6.492240e-01 -5.378235e-01
    outer loop
      vertex   1.292542e+02 -1.171827e+00 -1.026593e+00
      vertex   1.291085e+02 -1.410523e+00 -8.841533e-01
      vertex   1.290266e+02 -1.171827e+00 -1.254165e+00
    endloop
  endfacet
  facet normal 6.433342e-01 -6.417786e-01 -4.174221e-01
    outer loop
      vertex   1.293005e+02 -1.381144e+00 -6.333661e-01
      vertex   1.292542e+02 -1.171827e+00 -1.026593e+00
      vertex   1.294490e+02 -1.142021e+00 -7.721624e-01
    endloop
  endfacet
  facet normal 3.612561e-01 -9.169884e-01 -1.691932e-01
    outer loop
      vertex   1.286814e+02 -1.875224e+00 -1.389009e-01
      vertex   1.287394e+02 -1.778699e+00 -5.380048e-01
      vertex   1.289119e+02 -1.752316e+00 -3.127885e-01
    endloop
  endfacet
  facet normal 7.312217e-01 -6.196355e-01 -2.852483e-01
    outer loop
      vertex   1.294553e+02 -1.323147e+00 -3.625998e-01
      vertex   1.293005e+02 -1.381144e+00 -6.333661e-01
      vertex   1.294490e+02 -1.142021e+00 -7.721624e-01
    endloop
  endfacet
  facet normal 7.312217e-01 -6.196355e-01 -2.852483e-01
    outer loop
      vertex   1.294553e+02 -1.323147e+00 -3.625998e-01
      vertex   1.294490e+02 -1.142021e+00 -7.721624e-01
      vertex   1.296060e+02 -1.083181e+00 -4.974623e-01
    endloop
  endfacet
  facet normal 7.992098e-01 -5.833680e-01 -1.447253e-01
    outer loop
      vertex   1.295688e+02 -1.238034e+00 -7.886669e-02
      vertex   1.294553e+02 -1.323147e+00 -3.625998e-01
      vertex   1.296060e+02 -1.083181e+00 -4.974623e-01
    endloop
  endfacet
  facet normal 7.992098e-01 -5.833680e-01 -1.447253e-01
    outer loop
      vertex   1.295688e+02 -1.238034e+00 -7.886669e-02
      vertex   1.296060e+02 -1.083181e+00 -4.974623e-01
      vertex   1.297212e+02 -9.968313e-01 -2.096070e-01
    endloop
  endfacet
  facet normal 1.169297e-02 9.968492e-01 -7.845373e-02
    outer loop
      vertex   1.000000e+02 2.997538e+01 -3.128689e-01
      vertex   9.994754e+01 2.997737e+01 -2.954245e-01
      vertex   1.000000e+02 3.000000e+01 0.000000e+00
    endloop
  endfacet
  facet normal -7.566188e-02 9.951533e-01 -6.281134e-02
    outer loop
      vertex   1.000000e+02 3.000000e+01 0.000000e+00
      vertex   9.994754e+01 2.997737e+01 -2.954245e-01
      vertex   9.965927e+01 2.996323e+01 -1.721595e-01
    endloop
  endfacet
  facet normal -7.832903e-02 9.952647e-01 -5.755644e-02
    outer loop
      vertex   1.000000e+02 3.000000e+01 0.000000e+00
      vertex   9.965927e+01 2.996323e+01 -1.721595e-01
      vertex   9.968713e+01 2.997538e+01 0.000000e+00
    endloop
  endfacet
  facet normal -2.312777e-01 9.723877e-01 -3.118935e-02
    outer loop
      vertex   9.968713e+01 2.997538e+01 0.000000e+00
      vertex   9.965927e+01 2.996323e+01 -1.721595e-01
      vertex   9.937939e+01 2.990075e+01 -4.465543e-02
    endloop
  endfacet
  facet normal -2.334147e-01 9.722420e-01 -1.621950e-02
    outer loop
      vertex   9.968713e+01 2.997538e+01 0.000000e+00
      vertex   9.937939e+01 2.990075e+01 -4.465543e-02
      vertex   9.938197e+01 2.990211e+01 0.000000e+00
    endloop
  endfacet
  facet normal -3.826762e-01 9.238622e-01 -6.131963e-03
    outer loop
      vertex   9.938197e+01 2.990211e+01 0.000000e+00
      vertex   9.937939e+01 2.990075e+01 -4.465543e-02
      vertex   9.909202e+01 2.978201e+01 0.000000e+00
    endloop
  endfacet
  facet normal -3.903531e-01 9.178916e-01 -7.141065e-02
    outer loop
      vertex   9.909202e+01 2.978201e+01 0.000000e+00
      vertex   9.937939e+01 2.990075e+01 -4.465543e-02
      vertex   9.926892e+01 2.983117e+01 -3.351862e-01
    endloop
  endfacet
  facet normal -4.157085e-01 9.053628e-01 -8.662940e-02
    outer loop
      vertex   9.909202e+01 2.978201e+01 0.000000e+00
      vertex   9.926892e+01 2.983117e+01 -3.351862e-01
      vertex   9.900317e+01 2.972116e+01 -2.096070e-01
    endloop
  endfacet
  facet normal -4.566914e-01 8.647409e-01 -2.089408e-01
    outer loop
      vertex   9.900317e+01 2.972116e+01 -2.096070e-01
      vertex   9.926892e+01 2.983117e+01 -3.351862e-01
      vertex   9.891682e+01 2.960600e+01 -4.974623e-01
    endloop
  endfacet
  facet normal -5.833680e-01 7.992098e-01 -1.447253e-01
    outer loop
      vertex   9.900317e+01 2.972116e+01 -2.096070e-01
      vertex   9.891682e+01 2.960600e+01 -4.974623e-01
      vertex   9.867685e+01 2.945527e+01 -3.625998e-01
    endloop
  endfacet
  facet normal -6.196355e-01 7.312217e-01 -2.852483e-01
    outer loop
      vertex   9.867685e+01 2.945527e+01 -3.625998e-01
      vertex   9.891682e+01 2.960600e+01 -4.974623e-01
      vertex   9.861886e+01 2.930050e+01 -6.333661e-01
    endloop
  endfacet
  facet normal -7.310988e-01 6.479213e-01 -2.137582e-01
    outer loop
      vertex   9.867685e+01 2.945527e+01 -3.625998e-01
      vertex   9.861886e+01 2.930050e+01 -6.333661e-01
      vertex   9.841374e+01 2.911998e+01 -4.789743e-01
    endloop
  endfacet
  facet normal -7.526555e-01 5.623612e-01 -3.424317e-01
    outer loop
      vertex   9.841374e+01 2.911998e+01 -4.789743e-01
      vertex   9.861886e+01 2.930050e+01 -6.333661e-01
      vertex   9.838551e+01 2.893547e+01 -7.199427e-01
    endloop
  endfacet
  facet normal -8.451517e-01 4.675765e-01 -2.590189e-01
    outer loop
      vertex   9.841374e+01 2.911998e+01 -4.789743e-01
      vertex   9.838551e+01 2.893547e+01 -7.199427e-01
      vertex   9.822130e+01 2.873945e+01 -5.380048e-01
    endloop
  endfacet
  facet normal -8.520251e-01 3.701711e-01 -3.701711e-01
    outer loop
      vertex   9.822130e+01 2.873945e+01 -5.380048e-01
      vertex   9.838551e+01 2.893547e+01 -7.199427e-01
      vertex   9.822130e+01 2.853801e+01 -7.394462e-01
    endloop
  endfacet
  facet normal -9.233182e-01 2.715544e-01 -2.715544e-01
    outer loop
      vertex   9.822130e+01 2.873945e+01 -5.380048e-01
      vertex   9.822130e+01 2.853801e+01 -7.394462e-01
      vertex   9.810089e+01 2.834282e+01 -5.252113e-01
    endloop
  endfacet
  facet normal -9.169884e-01 1.691932e-01 -3.612561e-01
    outer loop
      vertex   9.810089e+01 2.834282e+01 -5.252113e-01
      vertex   9.822130e+01 2.853801e+01 -7.394462e-01
      vertex   9.812478e+01 2.813890e+01 -6.813529e-01
    endloop
  endfacet
  facet normal -9.663628e-01 7.512976e-02 -2.459645e-01
    outer loop
      vertex   9.810089e+01 2.834282e+01 -5.252113e-01
      vertex   9.812478e+01 2.813890e+01 -6.813529e-01
      vertex   9.802724e+01 2.813919e+01 -2.980441e-01
    endloop
  endfacet
  facet normal -9.681507e-01 4.441980e-02 -2.463961e-01
    outer loop
      vertex   9.802724e+01 2.813919e+01 -2.980441e-01
      vertex   9.812478e+01 2.813890e+01 -6.813529e-01
      vertex   9.802462e+01 2.800000e+01 -3.128689e-01
    endloop
  endfacet
  facet normal -9.965522e-01 2.706369e-02 -7.843036e-02
    outer loop
      vertex   9.802724e+01 2.813919e+01 -2.980441e-01
      vertex   9.802462e+01 2.800000e+01 -3.128689e-01
      vertex   9.800000e+01 2.800000e+01 0.000000e+00
    endloop
  endfacet
  facet normal -3.612496e-02 9.748859e-01 -2.197553e-01
    outer loop
      vertex   9.994754e+01 2.997737e+01 -2.954245e-01
      vertex   1.000000e+02 2.997538e+01 -3.128689e-01
      vertex   9.984743e+01 2.991431e+01 -5.586953e-01
    endloop
  endfacet
  facet normal -1.305871e-02 9.722870e-01 -2.334255e-01
    outer loop
      vertex   9.984743e+01 2.991431e+01 -5.586953e-01
      vertex   1.000000e+02 2.997538e+01 -3.128689e-01
      vertex   1.000000e+02 2.990211e+01 -6.180340e-01
    endloop
  endfacet
  facet normal -6.320495e-02 9.329994e-01 -3.542841e-01
    outer loop
      vertex   9.984743e+01 2.991431e+01 -5.586953e-01
      vertex   1.000000e+02 2.990211e+01 -6.180340e-01
      vertex   9.976999e+01 2.981103e+01 -8.168541e-01
    endloop
  endfacet
  facet normal -3.502391e-02 9.233127e-01 -3.824486e-01
    outer loop
      vertex   9.976999e+01 2.981103e+01 -8.168541e-01
      vertex   1.000000e+02 2.990211e+01 -6.180340e-01
      vertex   1.000000e+02 2.978201e+01 -9.079810e-01
    endloop
  endfacet
  facet normal -8.067620e-02 8.726933e-01 -4.815576e-01
    outer loop
      vertex   9.976999e+01 2.981103e+01 -8.168541e-01
      vertex   1.000000e+02 2.978201e+01 -9.079810e-01
      vertex   9.971722e+01 2.967021e+01 -1.063215e+00
    endloop
  endfacet
  facet normal -5.020974e-02 8.515647e-01 -5.218395e-01
    outer loop
      vertex   9.971722e+01 2.967021e+01 -1.063215e+00
      vertex   1.000000e+02 2.978201e+01 -9.079810e-01
      vertex   1.000000e+02 2.961803e+01 -1.175571e+00
    endloop
  endfacet
  facet normal -9.103143e-02 7.957970e-01 -5.986822e-01
    outer loop
      vertex   9.971722e+01 2.967021e+01 -1.063215e+00
      vertex   1.000000e+02 2.961803e+01 -1.175571e+00
      vertex   9.969049e+01 2.949549e+01 -1.291397e+00
    endloop
  endfacet
  facet normal -5.792408e-02 7.591292e-01 -6.483576e-01
    outer loop
      vertex   9.969049e+01 2.949549e+01 -1.291397e+00
      vertex   1.000000e+02 2.961803e+01 -1.175571e+00
      vertex   1.000000e+02 2.941421e+01 -1.414214e+00
    endloop
  endfacet
  facet normal -9.447291e-02 7.039442e-01 -7.039442e-01
    outer loop
      vertex   9.969049e+01 2.949549e+01 -1.291397e+00
      vertex   1.000000e+02 2.941421e+01 -1.414214e+00
      vertex   9.969049e+01 2.929140e+01 -1.495492e+00
    endloop
  endfacet
  facet normal -5.792408e-02 6.483576e-01 -7.591292e-01
    outer loop
      vertex   9.969049e+01 2.929140e+01 -1.495492e+00
      vertex   1.000000e+02 2.941421e+01 -1.414214e+00
      vertex   1.000000e+02 2.917557e+01 -1.618034e+00
    endloop
  endfacet
  facet normal -9.103143e-02 5.986822e-01 -7.957970e-01
    outer loop
      vertex   9.969049e+01 2.929140e+01 -1.495492e+00
      vertex   1.000000e+02 2.917557e+01 -1.618034e+00
      vertex   9.971722e+01 2.906322e+01 -1.670212e+00
    endloop
  endfacet
  facet normal -5.020974e-02 5.218395e-01 -8.515647e-01
    outer loop
      vertex   9.971722e+01 2.906322e+01 -1.670212e+00
      vertex   1.000000e+02 2.917557e+01 -1.618034e+00
      vertex   1.000000e+02 2.890798e+01 -1.782013e+00
    endloop
  endfacet
  facet normal -8.067620e-02 4.815576e-01 -8.726933e-01
    outer loop
      vertex   9.971722e+01 2.906322e+01 -1.670212e+00
      vertex   1.000000e+02 2.890798e+01 -1.782013e+00
      vertex   9.976999e+01 2.881685e+01 -1.811034e+00
    endloop
  endfacet
  facet normal -3.502391e-02 3.824486e-01 -9.233127e-01
    outer loop
      vertex   9.976999e+01 2.881685e+01 -1.811034e+00
      vertex   1.000000e+02 2.890798e+01 -1.782013e+00
      vertex   1.000000e+02 2.861803e+01 -1.902113e+00
    endloop
  endfacet
  facet normal -6.320495e-02 3.542841e-01 -9.329994e-01
    outer loop
      vertex   9.976999e+01 2.881685e+01 -1.811034e+00
      vertex   1.000000e+02 2.861803e+01 -1.902113e+00
      vertex   9.984743e+01 2.855870e+01 -1.914310e+00
    endloop
  endfacet
  facet normal -1.305871e-02 2.334255e-01 -9.722870e-01
    outer loop
      vertex   9.984743e+01 2.855870e+01 -1.914310e+00
      vertex   1.000000e+02 2.861803e+01 -1.902113e+00
      vertex   1.000000e+02 2.831287e+01 -1.975377e+00
    endloop
  endfacet
  facet normal -3.612496e-02 2.197553e-01 -9.748859e-01
    outer loop
      vertex   9.984743e+01 2.855870e+01 -1.914310e+00
      vertex   1.000000e+02 2.831287e+01 -1.975377e+00
      vertex   9.994754e+01 2.829542e+01 -1.977365e+00
    endloop
  endfacet
  facet normal 1.169297e-02 7.845373e-02 -9.968492e-01
    outer loop
      vertex   9.994754e+01 2.829542e+01 -1.977365e+00
      vertex   1.000000e+02 2.831287e+01 -1.975377e+00
      vertex   1.000000e+02 2.800000e+01 -2.000000e+00
    endloop
  endfacet
  facet normal -7.566188e-02 6.281134e-02 -9.951533e-01
    outer loop
      vertex   9.994754e+01 2.829542e+01 -1.977365e+00
      vertex   1.000000e+02 2.800000e+01 -2.000000e+00
      vertex   9.965927e+01 2.817216e+01 -1.963228e+00
    endloop
  endfacet
  facet normal -7.832903e-02 5.755644e-02 -9.952647e-01
    outer loop
      vertex   9.965927e+01 2.817216e+01 -1.963228e+00
      vertex   1.000000e+02 2.800000e+01 -2.000000e+00
      vertex   9.968713e+01 2.800000e+01 -1.975377e+00
    endloop
  endfacet
  facet normal -2.312777e-01 3.118935e-02 -9.723877e-01
    outer loop
      vertex   9.965927e+01 2.817216e+01 -1.963228e+00
      vertex   9.968713e+01 2.800000e+01 -1.975377e+00
      vertex   9.937939e+01 2.804466e+01 -1.900750e+00
    endloop
  endfacet
  facet normal -2.334147e-01 1.621950e-02 -9.722420e-01
    outer loop
      vertex   9.937939e+01 2.804466e+01 -1.900750e+00
      vertex   9.968713e+01 2.800000e+01 -1.975377e+00
      vertex   9.938197e+01 2.800000e+01 -1.902113e+00
    endloop
  endfacet
  facet normal -3.826762e-01 6.131963e-03 -9.238622e-01
    outer loop
      vertex   9.937939e+01 2.804466e+01 -1.900750e+00
      vertex   9.938197e+01 2.800000e+01 -1.902113e+00
      vertex   9.909202e+01 2.800000e+01 -1.782013e+00
    endloop
  endfacet
  facet normal -5.223213e-01 2.604694e-02 -8.523509e-01
    outer loop
      vertex   9.882443e+01 2.800000e+01 -1.618034e+00
      vertex   9.900317e+01 2.820961e+01 -1.721160e+00
      vertex   9.909202e+01 2.800000e+01 -1.782013e+00
    endloop
  endfacet
  facet normal -4.157085e-01 8.662940e-02 -9.053628e-01
    outer loop
      vertex   9.909202e+01 2.800000e+01 -1.782013e+00
      vertex   9.900317e+01 2.820961e+01 -1.721160e+00
      vertex   9.926892e+01 2.833519e+01 -1.831166e+00
    endloop
  endfacet
  facet normal -3.903531e-01 7.141065e-02 -9.178916e-01
    outer loop
      vertex   9.909202e+01 2.800000e+01 -1.782013e+00
      vertex   9.926892e+01 2.833519e+01 -1.831166e+00
      vertex   9.937939e+01 2.804466e+01 -1.900750e+00
    endloop
  endfacet
  facet normal -2.703842e-01 1.257961e-01 -9.544987e-01
    outer loop
      vertex   9.937939e+01 2.804466e+01 -1.900750e+00
      vertex   9.926892e+01 2.833519e+01 -1.831166e+00
      vertex   9.955267e+01 2.845251e+01 -1.896082e+00
    endloop
  endfacet
  facet normal -2.703842e-01 1.257961e-01 -9.544987e-01
    outer loop
      vertex   9.937939e+01 2.804466e+01 -1.900750e+00
      vertex   9.955267e+01 2.845251e+01 -1.896082e+00
      vertex   9.965927e+01 2.817216e+01 -1.963228e+00
    endloop
  endfacet
  facet normal -1.269489e-01 1.851228e-01 -9.744812e-01
    outer loop
      vertex   9.965927e+01 2.817216e+01 -1.963228e+00
      vertex   9.955267e+01 2.845251e+01 -1.896082e+00
      vertex   9.984743e+01 2.855870e+01 -1.914310e+00
    endloop
  endfacet
  facet normal -1.269489e-01 1.851228e-01 -9.744812e-01
    outer loop
      vertex   9.965927e+01 2.817216e+01 -1.963228e+00
      vertex   9.984743e+01 2.855870e+01 -1.914310e+00
      vertex   9.994754e+01 2.829542e+01 -1.977365e+00
    endloop
  endfacet
  facet normal -5.602328e-01 7.172155e-02 -8.252244e-01
    outer loop
      vertex   9.900317e+01 2.820961e+01 -1.721160e+00
      vertex   9.882443e+01 2.800000e+01 -1.618034e+00
      vertex   9.876197e+01 2.807887e+01 -1.568774e+00
    endloop
  endfacet
  facet normal -6.489439e-01 -3.939291e-02 -7.598157e-01
    outer loop
      vertex   9.876197e+01 2.807887e+01 -1.568774e+00
      vertex   9.882443e+01 2.800000e+01 -1.618034e+00
      vertex   9.858579e+01 2.800000e+01 -1.414214e+00
    endloop
  endfacet
  facet normal -6.788845e-01 8.796795e-02 -7.289565e-01
    outer loop
      vertex   9.876197e+01 2.807887e+01 -1.568774e+00
      vertex   9.858579e+01 2.800000e+01 -1.414214e+00
      vertex   9.867685e+01 2.836260e+01 -1.455267e+00
    endloop
  endfacet
  facet normal -7.017904e-01 9.633808e-02 -7.058394e-01
    outer loop
      vertex   9.867685e+01 2.836260e+01 -1.455267e+00
      vertex   9.858579e+01 2.800000e+01 -1.414214e+00
      vertex   9.846947e+01 2.821881e+01 -1.268697e+00
    endloop
  endfacet
  facet normal -7.310988e-01 2.137582e-01 -6.479213e-01
    outer loop
      vertex   9.867685e+01 2.836260e+01 -1.455267e+00
      vertex   9.846947e+01 2.821881e+01 -1.268697e+00
      vertex   9.861886e+01 2.863337e+01 -1.300495e+00
    endloop
  endfacet
  facet normal -7.310988e-01 2.137582e-01 -6.479213e-01
    outer loop
      vertex   9.861886e+01 2.863337e+01 -1.300495e+00
      vertex   9.846947e+01 2.821881e+01 -1.268697e+00
      vertex   9.841374e+01 2.847897e+01 -1.119984e+00
    endloop
  endfacet
  facet normal -7.526555e-01 3.424317e-01 -5.623612e-01
    outer loop
      vertex   9.861886e+01 2.863337e+01 -1.300495e+00
      vertex   9.841374e+01 2.847897e+01 -1.119984e+00
      vertex   9.858948e+01 2.888415e+01 -1.108466e+00
    endloop
  endfacet
  facet normal -7.526555e-01 3.424317e-01 -5.623612e-01
    outer loop
      vertex   9.858948e+01 2.888415e+01 -1.108466e+00
      vertex   9.841374e+01 2.847897e+01 -1.119984e+00
      vertex   9.838551e+01 2.871994e+01 -9.354734e-01
    endloop
  endfacet
  facet normal -7.599037e-01 4.596446e-01 -4.596446e-01
    outer loop
      vertex   9.858948e+01 2.888415e+01 -1.108466e+00
      vertex   9.838551e+01 2.871994e+01 -9.354734e-01
      vertex   9.858948e+01 2.910847e+01 -8.841533e-01
    endloop
  endfacet
  facet normal -7.599037e-01 4.596446e-01 -4.596446e-01
    outer loop
      vertex   9.858948e+01 2.910847e+01 -8.841533e-01
      vertex   9.838551e+01 2.871994e+01 -9.354734e-01
      vertex   9.838551e+01 2.893547e+01 -7.199427e-01
    endloop
  endfacet
  facet normal -7.526555e-01 5.623612e-01 -3.424317e-01
    outer loop
      vertex   9.858948e+01 2.910847e+01 -8.841533e-01
      vertex   9.838551e+01 2.893547e+01 -7.199427e-01
      vertex   9.861886e+01 2.930050e+01 -6.333661e-01
    endloop
  endfacet
  facet normal -7.601149e-01 2.766481e-02 -6.491995e-01
    outer loop
      vertex   9.858579e+01 2.800000e+01 -1.414214e+00
      vertex   9.838197e+01 2.800000e+01 -1.175571e+00
      vertex   9.846947e+01 2.821881e+01 -1.268697e+00
    endloop
  endfacet
  facet normal -8.116979e-01 7.824995e-02 -5.788121e-01
    outer loop
      vertex   9.846947e+01 2.821881e+01 -1.268697e+00
      vertex   9.838197e+01 2.800000e+01 -1.175571e+00
      vertex   9.829977e+01 2.806963e+01 -1.050887e+00
    endloop
  endfacet
  facet normal -8.247096e-01 1.369986e-01 -5.487126e-01
    outer loop
      vertex   9.846947e+01 2.821881e+01 -1.268697e+00
      vertex   9.829977e+01 2.806963e+01 -1.050887e+00
      vertex   9.841374e+01 2.847897e+01 -1.119984e+00
    endloop
  endfacet
  facet normal -8.247096e-01 1.369986e-01 -5.487126e-01
    outer loop
      vertex   9.841374e+01 2.847897e+01 -1.119984e+00
      vertex   9.829977e+01 2.806963e+01 -1.050887e+00
      vertex   9.824768e+01 2.831279e+01 -9.118955e-01
    endloop
  endfacet
  facet normal -8.451517e-01 2.590189e-01 -4.675765e-01
    outer loop
      vertex   9.841374e+01 2.847897e+01 -1.119984e+00
      vertex   9.824768e+01 2.831279e+01 -9.118955e-01
      vertex   9.838551e+01 2.871994e+01 -9.354734e-01
    endloop
  endfacet
  facet normal -8.451517e-01 2.590189e-01 -4.675765e-01
    outer loop
      vertex   9.838551e+01 2.871994e+01 -9.354734e-01
      vertex   9.824768e+01 2.831279e+01 -9.118955e-01
      vertex   9.822130e+01 2.853801e+01 -7.394462e-01
    endloop
  endfacet
  facet normal -8.520251e-01 3.701711e-01 -3.701711e-01
    outer loop
      vertex   9.838551e+01 2.871994e+01 -9.354734e-01
      vertex   9.822130e+01 2.853801e+01 -7.394462e-01
      vertex   9.838551e+01 2.893547e+01 -7.199427e-01
    endloop
  endfacet
  facet normal -8.505040e-01 -7.074270e-02 -5.211895e-01
    outer loop
      vertex   9.838197e+01 2.800000e+01 -1.175571e+00
      vertex   9.821799e+01 2.800000e+01 -9.079810e-01
      vertex   9.829977e+01 2.806963e+01 -1.050887e+00
    endloop
  endfacet
  facet normal -8.811703e-01 7.782572e-02 -4.663497e-01
    outer loop
      vertex   9.829977e+01 2.806963e+01 -1.050887e+00
      vertex   9.821799e+01 2.800000e+01 -9.079810e-01
      vertex   9.824768e+01 2.831279e+01 -9.118955e-01
    endloop
  endfacet
  facet normal -9.035022e-01 8.051415e-02 -4.209528e-01
    outer loop
      vertex   9.824768e+01 2.831279e+01 -9.118955e-01
      vertex   9.821799e+01 2.800000e+01 -9.079810e-01
      vertex   9.812478e+01 2.813890e+01 -6.813529e-01
    endloop
  endfacet
  facet normal -9.238706e-01 4.400188e-03 -3.826797e-01
    outer loop
      vertex   9.812478e+01 2.813890e+01 -6.813529e-01
      vertex   9.821799e+01 2.800000e+01 -9.079810e-01
      vertex   9.809789e+01 2.800000e+01 -6.180340e-01
    endloop
  endfacet
  facet normal -9.691315e-01 8.154597e-02 -2.326679e-01
    outer loop
      vertex   9.812478e+01 2.813890e+01 -6.813529e-01
      vertex   9.809789e+01 2.800000e+01 -6.180340e-01
      vertex   9.802462e+01 2.800000e+01 -3.128689e-01
    endloop
  endfacet
  facet normal -9.961421e-01 6.205242e-02 -6.205242e-02
    outer loop
      vertex   9.802724e+01 2.813919e+01 -2.980441e-01
      vertex   9.800000e+01 2.800000e+01 0.000000e+00
      vertex   9.802724e+01 2.829804e+01 -1.391927e-01
    endloop
  endfacet
  facet normal -9.965522e-01 7.843036e-02 -2.706369e-02
    outer loop
      vertex   9.802724e+01 2.829804e+01 -1.391927e-01
      vertex   9.800000e+01 2.800000e+01 0.000000e+00
      vertex   9.802462e+01 2.831287e+01 0.000000e+00
    endloop
  endfacet
  facet normal -9.714672e-01 2.332286e-01 -4.307966e-02
    outer loop
      vertex   9.802724e+01 2.829804e+01 -1.391927e-01
      vertex   9.802462e+01 2.831287e+01 0.000000e+00
      vertex   9.809789e+01 2.861803e+01 0.000000e+00
    endloop
  endfacet
  facet normal -9.663759e-01 2.459677e-01 -7.494971e-02
    outer loop
      vertex   9.802724e+01 2.829804e+01 -1.391927e-01
      vertex   9.809789e+01 2.861803e+01 0.000000e+00
      vertex   9.812478e+01 2.868135e+01 -1.389009e-01
    endloop
  endfacet
  facet normal -9.238706e-01 3.826797e-01 -4.400188e-03
    outer loop
      vertex   9.812478e+01 2.868135e+01 -1.389009e-01
      vertex   9.809789e+01 2.861803e+01 0.000000e+00
      vertex   9.821799e+01 2.890798e+01 0.000000e+00
    endloop
  endfacet
  facet normal -9.035022e-01 4.209528e-01 -8.051415e-02
    outer loop
      vertex   9.812478e+01 2.868135e+01 -1.389009e-01
      vertex   9.821799e+01 2.890798e+01 0.000000e+00
      vertex   9.824768e+01 2.891190e+01 -3.127885e-01
    endloop
  endfacet
  facet normal -8.811703e-01 4.663497e-01 -7.782572e-02
    outer loop
      vertex   9.824768e+01 2.891190e+01 -3.127885e-01
      vertex   9.821799e+01 2.890798e+01 0.000000e+00
      vertex   9.829977e+01 2.905089e+01 -6.963018e-02
    endloop
  endfacet
  facet normal -8.247096e-01 5.487126e-01 -1.369986e-01
    outer loop
      vertex   9.824768e+01 2.891190e+01 -3.127885e-01
      vertex   9.829977e+01 2.905089e+01 -6.963018e-02
      vertex   9.846947e+01 2.926870e+01 -2.188089e-01
    endloop
  endfacet
  facet normal -8.116979e-01 5.788121e-01 -7.824995e-02
    outer loop
      vertex   9.846947e+01 2.926870e+01 -2.188089e-01
      vertex   9.829977e+01 2.905089e+01 -6.963018e-02
      vertex   9.838197e+01 2.917557e+01 0.000000e+00
    endloop
  endfacet
  facet normal -7.601149e-01 6.491995e-01 -2.766481e-02
    outer loop
      vertex   9.846947e+01 2.926870e+01 -2.188089e-01
      vertex   9.838197e+01 2.917557e+01 0.000000e+00
      vertex   9.858579e+01 2.941421e+01 0.000000e+00
    endloop
  endfacet
  facet normal -8.505040e-01 5.211895e-01 7.074270e-02
    outer loop
      vertex   9.821799e+01 2.890798e+01 0.000000e+00
      vertex   9.838197e+01 2.917557e+01 0.000000e+00
      vertex   9.829977e+01 2.905089e+01 -6.963018e-02
    endloop
  endfacet
  facet normal -6.489439e-01 7.598157e-01 3.939291e-02
    outer loop
      vertex   9.882443e+01 2.961803e+01 0.000000e+00
      vertex   9.876197e+01 2.956877e+01 -7.886669e-02
      vertex   9.858579e+01 2.941421e+01 0.000000e+00
    endloop
  endfacet
  facet normal -6.788845e-01 7.289565e-01 -8.796795e-02
    outer loop
      vertex   9.858579e+01 2.941421e+01 0.000000e+00
      vertex   9.876197e+01 2.956877e+01 -7.886669e-02
      vertex   9.867685e+01 2.945527e+01 -3.625998e-01
    endloop
  endfacet
  facet normal -7.017904e-01 7.058394e-01 -9.633808e-02
    outer loop
      vertex   9.858579e+01 2.941421e+01 0.000000e+00
      vertex   9.867685e+01 2.945527e+01 -3.625998e-01
      vertex   9.846947e+01 2.926870e+01 -2.188089e-01
    endloop
  endfacet
  facet normal -7.310988e-01 6.479213e-01 -2.137582e-01
    outer loop
      vertex   9.846947e+01 2.926870e+01 -2.188089e-01
      vertex   9.867685e+01 2.945527e+01 -3.625998e-01
      vertex   9.841374e+01 2.911998e+01 -4.789743e-01
    endloop
  endfacet
  facet normal -8.247096e-01 5.487126e-01 -1.369986e-01
    outer loop
      vertex   9.846947e+01 2.926870e+01 -2.188089e-01
      vertex   9.841374e+01 2.911998e+01 -4.789743e-01
      vertex   9.824768e+01 2.891190e+01 -3.127885e-01
    endloop
  endfacet
  facet normal -8.451517e-01 4.675765e-01 -2.590189e-01
    outer loop
      vertex   9.824768e+01 2.891190e+01 -3.127885e-01
      vertex   9.841374e+01 2.911998e+01 -4.789743e-01
      vertex   9.822130e+01 2.873945e+01 -5.380048e-01
    endloop
  endfacet
  facet normal -9.169884e-01 3.612561e-01 -1.691932e-01
    outer loop
      vertex   9.824768e+01 2.891190e+01 -3.127885e-01
      vertex   9.822130e+01 2.873945e+01 -5.380048e-01
      vertex   9.810089e+01 2.852521e+01 -3.428194e-01
    endloop
  endfacet
  facet normal -9.233182e-01 2.715544e-01 -2.715544e-01
    outer loop
      vertex   9.810089e+01 2.852521e+01 -3.428194e-01
      vertex   9.822130e+01 2.873945e+01 -5.380048e-01
      vertex   9.810089e+01 2.834282e+01 -5.252113e-01
    endloop
  endfacet
  facet normal -9.719929e-01 1.661773e-01 -1.661773e-01
    outer loop
      vertex   9.810089e+01 2.852521e+01 -3.428194e-01
      vertex   9.810089e+01 2.834282e+01 -5.252113e-01
      vertex   9.802724e+01 2.813919e+01 -2.980441e-01
    endloop
  endfacet
  facet normal -5.602328e-01 8.252244e-01 -7.172155e-02
    outer loop
      vertex   9.876197e+01 2.956877e+01 -7.886669e-02
      vertex   9.882443e+01 2.961803e+01 0.000000e+00
      vertex   9.900317e+01 2.972116e+01 -2.096070e-01
    endloop
  endfacet
  facet normal -5.223213e-01 8.523509e-01 -2.604694e-02
    outer loop
      vertex   9.900317e+01 2.972116e+01 -2.096070e-01
      vertex   9.882443e+01 2.961803e+01 0.000000e+00
      vertex   9.909202e+01 2.978201e+01 0.000000e+00
    endloop
  endfacet
  facet normal -2.703842e-01 9.544987e-01 -1.257961e-01
    outer loop
      vertex   9.926892e+01 2.983117e+01 -3.351862e-01
      vertex   9.937939e+01 2.990075e+01 -4.465543e-02
      vertex   9.965927e+01 2.996323e+01 -1.721595e-01
    endloop
  endfacet
  facet normal -1.269489e-01 9.744812e-01 -1.851228e-01
    outer loop
      vertex   9.965927e+01 2.996323e+01 -1.721595e-01
      vertex   9.994754e+01 2.997737e+01 -2.954245e-01
      vertex   9.955267e+01 2.989608e+01 -4.525119e-01
    endloop
  endfacet
  facet normal -1.269489e-01 9.744812e-01 -1.851228e-01
    outer loop
      vertex   9.955267e+01 2.989608e+01 -4.525119e-01
      vertex   9.994754e+01 2.997737e+01 -2.954245e-01
      vertex   9.984743e+01 2.991431e+01 -5.586953e-01
    endloop
  endfacet
  facet normal -1.730880e-01 9.312574e-01 -3.206248e-01
    outer loop
      vertex   9.955267e+01 2.989608e+01 -4.525119e-01
      vertex   9.984743e+01 2.991431e+01 -5.586953e-01
      vertex   9.947020e+01 2.978611e+01 -7.274206e-01
    endloop
  endfacet
  facet normal -1.730880e-01 9.312574e-01 -3.206248e-01
    outer loop
      vertex   9.947020e+01 2.978611e+01 -7.274206e-01
      vertex   9.984743e+01 2.991431e+01 -5.586953e-01
      vertex   9.976999e+01 2.981103e+01 -8.168541e-01
    endloop
  endfacet
  facet normal -2.069255e-01 8.678246e-01 -4.517325e-01
    outer loop
      vertex   9.947020e+01 2.978611e+01 -7.274206e-01
      vertex   9.976999e+01 2.981103e+01 -8.168541e-01
      vertex   9.941401e+01 2.963615e+01 -9.897659e-01
    endloop
  endfacet
  facet normal -2.069255e-01 8.678246e-01 -4.517325e-01
    outer loop
      vertex   9.941401e+01 2.963615e+01 -9.897659e-01
      vertex   9.976999e+01 2.981103e+01 -8.168541e-01
      vertex   9.971722e+01 2.967021e+01 -1.063215e+00
    endloop
  endfacet
  facet normal -2.275850e-01 7.858258e-01 -5.750503e-01
    outer loop
      vertex   9.941401e+01 2.963615e+01 -9.897659e-01
      vertex   9.971722e+01 2.967021e+01 -1.063215e+00
      vertex   9.938554e+01 2.945009e+01 -1.232753e+00
    endloop
  endfacet
  facet normal -2.275850e-01 7.858258e-01 -5.750503e-01
    outer loop
      vertex   9.938554e+01 2.945009e+01 -1.232753e+00
      vertex   9.971722e+01 2.967021e+01 -1.063215e+00
      vertex   9.969049e+01 2.949549e+01 -1.291397e+00
    endloop
  endfacet
  facet normal -2.345315e-01 6.873845e-01 -6.873845e-01
    outer loop
      vertex   9.938554e+01 2.945009e+01 -1.232753e+00
      vertex   9.969049e+01 2.949549e+01 -1.291397e+00
      vertex   9.938554e+01 2.923275e+01 -1.450090e+00
    endloop
  endfacet
  facet normal -2.345315e-01 6.873845e-01 -6.873845e-01
    outer loop
      vertex   9.938554e+01 2.923275e+01 -1.450090e+00
      vertex   9.969049e+01 2.949549e+01 -1.291397e+00
      vertex   9.969049e+01 2.929140e+01 -1.495492e+00
    endloop
  endfacet
  facet normal -2.275850e-01 5.750503e-01 -7.858258e-01
    outer loop
      vertex   9.938554e+01 2.923275e+01 -1.450090e+00
      vertex   9.969049e+01 2.929140e+01 -1.495492e+00
      vertex   9.941401e+01 2.898977e+01 -1.636147e+00
    endloop
  endfacet
  facet normal -2.275850e-01 5.750503e-01 -7.858258e-01
    outer loop
      vertex   9.941401e+01 2.898977e+01 -1.636147e+00
      vertex   9.969049e+01 2.929140e+01 -1.495492e+00
      vertex   9.971722e+01 2.906322e+01 -1.670212e+00
    endloop
  endfacet
  facet normal -2.069255e-01 4.517325e-01 -8.678246e-01
    outer loop
      vertex   9.941401e+01 2.898977e+01 -1.636147e+00
      vertex   9.971722e+01 2.906322e+01 -1.670212e+00
      vertex   9.947020e+01 2.872742e+01 -1.786105e+00
    endloop
  endfacet
  facet normal -2.069255e-01 4.517325e-01 -8.678246e-01
    outer loop
      vertex   9.947020e+01 2.872742e+01 -1.786105e+00
      vertex   9.971722e+01 2.906322e+01 -1.670212e+00
      vertex   9.976999e+01 2.881685e+01 -1.811034e+00
    endloop
  endfacet
  facet normal -1.730880e-01 3.206248e-01 -9.312574e-01
    outer loop
      vertex   9.947020e+01 2.872742e+01 -1.786105e+00
      vertex   9.976999e+01 2.881685e+01 -1.811034e+00
      vertex   9.955267e+01 2.845251e+01 -1.896082e+00
    endloop
  endfacet
  facet normal -1.730880e-01 3.206248e-01 -9.312574e-01
    outer loop
      vertex   9.955267e+01 2.845251e+01 -1.896082e+00
      vertex   9.976999e+01 2.881685e+01 -1.811034e+00
      vertex   9.984743e+01 2.855870e+01 -1.914310e+00
    endloop
  endfacet
  facet normal -3.188230e-01 9.091205e-01 -2.680520e-01
    outer loop
      vertex   9.947020e+01 2.978611e+01 -7.274206e-01
      vertex   9.918346e+01 2.971720e+01 -6.200756e-01
      vertex   9.955267e+01 2.989608e+01 -4.525119e-01
    endloop
  endfacet
  facet normal -3.188230e-01 9.091205e-01 -2.680520e-01
    outer loop
      vertex   9.955267e+01 2.989608e+01 -4.525119e-01
      vertex   9.918346e+01 2.971720e+01 -6.200756e-01
      vertex   9.926892e+01 2.983117e+01 -3.351862e-01
    endloop
  endfacet
  facet normal -2.703842e-01 9.544987e-01 -1.257961e-01
    outer loop
      vertex   9.955267e+01 2.989608e+01 -4.525119e-01
      vertex   9.926892e+01 2.983117e+01 -3.351862e-01
      vertex   9.965927e+01 2.996323e+01 -1.721595e-01
    endloop
  endfacet
  facet normal -4.566914e-01 8.647409e-01 -2.089408e-01
    outer loop
      vertex   9.926892e+01 2.983117e+01 -3.351862e-01
      vertex   9.918346e+01 2.971720e+01 -6.200756e-01
      vertex   9.891682e+01 2.960600e+01 -4.974623e-01
    endloop
  endfacet
  facet normal -4.930317e-01 7.966161e-01 -3.497463e-01
    outer loop
      vertex   9.891682e+01 2.960600e+01 -4.974623e-01
      vertex   9.918346e+01 2.971720e+01 -6.200756e-01
      vertex   9.885798e+01 2.944898e+01 -7.721624e-01
    endloop
  endfacet
  facet normal -6.196355e-01 7.312217e-01 -2.852483e-01
    outer loop
      vertex   9.891682e+01 2.960600e+01 -4.974623e-01
      vertex   9.885798e+01 2.944898e+01 -7.721624e-01
      vertex   9.861886e+01 2.930050e+01 -6.333661e-01
    endloop
  endfacet
  facet normal -6.417786e-01 6.433342e-01 -4.174221e-01
    outer loop
      vertex   9.861886e+01 2.930050e+01 -6.333661e-01
      vertex   9.885798e+01 2.944898e+01 -7.721624e-01
      vertex   9.858948e+01 2.910847e+01 -8.841533e-01
    endloop
  endfacet
  facet normal -3.543470e-01 8.425260e-01 -4.056945e-01
    outer loop
      vertex   9.918346e+01 2.971720e+01 -6.200756e-01
      vertex   9.947020e+01 2.978611e+01 -7.274206e-01
      vertex   9.912522e+01 2.956179e+01 -8.919455e-01
    endloop
  endfacet
  facet normal -3.543470e-01 8.425260e-01 -4.056945e-01
    outer loop
      vertex   9.912522e+01 2.956179e+01 -8.919455e-01
      vertex   9.947020e+01 2.978611e+01 -7.274206e-01
      vertex   9.941401e+01 2.963615e+01 -9.897659e-01
    endloop
  endfacet
  facet normal -3.760363e-01 7.564401e-01 -5.351589e-01
    outer loop
      vertex   9.912522e+01 2.956179e+01 -8.919455e-01
      vertex   9.941401e+01 2.963615e+01 -9.897659e-01
      vertex   9.909572e+01 2.936898e+01 -1.143755e+00
    endloop
  endfacet
  facet normal -3.760363e-01 7.564401e-01 -5.351589e-01
    outer loop
      vertex   9.909572e+01 2.936898e+01 -1.143755e+00
      vertex   9.941401e+01 2.963615e+01 -9.897659e-01
      vertex   9.938554e+01 2.945009e+01 -1.232753e+00
    endloop
  endfacet
  facet normal -3.833290e-01 6.530922e-01 -6.530922e-01
    outer loop
      vertex   9.909572e+01 2.936898e+01 -1.143755e+00
      vertex   9.938554e+01 2.945009e+01 -1.232753e+00
      vertex   9.909572e+01 2.914376e+01 -1.368982e+00
    endloop
  endfacet
  facet normal -3.833290e-01 6.530922e-01 -6.530922e-01
    outer loop
      vertex   9.909572e+01 2.914376e+01 -1.368982e+00
      vertex   9.938554e+01 2.945009e+01 -1.232753e+00
      vertex   9.938554e+01 2.923275e+01 -1.450090e+00
    endloop
  endfacet
  facet normal -3.760363e-01 5.351589e-01 -7.564401e-01
    outer loop
      vertex   9.909572e+01 2.914376e+01 -1.368982e+00
      vertex   9.938554e+01 2.923275e+01 -1.450090e+00
      vertex   9.912522e+01 2.889195e+01 -1.561793e+00
    endloop
  endfacet
  facet normal -3.760363e-01 5.351589e-01 -7.564401e-01
    outer loop
      vertex   9.912522e+01 2.889195e+01 -1.561793e+00
      vertex   9.938554e+01 2.923275e+01 -1.450090e+00
      vertex   9.941401e+01 2.898977e+01 -1.636147e+00
    endloop
  endfacet
  facet normal -3.543470e-01 4.056945e-01 -8.425260e-01
    outer loop
      vertex   9.912522e+01 2.889195e+01 -1.561793e+00
      vertex   9.941401e+01 2.898977e+01 -1.636147e+00
      vertex   9.918346e+01 2.862008e+01 -1.717196e+00
    endloop
  endfacet
  facet normal -3.543470e-01 4.056945e-01 -8.425260e-01
    outer loop
      vertex   9.918346e+01 2.862008e+01 -1.717196e+00
      vertex   9.941401e+01 2.898977e+01 -1.636147e+00
      vertex   9.947020e+01 2.872742e+01 -1.786105e+00
    endloop
  endfacet
  facet normal -3.188230e-01 2.680520e-01 -9.091205e-01
    outer loop
      vertex   9.918346e+01 2.862008e+01 -1.717196e+00
      vertex   9.947020e+01 2.872742e+01 -1.786105e+00
      vertex   9.926892e+01 2.833519e+01 -1.831166e+00
    endloop
  endfacet
  facet normal -3.188230e-01 2.680520e-01 -9.091205e-01
    outer loop
      vertex   9.926892e+01 2.833519e+01 -1.831166e+00
      vertex   9.947020e+01 2.872742e+01 -1.786105e+00
      vertex   9.955267e+01 2.845251e+01 -1.896082e+00
    endloop
  endfacet
  facet normal -5.833680e-01 7.992098e-01 -1.447253e-01
    outer loop
      vertex   9.876197e+01 2.956877e+01 -7.886669e-02
      vertex   9.900317e+01 2.972116e+01 -2.096070e-01
      vertex   9.867685e+01 2.945527e+01 -3.625998e-01
    endloop
  endfacet
  facet normal -4.930317e-01 7.966161e-01 -3.497463e-01
    outer loop
      vertex   9.918346e+01 2.971720e+01 -6.200756e-01
      vertex   9.912522e+01 2.956179e+01 -8.919455e-01
      vertex   9.885798e+01 2.944898e+01 -7.721624e-01
    endloop
  endfacet
  facet normal -5.152194e-01 7.085520e-01 -4.821858e-01
    outer loop
      vertex   9.885798e+01 2.944898e+01 -7.721624e-01
      vertex   9.912522e+01 2.956179e+01 -8.919455e-01
      vertex   9.882817e+01 2.925417e+01 -1.026593e+00
    endloop
  endfacet
  facet normal -6.417786e-01 6.433342e-01 -4.174221e-01
    outer loop
      vertex   9.885798e+01 2.944898e+01 -7.721624e-01
      vertex   9.882817e+01 2.925417e+01 -1.026593e+00
      vertex   9.858948e+01 2.910847e+01 -8.841533e-01
    endloop
  endfacet
  facet normal -6.492240e-01 5.378235e-01 -5.378235e-01
    outer loop
      vertex   9.858948e+01 2.910847e+01 -8.841533e-01
      vertex   9.882817e+01 2.925417e+01 -1.026593e+00
      vertex   9.858948e+01 2.888415e+01 -1.108466e+00
    endloop
  endfacet
  facet normal -5.152194e-01 7.085520e-01 -4.821858e-01
    outer loop
      vertex   9.882817e+01 2.925417e+01 -1.026593e+00
      vertex   9.912522e+01 2.956179e+01 -8.919455e-01
      vertex   9.909572e+01 2.936898e+01 -1.143755e+00
    endloop
  endfacet
  facet normal -9.663628e-01 2.459645e-01 -7.512976e-02
    outer loop
      vertex   9.802724e+01 2.829804e+01 -1.391927e-01
      vertex   9.812478e+01 2.868135e+01 -1.389009e-01
      vertex   9.810089e+01 2.852521e+01 -3.428194e-01
    endloop
  endfacet
  facet normal -9.169884e-01 3.612561e-01 -1.691932e-01
    outer loop
      vertex   9.810089e+01 2.852521e+01 -3.428194e-01
      vertex   9.812478e+01 2.868135e+01 -1.389009e-01
      vertex   9.824768e+01 2.891190e+01 -3.127885e-01
    endloop
  endfacet
  facet normal -5.226797e-01 6.028291e-01 -6.028291e-01
    outer loop
      vertex   9.882817e+01 2.925417e+01 -1.026593e+00
      vertex   9.909572e+01 2.936898e+01 -1.143755e+00
      vertex   9.882817e+01 2.902659e+01 -1.254165e+00
    endloop
  endfacet
  facet normal -5.226797e-01 6.028291e-01 -6.028291e-01
    outer loop
      vertex   9.882817e+01 2.902659e+01 -1.254165e+00
      vertex   9.909572e+01 2.936898e+01 -1.143755e+00
      vertex   9.909572e+01 2.914376e+01 -1.368982e+00
    endloop
  endfacet
  facet normal -5.152194e-01 4.821858e-01 -7.085520e-01
    outer loop
      vertex   9.882817e+01 2.902659e+01 -1.254165e+00
      vertex   9.909572e+01 2.914376e+01 -1.368982e+00
      vertex   9.885798e+01 2.877216e+01 -1.448984e+00
    endloop
  endfacet
  facet normal -5.152194e-01 4.821858e-01 -7.085520e-01
    outer loop
      vertex   9.885798e+01 2.877216e+01 -1.448984e+00
      vertex   9.909572e+01 2.914376e+01 -1.368982e+00
      vertex   9.912522e+01 2.889195e+01 -1.561793e+00
    endloop
  endfacet
  facet normal -4.930317e-01 3.497463e-01 -7.966161e-01
    outer loop
      vertex   9.885798e+01 2.877216e+01 -1.448984e+00
      vertex   9.912522e+01 2.889195e+01 -1.561793e+00
      vertex   9.891682e+01 2.849746e+01 -1.606004e+00
    endloop
  endfacet
  facet normal -4.930317e-01 3.497463e-01 -7.966161e-01
    outer loop
      vertex   9.891682e+01 2.849746e+01 -1.606004e+00
      vertex   9.912522e+01 2.889195e+01 -1.561793e+00
      vertex   9.918346e+01 2.862008e+01 -1.717196e+00
    endloop
  endfacet
  facet normal -4.566914e-01 2.089408e-01 -8.647409e-01
    outer loop
      vertex   9.891682e+01 2.849746e+01 -1.606004e+00
      vertex   9.918346e+01 2.862008e+01 -1.717196e+00
      vertex   9.900317e+01 2.820961e+01 -1.721160e+00
    endloop
  endfacet
  facet normal -4.566914e-01 2.089408e-01 -8.647409e-01
    outer loop
      vertex   9.900317e+01 2.820961e+01 -1.721160e+00
      vertex   9.918346e+01 2.862008e+01 -1.717196e+00
      vertex   9.926892e+01 2.833519e+01 -1.831166e+00
    endloop
  endfacet
  facet normal -9.719929e-01 1.661773e-01 -1.661773e-01
    outer loop
      vertex   9.802724e+01 2.813919e+01 -2.980441e-01
      vertex   9.802724e+01 2.829804e+01 -1.391927e-01
      vertex   9.810089e+01 2.852521e+01 -3.428194e-01
    endloop
  endfacet
  facet normal -6.417786e-01 4.174221e-01 -6.433342e-01
    outer loop
      vertex   9.861886e+01 2.863337e+01 -1.300495e+00
      vertex   9.858948e+01 2.888415e+01 -1.108466e+00
      vertex   9.882817e+01 2.902659e+01 -1.254165e+00
    endloop
  endfacet
  facet normal -6.492240e-01 5.378235e-01 -5.378235e-01
    outer loop
      vertex   9.882817e+01 2.902659e+01 -1.254165e+00
      vertex   9.858948e+01 2.888415e+01 -1.108466e+00
      vertex   9.882817e+01 2.925417e+01 -1.026593e+00
    endloop
  endfacet
  facet normal -6.417786e-01 4.174221e-01 -6.433342e-01
    outer loop
      vertex   9.861886e+01 2.863337e+01 -1.300495e+00
      vertex   9.882817e+01 2.902659e+01 -1.254165e+00
      vertex   9.885798e+01 2.877216e+01 -1.448984e+00
    endloop
  endfacet
  facet normal -9.169884e-01 1.691932e-01 -3.612561e-01
    outer loop
      vertex   9.812478e+01 2.813890e+01 -6.813529e-01
      vertex   9.822130e+01 2.853801e+01 -7.394462e-01
      vertex   9.824768e+01 2.831279e+01 -9.118955e-01
    endloop
  endfacet
  facet normal -6.196355e-01 2.852483e-01 -7.312217e-01
    outer loop
      vertex   9.867685e+01 2.836260e+01 -1.455267e+00
      vertex   9.861886e+01 2.863337e+01 -1.300495e+00
      vertex   9.885798e+01 2.877216e+01 -1.448984e+00
    endloop
  endfacet
  facet normal -6.196355e-01 2.852483e-01 -7.312217e-01
    outer loop
      vertex   9.867685e+01 2.836260e+01 -1.455267e+00
      vertex   9.885798e+01 2.877216e+01 -1.448984e+00
      vertex   9.891682e+01 2.849746e+01 -1.606004e+00
    endloop
  endfacet
  facet normal -5.833680e-01 1.447253e-01 -7.992098e-01
    outer loop
      vertex   9.876197e+01 2.807887e+01 -1.568774e+00
      vertex   9.867685e+01 2.836260e+01 -1.455267e+00
      vertex   9.891682e+01 2.849746e+01 -1.606004e+00
    endloop
  endfacet
  facet normal -5.833680e-01 1.447253e-01 -7.992098e-01
    outer loop
      vertex   9.876197e+01 2.807887e+01 -1.568774e+00
      vertex   9.891682e+01 2.849746e+01 -1.606004e+00
      vertex   9.900317e+01 2.820961e+01 -1.721160e+00
    endloop
  endfacet
  facet normal 9.566369e-01 7.466589e-04 -2.912821e-01
    outer loop
      vertex   1.299392e+02 7.153530e+00 -4.921078e-01
      vertex   1.299021e+02 5.500000e+00 -6.180340e-01
      vertex   1.299365e+02 7.500000e+00 -5.000000e-01
    endloop
  endfacet
  facet normal 9.601048e-01 1.154494e-17 -2.796406e-01
    outer loop
      vertex   1.299365e+02 7.500000e+00 -5.000000e-01
      vertex   1.299021e+02 5.500000e+00 -6.180340e-01
      vertex   1.299021e+02 1.100000e+01 -6.180340e-01
    endloop
  endfacet
  facet normal 9.601048e-01 2.822096e-17 -2.796406e-01
    outer loop
      vertex   1.299365e+02 7.500000e+00 -5.000000e-01
      vertex   1.299021e+02 1.100000e+01 -6.180340e-01
      vertex   1.299021e+02 1.650000e+01 -6.180340e-01
    endloop
  endfacet
  facet normal 9.238795e-01 3.862400e-17 -3.826834e-01
    outer loop
      vertex   1.299021e+02 1.650000e+01 -6.180340e-01
      vertex   1.299021e+02 1.100000e+01 -6.180340e-01
      vertex   1.297820e+02 1.650000e+01 -9.079810e-01
    endloop
  endfacet
  facet normal 9.238785e-01 -1.512362e-03 -3.826830e-01
    outer loop
      vertex   1.299021e+02 1.650000e+01 -6.180340e-01
      vertex   1.297820e+02 1.650000e+01 -9.079810e-01
      vertex   1.298283e+02 2.017174e+01 -8.108519e-01
    endloop
  endfacet
  facet normal 8.967382e-01 4.134132e-04 -4.425612e-01
    outer loop
      vertex   1.298283e+02 2.017174e+01 -8.108519e-01
      vertex   1.297820e+02 1.650000e+01 -9.079810e-01
      vertex   1.297553e+02 2.024467e+01 -9.585475e-01
    endloop
  endfacet
  facet normal 8.569580e-01 -8.534232e-04 -5.153855e-01
    outer loop
      vertex   1.297553e+02 2.024467e+01 -9.585475e-01
      vertex   1.297820e+02 1.650000e+01 -9.079810e-01
      vertex   1.296705e+02 2.032950e+01 -1.099741e+00
    endloop
  endfacet
  facet normal 8.526394e-01 -1.335338e-03 -5.224981e-01
    outer loop
      vertex   1.296705e+02 2.032950e+01 -1.099741e+00
      vertex   1.297820e+02 1.650000e+01 -9.079810e-01
      vertex   1.296180e+02 1.650000e+01 -1.175571e+00
    endloop
  endfacet
  facet normal 8.120447e-01 4.306313e-04 -5.835951e-01
    outer loop
      vertex   1.296705e+02 2.032950e+01 -1.099741e+00
      vertex   1.296180e+02 1.650000e+01 -1.175571e+00
      vertex   1.295743e+02 2.042566e+01 -1.233475e+00
    endloop
  endfacet
  facet normal 7.606369e-01 -1.108935e-03 -6.491766e-01
    outer loop
      vertex   1.295743e+02 2.042566e+01 -1.233475e+00
      vertex   1.296180e+02 1.650000e+01 -1.175571e+00
      vertex   1.294675e+02 2.053250e+01 -1.358843e+00
    endloop
  endfacet
  facet normal 7.604055e-01 -1.129893e-03 -6.494476e-01
    outer loop
      vertex   1.294675e+02 2.053250e+01 -1.358843e+00
      vertex   1.296180e+02 1.650000e+01 -1.175571e+00
      vertex   1.294142e+02 1.650000e+01 -1.414214e+00
    endloop
  endfacet
  facet normal 7.053554e-01 4.132183e-04 -7.088538e-01
    outer loop
      vertex   1.294675e+02 2.053250e+01 -1.358843e+00
      vertex   1.294142e+02 1.650000e+01 -1.414214e+00
      vertex   1.293507e+02 2.064930e+01 -1.474993e+00
    endloop
  endfacet
  facet normal 6.494476e-01 -1.197681e-03 -7.604054e-01
    outer loop
      vertex   1.293507e+02 2.064930e+01 -1.474993e+00
      vertex   1.294142e+02 1.650000e+01 -1.414214e+00
      vertex   1.291756e+02 1.650000e+01 -1.618034e+00
    endloop
  endfacet
  facet normal 6.439377e-01 -8.040633e-04 -7.650775e-01
    outer loop
      vertex   1.293507e+02 2.064930e+01 -1.474993e+00
      vertex   1.291756e+02 1.650000e+01 -1.618034e+00
      vertex   1.292247e+02 2.077526e+01 -1.581139e+00
    endloop
  endfacet
  facet normal 5.795415e-01 3.669608e-04 -8.149426e-01
    outer loop
      vertex   1.292247e+02 2.077526e+01 -1.581139e+00
      vertex   1.291756e+02 1.650000e+01 -1.618034e+00
      vertex   1.290905e+02 2.090952e+01 -1.676560e+00
    endloop
  endfacet
  facet normal 5.224982e-01 -1.234130e-03 -8.526395e-01
    outer loop
      vertex   1.290905e+02 2.090952e+01 -1.676560e+00
      vertex   1.291756e+02 1.650000e+01 -1.618034e+00
      vertex   1.289080e+02 1.650000e+01 -1.782013e+00
    endloop
  endfacet
  facet normal 5.098663e-01 -5.292408e-04 -8.602535e-01
    outer loop
      vertex   1.290905e+02 2.090952e+01 -1.676560e+00
      vertex   1.289080e+02 1.650000e+01 -1.782013e+00
      vertex   1.289488e+02 2.105118e+01 -1.760608e+00
    endloop
  endfacet
  facet normal 4.009580e-01 7.106532e-04 -9.160962e-01
    outer loop
      vertex   1.289488e+02 2.105118e+01 -1.760608e+00
      vertex   1.289080e+02 1.650000e+01 -1.782013e+00
      vertex   1.286472e+02 2.135280e+01 -1.892390e+00
    endloop
  endfacet
  facet normal 3.826834e-01 -4.484421e-04 -9.238794e-01
    outer loop
      vertex   1.286472e+02 2.135280e+01 -1.892390e+00
      vertex   1.289080e+02 1.650000e+01 -1.782013e+00
      vertex   1.286180e+02 1.650000e+01 -1.902113e+00
    endloop
  endfacet
  facet normal 2.450801e-01 4.698392e-04 -9.695027e-01
    outer loop
      vertex   1.286472e+02 2.135280e+01 -1.892390e+00
      vertex   1.286180e+02 1.650000e+01 -1.902113e+00
      vertex   1.283280e+02 2.167196e+01 -1.972914e+00
    endloop
  endfacet
  facet normal 2.334454e-01 -2.217747e-04 -9.723699e-01
    outer loop
      vertex   1.283280e+02 2.167196e+01 -1.972914e+00
      vertex   1.286180e+02 1.650000e+01 -1.902113e+00
      vertex   1.283129e+02 1.650000e+01 -1.975377e+00
    endloop
  endfacet
  facet normal 8.252000e-02 2.324736e-04 -9.965894e-01
    outer loop
      vertex   1.283280e+02 2.167196e+01 -1.972914e+00
      vertex   1.283129e+02 1.650000e+01 -1.975377e+00
      vertex   1.280000e+02 2.200000e+01 -2.000000e+00
    endloop
  endfacet
  facet normal 7.845910e-02 8.039967e-17 -9.969173e-01
    outer loop
      vertex   1.280000e+02 2.200000e+01 -2.000000e+00
      vertex   1.283129e+02 1.650000e+01 -1.975377e+00
      vertex   1.283129e+02 1.100000e+01 -1.975377e+00
    endloop
  endfacet
  facet normal 7.845910e-02 0.000000e+00 -9.969173e-01
    outer loop
      vertex   1.280000e+02 2.200000e+01 -2.000000e+00
      vertex   1.283129e+02 1.100000e+01 -1.975377e+00
      vertex   1.280000e+02 0.000000e+00 -2.000000e+00
    endloop
  endfacet
  facet normal 7.845910e-02 0.000000e+00 -9.969173e-01
    outer loop
      vertex   1.280000e+02 0.000000e+00 -2.000000e+00
      vertex   1.283129e+02 1.100000e+01 -1.975377e+00
      vertex   1.283129e+02 5.500000e+00 -1.975377e+00
    endloop
  endfacet
  facet normal 7.845910e-02 -1.211020e-16 -9.969173e-01
    outer loop
      vertex   1.280000e+02 0.000000e+00 -2.000000e+00
      vertex   1.283129e+02 5.500000e+00 -1.975377e+00
      vertex   1.283129e+02 2.307193e-16 -1.975377e+00
    endloop
  endfacet
  facet normal 2.334454e-01 -1.177688e-16 -9.723699e-01
    outer loop
      vertex   1.283129e+02 2.307193e-16 -1.975377e+00
      vertex   1.283129e+02 5.500000e+00 -1.975377e+00
      vertex   1.286180e+02 1.782018e-16 -1.902113e+00
    endloop
  endfacet
  facet normal 2.334454e-01 -1.570251e-16 -9.723699e-01
    outer loop
      vertex   1.286180e+02 1.782018e-16 -1.902113e+00
      vertex   1.283129e+02 5.500000e+00 -1.975377e+00
      vertex   1.286180e+02 5.500000e+00 -1.902113e+00
    endloop
  endfacet
  facet normal 3.826834e-01 -1.491945e-16 -9.238795e-01
    outer loop
      vertex   1.286180e+02 1.782018e-16 -1.902113e+00
      vertex   1.286180e+02 5.500000e+00 -1.902113e+00
      vertex   1.289080e+02 1.212963e-16 -1.782013e+00
    endloop
  endfacet
  facet normal 3.826834e-01 -2.610904e-16 -9.238795e-01
    outer loop
      vertex   1.289080e+02 1.212963e-16 -1.782013e+00
      vertex   1.286180e+02 5.500000e+00 -1.902113e+00
      vertex   1.289080e+02 5.500000e+00 -1.782013e+00
    endloop
  endfacet
  facet normal 5.224986e-01 -2.409580e-16 -8.526402e-01
    outer loop
      vertex   1.289080e+02 1.212963e-16 -1.782013e+00
      vertex   1.289080e+02 5.500000e+00 -1.782013e+00
      vertex   1.291756e+02 6.140414e-17 -1.618034e+00
    endloop
  endfacet
  facet normal 5.224986e-01 -4.819160e-16 -8.526402e-01
    outer loop
      vertex   1.291756e+02 6.140414e-17 -1.618034e+00
      vertex   1.289080e+02 5.500000e+00 -1.782013e+00
      vertex   1.291756e+02 5.500000e+00 -1.618034e+00
    endloop
  endfacet
  facet normal 6.494480e-01 -4.297848e-16 -7.604060e-01
    outer loop
      vertex   1.291756e+02 6.140414e-17 -1.618034e+00
      vertex   1.291756e+02 5.500000e+00 -1.618034e+00
      vertex   1.294142e+02 -8.011869e-31 -1.414214e+00
    endloop
  endfacet
  facet normal 6.494480e-01 -2.455913e-16 -7.604060e-01
    outer loop
      vertex   1.294142e+02 -8.011869e-31 -1.414214e+00
      vertex   1.291756e+02 5.500000e+00 -1.618034e+00
      vertex   1.294142e+02 5.500000e+00 -1.414214e+00
    endloop
  endfacet
  facet normal 7.604060e-01 -2.097548e-16 -6.494480e-01
    outer loop
      vertex   1.294142e+02 -8.011869e-31 -1.414214e+00
      vertex   1.294142e+02 5.500000e+00 -1.414214e+00
      vertex   1.296180e+02 -6.140414e-17 -1.175571e+00
    endloop
  endfacet
  facet normal 7.604060e-01 -2.621935e-16 -6.494480e-01
    outer loop
      vertex   1.296180e+02 -6.140414e-17 -1.175571e+00
      vertex   1.294142e+02 5.500000e+00 -1.414214e+00
      vertex   1.296180e+02 5.500000e+00 -1.175571e+00
    endloop
  endfacet
  facet normal 8.526402e-01 -2.109418e-16 -5.224986e-01
    outer loop
      vertex   1.296180e+02 -6.140414e-17 -1.175571e+00
      vertex   1.296180e+02 5.500000e+00 -1.175571e+00
      vertex   1.297820e+02 -1.212963e-16 -9.079810e-01
    endloop
  endfacet
  facet normal 8.526402e-01 -2.214889e-16 -5.224986e-01
    outer loop
      vertex   1.297820e+02 -1.212963e-16 -9.079810e-01
      vertex   1.296180e+02 5.500000e+00 -1.175571e+00
      vertex   1.297820e+02 5.500000e+00 -9.079810e-01
    endloop
  endfacet
  facet normal 9.238795e-01 -1.622208e-16 -3.826834e-01
    outer loop
      vertex   1.297820e+02 -1.212963e-16 -9.079810e-01
      vertex   1.297820e+02 5.500000e+00 -9.079810e-01
      vertex   1.299021e+02 -1.782018e-16 -6.180340e-01
    endloop
  endfacet
  facet normal 9.238795e-01 -1.158720e-16 -3.826834e-01
    outer loop
      vertex   1.299021e+02 -1.782018e-16 -6.180340e-01
      vertex   1.297820e+02 5.500000e+00 -9.079810e-01
      vertex   1.299021e+02 5.500000e+00 -6.180340e-01
    endloop
  endfacet
  facet normal 9.723699e-01 -7.068448e-17 -2.334454e-01
    outer loop
      vertex   1.299021e+02 -1.782018e-16 -6.180340e-01
      vertex   1.299021e+02 5.500000e+00 -6.180340e-01
      vertex   1.299754e+02 -2.307193e-16 -3.128689e-01
    endloop
  endfacet
  facet normal 9.638549e-01 -1.943051e-03 -2.664207e-01
    outer loop
      vertex   1.299754e+02 -2.307193e-16 -3.128689e-01
      vertex   1.299021e+02 5.500000e+00 -6.180340e-01
      vertex   1.299562e+02 6.450815e+00 -4.291732e-01
    endloop
  endfacet
  facet normal 9.775337e-01 -8.992391e-04 -2.107772e-01
    outer loop
      vertex   1.299754e+02 -2.307193e-16 -3.128689e-01
      vertex   1.299562e+02 6.450815e+00 -4.291732e-01
      vertex   1.299677e+02 6.097962e+00 -3.742662e-01
    endloop
  endfacet
  facet normal 9.587794e-01 1.556140e-04 -2.841516e-01
    outer loop
      vertex   1.299392e+02 7.153530e+00 -4.921078e-01
      vertex   1.299462e+02 6.803236e+00 -4.684763e-01
      vertex   1.299021e+02 5.500000e+00 -6.180340e-01
    endloop
  endfacet
  facet normal 9.641841e-01 -2.199335e-03 -2.652248e-01
    outer loop
      vertex   1.299021e+02 5.500000e+00 -6.180340e-01
      vertex   1.299462e+02 6.803236e+00 -4.684763e-01
      vertex   1.299562e+02 6.450815e+00 -4.291732e-01
    endloop
  endfacet
  facet normal 9.923684e-01 -2.115723e-17 -1.233083e-01
    outer loop
      vertex   1.299754e+02 -2.307193e-16 -3.128689e-01
      vertex   1.299677e+02 6.097962e+00 -3.742662e-01
      vertex   1.299754e+02 5.500000e+00 -3.128689e-01
    endloop
  endfacet
  facet normal 9.792806e-01 -8.281596e-03 -2.023385e-01
    outer loop
      vertex   1.299754e+02 5.500000e+00 -3.128689e-01
      vertex   1.299677e+02 6.097962e+00 -3.742662e-01
      vertex   1.299793e+02 5.746371e+00 -3.038231e-01
    endloop
  endfacet
  facet normal 9.873786e-01 -1.003728e-02 -1.580595e-01
    outer loop
      vertex   1.299754e+02 5.500000e+00 -3.128689e-01
      vertex   1.299793e+02 5.746371e+00 -3.038231e-01
      vertex   1.299895e+02 5.397739e+00 -2.179115e-01
    endloop
  endfacet
  facet normal 9.890619e-01 -2.530826e-17 -1.475013e-01
    outer loop
      vertex   1.299754e+02 5.500000e+00 -3.128689e-01
      vertex   1.299895e+02 5.397739e+00 -2.179115e-01
      vertex   1.299754e+02 -2.307193e-16 -3.128689e-01
    endloop
  endfacet
  facet normal 9.970256e-01 -1.260086e-03 -7.706090e-02
    outer loop
      vertex   1.299754e+02 -2.307193e-16 -3.128689e-01
      vertex   1.299895e+02 5.397739e+00 -2.179115e-01
      vertex   1.299969e+02 5.053760e+00 -1.165991e-01
    endloop
  endfacet
  facet normal 9.969166e-01 -1.205322e-03 -7.845904e-02
    outer loop
      vertex   1.299754e+02 -2.307193e-16 -3.128689e-01
      vertex   1.299969e+02 5.053760e+00 -1.165991e-01
      vertex   1.300000e+02 0.000000e+00 0.000000e+00
    endloop
  endfacet
  facet normal 9.996549e-01 4.106094e-07 -2.627093e-02
    outer loop
      vertex   1.300000e+02 0.000000e+00 0.000000e+00
      vertex   1.299969e+02 5.053760e+00 -1.165991e-01
      vertex   1.300000e+02 4.716118e+00 0.000000e+00
    endloop
  endfacet
  facet normal 9.299665e-01 -6.001319e-04 -3.676438e-01
    outer loop
      vertex   1.298283e+02 2.017174e+01 -8.108519e-01
      vertex   1.298888e+02 2.011122e+01 -6.576564e-01
      vertex   1.299021e+02 1.650000e+01 -6.180340e-01
    endloop
  endfacet
  facet normal 9.571596e-01 3.570000e-04 -2.895608e-01
    outer loop
      vertex   1.299021e+02 1.650000e+01 -6.180340e-01
      vertex   1.298888e+02 2.011122e+01 -6.576564e-01
      vertex   1.299365e+02 2.006351e+01 -5.000000e-01
    endloop
  endfacet
  facet normal 9.601048e-01 -3.455148e-14 -2.796406e-01
    outer loop
      vertex   1.299021e+02 1.650000e+01 -6.180340e-01
      vertex   1.299365e+02 2.006351e+01 -5.000000e-01
      vertex   1.299365e+02 7.500000e+00 -5.000000e-01
    endloop
  endfacet
  facet normal 9.238795e-01 1.544960e-17 -3.826834e-01
    outer loop
      vertex   1.299021e+02 1.100000e+01 -6.180340e-01
      vertex   1.299021e+02 5.500000e+00 -6.180340e-01
      vertex   1.297820e+02 1.100000e+01 -9.079810e-01
    endloop
  endfacet
  facet normal 9.238795e-01 6.179840e-17 -3.826834e-01
    outer loop
      vertex   1.297820e+02 1.100000e+01 -9.079810e-01
      vertex   1.299021e+02 5.500000e+00 -6.180340e-01
      vertex   1.297820e+02 5.500000e+00 -9.079810e-01
    endloop
  endfacet
  facet normal 8.526402e-01 8.437672e-17 -5.224986e-01
    outer loop
      vertex   1.297820e+02 1.100000e+01 -9.079810e-01
      vertex   1.297820e+02 5.500000e+00 -9.079810e-01
      vertex   1.296180e+02 1.100000e+01 -1.175571e+00
    endloop
  endfacet
  facet normal 8.526402e-01 4.218836e-17 -5.224986e-01
    outer loop
      vertex   1.296180e+02 1.100000e+01 -1.175571e+00
      vertex   1.297820e+02 5.500000e+00 -9.079810e-01
      vertex   1.296180e+02 5.500000e+00 -1.175571e+00
    endloop
  endfacet
  facet normal 7.604060e-01 5.243871e-17 -6.494480e-01
    outer loop
      vertex   1.296180e+02 1.100000e+01 -1.175571e+00
      vertex   1.296180e+02 5.500000e+00 -1.175571e+00
      vertex   1.294142e+02 1.100000e+01 -1.414214e+00
    endloop
  endfacet
  facet normal 7.604060e-01 5.243871e-17 -6.494480e-01
    outer loop
      vertex   1.294142e+02 1.100000e+01 -1.414214e+00
      vertex   1.296180e+02 5.500000e+00 -1.175571e+00
      vertex   1.294142e+02 5.500000e+00 -1.414214e+00
    endloop
  endfacet
  facet normal 6.494480e-01 6.139784e-17 -7.604060e-01
    outer loop
      vertex   1.294142e+02 1.100000e+01 -1.414214e+00
      vertex   1.294142e+02 5.500000e+00 -1.414214e+00
      vertex   1.291756e+02 1.100000e+01 -1.618034e+00
    endloop
  endfacet
  facet normal 6.494480e-01 1.534946e-16 -7.604060e-01
    outer loop
      vertex   1.291756e+02 1.100000e+01 -1.618034e+00
      vertex   1.294142e+02 5.500000e+00 -1.414214e+00
      vertex   1.291756e+02 5.500000e+00 -1.618034e+00
    endloop
  endfacet
  facet normal 5.224986e-01 1.721129e-16 -8.526402e-01
    outer loop
      vertex   1.291756e+02 1.100000e+01 -1.618034e+00
      vertex   1.291756e+02 5.500000e+00 -1.618034e+00
      vertex   1.289080e+02 1.100000e+01 -1.782013e+00
    endloop
  endfacet
  facet normal 5.224986e-01 6.884515e-17 -8.526402e-01
    outer loop
      vertex   1.289080e+02 1.100000e+01 -1.782013e+00
      vertex   1.291756e+02 5.500000e+00 -1.618034e+00
      vertex   1.289080e+02 5.500000e+00 -1.782013e+00
    endloop
  endfacet
  facet normal 3.826834e-01 7.459726e-17 -9.238795e-01
    outer loop
      vertex   1.289080e+02 1.100000e+01 -1.782013e+00
      vertex   1.289080e+02 5.500000e+00 -1.782013e+00
      vertex   1.286180e+02 1.100000e+01 -1.902113e+00
    endloop
  endfacet
  facet normal 3.826834e-01 0.000000e+00 -9.238795e-01
    outer loop
      vertex   1.286180e+02 1.100000e+01 -1.902113e+00
      vertex   1.289080e+02 5.500000e+00 -1.782013e+00
      vertex   1.286180e+02 5.500000e+00 -1.902113e+00
    endloop
  endfacet
  facet normal 2.334454e-01 0.000000e+00 -9.723699e-01
    outer loop
      vertex   1.286180e+02 1.100000e+01 -1.902113e+00
      vertex   1.286180e+02 5.500000e+00 -1.902113e+00
      vertex   1.283129e+02 1.100000e+01 -1.975377e+00
    endloop
  endfacet
  facet normal 2.334454e-01 0.000000e+00 -9.723699e-01
    outer loop
      vertex   1.283129e+02 1.100000e+01 -1.975377e+00
      vertex   1.286180e+02 5.500000e+00 -1.902113e+00
      vertex   1.283129e+02 5.500000e+00 -1.975377e+00
    endloop
  endfacet
  facet normal 8.526402e-01 2.411990e-17 -5.224986e-01
    outer loop
      vertex   1.296180e+02 1.650000e+01 -1.175571e+00
      vertex   1.297820e+02 1.650000e+01 -9.079810e-01
      vertex   1.297820e+02 1.100000e+01 -9.079810e-01
    endloop
  endfacet
  facet normal 9.238795e-01 1.544960e-17 -3.826834e-01
    outer loop
      vertex   1.297820e+02 1.100000e+01 -9.079810e-01
      vertex   1.297820e+02 1.650000e+01 -9.079810e-01
      vertex   1.299021e+02 1.100000e+01 -6.180340e-01
    endloop
  endfacet
  facet normal 8.526402e-01 6.328254e-17 -5.224986e-01
    outer loop
      vertex   1.296180e+02 1.650000e+01 -1.175571e+00
      vertex   1.297820e+02 1.100000e+01 -9.079810e-01
      vertex   1.296180e+02 1.100000e+01 -1.175571e+00
    endloop
  endfacet
  facet normal 7.604060e-01 8.039967e-17 -6.494480e-01
    outer loop
      vertex   1.294142e+02 1.650000e+01 -1.414214e+00
      vertex   1.296180e+02 1.650000e+01 -1.175571e+00
      vertex   1.296180e+02 1.100000e+01 -1.175571e+00
    endloop
  endfacet
  facet normal 7.604060e-01 5.243871e-17 -6.494480e-01
    outer loop
      vertex   1.294142e+02 1.650000e+01 -1.414214e+00
      vertex   1.296180e+02 1.100000e+01 -1.175571e+00
      vertex   1.294142e+02 1.100000e+01 -1.414214e+00
    endloop
  endfacet
  facet normal 6.494480e-01 6.029975e-17 -7.604060e-01
    outer loop
      vertex   1.291756e+02 1.650000e+01 -1.618034e+00
      vertex   1.294142e+02 1.650000e+01 -1.414214e+00
      vertex   1.294142e+02 1.100000e+01 -1.414214e+00
    endloop
  endfacet
  facet normal 6.494480e-01 9.209675e-17 -7.604060e-01
    outer loop
      vertex   1.291756e+02 1.650000e+01 -1.618034e+00
      vertex   1.294142e+02 1.100000e+01 -1.414214e+00
      vertex   1.291756e+02 1.100000e+01 -1.618034e+00
    endloop
  endfacet
  facet normal 5.224986e-01 1.004996e-16 -8.526402e-01
    outer loop
      vertex   1.289080e+02 1.650000e+01 -1.782013e+00
      vertex   1.291756e+02 1.650000e+01 -1.618034e+00
      vertex   1.291756e+02 1.100000e+01 -1.618034e+00
    endloop
  endfacet
  facet normal 5.224986e-01 6.884515e-17 -8.526402e-01
    outer loop
      vertex   1.289080e+02 1.650000e+01 -1.782013e+00
      vertex   1.291756e+02 1.100000e+01 -1.618034e+00
      vertex   1.289080e+02 1.100000e+01 -1.782013e+00
    endloop
  endfacet
  facet normal 3.826834e-01 7.235970e-17 -9.238795e-01
    outer loop
      vertex   1.286180e+02 1.650000e+01 -1.902113e+00
      vertex   1.289080e+02 1.650000e+01 -1.782013e+00
      vertex   1.289080e+02 1.100000e+01 -1.782013e+00
    endloop
  endfacet
  facet normal 3.826834e-01 7.459726e-17 -9.238795e-01
    outer loop
      vertex   1.286180e+02 1.650000e+01 -1.902113e+00
      vertex   1.289080e+02 1.100000e+01 -1.782013e+00
      vertex   1.286180e+02 1.100000e+01 -1.902113e+00
    endloop
  endfacet
  facet normal 2.334454e-01 7.838968e-17 -9.723699e-01
    outer loop
      vertex   1.283129e+02 1.650000e+01 -1.975377e+00
      vertex   1.286180e+02 1.650000e+01 -1.902113e+00
      vertex   1.286180e+02 1.100000e+01 -1.902113e+00
    endloop
  endfacet
  facet normal 2.334454e-01 7.851255e-17 -9.723699e-01
    outer loop
      vertex   1.283129e+02 1.650000e+01 -1.975377e+00
      vertex   1.286180e+02 1.100000e+01 -1.902113e+00
      vertex   1.283129e+02 1.100000e+01 -1.975377e+00
    endloop
  endfacet
  facet normal 0.000000e+00 0.000000e+00 -1.000000e+00
    outer loop
      vertex   1.139712e+02 1.233800e+01 -2.000000e+00
      vertex   1.280000e+02 2.200000e+01 -2.000000e+00
      vertex   1.140000e+02 1.200000e+01 -2.000000e+00
    endloop
  endfacet
  facet normal 0.000000e+00 0.000000e+00 -1.000000e+00
    outer loop
      vertex   1.140000e+02 1.200000e+01 -2.000000e+00
      vertex   1.280000e+02 2.200000e+01 -2.000000e+00
      vertex   1.280000e+02 0.000000e+00 -2.000000e+00
    endloop
  endfacet
  facet normal 0.000000e+00 -0.000000e+00 -1.000000e+00
    outer loop
      vertex   1.140000e+02 1.200000e+01 -2.000000e+00
      vertex   1.280000e+02 0.000000e+00 -2.000000e+00
      vertex   1.139712e+02 1.166200e+01 -2.000000e+00
    endloop
  endfacet
  facet normal 0.000000e+00 -0.000000e+00 -1.000000e+00
    outer loop
      vertex   1.139712e+02 1.166200e+01 -2.000000e+00
      vertex   1.280000e+02 0.000000e+00 -2.000000e+00
      vertex   1.138858e+02 1.133372e+01 -2.000000e+00
    endloop
  endfacet
  facet normal 0.000000e+00 -0.000000e+00 -1.000000e+00
    outer loop
      vertex   1.138858e+02 1.133372e+01 -2.000000e+00
      vertex   1.280000e+02 0.000000e+00 -2.000000e+00
      vertex   1.137460e+02 1.102461e+01 -2.000000e+00
    endloop
  endfacet
  facet normal 0.000000e+00 -0.000000e+00 -1.000000e+00
    outer loop
      vertex   1.137460e+02 1.102461e+01 -2.000000e+00
      vertex   1.280000e+02 0.000000e+00 -2.000000e+00
      vertex   1.135561e+02 1.074356e+01 -2.000000e+00
    endloop
  endfacet
  facet normal 0.000000e+00 -0.000000e+00 -1.000000e+00
    outer loop
      vertex   1.135561e+02 1.074356e+01 -2.000000e+00
      vertex   1.280000e+02 0.000000e+00 -2.000000e+00
      vertex   1.135000e+02 0.000000e+00 -2.000000e+00
    endloop
  endfacet
  facet normal 0.000000e+00 0.000000e+00 -1.000000e+00
    outer loop
      vertex   1.135561e+02 1.074356e+01 -2.000000e+00
      vertex   1.135000e+02 0.000000e+00 -2.000000e+00
      vertex   1.133214e+02 1.049866e+01 -2.000000e+00
    endloop
  endfacet
  facet normal 0.000000e+00 -0.000000e+00 -1.000000e+00
    outer loop
      vertex   1.133214e+02 1.049866e+01 -2.000000e+00
      vertex   1.135000e+02 0.000000e+00 -2.000000e+00
      vertex   1.130486e+02 1.029694e+01 -2.000000e+00
    endloop
  endfacet
  facet normal 0.000000e+00 -0.000000e+00 -1.000000e+00
    outer loop
      vertex   1.130486e+02 1.029694e+01 -2.000000e+00
      vertex   1.135000e+02 0.000000e+00 -2.000000e+00
      vertex   1.127457e+02 1.014422e+01 -2.000000e+00
    endloop
  endfacet
  facet normal 0.000000e+00 -0.000000e+00 -1.000000e+00
    outer loop
      vertex   1.127457e+02 1.014422e+01 -2.000000e+00
      vertex   1.135000e+02 0.000000e+00 -2.000000e+00
      vertex   1.124214e+02 1.004489e+01 -2.000000e+00
    endloop
  endfacet
  facet normal 0.000000e+00 0.000000e+00 -1.000000e+00
    outer loop
      vertex   1.124214e+02 1.004489e+01 -2.000000e+00
      vertex   1.135000e+02 0.000000e+00 -2.000000e+00
      vertex   1.126171e+02 2.890454e-02 -2.000000e+00
    endloop
  endfacet
  facet normal 0.000000e+00 -0.000000e+00 -1.000000e+00
    outer loop
      vertex   1.124214e+02 1.004489e+01 -2.000000e+00
      vertex   1.126171e+02 2.890454e-02 -2.000000e+00
      vertex   1.120849e+02 1.000180e+01 -2.000000e+00
    endloop
  endfacet
  facet normal 0.000000e+00 -0.000000e+00 -1.000000e+00
    outer loop
      vertex   1.120849e+02 1.000180e+01 -2.000000e+00
      vertex   1.126171e+02 2.890454e-02 -2.000000e+00
      vertex   1.117379e+02 1.154944e-01 -2.000000e+00
    endloop
  endfacet
  facet normal 0.000000e+00 0.000000e+00 -1.000000e+00
    outer loop
      vertex   1.120849e+02 1.000180e+01 -2.000000e+00
      vertex   1.117379e+02 1.154944e-01 -2.000000e+00
      vertex   1.108663e+02 2.593987e-01 -2.000000e+00
    endloop
  endfacet
  facet normal 0.000000e+00 0.000000e+00 -1.000000e+00
    outer loop
      vertex   1.139712e+02 1.233800e+01 -2.000000e+00
      vertex   1.138858e+02 1.266628e+01 -2.000000e+00
      vertex   1.280000e+02 2.200000e+01 -2.000000e+00
    endloop
  endfacet
  facet normal 0.000000e+00 0.000000e+00 -1.000000e+00
    outer loop
      vertex   1.280000e+02 2.200000e+01 -2.000000e+00
      vertex   1.138858e+02 1.266628e+01 -2.000000e+00
      vertex   1.137460e+02 1.297539e+01 -2.000000e+00
    endloop
  endfacet
  facet normal 0.000000e+00 0.000000e+00 -1.000000e+00
    outer loop
      vertex   1.280000e+02 2.200000e+01 -2.000000e+00
      vertex   1.137460e+02 1.297539e+01 -2.000000e+00
      vertex   1.135561e+02 1.325644e+01 -2.000000e+00
    endloop
  endfacet
  facet normal 0.000000e+00 0.000000e+00 -1.000000e+00
    outer loop
      vertex   1.135561e+02 1.325644e+01 -2.000000e+00
      vertex   1.133214e+02 1.350134e+01 -2.000000e+00
      vertex   1.280000e+02 2.200000e+01 -2.000000e+00
    endloop
  endfacet
  facet normal -0.000000e+00 0.000000e+00 -1.000000e+00
    outer loop
      vertex   1.280000e+02 2.200000e+01 -2.000000e+00
      vertex   1.133214e+02 1.350134e+01 -2.000000e+00
      vertex   1.220000e+02 2.800000e+01 -2.000000e+00
    endloop
  endfacet
  facet normal 0.000000e+00 0.000000e+00 -1.000000e+00
    outer loop
      vertex   1.220000e+02 2.800000e+01 -2.000000e+00
      vertex   1.133214e+02 1.350134e+01 -2.000000e+00
      vertex   1.130486e+02 1.370306e+01 -2.000000e+00
    endloop
  endfacet
  facet normal 0.000000e+00 0.000000e+00 -1.000000e+00
    outer loop
      vertex   1.220000e+02 2.800000e+01 -2.000000e+00
      vertex   1.130486e+02 1.370306e+01 -2.000000e+00
      vertex   1.127457e+02 1.385578e+01 -2.000000e+00
    endloop
  endfacet
  facet normal 0.000000e+00 0.000000e+00 -1.000000e+00
    outer loop
      vertex   1.127457e+02 1.385578e+01 -2.000000e+00
      vertex   1.124214e+02 1.395511e+01 -2.000000e+00
      vertex   1.220000e+02 2.800000e+01 -2.000000e+00
    endloop
  endfacet
  facet normal 0.000000e+00 0.000000e+00 -1.000000e+00
    outer loop
      vertex   1.220000e+02 2.800000e+01 -2.000000e+00
      vertex   1.124214e+02 1.395511e+01 -2.000000e+00
      vertex   1.120849e+02 1.399820e+01 -2.000000e+00
    endloop
  endfacet
  facet normal 0.000000e+00 0.000000e+00 -1.000000e+00
    outer loop
      vertex   1.220000e+02 2.800000e+01 -2.000000e+00
      vertex   1.120849e+02 1.399820e+01 -2.000000e+00
      vertex   1.117460e+02 1.398380e+01 -2.000000e+00
    endloop
  endfacet
  facet normal -0.000000e+00 0.000000e+00 -1.000000e+00
    outer loop
      vertex   1.220000e+02 2.800000e+01 -2.000000e+00
      vertex   1.117460e+02 1.398380e+01 -2.000000e+00
      vertex   1.000000e+02 2.800000e+01 -2.000000e+00
    endloop
  endfacet
  facet normal 0.000000e+00 0.000000e+00 -1.000000e+00
    outer loop
      vertex   1.000000e+02 2.800000e+01 -2.000000e+00
      vertex   1.117460e+02 1.398380e+01 -2.000000e+00
      vertex   1.114144e+02 1.391233e+01 -2.000000e+00
    endloop
  endfacet
  facet normal 0.000000e+00 0.000000e+00 -1.000000e+00
    outer loop
      vertex   1.000000e+02 2.800000e+01 -2.000000e+00
      vertex   1.114144e+02 1.391233e+01 -2.000000e+00
      vertex   1.110996e+02 1.378585e+01 -2.000000e+00
    endloop
  endfacet
  facet normal -0.000000e+00 0.000000e+00 -1.000000e+00
    outer loop
      vertex   1.110996e+02 1.378585e+01 -2.000000e+00
      vertex   1.108107e+02 1.360799e+01 -2.000000e+00
      vertex   1.000000e+02 2.800000e+01 -2.000000e+00
    endloop
  endfacet
  facet normal 0.000000e+00 0.000000e+00 -1.000000e+00
    outer loop
      vertex   1.000000e+02 2.800000e+01 -2.000000e+00
      vertex   1.108107e+02 1.360799e+01 -2.000000e+00
      vertex   1.000000e+02 1.350000e+01 -2.000000e+00
    endloop
  endfacet
  facet normal 0.000000e+00 0.000000e+00 -1.000000e+00
    outer loop
      vertex   1.000000e+02 1.350000e+01 -2.000000e+00
      vertex   1.108107e+02 1.360799e+01 -2.000000e+00
      vertex   1.105561e+02 1.338388e+01 -2.000000e+00
    endloop
  endfacet
  facet normal 0.000000e+00 0.000000e+00 -1.000000e+00
    outer loop
      vertex   1.000000e+02 1.350000e+01 -2.000000e+00
      vertex   1.105561e+02 1.338388e+01 -2.000000e+00
      vertex   1.103430e+02 1.311995e+01 -2.000000e+00
    endloop
  endfacet
  facet normal -0.000000e+00 0.000000e+00 -1.000000e+00
    outer loop
      vertex   1.103430e+02 1.311995e+01 -2.000000e+00
      vertex   1.101775e+02 1.282380e+01 -2.000000e+00
      vertex   1.000000e+02 1.350000e+01 -2.000000e+00
    endloop
  endfacet
  facet normal 0.000000e+00 0.000000e+00 -1.000000e+00
    outer loop
      vertex   1.000000e+02 1.350000e+01 -2.000000e+00
      vertex   1.101775e+02 1.282380e+01 -2.000000e+00
      vertex   1.100645e+02 1.250396e+01 -2.000000e+00
    endloop
  endfacet
  facet normal 0.000000e+00 0.000000e+00 -1.000000e+00
    outer loop
      vertex   1.000000e+02 1.350000e+01 -2.000000e+00
      vertex   1.100645e+02 1.250396e+01 -2.000000e+00
      vertex   1.000289e+02 1.261706e+01 -2.000000e+00
    endloop
  endfacet
  facet normal 0.000000e+00 0.000000e+00 -1.000000e+00
    outer loop
      vertex   1.000289e+02 1.261706e+01 -2.000000e+00
      vertex   1.100645e+02 1.250396e+01 -2.000000e+00
      vertex   1.100072e+02 1.216961e+01 -2.000000e+00
    endloop
  endfacet
  facet normal 0.000000e+00 0.000000e+00 -1.000000e+00
    outer loop
      vertex   1.000289e+02 1.261706e+01 -2.000000e+00
      vertex   1.100072e+02 1.216961e+01 -2.000000e+00
      vertex   1.001155e+02 1.173790e+01 -2.000000e+00
    endloop
  endfacet
  facet normal 0.000000e+00 0.000000e+00 -1.000000e+00
    outer loop
      vertex   1.001155e+02 1.173790e+01 -2.000000e+00
      vertex   1.100072e+02 1.216961e+01 -2.000000e+00
      vertex   1.002594e+02 1.086628e+01 -2.000000e+00
    endloop
  endfacet
  facet normal 0.000000e+00 0.000000e+00 -1.000000e+00
    outer loop
      vertex   1.002594e+02 1.086628e+01 -2.000000e+00
      vertex   1.100072e+02 1.216961e+01 -2.000000e+00
      vertex   1.100072e+02 1.183039e+01 -2.000000e+00
    endloop
  endfacet
  facet normal 0.000000e+00 0.000000e+00 -1.000000e+00
    outer loop
      vertex   1.002594e+02 1.086628e+01 -2.000000e+00
      vertex   1.100072e+02 1.183039e+01 -2.000000e+00
      vertex   1.004600e+02 1.000594e+01 -2.000000e+00
    endloop
  endfacet
  facet normal 0.000000e+00 0.000000e+00 -1.000000e+00
    outer loop
      vertex   1.004600e+02 1.000594e+01 -2.000000e+00
      vertex   1.100072e+02 1.183039e+01 -2.000000e+00
      vertex   1.007164e+02 9.160567e+00 -2.000000e+00
    endloop
  endfacet
  facet normal 0.000000e+00 0.000000e+00 -1.000000e+00
    outer loop
      vertex   1.007164e+02 9.160567e+00 -2.000000e+00
      vertex   1.100072e+02 1.183039e+01 -2.000000e+00
      vertex   1.100645e+02 1.149604e+01 -2.000000e+00
    endloop
  endfacet
  facet normal 0.000000e+00 0.000000e+00 -1.000000e+00
    outer loop
      vertex   1.007164e+02 9.160567e+00 -2.000000e+00
      vertex   1.100645e+02 1.149604e+01 -2.000000e+00
      vertex   1.010276e+02 8.333774e+00 -2.000000e+00
    endloop
  endfacet
  facet normal 0.000000e+00 0.000000e+00 -1.000000e+00
    outer loop
      vertex   1.010276e+02 8.333774e+00 -2.000000e+00
      vertex   1.100645e+02 1.149604e+01 -2.000000e+00
      vertex   1.013922e+02 7.529103e+00 -2.000000e+00
    endloop
  endfacet
  facet normal 0.000000e+00 0.000000e+00 -1.000000e+00
    outer loop
      vertex   1.013922e+02 7.529103e+00 -2.000000e+00
      vertex   1.100645e+02 1.149604e+01 -2.000000e+00
      vertex   1.101775e+02 1.117620e+01 -2.000000e+00
    endloop
  endfacet
  facet normal 0.000000e+00 0.000000e+00 -1.000000e+00
    outer loop
      vertex   1.013922e+02 7.529103e+00 -2.000000e+00
      vertex   1.101775e+02 1.117620e+01 -2.000000e+00
      vertex   1.018087e+02 6.750000e+00 -2.000000e+00
    endloop
  endfacet
  facet normal 0.000000e+00 0.000000e+00 -1.000000e+00
    outer loop
      vertex   1.018087e+02 6.750000e+00 -2.000000e+00
      vertex   1.101775e+02 1.117620e+01 -2.000000e+00
      vertex   1.022752e+02 5.999802e+00 -2.000000e+00
    endloop
  endfacet
  facet normal 0.000000e+00 0.000000e+00 -1.000000e+00
    outer loop
      vertex   1.022752e+02 5.999802e+00 -2.000000e+00
      vertex   1.101775e+02 1.117620e+01 -2.000000e+00
      vertex   1.103430e+02 1.088005e+01 -2.000000e+00
    endloop
  endfacet
  facet normal 0.000000e+00 0.000000e+00 -1.000000e+00
    outer loop
      vertex   1.022752e+02 5.999802e+00 -2.000000e+00
      vertex   1.103430e+02 1.088005e+01 -2.000000e+00
      vertex   1.027897e+02 5.281721e+00 -2.000000e+00
    endloop
  endfacet
  facet normal 0.000000e+00 0.000000e+00 -1.000000e+00
    outer loop
      vertex   1.027897e+02 5.281721e+00 -2.000000e+00
      vertex   1.103430e+02 1.088005e+01 -2.000000e+00
      vertex   1.033502e+02 4.598831e+00 -2.000000e+00
    endloop
  endfacet
  facet normal 0.000000e+00 0.000000e+00 -1.000000e+00
    outer loop
      vertex   1.033502e+02 4.598831e+00 -2.000000e+00
      vertex   1.103430e+02 1.088005e+01 -2.000000e+00
      vertex   1.105561e+02 1.061612e+01 -2.000000e+00
    endloop
  endfacet
  facet normal 0.000000e+00 0.000000e+00 -1.000000e+00
    outer loop
      vertex   1.033502e+02 4.598831e+00 -2.000000e+00
      vertex   1.105561e+02 1.061612e+01 -2.000000e+00
      vertex   1.039541e+02 3.954058e+00 -2.000000e+00
    endloop
  endfacet
  facet normal 0.000000e+00 0.000000e+00 -1.000000e+00
    outer loop
      vertex   1.039541e+02 3.954058e+00 -2.000000e+00
      vertex   1.105561e+02 1.061612e+01 -2.000000e+00
      vertex   1.045988e+02 3.350163e+00 -2.000000e+00
    endloop
  endfacet
  facet normal 0.000000e+00 0.000000e+00 -1.000000e+00
    outer loop
      vertex   1.045988e+02 3.350163e+00 -2.000000e+00
      vertex   1.105561e+02 1.061612e+01 -2.000000e+00
      vertex   1.108107e+02 1.039201e+01 -2.000000e+00
    endloop
  endfacet
  facet normal 0.000000e+00 0.000000e+00 -1.000000e+00
    outer loop
      vertex   1.045988e+02 3.350163e+00 -2.000000e+00
      vertex   1.108107e+02 1.039201e+01 -2.000000e+00
      vertex   1.052817e+02 2.789730e+00 -2.000000e+00
    endloop
  endfacet
  facet normal 0.000000e+00 0.000000e+00 -1.000000e+00
    outer loop
      vertex   1.052817e+02 2.789730e+00 -2.000000e+00
      vertex   1.108107e+02 1.039201e+01 -2.000000e+00
      vertex   1.059998e+02 2.275160e+00 -2.000000e+00
    endloop
  endfacet
  facet normal 0.000000e+00 0.000000e+00 -1.000000e+00
    outer loop
      vertex   1.059998e+02 2.275160e+00 -2.000000e+00
      vertex   1.108107e+02 1.039201e+01 -2.000000e+00
      vertex   1.110996e+02 1.021415e+01 -2.000000e+00
    endloop
  endfacet
  facet normal 0.000000e+00 0.000000e+00 -1.000000e+00
    outer loop
      vertex   1.059998e+02 2.275160e+00 -2.000000e+00
      vertex   1.110996e+02 1.021415e+01 -2.000000e+00
      vertex   1.067500e+02 1.808657e+00 -2.000000e+00
    endloop
  endfacet
  facet normal 0.000000e+00 0.000000e+00 -1.000000e+00
    outer loop
      vertex   1.067500e+02 1.808657e+00 -2.000000e+00
      vertex   1.110996e+02 1.021415e+01 -2.000000e+00
      vertex   1.075291e+02 1.392218e+00 -2.000000e+00
    endloop
  endfacet
  facet normal 0.000000e+00 0.000000e+00 -1.000000e+00
    outer loop
      vertex   1.075291e+02 1.392218e+00 -2.000000e+00
      vertex   1.110996e+02 1.021415e+01 -2.000000e+00
      vertex   1.114144e+02 1.008767e+01 -2.000000e+00
    endloop
  endfacet
  facet normal 0.000000e+00 0.000000e+00 -1.000000e+00
    outer loop
      vertex   1.075291e+02 1.392218e+00 -2.000000e+00
      vertex   1.114144e+02 1.008767e+01 -2.000000e+00
      vertex   1.083338e+02 1.027626e+00 -2.000000e+00
    endloop
  endfacet
  facet normal 0.000000e+00 0.000000e+00 -1.000000e+00
    outer loop
      vertex   1.083338e+02 1.027626e+00 -2.000000e+00
      vertex   1.114144e+02 1.008767e+01 -2.000000e+00
      vertex   1.091606e+02 7.164433e-01 -2.000000e+00
    endloop
  endfacet
  facet normal 0.000000e+00 0.000000e+00 -1.000000e+00
    outer loop
      vertex   1.091606e+02 7.164433e-01 -2.000000e+00
      vertex   1.114144e+02 1.008767e+01 -2.000000e+00
      vertex   1.117460e+02 1.001620e+01 -2.000000e+00
    endloop
  endfacet
  facet normal 0.000000e+00 0.000000e+00 -1.000000e+00
    outer loop
      vertex   1.091606e+02 7.164433e-01 -2.000000e+00
      vertex   1.117460e+02 1.001620e+01 -2.000000e+00
      vertex   1.100059e+02 4.600013e-01 -2.000000e+00
    endloop
  endfacet
  facet normal 0.000000e+00 0.000000e+00 -1.000000e+00
    outer loop
      vertex   1.100059e+02 4.600013e-01 -2.000000e+00
      vertex   1.117460e+02 1.001620e+01 -2.000000e+00
      vertex   1.108663e+02 2.593987e-01 -2.000000e+00
    endloop
  endfacet
  facet normal 0.000000e+00 0.000000e+00 -1.000000e+00
    outer loop
      vertex   1.108663e+02 2.593987e-01 -2.000000e+00
      vertex   1.117460e+02 1.001620e+01 -2.000000e+00
      vertex   1.120849e+02 1.000180e+01 -2.000000e+00
    endloop
  endfacet
  facet normal -6.188636e-18 9.996544e-01 -2.628872e-02
    outer loop
      vertex   1.047161e+02 3.000000e+01 -1.110223e-15
      vertex   1.050538e+02 2.999693e+01 -1.165991e-01
      vertex   1.000000e+02 3.000000e+01 0.000000e+00
    endloop
  endfacet
  facet normal -1.205322e-03 9.969166e-01 -7.845904e-02
    outer loop
      vertex   1.000000e+02 3.000000e+01 0.000000e+00
      vertex   1.050538e+02 2.999693e+01 -1.165991e-01
      vertex   1.000000e+02 2.997538e+01 -3.128689e-01
    endloop
  endfacet
  facet normal -1.260086e-03 9.970256e-01 -7.706090e-02
    outer loop
      vertex   1.000000e+02 2.997538e+01 -3.128689e-01
      vertex   1.050538e+02 2.999693e+01 -1.165991e-01
      vertex   1.053977e+02 2.998954e+01 -2.179115e-01
    endloop
  endfacet
  facet normal -4.940080e-04 9.927769e-01 -1.199740e-01
    outer loop
      vertex   1.000000e+02 2.997538e+01 -3.128689e-01
      vertex   1.053977e+02 2.998954e+01 -2.179115e-01
      vertex   1.057464e+02 2.997933e+01 -3.038231e-01
    endloop
  endfacet
  facet normal -4.041150e-18 9.163431e-01 -4.003939e-01
    outer loop
      vertex   1.000000e+02 2.997538e+01 -3.128689e-01
      vertex   1.057464e+02 2.997933e+01 -3.038231e-01
      vertex   1.055000e+02 2.997538e+01 -3.128689e-01
    endloop
  endfacet
  facet normal -8.281588e-03 9.792806e-01 -2.023384e-01
    outer loop
      vertex   1.055000e+02 2.997538e+01 -3.128689e-01
      vertex   1.057464e+02 2.997933e+01 -3.038231e-01
      vertex   1.060980e+02 2.996775e+01 -3.742662e-01
    endloop
  endfacet
  facet normal -1.244543e-18 9.923684e-01 -1.233083e-01
    outer loop
      vertex   1.055000e+02 2.997538e+01 -3.128689e-01
      vertex   1.060980e+02 2.996775e+01 -3.742662e-01
      vertex   1.000000e+02 2.997538e+01 -3.128689e-01
    endloop
  endfacet
  facet normal -1.133932e-03 9.723693e-01 -2.334452e-01
    outer loop
      vertex   1.000000e+02 2.997538e+01 -3.128689e-01
      vertex   1.060980e+02 2.996775e+01 -3.742662e-01
      vertex   1.000000e+02 2.990211e+01 -6.180340e-01
    endloop
  endfacet
  facet normal -1.848719e-03 9.762562e-01 -2.166111e-01
    outer loop
      vertex   1.000000e+02 2.990211e+01 -6.180340e-01
      vertex   1.060980e+02 2.996775e+01 -3.742662e-01
      vertex   1.064508e+02 2.995623e+01 -4.291732e-01
    endloop
  endfacet
  facet normal 1.668201e-17 9.613087e-01 -2.754734e-01
    outer loop
      vertex   1.000000e+02 2.990211e+01 -6.180340e-01
      vertex   1.064508e+02 2.995623e+01 -4.291732e-01
      vertex   1.055000e+02 2.990211e+01 -6.180340e-01
    endloop
  endfacet
  facet normal -2.199335e-03 9.641841e-01 -2.652248e-01
    outer loop
      vertex   1.055000e+02 2.990211e+01 -6.180340e-01
      vertex   1.064508e+02 2.995623e+01 -4.291732e-01
      vertex   1.068032e+02 2.994623e+01 -4.684763e-01
    endloop
  endfacet
  facet normal 1.556139e-04 9.587794e-01 -2.841516e-01
    outer loop
      vertex   1.055000e+02 2.990211e+01 -6.180340e-01
      vertex   1.068032e+02 2.994623e+01 -4.684763e-01
      vertex   1.071535e+02 2.993917e+01 -4.921078e-01
    endloop
  endfacet
  facet normal 7.466588e-04 9.566369e-01 -2.912821e-01
    outer loop
      vertex   1.071535e+02 2.993917e+01 -4.921078e-01
      vertex   1.075000e+02 2.993649e+01 -5.000000e-01
      vertex   1.055000e+02 2.990211e+01 -6.180340e-01
    endloop
  endfacet
  facet normal -5.644790e-18 9.601048e-01 -2.796406e-01
    outer loop
      vertex   1.055000e+02 2.990211e+01 -6.180340e-01
      vertex   1.075000e+02 2.993649e+01 -5.000000e-01
      vertex   1.110000e+02 2.990211e+01 -6.180340e-01
    endloop
  endfacet
  facet normal -7.724800e-18 9.238795e-01 -3.826834e-01
    outer loop
      vertex   1.055000e+02 2.990211e+01 -6.180340e-01
      vertex   1.110000e+02 2.990211e+01 -6.180340e-01
      vertex   1.055000e+02 2.978201e+01 -9.079810e-01
    endloop
  endfacet
  facet normal -3.089920e-17 9.238795e-01 -3.826834e-01
    outer loop
      vertex   1.055000e+02 2.978201e+01 -9.079810e-01
      vertex   1.110000e+02 2.990211e+01 -6.180340e-01
      vertex   1.110000e+02 2.978201e+01 -9.079810e-01
    endloop
  endfacet
  facet normal -4.218836e-17 8.526402e-01 -5.224986e-01
    outer loop
      vertex   1.055000e+02 2.978201e+01 -9.079810e-01
      vertex   1.110000e+02 2.978201e+01 -9.079810e-01
      vertex   1.055000e+02 2.961803e+01 -1.175571e+00
    endloop
  endfacet
  facet normal 0.000000e+00 8.526402e-01 -5.224986e-01
    outer loop
      vertex   1.055000e+02 2.961803e+01 -1.175571e+00
      vertex   1.110000e+02 2.978201e+01 -9.079810e-01
      vertex   1.110000e+02 2.961803e+01 -1.175571e+00
    endloop
  endfacet
  facet normal 0.000000e+00 7.604060e-01 -6.494480e-01
    outer loop
      vertex   1.055000e+02 2.961803e+01 -1.175571e+00
      vertex   1.110000e+02 2.961803e+01 -1.175571e+00
      vertex   1.055000e+02 2.941421e+01 -1.414214e+00
    endloop
  endfacet
  facet normal -2.621935e-17 7.604060e-01 -6.494480e-01
    outer loop
      vertex   1.055000e+02 2.941421e+01 -1.414214e+00
      vertex   1.110000e+02 2.961803e+01 -1.175571e+00
      vertex   1.110000e+02 2.941421e+01 -1.414214e+00
    endloop
  endfacet
  facet normal -3.069892e-17 6.494480e-01 -7.604060e-01
    outer loop
      vertex   1.055000e+02 2.941421e+01 -1.414214e+00
      vertex   1.110000e+02 2.941421e+01 -1.414214e+00
      vertex   1.055000e+02 2.917557e+01 -1.618034e+00
    endloop
  endfacet
  facet normal -6.139784e-17 6.494480e-01 -7.604060e-01
    outer loop
      vertex   1.055000e+02 2.917557e+01 -1.618034e+00
      vertex   1.110000e+02 2.941421e+01 -1.414214e+00
      vertex   1.110000e+02 2.917557e+01 -1.618034e+00
    endloop
  endfacet
  facet normal -6.884515e-17 5.224986e-01 -8.526402e-01
    outer loop
      vertex   1.055000e+02 2.917557e+01 -1.618034e+00
      vertex   1.110000e+02 2.917557e+01 -1.618034e+00
      vertex   1.055000e+02 2.890798e+01 -1.782013e+00
    endloop
  endfacet
  facet normal 0.000000e+00 5.224986e-01 -8.526402e-01
    outer loop
      vertex   1.055000e+02 2.890798e+01 -1.782013e+00
      vertex   1.110000e+02 2.917557e+01 -1.618034e+00
      vertex   1.110000e+02 2.890798e+01 -1.782013e+00
    endloop
  endfacet
  facet normal 0.000000e+00 3.826834e-01 -9.238795e-01
    outer loop
      vertex   1.055000e+02 2.890798e+01 -1.782013e+00
      vertex   1.110000e+02 2.890798e+01 -1.782013e+00
      vertex   1.055000e+02 2.861803e+01 -1.902113e+00
    endloop
  endfacet
  facet normal 3.729863e-17 3.826834e-01 -9.238795e-01
    outer loop
      vertex   1.055000e+02 2.861803e+01 -1.902113e+00
      vertex   1.110000e+02 2.890798e+01 -1.782013e+00
      vertex   1.110000e+02 2.861803e+01 -1.902113e+00
    endloop
  endfacet
  facet normal 3.925627e-17 2.334454e-01 -9.723699e-01
    outer loop
      vertex   1.055000e+02 2.861803e+01 -1.902113e+00
      vertex   1.110000e+02 2.861803e+01 -1.902113e+00
      vertex   1.055000e+02 2.831287e+01 -1.975377e+00
    endloop
  endfacet
  facet normal 0.000000e+00 2.334454e-01 -9.723699e-01
    outer loop
      vertex   1.055000e+02 2.831287e+01 -1.975377e+00
      vertex   1.110000e+02 2.861803e+01 -1.902113e+00
      vertex   1.110000e+02 2.831287e+01 -1.975377e+00
    endloop
  endfacet
  facet normal 0.000000e+00 7.845910e-02 -9.969173e-01
    outer loop
      vertex   1.055000e+02 2.831287e+01 -1.975377e+00
      vertex   1.110000e+02 2.831287e+01 -1.975377e+00
      vertex   1.000000e+02 2.800000e+01 -2.000000e+00
    endloop
  endfacet
  facet normal 0.000000e+00 7.845910e-02 -9.969173e-01
    outer loop
      vertex   1.000000e+02 2.800000e+01 -2.000000e+00
      vertex   1.110000e+02 2.831287e+01 -1.975377e+00
      vertex   1.220000e+02 2.800000e+01 -2.000000e+00
    endloop
  endfacet
  facet normal 0.000000e+00 7.845910e-02 -9.969173e-01
    outer loop
      vertex   1.220000e+02 2.800000e+01 -2.000000e+00
      vertex   1.110000e+02 2.831287e+01 -1.975377e+00
      vertex   1.165000e+02 2.831287e+01 -1.975377e+00
    endloop
  endfacet
  facet normal 2.324736e-04 8.252000e-02 -9.965894e-01
    outer loop
      vertex   1.220000e+02 2.800000e+01 -2.000000e+00
      vertex   1.165000e+02 2.831287e+01 -1.975377e+00
      vertex   1.216720e+02 2.832804e+01 -1.972914e+00
    endloop
  endfacet
  facet normal -2.217748e-04 2.334454e-01 -9.723699e-01
    outer loop
      vertex   1.216720e+02 2.832804e+01 -1.972914e+00
      vertex   1.165000e+02 2.831287e+01 -1.975377e+00
      vertex   1.165000e+02 2.861803e+01 -1.902113e+00
    endloop
  endfacet
  facet normal 4.698393e-04 2.450801e-01 -9.695027e-01
    outer loop
      vertex   1.216720e+02 2.832804e+01 -1.972914e+00
      vertex   1.165000e+02 2.861803e+01 -1.902113e+00
      vertex   1.213528e+02 2.864720e+01 -1.892390e+00
    endloop
  endfacet
  facet normal -4.484422e-04 3.826834e-01 -9.238794e-01
    outer loop
      vertex   1.213528e+02 2.864720e+01 -1.892390e+00
      vertex   1.165000e+02 2.861803e+01 -1.902113e+00
      vertex   1.165000e+02 2.890798e+01 -1.782013e+00
    endloop
  endfacet
  facet normal 7.106534e-04 4.009580e-01 -9.160962e-01
    outer loop
      vertex   1.213528e+02 2.864720e+01 -1.892390e+00
      vertex   1.165000e+02 2.890798e+01 -1.782013e+00
      vertex   1.210512e+02 2.894882e+01 -1.760608e+00
    endloop
  endfacet
  facet normal -5.292410e-04 5.098663e-01 -8.602535e-01
    outer loop
      vertex   1.210512e+02 2.894882e+01 -1.760608e+00
      vertex   1.165000e+02 2.890798e+01 -1.782013e+00
      vertex   1.209095e+02 2.909048e+01 -1.676560e+00
    endloop
  endfacet
  facet normal -1.234130e-03 5.224982e-01 -8.526395e-01
    outer loop
      vertex   1.209095e+02 2.909048e+01 -1.676560e+00
      vertex   1.165000e+02 2.890798e+01 -1.782013e+00
      vertex   1.165000e+02 2.917557e+01 -1.618034e+00
    endloop
  endfacet
  facet normal 3.669609e-04 5.795415e-01 -8.149426e-01
    outer loop
      vertex   1.209095e+02 2.909048e+01 -1.676560e+00
      vertex   1.165000e+02 2.917557e+01 -1.618034e+00
      vertex   1.207753e+02 2.922475e+01 -1.581139e+00
    endloop
  endfacet
  facet normal -8.040635e-04 6.439377e-01 -7.650775e-01
    outer loop
      vertex   1.207753e+02 2.922475e+01 -1.581139e+00
      vertex   1.165000e+02 2.917557e+01 -1.618034e+00
      vertex   1.206493e+02 2.935070e+01 -1.474993e+00
    endloop
  endfacet
  facet normal -1.197682e-03 6.494476e-01 -7.604054e-01
    outer loop
      vertex   1.206493e+02 2.935070e+01 -1.474993e+00
      vertex   1.165000e+02 2.917557e+01 -1.618034e+00
      vertex   1.165000e+02 2.941421e+01 -1.414214e+00
    endloop
  endfacet
  facet normal 4.132185e-04 7.053554e-01 -7.088538e-01
    outer loop
      vertex   1.206493e+02 2.935070e+01 -1.474993e+00
      vertex   1.165000e+02 2.941421e+01 -1.414214e+00
      vertex   1.205325e+02 2.946750e+01 -1.358843e+00
    endloop
  endfacet
  facet normal -1.136335e-03 7.606254e-01 -6.491901e-01
    outer loop
      vertex   1.205325e+02 2.946750e+01 -1.358843e+00
      vertex   1.165000e+02 2.941421e+01 -1.414214e+00
      vertex   1.204257e+02 2.957434e+01 -1.233475e+00
    endloop
  endfacet
  facet normal -1.115509e-03 7.604055e-01 -6.494476e-01
    outer loop
      vertex   1.204257e+02 2.957434e+01 -1.233475e+00
      vertex   1.165000e+02 2.941421e+01 -1.414214e+00
      vertex   1.165000e+02 2.961803e+01 -1.175571e+00
    endloop
  endfacet
  facet normal 4.306315e-04 8.120447e-01 -5.835951e-01
    outer loop
      vertex   1.204257e+02 2.957434e+01 -1.233475e+00
      vertex   1.165000e+02 2.961803e+01 -1.175571e+00
      vertex   1.203295e+02 2.967050e+01 -1.099741e+00
    endloop
  endfacet
  facet normal -1.335339e-03 8.526394e-01 -5.224981e-01
    outer loop
      vertex   1.203295e+02 2.967050e+01 -1.099741e+00
      vertex   1.165000e+02 2.961803e+01 -1.175571e+00
      vertex   1.165000e+02 2.978201e+01 -9.079810e-01
    endloop
  endfacet
  facet normal -8.534237e-04 8.569580e-01 -5.153855e-01
    outer loop
      vertex   1.203295e+02 2.967050e+01 -1.099741e+00
      vertex   1.165000e+02 2.978201e+01 -9.079810e-01
      vertex   1.202447e+02 2.975533e+01 -9.585475e-01
    endloop
  endfacet
  facet normal 4.134134e-04 8.967382e-01 -4.425612e-01
    outer loop
      vertex   1.202447e+02 2.975533e+01 -9.585475e-01
      vertex   1.165000e+02 2.978201e+01 -9.079810e-01
      vertex   1.201717e+02 2.982826e+01 -8.108519e-01
    endloop
  endfacet
  facet normal -1.512363e-03 9.238785e-01 -3.826830e-01
    outer loop
      vertex   1.201717e+02 2.982826e+01 -8.108519e-01
      vertex   1.165000e+02 2.978201e+01 -9.079810e-01
      vertex   1.165000e+02 2.990211e+01 -6.180340e-01
    endloop
  endfacet
  facet normal -6.001323e-04 9.299665e-01 -3.676438e-01
    outer loop
      vertex   1.201717e+02 2.982826e+01 -8.108519e-01
      vertex   1.165000e+02 2.990211e+01 -6.180340e-01
      vertex   1.201112e+02 2.988878e+01 -6.576564e-01
    endloop
  endfacet
  facet normal 3.570002e-04 9.571596e-01 -2.895608e-01
    outer loop
      vertex   1.201112e+02 2.988878e+01 -6.576564e-01
      vertex   1.165000e+02 2.990211e+01 -6.180340e-01
      vertex   1.200635e+02 2.993649e+01 -5.000000e-01
    endloop
  endfacet
  facet normal -3.319404e-14 9.601048e-01 -2.796406e-01
    outer loop
      vertex   1.200635e+02 2.993649e+01 -5.000000e-01
      vertex   1.165000e+02 2.990211e+01 -6.180340e-01
      vertex   1.075000e+02 2.993649e+01 -5.000000e-01
    endloop
  endfacet
  facet normal -1.154494e-17 9.601048e-01 -2.796406e-01
    outer loop
      vertex   1.075000e+02 2.993649e+01 -5.000000e-01
      vertex   1.165000e+02 2.990211e+01 -6.180340e-01
      vertex   1.110000e+02 2.990211e+01 -6.180340e-01
    endloop
  endfacet
  facet normal 8.090217e-17 7.845910e-02 -9.969173e-01
    outer loop
      vertex   1.000000e+02 2.800000e+01 -2.000000e+00
      vertex   1.000000e+02 2.831287e+01 -1.975377e+00
      vertex   1.055000e+02 2.831287e+01 -1.975377e+00
    endloop
  endfacet
  facet normal 7.851255e-17 2.334454e-01 -9.723699e-01
    outer loop
      vertex   1.055000e+02 2.831287e+01 -1.975377e+00
      vertex   1.000000e+02 2.831287e+01 -1.975377e+00
      vertex   1.055000e+02 2.861803e+01 -1.902113e+00
    endloop
  endfacet
  facet normal -3.818985e-17 2.334454e-01 -9.723699e-01
    outer loop
      vertex   1.000000e+02 2.831287e+01 -1.975377e+00
      vertex   1.000000e+02 2.861803e+01 -1.902113e+00
      vertex   1.055000e+02 2.861803e+01 -1.902113e+00
    endloop
  endfacet
  facet normal -3.729863e-17 3.826834e-01 -9.238795e-01
    outer loop
      vertex   1.055000e+02 2.861803e+01 -1.902113e+00
      vertex   1.000000e+02 2.861803e+01 -1.902113e+00
      vertex   1.055000e+02 2.890798e+01 -1.782013e+00
    endloop
  endfacet
  facet normal 7.637969e-17 3.826834e-01 -9.238795e-01
    outer loop
      vertex   1.000000e+02 2.861803e+01 -1.902113e+00
      vertex   1.000000e+02 2.890798e+01 -1.782013e+00
      vertex   1.055000e+02 2.890798e+01 -1.782013e+00
    endloop
  endfacet
  facet normal 6.884515e-17 5.224986e-01 -8.526402e-01
    outer loop
      vertex   1.055000e+02 2.890798e+01 -1.782013e+00
      vertex   1.000000e+02 2.890798e+01 -1.782013e+00
      vertex   1.055000e+02 2.917557e+01 -1.618034e+00
    endloop
  endfacet
  facet normal 1.366794e-16 5.224986e-01 -8.526402e-01
    outer loop
      vertex   1.000000e+02 2.890798e+01 -1.782013e+00
      vertex   1.000000e+02 2.917557e+01 -1.618034e+00
      vertex   1.055000e+02 2.917557e+01 -1.618034e+00
    endloop
  endfacet
  facet normal 1.227957e-16 6.494480e-01 -7.604060e-01
    outer loop
      vertex   1.055000e+02 2.917557e+01 -1.618034e+00
      vertex   1.000000e+02 2.917557e+01 -1.618034e+00
      vertex   1.055000e+02 2.941421e+01 -1.414214e+00
    endloop
  endfacet
  facet normal 9.245963e-17 6.494480e-01 -7.604060e-01
    outer loop
      vertex   1.000000e+02 2.917557e+01 -1.618034e+00
      vertex   1.000000e+02 2.941421e+01 -1.414214e+00
      vertex   1.055000e+02 2.941421e+01 -1.414214e+00
    endloop
  endfacet
  facet normal 7.865806e-17 7.604060e-01 -6.494480e-01
    outer loop
      vertex   1.055000e+02 2.941421e+01 -1.414214e+00
      vertex   1.000000e+02 2.941421e+01 -1.414214e+00
      vertex   1.055000e+02 2.961803e+01 -1.175571e+00
    endloop
  endfacet
  facet normal -2.813989e-17 7.604060e-01 -6.494480e-01
    outer loop
      vertex   1.000000e+02 2.941421e+01 -1.414214e+00
      vertex   1.000000e+02 2.961803e+01 -1.175571e+00
      vertex   1.055000e+02 2.961803e+01 -1.175571e+00
    endloop
  endfacet
  facet normal -2.109418e-17 8.526402e-01 -5.224986e-01
    outer loop
      vertex   1.055000e+02 2.961803e+01 -1.175571e+00
      vertex   1.000000e+02 2.961803e+01 -1.175571e+00
      vertex   1.055000e+02 2.978201e+01 -9.079810e-01
    endloop
  endfacet
  facet normal 7.637969e-17 8.526402e-01 -5.224986e-01
    outer loop
      vertex   1.000000e+02 2.961803e+01 -1.175571e+00
      vertex   1.000000e+02 2.978201e+01 -9.079810e-01
      vertex   1.055000e+02 2.978201e+01 -9.079810e-01
    endloop
  endfacet
  facet normal 5.407360e-17 9.238795e-01 -3.826834e-01
    outer loop
      vertex   1.055000e+02 2.978201e+01 -9.079810e-01
      vertex   1.000000e+02 2.978201e+01 -9.079810e-01
      vertex   1.055000e+02 2.990211e+01 -6.180340e-01
    endloop
  endfacet
  facet normal 2.009992e-17 9.238795e-01 -3.826834e-01
    outer loop
      vertex   1.000000e+02 2.978201e+01 -9.079810e-01
      vertex   1.000000e+02 2.990211e+01 -6.180340e-01
      vertex   1.055000e+02 2.990211e+01 -6.180340e-01
    endloop
  endfacet
  facet normal -1.607994e-17 9.238795e-01 -3.826834e-01
    outer loop
      vertex   1.110000e+02 2.978201e+01 -9.079810e-01
      vertex   1.110000e+02 2.990211e+01 -6.180340e-01
      vertex   1.165000e+02 2.990211e+01 -6.180340e-01
    endloop
  endfacet
  facet normal -2.009992e-17 8.526402e-01 -5.224986e-01
    outer loop
      vertex   1.110000e+02 2.961803e+01 -1.175571e+00
      vertex   1.110000e+02 2.978201e+01 -9.079810e-01
      vertex   1.165000e+02 2.978201e+01 -9.079810e-01
    endloop
  endfacet
  facet normal -1.544960e-17 9.238795e-01 -3.826834e-01
    outer loop
      vertex   1.165000e+02 2.978201e+01 -9.079810e-01
      vertex   1.110000e+02 2.978201e+01 -9.079810e-01
      vertex   1.165000e+02 2.990211e+01 -6.180340e-01
    endloop
  endfacet
  facet normal 2.813989e-17 7.604060e-01 -6.494480e-01
    outer loop
      vertex   1.110000e+02 2.941421e+01 -1.414214e+00
      vertex   1.110000e+02 2.961803e+01 -1.175571e+00
      vertex   1.165000e+02 2.961803e+01 -1.175571e+00
    endloop
  endfacet
  facet normal 2.109418e-17 8.526402e-01 -5.224986e-01
    outer loop
      vertex   1.165000e+02 2.961803e+01 -1.175571e+00
      vertex   1.110000e+02 2.961803e+01 -1.175571e+00
      vertex   1.165000e+02 2.978201e+01 -9.079810e-01
    endloop
  endfacet
  facet normal -6.029976e-17 6.494480e-01 -7.604060e-01
    outer loop
      vertex   1.110000e+02 2.917557e+01 -1.618034e+00
      vertex   1.110000e+02 2.941421e+01 -1.414214e+00
      vertex   1.165000e+02 2.941421e+01 -1.414214e+00
    endloop
  endfacet
  facet normal -5.243871e-17 7.604060e-01 -6.494480e-01
    outer loop
      vertex   1.165000e+02 2.941421e+01 -1.414214e+00
      vertex   1.110000e+02 2.941421e+01 -1.414214e+00
      vertex   1.165000e+02 2.961803e+01 -1.175571e+00
    endloop
  endfacet
  facet normal -3.215987e-17 5.224986e-01 -8.526402e-01
    outer loop
      vertex   1.110000e+02 2.890798e+01 -1.782013e+00
      vertex   1.110000e+02 2.917557e+01 -1.618034e+00
      vertex   1.165000e+02 2.917557e+01 -1.618034e+00
    endloop
  endfacet
  facet normal -3.069892e-17 6.494480e-01 -7.604060e-01
    outer loop
      vertex   1.165000e+02 2.917557e+01 -1.618034e+00
      vertex   1.110000e+02 2.917557e+01 -1.618034e+00
      vertex   1.165000e+02 2.941421e+01 -1.414214e+00
    endloop
  endfacet
  facet normal -3.617985e-17 3.826834e-01 -9.238795e-01
    outer loop
      vertex   1.110000e+02 2.861803e+01 -1.902113e+00
      vertex   1.110000e+02 2.890798e+01 -1.782013e+00
      vertex   1.165000e+02 2.890798e+01 -1.782013e+00
    endloop
  endfacet
  facet normal -3.442258e-17 5.224986e-01 -8.526402e-01
    outer loop
      vertex   1.165000e+02 2.890798e+01 -1.782013e+00
      vertex   1.110000e+02 2.890798e+01 -1.782013e+00
      vertex   1.165000e+02 2.917557e+01 -1.618034e+00
    endloop
  endfacet
  facet normal 4.019984e-17 2.334454e-01 -9.723699e-01
    outer loop
      vertex   1.110000e+02 2.831287e+01 -1.975377e+00
      vertex   1.110000e+02 2.861803e+01 -1.902113e+00
      vertex   1.165000e+02 2.861803e+01 -1.902113e+00
    endloop
  endfacet
  facet normal 3.729863e-17 3.826834e-01 -9.238795e-01
    outer loop
      vertex   1.165000e+02 2.861803e+01 -1.902113e+00
      vertex   1.110000e+02 2.861803e+01 -1.902113e+00
      vertex   1.165000e+02 2.890798e+01 -1.782013e+00
    endloop
  endfacet
  facet normal 0.000000e+00 2.334454e-01 -9.723699e-01
    outer loop
      vertex   1.165000e+02 2.831287e+01 -1.975377e+00
      vertex   1.110000e+02 2.831287e+01 -1.975377e+00
      vertex   1.165000e+02 2.861803e+01 -1.902113e+00
    endloop
  endfacet
  facet normal 0.000000e+00 1.000000e+00 0.000000e+00
    outer loop
      vertex   1.047161e+02 3.000000e+01 -1.110223e-15
      vertex   1.000000e+02 3.000000e+01 0.000000e+00
      vertex   1.040822e+02 3.000000e+01 2.668210e-01
    endloop
  endfacet
  facet normal 0.000000e+00 1.000000e+00 0.000000e+00
    outer loop
      vertex   1.040822e+02 3.000000e+01 2.668210e-01
      vertex   1.000000e+02 3.000000e+01 0.000000e+00
      vertex   1.034736e+02 3.000000e+01 5.870999e-01
    endloop
  endfacet
  facet normal 0.000000e+00 1.000000e+00 0.000000e+00
    outer loop
      vertex   1.034736e+02 3.000000e+01 5.870999e-01
      vertex   1.000000e+02 3.000000e+01 0.000000e+00
      vertex   1.028947e+02 3.000000e+01 9.584697e-01
    endloop
  endfacet
  facet normal 0.000000e+00 1.000000e+00 0.000000e+00
    outer loop
      vertex   1.028947e+02 3.000000e+01 9.584697e-01
      vertex   1.000000e+02 3.000000e+01 0.000000e+00
      vertex   1.023499e+02 3.000000e+01 1.378186e+00
    endloop
  endfacet
  facet normal 0.000000e+00 1.000000e+00 0.000000e+00
    outer loop
      vertex   1.023499e+02 3.000000e+01 1.378186e+00
      vertex   1.000000e+02 3.000000e+01 0.000000e+00
      vertex   1.018431e+02 3.000000e+01 1.843146e+00
    endloop
  endfacet
  facet normal 0.000000e+00 1.000000e+00 0.000000e+00
    outer loop
      vertex   1.018431e+02 3.000000e+01 1.843146e+00
      vertex   1.000000e+02 3.000000e+01 0.000000e+00
      vertex   1.013782e+02 3.000000e+01 2.349914e+00
    endloop
  endfacet
  facet normal 0.000000e+00 1.000000e+00 0.000000e+00
    outer loop
      vertex   1.013782e+02 3.000000e+01 2.349914e+00
      vertex   1.000000e+02 3.000000e+01 0.000000e+00
      vertex   1.009585e+02 3.000000e+01 2.894744e+00
    endloop
  endfacet
  facet normal 0.000000e+00 1.000000e+00 0.000000e+00
    outer loop
      vertex   1.009585e+02 3.000000e+01 2.894744e+00
      vertex   1.000000e+02 3.000000e+01 0.000000e+00
      vertex   1.005871e+02 3.000000e+01 3.473610e+00
    endloop
  endfacet
  facet normal 0.000000e+00 1.000000e+00 0.000000e+00
    outer loop
      vertex   1.005871e+02 3.000000e+01 3.473610e+00
      vertex   1.000000e+02 3.000000e+01 0.000000e+00
      vertex   1.002668e+02 3.000000e+01 4.082234e+00
    endloop
  endfacet
  facet normal 0.000000e+00 1.000000e+00 0.000000e+00
    outer loop
      vertex   1.002668e+02 3.000000e+01 4.082234e+00
      vertex   1.000000e+02 3.000000e+01 0.000000e+00
      vertex   1.000000e+02 3.000000e+01 4.716118e+00
    endloop
  endfacet
  facet normal -1.669066e-04 3.264169e-01 9.452259e-01
    outer loop
      vertex   1.299969e+02 5.053760e+00 -1.165991e-01
      vertex   1.175000e+02 4.902404e+00 -6.653793e-02
      vertex   1.300000e+02 4.716118e+00 0.000000e+00
    endloop
  endfacet
  facet normal 4.584364e-04 3.635079e-01 9.315910e-01
    outer loop
      vertex   1.300000e+02 4.716118e+00 0.000000e+00
      vertex   1.175000e+02 4.902404e+00 -6.653793e-02
      vertex   1.175000e+02 4.286437e+00 1.738134e-01
    endloop
  endfacet
  facet normal -5.200198e-04 3.879615e-01 9.216754e-01
    outer loop
      vertex   1.300000e+02 4.716118e+00 0.000000e+00
      vertex   1.175000e+02 4.286437e+00 1.738134e-01
      vertex   1.300000e+02 4.082234e+00 2.668210e-01
    endloop
  endfacet
  facet normal 4.902161e-04 4.391965e-01 8.983909e-01
    outer loop
      vertex   1.300000e+02 4.082234e+00 2.668210e-01
      vertex   1.175000e+02 4.286437e+00 1.738134e-01
      vertex   1.175000e+02 3.692421e+00 4.642100e-01
    endloop
  endfacet
  facet normal -5.482686e-04 4.656900e-01 8.849477e-01
    outer loop
      vertex   1.300000e+02 4.082234e+00 2.668210e-01
      vertex   1.175000e+02 3.692421e+00 4.642100e-01
      vertex   1.300000e+02 3.473610e+00 5.870999e-01
    endloop
  endfacet
  facet normal 5.149340e-04 5.118850e-01 8.590538e-01
    outer loop
      vertex   1.300000e+02 3.473610e+00 5.870999e-01
      vertex   1.175000e+02 3.692421e+00 4.642100e-01
      vertex   1.175000e+02 3.124415e+00 8.026682e-01
    endloop
  endfacet
  facet normal -5.694555e-04 5.399768e-01 8.416797e-01
    outer loop
      vertex   1.300000e+02 3.473610e+00 5.870999e-01
      vertex   1.175000e+02 3.124415e+00 8.026682e-01
      vertex   1.300000e+02 2.894744e+00 9.584697e-01
    endloop
  endfacet
  facet normal 5.325899e-04 5.810767e-01 8.138486e-01
    outer loop
      vertex   1.300000e+02 2.894744e+00 9.584697e-01
      vertex   1.175000e+02 3.124415e+00 8.026682e-01
      vertex   1.175000e+02 2.586298e+00 1.186876e+00
    endloop
  endfacet
  facet normal -5.835803e-04 6.102728e-01 7.921911e-01
    outer loop
      vertex   1.300000e+02 2.894744e+00 9.584697e-01
      vertex   1.175000e+02 2.586298e+00 1.186876e+00
      vertex   1.300000e+02 2.349914e+00 1.378186e+00
    endloop
  endfacet
  facet normal 5.431834e-04 6.462991e-01 7.630840e-01
    outer loop
      vertex   1.300000e+02 2.349914e+00 1.378186e+00
      vertex   1.175000e+02 2.586298e+00 1.186876e+00
      vertex   1.175000e+02 2.081747e+00 1.614209e+00
    endloop
  endfacet
  facet normal -5.906427e-04 6.760585e-01 7.368477e-01
    outer loop
      vertex   1.300000e+02 2.349914e+00 1.378186e+00
      vertex   1.175000e+02 2.081747e+00 1.614209e+00
      vertex   1.300000e+02 1.843146e+00 1.843146e+00
    endloop
  endfacet
  facet normal 5.467146e-04 7.071067e-01 7.071067e-01
    outer loop
      vertex   1.300000e+02 1.843146e+00 1.843146e+00
      vertex   1.175000e+02 2.081747e+00 1.614209e+00
      vertex   1.175000e+02 1.614209e+00 2.081747e+00
    endloop
  endfacet
  facet normal -5.906427e-04 7.368477e-01 6.760585e-01
    outer loop
      vertex   1.300000e+02 1.843146e+00 1.843146e+00
      vertex   1.175000e+02 1.614209e+00 2.081747e+00
      vertex   1.300000e+02 1.378186e+00 2.349914e+00
    endloop
  endfacet
  facet normal 5.431834e-04 7.630840e-01 6.462991e-01
    outer loop
      vertex   1.300000e+02 1.378186e+00 2.349914e+00
      vertex   1.175000e+02 1.614209e+00 2.081747e+00
      vertex   1.175000e+02 1.186876e+00 2.586298e+00
    endloop
  endfacet
  facet normal -5.835803e-04 7.921911e-01 6.102728e-01
    outer loop
      vertex   1.300000e+02 1.378186e+00 2.349914e+00
      vertex   1.175000e+02 1.186876e+00 2.586298e+00
      vertex   1.300000e+02 9.584697e-01 2.894744e+00
    endloop
  endfacet
  facet normal 5.325899e-04 8.138486e-01 5.810767e-01
    outer loop
      vertex   1.300000e+02 9.584697e-01 2.894744e+00
      vertex   1.175000e+02 1.186876e+00 2.586298e+00
      vertex   1.175000e+02 8.026682e-01 3.124415e+00
    endloop
  endfacet
  facet normal -5.694555e-04 8.416797e-01 5.399768e-01
    outer loop
      vertex   1.300000e+02 9.584697e-01 2.894744e+00
      vertex   1.175000e+02 8.026682e-01 3.124415e+00
      vertex   1.300000e+02 5.870999e-01 3.473610e+00
    endloop
  endfacet
  facet normal 5.149340e-04 8.590538e-01 5.118850e-01
    outer loop
      vertex   1.300000e+02 5.870999e-01 3.473610e+00
      vertex   1.175000e+02 8.026682e-01 3.124415e+00
      vertex   1.175000e+02 4.642100e-01 3.692421e+00
    endloop
  endfacet
  facet normal -5.482686e-04 8.849477e-01 4.656900e-01
    outer loop
      vertex   1.300000e+02 5.870999e-01 3.473610e+00
      vertex   1.175000e+02 4.642100e-01 3.692421e+00
      vertex   1.300000e+02 2.668210e-01 4.082234e+00
    endloop
  endfacet
  facet normal 4.902161e-04 8.983909e-01 4.391965e-01
    outer loop
      vertex   1.300000e+02 2.668210e-01 4.082234e+00
      vertex   1.175000e+02 4.642100e-01 3.692421e+00
      vertex   1.175000e+02 1.738134e-01 4.286437e+00
    endloop
  endfacet
  facet normal -5.200198e-04 9.216754e-01 3.879615e-01
    outer loop
      vertex   1.300000e+02 2.668210e-01 4.082234e+00
      vertex   1.175000e+02 1.738134e-01 4.286437e+00
      vertex   1.300000e+02 0.000000e+00 4.716118e+00
    endloop
  endfacet
  facet normal 4.584363e-04 9.315910e-01 3.635079e-01
    outer loop
      vertex   1.300000e+02 0.000000e+00 4.716118e+00
      vertex   1.175000e+02 1.738134e-01 4.286437e+00
      vertex   1.175000e+02 -6.653793e-02 4.902404e+00
    endloop
  endfacet
  facet normal -1.669066e-04 9.452259e-01 3.264169e-01
    outer loop
      vertex   1.300000e+02 0.000000e+00 4.716118e+00
      vertex   1.175000e+02 -6.653793e-02 4.902404e+00
      vertex   1.299969e+02 -1.165991e-01 5.053760e+00
    endloop
  endfacet
  facet normal 3.835222e-04 9.584274e-01 2.853362e-01
    outer loop
      vertex   1.299969e+02 -1.165991e-01 5.053760e+00
      vertex   1.175000e+02 -6.653793e-02 4.902404e+00
      vertex   1.175000e+02 -2.552021e-01 5.536116e+00
    endloop
  endfacet
  facet normal 2.662397e-04 9.592567e-01 2.825359e-01
    outer loop
      vertex   1.299969e+02 -1.165991e-01 5.053760e+00
      vertex   1.175000e+02 -2.552021e-01 5.536116e+00
      vertex   1.299895e+02 -2.179115e-01 5.397739e+00
    endloop
  endfacet
  facet normal -2.481640e-04 9.709555e-01 2.392599e-01
    outer loop
      vertex   1.299895e+02 -2.179115e-01 5.397739e+00
      vertex   1.175000e+02 -2.552021e-01 5.536116e+00
      vertex   1.299793e+02 -3.038231e-01 5.746371e+00
    endloop
  endfacet
  facet normal 3.556682e-04 9.787168e-01 2.052153e-01
    outer loop
      vertex   1.299793e+02 -3.038231e-01 5.746371e+00
      vertex   1.175000e+02 -2.552021e-01 5.536116e+00
      vertex   1.175000e+02 -3.908904e-01 6.183243e+00
    endloop
  endfacet
  facet normal 3.636930e-05 9.805133e-01 1.964525e-01
    outer loop
      vertex   1.299793e+02 -3.038231e-01 5.746371e+00
      vertex   1.175000e+02 -3.908904e-01 6.183243e+00
      vertex   1.299677e+02 -3.742662e-01 6.097962e+00
    endloop
  endfacet
  facet normal -2.658544e-04 9.881098e-01 1.537496e-01
    outer loop
      vertex   1.299677e+02 -3.742662e-01 6.097962e+00
      vertex   1.175000e+02 -3.908904e-01 6.183243e+00
      vertex   1.299562e+02 -4.291732e-01 6.450815e+00
    endloop
  endfacet
  facet normal 3.927396e-04 9.923205e-01 1.236926e-01
    outer loop
      vertex   1.299562e+02 -4.291732e-01 6.450815e+00
      vertex   1.175000e+02 -3.908904e-01 6.183243e+00
      vertex   1.175000e+02 -4.726759e-01 6.839365e+00
    endloop
  endfacet
  facet normal -1.361256e-05 9.938387e-01 1.108357e-01
    outer loop
      vertex   1.299562e+02 -4.291732e-01 6.450815e+00
      vertex   1.175000e+02 -4.726759e-01 6.839365e+00
      vertex   1.299462e+02 -4.684763e-01 6.803236e+00
    endloop
  endfacet
  facet normal -1.412837e-04 9.977324e-01 6.730625e-02
    outer loop
      vertex   1.299462e+02 -4.684763e-01 6.803236e+00
      vertex   1.175000e+02 -4.726759e-01 6.839365e+00
      vertex   1.299392e+02 -4.921078e-01 7.153530e+00
    endloop
  endfacet
  facet normal 5.171089e-04 9.991456e-01 4.132497e-02
    outer loop
      vertex   1.299392e+02 -4.921078e-01 7.153530e+00
      vertex   1.175000e+02 -4.726759e-01 6.839365e+00
      vertex   1.175000e+02 -5.000000e-01 7.500000e+00
    endloop
  endfacet
  facet normal 1.801136e-16 9.997407e-01 2.277300e-02
    outer loop
      vertex   1.299392e+02 -4.921078e-01 7.153530e+00
      vertex   1.175000e+02 -5.000000e-01 7.500000e+00
      vertex   1.299365e+02 -5.000000e-01 7.500000e+00
    endloop
  endfacet
  facet normal 3.835222e-04 2.853362e-01 9.584274e-01
    outer loop
      vertex   1.175000e+02 4.902404e+00 -6.653793e-02
      vertex   1.299969e+02 5.053760e+00 -1.165991e-01
      vertex   1.175000e+02 5.536116e+00 -2.552021e-01
    endloop
  endfacet
  facet normal 2.662397e-04 2.825359e-01 9.592567e-01
    outer loop
      vertex   1.175000e+02 5.536116e+00 -2.552021e-01
      vertex   1.299969e+02 5.053760e+00 -1.165991e-01
      vertex   1.299895e+02 5.397739e+00 -2.179115e-01
    endloop
  endfacet
  facet normal -2.481640e-04 2.392599e-01 9.709555e-01
    outer loop
      vertex   1.175000e+02 5.536116e+00 -2.552021e-01
      vertex   1.299895e+02 5.397739e+00 -2.179115e-01
      vertex   1.299793e+02 5.746371e+00 -3.038231e-01
    endloop
  endfacet
  facet normal 3.556682e-04 2.052153e-01 9.787168e-01
    outer loop
      vertex   1.175000e+02 5.536116e+00 -2.552021e-01
      vertex   1.299793e+02 5.746371e+00 -3.038231e-01
      vertex   1.175000e+02 6.183243e+00 -3.908904e-01
    endloop
  endfacet
  facet normal 3.636930e-05 1.964525e-01 9.805133e-01
    outer loop
      vertex   1.175000e+02 6.183243e+00 -3.908904e-01
      vertex   1.299793e+02 5.746371e+00 -3.038231e-01
      vertex   1.299677e+02 6.097962e+00 -3.742662e-01
    endloop
  endfacet
  facet normal -2.658544e-04 1.537496e-01 9.881098e-01
    outer loop
      vertex   1.175000e+02 6.183243e+00 -3.908904e-01
      vertex   1.299677e+02 6.097962e+00 -3.742662e-01
      vertex   1.299562e+02 6.450815e+00 -4.291732e-01
    endloop
  endfacet
  facet normal 3.927396e-04 1.236926e-01 9.923205e-01
    outer loop
      vertex   1.175000e+02 6.183243e+00 -3.908904e-01
      vertex   1.299562e+02 6.450815e+00 -4.291732e-01
      vertex   1.175000e+02 6.839365e+00 -4.726759e-01
    endloop
  endfacet
  facet normal -1.361256e-05 1.108357e-01 9.938387e-01
    outer loop
      vertex   1.175000e+02 6.839365e+00 -4.726759e-01
      vertex   1.299562e+02 6.450815e+00 -4.291732e-01
      vertex   1.299462e+02 6.803236e+00 -4.684763e-01
    endloop
  endfacet
  facet normal -1.412837e-04 6.730625e-02 9.977324e-01
    outer loop
      vertex   1.175000e+02 6.839365e+00 -4.726759e-01
      vertex   1.299462e+02 6.803236e+00 -4.684763e-01
      vertex   1.299392e+02 7.153530e+00 -4.921078e-01
    endloop
  endfacet
  facet normal 1.626382e-18 2.277300e-02 9.997407e-01
    outer loop
      vertex   1.299365e+02 7.500000e+00 -5.000000e-01
      vertex   1.175000e+02 7.500000e+00 -5.000000e-01
      vertex   1.299392e+02 7.153530e+00 -4.921078e-01
    endloop
  endfacet
  facet normal 5.171089e-04 4.132497e-02 9.991456e-01
    outer loop
      vertex   1.299392e+02 7.153530e+00 -4.921078e-01
      vertex   1.175000e+02 7.500000e+00 -5.000000e-01
      vertex   1.175000e+02 6.839365e+00 -4.726759e-01
    endloop
  endfacet
  facet normal 2.277300e-02 0.000000e+00 9.997407e-01
    outer loop
      vertex   1.075000e+02 2.993649e+01 -5.000000e-01
      vertex   1.071535e+02 2.993917e+01 -4.921078e-01
      vertex   1.075000e+02 1.750000e+01 -5.000000e-01
    endloop
  endfacet
  facet normal 4.132497e-02 5.171090e-04 9.991456e-01
    outer loop
      vertex   1.075000e+02 1.750000e+01 -5.000000e-01
      vertex   1.071535e+02 2.993917e+01 -4.921078e-01
      vertex   1.068394e+02 1.750000e+01 -4.726759e-01
    endloop
  endfacet
  facet normal 6.730625e-02 -1.412837e-04 9.977324e-01
    outer loop
      vertex   1.068394e+02 1.750000e+01 -4.726759e-01
      vertex   1.071535e+02 2.993917e+01 -4.921078e-01
      vertex   1.068032e+02 2.994623e+01 -4.684763e-01
    endloop
  endfacet
  facet normal 1.108357e-01 -1.361256e-05 9.938387e-01
    outer loop
      vertex   1.068394e+02 1.750000e+01 -4.726759e-01
      vertex   1.068032e+02 2.994623e+01 -4.684763e-01
      vertex   1.064508e+02 2.995623e+01 -4.291732e-01
    endloop
  endfacet
  facet normal 1.236926e-01 3.927397e-04 9.923205e-01
    outer loop
      vertex   1.068394e+02 1.750000e+01 -4.726759e-01
      vertex   1.064508e+02 2.995623e+01 -4.291732e-01
      vertex   1.061832e+02 1.750000e+01 -3.908904e-01
    endloop
  endfacet
  facet normal 1.537496e-01 -2.658544e-04 9.881098e-01
    outer loop
      vertex   1.061832e+02 1.750000e+01 -3.908904e-01
      vertex   1.064508e+02 2.995623e+01 -4.291732e-01
      vertex   1.060980e+02 2.996775e+01 -3.742662e-01
    endloop
  endfacet
  facet normal 1.964525e-01 3.636930e-05 9.805133e-01
    outer loop
      vertex   1.061832e+02 1.750000e+01 -3.908904e-01
      vertex   1.060980e+02 2.996775e+01 -3.742662e-01
      vertex   1.057464e+02 2.997933e+01 -3.038231e-01
    endloop
  endfacet
  facet normal 2.052153e-01 3.556682e-04 9.787168e-01
    outer loop
      vertex   1.061832e+02 1.750000e+01 -3.908904e-01
      vertex   1.057464e+02 2.997933e+01 -3.038231e-01
      vertex   1.055361e+02 1.750000e+01 -2.552021e-01
    endloop
  endfacet
  facet normal 2.392599e-01 -2.481641e-04 9.709555e-01
    outer loop
      vertex   1.055361e+02 1.750000e+01 -2.552021e-01
      vertex   1.057464e+02 2.997933e+01 -3.038231e-01
      vertex   1.053977e+02 2.998954e+01 -2.179115e-01
    endloop
  endfacet
  facet normal 2.825359e-01 2.662397e-04 9.592567e-01
    outer loop
      vertex   1.055361e+02 1.750000e+01 -2.552021e-01
      vertex   1.053977e+02 2.998954e+01 -2.179115e-01
      vertex   1.050538e+02 2.999693e+01 -1.165991e-01
    endloop
  endfacet
  facet normal 2.853362e-01 3.835223e-04 9.584274e-01
    outer loop
      vertex   1.055361e+02 1.750000e+01 -2.552021e-01
      vertex   1.050538e+02 2.999693e+01 -1.165991e-01
      vertex   1.049024e+02 1.750000e+01 -6.653793e-02
    endloop
  endfacet
  facet normal 3.264169e-01 -1.669066e-04 9.452259e-01
    outer loop
      vertex   1.049024e+02 1.750000e+01 -6.653793e-02
      vertex   1.050538e+02 2.999693e+01 -1.165991e-01
      vertex   1.047161e+02 3.000000e+01 -1.110223e-15
    endloop
  endfacet
  facet normal 3.635079e-01 4.584364e-04 9.315910e-01
    outer loop
      vertex   1.049024e+02 1.750000e+01 -6.653793e-02
      vertex   1.047161e+02 3.000000e+01 -1.110223e-15
      vertex   1.042864e+02 1.750000e+01 1.738134e-01
    endloop
  endfacet
  facet normal 3.879615e-01 -5.200197e-04 9.216754e-01
    outer loop
      vertex   1.042864e+02 1.750000e+01 1.738134e-01
      vertex   1.047161e+02 3.000000e+01 -1.110223e-15
      vertex   1.040822e+02 3.000000e+01 2.668210e-01
    endloop
  endfacet
  facet normal 4.391965e-01 4.902160e-04 8.983909e-01
    outer loop
      vertex   1.042864e+02 1.750000e+01 1.738134e-01
      vertex   1.040822e+02 3.000000e+01 2.668210e-01
      vertex   1.036924e+02 1.750000e+01 4.642100e-01
    endloop
  endfacet
  facet normal 4.656900e-01 -5.482685e-04 8.849477e-01
    outer loop
      vertex   1.036924e+02 1.750000e+01 4.642100e-01
      vertex   1.040822e+02 3.000000e+01 2.668210e-01
      vertex   1.034736e+02 3.000000e+01 5.870999e-01
    endloop
  endfacet
  facet normal 5.118850e-01 5.149339e-04 8.590538e-01
    outer loop
      vertex   1.036924e+02 1.750000e+01 4.642100e-01
      vertex   1.034736e+02 3.000000e+01 5.870999e-01
      vertex   1.031244e+02 1.750000e+01 8.026682e-01
    endloop
  endfacet
  facet normal 5.399768e-01 -5.694554e-04 8.416797e-01
    outer loop
      vertex   1.031244e+02 1.750000e+01 8.026682e-01
      vertex   1.034736e+02 3.000000e+01 5.870999e-01
      vertex   1.028947e+02 3.000000e+01 9.584697e-01
    endloop
  endfacet
  facet normal 5.810767e-01 5.325898e-04 8.138486e-01
    outer loop
      vertex   1.031244e+02 1.750000e+01 8.026682e-01
      vertex   1.028947e+02 3.000000e+01 9.584697e-01
      vertex   1.025863e+02 1.750000e+01 1.186876e+00
    endloop
  endfacet
  facet normal 6.102728e-01 -5.835801e-04 7.921911e-01
    outer loop
      vertex   1.025863e+02 1.750000e+01 1.186876e+00
      vertex   1.028947e+02 3.000000e+01 9.584697e-01
      vertex   1.023499e+02 3.000000e+01 1.378186e+00
    endloop
  endfacet
  facet normal 6.462991e-01 5.431833e-04 7.630840e-01
    outer loop
      vertex   1.025863e+02 1.750000e+01 1.186876e+00
      vertex   1.023499e+02 3.000000e+01 1.378186e+00
      vertex   1.020817e+02 1.750000e+01 1.614209e+00
    endloop
  endfacet
  facet normal 6.760585e-01 -5.906425e-04 7.368477e-01
    outer loop
      vertex   1.020817e+02 1.750000e+01 1.614209e+00
      vertex   1.023499e+02 3.000000e+01 1.378186e+00
      vertex   1.018431e+02 3.000000e+01 1.843146e+00
    endloop
  endfacet
  facet normal 7.071067e-01 5.467145e-04 7.071067e-01
    outer loop
      vertex   1.020817e+02 1.750000e+01 1.614209e+00
      vertex   1.018431e+02 3.000000e+01 1.843146e+00
      vertex   1.016142e+02 1.750000e+01 2.081747e+00
    endloop
  endfacet
  facet normal 7.368477e-01 -5.906425e-04 6.760585e-01
    outer loop
      vertex   1.016142e+02 1.750000e+01 2.081747e+00
      vertex   1.018431e+02 3.000000e+01 1.843146e+00
      vertex   1.013782e+02 3.000000e+01 2.349914e+00
    endloop
  endfacet
  facet normal 7.630840e-01 5.431833e-04 6.462991e-01
    outer loop
      vertex   1.016142e+02 1.750000e+01 2.081747e+00
      vertex   1.013782e+02 3.000000e+01 2.349914e+00
      vertex   1.011869e+02 1.750000e+01 2.586298e+00
    endloop
  endfacet
  facet normal 7.921911e-01 -5.835801e-04 6.102728e-01
    outer loop
      vertex   1.011869e+02 1.750000e+01 2.586298e+00
      vertex   1.013782e+02 3.000000e+01 2.349914e+00
      vertex   1.009585e+02 3.000000e+01 2.894744e+00
    endloop
  endfacet
  facet normal 8.138486e-01 5.325898e-04 5.810767e-01
    outer loop
      vertex   1.011869e+02 1.750000e+01 2.586298e+00
      vertex   1.009585e+02 3.000000e+01 2.894744e+00
      vertex   1.008027e+02 1.750000e+01 3.124415e+00
    endloop
  endfacet
  facet normal 8.416797e-01 -5.694554e-04 5.399768e-01
    outer loop
      vertex   1.008027e+02 1.750000e+01 3.124415e+00
      vertex   1.009585e+02 3.000000e+01 2.894744e+00
      vertex   1.005871e+02 3.000000e+01 3.473610e+00
    endloop
  endfacet
  facet normal 8.590538e-01 5.149339e-04 5.118850e-01
    outer loop
      vertex   1.008027e+02 1.750000e+01 3.124415e+00
      vertex   1.005871e+02 3.000000e+01 3.473610e+00
      vertex   1.004642e+02 1.750000e+01 3.692421e+00
    endloop
  endfacet
  facet normal 8.849477e-01 -5.482685e-04 4.656900e-01
    outer loop
      vertex   1.004642e+02 1.750000e+01 3.692421e+00
      vertex   1.005871e+02 3.000000e+01 3.473610e+00
      vertex   1.002668e+02 3.000000e+01 4.082234e+00
    endloop
  endfacet
  facet normal 8.983909e-01 4.902160e-04 4.391965e-01
    outer loop
      vertex   1.004642e+02 1.750000e+01 3.692421e+00
      vertex   1.002668e+02 3.000000e+01 4.082234e+00
      vertex   1.001738e+02 1.750000e+01 4.286437e+00
    endloop
  endfacet
  facet normal 9.216754e-01 -5.200197e-04 3.879615e-01
    outer loop
      vertex   1.001738e+02 1.750000e+01 4.286437e+00
      vertex   1.002668e+02 3.000000e+01 4.082234e+00
      vertex   1.000000e+02 3.000000e+01 4.716118e+00
    endloop
  endfacet
  facet normal 9.315910e-01 4.584364e-04 3.635079e-01
    outer loop
      vertex   1.001738e+02 1.750000e+01 4.286437e+00
      vertex   1.000000e+02 3.000000e+01 4.716118e+00
      vertex   9.993346e+01 1.750000e+01 4.902404e+00
    endloop
  endfacet
  facet normal 9.450875e-01 -1.602047e-04 3.268172e-01
    outer loop
      vertex   9.993346e+01 1.750000e+01 4.902404e+00
      vertex   1.000000e+02 3.000000e+01 4.716118e+00
      vertex   9.988283e+01 2.999657e+01 5.054953e+00
    endloop
  endfacet
  facet normal 9.584274e-01 4.002160e-04 2.853362e-01
    outer loop
      vertex   9.993346e+01 1.750000e+01 4.902404e+00
      vertex   9.988283e+01 2.999657e+01 5.054953e+00
      vertex   9.974480e+01 1.750000e+01 5.536116e+00
    endloop
  endfacet
  facet normal 9.587866e-01 3.496877e-04 2.841269e-01
    outer loop
      vertex   9.974480e+01 1.750000e+01 5.536116e+00
      vertex   9.988283e+01 2.999657e+01 5.054953e+00
      vertex   9.978025e+01 2.998789e+01 5.401125e+00
    endloop
  endfacet
  facet normal 9.707467e-01 -1.601202e-04 2.401059e-01
    outer loop
      vertex   9.974480e+01 1.750000e+01 5.536116e+00
      vertex   9.978025e+01 2.998789e+01 5.401125e+00
      vertex   9.969336e+01 2.997652e+01 5.752402e+00
    endloop
  endfacet
  facet normal 9.787167e-01 4.775809e-04 2.052153e-01
    outer loop
      vertex   9.974480e+01 1.750000e+01 5.536116e+00
      vertex   9.969336e+01 2.997652e+01 5.752402e+00
      vertex   9.960911e+01 1.750000e+01 6.183243e+00
    endloop
  endfacet
  facet normal 9.807849e-01 1.140343e-04 1.950920e-01
    outer loop
      vertex   9.960911e+01 1.750000e+01 6.183243e+00
      vertex   9.969336e+01 2.997652e+01 5.752402e+00
      vertex   9.962292e+01 2.996484e+01 6.106536e+00
    endloop
  endfacet
  facet normal 9.884903e-01 -1.640883e-04 1.512843e-01
    outer loop
      vertex   9.960911e+01 1.750000e+01 6.183243e+00
      vertex   9.962292e+01 2.996484e+01 6.106536e+00
      vertex   9.956867e+01 2.995397e+01 6.460958e+00
    endloop
  endfacet
  facet normal 9.923205e-01 4.636231e-04 1.236926e-01
    outer loop
      vertex   9.960911e+01 1.750000e+01 6.183243e+00
      vertex   9.956867e+01 2.995397e+01 6.460958e+00
      vertex   9.952732e+01 1.750000e+01 6.839365e+00
    endloop
  endfacet
  facet normal 9.941182e-01 -1.001517e-05 1.083009e-01
    outer loop
      vertex   9.952732e+01 1.750000e+01 6.839365e+00
      vertex   9.956867e+01 2.995397e+01 6.460958e+00
      vertex   9.953031e+01 2.994494e+01 6.813073e+00
    endloop
  endfacet
  facet normal 9.978534e-01 -1.013659e-04 6.548667e-02
    outer loop
      vertex   9.952732e+01 1.750000e+01 6.839365e+00
      vertex   9.953031e+01 2.994494e+01 6.813073e+00
      vertex   9.950753e+01 2.993878e+01 7.160285e+00
    endloop
  endfacet
  facet normal 9.997547e-01 1.581874e-18 2.214979e-02
    outer loop
      vertex   9.950000e+01 2.993649e+01 7.500000e+00
      vertex   9.950000e+01 1.750000e+01 7.500000e+00
      vertex   9.950753e+01 2.993878e+01 7.160285e+00
    endloop
  endfacet
  facet normal 9.991456e-01 5.240612e-04 4.132497e-02
    outer loop
      vertex   9.950753e+01 2.993878e+01 7.160285e+00
      vertex   9.950000e+01 1.750000e+01 7.500000e+00
      vertex   9.952732e+01 1.750000e+01 6.839365e+00
    endloop
  endfacet
  facet normal -9.963975e-01 -8.480592e-02 -0.000000e+00
    outer loop
      vertex   1.139712e+02 1.233800e+01 -5.000000e-01
      vertex   1.139712e+02 1.233800e+01 -2.000000e+00
      vertex   1.140000e+02 1.200000e+01 -5.000000e-01
    endloop
  endfacet
  facet normal -9.963975e-01 -8.480592e-02 -0.000000e+00
    outer loop
      vertex   1.140000e+02 1.200000e+01 -5.000000e-01
      vertex   1.139712e+02 1.233800e+01 -2.000000e+00
      vertex   1.140000e+02 1.200000e+01 -2.000000e+00
    endloop
  endfacet
  facet normal -9.963975e-01 8.480592e-02 0.000000e+00
    outer loop
      vertex   1.140000e+02 1.200000e+01 -5.000000e-01
      vertex   1.140000e+02 1.200000e+01 -2.000000e+00
      vertex   1.139712e+02 1.166200e+01 -5.000000e-01
    endloop
  endfacet
  facet normal -9.963975e-01 8.480592e-02 0.000000e+00
    outer loop
      vertex   1.139712e+02 1.166200e+01 -5.000000e-01
      vertex   1.140000e+02 1.200000e+01 -2.000000e+00
      vertex   1.139712e+02 1.166200e+01 -2.000000e+00
    endloop
  endfacet
  facet normal -9.677329e-01 2.519781e-01 0.000000e+00
    outer loop
      vertex   1.139712e+02 1.166200e+01 -5.000000e-01
      vertex   1.139712e+02 1.166200e+01 -2.000000e+00
      vertex   1.138858e+02 1.133372e+01 -5.000000e-01
    endloop
  endfacet
  facet normal -9.677329e-01 2.519781e-01 0.000000e+00
    outer loop
      vertex   1.138858e+02 1.133372e+01 -5.000000e-01
      vertex   1.139712e+02 1.166200e+01 -2.000000e+00
      vertex   1.138858e+02 1.133372e+01 -2.000000e+00
    endloop
  endfacet
  facet normal -9.112285e-01 4.119012e-01 0.000000e+00
    outer loop
      vertex   1.138858e+02 1.133372e+01 -5.000000e-01
      vertex   1.138858e+02 1.133372e+01 -2.000000e+00
      vertex   1.137460e+02 1.102461e+01 -5.000000e-01
    endloop
  endfacet
  facet normal -9.112285e-01 4.119012e-01 0.000000e+00
    outer loop
      vertex   1.137460e+02 1.102461e+01 -5.000000e-01
      vertex   1.138858e+02 1.133372e+01 -2.000000e+00
      vertex   1.137460e+02 1.102461e+01 -2.000000e+00
    endloop
  endfacet
  facet normal -8.285096e-01 5.599748e-01 0.000000e+00
    outer loop
      vertex   1.137460e+02 1.102461e+01 -5.000000e-01
      vertex   1.137460e+02 1.102461e+01 -2.000000e+00
      vertex   1.135561e+02 1.074356e+01 -5.000000e-01
    endloop
  endfacet
  facet normal -8.285096e-01 5.599748e-01 0.000000e+00
    outer loop
      vertex   1.135561e+02 1.074356e+01 -5.000000e-01
      vertex   1.137460e+02 1.102461e+01 -2.000000e+00
      vertex   1.135561e+02 1.074356e+01 -2.000000e+00
    endloop
  endfacet
  facet normal -7.219561e-01 6.919389e-01 0.000000e+00
    outer loop
      vertex   1.135561e+02 1.074356e+01 -5.000000e-01
      vertex   1.135561e+02 1.074356e+01 -2.000000e+00
      vertex   1.133214e+02 1.049866e+01 -5.000000e-01
    endloop
  endfacet
  facet normal -7.219561e-01 6.919389e-01 0.000000e+00
    outer loop
      vertex   1.133214e+02 1.049866e+01 -5.000000e-01
      vertex   1.135561e+02 1.074356e+01 -2.000000e+00
      vertex   1.133214e+02 1.049866e+01 -2.000000e+00
    endloop
  endfacet
  facet normal -5.946332e-01 8.039971e-01 0.000000e+00
    outer loop
      vertex   1.133214e+02 1.049866e+01 -5.000000e-01
      vertex   1.133214e+02 1.049866e+01 -2.000000e+00
      vertex   1.130486e+02 1.029694e+01 -5.000000e-01
    endloop
  endfacet
  facet normal -5.946332e-01 8.039971e-01 0.000000e+00
    outer loop
      vertex   1.130486e+02 1.029694e+01 -5.000000e-01
      vertex   1.133214e+02 1.049866e+01 -2.000000e+00
      vertex   1.130486e+02 1.029694e+01 -2.000000e+00
    endloop
  endfacet
  facet normal -4.502037e-01 8.929259e-01 0.000000e+00
    outer loop
      vertex   1.130486e+02 1.029694e+01 -5.000000e-01
      vertex   1.130486e+02 1.029694e+01 -2.000000e+00
      vertex   1.127457e+02 1.014422e+01 -5.000000e-01
    endloop
  endfacet
  facet normal -4.502037e-01 8.929259e-01 0.000000e+00
    outer loop
      vertex   1.127457e+02 1.014422e+01 -5.000000e-01
      vertex   1.130486e+02 1.029694e+01 -2.000000e+00
      vertex   1.127457e+02 1.014422e+01 -2.000000e+00
    endloop
  endfacet
  facet normal -2.928228e-01 9.561667e-01 0.000000e+00
    outer loop
      vertex   1.127457e+02 1.014422e+01 -5.000000e-01
      vertex   1.127457e+02 1.014422e+01 -2.000000e+00
      vertex   1.124214e+02 1.004489e+01 -5.000000e-01
    endloop
  endfacet
  facet normal -2.928228e-01 9.561667e-01 0.000000e+00
    outer loop
      vertex   1.124214e+02 1.004489e+01 -5.000000e-01
      vertex   1.127457e+02 1.014422e+01 -2.000000e+00
      vertex   1.124214e+02 1.004489e+01 -2.000000e+00
    endloop
  endfacet
  facet normal -1.270178e-01 9.919004e-01 0.000000e+00
    outer loop
      vertex   1.124214e+02 1.004489e+01 -5.000000e-01
      vertex   1.124214e+02 1.004489e+01 -2.000000e+00
      vertex   1.120849e+02 1.000180e+01 -5.000000e-01
    endloop
  endfacet
  facet normal -1.270178e-01 9.919004e-01 0.000000e+00
    outer loop
      vertex   1.120849e+02 1.000180e+01 -5.000000e-01
      vertex   1.124214e+02 1.004489e+01 -2.000000e+00
      vertex   1.120849e+02 1.000180e+01 -2.000000e+00
    endloop
  endfacet
  facet normal 4.244120e-02 9.990990e-01 0.000000e+00
    outer loop
      vertex   1.120849e+02 1.000180e+01 -5.000000e-01
      vertex   1.120849e+02 1.000180e+01 -2.000000e+00
      vertex   1.117460e+02 1.001620e+01 -5.000000e-01
    endloop
  endfacet
  facet normal 4.244120e-02 9.990990e-01 0.000000e+00
    outer loop
      vertex   1.117460e+02 1.001620e+01 -5.000000e-01
      vertex   1.120849e+02 1.000180e+01 -2.000000e+00
      vertex   1.117460e+02 1.001620e+01 -2.000000e+00
    endloop
  endfacet
  facet normal 2.106793e-01 9.775552e-01 0.000000e+00
    outer loop
      vertex   1.117460e+02 1.001620e+01 -5.000000e-01
      vertex   1.117460e+02 1.001620e+01 -2.000000e+00
      vertex   1.114144e+02 1.008767e+01 -5.000000e-01
    endloop
  endfacet
  facet normal 2.106793e-01 9.775552e-01 0.000000e+00
    outer loop
      vertex   1.114144e+02 1.008767e+01 -5.000000e-01
      vertex   1.117460e+02 1.001620e+01 -2.000000e+00
      vertex   1.114144e+02 1.008767e+01 -2.000000e+00
    endloop
  endfacet
  facet normal 3.728565e-01 9.278890e-01 0.000000e+00
    outer loop
      vertex   1.114144e+02 1.008767e+01 -5.000000e-01
      vertex   1.114144e+02 1.008767e+01 -2.000000e+00
      vertex   1.110996e+02 1.021415e+01 -5.000000e-01
    endloop
  endfacet
  facet normal 3.728565e-01 9.278890e-01 0.000000e+00
    outer loop
      vertex   1.110996e+02 1.021415e+01 -5.000000e-01
      vertex   1.114144e+02 1.008767e+01 -2.000000e+00
      vertex   1.110996e+02 1.021415e+01 -2.000000e+00
    endloop
  endfacet
  facet normal 5.243073e-01 8.515291e-01 0.000000e+00
    outer loop
      vertex   1.110996e+02 1.021415e+01 -5.000000e-01
      vertex   1.110996e+02 1.021415e+01 -2.000000e+00
      vertex   1.108107e+02 1.039201e+01 -5.000000e-01
    endloop
  endfacet
  facet normal 5.243073e-01 8.515291e-01 0.000000e+00
    outer loop
      vertex   1.108107e+02 1.039201e+01 -5.000000e-01
      vertex   1.110996e+02 1.021415e+01 -2.000000e+00
      vertex   1.108107e+02 1.039201e+01 -2.000000e+00
    endloop
  endfacet
  facet normal 6.606747e-01 7.506723e-01 0.000000e+00
    outer loop
      vertex   1.108107e+02 1.039201e+01 -5.000000e-01
      vertex   1.108107e+02 1.039201e+01 -2.000000e+00
      vertex   1.105561e+02 1.061612e+01 -5.000000e-01
    endloop
  endfacet
  facet normal 6.606747e-01 7.506723e-01 0.000000e+00
    outer loop
      vertex   1.105561e+02 1.061612e+01 -5.000000e-01
      vertex   1.108107e+02 1.039201e+01 -2.000000e+00
      vertex   1.105561e+02 1.061612e+01 -2.000000e+00
    endloop
  endfacet
  facet normal 7.780358e-01 6.282200e-01 0.000000e+00
    outer loop
      vertex   1.105561e+02 1.061612e+01 -5.000000e-01
      vertex   1.105561e+02 1.061612e+01 -2.000000e+00
      vertex   1.103430e+02 1.088005e+01 -5.000000e-01
    endloop
  endfacet
  facet normal 7.780358e-01 6.282200e-01 0.000000e+00
    outer loop
      vertex   1.103430e+02 1.088005e+01 -5.000000e-01
      vertex   1.105561e+02 1.061612e+01 -2.000000e+00
      vertex   1.103430e+02 1.088005e+01 -2.000000e+00
    endloop
  endfacet
  facet normal 8.730141e-01 4.876949e-01 0.000000e+00
    outer loop
      vertex   1.103430e+02 1.088005e+01 -5.000000e-01
      vertex   1.103430e+02 1.088005e+01 -2.000000e+00
      vertex   1.101775e+02 1.117620e+01 -5.000000e-01
    endloop
  endfacet
  facet normal 8.730141e-01 4.876949e-01 0.000000e+00
    outer loop
      vertex   1.101775e+02 1.117620e+01 -5.000000e-01
      vertex   1.103430e+02 1.088005e+01 -2.000000e+00
      vertex   1.101775e+02 1.117620e+01 -2.000000e+00
    endloop
  endfacet
  facet normal 9.428774e-01 3.331398e-01 0.000000e+00
    outer loop
      vertex   1.101775e+02 1.117620e+01 -5.000000e-01
      vertex   1.101775e+02 1.117620e+01 -2.000000e+00
      vertex   1.100645e+02 1.149604e+01 -5.000000e-01
    endloop
  endfacet
  facet normal 9.428774e-01 3.331398e-01 0.000000e+00
    outer loop
      vertex   1.100645e+02 1.149604e+01 -5.000000e-01
      vertex   1.101775e+02 1.117620e+01 -2.000000e+00
      vertex   1.100645e+02 1.149604e+01 -2.000000e+00
    endloop
  endfacet
  facet normal 9.856159e-01 1.690008e-01 0.000000e+00
    outer loop
      vertex   1.100645e+02 1.149604e+01 -5.000000e-01
      vertex   1.100645e+02 1.149604e+01 -2.000000e+00
      vertex   1.100072e+02 1.183039e+01 -5.000000e-01
    endloop
  endfacet
  facet normal 9.856159e-01 1.690008e-01 0.000000e+00
    outer loop
      vertex   1.100072e+02 1.183039e+01 -5.000000e-01
      vertex   1.100645e+02 1.149604e+01 -2.000000e+00
      vertex   1.100072e+02 1.183039e+01 -2.000000e+00
    endloop
  endfacet
  facet normal 1.000000e+00 -0.000000e+00 0.000000e+00
    outer loop
      vertex   1.100072e+02 1.183039e+01 -5.000000e-01
      vertex   1.100072e+02 1.183039e+01 -2.000000e+00
      vertex   1.100072e+02 1.216961e+01 -5.000000e-01
    endloop
  endfacet
  facet normal 1.000000e+00 0.000000e+00 0.000000e+00
    outer loop
      vertex   1.100072e+02 1.216961e+01 -5.000000e-01
      vertex   1.100072e+02 1.183039e+01 -2.000000e+00
      vertex   1.100072e+02 1.216961e+01 -2.000000e+00
    endloop
  endfacet
  facet normal 9.856159e-01 -1.690008e-01 0.000000e+00
    outer loop
      vertex   1.100072e+02 1.216961e+01 -5.000000e-01
      vertex   1.100072e+02 1.216961e+01 -2.000000e+00
      vertex   1.100645e+02 1.250396e+01 -5.000000e-01
    endloop
  endfacet
  facet normal 9.856159e-01 -1.690008e-01 0.000000e+00
    outer loop
      vertex   1.100645e+02 1.250396e+01 -5.000000e-01
      vertex   1.100072e+02 1.216961e+01 -2.000000e+00
      vertex   1.100645e+02 1.250396e+01 -2.000000e+00
    endloop
  endfacet
  facet normal 9.428774e-01 -3.331398e-01 0.000000e+00
    outer loop
      vertex   1.100645e+02 1.250396e+01 -5.000000e-01
      vertex   1.100645e+02 1.250396e+01 -2.000000e+00
      vertex   1.101775e+02 1.282380e+01 -5.000000e-01
    endloop
  endfacet
  facet normal 9.428774e-01 -3.331398e-01 0.000000e+00
    outer loop
      vertex   1.101775e+02 1.282380e+01 -5.000000e-01
      vertex   1.100645e+02 1.250396e+01 -2.000000e+00
      vertex   1.101775e+02 1.282380e+01 -2.000000e+00
    endloop
  endfacet
  facet normal 8.730141e-01 -4.876949e-01 0.000000e+00
    outer loop
      vertex   1.101775e+02 1.282380e+01 -5.000000e-01
      vertex   1.101775e+02 1.282380e+01 -2.000000e+00
      vertex   1.103430e+02 1.311995e+01 -5.000000e-01
    endloop
  endfacet
  facet normal 8.730141e-01 -4.876949e-01 0.000000e+00
    outer loop
      vertex   1.103430e+02 1.311995e+01 -5.000000e-01
      vertex   1.101775e+02 1.282380e+01 -2.000000e+00
      vertex   1.103430e+02 1.311995e+01 -2.000000e+00
    endloop
  endfacet
  facet normal 7.780358e-01 -6.282200e-01 0.000000e+00
    outer loop
      vertex   1.103430e+02 1.311995e+01 -5.000000e-01
      vertex   1.103430e+02 1.311995e+01 -2.000000e+00
      vertex   1.105561e+02 1.338388e+01 -5.000000e-01
    endloop
  endfacet
  facet normal 7.780358e-01 -6.282200e-01 0.000000e+00
    outer loop
      vertex   1.105561e+02 1.338388e+01 -5.000000e-01
      vertex   1.103430e+02 1.311995e+01 -2.000000e+00
      vertex   1.105561e+02 1.338388e+01 -2.000000e+00
    endloop
  endfacet
  facet normal 6.606747e-01 -7.506723e-01 0.000000e+00
    outer loop
      vertex   1.105561e+02 1.338388e+01 -5.000000e-01
      vertex   1.105561e+02 1.338388e+01 -2.000000e+00
      vertex   1.108107e+02 1.360799e+01 -5.000000e-01
    endloop
  endfacet
  facet normal 6.606747e-01 -7.506723e-01 0.000000e+00
    outer loop
      vertex   1.108107e+02 1.360799e+01 -5.000000e-01
      vertex   1.105561e+02 1.338388e+01 -2.000000e+00
      vertex   1.108107e+02 1.360799e+01 -2.000000e+00
    endloop
  endfacet
  facet normal 5.243073e-01 -8.515291e-01 0.000000e+00
    outer loop
      vertex   1.108107e+02 1.360799e+01 -5.000000e-01
      vertex   1.108107e+02 1.360799e+01 -2.000000e+00
      vertex   1.110996e+02 1.378585e+01 -5.000000e-01
    endloop
  endfacet
  facet normal 5.243073e-01 -8.515291e-01 0.000000e+00
    outer loop
      vertex   1.110996e+02 1.378585e+01 -5.000000e-01
      vertex   1.108107e+02 1.360799e+01 -2.000000e+00
      vertex   1.110996e+02 1.378585e+01 -2.000000e+00
    endloop
  endfacet
  facet normal 3.728565e-01 -9.278890e-01 0.000000e+00
    outer loop
      vertex   1.110996e+02 1.378585e+01 -5.000000e-01
      vertex   1.110996e+02 1.378585e+01 -2.000000e+00
      vertex   1.114144e+02 1.391233e+01 -5.000000e-01
    endloop
  endfacet
  facet normal 3.728565e-01 -9.278890e-01 0.000000e+00
    outer loop
      vertex   1.114144e+02 1.391233e+01 -5.000000e-01
      vertex   1.110996e+02 1.378585e+01 -2.000000e+00
      vertex   1.114144e+02 1.391233e+01 -2.000000e+00
    endloop
  endfacet
  facet normal 2.106793e-01 -9.775552e-01 0.000000e+00
    outer loop
      vertex   1.114144e+02 1.391233e+01 -5.000000e-01
      vertex   1.114144e+02 1.391233e+01 -2.000000e+00
      vertex   1.117460e+02 1.398380e+01 -5.000000e-01
    endloop
  endfacet
  facet normal 2.106793e-01 -9.775552e-01 0.000000e+00
    outer loop
      vertex   1.117460e+02 1.398380e+01 -5.000000e-01
      vertex   1.114144e+02 1.391233e+01 -2.000000e+00
      vertex   1.117460e+02 1.398380e+01 -2.000000e+00
    endloop
  endfacet
  facet normal 4.244120e-02 -9.990990e-01 0.000000e+00
    outer loop
      vertex   1.117460e+02 1.398380e+01 -5.000000e-01
      vertex   1.117460e+02 1.398380e+01 -2.000000e+00
      vertex   1.120849e+02 1.399820e+01 -5.000000e-01
    endloop
  endfacet
  facet normal 4.244120e-02 -9.990990e-01 0.000000e+00
    outer loop
      vertex   1.120849e+02 1.399820e+01 -5.000000e-01
      vertex   1.117460e+02 1.398380e+01 -2.000000e+00
      vertex   1.120849e+02 1.399820e+01 -2.000000e+00
    endloop
  endfacet
  facet normal -1.270178e-01 -9.919004e-01 -0.000000e+00
    outer loop
      vertex   1.120849e+02 1.399820e+01 -5.000000e-01
      vertex   1.120849e+02 1.399820e+01 -2.000000e+00
      vertex   1.124214e+02 1.395511e+01 -5.000000e-01
    endloop
  endfacet
  facet normal -1.270178e-01 -9.919004e-01 -0.000000e+00
    outer loop
      vertex   1.124214e+02 1.395511e+01 -5.000000e-01
      vertex   1.120849e+02 1.399820e+01 -2.000000e+00
      vertex   1.124214e+02 1.395511e+01 -2.000000e+00
    endloop
  endfacet
  facet normal -2.928228e-01 -9.561667e-01 -0.000000e+00
    outer loop
      vertex   1.124214e+02 1.395511e+01 -5.000000e-01
      vertex   1.124214e+02 1.395511e+01 -2.000000e+00
      vertex   1.127457e+02 1.385578e+01 -5.000000e-01
    endloop
  endfacet
  facet normal -2.928228e-01 -9.561667e-01 -0.000000e+00
    outer loop
      vertex   1.127457e+02 1.385578e+01 -5.000000e-01
      vertex   1.124214e+02 1.395511e+01 -2.000000e+00
      vertex   1.127457e+02 1.385578e+01 -2.000000e+00
    endloop
  endfacet
  facet normal -4.502037e-01 -8.929259e-01 -0.000000e+00
    outer loop
      vertex   1.127457e+02 1.385578e+01 -5.000000e-01
      vertex   1.127457e+02 1.385578e+01 -2.000000e+00
      vertex   1.130486e+02 1.370306e+01 -5.000000e-01
    endloop
  endfacet
  facet normal -4.502037e-01 -8.929259e-01 -0.000000e+00
    outer loop
      vertex   1.130486e+02 1.370306e+01 -5.000000e-01
      vertex   1.127457e+02 1.385578e+01 -2.000000e+00
      vertex   1.130486e+02 1.370306e+01 -2.000000e+00
    endloop
  endfacet
  facet normal -5.946332e-01 -8.039971e-01 -0.000000e+00
    outer loop
      vertex   1.130486e+02 1.370306e+01 -5.000000e-01
      vertex   1.130486e+02 1.370306e+01 -2.000000e+00
      vertex   1.133214e+02 1.350134e+01 -5.000000e-01
    endloop
  endfacet
  facet normal -5.946332e-01 -8.039971e-01 -0.000000e+00
    outer loop
      vertex   1.133214e+02 1.350134e+01 -5.000000e-01
      vertex   1.130486e+02 1.370306e+01 -2.000000e+00
      vertex   1.133214e+02 1.350134e+01 -2.000000e+00
    endloop
  endfacet
  facet normal -7.219561e-01 -6.919389e-01 -0.000000e+00
    outer loop
      vertex   1.133214e+02 1.350134e+01 -5.000000e-01
      vertex   1.133214e+02 1.350134e+01 -2.000000e+00
      vertex   1.135561e+02 1.325644e+01 -5.000000e-01
    endloop
  endfacet
  facet normal -7.219561e-01 -6.919389e-01 -0.000000e+00
    outer loop
      vertex   1.135561e+02 1.325644e+01 -5.000000e-01
      vertex   1.133214e+02 1.350134e+01 -2.000000e+00
      vertex   1.135561e+02 1.325644e+01 -2.000000e+00
    endloop
  endfacet
  facet normal -8.285096e-01 -5.599748e-01 -0.000000e+00
    outer loop
      vertex   1.135561e+02 1.325644e+01 -5.000000e-01
      vertex   1.135561e+02 1.325644e+01 -2.000000e+00
      vertex   1.137460e+02 1.297539e+01 -5.000000e-01
    endloop
  endfacet
  facet normal -8.285096e-01 -5.599748e-01 -0.000000e+00
    outer loop
      vertex   1.137460e+02 1.297539e+01 -5.000000e-01
      vertex   1.135561e+02 1.325644e+01 -2.000000e+00
      vertex   1.137460e+02 1.297539e+01 -2.000000e+00
    endloop
  endfacet
  facet normal -9.112285e-01 -4.119012e-01 -0.000000e+00
    outer loop
      vertex   1.137460e+02 1.297539e+01 -5.000000e-01
      vertex   1.137460e+02 1.297539e+01 -2.000000e+00
      vertex   1.138858e+02 1.266628e+01 -5.000000e-01
    endloop
  endfacet
  facet normal -9.112285e-01 -4.119012e-01 -0.000000e+00
    outer loop
      vertex   1.138858e+02 1.266628e+01 -5.000000e-01
      vertex   1.137460e+02 1.297539e+01 -2.000000e+00
      vertex   1.138858e+02 1.266628e+01 -2.000000e+00
    endloop
  endfacet
  facet normal -9.677329e-01 -2.519781e-01 -0.000000e+00
    outer loop
      vertex   1.138858e+02 1.266628e+01 -5.000000e-01
      vertex   1.138858e+02 1.266628e+01 -2.000000e+00
      vertex   1.139712e+02 1.233800e+01 -5.000000e-01
    endloop
  endfacet
  facet normal -9.677329e-01 -2.519781e-01 -0.000000e+00
    outer loop
      vertex   1.139712e+02 1.233800e+01 -5.000000e-01
      vertex   1.138858e+02 1.266628e+01 -2.000000e+00
      vertex   1.139712e+02 1.233800e+01 -2.000000e+00
    endloop
  endfacet
endsolid
