solid ASCII
  facet normal 6.299503e-02 9.917385e-01 1.117421e-01
    outer loop
      vertex   2.770000e+02 9.550000e+01 3.550000e+01
      vertex   2.770000e+02 9.546239e+01 3.583378e+01
      vertex   2.772592e+02 9.548354e+01 3.550000e+01
    endloop
  endfacet
  facet normal 8.268309e-02 9.884735e-01 1.268215e-01
    outer loop
      vertex   2.772592e+02 9.548354e+01 3.550000e+01
      vertex   2.770000e+02 9.546239e+01 3.583378e+01
      vertex   2.772513e+02 9.543630e+01 3.587333e+01
    endloop
  endfacet
  facet normal 1.947374e-01 9.725771e-01 1.271655e-01
    outer loop
      vertex   2.772592e+02 9.548354e+01 3.550000e+01
      vertex   2.772513e+02 9.543630e+01 3.587333e+01
      vertex   2.774781e+02 9.543970e+01 3.550000e+01
    endloop
  endfacet
  facet normal 1.947451e-01 9.725750e-01 1.271701e-01
    outer loop
      vertex   2.774781e+02 9.543970e+01 3.550000e+01
      vertex   2.772513e+02 9.543630e+01 3.587333e+01
      vertex   2.774658e+02 9.539335e+01 3.587333e+01
    endloop
  endfacet
  facet normal 3.506591e-01 9.278843e-01 1.267629e-01
    outer loop
      vertex   2.774781e+02 9.543970e+01 3.550000e+01
      vertex   2.774658e+02 9.539335e+01 3.587333e+01
      vertex   2.778420e+02 9.530218e+01 3.550000e+01
    endloop
  endfacet
  facet normal 3.497859e-01 9.283490e-01 1.257694e-01
    outer loop
      vertex   2.778420e+02 9.530218e+01 3.550000e+01
      vertex   2.774658e+02 9.539335e+01 3.587333e+01
      vertex   2.778205e+02 9.525971e+01 3.587333e+01
    endloop
  endfacet
  facet normal 5.076012e-01 8.522974e-01 1.262151e-01
    outer loop
      vertex   2.778420e+02 9.530218e+01 3.550000e+01
      vertex   2.778205e+02 9.525971e+01 3.587333e+01
      vertex   2.781454e+02 9.512149e+01 3.550000e+01
    endloop
  endfacet
  facet normal 5.081137e-01 8.519041e-01 1.268067e-01
    outer loop
      vertex   2.781454e+02 9.512149e+01 3.550000e+01
      vertex   2.778205e+02 9.525971e+01 3.587333e+01
      vertex   2.781175e+02 9.508255e+01 3.587333e+01
    endloop
  endfacet
  facet normal 6.447446e-01 7.538107e-01 1.267827e-01
    outer loop
      vertex   2.781454e+02 9.512149e+01 3.550000e+01
      vertex   2.781175e+02 9.508255e+01 3.587333e+01
      vertex   2.784020e+02 9.490200e+01 3.550000e+01
    endloop
  endfacet
  facet normal 6.440029e-01 7.546032e-01 1.258343e-01
    outer loop
      vertex   2.784020e+02 9.490200e+01 3.550000e+01
      vertex   2.781175e+02 9.508255e+01 3.587333e+01
      vertex   2.783684e+02 9.486846e+01 3.587333e+01
    endloop
  endfacet
  facet normal 7.548629e-01 6.436934e-01 1.258604e-01
    outer loop
      vertex   2.784020e+02 9.490200e+01 3.550000e+01
      vertex   2.783684e+02 9.486846e+01 3.587333e+01
      vertex   2.786212e+02 9.464499e+01 3.550000e+01
    endloop
  endfacet
  facet normal 7.553020e-01 6.430433e-01 1.265469e-01
    outer loop
      vertex   2.786212e+02 9.464499e+01 3.550000e+01
      vertex   2.783684e+02 9.486846e+01 3.587333e+01
      vertex   2.785825e+02 9.461691e+01 3.587333e+01
    endloop
  endfacet
  facet normal 8.518838e-01 5.082475e-01 1.264063e-01
    outer loop
      vertex   2.786212e+02 9.464499e+01 3.550000e+01
      vertex   2.785825e+02 9.461691e+01 3.587333e+01
      vertex   2.788020e+02 9.434183e+01 3.550000e+01
    endloop
  endfacet
  facet normal 8.515921e-01 5.088970e-01 1.257562e-01
    outer loop
      vertex   2.788020e+02 9.434183e+01 3.550000e+01
      vertex   2.785825e+02 9.461691e+01 3.587333e+01
      vertex   2.787592e+02 9.432128e+01 3.587333e+01
    endloop
  endfacet
  facet normal 9.299986e-01 3.453804e-01 1.257575e-01
    outer loop
      vertex   2.788020e+02 9.434183e+01 3.550000e+01
      vertex   2.787592e+02 9.432128e+01 3.587333e+01
      vertex   2.789379e+02 9.397599e+01 3.550000e+01
    endloop
  endfacet
  facet normal 9.300154e-01 3.453078e-01 1.258327e-01
    outer loop
      vertex   2.789379e+02 9.397599e+01 3.550000e+01
      vertex   2.787592e+02 9.432128e+01 3.587333e+01
      vertex   2.788920e+02 9.396347e+01 3.587333e+01
    endloop
  endfacet
  facet normal 9.723220e-01 1.967286e-01 1.260466e-01
    outer loop
      vertex   2.789379e+02 9.397599e+01 3.550000e+01
      vertex   2.788920e+02 9.396347e+01 3.587333e+01
      vertex   2.789821e+02 9.375751e+01 3.550000e+01
    endloop
  endfacet
  facet normal 9.723854e-01 1.962278e-01 1.263382e-01
    outer loop
      vertex   2.789821e+02 9.375751e+01 3.550000e+01
      vertex   2.788920e+02 9.396347e+01 3.587333e+01
      vertex   2.789349e+02 9.375088e+01 3.587333e+01
    endloop
  endfacet
  facet normal 9.880486e-01 8.822025e-02 1.264008e-01
    outer loop
      vertex   2.789821e+02 9.375751e+01 3.550000e+01
      vertex   2.789349e+02 9.375088e+01 3.587333e+01
      vertex   2.789624e+02 9.350000e+01 3.583378e+01
    endloop
  endfacet
  facet normal 9.426461e-01 5.118419e-02 3.298461e-01
    outer loop
      vertex   2.789624e+02 9.350000e+01 3.583378e+01
      vertex   2.789349e+02 9.375088e+01 3.587333e+01
      vertex   2.788515e+02 9.350000e+01 3.615083e+01
    endloop
  endfacet
  facet normal 9.372528e-01 6.666314e-02 3.422180e-01
    outer loop
      vertex   2.788515e+02 9.350000e+01 3.615083e+01
      vertex   2.789349e+02 9.375088e+01 3.587333e+01
      vertex   2.788338e+02 9.373661e+01 3.615309e+01
    endloop
  endfacet
  facet normal 8.509991e-01 5.850810e-02 5.218978e-01
    outer loop
      vertex   2.788515e+02 9.350000e+01 3.615083e+01
      vertex   2.788338e+02 9.373661e+01 3.615309e+01
      vertex   2.786796e+02 9.371486e+01 3.640688e+01
    endloop
  endfacet
  facet normal 8.358627e-01 1.692537e-01 5.221942e-01
    outer loop
      vertex   2.786796e+02 9.371486e+01 3.640688e+01
      vertex   2.788338e+02 9.373661e+01 3.615309e+01
      vertex   2.786424e+02 9.389859e+01 3.640688e+01
    endloop
  endfacet
  facet normal 7.181855e-01 1.454252e-01 6.804860e-01
    outer loop
      vertex   2.786796e+02 9.371486e+01 3.640688e+01
      vertex   2.786424e+02 9.389859e+01 3.640688e+01
      vertex   2.784462e+02 9.384707e+01 3.662502e+01
    endloop
  endfacet
  facet normal 6.879005e-01 2.556843e-01 6.792779e-01
    outer loop
      vertex   2.784462e+02 9.384707e+01 3.662502e+01
      vertex   2.786424e+02 9.389859e+01 3.640688e+01
      vertex   2.783450e+02 9.411933e+01 3.662502e+01
    endloop
  endfacet
  facet normal 5.493882e-01 2.042009e-01 8.102312e-01
    outer loop
      vertex   2.784462e+02 9.384707e+01 3.662502e+01
      vertex   2.783450e+02 9.411933e+01 3.662502e+01
      vertex   2.781276e+02 9.401362e+01 3.679904e+01
    endloop
  endfacet
  facet normal 5.028859e-01 3.002804e-01 8.105168e-01
    outer loop
      vertex   2.781276e+02 9.401362e+01 3.679904e+01
      vertex   2.783450e+02 9.411933e+01 3.662502e+01
      vertex   2.780125e+02 9.420650e+01 3.679904e+01
    endloop
  endfacet
  facet normal 3.821450e-01 2.281842e-01 8.954871e-01
    outer loop
      vertex   2.781276e+02 9.401362e+01 3.679904e+01
      vertex   2.780125e+02 9.420650e+01 3.679904e+01
      vertex   2.778754e+02 9.410775e+01 3.688269e+01
    endloop
  endfacet
  facet normal 3.386505e-01 2.886105e-01 8.955556e-01
    outer loop
      vertex   2.778754e+02 9.410775e+01 3.688269e+01
      vertex   2.780125e+02 9.420650e+01 3.679904e+01
      vertex   2.777523e+02 9.425226e+01 3.688269e+01
    endloop
  endfacet
  facet normal 2.241328e-01 1.910143e-01 9.556558e-01
    outer loop
      vertex   2.778754e+02 9.410775e+01 3.688269e+01
      vertex   2.777523e+02 9.425226e+01 3.688269e+01
      vertex   2.775509e+02 9.405091e+01 3.697016e+01
    endloop
  endfacet
  facet normal 1.911504e-01 2.239982e-01 9.556601e-01
    outer loop
      vertex   2.775509e+02 9.405091e+01 3.697016e+01
      vertex   2.777523e+02 9.425226e+01 3.688269e+01
      vertex   2.774413e+02 9.414440e+01 3.697016e+01
    endloop
  endfacet
  facet normal 6.521508e-02 7.642182e-02 9.949405e-01
    outer loop
      vertex   2.775509e+02 9.405091e+01 3.697016e+01
      vertex   2.774413e+02 9.414440e+01 3.697016e+01
      vertex   2.772680e+02 9.390382e+01 3.700000e+01
    endloop
  endfacet
  facet normal 5.162054e-02 8.621744e-02 9.949381e-01
    outer loop
      vertex   2.772680e+02 9.390382e+01 3.700000e+01
      vertex   2.774413e+02 9.414440e+01 3.697016e+01
      vertex   2.771854e+02 9.395328e+01 3.700000e+01
    endloop
  endfacet
  facet normal 5.155201e-02 8.630853e-02 9.949338e-01
    outer loop
      vertex   2.771854e+02 9.395328e+01 3.700000e+01
      vertex   2.774413e+02 9.414440e+01 3.697016e+01
      vertex   2.773151e+02 9.421981e+01 3.697016e+01
    endloop
  endfacet
  facet normal 3.529789e-02 9.421759e-02 9.949257e-01
    outer loop
      vertex   2.771854e+02 9.395328e+01 3.700000e+01
      vertex   2.773151e+02 9.421981e+01 3.697016e+01
      vertex   2.770952e+02 9.398708e+01 3.700000e+01
    endloop
  endfacet
  facet normal 3.540439e-02 9.411767e-02 9.949314e-01
    outer loop
      vertex   2.770952e+02 9.398708e+01 3.700000e+01
      vertex   2.773151e+02 9.421981e+01 3.697016e+01
      vertex   2.771708e+02 9.427408e+01 3.697016e+01
    endloop
  endfacet
  facet normal 1.975343e-02 9.824655e-02 9.949660e-01
    outer loop
      vertex   2.770952e+02 9.398708e+01 3.700000e+01
      vertex   2.771708e+02 9.427408e+01 3.697016e+01
      vertex   2.770897e+02 9.429040e+01 3.697016e+01
    endloop
  endfacet
  facet normal 5.789509e-02 2.879496e-01 9.558939e-01
    outer loop
      vertex   2.770897e+02 9.429040e+01 3.697016e+01
      vertex   2.771708e+02 9.427408e+01 3.697016e+01
      vertex   2.772435e+02 9.454983e+01 3.688269e+01
    endloop
  endfacet
  facet normal 5.779695e-02 2.880043e-01 9.558834e-01
    outer loop
      vertex   2.770897e+02 9.429040e+01 3.697016e+01
      vertex   2.772435e+02 9.454983e+01 3.688269e+01
      vertex   2.771297e+02 9.457267e+01 3.688269e+01
    endloop
  endfacet
  facet normal 8.734864e-02 4.352614e-01 8.960568e-01
    outer loop
      vertex   2.771297e+02 9.457267e+01 3.688269e+01
      vertex   2.772435e+02 9.454983e+01 3.688269e+01
      vertex   2.772866e+02 9.471339e+01 3.679904e+01
    endloop
  endfacet
  facet normal 8.729843e-02 4.353071e-01 8.960395e-01
    outer loop
      vertex   2.771297e+02 9.457267e+01 3.688269e+01
      vertex   2.772866e+02 9.471339e+01 3.679904e+01
      vertex   2.771536e+02 9.474008e+01 3.679904e+01
    endloop
  endfacet
  facet normal 1.148916e-01 5.728983e-01 8.115340e-01
    outer loop
      vertex   2.771536e+02 9.474008e+01 3.679904e+01
      vertex   2.772866e+02 9.471339e+01 3.679904e+01
      vertex   2.773484e+02 9.494751e+01 3.662502e+01
    endloop
  endfacet
  facet normal 1.148221e-01 5.729444e-01 8.115113e-01
    outer loop
      vertex   2.771536e+02 9.474008e+01 3.679904e+01
      vertex   2.773484e+02 9.494751e+01 3.662502e+01
      vertex   2.771878e+02 9.497968e+01 3.662502e+01
    endloop
  endfacet
  facet normal 1.438976e-01 7.180266e-01 6.809782e-01
    outer loop
      vertex   2.771878e+02 9.497968e+01 3.662502e+01
      vertex   2.773484e+02 9.494751e+01 3.662502e+01
      vertex   2.774002e+02 9.514402e+01 3.640688e+01
    endloop
  endfacet
  facet normal 1.438440e-01 7.180617e-01 6.809525e-01
    outer loop
      vertex   2.771878e+02 9.497968e+01 3.662502e+01
      vertex   2.774002e+02 9.514402e+01 3.640688e+01
      vertex   2.772164e+02 9.518082e+01 3.640688e+01
    endloop
  endfacet
  facet normal 1.674929e-01 8.361155e-01 5.223572e-01
    outer loop
      vertex   2.772164e+02 9.518082e+01 3.640688e+01
      vertex   2.774002e+02 9.514402e+01 3.640688e+01
      vertex   2.774398e+02 9.529463e+01 3.615309e+01
    endloop
  endfacet
  facet normal 1.674524e-01 8.361392e-01 5.223322e-01
    outer loop
      vertex   2.772164e+02 9.518082e+01 3.640688e+01
      vertex   2.774398e+02 9.529463e+01 3.615309e+01
      vertex   2.772378e+02 9.533509e+01 3.615309e+01
    endloop
  endfacet
  facet normal 1.845110e-01 9.213176e-01 3.422419e-01
    outer loop
      vertex   2.772378e+02 9.533509e+01 3.615309e+01
      vertex   2.774398e+02 9.529463e+01 3.615309e+01
      vertex   2.774658e+02 9.539335e+01 3.587333e+01
    endloop
  endfacet
  facet normal 1.844840e-01 9.213302e-01 3.422225e-01
    outer loop
      vertex   2.772378e+02 9.533509e+01 3.615309e+01
      vertex   2.774658e+02 9.539335e+01 3.587333e+01
      vertex   2.772513e+02 9.543630e+01 3.587333e+01
    endloop
  endfacet
  facet normal 4.598963e-02 9.428846e-01 3.299296e-01
    outer loop
      vertex   2.770000e+02 9.546239e+01 3.583378e+01
      vertex   2.770000e+02 9.535145e+01 3.615083e+01
      vertex   2.772513e+02 9.543630e+01 3.587333e+01
    endloop
  endfacet
  facet normal 6.126093e-02 9.376437e-01 3.421571e-01
    outer loop
      vertex   2.772513e+02 9.543630e+01 3.587333e+01
      vertex   2.770000e+02 9.535145e+01 3.615083e+01
      vertex   2.772378e+02 9.533509e+01 3.615309e+01
    endloop
  endfacet
  facet normal 5.360631e-02 8.512767e-01 5.219716e-01
    outer loop
      vertex   2.772378e+02 9.533509e+01 3.615309e+01
      vertex   2.770000e+02 9.535145e+01 3.615083e+01
      vertex   2.772164e+02 9.518082e+01 3.640688e+01
    endloop
  endfacet
  facet normal 3.808823e-02 8.461098e-01 5.316460e-01
    outer loop
      vertex   2.772164e+02 9.518082e+01 3.640688e+01
      vertex   2.770000e+02 9.535145e+01 3.615083e+01
      vertex   2.770000e+02 9.517275e+01 3.643523e+01
    endloop
  endfacet
  facet normal 6.199329e-02 7.297014e-01 6.809498e-01
    outer loop
      vertex   2.772164e+02 9.518082e+01 3.640688e+01
      vertex   2.770000e+02 9.517275e+01 3.643523e+01
      vertex   2.771878e+02 9.497968e+01 3.662502e+01
    endloop
  endfacet
  facet normal 1.233912e-02 7.070529e-01 7.070529e-01
    outer loop
      vertex   2.771878e+02 9.497968e+01 3.662502e+01
      vertex   2.770000e+02 9.517275e+01 3.643523e+01
      vertex   2.770000e+02 9.493523e+01 3.667275e+01
    endloop
  endfacet
  facet normal 6.909580e-02 5.797411e-01 8.118657e-01
    outer loop
      vertex   2.771878e+02 9.497968e+01 3.662502e+01
      vertex   2.770000e+02 9.493523e+01 3.667275e+01
      vertex   2.771536e+02 9.474008e+01 3.679904e+01
    endloop
  endfacet
  facet normal -2.019786e-02 5.319235e-01 8.465515e-01
    outer loop
      vertex   2.771536e+02 9.474008e+01 3.679904e+01
      vertex   2.770000e+02 9.493523e+01 3.667275e+01
      vertex   2.770000e+02 9.465083e+01 3.685145e+01
    endloop
  endfacet
  facet normal 4.974701e-02 4.407582e-01 8.962463e-01
    outer loop
      vertex   2.771536e+02 9.474008e+01 3.679904e+01
      vertex   2.770000e+02 9.465083e+01 3.685145e+01
      vertex   2.771297e+02 9.457267e+01 3.688269e+01
    endloop
  endfacet
  facet normal -2.827279e-02 3.301470e-01 9.435060e-01
    outer loop
      vertex   2.771297e+02 9.457267e+01 3.688269e+01
      vertex   2.770000e+02 9.465083e+01 3.685145e+01
      vertex   2.770000e+02 9.433378e+01 3.696239e+01
    endloop
  endfacet
  facet normal 5.663283e-02 2.881751e-01 9.559016e-01
    outer loop
      vertex   2.771297e+02 9.457267e+01 3.688269e+01
      vertex   2.770000e+02 9.433378e+01 3.696239e+01
      vertex   2.770897e+02 9.429040e+01 3.697016e+01
    endloop
  endfacet
  facet normal -3.188619e-02 1.119075e-01 9.932069e-01
    outer loop
      vertex   2.770897e+02 9.429040e+01 3.697016e+01
      vertex   2.770000e+02 9.433378e+01 3.696239e+01
      vertex   2.770000e+02 9.400000e+01 3.700000e+01
    endloop
  endfacet
  facet normal 1.332585e-02 9.814106e-02 9.950833e-01
    outer loop
      vertex   2.770897e+02 9.429040e+01 3.697016e+01
      vertex   2.770000e+02 9.400000e+01 3.700000e+01
      vertex   2.770952e+02 9.398708e+01 3.700000e+01
    endloop
  endfacet
  facet normal 6.517447e-02 7.649928e-02 9.949373e-01
    outer loop
      vertex   2.772680e+02 9.390382e+01 3.700000e+01
      vertex   2.773413e+02 9.384134e+01 3.700000e+01
      vertex   2.775509e+02 9.405091e+01 3.697016e+01
    endloop
  endfacet
  facet normal 7.649792e-02 6.517601e-02 9.949373e-01
    outer loop
      vertex   2.775509e+02 9.405091e+01 3.697016e+01
      vertex   2.773413e+02 9.384134e+01 3.700000e+01
      vertex   2.776443e+02 9.394128e+01 3.697016e+01
    endloop
  endfacet
  facet normal 2.241426e-01 1.909688e-01 9.556626e-01
    outer loop
      vertex   2.775509e+02 9.405091e+01 3.697016e+01
      vertex   2.776443e+02 9.394128e+01 3.697016e+01
      vertex   2.778754e+02 9.410775e+01 3.688269e+01
    endloop
  endfacet
  facet normal 2.528732e-01 1.510695e-01 9.556323e-01
    outer loop
      vertex   2.778754e+02 9.410775e+01 3.688269e+01
      vertex   2.776443e+02 9.394128e+01 3.697016e+01
      vertex   2.779758e+02 9.393973e+01 3.688269e+01
    endloop
  endfacet
  facet normal 3.821789e-01 2.283183e-01 8.954385e-01
    outer loop
      vertex   2.778754e+02 9.410775e+01 3.688269e+01
      vertex   2.779758e+02 9.393973e+01 3.688269e+01
      vertex   2.781276e+02 9.401362e+01 3.679904e+01
    endloop
  endfacet
  facet normal 4.176081e-01 1.552976e-01 8.952576e-01
    outer loop
      vertex   2.781276e+02 9.401362e+01 3.679904e+01
      vertex   2.779758e+02 9.393973e+01 3.688269e+01
      vertex   2.782124e+02 9.378563e+01 3.679904e+01
    endloop
  endfacet
  facet normal 5.494203e-01 2.043151e-01 8.101806e-01
    outer loop
      vertex   2.781276e+02 9.401362e+01 3.679904e+01
      vertex   2.782124e+02 9.378563e+01 3.679904e+01
      vertex   2.784462e+02 9.384707e+01 3.662502e+01
    endloop
  endfacet
  facet normal 5.732863e-01 1.160866e-01 8.110899e-01
    outer loop
      vertex   2.784462e+02 9.384707e+01 3.662502e+01
      vertex   2.782124e+02 9.378563e+01 3.679904e+01
      vertex   2.784787e+02 9.368653e+01 3.662502e+01
    endloop
  endfacet
  facet normal 7.181859e-01 1.454279e-01 6.804849e-01
    outer loop
      vertex   2.784462e+02 9.384707e+01 3.662502e+01
      vertex   2.784787e+02 9.368653e+01 3.662502e+01
      vertex   2.786796e+02 9.371486e+01 3.640688e+01
    endloop
  endfacet
  facet normal 7.295537e-01 6.639916e-02 6.806927e-01
    outer loop
      vertex   2.786796e+02 9.371486e+01 3.640688e+01
      vertex   2.784787e+02 9.368653e+01 3.662502e+01
      vertex   2.786727e+02 9.350000e+01 3.643523e+01
    endloop
  endfacet
  facet normal 8.459420e-01 4.297293e-02 5.315406e-01
    outer loop
      vertex   2.786796e+02 9.371486e+01 3.640688e+01
      vertex   2.786727e+02 9.350000e+01 3.643523e+01
      vertex   2.788515e+02 9.350000e+01 3.615083e+01
    endloop
  endfacet
  facet normal 7.650626e-02 6.515103e-02 9.949383e-01
    outer loop
      vertex   2.773413e+02 9.384134e+01 3.700000e+01
      vertex   2.774038e+02 9.376801e+01 3.700000e+01
      vertex   2.776443e+02 9.394128e+01 3.697016e+01
    endloop
  endfacet
  facet normal 8.627687e-02 5.158671e-02 9.949347e-01
    outer loop
      vertex   2.776443e+02 9.394128e+01 3.697016e+01
      vertex   2.774038e+02 9.376801e+01 3.700000e+01
      vertex   2.777197e+02 9.381512e+01 3.697016e+01
    endloop
  endfacet
  facet normal 2.528688e-01 1.511954e-01 9.556136e-01
    outer loop
      vertex   2.776443e+02 9.394128e+01 3.697016e+01
      vertex   2.777197e+02 9.381512e+01 3.697016e+01
      vertex   2.779758e+02 9.393973e+01 3.688269e+01
    endloop
  endfacet
  facet normal 2.763790e-01 1.028325e-01 9.555313e-01
    outer loop
      vertex   2.779758e+02 9.393973e+01 3.688269e+01
      vertex   2.777197e+02 9.381512e+01 3.697016e+01
      vertex   2.780491e+02 9.374274e+01 3.688269e+01
    endloop
  endfacet
  facet normal 4.176593e-01 1.553988e-01 8.952161e-01
    outer loop
      vertex   2.779758e+02 9.393973e+01 3.688269e+01
      vertex   2.780491e+02 9.374274e+01 3.688269e+01
      vertex   2.782124e+02 9.378563e+01 3.679904e+01
    endloop
  endfacet
  facet normal 4.356175e-01 8.815261e-02 8.958049e-01
    outer loop
      vertex   2.782124e+02 9.378563e+01 3.679904e+01
      vertex   2.780491e+02 9.374274e+01 3.688269e+01
      vertex   2.782393e+02 9.365278e+01 3.679904e+01
    endloop
  endfacet
  facet normal 5.732714e-01 1.160086e-01 8.111116e-01
    outer loop
      vertex   2.782124e+02 9.378563e+01 3.679904e+01
      vertex   2.782393e+02 9.365278e+01 3.679904e+01
      vertex   2.784787e+02 9.368653e+01 3.662502e+01
    endloop
  endfacet
  facet normal 5.797281e-01 7.257716e-02 8.115712e-01
    outer loop
      vertex   2.784787e+02 9.368653e+01 3.662502e+01
      vertex   2.782393e+02 9.365278e+01 3.679904e+01
      vertex   2.784352e+02 9.350000e+01 3.667275e+01
    endloop
  endfacet
  facet normal 7.070144e-01 1.616805e-02 7.070144e-01
    outer loop
      vertex   2.784787e+02 9.368653e+01 3.662502e+01
      vertex   2.784352e+02 9.350000e+01 3.667275e+01
      vertex   2.786727e+02 9.350000e+01 3.643523e+01
    endloop
  endfacet
  facet normal 8.626453e-02 5.166755e-02 9.949316e-01
    outer loop
      vertex   2.774038e+02 9.376801e+01 3.700000e+01
      vertex   2.774533e+02 9.368541e+01 3.700000e+01
      vertex   2.777197e+02 9.381512e+01 3.697016e+01
    endloop
  endfacet
  facet normal 9.430724e-02 3.514116e-02 9.949227e-01
    outer loop
      vertex   2.777197e+02 9.381512e+01 3.697016e+01
      vertex   2.774533e+02 9.368541e+01 3.700000e+01
      vertex   2.777736e+02 9.367048e+01 3.697016e+01
    endloop
  endfacet
  facet normal 2.764081e-01 1.029963e-01 9.555053e-01
    outer loop
      vertex   2.777197e+02 9.381512e+01 3.697016e+01
      vertex   2.777736e+02 9.367048e+01 3.697016e+01
      vertex   2.780491e+02 9.374274e+01 3.688269e+01
    endloop
  endfacet
  facet normal 2.882206e-01 5.831290e-02 9.557868e-01
    outer loop
      vertex   2.780491e+02 9.374274e+01 3.688269e+01
      vertex   2.777736e+02 9.367048e+01 3.697016e+01
      vertex   2.780721e+02 9.362920e+01 3.688269e+01
    endloop
  endfacet
  facet normal 4.356105e-01 8.813287e-02 8.958103e-01
    outer loop
      vertex   2.780491e+02 9.374274e+01 3.688269e+01
      vertex   2.780721e+02 9.362920e+01 3.688269e+01
      vertex   2.782393e+02 9.365278e+01 3.679904e+01
    endloop
  endfacet
  facet normal 4.408237e-01 5.211191e-02 8.960797e-01
    outer loop
      vertex   2.782393e+02 9.365278e+01 3.679904e+01
      vertex   2.780721e+02 9.362920e+01 3.688269e+01
      vertex   2.781508e+02 9.350000e+01 3.685145e+01
    endloop
  endfacet
  facet normal 5.319493e-01 -1.764366e-02 8.465924e-01
    outer loop
      vertex   2.782393e+02 9.365278e+01 3.679904e+01
      vertex   2.781508e+02 9.350000e+01 3.685145e+01
      vertex   2.784352e+02 9.350000e+01 3.667275e+01
    endloop
  endfacet
  facet normal 9.431245e-02 3.526246e-02 9.949179e-01
    outer loop
      vertex   2.774533e+02 9.368541e+01 3.700000e+01
      vertex   2.774870e+02 9.359527e+01 3.700000e+01
      vertex   2.777736e+02 9.367048e+01 3.697016e+01
    endloop
  endfacet
  facet normal 9.834573e-02 1.990185e-02 9.949533e-01
    outer loop
      vertex   2.777736e+02 9.367048e+01 3.697016e+01
      vertex   2.774870e+02 9.359527e+01 3.700000e+01
      vertex   2.777900e+02 9.358944e+01 3.697016e+01
    endloop
  endfacet
  facet normal 2.882221e-01 5.832641e-02 9.557856e-01
    outer loop
      vertex   2.777736e+02 9.367048e+01 3.697016e+01
      vertex   2.777900e+02 9.358944e+01 3.697016e+01
      vertex   2.780721e+02 9.362920e+01 3.688269e+01
    endloop
  endfacet
  facet normal 2.882734e-01 5.797593e-02 9.557914e-01
    outer loop
      vertex   2.780721e+02 9.362920e+01 3.688269e+01
      vertex   2.777900e+02 9.358944e+01 3.697016e+01
      vertex   2.778338e+02 9.350000e+01 3.696239e+01
    endloop
  endfacet
  facet normal 3.301602e-01 -2.683020e-02 9.435435e-01
    outer loop
      vertex   2.780721e+02 9.362920e+01 3.688269e+01
      vertex   2.778338e+02 9.350000e+01 3.696239e+01
      vertex   2.781508e+02 9.350000e+01 3.685145e+01
    endloop
  endfacet
  facet normal 9.823315e-02 1.344640e-02 9.950726e-01
    outer loop
      vertex   2.774870e+02 9.359527e+01 3.700000e+01
      vertex   2.775000e+02 9.350000e+01 3.700000e+01
      vertex   2.777900e+02 9.358944e+01 3.697016e+01
    endloop
  endfacet
  facet normal 1.119088e-01 -3.152315e-02 9.932184e-01
    outer loop
      vertex   2.777900e+02 9.358944e+01 3.697016e+01
      vertex   2.775000e+02 9.350000e+01 3.700000e+01
      vertex   2.778338e+02 9.350000e+01 3.696239e+01
    endloop
  endfacet
  facet normal 9.913500e-01 6.891025e-02 1.116983e-01
    outer loop
      vertex   2.789624e+02 9.350000e+01 3.583378e+01
      vertex   2.790000e+02 9.350000e+01 3.550000e+01
      vertex   2.789821e+02 9.375751e+01 3.550000e+01
    endloop
  endfacet
  facet normal 1.039153e-01 2.757270e-01 9.556026e-01
    outer loop
      vertex   2.772435e+02 9.454983e+01 3.688269e+01
      vertex   2.771708e+02 9.427408e+01 3.697016e+01
      vertex   2.774397e+02 9.447588e+01 3.688269e+01
    endloop
  endfacet
  facet normal 1.037821e-01 2.758903e-01 9.555699e-01
    outer loop
      vertex   2.774397e+02 9.447588e+01 3.688269e+01
      vertex   2.771708e+02 9.427408e+01 3.697016e+01
      vertex   2.773151e+02 9.421981e+01 3.697016e+01
    endloop
  endfacet
  facet normal 1.509219e-01 2.529684e-01 9.556305e-01
    outer loop
      vertex   2.774397e+02 9.447588e+01 3.688269e+01
      vertex   2.773151e+02 9.421981e+01 3.697016e+01
      vertex   2.776079e+02 9.437555e+01 3.688269e+01
    endloop
  endfacet
  facet normal 1.510088e-01 2.528194e-01 9.556562e-01
    outer loop
      vertex   2.776079e+02 9.437555e+01 3.688269e+01
      vertex   2.773151e+02 9.421981e+01 3.697016e+01
      vertex   2.774413e+02 9.414440e+01 3.697016e+01
    endloop
  endfacet
  facet normal 1.912017e-01 2.238669e-01 9.556806e-01
    outer loop
      vertex   2.776079e+02 9.437555e+01 3.688269e+01
      vertex   2.774413e+02 9.414440e+01 3.697016e+01
      vertex   2.777523e+02 9.425226e+01 3.688269e+01
    endloop
  endfacet
  facet normal 1.571457e-01 4.165416e-01 8.954319e-01
    outer loop
      vertex   2.772866e+02 9.471339e+01 3.679904e+01
      vertex   2.772435e+02 9.454983e+01 3.688269e+01
      vertex   2.775137e+02 9.462773e+01 3.679904e+01
    endloop
  endfacet
  facet normal 1.570620e-01 4.167457e-01 8.953516e-01
    outer loop
      vertex   2.775137e+02 9.462773e+01 3.679904e+01
      vertex   2.772435e+02 9.454983e+01 3.688269e+01
      vertex   2.774397e+02 9.447588e+01 3.688269e+01
    endloop
  endfacet
  facet normal 2.279411e-01 3.822953e-01 8.954849e-01
    outer loop
      vertex   2.775137e+02 9.462773e+01 3.679904e+01
      vertex   2.774397e+02 9.447588e+01 3.688269e+01
      vertex   2.777067e+02 9.451266e+01 3.679904e+01
    endloop
  endfacet
  facet normal 2.279819e-01 3.821330e-01 8.955437e-01
    outer loop
      vertex   2.777067e+02 9.451266e+01 3.679904e+01
      vertex   2.774397e+02 9.447588e+01 3.688269e+01
      vertex   2.776079e+02 9.437555e+01 3.688269e+01
    endloop
  endfacet
  facet normal 2.890114e-01 3.381956e-01 8.955982e-01
    outer loop
      vertex   2.777067e+02 9.451266e+01 3.679904e+01
      vertex   2.776079e+02 9.437555e+01 3.688269e+01
      vertex   2.778717e+02 9.437167e+01 3.679904e+01
    endloop
  endfacet
  facet normal 2.889950e-01 3.383673e-01 8.955386e-01
    outer loop
      vertex   2.778717e+02 9.437167e+01 3.679904e+01
      vertex   2.776079e+02 9.437555e+01 3.688269e+01
      vertex   2.777523e+02 9.425226e+01 3.688269e+01
    endloop
  endfacet
  facet normal 3.386559e-01 2.886952e-01 8.955262e-01
    outer loop
      vertex   2.778717e+02 9.437167e+01 3.679904e+01
      vertex   2.777523e+02 9.425226e+01 3.688269e+01
      vertex   2.780125e+02 9.420650e+01 3.679904e+01
    endloop
  endfacet
  facet normal 2.070105e-01 5.478731e-01 8.105441e-01
    outer loop
      vertex   2.773484e+02 9.494751e+01 3.662502e+01
      vertex   2.772866e+02 9.471339e+01 3.679904e+01
      vertex   2.776196e+02 9.484501e+01 3.662502e+01
    endloop
  endfacet
  facet normal 2.068079e-01 5.481798e-01 8.103884e-01
    outer loop
      vertex   2.776196e+02 9.484501e+01 3.662502e+01
      vertex   2.772866e+02 9.471339e+01 3.679904e+01
      vertex   2.775137e+02 9.462773e+01 3.679904e+01
    endloop
  endfacet
  facet normal 2.996941e-01 5.030741e-01 8.106170e-01
    outer loop
      vertex   2.776196e+02 9.484501e+01 3.662502e+01
      vertex   2.775137e+02 9.462773e+01 3.679904e+01
      vertex   2.778481e+02 9.470892e+01 3.662502e+01
    endloop
  endfacet
  facet normal 2.998096e-01 5.028307e-01 8.107253e-01
    outer loop
      vertex   2.778481e+02 9.470892e+01 3.662502e+01
      vertex   2.775137e+02 9.462773e+01 3.679904e+01
      vertex   2.777067e+02 9.451266e+01 3.679904e+01
    endloop
  endfacet
  facet normal 3.804689e-01 4.447945e-01 8.108028e-01
    outer loop
      vertex   2.778481e+02 9.470892e+01 3.662502e+01
      vertex   2.777067e+02 9.451266e+01 3.679904e+01
      vertex   2.780426e+02 9.454255e+01 3.662502e+01
    endloop
  endfacet
  facet normal 3.803749e-01 4.451075e-01 8.106752e-01
    outer loop
      vertex   2.780426e+02 9.454255e+01 3.662502e+01
      vertex   2.777067e+02 9.451266e+01 3.679904e+01
      vertex   2.778717e+02 9.437167e+01 3.679904e+01
    endloop
  endfacet
  facet normal 4.454837e-01 3.799723e-01 8.106573e-01
    outer loop
      vertex   2.780426e+02 9.454255e+01 3.662502e+01
      vertex   2.778717e+02 9.437167e+01 3.679904e+01
      vertex   2.782086e+02 9.434787e+01 3.662502e+01
    endloop
  endfacet
  facet normal 4.455088e-01 3.797843e-01 8.107316e-01
    outer loop
      vertex   2.782086e+02 9.434787e+01 3.662502e+01
      vertex   2.778717e+02 9.437167e+01 3.679904e+01
      vertex   2.780125e+02 9.420650e+01 3.679904e+01
    endloop
  endfacet
  facet normal 5.028734e-01 3.000377e-01 8.106144e-01
    outer loop
      vertex   2.782086e+02 9.434787e+01 3.662502e+01
      vertex   2.780125e+02 9.420650e+01 3.679904e+01
      vertex   2.783450e+02 9.411933e+01 3.662502e+01
    endloop
  endfacet
  facet normal 2.593784e-01 6.861300e-01 6.796679e-01
    outer loop
      vertex   2.774002e+02 9.514402e+01 3.640688e+01
      vertex   2.773484e+02 9.494751e+01 3.662502e+01
      vertex   2.777085e+02 9.502747e+01 3.640688e+01
    endloop
  endfacet
  facet normal 2.592960e-01 6.862517e-01 6.795764e-01
    outer loop
      vertex   2.777085e+02 9.502747e+01 3.640688e+01
      vertex   2.773484e+02 9.494751e+01 3.662502e+01
      vertex   2.776196e+02 9.484501e+01 3.662502e+01
    endloop
  endfacet
  facet normal 3.752433e-01 6.300968e-01 6.798312e-01
    outer loop
      vertex   2.777085e+02 9.502747e+01 3.640688e+01
      vertex   2.776196e+02 9.484501e+01 3.662502e+01
      vertex   2.779668e+02 9.487365e+01 3.640688e+01
    endloop
  endfacet
  facet normal 3.752984e-01 6.299853e-01 6.799041e-01
    outer loop
      vertex   2.779668e+02 9.487365e+01 3.640688e+01
      vertex   2.776196e+02 9.484501e+01 3.662502e+01
      vertex   2.778481e+02 9.470892e+01 3.662502e+01
    endloop
  endfacet
  facet normal 4.766628e-01 5.571044e-01 6.800200e-01
    outer loop
      vertex   2.779668e+02 9.487365e+01 3.640688e+01
      vertex   2.778481e+02 9.470892e+01 3.662502e+01
      vertex   2.781861e+02 9.468603e+01 3.640688e+01
    endloop
  endfacet
  facet normal 4.766287e-01 5.572120e-01 6.799558e-01
    outer loop
      vertex   2.781861e+02 9.468603e+01 3.640688e+01
      vertex   2.778481e+02 9.470892e+01 3.662502e+01
      vertex   2.780426e+02 9.454255e+01 3.662502e+01
    endloop
  endfacet
  facet normal 5.578860e-01 4.758942e-01 6.799176e-01
    outer loop
      vertex   2.781861e+02 9.468603e+01 3.640688e+01
      vertex   2.780426e+02 9.454255e+01 3.662502e+01
      vertex   2.783733e+02 9.446651e+01 3.640688e+01
    endloop
  endfacet
  facet normal 5.578925e-01 4.758507e-01 6.799426e-01
    outer loop
      vertex   2.783733e+02 9.446651e+01 3.640688e+01
      vertex   2.780426e+02 9.454255e+01 3.662502e+01
      vertex   2.782086e+02 9.434787e+01 3.662502e+01
    endloop
  endfacet
  facet normal 6.298527e-01 3.757073e-01 6.798012e-01
    outer loop
      vertex   2.783733e+02 9.446651e+01 3.640688e+01
      vertex   2.782086e+02 9.434787e+01 3.662502e+01
      vertex   2.785274e+02 9.420811e+01 3.640688e+01
    endloop
  endfacet
  facet normal 6.298562e-01 3.758015e-01 6.797458e-01
    outer loop
      vertex   2.785274e+02 9.420811e+01 3.640688e+01
      vertex   2.782086e+02 9.434787e+01 3.662502e+01
      vertex   2.783450e+02 9.411933e+01 3.662502e+01
    endloop
  endfacet
  facet normal 6.878736e-01 2.555837e-01 6.793430e-01
    outer loop
      vertex   2.785274e+02 9.420811e+01 3.640688e+01
      vertex   2.783450e+02 9.411933e+01 3.662502e+01
      vertex   2.786424e+02 9.389859e+01 3.640688e+01
    endloop
  endfacet
  facet normal 3.014583e-01 7.985526e-01 5.209958e-01
    outer loop
      vertex   2.774398e+02 9.529463e+01 3.615309e+01
      vertex   2.774002e+02 9.514402e+01 3.640688e+01
      vertex   2.777763e+02 9.516762e+01 3.615309e+01
    endloop
  endfacet
  facet normal 3.017418e-01 7.981931e-01 5.213825e-01
    outer loop
      vertex   2.777763e+02 9.516762e+01 3.615309e+01
      vertex   2.774002e+02 9.514402e+01 3.640688e+01
      vertex   2.777085e+02 9.502747e+01 3.640688e+01
    endloop
  endfacet
  facet normal 4.368010e-01 7.330028e-01 5.214517e-01
    outer loop
      vertex   2.777763e+02 9.516762e+01 3.615309e+01
      vertex   2.777085e+02 9.502747e+01 3.640688e+01
      vertex   2.780578e+02 9.499985e+01 3.615309e+01
    endloop
  endfacet
  facet normal 4.366652e-01 7.332345e-01 5.212396e-01
    outer loop
      vertex   2.780578e+02 9.499985e+01 3.615309e+01
      vertex   2.777085e+02 9.502747e+01 3.640688e+01
      vertex   2.779668e+02 9.487365e+01 3.640688e+01
    endloop
  endfacet
  facet normal 5.544004e-01 6.486670e-01 5.214127e-01
    outer loop
      vertex   2.780578e+02 9.499985e+01 3.615309e+01
      vertex   2.779668e+02 9.487365e+01 3.640688e+01
      vertex   2.782961e+02 9.479615e+01 3.615309e+01
    endloop
  endfacet
  facet normal 5.545919e-01 6.481849e-01 5.218085e-01
    outer loop
      vertex   2.782961e+02 9.479615e+01 3.615309e+01
      vertex   2.779668e+02 9.487365e+01 3.640688e+01
      vertex   2.781861e+02 9.468603e+01 3.640688e+01
    endloop
  endfacet
  facet normal 6.492764e-01 5.533813e-01 5.217369e-01
    outer loop
      vertex   2.782961e+02 9.479615e+01 3.615309e+01
      vertex   2.781861e+02 9.468603e+01 3.640688e+01
      vertex   2.784996e+02 9.455738e+01 3.615309e+01
    endloop
  endfacet
  facet normal 6.491878e-01 5.537775e-01 5.214266e-01
    outer loop
      vertex   2.784996e+02 9.455738e+01 3.615309e+01
      vertex   2.781861e+02 9.468603e+01 3.640688e+01
      vertex   2.783733e+02 9.446651e+01 3.640688e+01
    endloop
  endfacet
  facet normal 7.327244e-01 4.374053e-01 5.213363e-01
    outer loop
      vertex   2.784996e+02 9.455738e+01 3.615309e+01
      vertex   2.783733e+02 9.446651e+01 3.640688e+01
      vertex   2.786674e+02 9.427638e+01 3.615309e+01
    endloop
  endfacet
  facet normal 7.327358e-01 4.370771e-01 5.215954e-01
    outer loop
      vertex   2.786674e+02 9.427638e+01 3.615309e+01
      vertex   2.783733e+02 9.446651e+01 3.640688e+01
      vertex   2.785274e+02 9.420811e+01 3.640688e+01
    endloop
  endfacet
  facet normal 8.000919e-01 2.971651e-01 5.211006e-01
    outer loop
      vertex   2.786674e+02 9.427638e+01 3.615309e+01
      vertex   2.785274e+02 9.420811e+01 3.640688e+01
      vertex   2.787931e+02 9.393787e+01 3.615309e+01
    endloop
  endfacet
  facet normal 8.001154e-01 2.972879e-01 5.209944e-01
    outer loop
      vertex   2.787931e+02 9.393787e+01 3.615309e+01
      vertex   2.785274e+02 9.420811e+01 3.640688e+01
      vertex   2.786424e+02 9.389859e+01 3.640688e+01
    endloop
  endfacet
  facet normal 8.358271e-01 1.689872e-01 5.223375e-01
    outer loop
      vertex   2.787931e+02 9.393787e+01 3.615309e+01
      vertex   2.786424e+02 9.389859e+01 3.640688e+01
      vertex   2.788338e+02 9.373661e+01 3.615309e+01
    endloop
  endfacet
  facet normal 3.314318e-01 8.796364e-01 3.411639e-01
    outer loop
      vertex   2.774658e+02 9.539335e+01 3.587333e+01
      vertex   2.774398e+02 9.529463e+01 3.615309e+01
      vertex   2.778205e+02 9.525971e+01 3.587333e+01
    endloop
  endfacet
  facet normal 3.318998e-01 8.791910e-01 3.418563e-01
    outer loop
      vertex   2.778205e+02 9.525971e+01 3.587333e+01
      vertex   2.774398e+02 9.529463e+01 3.615309e+01
      vertex   2.777763e+02 9.516762e+01 3.615309e+01
    endloop
  endfacet
  facet normal 4.814049e-01 8.071242e-01 3.417599e-01
    outer loop
      vertex   2.778205e+02 9.525971e+01 3.587333e+01
      vertex   2.777763e+02 9.516762e+01 3.615309e+01
      vertex   2.781175e+02 9.508255e+01 3.587333e+01
    endloop
  endfacet
  facet normal 4.811581e-01 8.074392e-01 3.413631e-01
    outer loop
      vertex   2.781175e+02 9.508255e+01 3.587333e+01
      vertex   2.777763e+02 9.516762e+01 3.615309e+01
      vertex   2.780578e+02 9.499985e+01 3.615309e+01
    endloop
  endfacet
  facet normal 6.101276e-01 7.149102e-01 3.415373e-01
    outer loop
      vertex   2.781175e+02 9.508255e+01 3.587333e+01
      vertex   2.780578e+02 9.499985e+01 3.615309e+01
      vertex   2.783684e+02 9.486846e+01 3.587333e+01
    endloop
  endfacet
  facet normal 6.104795e-01 7.142815e-01 3.422232e-01
    outer loop
      vertex   2.783684e+02 9.486846e+01 3.587333e+01
      vertex   2.780578e+02 9.499985e+01 3.615309e+01
      vertex   2.782961e+02 9.479615e+01 3.615309e+01
    endloop
  endfacet
  facet normal 7.154672e-01 6.091291e-01 3.421526e-01
    outer loop
      vertex   2.783684e+02 9.486846e+01 3.587333e+01
      vertex   2.782961e+02 9.479615e+01 3.615309e+01
      vertex   2.785825e+02 9.461691e+01 3.587333e+01
    endloop
  endfacet
  facet normal 7.152810e-01 6.096373e-01 3.416364e-01
    outer loop
      vertex   2.785825e+02 9.461691e+01 3.587333e+01
      vertex   2.782961e+02 9.479615e+01 3.615309e+01
      vertex   2.784996e+02 9.455738e+01 3.615309e+01
    endloop
  endfacet
  facet normal 8.067689e-01 4.821114e-01 3.416030e-01
    outer loop
      vertex   2.785825e+02 9.461691e+01 3.587333e+01
      vertex   2.784996e+02 9.455738e+01 3.615309e+01
      vertex   2.787592e+02 9.432128e+01 3.587333e+01
    endloop
  endfacet
  facet normal 8.068476e-01 4.816537e-01 3.420623e-01
    outer loop
      vertex   2.787592e+02 9.432128e+01 3.587333e+01
      vertex   2.784996e+02 9.455738e+01 3.615309e+01
      vertex   2.786674e+02 9.427638e+01 3.615309e+01
    endloop
  endfacet
  facet normal 8.810684e-01 3.271342e-01 3.416162e-01
    outer loop
      vertex   2.787592e+02 9.432128e+01 3.587333e+01
      vertex   2.786674e+02 9.427638e+01 3.615309e+01
      vertex   2.788920e+02 9.396347e+01 3.587333e+01
    endloop
  endfacet
  facet normal 8.810736e-01 3.272428e-01 3.414988e-01
    outer loop
      vertex   2.788920e+02 9.396347e+01 3.587333e+01
      vertex   2.786674e+02 9.427638e+01 3.615309e+01
      vertex   2.787931e+02 9.393787e+01 3.615309e+01
    endloop
  endfacet
  facet normal 9.209024e-01 1.858385e-01 3.426411e-01
    outer loop
      vertex   2.788920e+02 9.396347e+01 3.587333e+01
      vertex   2.787931e+02 9.393787e+01 3.615309e+01
      vertex   2.789349e+02 9.375088e+01 3.587333e+01
    endloop
  endfacet
  facet normal 9.209162e-01 1.861905e-01 3.424128e-01
    outer loop
      vertex   2.789349e+02 9.375088e+01 3.587333e+01
      vertex   2.787931e+02 9.393787e+01 3.615309e+01
      vertex   2.788338e+02 9.373661e+01 3.615309e+01
    endloop
  endfacet
  facet normal 9.943177e-01 1.055290e-01 -1.400027e-02
    outer loop
      vertex   2.789589e+02 9.388732e+01 2.500000e+01
      vertex   2.789688e+02 9.383729e+01 2.532812e+01
      vertex   2.790000e+02 9.350000e+01 2.500000e+01
    endloop
  endfacet
  facet normal 9.957551e-01 9.204197e-02 0.000000e+00
    outer loop
      vertex   2.790000e+02 9.350000e+01 2.500000e+01
      vertex   2.789688e+02 9.383729e+01 2.532812e+01
      vertex   2.789688e+02 9.383729e+01 2.565625e+01
    endloop
  endfacet
  facet normal 9.957551e-01 9.204197e-02 0.000000e+00
    outer loop
      vertex   2.790000e+02 9.350000e+01 2.500000e+01
      vertex   2.789688e+02 9.383729e+01 2.565625e+01
      vertex   2.789688e+02 9.383729e+01 2.598437e+01
    endloop
  endfacet
  facet normal 9.617006e-01 2.741023e-01 0.000000e+00
    outer loop
      vertex   2.789688e+02 9.383729e+01 2.598437e+01
      vertex   2.789688e+02 9.383729e+01 2.565625e+01
      vertex   2.788681e+02 9.419052e+01 2.565625e+01
    endloop
  endfacet
  facet normal 9.617006e-01 2.741023e-01 0.000000e+00
    outer loop
      vertex   2.789688e+02 9.383729e+01 2.598437e+01
      vertex   2.788681e+02 9.419052e+01 2.565625e+01
      vertex   2.788681e+02 9.419052e+01 2.598437e+01
    endloop
  endfacet
  facet normal 8.927140e-01 4.506238e-01 0.000000e+00
    outer loop
      vertex   2.788681e+02 9.419052e+01 2.598437e+01
      vertex   2.788681e+02 9.419052e+01 2.565625e+01
      vertex   2.786924e+02 9.453877e+01 2.565625e+01
    endloop
  endfacet
  facet normal 8.927140e-01 4.506238e-01 0.000000e+00
    outer loop
      vertex   2.788681e+02 9.419052e+01 2.598437e+01
      vertex   2.786924e+02 9.453877e+01 2.565625e+01
      vertex   2.786924e+02 9.453877e+01 2.598437e+01
    endloop
  endfacet
  facet normal 7.902029e-01 6.128453e-01 0.000000e+00
    outer loop
      vertex   2.786924e+02 9.453877e+01 2.598437e+01
      vertex   2.786924e+02 9.453877e+01 2.565625e+01
      vertex   2.784450e+02 9.485775e+01 2.565625e+01
    endloop
  endfacet
  facet normal 7.902029e-01 6.128453e-01 0.000000e+00
    outer loop
      vertex   2.786924e+02 9.453877e+01 2.598437e+01
      vertex   2.784450e+02 9.485775e+01 2.565625e+01
      vertex   2.784450e+02 9.485775e+01 2.598437e+01
    endloop
  endfacet
  facet normal 6.524509e-01 7.578310e-01 0.000000e+00
    outer loop
      vertex   2.784450e+02 9.485775e+01 2.598437e+01
      vertex   2.784450e+02 9.485775e+01 2.565625e+01
      vertex   2.781147e+02 9.514212e+01 2.565625e+01
    endloop
  endfacet
  facet normal 6.524509e-01 7.578310e-01 0.000000e+00
    outer loop
      vertex   2.784450e+02 9.485775e+01 2.598437e+01
      vertex   2.781147e+02 9.514212e+01 2.565625e+01
      vertex   2.781147e+02 9.514212e+01 2.598437e+01
    endloop
  endfacet
  facet normal 4.827827e-01 8.757402e-01 0.000000e+00
    outer loop
      vertex   2.781147e+02 9.514212e+01 2.598437e+01
      vertex   2.781147e+02 9.514212e+01 2.565625e+01
      vertex   2.777441e+02 9.534638e+01 2.565625e+01
    endloop
  endfacet
  facet normal 4.827827e-01 8.757402e-01 0.000000e+00
    outer loop
      vertex   2.781147e+02 9.514212e+01 2.598437e+01
      vertex   2.777441e+02 9.534638e+01 2.565625e+01
      vertex   2.777441e+02 9.534638e+01 2.598437e+01
    endloop
  endfacet
  facet normal 2.947859e-01 9.555633e-01 0.000000e+00
    outer loop
      vertex   2.777441e+02 9.534638e+01 2.598437e+01
      vertex   2.777441e+02 9.534638e+01 2.565625e+01
      vertex   2.773637e+02 9.546375e+01 2.565625e+01
    endloop
  endfacet
  facet normal 2.947859e-01 9.555633e-01 0.000000e+00
    outer loop
      vertex   2.777441e+02 9.534638e+01 2.598437e+01
      vertex   2.773637e+02 9.546375e+01 2.565625e+01
      vertex   2.773637e+02 9.546375e+01 2.598437e+01
    endloop
  endfacet
  facet normal 9.918098e-02 9.950694e-01 0.000000e+00
    outer loop
      vertex   2.773637e+02 9.546375e+01 2.598437e+01
      vertex   2.773637e+02 9.546375e+01 2.565625e+01
      vertex   2.770000e+02 9.550000e+01 2.500000e+01
    endloop
  endfacet
  facet normal 9.918098e-02 9.950694e-01 -0.000000e+00
    outer loop
      vertex   2.773637e+02 9.546375e+01 2.598437e+01
      vertex   2.770000e+02 9.550000e+01 2.500000e+01
      vertex   2.773637e+02 9.546375e+01 2.631250e+01
    endloop
  endfacet
  facet normal 9.918098e-02 9.950694e-01 -0.000000e+00
    outer loop
      vertex   2.773637e+02 9.546375e+01 2.631250e+01
      vertex   2.770000e+02 9.550000e+01 2.500000e+01
      vertex   2.773637e+02 9.546375e+01 2.696875e+01
    endloop
  endfacet
  facet normal 2.947859e-01 9.555633e-01 -0.000000e+00
    outer loop
      vertex   2.773637e+02 9.546375e+01 2.631250e+01
      vertex   2.773637e+02 9.546375e+01 2.696875e+01
      vertex   2.777441e+02 9.534638e+01 2.696875e+01
    endloop
  endfacet
  facet normal 2.947859e-01 9.555633e-01 -0.000000e+00
    outer loop
      vertex   2.777441e+02 9.534638e+01 2.696875e+01
      vertex   2.773637e+02 9.546375e+01 2.696875e+01
      vertex   2.777441e+02 9.534638e+01 2.762500e+01
    endloop
  endfacet
  facet normal 4.827827e-01 8.757402e-01 -0.000000e+00
    outer loop
      vertex   2.777441e+02 9.534638e+01 2.696875e+01
      vertex   2.777441e+02 9.534638e+01 2.762500e+01
      vertex   2.781147e+02 9.514212e+01 2.762500e+01
    endloop
  endfacet
  facet normal 4.827827e-01 8.757402e-01 -0.000000e+00
    outer loop
      vertex   2.781147e+02 9.514212e+01 2.762500e+01
      vertex   2.777441e+02 9.534638e+01 2.762500e+01
      vertex   2.781147e+02 9.514212e+01 2.893750e+01
    endloop
  endfacet
  facet normal 6.524509e-01 7.578310e-01 -0.000000e+00
    outer loop
      vertex   2.781147e+02 9.514212e+01 2.762500e+01
      vertex   2.781147e+02 9.514212e+01 2.893750e+01
      vertex   2.784450e+02 9.485775e+01 2.893750e+01
    endloop
  endfacet
  facet normal 6.524509e-01 7.578310e-01 -0.000000e+00
    outer loop
      vertex   2.784450e+02 9.485775e+01 2.893750e+01
      vertex   2.781147e+02 9.514212e+01 2.893750e+01
      vertex   2.784450e+02 9.485775e+01 3.025000e+01
    endloop
  endfacet
  facet normal 7.902029e-01 6.128453e-01 -0.000000e+00
    outer loop
      vertex   2.784450e+02 9.485775e+01 2.893750e+01
      vertex   2.784450e+02 9.485775e+01 3.025000e+01
      vertex   2.786924e+02 9.453877e+01 3.025000e+01
    endloop
  endfacet
  facet normal 7.902029e-01 6.128453e-01 -0.000000e+00
    outer loop
      vertex   2.786924e+02 9.453877e+01 3.025000e+01
      vertex   2.784450e+02 9.485775e+01 3.025000e+01
      vertex   2.786924e+02 9.453877e+01 3.287500e+01
    endloop
  endfacet
  facet normal 8.927140e-01 4.506238e-01 -0.000000e+00
    outer loop
      vertex   2.786924e+02 9.453877e+01 3.025000e+01
      vertex   2.786924e+02 9.453877e+01 3.287500e+01
      vertex   2.788681e+02 9.419052e+01 3.287500e+01
    endloop
  endfacet
  facet normal 8.927085e-01 4.506210e-01 -3.490544e-03
    outer loop
      vertex   2.788681e+02 9.419052e+01 3.287500e+01
      vertex   2.786924e+02 9.453877e+01 3.287500e+01
      vertex   2.788020e+02 9.434183e+01 3.550000e+01
    endloop
  endfacet
  facet normal 9.374351e-01 3.481422e-01 3.543053e-03
    outer loop
      vertex   2.788681e+02 9.419052e+01 3.287500e+01
      vertex   2.788020e+02 9.434183e+01 3.550000e+01
      vertex   2.789379e+02 9.397599e+01 3.550000e+01
    endloop
  endfacet
  facet normal 9.616231e-01 2.740802e-01 1.268905e-02
    outer loop
      vertex   2.789688e+02 9.383729e+01 2.532812e+01
      vertex   2.789589e+02 9.388732e+01 2.500000e+01
      vertex   2.788681e+02 9.419052e+01 2.532812e+01
    endloop
  endfacet
  facet normal 9.523333e-01 3.045272e-01 -1.801395e-02
    outer loop
      vertex   2.788681e+02 9.419052e+01 2.532812e+01
      vertex   2.789589e+02 9.388732e+01 2.500000e+01
      vertex   2.788401e+02 9.425895e+01 2.500000e+01
    endloop
  endfacet
  facet normal 8.925764e-01 4.505543e-01 1.755711e-02
    outer loop
      vertex   2.788681e+02 9.419052e+01 2.532812e+01
      vertex   2.788401e+02 9.425895e+01 2.500000e+01
      vertex   2.786924e+02 9.453877e+01 2.532812e+01
    endloop
  endfacet
  facet normal 8.756444e-01 4.826418e-01 -1.742902e-02
    outer loop
      vertex   2.786924e+02 9.453877e+01 2.532812e+01
      vertex   2.788401e+02 9.425895e+01 2.500000e+01
      vertex   2.786515e+02 9.460103e+01 2.500000e+01
    endloop
  endfacet
  facet normal 7.900762e-01 6.127471e-01 1.790830e-02
    outer loop
      vertex   2.786924e+02 9.453877e+01 2.532812e+01
      vertex   2.786515e+02 9.460103e+01 2.500000e+01
      vertex   2.784450e+02 9.485775e+01 2.532812e+01
    endloop
  endfacet
  facet normal 7.697780e-01 6.381415e-01 -1.473644e-02
    outer loop
      vertex   2.784450e+02 9.485775e+01 2.532812e+01
      vertex   2.786515e+02 9.460103e+01 2.500000e+01
      vertex   2.784020e+02 9.490196e+01 2.500000e+01
    endloop
  endfacet
  facet normal 6.523595e-01 7.577248e-01 1.673916e-02
    outer loop
      vertex   2.784450e+02 9.485775e+01 2.532812e+01
      vertex   2.784020e+02 9.490196e+01 2.500000e+01
      vertex   2.781147e+02 9.514212e+01 2.532812e+01
    endloop
  endfacet
  facet normal 6.382346e-01 7.698288e-01 -4.490052e-03
    outer loop
      vertex   2.781147e+02 9.514212e+01 2.532812e+01
      vertex   2.784020e+02 9.490196e+01 2.500000e+01
      vertex   2.781011e+02 9.515147e+01 2.500000e+01
    endloop
  endfacet
  facet normal 4.827324e-01 8.757538e-01 4.971282e-03
    outer loop
      vertex   2.781147e+02 9.514212e+01 2.532812e+01
      vertex   2.781011e+02 9.515147e+01 2.500000e+01
      vertex   2.777590e+02 9.534004e+01 2.500000e+01
    endloop
  endfacet
  facet normal 4.827769e-01 8.757296e-01 4.908381e-03
    outer loop
      vertex   2.781147e+02 9.514212e+01 2.532812e+01
      vertex   2.777590e+02 9.534004e+01 2.500000e+01
      vertex   2.777441e+02 9.534638e+01 2.532812e+01
    endloop
  endfacet
  facet normal 3.045887e-01 9.524727e-01 -4.637405e-03
    outer loop
      vertex   2.777441e+02 9.534638e+01 2.532812e+01
      vertex   2.777590e+02 9.534004e+01 2.500000e+01
      vertex   2.773873e+02 9.545889e+01 2.500000e+01
    endloop
  endfacet
  facet normal 2.947785e-01 9.555394e-01 7.081847e-03
    outer loop
      vertex   2.777441e+02 9.534638e+01 2.532812e+01
      vertex   2.773873e+02 9.545889e+01 2.500000e+01
      vertex   2.773637e+02 9.546375e+01 2.532812e+01
    endloop
  endfacet
  facet normal 1.055426e-01 9.943892e-01 -7.126532e-03
    outer loop
      vertex   2.773637e+02 9.546375e+01 2.532812e+01
      vertex   2.773873e+02 9.545889e+01 2.500000e+01
      vertex   2.770000e+02 9.550000e+01 2.500000e+01
    endloop
  endfacet
  facet normal 9.918098e-02 9.950694e-01 -0.000000e+00
    outer loop
      vertex   2.773637e+02 9.546375e+01 2.532812e+01
      vertex   2.770000e+02 9.550000e+01 2.500000e+01
      vertex   2.773637e+02 9.546375e+01 2.565625e+01
    endloop
  endfacet
  facet normal 9.918098e-02 9.950694e-01 -0.000000e+00
    outer loop
      vertex   2.773637e+02 9.546375e+01 2.696875e+01
      vertex   2.770000e+02 9.550000e+01 2.500000e+01
      vertex   2.773637e+02 9.546375e+01 2.762500e+01
    endloop
  endfacet
  facet normal 9.918098e-02 9.950694e-01 0.000000e+00
    outer loop
      vertex   2.773637e+02 9.546375e+01 2.762500e+01
      vertex   2.770000e+02 9.550000e+01 2.500000e+01
      vertex   2.770000e+02 9.550000e+01 3.025000e+01
    endloop
  endfacet
  facet normal 9.918098e-02 9.950694e-01 -0.000000e+00
    outer loop
      vertex   2.773637e+02 9.546375e+01 2.762500e+01
      vertex   2.770000e+02 9.550000e+01 3.025000e+01
      vertex   2.773637e+02 9.546375e+01 2.893750e+01
    endloop
  endfacet
  facet normal 9.918098e-02 9.950694e-01 -0.000000e+00
    outer loop
      vertex   2.773637e+02 9.546375e+01 2.893750e+01
      vertex   2.770000e+02 9.550000e+01 3.025000e+01
      vertex   2.773637e+02 9.546375e+01 3.025000e+01
    endloop
  endfacet
  facet normal 2.947859e-01 9.555633e-01 -0.000000e+00
    outer loop
      vertex   2.773637e+02 9.546375e+01 2.893750e+01
      vertex   2.773637e+02 9.546375e+01 3.025000e+01
      vertex   2.777441e+02 9.534638e+01 3.025000e+01
    endloop
  endfacet
  facet normal 2.947859e-01 9.555633e-01 -0.000000e+00
    outer loop
      vertex   2.777441e+02 9.534638e+01 3.025000e+01
      vertex   2.773637e+02 9.546375e+01 3.025000e+01
      vertex   2.777441e+02 9.534638e+01 3.287500e+01
    endloop
  endfacet
  facet normal 4.827827e-01 8.757402e-01 -0.000000e+00
    outer loop
      vertex   2.777441e+02 9.534638e+01 3.025000e+01
      vertex   2.777441e+02 9.534638e+01 3.287500e+01
      vertex   2.781147e+02 9.514212e+01 3.287500e+01
    endloop
  endfacet
  facet normal 4.827802e-01 8.757355e-01 -3.247658e-03
    outer loop
      vertex   2.781147e+02 9.514212e+01 3.287500e+01
      vertex   2.777441e+02 9.534638e+01 3.287500e+01
      vertex   2.778420e+02 9.530218e+01 3.550000e+01
    endloop
  endfacet
  facet normal 5.116931e-01 8.591680e-01 7.659667e-04
    outer loop
      vertex   2.781147e+02 9.514212e+01 3.287500e+01
      vertex   2.778420e+02 9.530218e+01 3.550000e+01
      vertex   2.781454e+02 9.512149e+01 3.550000e+01
    endloop
  endfacet
  facet normal 6.339203e-02 9.979887e-01 0.000000e+00
    outer loop
      vertex   2.770000e+02 9.550000e+01 3.550000e+01
      vertex   2.772592e+02 9.548354e+01 3.550000e+01
      vertex   2.770000e+02 9.550000e+01 3.025000e+01
    endloop
  endfacet
  facet normal 1.188329e-01 9.929105e-01 -2.752642e-03
    outer loop
      vertex   2.770000e+02 9.550000e+01 3.025000e+01
      vertex   2.772592e+02 9.548354e+01 3.550000e+01
      vertex   2.773637e+02 9.546375e+01 3.287500e+01
    endloop
  endfacet
  facet normal 9.918098e-02 9.950694e-01 0.000000e+00
    outer loop
      vertex   2.770000e+02 9.550000e+01 3.025000e+01
      vertex   2.773637e+02 9.546375e+01 3.287500e+01
      vertex   2.773637e+02 9.546375e+01 3.025000e+01
    endloop
  endfacet
  facet normal 2.947859e-01 9.555633e-01 -0.000000e+00
    outer loop
      vertex   2.773637e+02 9.546375e+01 3.025000e+01
      vertex   2.773637e+02 9.546375e+01 3.287500e+01
      vertex   2.777441e+02 9.534638e+01 3.287500e+01
    endloop
  endfacet
  facet normal 1.963313e-01 9.805375e-01 4.271662e-04
    outer loop
      vertex   2.772592e+02 9.548354e+01 3.550000e+01
      vertex   2.774781e+02 9.543970e+01 3.550000e+01
      vertex   2.773637e+02 9.546375e+01 3.287500e+01
    endloop
  endfacet
  facet normal 2.947834e-01 9.555553e-01 -4.091688e-03
    outer loop
      vertex   2.773637e+02 9.546375e+01 3.287500e+01
      vertex   2.774781e+02 9.543970e+01 3.550000e+01
      vertex   2.777441e+02 9.534638e+01 3.287500e+01
    endloop
  endfacet
  facet normal 3.535097e-01 9.354273e-01 2.576180e-03
    outer loop
      vertex   2.774781e+02 9.543970e+01 3.550000e+01
      vertex   2.778420e+02 9.530218e+01 3.550000e+01
      vertex   2.777441e+02 9.534638e+01 3.287500e+01
    endloop
  endfacet
  facet normal 6.499888e-01 7.599421e-01 -1.631905e-03
    outer loop
      vertex   2.781454e+02 9.512149e+01 3.550000e+01
      vertex   2.784020e+02 9.490200e+01 3.550000e+01
      vertex   2.781147e+02 9.514212e+01 3.287500e+01
    endloop
  endfacet
  facet normal 6.524495e-01 7.578293e-01 -2.094507e-03
    outer loop
      vertex   2.781147e+02 9.514212e+01 3.287500e+01
      vertex   2.784020e+02 9.490200e+01 3.550000e+01
      vertex   2.784450e+02 9.485775e+01 3.287500e+01
    endloop
  endfacet
  facet normal 6.524509e-01 7.578310e-01 0.000000e+00
    outer loop
      vertex   2.781147e+02 9.514212e+01 3.287500e+01
      vertex   2.784450e+02 9.485775e+01 3.287500e+01
      vertex   2.781147e+02 9.514212e+01 3.025000e+01
    endloop
  endfacet
  facet normal 6.524509e-01 7.578310e-01 0.000000e+00
    outer loop
      vertex   2.781147e+02 9.514212e+01 3.025000e+01
      vertex   2.784450e+02 9.485775e+01 3.287500e+01
      vertex   2.784450e+02 9.485775e+01 3.025000e+01
    endloop
  endfacet
  facet normal 6.524509e-01 7.578310e-01 0.000000e+00
    outer loop
      vertex   2.781147e+02 9.514212e+01 3.025000e+01
      vertex   2.784450e+02 9.485775e+01 3.025000e+01
      vertex   2.781147e+02 9.514212e+01 2.893750e+01
    endloop
  endfacet
  facet normal 7.609128e-01 6.488523e-01 1.517889e-03
    outer loop
      vertex   2.784020e+02 9.490200e+01 3.550000e+01
      vertex   2.786212e+02 9.464499e+01 3.550000e+01
      vertex   2.784450e+02 9.485775e+01 3.287500e+01
    endloop
  endfacet
  facet normal 7.901984e-01 6.128419e-01 -3.366426e-03
    outer loop
      vertex   2.784450e+02 9.485775e+01 3.287500e+01
      vertex   2.786212e+02 9.464499e+01 3.550000e+01
      vertex   2.786924e+02 9.453877e+01 3.287500e+01
    endloop
  endfacet
  facet normal 7.902029e-01 6.128453e-01 0.000000e+00
    outer loop
      vertex   2.784450e+02 9.485775e+01 3.287500e+01
      vertex   2.786924e+02 9.453877e+01 3.287500e+01
      vertex   2.784450e+02 9.485775e+01 3.025000e+01
    endloop
  endfacet
  facet normal 8.587696e-01 5.123556e-01 2.559366e-03
    outer loop
      vertex   2.786212e+02 9.464499e+01 3.550000e+01
      vertex   2.788020e+02 9.434183e+01 3.550000e+01
      vertex   2.786924e+02 9.453877e+01 3.287500e+01
    endloop
  endfacet
  facet normal 9.616958e-01 2.741009e-01 -3.152444e-03
    outer loop
      vertex   2.788681e+02 9.419052e+01 3.287500e+01
      vertex   2.789379e+02 9.397599e+01 3.550000e+01
      vertex   2.789688e+02 9.383729e+01 3.287500e+01
    endloop
  endfacet
  facet normal 9.801387e-01 1.983101e-01 1.069594e-03
    outer loop
      vertex   2.789688e+02 9.383729e+01 3.287500e+01
      vertex   2.789379e+02 9.397599e+01 3.550000e+01
      vertex   2.789821e+02 9.375751e+01 3.550000e+01
    endloop
  endfacet
  facet normal 9.975885e-01 6.934390e-02 -2.938272e-03
    outer loop
      vertex   2.789688e+02 9.383729e+01 3.287500e+01
      vertex   2.789821e+02 9.375751e+01 3.550000e+01
      vertex   2.790000e+02 9.350000e+01 3.550000e+01
    endloop
  endfacet
  facet normal 9.957551e-01 9.204197e-02 -2.491419e-16
    outer loop
      vertex   2.790000e+02 9.350000e+01 3.550000e+01
      vertex   2.790000e+02 9.350000e+01 3.025000e+01
      vertex   2.789688e+02 9.383729e+01 3.287500e+01
    endloop
  endfacet
  facet normal 9.957551e-01 9.204197e-02 0.000000e+00
    outer loop
      vertex   2.789688e+02 9.383729e+01 3.287500e+01
      vertex   2.790000e+02 9.350000e+01 3.025000e+01
      vertex   2.789688e+02 9.383729e+01 3.025000e+01
    endloop
  endfacet
  facet normal 9.617006e-01 2.741023e-01 0.000000e+00
    outer loop
      vertex   2.789688e+02 9.383729e+01 3.287500e+01
      vertex   2.789688e+02 9.383729e+01 3.025000e+01
      vertex   2.788681e+02 9.419052e+01 3.025000e+01
    endloop
  endfacet
  facet normal 9.617006e-01 2.741023e-01 0.000000e+00
    outer loop
      vertex   2.788681e+02 9.419052e+01 3.025000e+01
      vertex   2.789688e+02 9.383729e+01 3.025000e+01
      vertex   2.788681e+02 9.419052e+01 2.893750e+01
    endloop
  endfacet
  facet normal 8.927140e-01 4.506238e-01 0.000000e+00
    outer loop
      vertex   2.788681e+02 9.419052e+01 3.025000e+01
      vertex   2.788681e+02 9.419052e+01 2.893750e+01
      vertex   2.786924e+02 9.453877e+01 2.893750e+01
    endloop
  endfacet
  facet normal 8.927140e-01 4.506238e-01 0.000000e+00
    outer loop
      vertex   2.786924e+02 9.453877e+01 2.893750e+01
      vertex   2.788681e+02 9.419052e+01 2.893750e+01
      vertex   2.786924e+02 9.453877e+01 2.762500e+01
    endloop
  endfacet
  facet normal 7.902029e-01 6.128453e-01 0.000000e+00
    outer loop
      vertex   2.786924e+02 9.453877e+01 2.893750e+01
      vertex   2.786924e+02 9.453877e+01 2.762500e+01
      vertex   2.784450e+02 9.485775e+01 2.762500e+01
    endloop
  endfacet
  facet normal 7.902029e-01 6.128453e-01 0.000000e+00
    outer loop
      vertex   2.784450e+02 9.485775e+01 2.762500e+01
      vertex   2.786924e+02 9.453877e+01 2.762500e+01
      vertex   2.784450e+02 9.485775e+01 2.696875e+01
    endloop
  endfacet
  facet normal 6.524509e-01 7.578310e-01 0.000000e+00
    outer loop
      vertex   2.784450e+02 9.485775e+01 2.762500e+01
      vertex   2.784450e+02 9.485775e+01 2.696875e+01
      vertex   2.781147e+02 9.514212e+01 2.696875e+01
    endloop
  endfacet
  facet normal 6.524509e-01 7.578310e-01 0.000000e+00
    outer loop
      vertex   2.781147e+02 9.514212e+01 2.696875e+01
      vertex   2.784450e+02 9.485775e+01 2.696875e+01
      vertex   2.781147e+02 9.514212e+01 2.631250e+01
    endloop
  endfacet
  facet normal 4.827827e-01 8.757402e-01 0.000000e+00
    outer loop
      vertex   2.781147e+02 9.514212e+01 2.696875e+01
      vertex   2.781147e+02 9.514212e+01 2.631250e+01
      vertex   2.777441e+02 9.534638e+01 2.631250e+01
    endloop
  endfacet
  facet normal 4.827827e-01 8.757402e-01 0.000000e+00
    outer loop
      vertex   2.777441e+02 9.534638e+01 2.631250e+01
      vertex   2.781147e+02 9.514212e+01 2.631250e+01
      vertex   2.777441e+02 9.534638e+01 2.598437e+01
    endloop
  endfacet
  facet normal 2.947859e-01 9.555633e-01 0.000000e+00
    outer loop
      vertex   2.777441e+02 9.534638e+01 2.631250e+01
      vertex   2.777441e+02 9.534638e+01 2.598437e+01
      vertex   2.773637e+02 9.546375e+01 2.598437e+01
    endloop
  endfacet
  facet normal 9.957551e-01 9.204197e-02 -0.000000e+00
    outer loop
      vertex   2.790000e+02 9.350000e+01 2.500000e+01
      vertex   2.789688e+02 9.383729e+01 2.762500e+01
      vertex   2.790000e+02 9.350000e+01 3.025000e+01
    endloop
  endfacet
  facet normal 9.957551e-01 9.204197e-02 0.000000e+00
    outer loop
      vertex   2.790000e+02 9.350000e+01 3.025000e+01
      vertex   2.789688e+02 9.383729e+01 2.762500e+01
      vertex   2.789688e+02 9.383729e+01 2.893750e+01
    endloop
  endfacet
  facet normal 9.957551e-01 9.204197e-02 0.000000e+00
    outer loop
      vertex   2.790000e+02 9.350000e+01 3.025000e+01
      vertex   2.789688e+02 9.383729e+01 2.893750e+01
      vertex   2.789688e+02 9.383729e+01 3.025000e+01
    endloop
  endfacet
  facet normal 9.617006e-01 2.741023e-01 0.000000e+00
    outer loop
      vertex   2.789688e+02 9.383729e+01 3.025000e+01
      vertex   2.789688e+02 9.383729e+01 2.893750e+01
      vertex   2.788681e+02 9.419052e+01 2.893750e+01
    endloop
  endfacet
  facet normal 9.957551e-01 9.204197e-02 0.000000e+00
    outer loop
      vertex   2.790000e+02 9.350000e+01 2.500000e+01
      vertex   2.789688e+02 9.383729e+01 2.631250e+01
      vertex   2.789688e+02 9.383729e+01 2.696875e+01
    endloop
  endfacet
  facet normal 9.617006e-01 2.741023e-01 0.000000e+00
    outer loop
      vertex   2.789688e+02 9.383729e+01 2.696875e+01
      vertex   2.789688e+02 9.383729e+01 2.631250e+01
      vertex   2.788681e+02 9.419052e+01 2.631250e+01
    endloop
  endfacet
  facet normal 9.617006e-01 2.741023e-01 0.000000e+00
    outer loop
      vertex   2.789688e+02 9.383729e+01 2.696875e+01
      vertex   2.788681e+02 9.419052e+01 2.631250e+01
      vertex   2.788681e+02 9.419052e+01 2.696875e+01
    endloop
  endfacet
  facet normal 8.927140e-01 4.506238e-01 0.000000e+00
    outer loop
      vertex   2.788681e+02 9.419052e+01 2.696875e+01
      vertex   2.788681e+02 9.419052e+01 2.631250e+01
      vertex   2.786924e+02 9.453877e+01 2.631250e+01
    endloop
  endfacet
  facet normal 8.927140e-01 4.506238e-01 0.000000e+00
    outer loop
      vertex   2.788681e+02 9.419052e+01 2.696875e+01
      vertex   2.786924e+02 9.453877e+01 2.631250e+01
      vertex   2.786924e+02 9.453877e+01 2.696875e+01
    endloop
  endfacet
  facet normal 7.902029e-01 6.128453e-01 0.000000e+00
    outer loop
      vertex   2.786924e+02 9.453877e+01 2.696875e+01
      vertex   2.786924e+02 9.453877e+01 2.631250e+01
      vertex   2.784450e+02 9.485775e+01 2.631250e+01
    endloop
  endfacet
  facet normal 7.902029e-01 6.128453e-01 0.000000e+00
    outer loop
      vertex   2.786924e+02 9.453877e+01 2.696875e+01
      vertex   2.784450e+02 9.485775e+01 2.631250e+01
      vertex   2.784450e+02 9.485775e+01 2.696875e+01
    endloop
  endfacet
  facet normal 6.524509e-01 7.578310e-01 0.000000e+00
    outer loop
      vertex   2.784450e+02 9.485775e+01 2.696875e+01
      vertex   2.784450e+02 9.485775e+01 2.631250e+01
      vertex   2.781147e+02 9.514212e+01 2.631250e+01
    endloop
  endfacet
  facet normal 9.957551e-01 9.204197e-02 0.000000e+00
    outer loop
      vertex   2.790000e+02 9.350000e+01 2.500000e+01
      vertex   2.789688e+02 9.383729e+01 2.696875e+01
      vertex   2.789688e+02 9.383729e+01 2.762500e+01
    endloop
  endfacet
  facet normal 9.617006e-01 2.741023e-01 0.000000e+00
    outer loop
      vertex   2.789688e+02 9.383729e+01 2.762500e+01
      vertex   2.789688e+02 9.383729e+01 2.696875e+01
      vertex   2.788681e+02 9.419052e+01 2.696875e+01
    endloop
  endfacet
  facet normal 9.617006e-01 2.741023e-01 0.000000e+00
    outer loop
      vertex   2.789688e+02 9.383729e+01 2.762500e+01
      vertex   2.788681e+02 9.419052e+01 2.696875e+01
      vertex   2.788681e+02 9.419052e+01 2.762500e+01
    endloop
  endfacet
  facet normal 8.927140e-01 4.506238e-01 0.000000e+00
    outer loop
      vertex   2.788681e+02 9.419052e+01 2.762500e+01
      vertex   2.788681e+02 9.419052e+01 2.696875e+01
      vertex   2.786924e+02 9.453877e+01 2.696875e+01
    endloop
  endfacet
  facet normal 8.927140e-01 4.506238e-01 0.000000e+00
    outer loop
      vertex   2.788681e+02 9.419052e+01 2.762500e+01
      vertex   2.786924e+02 9.453877e+01 2.696875e+01
      vertex   2.786924e+02 9.453877e+01 2.762500e+01
    endloop
  endfacet
  facet normal 7.902029e-01 6.128453e-01 0.000000e+00
    outer loop
      vertex   2.786924e+02 9.453877e+01 2.762500e+01
      vertex   2.786924e+02 9.453877e+01 2.696875e+01
      vertex   2.784450e+02 9.485775e+01 2.696875e+01
    endloop
  endfacet
  facet normal 2.947859e-01 9.555633e-01 0.000000e+00
    outer loop
      vertex   2.777441e+02 9.534638e+01 2.631250e+01
      vertex   2.773637e+02 9.546375e+01 2.598437e+01
      vertex   2.773637e+02 9.546375e+01 2.631250e+01
    endloop
  endfacet
  facet normal 2.947859e-01 9.555633e-01 0.000000e+00
    outer loop
      vertex   2.773637e+02 9.546375e+01 2.565625e+01
      vertex   2.777441e+02 9.534638e+01 2.565625e+01
      vertex   2.773637e+02 9.546375e+01 2.532812e+01
    endloop
  endfacet
  facet normal 2.947859e-01 9.555633e-01 0.000000e+00
    outer loop
      vertex   2.773637e+02 9.546375e+01 2.532812e+01
      vertex   2.777441e+02 9.534638e+01 2.565625e+01
      vertex   2.777441e+02 9.534638e+01 2.532812e+01
    endloop
  endfacet
  facet normal 4.827827e-01 8.757402e-01 0.000000e+00
    outer loop
      vertex   2.777441e+02 9.534638e+01 2.565625e+01
      vertex   2.781147e+02 9.514212e+01 2.565625e+01
      vertex   2.777441e+02 9.534638e+01 2.532812e+01
    endloop
  endfacet
  facet normal 4.827827e-01 8.757402e-01 0.000000e+00
    outer loop
      vertex   2.777441e+02 9.534638e+01 2.532812e+01
      vertex   2.781147e+02 9.514212e+01 2.565625e+01
      vertex   2.781147e+02 9.514212e+01 2.532812e+01
    endloop
  endfacet
  facet normal 6.524509e-01 7.578310e-01 0.000000e+00
    outer loop
      vertex   2.781147e+02 9.514212e+01 2.565625e+01
      vertex   2.784450e+02 9.485775e+01 2.565625e+01
      vertex   2.781147e+02 9.514212e+01 2.532812e+01
    endloop
  endfacet
  facet normal 6.524509e-01 7.578310e-01 0.000000e+00
    outer loop
      vertex   2.781147e+02 9.514212e+01 2.532812e+01
      vertex   2.784450e+02 9.485775e+01 2.565625e+01
      vertex   2.784450e+02 9.485775e+01 2.532812e+01
    endloop
  endfacet
  facet normal 7.902029e-01 6.128453e-01 0.000000e+00
    outer loop
      vertex   2.784450e+02 9.485775e+01 2.565625e+01
      vertex   2.786924e+02 9.453877e+01 2.565625e+01
      vertex   2.784450e+02 9.485775e+01 2.532812e+01
    endloop
  endfacet
  facet normal 7.902029e-01 6.128453e-01 0.000000e+00
    outer loop
      vertex   2.784450e+02 9.485775e+01 2.532812e+01
      vertex   2.786924e+02 9.453877e+01 2.565625e+01
      vertex   2.786924e+02 9.453877e+01 2.532812e+01
    endloop
  endfacet
  facet normal 9.617006e-01 2.741023e-01 0.000000e+00
    outer loop
      vertex   2.789688e+02 9.383729e+01 2.565625e+01
      vertex   2.789688e+02 9.383729e+01 2.532812e+01
      vertex   2.788681e+02 9.419052e+01 2.532812e+01
    endloop
  endfacet
  facet normal 8.927140e-01 4.506238e-01 0.000000e+00
    outer loop
      vertex   2.786924e+02 9.453877e+01 2.565625e+01
      vertex   2.788681e+02 9.419052e+01 2.565625e+01
      vertex   2.786924e+02 9.453877e+01 2.532812e+01
    endloop
  endfacet
  facet normal 8.927140e-01 4.506238e-01 0.000000e+00
    outer loop
      vertex   2.786924e+02 9.453877e+01 2.532812e+01
      vertex   2.788681e+02 9.419052e+01 2.565625e+01
      vertex   2.788681e+02 9.419052e+01 2.532812e+01
    endloop
  endfacet
  facet normal 9.957551e-01 9.204197e-02 0.000000e+00
    outer loop
      vertex   2.789688e+02 9.383729e+01 2.631250e+01
      vertex   2.790000e+02 9.350000e+01 2.500000e+01
      vertex   2.789688e+02 9.383729e+01 2.598437e+01
    endloop
  endfacet
  facet normal 9.617006e-01 2.741023e-01 0.000000e+00
    outer loop
      vertex   2.788681e+02 9.419052e+01 2.565625e+01
      vertex   2.789688e+02 9.383729e+01 2.565625e+01
      vertex   2.788681e+02 9.419052e+01 2.532812e+01
    endloop
  endfacet
  facet normal 4.827827e-01 8.757402e-01 0.000000e+00
    outer loop
      vertex   2.777441e+02 9.534638e+01 3.025000e+01
      vertex   2.781147e+02 9.514212e+01 3.287500e+01
      vertex   2.781147e+02 9.514212e+01 3.025000e+01
    endloop
  endfacet
  facet normal 8.927140e-01 4.506238e-01 0.000000e+00
    outer loop
      vertex   2.786924e+02 9.453877e+01 3.025000e+01
      vertex   2.788681e+02 9.419052e+01 3.287500e+01
      vertex   2.788681e+02 9.419052e+01 3.025000e+01
    endloop
  endfacet
  facet normal 9.617006e-01 2.741023e-01 -0.000000e+00
    outer loop
      vertex   2.788681e+02 9.419052e+01 3.025000e+01
      vertex   2.788681e+02 9.419052e+01 3.287500e+01
      vertex   2.789688e+02 9.383729e+01 3.287500e+01
    endloop
  endfacet
  facet normal 7.902029e-01 6.128453e-01 0.000000e+00
    outer loop
      vertex   2.784450e+02 9.485775e+01 2.893750e+01
      vertex   2.786924e+02 9.453877e+01 3.025000e+01
      vertex   2.786924e+02 9.453877e+01 2.893750e+01
    endloop
  endfacet
  facet normal 8.927140e-01 4.506238e-01 -0.000000e+00
    outer loop
      vertex   2.786924e+02 9.453877e+01 2.893750e+01
      vertex   2.786924e+02 9.453877e+01 3.025000e+01
      vertex   2.788681e+02 9.419052e+01 3.025000e+01
    endloop
  endfacet
  facet normal 4.827827e-01 8.757402e-01 0.000000e+00
    outer loop
      vertex   2.777441e+02 9.534638e+01 3.025000e+01
      vertex   2.781147e+02 9.514212e+01 3.025000e+01
      vertex   2.777441e+02 9.534638e+01 2.893750e+01
    endloop
  endfacet
  facet normal 4.827827e-01 8.757402e-01 0.000000e+00
    outer loop
      vertex   2.777441e+02 9.534638e+01 2.893750e+01
      vertex   2.781147e+02 9.514212e+01 3.025000e+01
      vertex   2.781147e+02 9.514212e+01 2.893750e+01
    endloop
  endfacet
  facet normal 4.827827e-01 8.757402e-01 0.000000e+00
    outer loop
      vertex   2.777441e+02 9.534638e+01 2.893750e+01
      vertex   2.781147e+02 9.514212e+01 2.893750e+01
      vertex   2.777441e+02 9.534638e+01 2.762500e+01
    endloop
  endfacet
  facet normal 9.617006e-01 2.741023e-01 -0.000000e+00
    outer loop
      vertex   2.789688e+02 9.383729e+01 2.762500e+01
      vertex   2.788681e+02 9.419052e+01 2.762500e+01
      vertex   2.789688e+02 9.383729e+01 2.893750e+01
    endloop
  endfacet
  facet normal 9.617006e-01 2.741023e-01 0.000000e+00
    outer loop
      vertex   2.789688e+02 9.383729e+01 2.893750e+01
      vertex   2.788681e+02 9.419052e+01 2.762500e+01
      vertex   2.788681e+02 9.419052e+01 2.893750e+01
    endloop
  endfacet
  facet normal 8.927140e-01 4.506238e-01 -0.000000e+00
    outer loop
      vertex   2.788681e+02 9.419052e+01 2.762500e+01
      vertex   2.786924e+02 9.453877e+01 2.762500e+01
      vertex   2.788681e+02 9.419052e+01 2.893750e+01
    endloop
  endfacet
  facet normal 6.524509e-01 7.578310e-01 0.000000e+00
    outer loop
      vertex   2.781147e+02 9.514212e+01 2.762500e+01
      vertex   2.784450e+02 9.485775e+01 2.893750e+01
      vertex   2.784450e+02 9.485775e+01 2.762500e+01
    endloop
  endfacet
  facet normal 7.902029e-01 6.128453e-01 -0.000000e+00
    outer loop
      vertex   2.784450e+02 9.485775e+01 2.762500e+01
      vertex   2.784450e+02 9.485775e+01 2.893750e+01
      vertex   2.786924e+02 9.453877e+01 2.893750e+01
    endloop
  endfacet
  facet normal 2.947859e-01 9.555633e-01 -0.000000e+00
    outer loop
      vertex   2.773637e+02 9.546375e+01 2.762500e+01
      vertex   2.773637e+02 9.546375e+01 2.893750e+01
      vertex   2.777441e+02 9.534638e+01 2.893750e+01
    endloop
  endfacet
  facet normal 2.947859e-01 9.555633e-01 -0.000000e+00
    outer loop
      vertex   2.777441e+02 9.534638e+01 2.893750e+01
      vertex   2.773637e+02 9.546375e+01 2.893750e+01
      vertex   2.777441e+02 9.534638e+01 3.025000e+01
    endloop
  endfacet
  facet normal 2.947859e-01 9.555633e-01 0.000000e+00
    outer loop
      vertex   2.773637e+02 9.546375e+01 2.762500e+01
      vertex   2.777441e+02 9.534638e+01 2.893750e+01
      vertex   2.777441e+02 9.534638e+01 2.762500e+01
    endloop
  endfacet
  facet normal 4.827827e-01 8.757402e-01 0.000000e+00
    outer loop
      vertex   2.777441e+02 9.534638e+01 2.598437e+01
      vertex   2.781147e+02 9.514212e+01 2.631250e+01
      vertex   2.781147e+02 9.514212e+01 2.598437e+01
    endloop
  endfacet
  facet normal 6.524509e-01 7.578310e-01 -0.000000e+00
    outer loop
      vertex   2.781147e+02 9.514212e+01 2.598437e+01
      vertex   2.781147e+02 9.514212e+01 2.631250e+01
      vertex   2.784450e+02 9.485775e+01 2.631250e+01
    endloop
  endfacet
  facet normal 6.524509e-01 7.578310e-01 0.000000e+00
    outer loop
      vertex   2.781147e+02 9.514212e+01 2.598437e+01
      vertex   2.784450e+02 9.485775e+01 2.631250e+01
      vertex   2.784450e+02 9.485775e+01 2.598437e+01
    endloop
  endfacet
  facet normal 7.902029e-01 6.128453e-01 -0.000000e+00
    outer loop
      vertex   2.784450e+02 9.485775e+01 2.598437e+01
      vertex   2.784450e+02 9.485775e+01 2.631250e+01
      vertex   2.786924e+02 9.453877e+01 2.631250e+01
    endloop
  endfacet
  facet normal 7.902029e-01 6.128453e-01 0.000000e+00
    outer loop
      vertex   2.784450e+02 9.485775e+01 2.598437e+01
      vertex   2.786924e+02 9.453877e+01 2.631250e+01
      vertex   2.786924e+02 9.453877e+01 2.598437e+01
    endloop
  endfacet
  facet normal 8.927140e-01 4.506238e-01 -0.000000e+00
    outer loop
      vertex   2.786924e+02 9.453877e+01 2.598437e+01
      vertex   2.786924e+02 9.453877e+01 2.631250e+01
      vertex   2.788681e+02 9.419052e+01 2.631250e+01
    endloop
  endfacet
  facet normal 8.927140e-01 4.506238e-01 0.000000e+00
    outer loop
      vertex   2.786924e+02 9.453877e+01 2.598437e+01
      vertex   2.788681e+02 9.419052e+01 2.631250e+01
      vertex   2.788681e+02 9.419052e+01 2.598437e+01
    endloop
  endfacet
  facet normal 9.617006e-01 2.741023e-01 -0.000000e+00
    outer loop
      vertex   2.788681e+02 9.419052e+01 2.598437e+01
      vertex   2.788681e+02 9.419052e+01 2.631250e+01
      vertex   2.789688e+02 9.383729e+01 2.631250e+01
    endloop
  endfacet
  facet normal 9.617006e-01 2.741023e-01 0.000000e+00
    outer loop
      vertex   2.788681e+02 9.419052e+01 2.598437e+01
      vertex   2.789688e+02 9.383729e+01 2.631250e+01
      vertex   2.789688e+02 9.383729e+01 2.598437e+01
    endloop
  endfacet
  facet normal 4.827827e-01 8.757402e-01 0.000000e+00
    outer loop
      vertex   2.781147e+02 9.514212e+01 2.696875e+01
      vertex   2.777441e+02 9.534638e+01 2.631250e+01
      vertex   2.777441e+02 9.534638e+01 2.696875e+01
    endloop
  endfacet
  facet normal 2.947859e-01 9.555633e-01 0.000000e+00
    outer loop
      vertex   2.777441e+02 9.534638e+01 2.696875e+01
      vertex   2.777441e+02 9.534638e+01 2.631250e+01
      vertex   2.773637e+02 9.546375e+01 2.631250e+01
    endloop
  endfacet
  facet normal 2.947859e-01 9.555633e-01 0.000000e+00
    outer loop
      vertex   2.773637e+02 9.546375e+01 2.762500e+01
      vertex   2.777441e+02 9.534638e+01 2.762500e+01
      vertex   2.773637e+02 9.546375e+01 2.696875e+01
    endloop
  endfacet
  facet normal 6.524509e-01 7.578310e-01 0.000000e+00
    outer loop
      vertex   2.784450e+02 9.485775e+01 2.762500e+01
      vertex   2.781147e+02 9.514212e+01 2.696875e+01
      vertex   2.781147e+02 9.514212e+01 2.762500e+01
    endloop
  endfacet
  facet normal 4.827827e-01 8.757402e-01 0.000000e+00
    outer loop
      vertex   2.781147e+02 9.514212e+01 2.762500e+01
      vertex   2.781147e+02 9.514212e+01 2.696875e+01
      vertex   2.777441e+02 9.534638e+01 2.696875e+01
    endloop
  endfacet
  facet normal 1.000000e+00 0.000000e+00 0.000000e+00
    outer loop
      vertex   2.790000e+02 5.250000e+01 2.500000e+01
      vertex   2.790000e+02 9.350000e+01 2.500000e+01
      vertex   2.790000e+02 5.250000e+01 3.025000e+01
    endloop
  endfacet
  facet normal 1.000000e+00 -0.000000e+00 0.000000e+00
    outer loop
      vertex   2.790000e+02 5.250000e+01 3.025000e+01
      vertex   2.790000e+02 9.350000e+01 2.500000e+01
      vertex   2.790000e+02 9.350000e+01 3.025000e+01
    endloop
  endfacet
  facet normal 1.000000e+00 0.000000e+00 -0.000000e+00
    outer loop
      vertex   2.790000e+02 5.250000e+01 3.025000e+01
      vertex   2.790000e+02 9.350000e+01 3.025000e+01
      vertex   2.790000e+02 5.250000e+01 3.550000e+01
    endloop
  endfacet
  facet normal 1.000000e+00 -0.000000e+00 0.000000e+00
    outer loop
      vertex   2.790000e+02 5.250000e+01 3.550000e+01
      vertex   2.790000e+02 9.350000e+01 3.025000e+01
      vertex   2.790000e+02 9.350000e+01 3.550000e+01
    endloop
  endfacet
  facet normal 9.937122e-01 0.000000e+00 1.119645e-01
    outer loop
      vertex   2.789624e+02 9.350000e+01 3.583378e+01
      vertex   2.789624e+02 8.666667e+01 3.583378e+01
      vertex   2.790000e+02 9.350000e+01 3.550000e+01
    endloop
  endfacet
  facet normal 9.937122e-01 0.000000e+00 1.119645e-01
    outer loop
      vertex   2.790000e+02 9.350000e+01 3.550000e+01
      vertex   2.789624e+02 8.666667e+01 3.583378e+01
      vertex   2.789624e+02 7.983333e+01 3.583378e+01
    endloop
  endfacet
  facet normal 9.937122e-01 0.000000e+00 1.119645e-01
    outer loop
      vertex   2.790000e+02 9.350000e+01 3.550000e+01
      vertex   2.789624e+02 7.983333e+01 3.583378e+01
      vertex   2.789624e+02 7.300000e+01 3.583378e+01
    endloop
  endfacet
  facet normal 9.438833e-01 -0.000000e+00 3.302791e-01
    outer loop
      vertex   2.789624e+02 7.300000e+01 3.583378e+01
      vertex   2.789624e+02 7.983333e+01 3.583378e+01
      vertex   2.788515e+02 7.300000e+01 3.615083e+01
    endloop
  endfacet
  facet normal 9.438833e-01 0.000000e+00 3.302791e-01
    outer loop
      vertex   2.789624e+02 7.300000e+01 3.583378e+01
      vertex   2.788515e+02 7.300000e+01 3.615083e+01
      vertex   2.788515e+02 6.616667e+01 3.615083e+01
    endloop
  endfacet
  facet normal 8.467242e-01 -0.000000e+00 5.320321e-01
    outer loop
      vertex   2.788515e+02 6.616667e+01 3.615083e+01
      vertex   2.788515e+02 7.300000e+01 3.615083e+01
      vertex   2.786727e+02 6.616667e+01 3.643523e+01
    endloop
  endfacet
  facet normal 8.467242e-01 0.000000e+00 5.320321e-01
    outer loop
      vertex   2.788515e+02 6.616667e+01 3.615083e+01
      vertex   2.786727e+02 6.616667e+01 3.643523e+01
      vertex   2.786727e+02 5.933333e+01 3.643523e+01
    endloop
  endfacet
  facet normal 7.071068e-01 -0.000000e+00 7.071068e-01
    outer loop
      vertex   2.786727e+02 5.933333e+01 3.643523e+01
      vertex   2.786727e+02 6.616667e+01 3.643523e+01
      vertex   2.784352e+02 5.933333e+01 3.667275e+01
    endloop
  endfacet
  facet normal 7.071068e-01 0.000000e+00 7.071068e-01
    outer loop
      vertex   2.786727e+02 5.933333e+01 3.643523e+01
      vertex   2.784352e+02 5.933333e+01 3.667275e+01
      vertex   2.784352e+02 5.250000e+01 3.667275e+01
    endloop
  endfacet
  facet normal 5.320321e-01 -0.000000e+00 8.467242e-01
    outer loop
      vertex   2.784352e+02 5.250000e+01 3.667275e+01
      vertex   2.784352e+02 5.933333e+01 3.667275e+01
      vertex   2.781508e+02 5.250000e+01 3.685145e+01
    endloop
  endfacet
  facet normal 5.320321e-01 -0.000000e+00 8.467242e-01
    outer loop
      vertex   2.781508e+02 5.250000e+01 3.685145e+01
      vertex   2.784352e+02 5.933333e+01 3.667275e+01
      vertex   2.781508e+02 5.933333e+01 3.685145e+01
    endloop
  endfacet
  facet normal 3.302791e-01 -0.000000e+00 9.438833e-01
    outer loop
      vertex   2.781508e+02 5.250000e+01 3.685145e+01
      vertex   2.781508e+02 5.933333e+01 3.685145e+01
      vertex   2.778338e+02 5.250000e+01 3.696239e+01
    endloop
  endfacet
  facet normal 3.302791e-01 -0.000000e+00 9.438833e-01
    outer loop
      vertex   2.778338e+02 5.250000e+01 3.696239e+01
      vertex   2.781508e+02 5.933333e+01 3.685145e+01
      vertex   2.778338e+02 5.933333e+01 3.696239e+01
    endloop
  endfacet
  facet normal 1.119645e-01 -0.000000e+00 9.937122e-01
    outer loop
      vertex   2.778338e+02 5.250000e+01 3.696239e+01
      vertex   2.778338e+02 5.933333e+01 3.696239e+01
      vertex   2.775000e+02 5.250000e+01 3.700000e+01
    endloop
  endfacet
  facet normal 1.119645e-01 0.000000e+00 9.937122e-01
    outer loop
      vertex   2.775000e+02 5.250000e+01 3.700000e+01
      vertex   2.778338e+02 5.933333e+01 3.696239e+01
      vertex   2.778338e+02 6.616667e+01 3.696239e+01
    endloop
  endfacet
  facet normal 1.119645e-01 0.000000e+00 9.937122e-01
    outer loop
      vertex   2.775000e+02 5.250000e+01 3.700000e+01
      vertex   2.778338e+02 6.616667e+01 3.696239e+01
      vertex   2.778338e+02 7.300000e+01 3.696239e+01
    endloop
  endfacet
  facet normal 3.302791e-01 0.000000e+00 9.438833e-01
    outer loop
      vertex   2.778338e+02 7.300000e+01 3.696239e+01
      vertex   2.778338e+02 6.616667e+01 3.696239e+01
      vertex   2.781508e+02 7.300000e+01 3.685145e+01
    endloop
  endfacet
  facet normal 3.302791e-01 0.000000e+00 9.438833e-01
    outer loop
      vertex   2.778338e+02 7.300000e+01 3.696239e+01
      vertex   2.781508e+02 7.300000e+01 3.685145e+01
      vertex   2.781508e+02 7.983333e+01 3.685145e+01
    endloop
  endfacet
  facet normal 5.320321e-01 0.000000e+00 8.467242e-01
    outer loop
      vertex   2.781508e+02 7.983333e+01 3.685145e+01
      vertex   2.781508e+02 7.300000e+01 3.685145e+01
      vertex   2.784352e+02 7.983333e+01 3.667275e+01
    endloop
  endfacet
  facet normal 5.320321e-01 0.000000e+00 8.467242e-01
    outer loop
      vertex   2.781508e+02 7.983333e+01 3.685145e+01
      vertex   2.784352e+02 7.983333e+01 3.667275e+01
      vertex   2.784352e+02 8.666667e+01 3.667275e+01
    endloop
  endfacet
  facet normal 7.071068e-01 0.000000e+00 7.071068e-01
    outer loop
      vertex   2.784352e+02 8.666667e+01 3.667275e+01
      vertex   2.784352e+02 7.983333e+01 3.667275e+01
      vertex   2.786727e+02 8.666667e+01 3.643523e+01
    endloop
  endfacet
  facet normal 7.071068e-01 0.000000e+00 7.071068e-01
    outer loop
      vertex   2.784352e+02 8.666667e+01 3.667275e+01
      vertex   2.786727e+02 8.666667e+01 3.643523e+01
      vertex   2.786727e+02 9.350000e+01 3.643523e+01
    endloop
  endfacet
  facet normal 8.467242e-01 0.000000e+00 5.320321e-01
    outer loop
      vertex   2.786727e+02 9.350000e+01 3.643523e+01
      vertex   2.786727e+02 8.666667e+01 3.643523e+01
      vertex   2.788515e+02 9.350000e+01 3.615083e+01
    endloop
  endfacet
  facet normal 8.467242e-01 0.000000e+00 5.320321e-01
    outer loop
      vertex   2.788515e+02 9.350000e+01 3.615083e+01
      vertex   2.786727e+02 8.666667e+01 3.643523e+01
      vertex   2.788515e+02 8.666667e+01 3.615083e+01
    endloop
  endfacet
  facet normal 9.438833e-01 0.000000e+00 3.302791e-01
    outer loop
      vertex   2.788515e+02 9.350000e+01 3.615083e+01
      vertex   2.788515e+02 8.666667e+01 3.615083e+01
      vertex   2.789624e+02 9.350000e+01 3.583378e+01
    endloop
  endfacet
  facet normal 9.438833e-01 0.000000e+00 3.302791e-01
    outer loop
      vertex   2.789624e+02 9.350000e+01 3.583378e+01
      vertex   2.788515e+02 8.666667e+01 3.615083e+01
      vertex   2.789624e+02 8.666667e+01 3.583378e+01
    endloop
  endfacet
  facet normal 7.071068e-01 0.000000e+00 7.071068e-01
    outer loop
      vertex   2.786727e+02 9.350000e+01 3.643523e+01
      vertex   2.784352e+02 9.350000e+01 3.667275e+01
      vertex   2.784352e+02 8.666667e+01 3.667275e+01
    endloop
  endfacet
  facet normal 5.320321e-01 -0.000000e+00 8.467242e-01
    outer loop
      vertex   2.784352e+02 8.666667e+01 3.667275e+01
      vertex   2.784352e+02 9.350000e+01 3.667275e+01
      vertex   2.781508e+02 8.666667e+01 3.685145e+01
    endloop
  endfacet
  facet normal 5.320321e-01 0.000000e+00 8.467242e-01
    outer loop
      vertex   2.784352e+02 8.666667e+01 3.667275e+01
      vertex   2.781508e+02 8.666667e+01 3.685145e+01
      vertex   2.781508e+02 7.983333e+01 3.685145e+01
    endloop
  endfacet
  facet normal 3.302791e-01 -0.000000e+00 9.438833e-01
    outer loop
      vertex   2.781508e+02 7.983333e+01 3.685145e+01
      vertex   2.781508e+02 8.666667e+01 3.685145e+01
      vertex   2.778338e+02 7.983333e+01 3.696239e+01
    endloop
  endfacet
  facet normal 3.302791e-01 0.000000e+00 9.438833e-01
    outer loop
      vertex   2.781508e+02 7.983333e+01 3.685145e+01
      vertex   2.778338e+02 7.983333e+01 3.696239e+01
      vertex   2.778338e+02 7.300000e+01 3.696239e+01
    endloop
  endfacet
  facet normal 1.119645e-01 -0.000000e+00 9.937122e-01
    outer loop
      vertex   2.778338e+02 7.300000e+01 3.696239e+01
      vertex   2.778338e+02 7.983333e+01 3.696239e+01
      vertex   2.775000e+02 9.350000e+01 3.700000e+01
    endloop
  endfacet
  facet normal 1.119645e-01 0.000000e+00 9.937122e-01
    outer loop
      vertex   2.778338e+02 7.300000e+01 3.696239e+01
      vertex   2.775000e+02 9.350000e+01 3.700000e+01
      vertex   2.775000e+02 5.250000e+01 3.700000e+01
    endloop
  endfacet
  facet normal 5.320321e-01 8.797294e-16 8.467242e-01
    outer loop
      vertex   2.784352e+02 9.350000e+01 3.667275e+01
      vertex   2.781508e+02 9.350000e+01 3.685145e+01
      vertex   2.781508e+02 8.666667e+01 3.685145e+01
    endloop
  endfacet
  facet normal 3.302791e-01 9.814675e-16 9.438833e-01
    outer loop
      vertex   2.781508e+02 8.666667e+01 3.685145e+01
      vertex   2.781508e+02 9.350000e+01 3.685145e+01
      vertex   2.778338e+02 8.666667e+01 3.696239e+01
    endloop
  endfacet
  facet normal 3.302791e-01 0.000000e+00 9.438833e-01
    outer loop
      vertex   2.781508e+02 8.666667e+01 3.685145e+01
      vertex   2.778338e+02 8.666667e+01 3.696239e+01
      vertex   2.778338e+02 7.983333e+01 3.696239e+01
    endloop
  endfacet
  facet normal 1.119645e-01 -0.000000e+00 9.937122e-01
    outer loop
      vertex   2.778338e+02 7.983333e+01 3.696239e+01
      vertex   2.778338e+02 8.666667e+01 3.696239e+01
      vertex   2.775000e+02 9.350000e+01 3.700000e+01
    endloop
  endfacet
  facet normal 3.302791e-01 0.000000e+00 9.438833e-01
    outer loop
      vertex   2.781508e+02 9.350000e+01 3.685145e+01
      vertex   2.778338e+02 9.350000e+01 3.696239e+01
      vertex   2.778338e+02 8.666667e+01 3.696239e+01
    endloop
  endfacet
  facet normal 1.119645e-01 -0.000000e+00 9.937122e-01
    outer loop
      vertex   2.778338e+02 8.666667e+01 3.696239e+01
      vertex   2.778338e+02 9.350000e+01 3.696239e+01
      vertex   2.775000e+02 9.350000e+01 3.700000e+01
    endloop
  endfacet
  facet normal 7.071068e-01 0.000000e+00 7.071068e-01
    outer loop
      vertex   2.784352e+02 5.250000e+01 3.667275e+01
      vertex   2.786727e+02 5.250000e+01 3.643523e+01
      vertex   2.786727e+02 5.933333e+01 3.643523e+01
    endloop
  endfacet
  facet normal 8.467242e-01 0.000000e+00 5.320321e-01
    outer loop
      vertex   2.786727e+02 5.933333e+01 3.643523e+01
      vertex   2.786727e+02 5.250000e+01 3.643523e+01
      vertex   2.788515e+02 5.933333e+01 3.615083e+01
    endloop
  endfacet
  facet normal 8.467242e-01 0.000000e+00 5.320321e-01
    outer loop
      vertex   2.786727e+02 5.933333e+01 3.643523e+01
      vertex   2.788515e+02 5.933333e+01 3.615083e+01
      vertex   2.788515e+02 6.616667e+01 3.615083e+01
    endloop
  endfacet
  facet normal 9.438833e-01 0.000000e+00 3.302791e-01
    outer loop
      vertex   2.788515e+02 6.616667e+01 3.615083e+01
      vertex   2.788515e+02 5.933333e+01 3.615083e+01
      vertex   2.789624e+02 6.616667e+01 3.583378e+01
    endloop
  endfacet
  facet normal 9.438833e-01 0.000000e+00 3.302791e-01
    outer loop
      vertex   2.788515e+02 6.616667e+01 3.615083e+01
      vertex   2.789624e+02 6.616667e+01 3.583378e+01
      vertex   2.789624e+02 7.300000e+01 3.583378e+01
    endloop
  endfacet
  facet normal 9.937122e-01 0.000000e+00 1.119645e-01
    outer loop
      vertex   2.789624e+02 7.300000e+01 3.583378e+01
      vertex   2.789624e+02 6.616667e+01 3.583378e+01
      vertex   2.790000e+02 5.250000e+01 3.550000e+01
    endloop
  endfacet
  facet normal 9.937122e-01 0.000000e+00 1.119645e-01
    outer loop
      vertex   2.789624e+02 7.300000e+01 3.583378e+01
      vertex   2.790000e+02 5.250000e+01 3.550000e+01
      vertex   2.790000e+02 9.350000e+01 3.550000e+01
    endloop
  endfacet
  facet normal 8.467242e-01 0.000000e+00 5.320321e-01
    outer loop
      vertex   2.786727e+02 5.250000e+01 3.643523e+01
      vertex   2.788515e+02 5.250000e+01 3.615083e+01
      vertex   2.788515e+02 5.933333e+01 3.615083e+01
    endloop
  endfacet
  facet normal 9.438833e-01 0.000000e+00 3.302791e-01
    outer loop
      vertex   2.788515e+02 5.933333e+01 3.615083e+01
      vertex   2.788515e+02 5.250000e+01 3.615083e+01
      vertex   2.789624e+02 5.933333e+01 3.583378e+01
    endloop
  endfacet
  facet normal 9.438833e-01 0.000000e+00 3.302791e-01
    outer loop
      vertex   2.788515e+02 5.933333e+01 3.615083e+01
      vertex   2.789624e+02 5.933333e+01 3.583378e+01
      vertex   2.789624e+02 6.616667e+01 3.583378e+01
    endloop
  endfacet
  facet normal 9.937122e-01 0.000000e+00 1.119645e-01
    outer loop
      vertex   2.789624e+02 6.616667e+01 3.583378e+01
      vertex   2.789624e+02 5.933333e+01 3.583378e+01
      vertex   2.790000e+02 5.250000e+01 3.550000e+01
    endloop
  endfacet
  facet normal 9.438833e-01 0.000000e+00 3.302791e-01
    outer loop
      vertex   2.788515e+02 5.250000e+01 3.615083e+01
      vertex   2.789624e+02 5.250000e+01 3.583378e+01
      vertex   2.789624e+02 5.933333e+01 3.583378e+01
    endloop
  endfacet
  facet normal 9.937122e-01 0.000000e+00 1.119645e-01
    outer loop
      vertex   2.789624e+02 5.933333e+01 3.583378e+01
      vertex   2.789624e+02 5.250000e+01 3.583378e+01
      vertex   2.790000e+02 5.250000e+01 3.550000e+01
    endloop
  endfacet
  facet normal 9.438833e-01 -0.000000e+00 3.302791e-01
    outer loop
      vertex   2.789624e+02 7.983333e+01 3.583378e+01
      vertex   2.789624e+02 8.666667e+01 3.583378e+01
      vertex   2.788515e+02 7.983333e+01 3.615083e+01
    endloop
  endfacet
  facet normal 9.438833e-01 -0.000000e+00 3.302791e-01
    outer loop
      vertex   2.788515e+02 7.983333e+01 3.615083e+01
      vertex   2.789624e+02 8.666667e+01 3.583378e+01
      vertex   2.788515e+02 8.666667e+01 3.615083e+01
    endloop
  endfacet
  facet normal 8.467242e-01 -0.000000e+00 5.320321e-01
    outer loop
      vertex   2.788515e+02 7.983333e+01 3.615083e+01
      vertex   2.788515e+02 8.666667e+01 3.615083e+01
      vertex   2.786727e+02 7.983333e+01 3.643523e+01
    endloop
  endfacet
  facet normal 8.467242e-01 5.532169e-16 5.320321e-01
    outer loop
      vertex   2.786727e+02 7.983333e+01 3.643523e+01
      vertex   2.788515e+02 8.666667e+01 3.615083e+01
      vertex   2.786727e+02 8.666667e+01 3.643523e+01
    endloop
  endfacet
  facet normal 7.071068e-01 7.352628e-16 7.071068e-01
    outer loop
      vertex   2.786727e+02 7.983333e+01 3.643523e+01
      vertex   2.786727e+02 8.666667e+01 3.643523e+01
      vertex   2.784352e+02 7.983333e+01 3.667275e+01
    endloop
  endfacet
  facet normal 9.438833e-01 0.000000e+00 3.302791e-01
    outer loop
      vertex   2.789624e+02 7.983333e+01 3.583378e+01
      vertex   2.788515e+02 7.983333e+01 3.615083e+01
      vertex   2.788515e+02 7.300000e+01 3.615083e+01
    endloop
  endfacet
  facet normal 8.467242e-01 -0.000000e+00 5.320321e-01
    outer loop
      vertex   2.788515e+02 7.300000e+01 3.615083e+01
      vertex   2.788515e+02 7.983333e+01 3.615083e+01
      vertex   2.786727e+02 7.300000e+01 3.643523e+01
    endloop
  endfacet
  facet normal 8.467242e-01 0.000000e+00 5.320321e-01
    outer loop
      vertex   2.788515e+02 7.300000e+01 3.615083e+01
      vertex   2.786727e+02 7.300000e+01 3.643523e+01
      vertex   2.786727e+02 6.616667e+01 3.643523e+01
    endloop
  endfacet
  facet normal 7.071068e-01 -0.000000e+00 7.071068e-01
    outer loop
      vertex   2.786727e+02 6.616667e+01 3.643523e+01
      vertex   2.786727e+02 7.300000e+01 3.643523e+01
      vertex   2.784352e+02 6.616667e+01 3.667275e+01
    endloop
  endfacet
  facet normal 7.071068e-01 0.000000e+00 7.071068e-01
    outer loop
      vertex   2.786727e+02 6.616667e+01 3.643523e+01
      vertex   2.784352e+02 6.616667e+01 3.667275e+01
      vertex   2.784352e+02 5.933333e+01 3.667275e+01
    endloop
  endfacet
  facet normal 5.320321e-01 -0.000000e+00 8.467242e-01
    outer loop
      vertex   2.784352e+02 5.933333e+01 3.667275e+01
      vertex   2.784352e+02 6.616667e+01 3.667275e+01
      vertex   2.781508e+02 5.933333e+01 3.685145e+01
    endloop
  endfacet
  facet normal 8.467242e-01 -0.000000e+00 5.320321e-01
    outer loop
      vertex   2.786727e+02 7.300000e+01 3.643523e+01
      vertex   2.788515e+02 7.983333e+01 3.615083e+01
      vertex   2.786727e+02 7.983333e+01 3.643523e+01
    endloop
  endfacet
  facet normal 7.071068e-01 -0.000000e+00 7.071068e-01
    outer loop
      vertex   2.786727e+02 7.300000e+01 3.643523e+01
      vertex   2.786727e+02 7.983333e+01 3.643523e+01
      vertex   2.784352e+02 7.300000e+01 3.667275e+01
    endloop
  endfacet
  facet normal 7.071068e-01 -0.000000e+00 7.071068e-01
    outer loop
      vertex   2.784352e+02 7.300000e+01 3.667275e+01
      vertex   2.786727e+02 7.983333e+01 3.643523e+01
      vertex   2.784352e+02 7.983333e+01 3.667275e+01
    endloop
  endfacet
  facet normal 5.320321e-01 -0.000000e+00 8.467242e-01
    outer loop
      vertex   2.784352e+02 7.300000e+01 3.667275e+01
      vertex   2.784352e+02 7.983333e+01 3.667275e+01
      vertex   2.781508e+02 7.300000e+01 3.685145e+01
    endloop
  endfacet
  facet normal 7.071068e-01 0.000000e+00 7.071068e-01
    outer loop
      vertex   2.786727e+02 7.300000e+01 3.643523e+01
      vertex   2.784352e+02 7.300000e+01 3.667275e+01
      vertex   2.784352e+02 6.616667e+01 3.667275e+01
    endloop
  endfacet
  facet normal 5.320321e-01 -0.000000e+00 8.467242e-01
    outer loop
      vertex   2.784352e+02 6.616667e+01 3.667275e+01
      vertex   2.784352e+02 7.300000e+01 3.667275e+01
      vertex   2.781508e+02 6.616667e+01 3.685145e+01
    endloop
  endfacet
  facet normal 5.320321e-01 0.000000e+00 8.467242e-01
    outer loop
      vertex   2.784352e+02 6.616667e+01 3.667275e+01
      vertex   2.781508e+02 6.616667e+01 3.685145e+01
      vertex   2.781508e+02 5.933333e+01 3.685145e+01
    endloop
  endfacet
  facet normal 3.302791e-01 -0.000000e+00 9.438833e-01
    outer loop
      vertex   2.781508e+02 5.933333e+01 3.685145e+01
      vertex   2.781508e+02 6.616667e+01 3.685145e+01
      vertex   2.778338e+02 5.933333e+01 3.696239e+01
    endloop
  endfacet
  facet normal 5.320321e-01 -0.000000e+00 8.467242e-01
    outer loop
      vertex   2.781508e+02 6.616667e+01 3.685145e+01
      vertex   2.784352e+02 7.300000e+01 3.667275e+01
      vertex   2.781508e+02 7.300000e+01 3.685145e+01
    endloop
  endfacet
  facet normal 3.302791e-01 -0.000000e+00 9.438833e-01
    outer loop
      vertex   2.778338e+02 5.933333e+01 3.696239e+01
      vertex   2.781508e+02 6.616667e+01 3.685145e+01
      vertex   2.778338e+02 6.616667e+01 3.696239e+01
    endloop
  endfacet
  facet normal 3.302791e-01 0.000000e+00 9.438833e-01
    outer loop
      vertex   2.778338e+02 6.616667e+01 3.696239e+01
      vertex   2.781508e+02 6.616667e+01 3.685145e+01
      vertex   2.781508e+02 7.300000e+01 3.685145e+01
    endloop
  endfacet
  facet normal -0.000000e+00 0.000000e+00 1.000000e+00
    outer loop
      vertex   2.754529e+02 9.087303e+01 3.700000e+01
      vertex   2.755000e+02 9.050000e+01 3.700000e+01
      vertex   2.775000e+02 9.350000e+01 3.700000e+01
    endloop
  endfacet
  facet normal 0.000000e+00 0.000000e+00 1.000000e+00
    outer loop
      vertex   2.775000e+02 9.350000e+01 3.700000e+01
      vertex   2.755000e+02 9.050000e+01 3.700000e+01
      vertex   2.754529e+02 9.012697e+01 3.700000e+01
    endloop
  endfacet
  facet normal 0.000000e+00 0.000000e+00 1.000000e+00
    outer loop
      vertex   2.775000e+02 9.350000e+01 3.700000e+01
      vertex   2.754529e+02 9.012697e+01 3.700000e+01
      vertex   2.753145e+02 8.977737e+01 3.700000e+01
    endloop
  endfacet
  facet normal -0.000000e+00 0.000000e+00 1.000000e+00
    outer loop
      vertex   2.750935e+02 8.947318e+01 3.700000e+01
      vertex   2.753145e+02 5.622263e+01 3.700000e+01
      vertex   2.753145e+02 8.977737e+01 3.700000e+01
    endloop
  endfacet
  facet normal 0.000000e+00 0.000000e+00 1.000000e+00
    outer loop
      vertex   2.753145e+02 8.977737e+01 3.700000e+01
      vertex   2.753145e+02 5.622263e+01 3.700000e+01
      vertex   2.775000e+02 5.250000e+01 3.700000e+01
    endloop
  endfacet
  facet normal -0.000000e+00 0.000000e+00 1.000000e+00
    outer loop
      vertex   2.753145e+02 8.977737e+01 3.700000e+01
      vertex   2.775000e+02 5.250000e+01 3.700000e+01
      vertex   2.775000e+02 9.350000e+01 3.700000e+01
    endloop
  endfacet
  facet normal 0.000000e+00 0.000000e+00 1.000000e+00
    outer loop
      vertex   2.753145e+02 5.622263e+01 3.700000e+01
      vertex   2.750935e+02 8.947318e+01 3.700000e+01
      vertex   2.750935e+02 5.652682e+01 3.700000e+01
    endloop
  endfacet
  facet normal 0.000000e+00 -0.000000e+00 1.000000e+00
    outer loop
      vertex   2.750935e+02 5.652682e+01 3.700000e+01
      vertex   2.750935e+02 8.947318e+01 3.700000e+01
      vertex   2.748037e+02 8.923351e+01 3.700000e+01
    endloop
  endfacet
  facet normal 0.000000e+00 0.000000e+00 1.000000e+00
    outer loop
      vertex   2.750935e+02 5.652682e+01 3.700000e+01
      vertex   2.748037e+02 8.923351e+01 3.700000e+01
      vertex   2.748037e+02 5.676649e+01 3.700000e+01
    endloop
  endfacet
  facet normal 0.000000e+00 -0.000000e+00 1.000000e+00
    outer loop
      vertex   2.748037e+02 5.676649e+01 3.700000e+01
      vertex   2.748037e+02 8.923351e+01 3.700000e+01
      vertex   2.706500e+02 5.940000e+01 3.700000e+01
    endloop
  endfacet
  facet normal 0.000000e+00 0.000000e+00 1.000000e+00
    outer loop
      vertex   2.748037e+02 5.676649e+01 3.700000e+01
      vertex   2.706500e+02 5.940000e+01 3.700000e+01
      vertex   2.744635e+02 5.692658e+01 3.700000e+01
    endloop
  endfacet
  facet normal 0.000000e+00 0.000000e+00 1.000000e+00
    outer loop
      vertex   2.744635e+02 5.692658e+01 3.700000e+01
      vertex   2.706500e+02 5.940000e+01 3.700000e+01
      vertex   2.740942e+02 5.699704e+01 3.700000e+01
    endloop
  endfacet
  facet normal 0.000000e+00 0.000000e+00 1.000000e+00
    outer loop
      vertex   2.740942e+02 5.699704e+01 3.700000e+01
      vertex   2.706500e+02 5.940000e+01 3.700000e+01
      vertex   2.737189e+02 5.697343e+01 3.700000e+01
    endloop
  endfacet
  facet normal 0.000000e+00 0.000000e+00 1.000000e+00
    outer loop
      vertex   2.737189e+02 5.697343e+01 3.700000e+01
      vertex   2.706500e+02 5.940000e+01 3.700000e+01
      vertex   2.733613e+02 5.685724e+01 3.700000e+01
    endloop
  endfacet
  facet normal 0.000000e+00 0.000000e+00 1.000000e+00
    outer loop
      vertex   2.733613e+02 5.685724e+01 3.700000e+01
      vertex   2.706500e+02 5.940000e+01 3.700000e+01
      vertex   2.730439e+02 5.665577e+01 3.700000e+01
    endloop
  endfacet
  facet normal 0.000000e+00 0.000000e+00 1.000000e+00
    outer loop
      vertex   2.730439e+02 5.665577e+01 3.700000e+01
      vertex   2.706500e+02 5.940000e+01 3.700000e+01
      vertex   2.727865e+02 5.638168e+01 3.700000e+01
    endloop
  endfacet
  facet normal 0.000000e+00 0.000000e+00 1.000000e+00
    outer loop
      vertex   2.727865e+02 5.638168e+01 3.700000e+01
      vertex   2.706500e+02 5.940000e+01 3.700000e+01
      vertex   2.726053e+02 5.605219e+01 3.700000e+01
    endloop
  endfacet
  facet normal 0.000000e+00 0.000000e+00 1.000000e+00
    outer loop
      vertex   2.726053e+02 5.605219e+01 3.700000e+01
      vertex   2.706500e+02 5.940000e+01 3.700000e+01
      vertex   2.725118e+02 5.568800e+01 3.700000e+01
    endloop
  endfacet
  facet normal 0.000000e+00 0.000000e+00 1.000000e+00
    outer loop
      vertex   2.725118e+02 5.568800e+01 3.700000e+01
      vertex   2.706500e+02 5.940000e+01 3.700000e+01
      vertex   2.725118e+02 5.531200e+01 3.700000e+01
    endloop
  endfacet
  facet normal 0.000000e+00 0.000000e+00 1.000000e+00
    outer loop
      vertex   2.725118e+02 5.531200e+01 3.700000e+01
      vertex   2.706500e+02 5.940000e+01 3.700000e+01
      vertex   2.726053e+02 5.494781e+01 3.700000e+01
    endloop
  endfacet
  facet normal 0.000000e+00 0.000000e+00 1.000000e+00
    outer loop
      vertex   2.726053e+02 5.494781e+01 3.700000e+01
      vertex   2.706500e+02 5.940000e+01 3.700000e+01
      vertex   2.273500e+02 5.940000e+01 3.700000e+01
    endloop
  endfacet
  facet normal 0.000000e+00 0.000000e+00 1.000000e+00
    outer loop
      vertex   2.726053e+02 5.494781e+01 3.700000e+01
      vertex   2.273500e+02 5.940000e+01 3.700000e+01
      vertex   2.254529e+02 5.512696e+01 3.700000e+01
    endloop
  endfacet
  facet normal 0.000000e+00 0.000000e+00 1.000000e+00
    outer loop
      vertex   2.254529e+02 5.512696e+01 3.700000e+01
      vertex   2.273500e+02 5.940000e+01 3.700000e+01
      vertex   2.255000e+02 5.550000e+01 3.700000e+01
    endloop
  endfacet
  facet normal 0.000000e+00 -0.000000e+00 1.000000e+00
    outer loop
      vertex   2.255000e+02 5.550000e+01 3.700000e+01
      vertex   2.273500e+02 5.940000e+01 3.700000e+01
      vertex   2.254529e+02 5.587303e+01 3.700000e+01
    endloop
  endfacet
  facet normal 0.000000e+00 -0.000000e+00 1.000000e+00
    outer loop
      vertex   2.254529e+02 5.587303e+01 3.700000e+01
      vertex   2.273500e+02 5.940000e+01 3.700000e+01
      vertex   2.253145e+02 5.622263e+01 3.700000e+01
    endloop
  endfacet
  facet normal 0.000000e+00 -0.000000e+00 1.000000e+00
    outer loop
      vertex   2.253145e+02 5.622263e+01 3.700000e+01
      vertex   2.273500e+02 5.940000e+01 3.700000e+01
      vertex   2.250935e+02 5.652682e+01 3.700000e+01
    endloop
  endfacet
  facet normal 0.000000e+00 -0.000000e+00 1.000000e+00
    outer loop
      vertex   2.250935e+02 5.652682e+01 3.700000e+01
      vertex   2.273500e+02 5.940000e+01 3.700000e+01
      vertex   2.248037e+02 5.676649e+01 3.700000e+01
    endloop
  endfacet
  facet normal 0.000000e+00 -0.000000e+00 1.000000e+00
    outer loop
      vertex   2.248037e+02 5.676649e+01 3.700000e+01
      vertex   2.273500e+02 5.940000e+01 3.700000e+01
      vertex   2.244635e+02 5.692658e+01 3.700000e+01
    endloop
  endfacet
  facet normal 0.000000e+00 -0.000000e+00 1.000000e+00
    outer loop
      vertex   2.244635e+02 5.692658e+01 3.700000e+01
      vertex   2.273500e+02 5.940000e+01 3.700000e+01
      vertex   2.240942e+02 5.699704e+01 3.700000e+01
    endloop
  endfacet
  facet normal 0.000000e+00 -0.000000e+00 1.000000e+00
    outer loop
      vertex   2.240942e+02 5.699704e+01 3.700000e+01
      vertex   2.273500e+02 5.940000e+01 3.700000e+01
      vertex   2.237189e+02 5.697343e+01 3.700000e+01
    endloop
  endfacet
  facet normal 0.000000e+00 -0.000000e+00 1.000000e+00
    outer loop
      vertex   2.237189e+02 5.697343e+01 3.700000e+01
      vertex   2.273500e+02 5.940000e+01 3.700000e+01
      vertex   2.233613e+02 5.685724e+01 3.700000e+01
    endloop
  endfacet
  facet normal 0.000000e+00 0.000000e+00 1.000000e+00
    outer loop
      vertex   2.233613e+02 5.685724e+01 3.700000e+01
      vertex   2.273500e+02 5.940000e+01 3.700000e+01
      vertex   2.233613e+02 8.914276e+01 3.700000e+01
    endloop
  endfacet
  facet normal 0.000000e+00 -0.000000e+00 1.000000e+00
    outer loop
      vertex   2.233613e+02 5.685724e+01 3.700000e+01
      vertex   2.233613e+02 8.914276e+01 3.700000e+01
      vertex   2.230439e+02 5.665577e+01 3.700000e+01
    endloop
  endfacet
  facet normal 0.000000e+00 0.000000e+00 1.000000e+00
    outer loop
      vertex   2.230439e+02 5.665577e+01 3.700000e+01
      vertex   2.233613e+02 8.914276e+01 3.700000e+01
      vertex   2.230439e+02 8.934423e+01 3.700000e+01
    endloop
  endfacet
  facet normal 0.000000e+00 -0.000000e+00 1.000000e+00
    outer loop
      vertex   2.230439e+02 5.665577e+01 3.700000e+01
      vertex   2.230439e+02 8.934423e+01 3.700000e+01
      vertex   2.227865e+02 5.638168e+01 3.700000e+01
    endloop
  endfacet
  facet normal 0.000000e+00 0.000000e+00 1.000000e+00
    outer loop
      vertex   2.227865e+02 5.638168e+01 3.700000e+01
      vertex   2.230439e+02 8.934423e+01 3.700000e+01
      vertex   2.227865e+02 8.961832e+01 3.700000e+01
    endloop
  endfacet
  facet normal 0.000000e+00 -0.000000e+00 1.000000e+00
    outer loop
      vertex   2.227865e+02 5.638168e+01 3.700000e+01
      vertex   2.227865e+02 8.961832e+01 3.700000e+01
      vertex   2.226053e+02 8.994781e+01 3.700000e+01
    endloop
  endfacet
  facet normal 0.000000e+00 0.000000e+00 1.000000e+00
    outer loop
      vertex   2.748037e+02 8.923351e+01 3.700000e+01
      vertex   2.744635e+02 8.907342e+01 3.700000e+01
      vertex   2.706500e+02 5.940000e+01 3.700000e+01
    endloop
  endfacet
  facet normal 0.000000e+00 0.000000e+00 1.000000e+00
    outer loop
      vertex   2.706500e+02 5.940000e+01 3.700000e+01
      vertex   2.744635e+02 8.907342e+01 3.700000e+01
      vertex   2.706500e+02 8.740000e+01 3.700000e+01
    endloop
  endfacet
  facet normal 0.000000e+00 0.000000e+00 1.000000e+00
    outer loop
      vertex   2.706500e+02 8.740000e+01 3.700000e+01
      vertex   2.744635e+02 8.907342e+01 3.700000e+01
      vertex   2.740942e+02 8.900296e+01 3.700000e+01
    endloop
  endfacet
  facet normal 0.000000e+00 0.000000e+00 1.000000e+00
    outer loop
      vertex   2.706500e+02 8.740000e+01 3.700000e+01
      vertex   2.740942e+02 8.900296e+01 3.700000e+01
      vertex   2.737189e+02 8.902657e+01 3.700000e+01
    endloop
  endfacet
  facet normal 0.000000e+00 0.000000e+00 1.000000e+00
    outer loop
      vertex   2.737189e+02 8.902657e+01 3.700000e+01
      vertex   2.733613e+02 8.914276e+01 3.700000e+01
      vertex   2.706500e+02 8.740000e+01 3.700000e+01
    endloop
  endfacet
  facet normal 0.000000e+00 0.000000e+00 1.000000e+00
    outer loop
      vertex   2.706500e+02 8.740000e+01 3.700000e+01
      vertex   2.733613e+02 8.914276e+01 3.700000e+01
      vertex   2.730439e+02 8.934423e+01 3.700000e+01
    endloop
  endfacet
  facet normal 0.000000e+00 0.000000e+00 1.000000e+00
    outer loop
      vertex   2.706500e+02 8.740000e+01 3.700000e+01
      vertex   2.730439e+02 8.934423e+01 3.700000e+01
      vertex   2.727865e+02 8.961832e+01 3.700000e+01
    endloop
  endfacet
  facet normal 0.000000e+00 0.000000e+00 1.000000e+00
    outer loop
      vertex   2.727865e+02 8.961832e+01 3.700000e+01
      vertex   2.726053e+02 8.994781e+01 3.700000e+01
      vertex   2.706500e+02 8.740000e+01 3.700000e+01
    endloop
  endfacet
  facet normal 0.000000e+00 0.000000e+00 1.000000e+00
    outer loop
      vertex   2.706500e+02 8.740000e+01 3.700000e+01
      vertex   2.726053e+02 8.994781e+01 3.700000e+01
      vertex   2.725118e+02 9.031200e+01 3.700000e+01
    endloop
  endfacet
  facet normal 0.000000e+00 0.000000e+00 1.000000e+00
    outer loop
      vertex   2.706500e+02 8.740000e+01 3.700000e+01
      vertex   2.725118e+02 9.031200e+01 3.700000e+01
      vertex   2.725118e+02 9.068800e+01 3.700000e+01
    endloop
  endfacet
  facet normal 0.000000e+00 -0.000000e+00 1.000000e+00
    outer loop
      vertex   2.725118e+02 9.068800e+01 3.700000e+01
      vertex   2.726053e+02 9.105219e+01 3.700000e+01
      vertex   2.706500e+02 8.740000e+01 3.700000e+01
    endloop
  endfacet
  facet normal 0.000000e+00 -0.000000e+00 1.000000e+00
    outer loop
      vertex   2.706500e+02 8.740000e+01 3.700000e+01
      vertex   2.726053e+02 9.105219e+01 3.700000e+01
      vertex   2.273500e+02 8.740000e+01 3.700000e+01
    endloop
  endfacet
  facet normal 0.000000e+00 -0.000000e+00 1.000000e+00
    outer loop
      vertex   2.273500e+02 8.740000e+01 3.700000e+01
      vertex   2.726053e+02 9.105219e+01 3.700000e+01
      vertex   2.254529e+02 9.087303e+01 3.700000e+01
    endloop
  endfacet
  facet normal 0.000000e+00 0.000000e+00 1.000000e+00
    outer loop
      vertex   2.273500e+02 8.740000e+01 3.700000e+01
      vertex   2.254529e+02 9.087303e+01 3.700000e+01
      vertex   2.255000e+02 9.050000e+01 3.700000e+01
    endloop
  endfacet
  facet normal 0.000000e+00 -0.000000e+00 1.000000e+00
    outer loop
      vertex   2.254529e+02 9.087303e+01 3.700000e+01
      vertex   2.726053e+02 9.105219e+01 3.700000e+01
      vertex   2.253145e+02 9.122263e+01 3.700000e+01
    endloop
  endfacet
  facet normal -0.000000e+00 0.000000e+00 1.000000e+00
    outer loop
      vertex   2.253145e+02 9.122263e+01 3.700000e+01
      vertex   2.726053e+02 9.105219e+01 3.700000e+01
      vertex   2.727865e+02 9.138168e+01 3.700000e+01
    endloop
  endfacet
  facet normal 0.000000e+00 -0.000000e+00 1.000000e+00
    outer loop
      vertex   2.253145e+02 9.122263e+01 3.700000e+01
      vertex   2.727865e+02 9.138168e+01 3.700000e+01
      vertex   2.250935e+02 9.152682e+01 3.700000e+01
    endloop
  endfacet
  facet normal -0.000000e+00 0.000000e+00 1.000000e+00
    outer loop
      vertex   2.250935e+02 9.152682e+01 3.700000e+01
      vertex   2.727865e+02 9.138168e+01 3.700000e+01
      vertex   2.730439e+02 9.165577e+01 3.700000e+01
    endloop
  endfacet
  facet normal 0.000000e+00 -0.000000e+00 1.000000e+00
    outer loop
      vertex   2.250935e+02 9.152682e+01 3.700000e+01
      vertex   2.730439e+02 9.165577e+01 3.700000e+01
      vertex   2.248037e+02 9.176649e+01 3.700000e+01
    endloop
  endfacet
  facet normal -0.000000e+00 0.000000e+00 1.000000e+00
    outer loop
      vertex   2.248037e+02 9.176649e+01 3.700000e+01
      vertex   2.730439e+02 9.165577e+01 3.700000e+01
      vertex   2.733613e+02 9.185724e+01 3.700000e+01
    endloop
  endfacet
  facet normal 0.000000e+00 -0.000000e+00 1.000000e+00
    outer loop
      vertex   2.248037e+02 9.176649e+01 3.700000e+01
      vertex   2.733613e+02 9.185724e+01 3.700000e+01
      vertex   2.210000e+02 9.400000e+01 3.700000e+01
    endloop
  endfacet
  facet normal -0.000000e+00 0.000000e+00 1.000000e+00
    outer loop
      vertex   2.210000e+02 9.400000e+01 3.700000e+01
      vertex   2.733613e+02 9.185724e+01 3.700000e+01
      vertex   2.770000e+02 9.400000e+01 3.700000e+01
    endloop
  endfacet
  facet normal 0.000000e+00 0.000000e+00 1.000000e+00
    outer loop
      vertex   2.770000e+02 9.400000e+01 3.700000e+01
      vertex   2.733613e+02 9.185724e+01 3.700000e+01
      vertex   2.737189e+02 9.197343e+01 3.700000e+01
    endloop
  endfacet
  facet normal 0.000000e+00 0.000000e+00 1.000000e+00
    outer loop
      vertex   2.770000e+02 9.400000e+01 3.700000e+01
      vertex   2.737189e+02 9.197343e+01 3.700000e+01
      vertex   2.740942e+02 9.199704e+01 3.700000e+01
    endloop
  endfacet
  facet normal -0.000000e+00 0.000000e+00 1.000000e+00
    outer loop
      vertex   2.740942e+02 9.199704e+01 3.700000e+01
      vertex   2.744635e+02 9.192658e+01 3.700000e+01
      vertex   2.770000e+02 9.400000e+01 3.700000e+01
    endloop
  endfacet
  facet normal 0.000000e+00 0.000000e+00 1.000000e+00
    outer loop
      vertex   2.770000e+02 9.400000e+01 3.700000e+01
      vertex   2.744635e+02 9.192658e+01 3.700000e+01
      vertex   2.748037e+02 9.176649e+01 3.700000e+01
    endloop
  endfacet
  facet normal 0.000000e+00 0.000000e+00 1.000000e+00
    outer loop
      vertex   2.770000e+02 9.400000e+01 3.700000e+01
      vertex   2.748037e+02 9.176649e+01 3.700000e+01
      vertex   2.775000e+02 9.350000e+01 3.700000e+01
    endloop
  endfacet
  facet normal 0.000000e+00 0.000000e+00 1.000000e+00
    outer loop
      vertex   2.775000e+02 9.350000e+01 3.700000e+01
      vertex   2.748037e+02 9.176649e+01 3.700000e+01
      vertex   2.750935e+02 9.152682e+01 3.700000e+01
    endloop
  endfacet
  facet normal 0.000000e+00 0.000000e+00 1.000000e+00
    outer loop
      vertex   2.775000e+02 9.350000e+01 3.700000e+01
      vertex   2.750935e+02 9.152682e+01 3.700000e+01
      vertex   2.753145e+02 9.122263e+01 3.700000e+01
    endloop
  endfacet
  facet normal -0.000000e+00 0.000000e+00 1.000000e+00
    outer loop
      vertex   2.753145e+02 9.122263e+01 3.700000e+01
      vertex   2.754529e+02 9.087303e+01 3.700000e+01
      vertex   2.775000e+02 9.350000e+01 3.700000e+01
    endloop
  endfacet
  facet normal 0.000000e+00 0.000000e+00 1.000000e+00
    outer loop
      vertex   2.255000e+02 9.050000e+01 3.700000e+01
      vertex   2.254529e+02 9.012697e+01 3.700000e+01
      vertex   2.273500e+02 8.740000e+01 3.700000e+01
    endloop
  endfacet
  facet normal 0.000000e+00 0.000000e+00 1.000000e+00
    outer loop
      vertex   2.273500e+02 8.740000e+01 3.700000e+01
      vertex   2.254529e+02 9.012697e+01 3.700000e+01
      vertex   2.253145e+02 8.977737e+01 3.700000e+01
    endloop
  endfacet
  facet normal 0.000000e+00 0.000000e+00 1.000000e+00
    outer loop
      vertex   2.273500e+02 8.740000e+01 3.700000e+01
      vertex   2.253145e+02 8.977737e+01 3.700000e+01
      vertex   2.250935e+02 8.947318e+01 3.700000e+01
    endloop
  endfacet
  facet normal 0.000000e+00 0.000000e+00 1.000000e+00
    outer loop
      vertex   2.250935e+02 8.947318e+01 3.700000e+01
      vertex   2.248037e+02 8.923351e+01 3.700000e+01
      vertex   2.273500e+02 8.740000e+01 3.700000e+01
    endloop
  endfacet
  facet normal 0.000000e+00 0.000000e+00 1.000000e+00
    outer loop
      vertex   2.273500e+02 8.740000e+01 3.700000e+01
      vertex   2.248037e+02 8.923351e+01 3.700000e+01
      vertex   2.244635e+02 8.907342e+01 3.700000e+01
    endloop
  endfacet
  facet normal 0.000000e+00 0.000000e+00 1.000000e+00
    outer loop
      vertex   2.273500e+02 8.740000e+01 3.700000e+01
      vertex   2.244635e+02 8.907342e+01 3.700000e+01
      vertex   2.240942e+02 8.900296e+01 3.700000e+01
    endloop
  endfacet
  facet normal 0.000000e+00 0.000000e+00 1.000000e+00
    outer loop
      vertex   2.240942e+02 8.900296e+01 3.700000e+01
      vertex   2.237189e+02 8.902657e+01 3.700000e+01
      vertex   2.273500e+02 8.740000e+01 3.700000e+01
    endloop
  endfacet
  facet normal 0.000000e+00 0.000000e+00 1.000000e+00
    outer loop
      vertex   2.273500e+02 8.740000e+01 3.700000e+01
      vertex   2.237189e+02 8.902657e+01 3.700000e+01
      vertex   2.233613e+02 8.914276e+01 3.700000e+01
    endloop
  endfacet
  facet normal 0.000000e+00 0.000000e+00 1.000000e+00
    outer loop
      vertex   2.273500e+02 8.740000e+01 3.700000e+01
      vertex   2.233613e+02 8.914276e+01 3.700000e+01
      vertex   2.273500e+02 5.940000e+01 3.700000e+01
    endloop
  endfacet
  facet normal 0.000000e+00 0.000000e+00 1.000000e+00
    outer loop
      vertex   2.225118e+02 9.031200e+01 3.700000e+01
      vertex   2.205000e+02 9.350000e+01 3.700000e+01
      vertex   2.226053e+02 8.994781e+01 3.700000e+01
    endloop
  endfacet
  facet normal 0.000000e+00 0.000000e+00 1.000000e+00
    outer loop
      vertex   2.226053e+02 8.994781e+01 3.700000e+01
      vertex   2.205000e+02 9.350000e+01 3.700000e+01
      vertex   2.205000e+02 5.250000e+01 3.700000e+01
    endloop
  endfacet
  facet normal 0.000000e+00 0.000000e+00 1.000000e+00
    outer loop
      vertex   2.226053e+02 8.994781e+01 3.700000e+01
      vertex   2.205000e+02 5.250000e+01 3.700000e+01
      vertex   2.226053e+02 5.605219e+01 3.700000e+01
    endloop
  endfacet
  facet normal 0.000000e+00 0.000000e+00 1.000000e+00
    outer loop
      vertex   2.226053e+02 5.605219e+01 3.700000e+01
      vertex   2.205000e+02 5.250000e+01 3.700000e+01
      vertex   2.225118e+02 5.568800e+01 3.700000e+01
    endloop
  endfacet
  facet normal 0.000000e+00 0.000000e+00 1.000000e+00
    outer loop
      vertex   2.225118e+02 5.568800e+01 3.700000e+01
      vertex   2.205000e+02 5.250000e+01 3.700000e+01
      vertex   2.225118e+02 5.531200e+01 3.700000e+01
    endloop
  endfacet
  facet normal 0.000000e+00 0.000000e+00 1.000000e+00
    outer loop
      vertex   2.225118e+02 5.531200e+01 3.700000e+01
      vertex   2.205000e+02 5.250000e+01 3.700000e+01
      vertex   2.226053e+02 5.494781e+01 3.700000e+01
    endloop
  endfacet
  facet normal 0.000000e+00 0.000000e+00 1.000000e+00
    outer loop
      vertex   2.226053e+02 5.494781e+01 3.700000e+01
      vertex   2.205000e+02 5.250000e+01 3.700000e+01
      vertex   2.227865e+02 5.461832e+01 3.700000e+01
    endloop
  endfacet
  facet normal 0.000000e+00 0.000000e+00 1.000000e+00
    outer loop
      vertex   2.227865e+02 5.461832e+01 3.700000e+01
      vertex   2.205000e+02 5.250000e+01 3.700000e+01
      vertex   2.230439e+02 5.434423e+01 3.700000e+01
    endloop
  endfacet
  facet normal 0.000000e+00 0.000000e+00 1.000000e+00
    outer loop
      vertex   2.230439e+02 5.434423e+01 3.700000e+01
      vertex   2.205000e+02 5.250000e+01 3.700000e+01
      vertex   2.233613e+02 5.414276e+01 3.700000e+01
    endloop
  endfacet
  facet normal 0.000000e+00 0.000000e+00 1.000000e+00
    outer loop
      vertex   2.233613e+02 5.414276e+01 3.700000e+01
      vertex   2.205000e+02 5.250000e+01 3.700000e+01
      vertex   2.210000e+02 5.200000e+01 3.700000e+01
    endloop
  endfacet
  facet normal 0.000000e+00 0.000000e+00 1.000000e+00
    outer loop
      vertex   2.233613e+02 5.414276e+01 3.700000e+01
      vertex   2.210000e+02 5.200000e+01 3.700000e+01
      vertex   2.237189e+02 5.402657e+01 3.700000e+01
    endloop
  endfacet
  facet normal 0.000000e+00 0.000000e+00 1.000000e+00
    outer loop
      vertex   2.237189e+02 5.402657e+01 3.700000e+01
      vertex   2.210000e+02 5.200000e+01 3.700000e+01
      vertex   2.240942e+02 5.400296e+01 3.700000e+01
    endloop
  endfacet
  facet normal -0.000000e+00 0.000000e+00 1.000000e+00
    outer loop
      vertex   2.240942e+02 5.400296e+01 3.700000e+01
      vertex   2.210000e+02 5.200000e+01 3.700000e+01
      vertex   2.244635e+02 5.407341e+01 3.700000e+01
    endloop
  endfacet
  facet normal -0.000000e+00 0.000000e+00 1.000000e+00
    outer loop
      vertex   2.244635e+02 5.407341e+01 3.700000e+01
      vertex   2.210000e+02 5.200000e+01 3.700000e+01
      vertex   2.248037e+02 5.423351e+01 3.700000e+01
    endloop
  endfacet
  facet normal 0.000000e+00 0.000000e+00 1.000000e+00
    outer loop
      vertex   2.248037e+02 5.423351e+01 3.700000e+01
      vertex   2.210000e+02 5.200000e+01 3.700000e+01
      vertex   2.733613e+02 5.414276e+01 3.700000e+01
    endloop
  endfacet
  facet normal -0.000000e+00 0.000000e+00 1.000000e+00
    outer loop
      vertex   2.248037e+02 5.423351e+01 3.700000e+01
      vertex   2.733613e+02 5.414276e+01 3.700000e+01
      vertex   2.730439e+02 5.434423e+01 3.700000e+01
    endloop
  endfacet
  facet normal 0.000000e+00 -0.000000e+00 1.000000e+00
    outer loop
      vertex   2.225118e+02 9.031200e+01 3.700000e+01
      vertex   2.225118e+02 9.068800e+01 3.700000e+01
      vertex   2.205000e+02 9.350000e+01 3.700000e+01
    endloop
  endfacet
  facet normal 0.000000e+00 0.000000e+00 1.000000e+00
    outer loop
      vertex   2.205000e+02 9.350000e+01 3.700000e+01
      vertex   2.225118e+02 9.068800e+01 3.700000e+01
      vertex   2.226053e+02 9.105219e+01 3.700000e+01
    endloop
  endfacet
  facet normal 0.000000e+00 0.000000e+00 1.000000e+00
    outer loop
      vertex   2.205000e+02 9.350000e+01 3.700000e+01
      vertex   2.226053e+02 9.105219e+01 3.700000e+01
      vertex   2.227865e+02 9.138168e+01 3.700000e+01
    endloop
  endfacet
  facet normal 0.000000e+00 -0.000000e+00 1.000000e+00
    outer loop
      vertex   2.227865e+02 9.138168e+01 3.700000e+01
      vertex   2.230439e+02 9.165577e+01 3.700000e+01
      vertex   2.205000e+02 9.350000e+01 3.700000e+01
    endloop
  endfacet
  facet normal 0.000000e+00 0.000000e+00 1.000000e+00
    outer loop
      vertex   2.205000e+02 9.350000e+01 3.700000e+01
      vertex   2.230439e+02 9.165577e+01 3.700000e+01
      vertex   2.233613e+02 9.185724e+01 3.700000e+01
    endloop
  endfacet
  facet normal -0.000000e+00 0.000000e+00 1.000000e+00
    outer loop
      vertex   2.205000e+02 9.350000e+01 3.700000e+01
      vertex   2.233613e+02 9.185724e+01 3.700000e+01
      vertex   2.210000e+02 9.400000e+01 3.700000e+01
    endloop
  endfacet
  facet normal 0.000000e+00 0.000000e+00 1.000000e+00
    outer loop
      vertex   2.210000e+02 9.400000e+01 3.700000e+01
      vertex   2.233613e+02 9.185724e+01 3.700000e+01
      vertex   2.237189e+02 9.197343e+01 3.700000e+01
    endloop
  endfacet
  facet normal 0.000000e+00 0.000000e+00 1.000000e+00
    outer loop
      vertex   2.210000e+02 9.400000e+01 3.700000e+01
      vertex   2.237189e+02 9.197343e+01 3.700000e+01
      vertex   2.240942e+02 9.199704e+01 3.700000e+01
    endloop
  endfacet
  facet normal -0.000000e+00 -0.000000e+00 1.000000e+00
    outer loop
      vertex   2.240942e+02 9.199704e+01 3.700000e+01
      vertex   2.244635e+02 9.192658e+01 3.700000e+01
      vertex   2.210000e+02 9.400000e+01 3.700000e+01
    endloop
  endfacet
  facet normal 0.000000e+00 0.000000e+00 1.000000e+00
    outer loop
      vertex   2.210000e+02 9.400000e+01 3.700000e+01
      vertex   2.244635e+02 9.192658e+01 3.700000e+01
      vertex   2.248037e+02 9.176649e+01 3.700000e+01
    endloop
  endfacet
  facet normal 0.000000e+00 0.000000e+00 1.000000e+00
    outer loop
      vertex   2.754529e+02 5.587303e+01 3.700000e+01
      vertex   2.755000e+02 5.550000e+01 3.700000e+01
      vertex   2.775000e+02 5.250000e+01 3.700000e+01
    endloop
  endfacet
  facet normal 0.000000e+00 0.000000e+00 1.000000e+00
    outer loop
      vertex   2.775000e+02 5.250000e+01 3.700000e+01
      vertex   2.755000e+02 5.550000e+01 3.700000e+01
      vertex   2.754529e+02 5.512696e+01 3.700000e+01
    endloop
  endfacet
  facet normal 0.000000e+00 0.000000e+00 1.000000e+00
    outer loop
      vertex   2.775000e+02 5.250000e+01 3.700000e+01
      vertex   2.754529e+02 5.512696e+01 3.700000e+01
      vertex   2.753145e+02 5.477737e+01 3.700000e+01
    endloop
  endfacet
  facet normal 0.000000e+00 0.000000e+00 1.000000e+00
    outer loop
      vertex   2.753145e+02 5.477737e+01 3.700000e+01
      vertex   2.750935e+02 5.447318e+01 3.700000e+01
      vertex   2.775000e+02 5.250000e+01 3.700000e+01
    endloop
  endfacet
  facet normal 0.000000e+00 0.000000e+00 1.000000e+00
    outer loop
      vertex   2.775000e+02 5.250000e+01 3.700000e+01
      vertex   2.750935e+02 5.447318e+01 3.700000e+01
      vertex   2.748037e+02 5.423351e+01 3.700000e+01
    endloop
  endfacet
  facet normal 0.000000e+00 0.000000e+00 1.000000e+00
    outer loop
      vertex   2.775000e+02 5.250000e+01 3.700000e+01
      vertex   2.748037e+02 5.423351e+01 3.700000e+01
      vertex   2.770000e+02 5.200000e+01 3.700000e+01
    endloop
  endfacet
  facet normal 0.000000e+00 0.000000e+00 1.000000e+00
    outer loop
      vertex   2.770000e+02 5.200000e+01 3.700000e+01
      vertex   2.748037e+02 5.423351e+01 3.700000e+01
      vertex   2.744635e+02 5.407341e+01 3.700000e+01
    endloop
  endfacet
  facet normal 0.000000e+00 0.000000e+00 1.000000e+00
    outer loop
      vertex   2.770000e+02 5.200000e+01 3.700000e+01
      vertex   2.744635e+02 5.407341e+01 3.700000e+01
      vertex   2.740942e+02 5.400296e+01 3.700000e+01
    endloop
  endfacet
  facet normal 0.000000e+00 0.000000e+00 1.000000e+00
    outer loop
      vertex   2.740942e+02 5.400296e+01 3.700000e+01
      vertex   2.737189e+02 5.402657e+01 3.700000e+01
      vertex   2.770000e+02 5.200000e+01 3.700000e+01
    endloop
  endfacet
  facet normal 0.000000e+00 0.000000e+00 1.000000e+00
    outer loop
      vertex   2.770000e+02 5.200000e+01 3.700000e+01
      vertex   2.737189e+02 5.402657e+01 3.700000e+01
      vertex   2.733613e+02 5.414276e+01 3.700000e+01
    endloop
  endfacet
  facet normal 0.000000e+00 0.000000e+00 1.000000e+00
    outer loop
      vertex   2.770000e+02 5.200000e+01 3.700000e+01
      vertex   2.733613e+02 5.414276e+01 3.700000e+01
      vertex   2.210000e+02 5.200000e+01 3.700000e+01
    endloop
  endfacet
  facet normal 0.000000e+00 0.000000e+00 1.000000e+00
    outer loop
      vertex   2.248037e+02 5.423351e+01 3.700000e+01
      vertex   2.730439e+02 5.434423e+01 3.700000e+01
      vertex   2.250935e+02 5.447318e+01 3.700000e+01
    endloop
  endfacet
  facet normal -0.000000e+00 0.000000e+00 1.000000e+00
    outer loop
      vertex   2.250935e+02 5.447318e+01 3.700000e+01
      vertex   2.730439e+02 5.434423e+01 3.700000e+01
      vertex   2.727865e+02 5.461832e+01 3.700000e+01
    endloop
  endfacet
  facet normal 0.000000e+00 0.000000e+00 1.000000e+00
    outer loop
      vertex   2.250935e+02 5.447318e+01 3.700000e+01
      vertex   2.727865e+02 5.461832e+01 3.700000e+01
      vertex   2.253145e+02 5.477737e+01 3.700000e+01
    endloop
  endfacet
  facet normal -0.000000e+00 0.000000e+00 1.000000e+00
    outer loop
      vertex   2.253145e+02 5.477737e+01 3.700000e+01
      vertex   2.727865e+02 5.461832e+01 3.700000e+01
      vertex   2.726053e+02 5.494781e+01 3.700000e+01
    endloop
  endfacet
  facet normal 0.000000e+00 0.000000e+00 1.000000e+00
    outer loop
      vertex   2.253145e+02 5.477737e+01 3.700000e+01
      vertex   2.726053e+02 5.494781e+01 3.700000e+01
      vertex   2.254529e+02 5.512696e+01 3.700000e+01
    endloop
  endfacet
  facet normal 0.000000e+00 0.000000e+00 1.000000e+00
    outer loop
      vertex   2.753145e+02 5.622263e+01 3.700000e+01
      vertex   2.754529e+02 5.587303e+01 3.700000e+01
      vertex   2.775000e+02 5.250000e+01 3.700000e+01
    endloop
  endfacet
  facet normal 0.000000e+00 0.000000e+00 1.000000e+00
    outer loop
      vertex   2.226053e+02 5.605219e+01 3.700000e+01
      vertex   2.227865e+02 5.638168e+01 3.700000e+01
      vertex   2.226053e+02 8.994781e+01 3.700000e+01
    endloop
  endfacet
  facet normal 0.000000e+00 0.000000e+00 1.000000e+00
    outer loop
      vertex   2.775000e+02 9.350000e+01 3.700000e+01
      vertex   2.774870e+02 9.359527e+01 3.700000e+01
      vertex   2.770000e+02 9.400000e+01 3.700000e+01
    endloop
  endfacet
  facet normal 0.000000e+00 0.000000e+00 1.000000e+00
    outer loop
      vertex   2.770000e+02 9.400000e+01 3.700000e+01
      vertex   2.774870e+02 9.359527e+01 3.700000e+01
      vertex   2.774533e+02 9.368541e+01 3.700000e+01
    endloop
  endfacet
  facet normal 0.000000e+00 0.000000e+00 1.000000e+00
    outer loop
      vertex   2.770000e+02 9.400000e+01 3.700000e+01
      vertex   2.774533e+02 9.368541e+01 3.700000e+01
      vertex   2.774038e+02 9.376801e+01 3.700000e+01
    endloop
  endfacet
  facet normal 0.000000e+00 0.000000e+00 1.000000e+00
    outer loop
      vertex   2.774038e+02 9.376801e+01 3.700000e+01
      vertex   2.773413e+02 9.384134e+01 3.700000e+01
      vertex   2.770000e+02 9.400000e+01 3.700000e+01
    endloop
  endfacet
  facet normal 0.000000e+00 0.000000e+00 1.000000e+00
    outer loop
      vertex   2.770000e+02 9.400000e+01 3.700000e+01
      vertex   2.773413e+02 9.384134e+01 3.700000e+01
      vertex   2.772680e+02 9.390382e+01 3.700000e+01
    endloop
  endfacet
  facet normal 0.000000e+00 0.000000e+00 1.000000e+00
    outer loop
      vertex   2.770000e+02 9.400000e+01 3.700000e+01
      vertex   2.772680e+02 9.390382e+01 3.700000e+01
      vertex   2.771854e+02 9.395328e+01 3.700000e+01
    endloop
  endfacet
  facet normal -1.618563e-13 -6.422518e-13 1.000000e+00
    outer loop
      vertex   2.771854e+02 9.395328e+01 3.700000e+01
      vertex   2.770952e+02 9.398708e+01 3.700000e+01
      vertex   2.770000e+02 9.400000e+01 3.700000e+01
    endloop
  endfacet
  facet normal -0.000000e+00 0.000000e+00 1.000000e+00
    outer loop
      vertex   2.209047e+02 9.398696e+01 3.700000e+01
      vertex   2.208146e+02 9.395326e+01 3.700000e+01
      vertex   2.210000e+02 9.400000e+01 3.700000e+01
    endloop
  endfacet
  facet normal 0.000000e+00 0.000000e+00 1.000000e+00
    outer loop
      vertex   2.210000e+02 9.400000e+01 3.700000e+01
      vertex   2.208146e+02 9.395326e+01 3.700000e+01
      vertex   2.207320e+02 9.390378e+01 3.700000e+01
    endloop
  endfacet
  facet normal -1.412469e-13 3.934440e-13 1.000000e+00
    outer loop
      vertex   2.210000e+02 9.400000e+01 3.700000e+01
      vertex   2.207320e+02 9.390378e+01 3.700000e+01
      vertex   2.206587e+02 9.384134e+01 3.700000e+01
    endloop
  endfacet
  facet normal 2.180398e-13 -3.795192e-13 1.000000e+00
    outer loop
      vertex   2.206587e+02 9.384134e+01 3.700000e+01
      vertex   2.205962e+02 9.376800e+01 3.700000e+01
      vertex   2.210000e+02 9.400000e+01 3.700000e+01
    endloop
  endfacet
  facet normal -7.533931e-14 1.311353e-13 1.000000e+00
    outer loop
      vertex   2.210000e+02 9.400000e+01 3.700000e+01
      vertex   2.205962e+02 9.376800e+01 3.700000e+01
      vertex   2.205467e+02 9.368540e+01 3.700000e+01
    endloop
  endfacet
  facet normal 9.505458e-14 -1.143698e-13 1.000000e+00
    outer loop
      vertex   2.210000e+02 9.400000e+01 3.700000e+01
      vertex   2.205467e+02 9.368540e+01 3.700000e+01
      vertex   2.205129e+02 9.359518e+01 3.700000e+01
    endloop
  endfacet
  facet normal -0.000000e+00 0.000000e+00 1.000000e+00
    outer loop
      vertex   2.205129e+02 9.359518e+01 3.700000e+01
      vertex   2.205000e+02 9.350000e+01 3.700000e+01
      vertex   2.210000e+02 9.400000e+01 3.700000e+01
    endloop
  endfacet
  facet normal 0.000000e+00 0.000000e+00 1.000000e+00
    outer loop
      vertex   2.205000e+02 5.250000e+01 3.700000e+01
      vertex   2.205130e+02 5.240473e+01 3.700000e+01
      vertex   2.210000e+02 5.200000e+01 3.700000e+01
    endloop
  endfacet
  facet normal 0.000000e+00 0.000000e+00 1.000000e+00
    outer loop
      vertex   2.210000e+02 5.200000e+01 3.700000e+01
      vertex   2.205130e+02 5.240473e+01 3.700000e+01
      vertex   2.205467e+02 5.231459e+01 3.700000e+01
    endloop
  endfacet
  facet normal 0.000000e+00 0.000000e+00 1.000000e+00
    outer loop
      vertex   2.210000e+02 5.200000e+01 3.700000e+01
      vertex   2.205467e+02 5.231459e+01 3.700000e+01
      vertex   2.205962e+02 5.223199e+01 3.700000e+01
    endloop
  endfacet
  facet normal 0.000000e+00 0.000000e+00 1.000000e+00
    outer loop
      vertex   2.205962e+02 5.223199e+01 3.700000e+01
      vertex   2.206587e+02 5.215866e+01 3.700000e+01
      vertex   2.210000e+02 5.200000e+01 3.700000e+01
    endloop
  endfacet
  facet normal 0.000000e+00 0.000000e+00 1.000000e+00
    outer loop
      vertex   2.210000e+02 5.200000e+01 3.700000e+01
      vertex   2.206587e+02 5.215866e+01 3.700000e+01
      vertex   2.207320e+02 5.209617e+01 3.700000e+01
    endloop
  endfacet
  facet normal 0.000000e+00 0.000000e+00 1.000000e+00
    outer loop
      vertex   2.210000e+02 5.200000e+01 3.700000e+01
      vertex   2.207320e+02 5.209617e+01 3.700000e+01
      vertex   2.208146e+02 5.204672e+01 3.700000e+01
    endloop
  endfacet
  facet normal 0.000000e+00 0.000000e+00 1.000000e+00
    outer loop
      vertex   2.208146e+02 5.204672e+01 3.700000e+01
      vertex   2.209048e+02 5.201292e+01 3.700000e+01
      vertex   2.210000e+02 5.200000e+01 3.700000e+01
    endloop
  endfacet
  facet normal 0.000000e+00 -0.000000e+00 1.000000e+00
    outer loop
      vertex   2.770953e+02 5.201304e+01 3.700000e+01
      vertex   2.771854e+02 5.204674e+01 3.700000e+01
      vertex   2.770000e+02 5.200000e+01 3.700000e+01
    endloop
  endfacet
  facet normal 0.000000e+00 0.000000e+00 1.000000e+00
    outer loop
      vertex   2.770000e+02 5.200000e+01 3.700000e+01
      vertex   2.771854e+02 5.204674e+01 3.700000e+01
      vertex   2.772680e+02 5.209622e+01 3.700000e+01
    endloop
  endfacet
  facet normal 1.412469e-13 -3.934440e-13 1.000000e+00
    outer loop
      vertex   2.770000e+02 5.200000e+01 3.700000e+01
      vertex   2.772680e+02 5.209622e+01 3.700000e+01
      vertex   2.773413e+02 5.215866e+01 3.700000e+01
    endloop
  endfacet
  facet normal -2.180398e-13 3.795192e-13 1.000000e+00
    outer loop
      vertex   2.773413e+02 5.215866e+01 3.700000e+01
      vertex   2.774038e+02 5.223200e+01 3.700000e+01
      vertex   2.770000e+02 5.200000e+01 3.700000e+01
    endloop
  endfacet
  facet normal 7.533931e-14 -1.311353e-13 1.000000e+00
    outer loop
      vertex   2.770000e+02 5.200000e+01 3.700000e+01
      vertex   2.774038e+02 5.223200e+01 3.700000e+01
      vertex   2.774533e+02 5.231460e+01 3.700000e+01
    endloop
  endfacet
  facet normal -1.689251e-13 2.208032e-13 1.000000e+00
    outer loop
      vertex   2.770000e+02 5.200000e+01 3.700000e+01
      vertex   2.774533e+02 5.231460e+01 3.700000e+01
      vertex   2.774871e+02 5.240482e+01 3.700000e+01
    endloop
  endfacet
  facet normal 8.637835e-14 -8.637835e-14 1.000000e+00
    outer loop
      vertex   2.774871e+02 5.240482e+01 3.700000e+01
      vertex   2.775000e+02 5.250000e+01 3.700000e+01
      vertex   2.770000e+02 5.200000e+01 3.700000e+01
    endloop
  endfacet
  facet normal 9.917385e-01 -6.299503e-02 1.117421e-01
    outer loop
      vertex   2.790000e+02 5.250000e+01 3.550000e+01
      vertex   2.789624e+02 5.250000e+01 3.583378e+01
      vertex   2.789835e+02 5.224084e+01 3.550000e+01
    endloop
  endfacet
  facet normal 9.884735e-01 -8.268309e-02 1.268215e-01
    outer loop
      vertex   2.789835e+02 5.224084e+01 3.550000e+01
      vertex   2.789624e+02 5.250000e+01 3.583378e+01
      vertex   2.789363e+02 5.224869e+01 3.587333e+01
    endloop
  endfacet
  facet normal 9.725771e-01 -1.947374e-01 1.271655e-01
    outer loop
      vertex   2.789835e+02 5.224084e+01 3.550000e+01
      vertex   2.789363e+02 5.224869e+01 3.587333e+01
      vertex   2.789397e+02 5.202192e+01 3.550000e+01
    endloop
  endfacet
  facet normal 9.725750e-01 -1.947451e-01 1.271701e-01
    outer loop
      vertex   2.789397e+02 5.202192e+01 3.550000e+01
      vertex   2.789363e+02 5.224869e+01 3.587333e+01
      vertex   2.788934e+02 5.203423e+01 3.587333e+01
    endloop
  endfacet
  facet normal 9.278843e-01 -3.506591e-01 1.267629e-01
    outer loop
      vertex   2.789397e+02 5.202192e+01 3.550000e+01
      vertex   2.788934e+02 5.203423e+01 3.587333e+01
      vertex   2.788022e+02 5.165801e+01 3.550000e+01
    endloop
  endfacet
  facet normal 9.283490e-01 -3.497859e-01 1.257694e-01
    outer loop
      vertex   2.788022e+02 5.165801e+01 3.550000e+01
      vertex   2.788934e+02 5.203423e+01 3.587333e+01
      vertex   2.787597e+02 5.167953e+01 3.587333e+01
    endloop
  endfacet
  facet normal 8.522974e-01 -5.076012e-01 1.262151e-01
    outer loop
      vertex   2.788022e+02 5.165801e+01 3.550000e+01
      vertex   2.787597e+02 5.167953e+01 3.587333e+01
      vertex   2.786215e+02 5.135461e+01 3.550000e+01
    endloop
  endfacet
  facet normal 8.519041e-01 -5.081137e-01 1.268067e-01
    outer loop
      vertex   2.786215e+02 5.135461e+01 3.550000e+01
      vertex   2.787597e+02 5.167953e+01 3.587333e+01
      vertex   2.785825e+02 5.138250e+01 3.587333e+01
    endloop
  endfacet
  facet normal 7.538107e-01 -6.447446e-01 1.267827e-01
    outer loop
      vertex   2.786215e+02 5.135461e+01 3.550000e+01
      vertex   2.785825e+02 5.138250e+01 3.587333e+01
      vertex   2.784020e+02 5.109800e+01 3.550000e+01
    endloop
  endfacet
  facet normal 7.546032e-01 -6.440029e-01 1.258343e-01
    outer loop
      vertex   2.784020e+02 5.109800e+01 3.550000e+01
      vertex   2.785825e+02 5.138250e+01 3.587333e+01
      vertex   2.783685e+02 5.113164e+01 3.587333e+01
    endloop
  endfacet
  facet normal 6.436934e-01 -7.548629e-01 1.258604e-01
    outer loop
      vertex   2.784020e+02 5.109800e+01 3.550000e+01
      vertex   2.783685e+02 5.113164e+01 3.587333e+01
      vertex   2.781450e+02 5.087884e+01 3.550000e+01
    endloop
  endfacet
  facet normal 6.430433e-01 -7.553020e-01 1.265469e-01
    outer loop
      vertex   2.781450e+02 5.087884e+01 3.550000e+01
      vertex   2.783685e+02 5.113164e+01 3.587333e+01
      vertex   2.781169e+02 5.091748e+01 3.587333e+01
    endloop
  endfacet
  facet normal 5.082475e-01 -8.518838e-01 1.264063e-01
    outer loop
      vertex   2.781450e+02 5.087884e+01 3.550000e+01
      vertex   2.781169e+02 5.091748e+01 3.587333e+01
      vertex   2.778418e+02 5.069797e+01 3.550000e+01
    endloop
  endfacet
  facet normal 5.088970e-01 -8.515921e-01 1.257562e-01
    outer loop
      vertex   2.778418e+02 5.069797e+01 3.550000e+01
      vertex   2.781169e+02 5.091748e+01 3.587333e+01
      vertex   2.778213e+02 5.074082e+01 3.587333e+01
    endloop
  endfacet
  facet normal 3.453804e-01 -9.299986e-01 1.257575e-01
    outer loop
      vertex   2.778418e+02 5.069797e+01 3.550000e+01
      vertex   2.778213e+02 5.074082e+01 3.587333e+01
      vertex   2.774760e+02 5.056210e+01 3.550000e+01
    endloop
  endfacet
  facet normal 3.453078e-01 -9.300154e-01 1.258327e-01
    outer loop
      vertex   2.774760e+02 5.056210e+01 3.550000e+01
      vertex   2.778213e+02 5.074082e+01 3.587333e+01
      vertex   2.774635e+02 5.060797e+01 3.587333e+01
    endloop
  endfacet
  facet normal 1.967286e-01 -9.723220e-01 1.260466e-01
    outer loop
      vertex   2.774760e+02 5.056210e+01 3.550000e+01
      vertex   2.774635e+02 5.060797e+01 3.587333e+01
      vertex   2.772575e+02 5.051790e+01 3.550000e+01
    endloop
  endfacet
  facet normal 1.962278e-01 -9.723854e-01 1.263382e-01
    outer loop
      vertex   2.772575e+02 5.051790e+01 3.550000e+01
      vertex   2.774635e+02 5.060797e+01 3.587333e+01
      vertex   2.772509e+02 5.056507e+01 3.587333e+01
    endloop
  endfacet
  facet normal 8.822025e-02 -9.880486e-01 1.264008e-01
    outer loop
      vertex   2.772575e+02 5.051790e+01 3.550000e+01
      vertex   2.772509e+02 5.056507e+01 3.587333e+01
      vertex   2.770000e+02 5.053761e+01 3.583378e+01
    endloop
  endfacet
  facet normal 5.118419e-02 -9.426461e-01 3.298461e-01
    outer loop
      vertex   2.770000e+02 5.053761e+01 3.583378e+01
      vertex   2.772509e+02 5.056507e+01 3.587333e+01
      vertex   2.770000e+02 5.064855e+01 3.615083e+01
    endloop
  endfacet
  facet normal 6.666314e-02 -9.372528e-01 3.422180e-01
    outer loop
      vertex   2.770000e+02 5.064855e+01 3.615083e+01
      vertex   2.772509e+02 5.056507e+01 3.587333e+01
      vertex   2.772366e+02 5.066620e+01 3.615309e+01
    endloop
  endfacet
  facet normal 5.850810e-02 -8.509991e-01 5.218978e-01
    outer loop
      vertex   2.770000e+02 5.064855e+01 3.615083e+01
      vertex   2.772366e+02 5.066620e+01 3.615309e+01
      vertex   2.772149e+02 5.082035e+01 3.640688e+01
    endloop
  endfacet
  facet normal 1.692537e-01 -8.358627e-01 5.221942e-01
    outer loop
      vertex   2.772149e+02 5.082035e+01 3.640688e+01
      vertex   2.772366e+02 5.066620e+01 3.615309e+01
      vertex   2.773986e+02 5.085755e+01 3.640688e+01
    endloop
  endfacet
  facet normal 1.454252e-01 -7.181855e-01 6.804860e-01
    outer loop
      vertex   2.772149e+02 5.082035e+01 3.640688e+01
      vertex   2.773986e+02 5.085755e+01 3.640688e+01
      vertex   2.773471e+02 5.105381e+01 3.662502e+01
    endloop
  endfacet
  facet normal 2.556843e-01 -6.879005e-01 6.792779e-01
    outer loop
      vertex   2.773471e+02 5.105381e+01 3.662502e+01
      vertex   2.773986e+02 5.085755e+01 3.640688e+01
      vertex   2.776193e+02 5.115501e+01 3.662502e+01
    endloop
  endfacet
  facet normal 2.042009e-01 -5.493882e-01 8.102312e-01
    outer loop
      vertex   2.773471e+02 5.105381e+01 3.662502e+01
      vertex   2.776193e+02 5.115501e+01 3.662502e+01
      vertex   2.775136e+02 5.137235e+01 3.679904e+01
    endloop
  endfacet
  facet normal 3.002804e-01 -5.028859e-01 8.105168e-01
    outer loop
      vertex   2.775136e+02 5.137235e+01 3.679904e+01
      vertex   2.776193e+02 5.115501e+01 3.662502e+01
      vertex   2.777065e+02 5.148753e+01 3.679904e+01
    endloop
  endfacet
  facet normal 2.281842e-01 -3.821450e-01 8.954871e-01
    outer loop
      vertex   2.775136e+02 5.137235e+01 3.679904e+01
      vertex   2.777065e+02 5.148753e+01 3.679904e+01
      vertex   2.776078e+02 5.162459e+01 3.688269e+01
    endloop
  endfacet
  facet normal 2.886105e-01 -3.386505e-01 8.955556e-01
    outer loop
      vertex   2.776078e+02 5.162459e+01 3.688269e+01
      vertex   2.777065e+02 5.148753e+01 3.679904e+01
      vertex   2.777523e+02 5.174774e+01 3.688269e+01
    endloop
  endfacet
  facet normal 1.910143e-01 -2.241328e-01 9.556558e-01
    outer loop
      vertex   2.776078e+02 5.162459e+01 3.688269e+01
      vertex   2.777523e+02 5.174774e+01 3.688269e+01
      vertex   2.775509e+02 5.194909e+01 3.697016e+01
    endloop
  endfacet
  facet normal 2.239982e-01 -1.911504e-01 9.556601e-01
    outer loop
      vertex   2.775509e+02 5.194909e+01 3.697016e+01
      vertex   2.777523e+02 5.174774e+01 3.688269e+01
      vertex   2.776444e+02 5.205865e+01 3.697016e+01
    endloop
  endfacet
  facet normal 7.642182e-02 -6.521508e-02 9.949405e-01
    outer loop
      vertex   2.775509e+02 5.194909e+01 3.697016e+01
      vertex   2.776444e+02 5.205865e+01 3.697016e+01
      vertex   2.774038e+02 5.223200e+01 3.700000e+01
    endloop
  endfacet
  facet normal 8.621744e-02 -5.162054e-02 9.949381e-01
    outer loop
      vertex   2.774038e+02 5.223200e+01 3.700000e+01
      vertex   2.776444e+02 5.205865e+01 3.697016e+01
      vertex   2.774533e+02 5.231460e+01 3.700000e+01
    endloop
  endfacet
  facet normal 8.630853e-02 -5.155201e-02 9.949338e-01
    outer loop
      vertex   2.774533e+02 5.231460e+01 3.700000e+01
      vertex   2.776444e+02 5.205865e+01 3.697016e+01
      vertex   2.777198e+02 5.218489e+01 3.697016e+01
    endloop
  endfacet
  facet normal 9.421759e-02 -3.529789e-02 9.949257e-01
    outer loop
      vertex   2.774533e+02 5.231460e+01 3.700000e+01
      vertex   2.777198e+02 5.218489e+01 3.697016e+01
      vertex   2.774871e+02 5.240482e+01 3.700000e+01
    endloop
  endfacet
  facet normal 9.411767e-02 -3.540439e-02 9.949314e-01
    outer loop
      vertex   2.774871e+02 5.240482e+01 3.700000e+01
      vertex   2.777198e+02 5.218489e+01 3.697016e+01
      vertex   2.777741e+02 5.232917e+01 3.697016e+01
    endloop
  endfacet
  facet normal 9.824655e-02 -1.975343e-02 9.949660e-01
    outer loop
      vertex   2.774871e+02 5.240482e+01 3.700000e+01
      vertex   2.777741e+02 5.232917e+01 3.697016e+01
      vertex   2.777904e+02 5.241034e+01 3.697016e+01
    endloop
  endfacet
  facet normal 2.879496e-01 -5.789509e-02 9.558939e-01
    outer loop
      vertex   2.777904e+02 5.241034e+01 3.697016e+01
      vertex   2.777741e+02 5.232917e+01 3.697016e+01
      vertex   2.780498e+02 5.225648e+01 3.688269e+01
    endloop
  endfacet
  facet normal 2.880043e-01 -5.779695e-02 9.558834e-01
    outer loop
      vertex   2.777904e+02 5.241034e+01 3.697016e+01
      vertex   2.780498e+02 5.225648e+01 3.688269e+01
      vertex   2.780727e+02 5.237027e+01 3.688269e+01
    endloop
  endfacet
  facet normal 4.352614e-01 -8.734864e-02 8.960568e-01
    outer loop
      vertex   2.780727e+02 5.237027e+01 3.688269e+01
      vertex   2.780498e+02 5.225648e+01 3.688269e+01
      vertex   2.782134e+02 5.221337e+01 3.679904e+01
    endloop
  endfacet
  facet normal 4.353071e-01 -8.729843e-02 8.960395e-01
    outer loop
      vertex   2.780727e+02 5.237027e+01 3.688269e+01
      vertex   2.782134e+02 5.221337e+01 3.679904e+01
      vertex   2.782401e+02 5.234643e+01 3.679904e+01
    endloop
  endfacet
  facet normal 5.728983e-01 -1.148916e-01 8.115340e-01
    outer loop
      vertex   2.782401e+02 5.234643e+01 3.679904e+01
      vertex   2.782134e+02 5.221337e+01 3.679904e+01
      vertex   2.784475e+02 5.215163e+01 3.662502e+01
    endloop
  endfacet
  facet normal 5.729444e-01 -1.148221e-01 8.115113e-01
    outer loop
      vertex   2.782401e+02 5.234643e+01 3.679904e+01
      vertex   2.784475e+02 5.215163e+01 3.662502e+01
      vertex   2.784797e+02 5.231217e+01 3.662502e+01
    endloop
  endfacet
  facet normal 7.180266e-01 -1.438976e-01 6.809782e-01
    outer loop
      vertex   2.784797e+02 5.231217e+01 3.662502e+01
      vertex   2.784475e+02 5.215163e+01 3.662502e+01
      vertex   2.786440e+02 5.209983e+01 3.640688e+01
    endloop
  endfacet
  facet normal 7.180617e-01 -1.438440e-01 6.809525e-01
    outer loop
      vertex   2.784797e+02 5.231217e+01 3.662502e+01
      vertex   2.786440e+02 5.209983e+01 3.640688e+01
      vertex   2.786808e+02 5.228356e+01 3.640688e+01
    endloop
  endfacet
  facet normal 8.361155e-01 -1.674929e-01 5.223572e-01
    outer loop
      vertex   2.786808e+02 5.228356e+01 3.640688e+01
      vertex   2.786440e+02 5.209983e+01 3.640688e+01
      vertex   2.787946e+02 5.206018e+01 3.615309e+01
    endloop
  endfacet
  facet normal 8.361392e-01 -1.674524e-01 5.223322e-01
    outer loop
      vertex   2.786808e+02 5.228356e+01 3.640688e+01
      vertex   2.787946e+02 5.206018e+01 3.615309e+01
      vertex   2.788351e+02 5.226224e+01 3.615309e+01
    endloop
  endfacet
  facet normal 9.213176e-01 -1.845110e-01 3.422419e-01
    outer loop
      vertex   2.788351e+02 5.226224e+01 3.615309e+01
      vertex   2.787946e+02 5.206018e+01 3.615309e+01
      vertex   2.788934e+02 5.203423e+01 3.587333e+01
    endloop
  endfacet
  facet normal 9.213302e-01 -1.844840e-01 3.422225e-01
    outer loop
      vertex   2.788351e+02 5.226224e+01 3.615309e+01
      vertex   2.788934e+02 5.203423e+01 3.587333e+01
      vertex   2.789363e+02 5.224869e+01 3.587333e+01
    endloop
  endfacet
  facet normal 9.428846e-01 -4.598963e-02 3.299296e-01
    outer loop
      vertex   2.789624e+02 5.250000e+01 3.583378e+01
      vertex   2.788515e+02 5.250000e+01 3.615083e+01
      vertex   2.789363e+02 5.224869e+01 3.587333e+01
    endloop
  endfacet
  facet normal 9.376437e-01 -6.126093e-02 3.421571e-01
    outer loop
      vertex   2.789363e+02 5.224869e+01 3.587333e+01
      vertex   2.788515e+02 5.250000e+01 3.615083e+01
      vertex   2.788351e+02 5.226224e+01 3.615309e+01
    endloop
  endfacet
  facet normal 8.512767e-01 -5.360631e-02 5.219716e-01
    outer loop
      vertex   2.788351e+02 5.226224e+01 3.615309e+01
      vertex   2.788515e+02 5.250000e+01 3.615083e+01
      vertex   2.786808e+02 5.228356e+01 3.640688e+01
    endloop
  endfacet
  facet normal 8.461098e-01 -3.808823e-02 5.316460e-01
    outer loop
      vertex   2.786808e+02 5.228356e+01 3.640688e+01
      vertex   2.788515e+02 5.250000e+01 3.615083e+01
      vertex   2.786727e+02 5.250000e+01 3.643523e+01
    endloop
  endfacet
  facet normal 7.297014e-01 -6.199329e-02 6.809498e-01
    outer loop
      vertex   2.786808e+02 5.228356e+01 3.640688e+01
      vertex   2.786727e+02 5.250000e+01 3.643523e+01
      vertex   2.784797e+02 5.231217e+01 3.662502e+01
    endloop
  endfacet
  facet normal 7.070529e-01 -1.233912e-02 7.070529e-01
    outer loop
      vertex   2.784797e+02 5.231217e+01 3.662502e+01
      vertex   2.786727e+02 5.250000e+01 3.643523e+01
      vertex   2.784352e+02 5.250000e+01 3.667275e+01
    endloop
  endfacet
  facet normal 5.797411e-01 -6.909580e-02 8.118657e-01
    outer loop
      vertex   2.784797e+02 5.231217e+01 3.662502e+01
      vertex   2.784352e+02 5.250000e+01 3.667275e+01
      vertex   2.782401e+02 5.234643e+01 3.679904e+01
    endloop
  endfacet
  facet normal 5.319235e-01 2.019786e-02 8.465515e-01
    outer loop
      vertex   2.782401e+02 5.234643e+01 3.679904e+01
      vertex   2.784352e+02 5.250000e+01 3.667275e+01
      vertex   2.781508e+02 5.250000e+01 3.685145e+01
    endloop
  endfacet
  facet normal 4.407582e-01 -4.974701e-02 8.962463e-01
    outer loop
      vertex   2.782401e+02 5.234643e+01 3.679904e+01
      vertex   2.781508e+02 5.250000e+01 3.685145e+01
      vertex   2.780727e+02 5.237027e+01 3.688269e+01
    endloop
  endfacet
  facet normal 3.301470e-01 2.827279e-02 9.435060e-01
    outer loop
      vertex   2.780727e+02 5.237027e+01 3.688269e+01
      vertex   2.781508e+02 5.250000e+01 3.685145e+01
      vertex   2.778338e+02 5.250000e+01 3.696239e+01
    endloop
  endfacet
  facet normal 2.881751e-01 -5.663283e-02 9.559016e-01
    outer loop
      vertex   2.780727e+02 5.237027e+01 3.688269e+01
      vertex   2.778338e+02 5.250000e+01 3.696239e+01
      vertex   2.777904e+02 5.241034e+01 3.697016e+01
    endloop
  endfacet
  facet normal 1.119075e-01 3.188619e-02 9.932069e-01
    outer loop
      vertex   2.777904e+02 5.241034e+01 3.697016e+01
      vertex   2.778338e+02 5.250000e+01 3.696239e+01
      vertex   2.775000e+02 5.250000e+01 3.700000e+01
    endloop
  endfacet
  facet normal 9.814106e-02 -1.332585e-02 9.950833e-01
    outer loop
      vertex   2.777904e+02 5.241034e+01 3.697016e+01
      vertex   2.775000e+02 5.250000e+01 3.700000e+01
      vertex   2.774871e+02 5.240482e+01 3.700000e+01
    endloop
  endfacet
  facet normal 7.649928e-02 -6.517447e-02 9.949373e-01
    outer loop
      vertex   2.774038e+02 5.223200e+01 3.700000e+01
      vertex   2.773413e+02 5.215866e+01 3.700000e+01
      vertex   2.775509e+02 5.194909e+01 3.697016e+01
    endloop
  endfacet
  facet normal 6.517601e-02 -7.649792e-02 9.949373e-01
    outer loop
      vertex   2.775509e+02 5.194909e+01 3.697016e+01
      vertex   2.773413e+02 5.215866e+01 3.700000e+01
      vertex   2.774413e+02 5.185569e+01 3.697016e+01
    endloop
  endfacet
  facet normal 1.909688e-01 -2.241426e-01 9.556626e-01
    outer loop
      vertex   2.775509e+02 5.194909e+01 3.697016e+01
      vertex   2.774413e+02 5.185569e+01 3.697016e+01
      vertex   2.776078e+02 5.162459e+01 3.688269e+01
    endloop
  endfacet
  facet normal 1.510695e-01 -2.528732e-01 9.556323e-01
    outer loop
      vertex   2.776078e+02 5.162459e+01 3.688269e+01
      vertex   2.774413e+02 5.185569e+01 3.697016e+01
      vertex   2.774397e+02 5.152421e+01 3.688269e+01
    endloop
  endfacet
  facet normal 2.283183e-01 -3.821789e-01 8.954385e-01
    outer loop
      vertex   2.776078e+02 5.162459e+01 3.688269e+01
      vertex   2.774397e+02 5.152421e+01 3.688269e+01
      vertex   2.775136e+02 5.137235e+01 3.679904e+01
    endloop
  endfacet
  facet normal 1.552976e-01 -4.176081e-01 8.952576e-01
    outer loop
      vertex   2.775136e+02 5.137235e+01 3.679904e+01
      vertex   2.774397e+02 5.152421e+01 3.688269e+01
      vertex   2.772856e+02 5.128757e+01 3.679904e+01
    endloop
  endfacet
  facet normal 2.043151e-01 -5.494203e-01 8.101806e-01
    outer loop
      vertex   2.775136e+02 5.137235e+01 3.679904e+01
      vertex   2.772856e+02 5.128757e+01 3.679904e+01
      vertex   2.773471e+02 5.105381e+01 3.662502e+01
    endloop
  endfacet
  facet normal 1.160866e-01 -5.732863e-01 8.110899e-01
    outer loop
      vertex   2.773471e+02 5.105381e+01 3.662502e+01
      vertex   2.772856e+02 5.128757e+01 3.679904e+01
      vertex   2.771865e+02 5.102131e+01 3.662502e+01
    endloop
  endfacet
  facet normal 1.454279e-01 -7.181859e-01 6.804849e-01
    outer loop
      vertex   2.773471e+02 5.105381e+01 3.662502e+01
      vertex   2.771865e+02 5.102131e+01 3.662502e+01
      vertex   2.772149e+02 5.082035e+01 3.640688e+01
    endloop
  endfacet
  facet normal 6.639916e-02 -7.295537e-01 6.806927e-01
    outer loop
      vertex   2.772149e+02 5.082035e+01 3.640688e+01
      vertex   2.771865e+02 5.102131e+01 3.662502e+01
      vertex   2.770000e+02 5.082725e+01 3.643523e+01
    endloop
  endfacet
  facet normal 4.297293e-02 -8.459420e-01 5.315406e-01
    outer loop
      vertex   2.772149e+02 5.082035e+01 3.640688e+01
      vertex   2.770000e+02 5.082725e+01 3.643523e+01
      vertex   2.770000e+02 5.064855e+01 3.615083e+01
    endloop
  endfacet
  facet normal 6.515103e-02 -7.650626e-02 9.949383e-01
    outer loop
      vertex   2.773413e+02 5.215866e+01 3.700000e+01
      vertex   2.772680e+02 5.209622e+01 3.700000e+01
      vertex   2.774413e+02 5.185569e+01 3.697016e+01
    endloop
  endfacet
  facet normal 5.158671e-02 -8.627687e-02 9.949347e-01
    outer loop
      vertex   2.774413e+02 5.185569e+01 3.697016e+01
      vertex   2.772680e+02 5.209622e+01 3.700000e+01
      vertex   2.773151e+02 5.178025e+01 3.697016e+01
    endloop
  endfacet
  facet normal 1.511954e-01 -2.528688e-01 9.556136e-01
    outer loop
      vertex   2.774413e+02 5.185569e+01 3.697016e+01
      vertex   2.773151e+02 5.178025e+01 3.697016e+01
      vertex   2.774397e+02 5.152421e+01 3.688269e+01
    endloop
  endfacet
  facet normal 1.028325e-01 -2.763790e-01 9.555313e-01
    outer loop
      vertex   2.774397e+02 5.152421e+01 3.688269e+01
      vertex   2.773151e+02 5.178025e+01 3.697016e+01
      vertex   2.772427e+02 5.145091e+01 3.688269e+01
    endloop
  endfacet
  facet normal 1.553988e-01 -4.176593e-01 8.952161e-01
    outer loop
      vertex   2.774397e+02 5.152421e+01 3.688269e+01
      vertex   2.772427e+02 5.145091e+01 3.688269e+01
      vertex   2.772856e+02 5.128757e+01 3.679904e+01
    endloop
  endfacet
  facet normal 8.815261e-02 -4.356175e-01 8.958049e-01
    outer loop
      vertex   2.772856e+02 5.128757e+01 3.679904e+01
      vertex   2.772427e+02 5.145091e+01 3.688269e+01
      vertex   2.771528e+02 5.126069e+01 3.679904e+01
    endloop
  endfacet
  facet normal 1.160086e-01 -5.732714e-01 8.111116e-01
    outer loop
      vertex   2.772856e+02 5.128757e+01 3.679904e+01
      vertex   2.771528e+02 5.126069e+01 3.679904e+01
      vertex   2.771865e+02 5.102131e+01 3.662502e+01
    endloop
  endfacet
  facet normal 7.257716e-02 -5.797281e-01 8.115712e-01
    outer loop
      vertex   2.771865e+02 5.102131e+01 3.662502e+01
      vertex   2.771528e+02 5.126069e+01 3.679904e+01
      vertex   2.770000e+02 5.106476e+01 3.667275e+01
    endloop
  endfacet
  facet normal 1.616805e-02 -7.070144e-01 7.070144e-01
    outer loop
      vertex   2.771865e+02 5.102131e+01 3.662502e+01
      vertex   2.770000e+02 5.106476e+01 3.667275e+01
      vertex   2.770000e+02 5.082725e+01 3.643523e+01
    endloop
  endfacet
  facet normal 5.166755e-02 -8.626453e-02 9.949316e-01
    outer loop
      vertex   2.772680e+02 5.209622e+01 3.700000e+01
      vertex   2.771854e+02 5.204674e+01 3.700000e+01
      vertex   2.773151e+02 5.178025e+01 3.697016e+01
    endloop
  endfacet
  facet normal 3.514116e-02 -9.430724e-02 9.949227e-01
    outer loop
      vertex   2.773151e+02 5.178025e+01 3.697016e+01
      vertex   2.771854e+02 5.204674e+01 3.700000e+01
      vertex   2.771705e+02 5.172636e+01 3.697016e+01
    endloop
  endfacet
  facet normal 1.029963e-01 -2.764081e-01 9.555053e-01
    outer loop
      vertex   2.773151e+02 5.178025e+01 3.697016e+01
      vertex   2.771705e+02 5.172636e+01 3.697016e+01
      vertex   2.772427e+02 5.145091e+01 3.688269e+01
    endloop
  endfacet
  facet normal 5.831290e-02 -2.882206e-01 9.557868e-01
    outer loop
      vertex   2.772427e+02 5.145091e+01 3.688269e+01
      vertex   2.771705e+02 5.172636e+01 3.697016e+01
      vertex   2.771292e+02 5.142794e+01 3.688269e+01
    endloop
  endfacet
  facet normal 8.813287e-02 -4.356105e-01 8.958103e-01
    outer loop
      vertex   2.772427e+02 5.145091e+01 3.688269e+01
      vertex   2.771292e+02 5.142794e+01 3.688269e+01
      vertex   2.771528e+02 5.126069e+01 3.679904e+01
    endloop
  endfacet
  facet normal 5.211191e-02 -4.408237e-01 8.960797e-01
    outer loop
      vertex   2.771528e+02 5.126069e+01 3.679904e+01
      vertex   2.771292e+02 5.142794e+01 3.688269e+01
      vertex   2.770000e+02 5.134917e+01 3.685145e+01
    endloop
  endfacet
  facet normal -1.764366e-02 -5.319493e-01 8.465924e-01
    outer loop
      vertex   2.771528e+02 5.126069e+01 3.679904e+01
      vertex   2.770000e+02 5.134917e+01 3.685145e+01
      vertex   2.770000e+02 5.106476e+01 3.667275e+01
    endloop
  endfacet
  facet normal 3.526246e-02 -9.431245e-02 9.949179e-01
    outer loop
      vertex   2.771854e+02 5.204674e+01 3.700000e+01
      vertex   2.770953e+02 5.201304e+01 3.700000e+01
      vertex   2.771705e+02 5.172636e+01 3.697016e+01
    endloop
  endfacet
  facet normal 1.990185e-02 -9.834573e-02 9.949533e-01
    outer loop
      vertex   2.771705e+02 5.172636e+01 3.697016e+01
      vertex   2.770953e+02 5.201304e+01 3.700000e+01
      vertex   2.770894e+02 5.170996e+01 3.697016e+01
    endloop
  endfacet
  facet normal 5.832641e-02 -2.882221e-01 9.557856e-01
    outer loop
      vertex   2.771705e+02 5.172636e+01 3.697016e+01
      vertex   2.770894e+02 5.170996e+01 3.697016e+01
      vertex   2.771292e+02 5.142794e+01 3.688269e+01
    endloop
  endfacet
  facet normal 5.797593e-02 -2.882734e-01 9.557914e-01
    outer loop
      vertex   2.771292e+02 5.142794e+01 3.688269e+01
      vertex   2.770894e+02 5.170996e+01 3.697016e+01
      vertex   2.770000e+02 5.166622e+01 3.696239e+01
    endloop
  endfacet
  facet normal -2.683020e-02 -3.301602e-01 9.435435e-01
    outer loop
      vertex   2.771292e+02 5.142794e+01 3.688269e+01
      vertex   2.770000e+02 5.166622e+01 3.696239e+01
      vertex   2.770000e+02 5.134917e+01 3.685145e+01
    endloop
  endfacet
  facet normal 1.344640e-02 -9.823315e-02 9.950726e-01
    outer loop
      vertex   2.770953e+02 5.201304e+01 3.700000e+01
      vertex   2.770000e+02 5.200000e+01 3.700000e+01
      vertex   2.770894e+02 5.170996e+01 3.697016e+01
    endloop
  endfacet
  facet normal -3.152315e-02 -1.119088e-01 9.932184e-01
    outer loop
      vertex   2.770894e+02 5.170996e+01 3.697016e+01
      vertex   2.770000e+02 5.200000e+01 3.700000e+01
      vertex   2.770000e+02 5.166622e+01 3.696239e+01
    endloop
  endfacet
  facet normal 6.891025e-02 -9.913500e-01 1.116983e-01
    outer loop
      vertex   2.770000e+02 5.053761e+01 3.583378e+01
      vertex   2.770000e+02 5.050000e+01 3.550000e+01
      vertex   2.772575e+02 5.051790e+01 3.550000e+01
    endloop
  endfacet
  facet normal 2.757270e-01 -1.039153e-01 9.556026e-01
    outer loop
      vertex   2.780498e+02 5.225648e+01 3.688269e+01
      vertex   2.777741e+02 5.232917e+01 3.697016e+01
      vertex   2.779759e+02 5.206026e+01 3.688269e+01
    endloop
  endfacet
  facet normal 2.758903e-01 -1.037821e-01 9.555699e-01
    outer loop
      vertex   2.779759e+02 5.206026e+01 3.688269e+01
      vertex   2.777741e+02 5.232917e+01 3.697016e+01
      vertex   2.777198e+02 5.218489e+01 3.697016e+01
    endloop
  endfacet
  facet normal 2.529684e-01 -1.509219e-01 9.556305e-01
    outer loop
      vertex   2.779759e+02 5.206026e+01 3.688269e+01
      vertex   2.777198e+02 5.218489e+01 3.697016e+01
      vertex   2.778755e+02 5.189209e+01 3.688269e+01
    endloop
  endfacet
  facet normal 2.528194e-01 -1.510088e-01 9.556562e-01
    outer loop
      vertex   2.778755e+02 5.189209e+01 3.688269e+01
      vertex   2.777198e+02 5.218489e+01 3.697016e+01
      vertex   2.776444e+02 5.205865e+01 3.697016e+01
    endloop
  endfacet
  facet normal 2.238669e-01 -1.912017e-01 9.556806e-01
    outer loop
      vertex   2.778755e+02 5.189209e+01 3.688269e+01
      vertex   2.776444e+02 5.205865e+01 3.697016e+01
      vertex   2.777523e+02 5.174774e+01 3.688269e+01
    endloop
  endfacet
  facet normal 4.165416e-01 -1.571457e-01 8.954319e-01
    outer loop
      vertex   2.782134e+02 5.221337e+01 3.679904e+01
      vertex   2.780498e+02 5.225648e+01 3.688269e+01
      vertex   2.781277e+02 5.198630e+01 3.679904e+01
    endloop
  endfacet
  facet normal 4.167457e-01 -1.570620e-01 8.953516e-01
    outer loop
      vertex   2.781277e+02 5.198630e+01 3.679904e+01
      vertex   2.780498e+02 5.225648e+01 3.688269e+01
      vertex   2.779759e+02 5.206026e+01 3.688269e+01
    endloop
  endfacet
  facet normal 3.822953e-01 -2.279411e-01 8.954849e-01
    outer loop
      vertex   2.781277e+02 5.198630e+01 3.679904e+01
      vertex   2.779759e+02 5.206026e+01 3.688269e+01
      vertex   2.780127e+02 5.179331e+01 3.679904e+01
    endloop
  endfacet
  facet normal 3.821330e-01 -2.279819e-01 8.955437e-01
    outer loop
      vertex   2.780127e+02 5.179331e+01 3.679904e+01
      vertex   2.779759e+02 5.206026e+01 3.688269e+01
      vertex   2.778755e+02 5.189209e+01 3.688269e+01
    endloop
  endfacet
  facet normal 3.381956e-01 -2.890114e-01 8.955982e-01
    outer loop
      vertex   2.780127e+02 5.179331e+01 3.679904e+01
      vertex   2.778755e+02 5.189209e+01 3.688269e+01
      vertex   2.778717e+02 5.162833e+01 3.679904e+01
    endloop
  endfacet
  facet normal 3.383673e-01 -2.889950e-01 8.955386e-01
    outer loop
      vertex   2.778717e+02 5.162833e+01 3.679904e+01
      vertex   2.778755e+02 5.189209e+01 3.688269e+01
      vertex   2.777523e+02 5.174774e+01 3.688269e+01
    endloop
  endfacet
  facet normal 2.886952e-01 -3.386559e-01 8.955262e-01
    outer loop
      vertex   2.778717e+02 5.162833e+01 3.679904e+01
      vertex   2.777523e+02 5.174774e+01 3.688269e+01
      vertex   2.777065e+02 5.148753e+01 3.679904e+01
    endloop
  endfacet
  facet normal 5.478731e-01 -2.070105e-01 8.105441e-01
    outer loop
      vertex   2.784475e+02 5.215163e+01 3.662502e+01
      vertex   2.782134e+02 5.221337e+01 3.679904e+01
      vertex   2.783450e+02 5.188036e+01 3.662502e+01
    endloop
  endfacet
  facet normal 5.481798e-01 -2.068079e-01 8.103884e-01
    outer loop
      vertex   2.783450e+02 5.188036e+01 3.662502e+01
      vertex   2.782134e+02 5.221337e+01 3.679904e+01
      vertex   2.781277e+02 5.198630e+01 3.679904e+01
    endloop
  endfacet
  facet normal 5.030741e-01 -2.996941e-01 8.106170e-01
    outer loop
      vertex   2.783450e+02 5.188036e+01 3.662502e+01
      vertex   2.781277e+02 5.198630e+01 3.679904e+01
      vertex   2.782089e+02 5.165192e+01 3.662502e+01
    endloop
  endfacet
  facet normal 5.028307e-01 -2.998096e-01 8.107253e-01
    outer loop
      vertex   2.782089e+02 5.165192e+01 3.662502e+01
      vertex   2.781277e+02 5.198630e+01 3.679904e+01
      vertex   2.780127e+02 5.179331e+01 3.679904e+01
    endloop
  endfacet
  facet normal 4.447945e-01 -3.804689e-01 8.108028e-01
    outer loop
      vertex   2.782089e+02 5.165192e+01 3.662502e+01
      vertex   2.780127e+02 5.179331e+01 3.679904e+01
      vertex   2.780426e+02 5.145742e+01 3.662502e+01
    endloop
  endfacet
  facet normal 4.451075e-01 -3.803749e-01 8.106752e-01
    outer loop
      vertex   2.780426e+02 5.145742e+01 3.662502e+01
      vertex   2.780127e+02 5.179331e+01 3.679904e+01
      vertex   2.778717e+02 5.162833e+01 3.679904e+01
    endloop
  endfacet
  facet normal 3.799723e-01 -4.454837e-01 8.106573e-01
    outer loop
      vertex   2.780426e+02 5.145742e+01 3.662502e+01
      vertex   2.778717e+02 5.162833e+01 3.679904e+01
      vertex   2.778479e+02 5.129136e+01 3.662502e+01
    endloop
  endfacet
  facet normal 3.797843e-01 -4.455088e-01 8.107316e-01
    outer loop
      vertex   2.778479e+02 5.129136e+01 3.662502e+01
      vertex   2.778717e+02 5.162833e+01 3.679904e+01
      vertex   2.777065e+02 5.148753e+01 3.679904e+01
    endloop
  endfacet
  facet normal 3.000377e-01 -5.028734e-01 8.106144e-01
    outer loop
      vertex   2.778479e+02 5.129136e+01 3.662502e+01
      vertex   2.777065e+02 5.148753e+01 3.679904e+01
      vertex   2.776193e+02 5.115501e+01 3.662502e+01
    endloop
  endfacet
  facet normal 6.861300e-01 -2.593784e-01 6.796679e-01
    outer loop
      vertex   2.786440e+02 5.209983e+01 3.640688e+01
      vertex   2.784475e+02 5.215163e+01 3.662502e+01
      vertex   2.785275e+02 5.179152e+01 3.640688e+01
    endloop
  endfacet
  facet normal 6.862517e-01 -2.592960e-01 6.795764e-01
    outer loop
      vertex   2.785275e+02 5.179152e+01 3.640688e+01
      vertex   2.784475e+02 5.215163e+01 3.662502e+01
      vertex   2.783450e+02 5.188036e+01 3.662502e+01
    endloop
  endfacet
  facet normal 6.300968e-01 -3.752433e-01 6.798312e-01
    outer loop
      vertex   2.785275e+02 5.179152e+01 3.640688e+01
      vertex   2.783450e+02 5.188036e+01 3.662502e+01
      vertex   2.783736e+02 5.153323e+01 3.640688e+01
    endloop
  endfacet
  facet normal 6.299853e-01 -3.752984e-01 6.799041e-01
    outer loop
      vertex   2.783736e+02 5.153323e+01 3.640688e+01
      vertex   2.783450e+02 5.188036e+01 3.662502e+01
      vertex   2.782089e+02 5.165192e+01 3.662502e+01
    endloop
  endfacet
  facet normal 5.571044e-01 -4.766628e-01 6.800200e-01
    outer loop
      vertex   2.783736e+02 5.153323e+01 3.640688e+01
      vertex   2.782089e+02 5.165192e+01 3.662502e+01
      vertex   2.781860e+02 5.131395e+01 3.640688e+01
    endloop
  endfacet
  facet normal 5.572120e-01 -4.766287e-01 6.799558e-01
    outer loop
      vertex   2.781860e+02 5.131395e+01 3.640688e+01
      vertex   2.782089e+02 5.165192e+01 3.662502e+01
      vertex   2.780426e+02 5.145742e+01 3.662502e+01
    endloop
  endfacet
  facet normal 4.758942e-01 -5.578860e-01 6.799176e-01
    outer loop
      vertex   2.781860e+02 5.131395e+01 3.640688e+01
      vertex   2.780426e+02 5.145742e+01 3.662502e+01
      vertex   2.779665e+02 5.112669e+01 3.640688e+01
    endloop
  endfacet
  facet normal 4.758507e-01 -5.578925e-01 6.799426e-01
    outer loop
      vertex   2.779665e+02 5.112669e+01 3.640688e+01
      vertex   2.780426e+02 5.145742e+01 3.662502e+01
      vertex   2.778479e+02 5.129136e+01 3.662502e+01
    endloop
  endfacet
  facet normal 3.757073e-01 -6.298527e-01 6.798012e-01
    outer loop
      vertex   2.779665e+02 5.112669e+01 3.640688e+01
      vertex   2.778479e+02 5.129136e+01 3.662502e+01
      vertex   2.777081e+02 5.097256e+01 3.640688e+01
    endloop
  endfacet
  facet normal 3.758015e-01 -6.298562e-01 6.797458e-01
    outer loop
      vertex   2.777081e+02 5.097256e+01 3.640688e+01
      vertex   2.778479e+02 5.129136e+01 3.662502e+01
      vertex   2.776193e+02 5.115501e+01 3.662502e+01
    endloop
  endfacet
  facet normal 2.555837e-01 -6.878736e-01 6.793430e-01
    outer loop
      vertex   2.777081e+02 5.097256e+01 3.640688e+01
      vertex   2.776193e+02 5.115501e+01 3.662502e+01
      vertex   2.773986e+02 5.085755e+01 3.640688e+01
    endloop
  endfacet
  facet normal 7.985526e-01 -3.014583e-01 5.209958e-01
    outer loop
      vertex   2.787946e+02 5.206018e+01 3.615309e+01
      vertex   2.786440e+02 5.209983e+01 3.640688e+01
      vertex   2.786676e+02 5.172374e+01 3.615309e+01
    endloop
  endfacet
  facet normal 7.981931e-01 -3.017418e-01 5.213825e-01
    outer loop
      vertex   2.786676e+02 5.172374e+01 3.615309e+01
      vertex   2.786440e+02 5.209983e+01 3.640688e+01
      vertex   2.785275e+02 5.179152e+01 3.640688e+01
    endloop
  endfacet
  facet normal 7.330028e-01 -4.368010e-01 5.214517e-01
    outer loop
      vertex   2.786676e+02 5.172374e+01 3.615309e+01
      vertex   2.785275e+02 5.179152e+01 3.640688e+01
      vertex   2.784999e+02 5.144221e+01 3.615309e+01
    endloop
  endfacet
  facet normal 7.332345e-01 -4.366652e-01 5.212396e-01
    outer loop
      vertex   2.784999e+02 5.144221e+01 3.615309e+01
      vertex   2.785275e+02 5.179152e+01 3.640688e+01
      vertex   2.783736e+02 5.153323e+01 3.640688e+01
    endloop
  endfacet
  facet normal 6.486670e-01 -5.544004e-01 5.214127e-01
    outer loop
      vertex   2.784999e+02 5.144221e+01 3.615309e+01
      vertex   2.783736e+02 5.153323e+01 3.640688e+01
      vertex   2.782962e+02 5.120387e+01 3.615309e+01
    endloop
  endfacet
  facet normal 6.481849e-01 -5.545919e-01 5.218085e-01
    outer loop
      vertex   2.782962e+02 5.120387e+01 3.615309e+01
      vertex   2.783736e+02 5.153323e+01 3.640688e+01
      vertex   2.781860e+02 5.131395e+01 3.640688e+01
    endloop
  endfacet
  facet normal 5.533813e-01 -6.492764e-01 5.217369e-01
    outer loop
      vertex   2.782962e+02 5.120387e+01 3.615309e+01
      vertex   2.781860e+02 5.131395e+01 3.640688e+01
      vertex   2.780574e+02 5.100037e+01 3.615309e+01
    endloop
  endfacet
  facet normal 5.537775e-01 -6.491878e-01 5.214266e-01
    outer loop
      vertex   2.780574e+02 5.100037e+01 3.615309e+01
      vertex   2.781860e+02 5.131395e+01 3.640688e+01
      vertex   2.779665e+02 5.112669e+01 3.640688e+01
    endloop
  endfacet
  facet normal 4.374053e-01 -7.327244e-01 5.213363e-01
    outer loop
      vertex   2.780574e+02 5.100037e+01 3.615309e+01
      vertex   2.779665e+02 5.112669e+01 3.640688e+01
      vertex   2.777764e+02 5.083262e+01 3.615309e+01
    endloop
  endfacet
  facet normal 4.370771e-01 -7.327358e-01 5.215954e-01
    outer loop
      vertex   2.777764e+02 5.083262e+01 3.615309e+01
      vertex   2.779665e+02 5.112669e+01 3.640688e+01
      vertex   2.777081e+02 5.097256e+01 3.640688e+01
    endloop
  endfacet
  facet normal 2.971651e-01 -8.000919e-01 5.211006e-01
    outer loop
      vertex   2.777764e+02 5.083262e+01 3.615309e+01
      vertex   2.777081e+02 5.097256e+01 3.640688e+01
      vertex   2.774379e+02 5.070689e+01 3.615309e+01
    endloop
  endfacet
  facet normal 2.972879e-01 -8.001154e-01 5.209944e-01
    outer loop
      vertex   2.774379e+02 5.070689e+01 3.615309e+01
      vertex   2.777081e+02 5.097256e+01 3.640688e+01
      vertex   2.773986e+02 5.085755e+01 3.640688e+01
    endloop
  endfacet
  facet normal 1.689872e-01 -8.358271e-01 5.223375e-01
    outer loop
      vertex   2.774379e+02 5.070689e+01 3.615309e+01
      vertex   2.773986e+02 5.085755e+01 3.640688e+01
      vertex   2.772366e+02 5.066620e+01 3.615309e+01
    endloop
  endfacet
  facet normal 8.796364e-01 -3.314318e-01 3.411639e-01
    outer loop
      vertex   2.788934e+02 5.203423e+01 3.587333e+01
      vertex   2.787946e+02 5.206018e+01 3.615309e+01
      vertex   2.787597e+02 5.167953e+01 3.587333e+01
    endloop
  endfacet
  facet normal 8.791910e-01 -3.318998e-01 3.418563e-01
    outer loop
      vertex   2.787597e+02 5.167953e+01 3.587333e+01
      vertex   2.787946e+02 5.206018e+01 3.615309e+01
      vertex   2.786676e+02 5.172374e+01 3.615309e+01
    endloop
  endfacet
  facet normal 8.071242e-01 -4.814049e-01 3.417599e-01
    outer loop
      vertex   2.787597e+02 5.167953e+01 3.587333e+01
      vertex   2.786676e+02 5.172374e+01 3.615309e+01
      vertex   2.785825e+02 5.138250e+01 3.587333e+01
    endloop
  endfacet
  facet normal 8.074392e-01 -4.811581e-01 3.413631e-01
    outer loop
      vertex   2.785825e+02 5.138250e+01 3.587333e+01
      vertex   2.786676e+02 5.172374e+01 3.615309e+01
      vertex   2.784999e+02 5.144221e+01 3.615309e+01
    endloop
  endfacet
  facet normal 7.149102e-01 -6.101276e-01 3.415373e-01
    outer loop
      vertex   2.785825e+02 5.138250e+01 3.587333e+01
      vertex   2.784999e+02 5.144221e+01 3.615309e+01
      vertex   2.783685e+02 5.113164e+01 3.587333e+01
    endloop
  endfacet
  facet normal 7.142815e-01 -6.104795e-01 3.422232e-01
    outer loop
      vertex   2.783685e+02 5.113164e+01 3.587333e+01
      vertex   2.784999e+02 5.144221e+01 3.615309e+01
      vertex   2.782962e+02 5.120387e+01 3.615309e+01
    endloop
  endfacet
  facet normal 6.091291e-01 -7.154672e-01 3.421526e-01
    outer loop
      vertex   2.783685e+02 5.113164e+01 3.587333e+01
      vertex   2.782962e+02 5.120387e+01 3.615309e+01
      vertex   2.781169e+02 5.091748e+01 3.587333e+01
    endloop
  endfacet
  facet normal 6.096373e-01 -7.152810e-01 3.416364e-01
    outer loop
      vertex   2.781169e+02 5.091748e+01 3.587333e+01
      vertex   2.782962e+02 5.120387e+01 3.615309e+01
      vertex   2.780574e+02 5.100037e+01 3.615309e+01
    endloop
  endfacet
  facet normal 4.821114e-01 -8.067689e-01 3.416030e-01
    outer loop
      vertex   2.781169e+02 5.091748e+01 3.587333e+01
      vertex   2.780574e+02 5.100037e+01 3.615309e+01
      vertex   2.778213e+02 5.074082e+01 3.587333e+01
    endloop
  endfacet
  facet normal 4.816537e-01 -8.068476e-01 3.420623e-01
    outer loop
      vertex   2.778213e+02 5.074082e+01 3.587333e+01
      vertex   2.780574e+02 5.100037e+01 3.615309e+01
      vertex   2.777764e+02 5.083262e+01 3.615309e+01
    endloop
  endfacet
  facet normal 3.271342e-01 -8.810684e-01 3.416162e-01
    outer loop
      vertex   2.778213e+02 5.074082e+01 3.587333e+01
      vertex   2.777764e+02 5.083262e+01 3.615309e+01
      vertex   2.774635e+02 5.060797e+01 3.587333e+01
    endloop
  endfacet
  facet normal 3.272428e-01 -8.810736e-01 3.414988e-01
    outer loop
      vertex   2.774635e+02 5.060797e+01 3.587333e+01
      vertex   2.777764e+02 5.083262e+01 3.615309e+01
      vertex   2.774379e+02 5.070689e+01 3.615309e+01
    endloop
  endfacet
  facet normal 1.858385e-01 -9.209024e-01 3.426411e-01
    outer loop
      vertex   2.774635e+02 5.060797e+01 3.587333e+01
      vertex   2.774379e+02 5.070689e+01 3.615309e+01
      vertex   2.772509e+02 5.056507e+01 3.587333e+01
    endloop
  endfacet
  facet normal 1.861905e-01 -9.209162e-01 3.424128e-01
    outer loop
      vertex   2.772509e+02 5.056507e+01 3.587333e+01
      vertex   2.774379e+02 5.070689e+01 3.615309e+01
      vertex   2.772366e+02 5.066620e+01 3.615309e+01
    endloop
  endfacet
  facet normal 1.055290e-01 -9.943177e-01 -1.400027e-02
    outer loop
      vertex   2.773873e+02 5.054111e+01 2.500000e+01
      vertex   2.773373e+02 5.053118e+01 2.532812e+01
      vertex   2.770000e+02 5.050000e+01 2.500000e+01
    endloop
  endfacet
  facet normal 9.204197e-02 -9.957551e-01 0.000000e+00
    outer loop
      vertex   2.770000e+02 5.050000e+01 2.500000e+01
      vertex   2.773373e+02 5.053118e+01 2.532812e+01
      vertex   2.773373e+02 5.053118e+01 2.565625e+01
    endloop
  endfacet
  facet normal 9.204197e-02 -9.957551e-01 0.000000e+00
    outer loop
      vertex   2.770000e+02 5.050000e+01 2.500000e+01
      vertex   2.773373e+02 5.053118e+01 2.565625e+01
      vertex   2.773373e+02 5.053118e+01 2.598437e+01
    endloop
  endfacet
  facet normal 2.741023e-01 -9.617006e-01 0.000000e+00
    outer loop
      vertex   2.773373e+02 5.053118e+01 2.598437e+01
      vertex   2.773373e+02 5.053118e+01 2.565625e+01
      vertex   2.776905e+02 5.063185e+01 2.565625e+01
    endloop
  endfacet
  facet normal 2.741023e-01 -9.617006e-01 0.000000e+00
    outer loop
      vertex   2.773373e+02 5.053118e+01 2.598437e+01
      vertex   2.776905e+02 5.063185e+01 2.565625e+01
      vertex   2.776905e+02 5.063185e+01 2.598437e+01
    endloop
  endfacet
  facet normal 4.506238e-01 -8.927140e-01 0.000000e+00
    outer loop
      vertex   2.776905e+02 5.063185e+01 2.598437e+01
      vertex   2.776905e+02 5.063185e+01 2.565625e+01
      vertex   2.780388e+02 5.080765e+01 2.565625e+01
    endloop
  endfacet
  facet normal 4.506238e-01 -8.927140e-01 0.000000e+00
    outer loop
      vertex   2.776905e+02 5.063185e+01 2.598437e+01
      vertex   2.780388e+02 5.080765e+01 2.565625e+01
      vertex   2.780388e+02 5.080765e+01 2.598437e+01
    endloop
  endfacet
  facet normal 6.128453e-01 -7.902029e-01 0.000000e+00
    outer loop
      vertex   2.780388e+02 5.080765e+01 2.598437e+01
      vertex   2.780388e+02 5.080765e+01 2.565625e+01
      vertex   2.783577e+02 5.105503e+01 2.565625e+01
    endloop
  endfacet
  facet normal 6.128453e-01 -7.902029e-01 0.000000e+00
    outer loop
      vertex   2.780388e+02 5.080765e+01 2.598437e+01
      vertex   2.783577e+02 5.105503e+01 2.565625e+01
      vertex   2.783577e+02 5.105503e+01 2.598437e+01
    endloop
  endfacet
  facet normal 7.578310e-01 -6.524509e-01 0.000000e+00
    outer loop
      vertex   2.783577e+02 5.105503e+01 2.598437e+01
      vertex   2.783577e+02 5.105503e+01 2.565625e+01
      vertex   2.786421e+02 5.138533e+01 2.565625e+01
    endloop
  endfacet
  facet normal 7.578310e-01 -6.524509e-01 0.000000e+00
    outer loop
      vertex   2.783577e+02 5.105503e+01 2.598437e+01
      vertex   2.786421e+02 5.138533e+01 2.565625e+01
      vertex   2.786421e+02 5.138533e+01 2.598437e+01
    endloop
  endfacet
  facet normal 8.757402e-01 -4.827827e-01 0.000000e+00
    outer loop
      vertex   2.786421e+02 5.138533e+01 2.598437e+01
      vertex   2.786421e+02 5.138533e+01 2.565625e+01
      vertex   2.788464e+02 5.175585e+01 2.565625e+01
    endloop
  endfacet
  facet normal 8.757402e-01 -4.827827e-01 0.000000e+00
    outer loop
      vertex   2.786421e+02 5.138533e+01 2.598437e+01
      vertex   2.788464e+02 5.175585e+01 2.565625e+01
      vertex   2.788464e+02 5.175585e+01 2.598437e+01
    endloop
  endfacet
  facet normal 9.555633e-01 -2.947859e-01 0.000000e+00
    outer loop
      vertex   2.788464e+02 5.175585e+01 2.598437e+01
      vertex   2.788464e+02 5.175585e+01 2.565625e+01
      vertex   2.789637e+02 5.213630e+01 2.565625e+01
    endloop
  endfacet
  facet normal 9.555633e-01 -2.947859e-01 0.000000e+00
    outer loop
      vertex   2.788464e+02 5.175585e+01 2.598437e+01
      vertex   2.789637e+02 5.213630e+01 2.565625e+01
      vertex   2.789637e+02 5.213630e+01 2.598437e+01
    endloop
  endfacet
  facet normal 9.950694e-01 -9.918098e-02 0.000000e+00
    outer loop
      vertex   2.789637e+02 5.213630e+01 2.598437e+01
      vertex   2.789637e+02 5.213630e+01 2.565625e+01
      vertex   2.790000e+02 5.250000e+01 2.500000e+01
    endloop
  endfacet
  facet normal 9.950694e-01 -9.918098e-02 0.000000e+00
    outer loop
      vertex   2.789637e+02 5.213630e+01 2.598437e+01
      vertex   2.790000e+02 5.250000e+01 2.500000e+01
      vertex   2.789637e+02 5.213630e+01 2.631250e+01
    endloop
  endfacet
  facet normal 9.950694e-01 -9.918098e-02 0.000000e+00
    outer loop
      vertex   2.789637e+02 5.213630e+01 2.631250e+01
      vertex   2.790000e+02 5.250000e+01 2.500000e+01
      vertex   2.789637e+02 5.213630e+01 2.696875e+01
    endloop
  endfacet
  facet normal 9.555633e-01 -2.947859e-01 0.000000e+00
    outer loop
      vertex   2.789637e+02 5.213630e+01 2.631250e+01
      vertex   2.789637e+02 5.213630e+01 2.696875e+01
      vertex   2.788464e+02 5.175585e+01 2.696875e+01
    endloop
  endfacet
  facet normal 9.555633e-01 -2.947859e-01 0.000000e+00
    outer loop
      vertex   2.788464e+02 5.175585e+01 2.696875e+01
      vertex   2.789637e+02 5.213630e+01 2.696875e+01
      vertex   2.788464e+02 5.175585e+01 2.762500e+01
    endloop
  endfacet
  facet normal 8.757402e-01 -4.827827e-01 0.000000e+00
    outer loop
      vertex   2.788464e+02 5.175585e+01 2.696875e+01
      vertex   2.788464e+02 5.175585e+01 2.762500e+01
      vertex   2.786421e+02 5.138533e+01 2.762500e+01
    endloop
  endfacet
  facet normal 8.757402e-01 -4.827827e-01 0.000000e+00
    outer loop
      vertex   2.786421e+02 5.138533e+01 2.762500e+01
      vertex   2.788464e+02 5.175585e+01 2.762500e+01
      vertex   2.786421e+02 5.138533e+01 2.893750e+01
    endloop
  endfacet
  facet normal 7.578310e-01 -6.524509e-01 0.000000e+00
    outer loop
      vertex   2.786421e+02 5.138533e+01 2.762500e+01
      vertex   2.786421e+02 5.138533e+01 2.893750e+01
      vertex   2.783577e+02 5.105503e+01 2.893750e+01
    endloop
  endfacet
  facet normal 7.578310e-01 -6.524509e-01 0.000000e+00
    outer loop
      vertex   2.783577e+02 5.105503e+01 2.893750e+01
      vertex   2.786421e+02 5.138533e+01 2.893750e+01
      vertex   2.783577e+02 5.105503e+01 3.025000e+01
    endloop
  endfacet
  facet normal 6.128453e-01 -7.902029e-01 0.000000e+00
    outer loop
      vertex   2.783577e+02 5.105503e+01 2.893750e+01
      vertex   2.783577e+02 5.105503e+01 3.025000e+01
      vertex   2.780388e+02 5.080765e+01 3.025000e+01
    endloop
  endfacet
  facet normal 6.128453e-01 -7.902029e-01 0.000000e+00
    outer loop
      vertex   2.780388e+02 5.080765e+01 3.025000e+01
      vertex   2.783577e+02 5.105503e+01 3.025000e+01
      vertex   2.780388e+02 5.080765e+01 3.287500e+01
    endloop
  endfacet
  facet normal 4.506238e-01 -8.927140e-01 0.000000e+00
    outer loop
      vertex   2.780388e+02 5.080765e+01 3.025000e+01
      vertex   2.780388e+02 5.080765e+01 3.287500e+01
      vertex   2.776905e+02 5.063185e+01 3.287500e+01
    endloop
  endfacet
  facet normal 4.506210e-01 -8.927085e-01 -3.490544e-03
    outer loop
      vertex   2.776905e+02 5.063185e+01 3.287500e+01
      vertex   2.780388e+02 5.080765e+01 3.287500e+01
      vertex   2.778418e+02 5.069797e+01 3.550000e+01
    endloop
  endfacet
  facet normal 3.481422e-01 -9.374351e-01 3.543053e-03
    outer loop
      vertex   2.776905e+02 5.063185e+01 3.287500e+01
      vertex   2.778418e+02 5.069797e+01 3.550000e+01
      vertex   2.774760e+02 5.056210e+01 3.550000e+01
    endloop
  endfacet
  facet normal 2.740802e-01 -9.616231e-01 1.268905e-02
    outer loop
      vertex   2.773373e+02 5.053118e+01 2.532812e+01
      vertex   2.773873e+02 5.054111e+01 2.500000e+01
      vertex   2.776905e+02 5.063185e+01 2.532812e+01
    endloop
  endfacet
  facet normal 3.045272e-01 -9.523333e-01 -1.801395e-02
    outer loop
      vertex   2.776905e+02 5.063185e+01 2.532812e+01
      vertex   2.773873e+02 5.054111e+01 2.500000e+01
      vertex   2.777589e+02 5.065994e+01 2.500000e+01
    endloop
  endfacet
  facet normal 4.505543e-01 -8.925764e-01 1.755711e-02
    outer loop
      vertex   2.776905e+02 5.063185e+01 2.532812e+01
      vertex   2.777589e+02 5.065994e+01 2.500000e+01
      vertex   2.780388e+02 5.080765e+01 2.532812e+01
    endloop
  endfacet
  facet normal 4.826418e-01 -8.756444e-01 -1.742902e-02
    outer loop
      vertex   2.780388e+02 5.080765e+01 2.532812e+01
      vertex   2.777589e+02 5.065994e+01 2.500000e+01
      vertex   2.781010e+02 5.084849e+01 2.500000e+01
    endloop
  endfacet
  facet normal 6.127471e-01 -7.900762e-01 1.790830e-02
    outer loop
      vertex   2.780388e+02 5.080765e+01 2.532812e+01
      vertex   2.781010e+02 5.084849e+01 2.500000e+01
      vertex   2.783577e+02 5.105503e+01 2.532812e+01
    endloop
  endfacet
  facet normal 6.381415e-01 -7.697780e-01 -1.473644e-02
    outer loop
      vertex   2.783577e+02 5.105503e+01 2.532812e+01
      vertex   2.781010e+02 5.084849e+01 2.500000e+01
      vertex   2.784020e+02 5.109796e+01 2.500000e+01
    endloop
  endfacet
  facet normal 7.577248e-01 -6.523595e-01 1.673916e-02
    outer loop
      vertex   2.783577e+02 5.105503e+01 2.532812e+01
      vertex   2.784020e+02 5.109796e+01 2.500000e+01
      vertex   2.786421e+02 5.138533e+01 2.532812e+01
    endloop
  endfacet
  facet normal 7.698288e-01 -6.382346e-01 -4.490052e-03
    outer loop
      vertex   2.786421e+02 5.138533e+01 2.532812e+01
      vertex   2.784020e+02 5.109796e+01 2.500000e+01
      vertex   2.786515e+02 5.139892e+01 2.500000e+01
    endloop
  endfacet
  facet normal 8.757538e-01 -4.827324e-01 4.971282e-03
    outer loop
      vertex   2.786421e+02 5.138533e+01 2.532812e+01
      vertex   2.786515e+02 5.139892e+01 2.500000e+01
      vertex   2.788400e+02 5.174101e+01 2.500000e+01
    endloop
  endfacet
  facet normal 8.757296e-01 -4.827769e-01 4.908381e-03
    outer loop
      vertex   2.786421e+02 5.138533e+01 2.532812e+01
      vertex   2.788400e+02 5.174101e+01 2.500000e+01
      vertex   2.788464e+02 5.175585e+01 2.532812e+01
    endloop
  endfacet
  facet normal 9.524727e-01 -3.045887e-01 -4.637405e-03
    outer loop
      vertex   2.788464e+02 5.175585e+01 2.532812e+01
      vertex   2.788400e+02 5.174101e+01 2.500000e+01
      vertex   2.789589e+02 5.211266e+01 2.500000e+01
    endloop
  endfacet
  facet normal 9.555394e-01 -2.947785e-01 7.081847e-03
    outer loop
      vertex   2.788464e+02 5.175585e+01 2.532812e+01
      vertex   2.789589e+02 5.211266e+01 2.500000e+01
      vertex   2.789637e+02 5.213630e+01 2.532812e+01
    endloop
  endfacet
  facet normal 9.943892e-01 -1.055426e-01 -7.126532e-03
    outer loop
      vertex   2.789637e+02 5.213630e+01 2.532812e+01
      vertex   2.789589e+02 5.211266e+01 2.500000e+01
      vertex   2.790000e+02 5.250000e+01 2.500000e+01
    endloop
  endfacet
  facet normal 9.950694e-01 -9.918098e-02 0.000000e+00
    outer loop
      vertex   2.789637e+02 5.213630e+01 2.532812e+01
      vertex   2.790000e+02 5.250000e+01 2.500000e+01
      vertex   2.789637e+02 5.213630e+01 2.565625e+01
    endloop
  endfacet
  facet normal 9.950694e-01 -9.918098e-02 0.000000e+00
    outer loop
      vertex   2.789637e+02 5.213630e+01 2.696875e+01
      vertex   2.790000e+02 5.250000e+01 2.500000e+01
      vertex   2.789637e+02 5.213630e+01 2.762500e+01
    endloop
  endfacet
  facet normal 9.950694e-01 -9.918098e-02 0.000000e+00
    outer loop
      vertex   2.789637e+02 5.213630e+01 2.762500e+01
      vertex   2.790000e+02 5.250000e+01 2.500000e+01
      vertex   2.790000e+02 5.250000e+01 3.025000e+01
    endloop
  endfacet
  facet normal 9.950694e-01 -9.918098e-02 0.000000e+00
    outer loop
      vertex   2.789637e+02 5.213630e+01 2.762500e+01
      vertex   2.790000e+02 5.250000e+01 3.025000e+01
      vertex   2.789637e+02 5.213630e+01 2.893750e+01
    endloop
  endfacet
  facet normal 9.950694e-01 -9.918098e-02 0.000000e+00
    outer loop
      vertex   2.789637e+02 5.213630e+01 2.893750e+01
      vertex   2.790000e+02 5.250000e+01 3.025000e+01
      vertex   2.789637e+02 5.213630e+01 3.025000e+01
    endloop
  endfacet
  facet normal 9.555633e-01 -2.947859e-01 0.000000e+00
    outer loop
      vertex   2.789637e+02 5.213630e+01 2.893750e+01
      vertex   2.789637e+02 5.213630e+01 3.025000e+01
      vertex   2.788464e+02 5.175585e+01 3.025000e+01
    endloop
  endfacet
  facet normal 9.555633e-01 -2.947859e-01 0.000000e+00
    outer loop
      vertex   2.788464e+02 5.175585e+01 3.025000e+01
      vertex   2.789637e+02 5.213630e+01 3.025000e+01
      vertex   2.788464e+02 5.175585e+01 3.287500e+01
    endloop
  endfacet
  facet normal 8.757402e-01 -4.827827e-01 0.000000e+00
    outer loop
      vertex   2.788464e+02 5.175585e+01 3.025000e+01
      vertex   2.788464e+02 5.175585e+01 3.287500e+01
      vertex   2.786421e+02 5.138533e+01 3.287500e+01
    endloop
  endfacet
  facet normal 8.757355e-01 -4.827802e-01 -3.247658e-03
    outer loop
      vertex   2.786421e+02 5.138533e+01 3.287500e+01
      vertex   2.788464e+02 5.175585e+01 3.287500e+01
      vertex   2.788022e+02 5.165801e+01 3.550000e+01
    endloop
  endfacet
  facet normal 8.591680e-01 -5.116931e-01 7.659667e-04
    outer loop
      vertex   2.786421e+02 5.138533e+01 3.287500e+01
      vertex   2.788022e+02 5.165801e+01 3.550000e+01
      vertex   2.786215e+02 5.135461e+01 3.550000e+01
    endloop
  endfacet
  facet normal 9.979887e-01 -6.339203e-02 -6.005700e-16
    outer loop
      vertex   2.790000e+02 5.250000e+01 3.550000e+01
      vertex   2.789835e+02 5.224084e+01 3.550000e+01
      vertex   2.790000e+02 5.250000e+01 3.025000e+01
    endloop
  endfacet
  facet normal 9.929105e-01 -1.188329e-01 -2.752642e-03
    outer loop
      vertex   2.790000e+02 5.250000e+01 3.025000e+01
      vertex   2.789835e+02 5.224084e+01 3.550000e+01
      vertex   2.789637e+02 5.213630e+01 3.287500e+01
    endloop
  endfacet
  facet normal 9.950694e-01 -9.918098e-02 0.000000e+00
    outer loop
      vertex   2.790000e+02 5.250000e+01 3.025000e+01
      vertex   2.789637e+02 5.213630e+01 3.287500e+01
      vertex   2.789637e+02 5.213630e+01 3.025000e+01
    endloop
  endfacet
  facet normal 9.555633e-01 -2.947859e-01 0.000000e+00
    outer loop
      vertex   2.789637e+02 5.213630e+01 3.025000e+01
      vertex   2.789637e+02 5.213630e+01 3.287500e+01
      vertex   2.788464e+02 5.175585e+01 3.287500e+01
    endloop
  endfacet
  facet normal 9.805375e-01 -1.963313e-01 4.271662e-04
    outer loop
      vertex   2.789835e+02 5.224084e+01 3.550000e+01
      vertex   2.789397e+02 5.202192e+01 3.550000e+01
      vertex   2.789637e+02 5.213630e+01 3.287500e+01
    endloop
  endfacet
  facet normal 9.555553e-01 -2.947834e-01 -4.091688e-03
    outer loop
      vertex   2.789637e+02 5.213630e+01 3.287500e+01
      vertex   2.789397e+02 5.202192e+01 3.550000e+01
      vertex   2.788464e+02 5.175585e+01 3.287500e+01
    endloop
  endfacet
  facet normal 9.354273e-01 -3.535097e-01 2.576180e-03
    outer loop
      vertex   2.789397e+02 5.202192e+01 3.550000e+01
      vertex   2.788022e+02 5.165801e+01 3.550000e+01
      vertex   2.788464e+02 5.175585e+01 3.287500e+01
    endloop
  endfacet
  facet normal 7.599421e-01 -6.499888e-01 -1.631905e-03
    outer loop
      vertex   2.786215e+02 5.135461e+01 3.550000e+01
      vertex   2.784020e+02 5.109800e+01 3.550000e+01
      vertex   2.786421e+02 5.138533e+01 3.287500e+01
    endloop
  endfacet
  facet normal 7.578293e-01 -6.524495e-01 -2.094507e-03
    outer loop
      vertex   2.786421e+02 5.138533e+01 3.287500e+01
      vertex   2.784020e+02 5.109800e+01 3.550000e+01
      vertex   2.783577e+02 5.105503e+01 3.287500e+01
    endloop
  endfacet
  facet normal 7.578310e-01 -6.524509e-01 0.000000e+00
    outer loop
      vertex   2.786421e+02 5.138533e+01 3.287500e+01
      vertex   2.783577e+02 5.105503e+01 3.287500e+01
      vertex   2.786421e+02 5.138533e+01 3.025000e+01
    endloop
  endfacet
  facet normal 7.578310e-01 -6.524509e-01 0.000000e+00
    outer loop
      vertex   2.786421e+02 5.138533e+01 3.025000e+01
      vertex   2.783577e+02 5.105503e+01 3.287500e+01
      vertex   2.783577e+02 5.105503e+01 3.025000e+01
    endloop
  endfacet
  facet normal 7.578310e-01 -6.524509e-01 0.000000e+00
    outer loop
      vertex   2.786421e+02 5.138533e+01 3.025000e+01
      vertex   2.783577e+02 5.105503e+01 3.025000e+01
      vertex   2.786421e+02 5.138533e+01 2.893750e+01
    endloop
  endfacet
  facet normal 6.488523e-01 -7.609128e-01 1.517889e-03
    outer loop
      vertex   2.784020e+02 5.109800e+01 3.550000e+01
      vertex   2.781450e+02 5.087884e+01 3.550000e+01
      vertex   2.783577e+02 5.105503e+01 3.287500e+01
    endloop
  endfacet
  facet normal 6.128419e-01 -7.901984e-01 -3.366426e-03
    outer loop
      vertex   2.783577e+02 5.105503e+01 3.287500e+01
      vertex   2.781450e+02 5.087884e+01 3.550000e+01
      vertex   2.780388e+02 5.080765e+01 3.287500e+01
    endloop
  endfacet
  facet normal 6.128453e-01 -7.902029e-01 0.000000e+00
    outer loop
      vertex   2.783577e+02 5.105503e+01 3.287500e+01
      vertex   2.780388e+02 5.080765e+01 3.287500e+01
      vertex   2.783577e+02 5.105503e+01 3.025000e+01
    endloop
  endfacet
  facet normal 5.123556e-01 -8.587696e-01 2.559366e-03
    outer loop
      vertex   2.781450e+02 5.087884e+01 3.550000e+01
      vertex   2.778418e+02 5.069797e+01 3.550000e+01
      vertex   2.780388e+02 5.080765e+01 3.287500e+01
    endloop
  endfacet
  facet normal 2.741009e-01 -9.616958e-01 -3.152444e-03
    outer loop
      vertex   2.776905e+02 5.063185e+01 3.287500e+01
      vertex   2.774760e+02 5.056210e+01 3.550000e+01
      vertex   2.773373e+02 5.053118e+01 3.287500e+01
    endloop
  endfacet
  facet normal 1.983101e-01 -9.801387e-01 1.069594e-03
    outer loop
      vertex   2.773373e+02 5.053118e+01 3.287500e+01
      vertex   2.774760e+02 5.056210e+01 3.550000e+01
      vertex   2.772575e+02 5.051790e+01 3.550000e+01
    endloop
  endfacet
  facet normal 6.934390e-02 -9.975885e-01 -2.938272e-03
    outer loop
      vertex   2.773373e+02 5.053118e+01 3.287500e+01
      vertex   2.772575e+02 5.051790e+01 3.550000e+01
      vertex   2.770000e+02 5.050000e+01 3.550000e+01
    endloop
  endfacet
  facet normal 9.204197e-02 -9.957551e-01 0.000000e+00
    outer loop
      vertex   2.770000e+02 5.050000e+01 3.550000e+01
      vertex   2.770000e+02 5.050000e+01 3.025000e+01
      vertex   2.773373e+02 5.053118e+01 3.287500e+01
    endloop
  endfacet
  facet normal 9.204197e-02 -9.957551e-01 0.000000e+00
    outer loop
      vertex   2.773373e+02 5.053118e+01 3.287500e+01
      vertex   2.770000e+02 5.050000e+01 3.025000e+01
      vertex   2.773373e+02 5.053118e+01 3.025000e+01
    endloop
  endfacet
  facet normal 2.741023e-01 -9.617006e-01 0.000000e+00
    outer loop
      vertex   2.773373e+02 5.053118e+01 3.287500e+01
      vertex   2.773373e+02 5.053118e+01 3.025000e+01
      vertex   2.776905e+02 5.063185e+01 3.025000e+01
    endloop
  endfacet
  facet normal 2.741023e-01 -9.617006e-01 0.000000e+00
    outer loop
      vertex   2.776905e+02 5.063185e+01 3.025000e+01
      vertex   2.773373e+02 5.053118e+01 3.025000e+01
      vertex   2.776905e+02 5.063185e+01 2.893750e+01
    endloop
  endfacet
  facet normal 4.506238e-01 -8.927140e-01 0.000000e+00
    outer loop
      vertex   2.776905e+02 5.063185e+01 3.025000e+01
      vertex   2.776905e+02 5.063185e+01 2.893750e+01
      vertex   2.780388e+02 5.080765e+01 2.893750e+01
    endloop
  endfacet
  facet normal 4.506238e-01 -8.927140e-01 0.000000e+00
    outer loop
      vertex   2.780388e+02 5.080765e+01 2.893750e+01
      vertex   2.776905e+02 5.063185e+01 2.893750e+01
      vertex   2.780388e+02 5.080765e+01 2.762500e+01
    endloop
  endfacet
  facet normal 6.128453e-01 -7.902029e-01 0.000000e+00
    outer loop
      vertex   2.780388e+02 5.080765e+01 2.893750e+01
      vertex   2.780388e+02 5.080765e+01 2.762500e+01
      vertex   2.783577e+02 5.105503e+01 2.762500e+01
    endloop
  endfacet
  facet normal 6.128453e-01 -7.902029e-01 0.000000e+00
    outer loop
      vertex   2.783577e+02 5.105503e+01 2.762500e+01
      vertex   2.780388e+02 5.080765e+01 2.762500e+01
      vertex   2.783577e+02 5.105503e+01 2.696875e+01
    endloop
  endfacet
  facet normal 7.578310e-01 -6.524509e-01 0.000000e+00
    outer loop
      vertex   2.783577e+02 5.105503e+01 2.762500e+01
      vertex   2.783577e+02 5.105503e+01 2.696875e+01
      vertex   2.786421e+02 5.138533e+01 2.696875e+01
    endloop
  endfacet
  facet normal 7.578310e-01 -6.524509e-01 0.000000e+00
    outer loop
      vertex   2.786421e+02 5.138533e+01 2.696875e+01
      vertex   2.783577e+02 5.105503e+01 2.696875e+01
      vertex   2.786421e+02 5.138533e+01 2.631250e+01
    endloop
  endfacet
  facet normal 8.757402e-01 -4.827827e-01 0.000000e+00
    outer loop
      vertex   2.786421e+02 5.138533e+01 2.696875e+01
      vertex   2.786421e+02 5.138533e+01 2.631250e+01
      vertex   2.788464e+02 5.175585e+01 2.631250e+01
    endloop
  endfacet
  facet normal 8.757402e-01 -4.827827e-01 0.000000e+00
    outer loop
      vertex   2.788464e+02 5.175585e+01 2.631250e+01
      vertex   2.786421e+02 5.138533e+01 2.631250e+01
      vertex   2.788464e+02 5.175585e+01 2.598437e+01
    endloop
  endfacet
  facet normal 9.555633e-01 -2.947859e-01 0.000000e+00
    outer loop
      vertex   2.788464e+02 5.175585e+01 2.631250e+01
      vertex   2.788464e+02 5.175585e+01 2.598437e+01
      vertex   2.789637e+02 5.213630e+01 2.598437e+01
    endloop
  endfacet
  facet normal 9.204197e-02 -9.957551e-01 0.000000e+00
    outer loop
      vertex   2.770000e+02 5.050000e+01 2.500000e+01
      vertex   2.773373e+02 5.053118e+01 2.762500e+01
      vertex   2.770000e+02 5.050000e+01 3.025000e+01
    endloop
  endfacet
  facet normal 9.204197e-02 -9.957551e-01 0.000000e+00
    outer loop
      vertex   2.770000e+02 5.050000e+01 3.025000e+01
      vertex   2.773373e+02 5.053118e+01 2.762500e+01
      vertex   2.773373e+02 5.053118e+01 2.893750e+01
    endloop
  endfacet
  facet normal 9.204197e-02 -9.957551e-01 0.000000e+00
    outer loop
      vertex   2.770000e+02 5.050000e+01 3.025000e+01
      vertex   2.773373e+02 5.053118e+01 2.893750e+01
      vertex   2.773373e+02 5.053118e+01 3.025000e+01
    endloop
  endfacet
  facet normal 2.741023e-01 -9.617006e-01 0.000000e+00
    outer loop
      vertex   2.773373e+02 5.053118e+01 3.025000e+01
      vertex   2.773373e+02 5.053118e+01 2.893750e+01
      vertex   2.776905e+02 5.063185e+01 2.893750e+01
    endloop
  endfacet
  facet normal 9.204197e-02 -9.957551e-01 0.000000e+00
    outer loop
      vertex   2.770000e+02 5.050000e+01 2.500000e+01
      vertex   2.773373e+02 5.053118e+01 2.631250e+01
      vertex   2.773373e+02 5.053118e+01 2.696875e+01
    endloop
  endfacet
  facet normal 2.741023e-01 -9.617006e-01 0.000000e+00
    outer loop
      vertex   2.773373e+02 5.053118e+01 2.696875e+01
      vertex   2.773373e+02 5.053118e+01 2.631250e+01
      vertex   2.776905e+02 5.063185e+01 2.631250e+01
    endloop
  endfacet
  facet normal 2.741023e-01 -9.617006e-01 0.000000e+00
    outer loop
      vertex   2.773373e+02 5.053118e+01 2.696875e+01
      vertex   2.776905e+02 5.063185e+01 2.631250e+01
      vertex   2.776905e+02 5.063185e+01 2.696875e+01
    endloop
  endfacet
  facet normal 4.506238e-01 -8.927140e-01 0.000000e+00
    outer loop
      vertex   2.776905e+02 5.063185e+01 2.696875e+01
      vertex   2.776905e+02 5.063185e+01 2.631250e+01
      vertex   2.780388e+02 5.080765e+01 2.631250e+01
    endloop
  endfacet
  facet normal 4.506238e-01 -8.927140e-01 0.000000e+00
    outer loop
      vertex   2.776905e+02 5.063185e+01 2.696875e+01
      vertex   2.780388e+02 5.080765e+01 2.631250e+01
      vertex   2.780388e+02 5.080765e+01 2.696875e+01
    endloop
  endfacet
  facet normal 6.128453e-01 -7.902029e-01 0.000000e+00
    outer loop
      vertex   2.780388e+02 5.080765e+01 2.696875e+01
      vertex   2.780388e+02 5.080765e+01 2.631250e+01
      vertex   2.783577e+02 5.105503e+01 2.631250e+01
    endloop
  endfacet
  facet normal 6.128453e-01 -7.902029e-01 0.000000e+00
    outer loop
      vertex   2.780388e+02 5.080765e+01 2.696875e+01
      vertex   2.783577e+02 5.105503e+01 2.631250e+01
      vertex   2.783577e+02 5.105503e+01 2.696875e+01
    endloop
  endfacet
  facet normal 7.578310e-01 -6.524509e-01 0.000000e+00
    outer loop
      vertex   2.783577e+02 5.105503e+01 2.696875e+01
      vertex   2.783577e+02 5.105503e+01 2.631250e+01
      vertex   2.786421e+02 5.138533e+01 2.631250e+01
    endloop
  endfacet
  facet normal 9.204197e-02 -9.957551e-01 0.000000e+00
    outer loop
      vertex   2.770000e+02 5.050000e+01 2.500000e+01
      vertex   2.773373e+02 5.053118e+01 2.696875e+01
      vertex   2.773373e+02 5.053118e+01 2.762500e+01
    endloop
  endfacet
  facet normal 2.741023e-01 -9.617006e-01 0.000000e+00
    outer loop
      vertex   2.773373e+02 5.053118e+01 2.762500e+01
      vertex   2.773373e+02 5.053118e+01 2.696875e+01
      vertex   2.776905e+02 5.063185e+01 2.696875e+01
    endloop
  endfacet
  facet normal 2.741023e-01 -9.617006e-01 0.000000e+00
    outer loop
      vertex   2.773373e+02 5.053118e+01 2.762500e+01
      vertex   2.776905e+02 5.063185e+01 2.696875e+01
      vertex   2.776905e+02 5.063185e+01 2.762500e+01
    endloop
  endfacet
  facet normal 4.506238e-01 -8.927140e-01 0.000000e+00
    outer loop
      vertex   2.776905e+02 5.063185e+01 2.762500e+01
      vertex   2.776905e+02 5.063185e+01 2.696875e+01
      vertex   2.780388e+02 5.080765e+01 2.696875e+01
    endloop
  endfacet
  facet normal 4.506238e-01 -8.927140e-01 0.000000e+00
    outer loop
      vertex   2.776905e+02 5.063185e+01 2.762500e+01
      vertex   2.780388e+02 5.080765e+01 2.696875e+01
      vertex   2.780388e+02 5.080765e+01 2.762500e+01
    endloop
  endfacet
  facet normal 6.128453e-01 -7.902029e-01 0.000000e+00
    outer loop
      vertex   2.780388e+02 5.080765e+01 2.762500e+01
      vertex   2.780388e+02 5.080765e+01 2.696875e+01
      vertex   2.783577e+02 5.105503e+01 2.696875e+01
    endloop
  endfacet
  facet normal 9.555633e-01 -2.947859e-01 0.000000e+00
    outer loop
      vertex   2.788464e+02 5.175585e+01 2.631250e+01
      vertex   2.789637e+02 5.213630e+01 2.598437e+01
      vertex   2.789637e+02 5.213630e+01 2.631250e+01
    endloop
  endfacet
  facet normal 9.555633e-01 -2.947859e-01 0.000000e+00
    outer loop
      vertex   2.789637e+02 5.213630e+01 2.565625e+01
      vertex   2.788464e+02 5.175585e+01 2.565625e+01
      vertex   2.789637e+02 5.213630e+01 2.532812e+01
    endloop
  endfacet
  facet normal 9.555633e-01 -2.947859e-01 0.000000e+00
    outer loop
      vertex   2.789637e+02 5.213630e+01 2.532812e+01
      vertex   2.788464e+02 5.175585e+01 2.565625e+01
      vertex   2.788464e+02 5.175585e+01 2.532812e+01
    endloop
  endfacet
  facet normal 8.757402e-01 -4.827827e-01 0.000000e+00
    outer loop
      vertex   2.788464e+02 5.175585e+01 2.565625e+01
      vertex   2.786421e+02 5.138533e+01 2.565625e+01
      vertex   2.788464e+02 5.175585e+01 2.532812e+01
    endloop
  endfacet
  facet normal 8.757402e-01 -4.827827e-01 0.000000e+00
    outer loop
      vertex   2.788464e+02 5.175585e+01 2.532812e+01
      vertex   2.786421e+02 5.138533e+01 2.565625e+01
      vertex   2.786421e+02 5.138533e+01 2.532812e+01
    endloop
  endfacet
  facet normal 7.578310e-01 -6.524509e-01 0.000000e+00
    outer loop
      vertex   2.786421e+02 5.138533e+01 2.565625e+01
      vertex   2.783577e+02 5.105503e+01 2.565625e+01
      vertex   2.786421e+02 5.138533e+01 2.532812e+01
    endloop
  endfacet
  facet normal 7.578310e-01 -6.524509e-01 0.000000e+00
    outer loop
      vertex   2.786421e+02 5.138533e+01 2.532812e+01
      vertex   2.783577e+02 5.105503e+01 2.565625e+01
      vertex   2.783577e+02 5.105503e+01 2.532812e+01
    endloop
  endfacet
  facet normal 6.128453e-01 -7.902029e-01 0.000000e+00
    outer loop
      vertex   2.783577e+02 5.105503e+01 2.565625e+01
      vertex   2.780388e+02 5.080765e+01 2.565625e+01
      vertex   2.783577e+02 5.105503e+01 2.532812e+01
    endloop
  endfacet
  facet normal 6.128453e-01 -7.902029e-01 0.000000e+00
    outer loop
      vertex   2.783577e+02 5.105503e+01 2.532812e+01
      vertex   2.780388e+02 5.080765e+01 2.565625e+01
      vertex   2.780388e+02 5.080765e+01 2.532812e+01
    endloop
  endfacet
  facet normal 2.741023e-01 -9.617006e-01 0.000000e+00
    outer loop
      vertex   2.773373e+02 5.053118e+01 2.565625e+01
      vertex   2.773373e+02 5.053118e+01 2.532812e+01
      vertex   2.776905e+02 5.063185e+01 2.532812e+01
    endloop
  endfacet
  facet normal 4.506238e-01 -8.927140e-01 0.000000e+00
    outer loop
      vertex   2.780388e+02 5.080765e+01 2.565625e+01
      vertex   2.776905e+02 5.063185e+01 2.565625e+01
      vertex   2.780388e+02 5.080765e+01 2.532812e+01
    endloop
  endfacet
  facet normal 4.506238e-01 -8.927140e-01 0.000000e+00
    outer loop
      vertex   2.780388e+02 5.080765e+01 2.532812e+01
      vertex   2.776905e+02 5.063185e+01 2.565625e+01
      vertex   2.776905e+02 5.063185e+01 2.532812e+01
    endloop
  endfacet
  facet normal 9.204197e-02 -9.957551e-01 0.000000e+00
    outer loop
      vertex   2.773373e+02 5.053118e+01 2.631250e+01
      vertex   2.770000e+02 5.050000e+01 2.500000e+01
      vertex   2.773373e+02 5.053118e+01 2.598437e+01
    endloop
  endfacet
  facet normal 2.741023e-01 -9.617006e-01 0.000000e+00
    outer loop
      vertex   2.776905e+02 5.063185e+01 2.565625e+01
      vertex   2.773373e+02 5.053118e+01 2.565625e+01
      vertex   2.776905e+02 5.063185e+01 2.532812e+01
    endloop
  endfacet
  facet normal 8.757402e-01 -4.827827e-01 0.000000e+00
    outer loop
      vertex   2.788464e+02 5.175585e+01 3.025000e+01
      vertex   2.786421e+02 5.138533e+01 3.287500e+01
      vertex   2.786421e+02 5.138533e+01 3.025000e+01
    endloop
  endfacet
  facet normal 4.506238e-01 -8.927140e-01 0.000000e+00
    outer loop
      vertex   2.780388e+02 5.080765e+01 3.025000e+01
      vertex   2.776905e+02 5.063185e+01 3.287500e+01
      vertex   2.776905e+02 5.063185e+01 3.025000e+01
    endloop
  endfacet
  facet normal 2.741023e-01 -9.617006e-01 0.000000e+00
    outer loop
      vertex   2.776905e+02 5.063185e+01 3.025000e+01
      vertex   2.776905e+02 5.063185e+01 3.287500e+01
      vertex   2.773373e+02 5.053118e+01 3.287500e+01
    endloop
  endfacet
  facet normal 6.128453e-01 -7.902029e-01 0.000000e+00
    outer loop
      vertex   2.783577e+02 5.105503e+01 2.893750e+01
      vertex   2.780388e+02 5.080765e+01 3.025000e+01
      vertex   2.780388e+02 5.080765e+01 2.893750e+01
    endloop
  endfacet
  facet normal 4.506238e-01 -8.927140e-01 0.000000e+00
    outer loop
      vertex   2.780388e+02 5.080765e+01 2.893750e+01
      vertex   2.780388e+02 5.080765e+01 3.025000e+01
      vertex   2.776905e+02 5.063185e+01 3.025000e+01
    endloop
  endfacet
  facet normal 8.757402e-01 -4.827827e-01 0.000000e+00
    outer loop
      vertex   2.788464e+02 5.175585e+01 3.025000e+01
      vertex   2.786421e+02 5.138533e+01 3.025000e+01
      vertex   2.788464e+02 5.175585e+01 2.893750e+01
    endloop
  endfacet
  facet normal 8.757402e-01 -4.827827e-01 0.000000e+00
    outer loop
      vertex   2.788464e+02 5.175585e+01 2.893750e+01
      vertex   2.786421e+02 5.138533e+01 3.025000e+01
      vertex   2.786421e+02 5.138533e+01 2.893750e+01
    endloop
  endfacet
  facet normal 8.757402e-01 -4.827827e-01 0.000000e+00
    outer loop
      vertex   2.788464e+02 5.175585e+01 2.893750e+01
      vertex   2.786421e+02 5.138533e+01 2.893750e+01
      vertex   2.788464e+02 5.175585e+01 2.762500e+01
    endloop
  endfacet
  facet normal 2.741023e-01 -9.617006e-01 0.000000e+00
    outer loop
      vertex   2.773373e+02 5.053118e+01 2.762500e+01
      vertex   2.776905e+02 5.063185e+01 2.762500e+01
      vertex   2.773373e+02 5.053118e+01 2.893750e+01
    endloop
  endfacet
  facet normal 2.741023e-01 -9.617006e-01 0.000000e+00
    outer loop
      vertex   2.773373e+02 5.053118e+01 2.893750e+01
      vertex   2.776905e+02 5.063185e+01 2.762500e+01
      vertex   2.776905e+02 5.063185e+01 2.893750e+01
    endloop
  endfacet
  facet normal 4.506238e-01 -8.927140e-01 0.000000e+00
    outer loop
      vertex   2.776905e+02 5.063185e+01 2.762500e+01
      vertex   2.780388e+02 5.080765e+01 2.762500e+01
      vertex   2.776905e+02 5.063185e+01 2.893750e+01
    endloop
  endfacet
  facet normal 7.578310e-01 -6.524509e-01 0.000000e+00
    outer loop
      vertex   2.786421e+02 5.138533e+01 2.762500e+01
      vertex   2.783577e+02 5.105503e+01 2.893750e+01
      vertex   2.783577e+02 5.105503e+01 2.762500e+01
    endloop
  endfacet
  facet normal 6.128453e-01 -7.902029e-01 0.000000e+00
    outer loop
      vertex   2.783577e+02 5.105503e+01 2.762500e+01
      vertex   2.783577e+02 5.105503e+01 2.893750e+01
      vertex   2.780388e+02 5.080765e+01 2.893750e+01
    endloop
  endfacet
  facet normal 9.555633e-01 -2.947859e-01 0.000000e+00
    outer loop
      vertex   2.789637e+02 5.213630e+01 2.762500e+01
      vertex   2.789637e+02 5.213630e+01 2.893750e+01
      vertex   2.788464e+02 5.175585e+01 2.893750e+01
    endloop
  endfacet
  facet normal 9.555633e-01 -2.947859e-01 0.000000e+00
    outer loop
      vertex   2.788464e+02 5.175585e+01 2.893750e+01
      vertex   2.789637e+02 5.213630e+01 2.893750e+01
      vertex   2.788464e+02 5.175585e+01 3.025000e+01
    endloop
  endfacet
  facet normal 9.555633e-01 -2.947859e-01 0.000000e+00
    outer loop
      vertex   2.789637e+02 5.213630e+01 2.762500e+01
      vertex   2.788464e+02 5.175585e+01 2.893750e+01
      vertex   2.788464e+02 5.175585e+01 2.762500e+01
    endloop
  endfacet
  facet normal 8.757402e-01 -4.827827e-01 0.000000e+00
    outer loop
      vertex   2.788464e+02 5.175585e+01 2.598437e+01
      vertex   2.786421e+02 5.138533e+01 2.631250e+01
      vertex   2.786421e+02 5.138533e+01 2.598437e+01
    endloop
  endfacet
  facet normal 7.578310e-01 -6.524509e-01 0.000000e+00
    outer loop
      vertex   2.786421e+02 5.138533e+01 2.598437e+01
      vertex   2.786421e+02 5.138533e+01 2.631250e+01
      vertex   2.783577e+02 5.105503e+01 2.631250e+01
    endloop
  endfacet
  facet normal 7.578310e-01 -6.524509e-01 0.000000e+00
    outer loop
      vertex   2.786421e+02 5.138533e+01 2.598437e+01
      vertex   2.783577e+02 5.105503e+01 2.631250e+01
      vertex   2.783577e+02 5.105503e+01 2.598437e+01
    endloop
  endfacet
  facet normal 6.128453e-01 -7.902029e-01 0.000000e+00
    outer loop
      vertex   2.783577e+02 5.105503e+01 2.598437e+01
      vertex   2.783577e+02 5.105503e+01 2.631250e+01
      vertex   2.780388e+02 5.080765e+01 2.631250e+01
    endloop
  endfacet
  facet normal 6.128453e-01 -7.902029e-01 0.000000e+00
    outer loop
      vertex   2.783577e+02 5.105503e+01 2.598437e+01
      vertex   2.780388e+02 5.080765e+01 2.631250e+01
      vertex   2.780388e+02 5.080765e+01 2.598437e+01
    endloop
  endfacet
  facet normal 4.506238e-01 -8.927140e-01 0.000000e+00
    outer loop
      vertex   2.780388e+02 5.080765e+01 2.598437e+01
      vertex   2.780388e+02 5.080765e+01 2.631250e+01
      vertex   2.776905e+02 5.063185e+01 2.631250e+01
    endloop
  endfacet
  facet normal 4.506238e-01 -8.927140e-01 0.000000e+00
    outer loop
      vertex   2.780388e+02 5.080765e+01 2.598437e+01
      vertex   2.776905e+02 5.063185e+01 2.631250e+01
      vertex   2.776905e+02 5.063185e+01 2.598437e+01
    endloop
  endfacet
  facet normal 2.741023e-01 -9.617006e-01 0.000000e+00
    outer loop
      vertex   2.776905e+02 5.063185e+01 2.598437e+01
      vertex   2.776905e+02 5.063185e+01 2.631250e+01
      vertex   2.773373e+02 5.053118e+01 2.631250e+01
    endloop
  endfacet
  facet normal 2.741023e-01 -9.617006e-01 0.000000e+00
    outer loop
      vertex   2.776905e+02 5.063185e+01 2.598437e+01
      vertex   2.773373e+02 5.053118e+01 2.631250e+01
      vertex   2.773373e+02 5.053118e+01 2.598437e+01
    endloop
  endfacet
  facet normal 8.757402e-01 -4.827827e-01 0.000000e+00
    outer loop
      vertex   2.786421e+02 5.138533e+01 2.696875e+01
      vertex   2.788464e+02 5.175585e+01 2.631250e+01
      vertex   2.788464e+02 5.175585e+01 2.696875e+01
    endloop
  endfacet
  facet normal 9.555633e-01 -2.947859e-01 0.000000e+00
    outer loop
      vertex   2.788464e+02 5.175585e+01 2.696875e+01
      vertex   2.788464e+02 5.175585e+01 2.631250e+01
      vertex   2.789637e+02 5.213630e+01 2.631250e+01
    endloop
  endfacet
  facet normal 9.555633e-01 -2.947859e-01 0.000000e+00
    outer loop
      vertex   2.789637e+02 5.213630e+01 2.762500e+01
      vertex   2.788464e+02 5.175585e+01 2.762500e+01
      vertex   2.789637e+02 5.213630e+01 2.696875e+01
    endloop
  endfacet
  facet normal 7.578310e-01 -6.524509e-01 0.000000e+00
    outer loop
      vertex   2.783577e+02 5.105503e+01 2.762500e+01
      vertex   2.786421e+02 5.138533e+01 2.696875e+01
      vertex   2.786421e+02 5.138533e+01 2.762500e+01
    endloop
  endfacet
  facet normal 8.757402e-01 -4.827827e-01 0.000000e+00
    outer loop
      vertex   2.786421e+02 5.138533e+01 2.762500e+01
      vertex   2.786421e+02 5.138533e+01 2.696875e+01
      vertex   2.788464e+02 5.175585e+01 2.696875e+01
    endloop
  endfacet
  facet normal 0.000000e+00 -1.000000e+00 0.000000e+00
    outer loop
      vertex   2.210000e+02 5.050000e+01 2.500000e+01
      vertex   2.770000e+02 5.050000e+01 2.500000e+01
      vertex   2.210000e+02 5.050000e+01 3.025000e+01
    endloop
  endfacet
  facet normal 0.000000e+00 -1.000000e+00 0.000000e+00
    outer loop
      vertex   2.210000e+02 5.050000e+01 3.025000e+01
      vertex   2.770000e+02 5.050000e+01 2.500000e+01
      vertex   2.770000e+02 5.050000e+01 3.025000e+01
    endloop
  endfacet
  facet normal 0.000000e+00 -1.000000e+00 0.000000e+00
    outer loop
      vertex   2.210000e+02 5.050000e+01 3.025000e+01
      vertex   2.770000e+02 5.050000e+01 3.025000e+01
      vertex   2.210000e+02 5.050000e+01 3.550000e+01
    endloop
  endfacet
  facet normal 0.000000e+00 -1.000000e+00 0.000000e+00
    outer loop
      vertex   2.210000e+02 5.050000e+01 3.550000e+01
      vertex   2.770000e+02 5.050000e+01 3.025000e+01
      vertex   2.770000e+02 5.050000e+01 3.550000e+01
    endloop
  endfacet
  facet normal 0.000000e+00 -9.937122e-01 1.119645e-01
    outer loop
      vertex   2.770000e+02 5.053761e+01 3.583378e+01
      vertex   2.700000e+02 5.053761e+01 3.583378e+01
      vertex   2.770000e+02 5.050000e+01 3.550000e+01
    endloop
  endfacet
  facet normal 0.000000e+00 -9.937122e-01 1.119645e-01
    outer loop
      vertex   2.770000e+02 5.050000e+01 3.550000e+01
      vertex   2.700000e+02 5.053761e+01 3.583378e+01
      vertex   2.630000e+02 5.053761e+01 3.583378e+01
    endloop
  endfacet
  facet normal 0.000000e+00 -9.937122e-01 1.119645e-01
    outer loop
      vertex   2.770000e+02 5.050000e+01 3.550000e+01
      vertex   2.630000e+02 5.053761e+01 3.583378e+01
      vertex   2.560000e+02 5.053761e+01 3.583378e+01
    endloop
  endfacet
  facet normal 0.000000e+00 -9.438833e-01 3.302791e-01
    outer loop
      vertex   2.560000e+02 5.053761e+01 3.583378e+01
      vertex   2.630000e+02 5.053761e+01 3.583378e+01
      vertex   2.560000e+02 5.064855e+01 3.615083e+01
    endloop
  endfacet
  facet normal 0.000000e+00 -9.438833e-01 3.302791e-01
    outer loop
      vertex   2.560000e+02 5.053761e+01 3.583378e+01
      vertex   2.560000e+02 5.064855e+01 3.615083e+01
      vertex   2.490000e+02 5.064855e+01 3.615083e+01
    endloop
  endfacet
  facet normal 0.000000e+00 -8.467242e-01 5.320321e-01
    outer loop
      vertex   2.490000e+02 5.064855e+01 3.615083e+01
      vertex   2.560000e+02 5.064855e+01 3.615083e+01
      vertex   2.490000e+02 5.082725e+01 3.643523e+01
    endloop
  endfacet
  facet normal 0.000000e+00 -8.467242e-01 5.320321e-01
    outer loop
      vertex   2.490000e+02 5.064855e+01 3.615083e+01
      vertex   2.490000e+02 5.082725e+01 3.643523e+01
      vertex   2.420000e+02 5.082725e+01 3.643523e+01
    endloop
  endfacet
  facet normal 0.000000e+00 -7.071068e-01 7.071068e-01
    outer loop
      vertex   2.420000e+02 5.082725e+01 3.643523e+01
      vertex   2.490000e+02 5.082725e+01 3.643523e+01
      vertex   2.420000e+02 5.106476e+01 3.667275e+01
    endloop
  endfacet
  facet normal 0.000000e+00 -7.071068e-01 7.071068e-01
    outer loop
      vertex   2.420000e+02 5.082725e+01 3.643523e+01
      vertex   2.420000e+02 5.106476e+01 3.667275e+01
      vertex   2.350000e+02 5.106476e+01 3.667275e+01
    endloop
  endfacet
  facet normal 0.000000e+00 -5.320321e-01 8.467242e-01
    outer loop
      vertex   2.350000e+02 5.106476e+01 3.667275e+01
      vertex   2.420000e+02 5.106476e+01 3.667275e+01
      vertex   2.350000e+02 5.134917e+01 3.685145e+01
    endloop
  endfacet
  facet normal 0.000000e+00 -5.320321e-01 8.467242e-01
    outer loop
      vertex   2.350000e+02 5.106476e+01 3.667275e+01
      vertex   2.350000e+02 5.134917e+01 3.685145e+01
      vertex   2.280000e+02 5.134917e+01 3.685145e+01
    endloop
  endfacet
  facet normal 0.000000e+00 -3.302791e-01 9.438833e-01
    outer loop
      vertex   2.280000e+02 5.134917e+01 3.685145e+01
      vertex   2.350000e+02 5.134917e+01 3.685145e+01
      vertex   2.280000e+02 5.166622e+01 3.696239e+01
    endloop
  endfacet
  facet normal 0.000000e+00 -3.302791e-01 9.438833e-01
    outer loop
      vertex   2.280000e+02 5.134917e+01 3.685145e+01
      vertex   2.280000e+02 5.166622e+01 3.696239e+01
      vertex   2.210000e+02 5.166622e+01 3.696239e+01
    endloop
  endfacet
  facet normal 0.000000e+00 -1.119645e-01 9.937122e-01
    outer loop
      vertex   2.210000e+02 5.166622e+01 3.696239e+01
      vertex   2.280000e+02 5.166622e+01 3.696239e+01
      vertex   2.210000e+02 5.200000e+01 3.700000e+01
    endloop
  endfacet
  facet normal 0.000000e+00 -1.119645e-01 9.937122e-01
    outer loop
      vertex   2.210000e+02 5.200000e+01 3.700000e+01
      vertex   2.280000e+02 5.166622e+01 3.696239e+01
      vertex   2.350000e+02 5.166622e+01 3.696239e+01
    endloop
  endfacet
  facet normal 0.000000e+00 -1.119645e-01 9.937122e-01
    outer loop
      vertex   2.210000e+02 5.200000e+01 3.700000e+01
      vertex   2.350000e+02 5.166622e+01 3.696239e+01
      vertex   2.420000e+02 5.166622e+01 3.696239e+01
    endloop
  endfacet
  facet normal 0.000000e+00 -3.302791e-01 9.438833e-01
    outer loop
      vertex   2.420000e+02 5.166622e+01 3.696239e+01
      vertex   2.350000e+02 5.166622e+01 3.696239e+01
      vertex   2.420000e+02 5.134917e+01 3.685145e+01
    endloop
  endfacet
  facet normal 0.000000e+00 -3.302791e-01 9.438833e-01
    outer loop
      vertex   2.420000e+02 5.166622e+01 3.696239e+01
      vertex   2.420000e+02 5.134917e+01 3.685145e+01
      vertex   2.490000e+02 5.134917e+01 3.685145e+01
    endloop
  endfacet
  facet normal 0.000000e+00 -5.320321e-01 8.467242e-01
    outer loop
      vertex   2.490000e+02 5.134917e+01 3.685145e+01
      vertex   2.420000e+02 5.134917e+01 3.685145e+01
      vertex   2.490000e+02 5.106476e+01 3.667275e+01
    endloop
  endfacet
  facet normal 0.000000e+00 -5.320321e-01 8.467242e-01
    outer loop
      vertex   2.490000e+02 5.134917e+01 3.685145e+01
      vertex   2.490000e+02 5.106476e+01 3.667275e+01
      vertex   2.560000e+02 5.106476e+01 3.667275e+01
    endloop
  endfacet
  facet normal 0.000000e+00 -7.071068e-01 7.071068e-01
    outer loop
      vertex   2.560000e+02 5.106476e+01 3.667275e+01
      vertex   2.490000e+02 5.106476e+01 3.667275e+01
      vertex   2.560000e+02 5.082725e+01 3.643523e+01
    endloop
  endfacet
  facet normal 0.000000e+00 -7.071068e-01 7.071068e-01
    outer loop
      vertex   2.560000e+02 5.106476e+01 3.667275e+01
      vertex   2.560000e+02 5.082725e+01 3.643523e+01
      vertex   2.630000e+02 5.082725e+01 3.643523e+01
    endloop
  endfacet
  facet normal 0.000000e+00 -8.467242e-01 5.320321e-01
    outer loop
      vertex   2.630000e+02 5.082725e+01 3.643523e+01
      vertex   2.560000e+02 5.082725e+01 3.643523e+01
      vertex   2.630000e+02 5.064855e+01 3.615083e+01
    endloop
  endfacet
  facet normal 0.000000e+00 -8.467242e-01 5.320321e-01
    outer loop
      vertex   2.630000e+02 5.082725e+01 3.643523e+01
      vertex   2.630000e+02 5.064855e+01 3.615083e+01
      vertex   2.700000e+02 5.064855e+01 3.615083e+01
    endloop
  endfacet
  facet normal 0.000000e+00 -9.438833e-01 3.302791e-01
    outer loop
      vertex   2.700000e+02 5.064855e+01 3.615083e+01
      vertex   2.630000e+02 5.064855e+01 3.615083e+01
      vertex   2.700000e+02 5.053761e+01 3.583378e+01
    endloop
  endfacet
  facet normal 0.000000e+00 -9.438833e-01 3.302791e-01
    outer loop
      vertex   2.700000e+02 5.064855e+01 3.615083e+01
      vertex   2.700000e+02 5.053761e+01 3.583378e+01
      vertex   2.770000e+02 5.053761e+01 3.583378e+01
    endloop
  endfacet
  facet normal 0.000000e+00 -9.438833e-01 3.302791e-01
    outer loop
      vertex   2.770000e+02 5.053761e+01 3.583378e+01
      vertex   2.770000e+02 5.064855e+01 3.615083e+01
      vertex   2.700000e+02 5.064855e+01 3.615083e+01
    endloop
  endfacet
  facet normal 0.000000e+00 -8.467242e-01 5.320321e-01
    outer loop
      vertex   2.700000e+02 5.064855e+01 3.615083e+01
      vertex   2.770000e+02 5.064855e+01 3.615083e+01
      vertex   2.700000e+02 5.082725e+01 3.643523e+01
    endloop
  endfacet
  facet normal 0.000000e+00 -8.467242e-01 5.320321e-01
    outer loop
      vertex   2.700000e+02 5.064855e+01 3.615083e+01
      vertex   2.700000e+02 5.082725e+01 3.643523e+01
      vertex   2.630000e+02 5.082725e+01 3.643523e+01
    endloop
  endfacet
  facet normal 0.000000e+00 -7.071068e-01 7.071068e-01
    outer loop
      vertex   2.630000e+02 5.082725e+01 3.643523e+01
      vertex   2.700000e+02 5.082725e+01 3.643523e+01
      vertex   2.630000e+02 5.106476e+01 3.667275e+01
    endloop
  endfacet
  facet normal 0.000000e+00 -7.071068e-01 7.071068e-01
    outer loop
      vertex   2.630000e+02 5.082725e+01 3.643523e+01
      vertex   2.630000e+02 5.106476e+01 3.667275e+01
      vertex   2.560000e+02 5.106476e+01 3.667275e+01
    endloop
  endfacet
  facet normal 0.000000e+00 -5.320321e-01 8.467242e-01
    outer loop
      vertex   2.560000e+02 5.106476e+01 3.667275e+01
      vertex   2.630000e+02 5.106476e+01 3.667275e+01
      vertex   2.560000e+02 5.134917e+01 3.685145e+01
    endloop
  endfacet
  facet normal 0.000000e+00 -5.320321e-01 8.467242e-01
    outer loop
      vertex   2.560000e+02 5.106476e+01 3.667275e+01
      vertex   2.560000e+02 5.134917e+01 3.685145e+01
      vertex   2.490000e+02 5.134917e+01 3.685145e+01
    endloop
  endfacet
  facet normal 0.000000e+00 -3.302791e-01 9.438833e-01
    outer loop
      vertex   2.490000e+02 5.134917e+01 3.685145e+01
      vertex   2.560000e+02 5.134917e+01 3.685145e+01
      vertex   2.490000e+02 5.166622e+01 3.696239e+01
    endloop
  endfacet
  facet normal 0.000000e+00 -3.302791e-01 9.438833e-01
    outer loop
      vertex   2.490000e+02 5.134917e+01 3.685145e+01
      vertex   2.490000e+02 5.166622e+01 3.696239e+01
      vertex   2.420000e+02 5.166622e+01 3.696239e+01
    endloop
  endfacet
  facet normal 0.000000e+00 -1.119645e-01 9.937122e-01
    outer loop
      vertex   2.420000e+02 5.166622e+01 3.696239e+01
      vertex   2.490000e+02 5.166622e+01 3.696239e+01
      vertex   2.210000e+02 5.200000e+01 3.700000e+01
    endloop
  endfacet
  facet normal 0.000000e+00 -8.467242e-01 5.320321e-01
    outer loop
      vertex   2.770000e+02 5.064855e+01 3.615083e+01
      vertex   2.770000e+02 5.082725e+01 3.643523e+01
      vertex   2.700000e+02 5.082725e+01 3.643523e+01
    endloop
  endfacet
  facet normal 0.000000e+00 -7.071068e-01 7.071068e-01
    outer loop
      vertex   2.700000e+02 5.082725e+01 3.643523e+01
      vertex   2.770000e+02 5.082725e+01 3.643523e+01
      vertex   2.700000e+02 5.106476e+01 3.667275e+01
    endloop
  endfacet
  facet normal 0.000000e+00 -7.071068e-01 7.071068e-01
    outer loop
      vertex   2.700000e+02 5.082725e+01 3.643523e+01
      vertex   2.700000e+02 5.106476e+01 3.667275e+01
      vertex   2.630000e+02 5.106476e+01 3.667275e+01
    endloop
  endfacet
  facet normal 0.000000e+00 -5.320321e-01 8.467242e-01
    outer loop
      vertex   2.630000e+02 5.106476e+01 3.667275e+01
      vertex   2.700000e+02 5.106476e+01 3.667275e+01
      vertex   2.630000e+02 5.134917e+01 3.685145e+01
    endloop
  endfacet
  facet normal 0.000000e+00 -5.320321e-01 8.467242e-01
    outer loop
      vertex   2.630000e+02 5.106476e+01 3.667275e+01
      vertex   2.630000e+02 5.134917e+01 3.685145e+01
      vertex   2.560000e+02 5.134917e+01 3.685145e+01
    endloop
  endfacet
  facet normal 0.000000e+00 -3.302791e-01 9.438833e-01
    outer loop
      vertex   2.560000e+02 5.134917e+01 3.685145e+01
      vertex   2.630000e+02 5.134917e+01 3.685145e+01
      vertex   2.560000e+02 5.166622e+01 3.696239e+01
    endloop
  endfacet
  facet normal 0.000000e+00 -3.302791e-01 9.438833e-01
    outer loop
      vertex   2.560000e+02 5.134917e+01 3.685145e+01
      vertex   2.560000e+02 5.166622e+01 3.696239e+01
      vertex   2.490000e+02 5.166622e+01 3.696239e+01
    endloop
  endfacet
  facet normal 0.000000e+00 -1.119645e-01 9.937122e-01
    outer loop
      vertex   2.490000e+02 5.166622e+01 3.696239e+01
      vertex   2.560000e+02 5.166622e+01 3.696239e+01
      vertex   2.770000e+02 5.200000e+01 3.700000e+01
    endloop
  endfacet
  facet normal 0.000000e+00 -1.119645e-01 9.937122e-01
    outer loop
      vertex   2.490000e+02 5.166622e+01 3.696239e+01
      vertex   2.770000e+02 5.200000e+01 3.700000e+01
      vertex   2.210000e+02 5.200000e+01 3.700000e+01
    endloop
  endfacet
  facet normal 0.000000e+00 -7.071068e-01 7.071068e-01
    outer loop
      vertex   2.770000e+02 5.082725e+01 3.643523e+01
      vertex   2.770000e+02 5.106476e+01 3.667275e+01
      vertex   2.700000e+02 5.106476e+01 3.667275e+01
    endloop
  endfacet
  facet normal 0.000000e+00 -5.320321e-01 8.467242e-01
    outer loop
      vertex   2.700000e+02 5.106476e+01 3.667275e+01
      vertex   2.770000e+02 5.106476e+01 3.667275e+01
      vertex   2.700000e+02 5.134917e+01 3.685145e+01
    endloop
  endfacet
  facet normal 0.000000e+00 -5.320321e-01 8.467242e-01
    outer loop
      vertex   2.700000e+02 5.106476e+01 3.667275e+01
      vertex   2.700000e+02 5.134917e+01 3.685145e+01
      vertex   2.630000e+02 5.134917e+01 3.685145e+01
    endloop
  endfacet
  facet normal 0.000000e+00 -3.302791e-01 9.438833e-01
    outer loop
      vertex   2.630000e+02 5.134917e+01 3.685145e+01
      vertex   2.700000e+02 5.134917e+01 3.685145e+01
      vertex   2.630000e+02 5.166622e+01 3.696239e+01
    endloop
  endfacet
  facet normal 0.000000e+00 -3.302791e-01 9.438833e-01
    outer loop
      vertex   2.630000e+02 5.134917e+01 3.685145e+01
      vertex   2.630000e+02 5.166622e+01 3.696239e+01
      vertex   2.560000e+02 5.166622e+01 3.696239e+01
    endloop
  endfacet
  facet normal 0.000000e+00 -1.119645e-01 9.937122e-01
    outer loop
      vertex   2.560000e+02 5.166622e+01 3.696239e+01
      vertex   2.630000e+02 5.166622e+01 3.696239e+01
      vertex   2.770000e+02 5.200000e+01 3.700000e+01
    endloop
  endfacet
  facet normal 0.000000e+00 -5.320321e-01 8.467242e-01
    outer loop
      vertex   2.770000e+02 5.106476e+01 3.667275e+01
      vertex   2.770000e+02 5.134917e+01 3.685145e+01
      vertex   2.700000e+02 5.134917e+01 3.685145e+01
    endloop
  endfacet
  facet normal 0.000000e+00 -3.302791e-01 9.438833e-01
    outer loop
      vertex   2.700000e+02 5.134917e+01 3.685145e+01
      vertex   2.770000e+02 5.134917e+01 3.685145e+01
      vertex   2.700000e+02 5.166622e+01 3.696239e+01
    endloop
  endfacet
  facet normal 0.000000e+00 -3.302791e-01 9.438833e-01
    outer loop
      vertex   2.700000e+02 5.134917e+01 3.685145e+01
      vertex   2.700000e+02 5.166622e+01 3.696239e+01
      vertex   2.630000e+02 5.166622e+01 3.696239e+01
    endloop
  endfacet
  facet normal 0.000000e+00 -1.119645e-01 9.937122e-01
    outer loop
      vertex   2.630000e+02 5.166622e+01 3.696239e+01
      vertex   2.700000e+02 5.166622e+01 3.696239e+01
      vertex   2.770000e+02 5.200000e+01 3.700000e+01
    endloop
  endfacet
  facet normal 0.000000e+00 -3.302791e-01 9.438833e-01
    outer loop
      vertex   2.770000e+02 5.134917e+01 3.685145e+01
      vertex   2.770000e+02 5.166622e+01 3.696239e+01
      vertex   2.700000e+02 5.166622e+01 3.696239e+01
    endloop
  endfacet
  facet normal 0.000000e+00 -1.119645e-01 9.937122e-01
    outer loop
      vertex   2.700000e+02 5.166622e+01 3.696239e+01
      vertex   2.770000e+02 5.166622e+01 3.696239e+01
      vertex   2.770000e+02 5.200000e+01 3.700000e+01
    endloop
  endfacet
  facet normal 0.000000e+00 -3.302791e-01 9.438833e-01
    outer loop
      vertex   2.210000e+02 5.166622e+01 3.696239e+01
      vertex   2.210000e+02 5.134917e+01 3.685145e+01
      vertex   2.280000e+02 5.134917e+01 3.685145e+01
    endloop
  endfacet
  facet normal 0.000000e+00 -5.320321e-01 8.467242e-01
    outer loop
      vertex   2.280000e+02 5.134917e+01 3.685145e+01
      vertex   2.210000e+02 5.134917e+01 3.685145e+01
      vertex   2.280000e+02 5.106476e+01 3.667275e+01
    endloop
  endfacet
  facet normal 0.000000e+00 -5.320321e-01 8.467242e-01
    outer loop
      vertex   2.280000e+02 5.134917e+01 3.685145e+01
      vertex   2.280000e+02 5.106476e+01 3.667275e+01
      vertex   2.350000e+02 5.106476e+01 3.667275e+01
    endloop
  endfacet
  facet normal 0.000000e+00 -7.071068e-01 7.071068e-01
    outer loop
      vertex   2.350000e+02 5.106476e+01 3.667275e+01
      vertex   2.280000e+02 5.106476e+01 3.667275e+01
      vertex   2.350000e+02 5.082725e+01 3.643523e+01
    endloop
  endfacet
  facet normal 0.000000e+00 -7.071068e-01 7.071068e-01
    outer loop
      vertex   2.350000e+02 5.106476e+01 3.667275e+01
      vertex   2.350000e+02 5.082725e+01 3.643523e+01
      vertex   2.420000e+02 5.082725e+01 3.643523e+01
    endloop
  endfacet
  facet normal 0.000000e+00 -8.467242e-01 5.320321e-01
    outer loop
      vertex   2.420000e+02 5.082725e+01 3.643523e+01
      vertex   2.350000e+02 5.082725e+01 3.643523e+01
      vertex   2.420000e+02 5.064855e+01 3.615083e+01
    endloop
  endfacet
  facet normal 0.000000e+00 -8.467242e-01 5.320321e-01
    outer loop
      vertex   2.420000e+02 5.082725e+01 3.643523e+01
      vertex   2.420000e+02 5.064855e+01 3.615083e+01
      vertex   2.490000e+02 5.064855e+01 3.615083e+01
    endloop
  endfacet
  facet normal 0.000000e+00 -9.438833e-01 3.302791e-01
    outer loop
      vertex   2.490000e+02 5.064855e+01 3.615083e+01
      vertex   2.420000e+02 5.064855e+01 3.615083e+01
      vertex   2.490000e+02 5.053761e+01 3.583378e+01
    endloop
  endfacet
  facet normal 0.000000e+00 -9.438833e-01 3.302791e-01
    outer loop
      vertex   2.490000e+02 5.064855e+01 3.615083e+01
      vertex   2.490000e+02 5.053761e+01 3.583378e+01
      vertex   2.560000e+02 5.053761e+01 3.583378e+01
    endloop
  endfacet
  facet normal 0.000000e+00 -9.937122e-01 1.119645e-01
    outer loop
      vertex   2.560000e+02 5.053761e+01 3.583378e+01
      vertex   2.490000e+02 5.053761e+01 3.583378e+01
      vertex   2.770000e+02 5.050000e+01 3.550000e+01
    endloop
  endfacet
  facet normal 0.000000e+00 -5.320321e-01 8.467242e-01
    outer loop
      vertex   2.210000e+02 5.134917e+01 3.685145e+01
      vertex   2.210000e+02 5.106476e+01 3.667275e+01
      vertex   2.280000e+02 5.106476e+01 3.667275e+01
    endloop
  endfacet
  facet normal 0.000000e+00 -7.071068e-01 7.071068e-01
    outer loop
      vertex   2.280000e+02 5.106476e+01 3.667275e+01
      vertex   2.210000e+02 5.106476e+01 3.667275e+01
      vertex   2.280000e+02 5.082725e+01 3.643523e+01
    endloop
  endfacet
  facet normal 0.000000e+00 -7.071068e-01 7.071068e-01
    outer loop
      vertex   2.280000e+02 5.106476e+01 3.667275e+01
      vertex   2.280000e+02 5.082725e+01 3.643523e+01
      vertex   2.350000e+02 5.082725e+01 3.643523e+01
    endloop
  endfacet
  facet normal 0.000000e+00 -8.467242e-01 5.320321e-01
    outer loop
      vertex   2.350000e+02 5.082725e+01 3.643523e+01
      vertex   2.280000e+02 5.082725e+01 3.643523e+01
      vertex   2.350000e+02 5.064855e+01 3.615083e+01
    endloop
  endfacet
  facet normal 0.000000e+00 -8.467242e-01 5.320321e-01
    outer loop
      vertex   2.350000e+02 5.082725e+01 3.643523e+01
      vertex   2.350000e+02 5.064855e+01 3.615083e+01
      vertex   2.420000e+02 5.064855e+01 3.615083e+01
    endloop
  endfacet
  facet normal 0.000000e+00 -9.438833e-01 3.302791e-01
    outer loop
      vertex   2.420000e+02 5.064855e+01 3.615083e+01
      vertex   2.350000e+02 5.064855e+01 3.615083e+01
      vertex   2.420000e+02 5.053761e+01 3.583378e+01
    endloop
  endfacet
  facet normal 0.000000e+00 -9.438833e-01 3.302791e-01
    outer loop
      vertex   2.420000e+02 5.064855e+01 3.615083e+01
      vertex   2.420000e+02 5.053761e+01 3.583378e+01
      vertex   2.490000e+02 5.053761e+01 3.583378e+01
    endloop
  endfacet
  facet normal 0.000000e+00 -9.937122e-01 1.119645e-01
    outer loop
      vertex   2.490000e+02 5.053761e+01 3.583378e+01
      vertex   2.420000e+02 5.053761e+01 3.583378e+01
      vertex   2.210000e+02 5.050000e+01 3.550000e+01
    endloop
  endfacet
  facet normal 0.000000e+00 -9.937122e-01 1.119645e-01
    outer loop
      vertex   2.490000e+02 5.053761e+01 3.583378e+01
      vertex   2.210000e+02 5.050000e+01 3.550000e+01
      vertex   2.770000e+02 5.050000e+01 3.550000e+01
    endloop
  endfacet
  facet normal 0.000000e+00 -7.071068e-01 7.071068e-01
    outer loop
      vertex   2.210000e+02 5.106476e+01 3.667275e+01
      vertex   2.210000e+02 5.082725e+01 3.643523e+01
      vertex   2.280000e+02 5.082725e+01 3.643523e+01
    endloop
  endfacet
  facet normal 0.000000e+00 -8.467242e-01 5.320321e-01
    outer loop
      vertex   2.280000e+02 5.082725e+01 3.643523e+01
      vertex   2.210000e+02 5.082725e+01 3.643523e+01
      vertex   2.280000e+02 5.064855e+01 3.615083e+01
    endloop
  endfacet
  facet normal 0.000000e+00 -8.467242e-01 5.320321e-01
    outer loop
      vertex   2.280000e+02 5.082725e+01 3.643523e+01
      vertex   2.280000e+02 5.064855e+01 3.615083e+01
      vertex   2.350000e+02 5.064855e+01 3.615083e+01
    endloop
  endfacet
  facet normal 0.000000e+00 -9.438833e-01 3.302791e-01
    outer loop
      vertex   2.350000e+02 5.064855e+01 3.615083e+01
      vertex   2.280000e+02 5.064855e+01 3.615083e+01
      vertex   2.350000e+02 5.053761e+01 3.583378e+01
    endloop
  endfacet
  facet normal 0.000000e+00 -9.438833e-01 3.302791e-01
    outer loop
      vertex   2.350000e+02 5.064855e+01 3.615083e+01
      vertex   2.350000e+02 5.053761e+01 3.583378e+01
      vertex   2.420000e+02 5.053761e+01 3.583378e+01
    endloop
  endfacet
  facet normal 0.000000e+00 -9.937122e-01 1.119645e-01
    outer loop
      vertex   2.420000e+02 5.053761e+01 3.583378e+01
      vertex   2.350000e+02 5.053761e+01 3.583378e+01
      vertex   2.210000e+02 5.050000e+01 3.550000e+01
    endloop
  endfacet
  facet normal 0.000000e+00 -8.467242e-01 5.320321e-01
    outer loop
      vertex   2.210000e+02 5.082725e+01 3.643523e+01
      vertex   2.210000e+02 5.064855e+01 3.615083e+01
      vertex   2.280000e+02 5.064855e+01 3.615083e+01
    endloop
  endfacet
  facet normal 0.000000e+00 -9.438833e-01 3.302791e-01
    outer loop
      vertex   2.280000e+02 5.064855e+01 3.615083e+01
      vertex   2.210000e+02 5.064855e+01 3.615083e+01
      vertex   2.280000e+02 5.053761e+01 3.583378e+01
    endloop
  endfacet
  facet normal 0.000000e+00 -9.438833e-01 3.302791e-01
    outer loop
      vertex   2.280000e+02 5.064855e+01 3.615083e+01
      vertex   2.280000e+02 5.053761e+01 3.583378e+01
      vertex   2.350000e+02 5.053761e+01 3.583378e+01
    endloop
  endfacet
  facet normal 0.000000e+00 -9.937122e-01 1.119645e-01
    outer loop
      vertex   2.350000e+02 5.053761e+01 3.583378e+01
      vertex   2.280000e+02 5.053761e+01 3.583378e+01
      vertex   2.210000e+02 5.050000e+01 3.550000e+01
    endloop
  endfacet
  facet normal 0.000000e+00 -9.438833e-01 3.302791e-01
    outer loop
      vertex   2.210000e+02 5.064855e+01 3.615083e+01
      vertex   2.210000e+02 5.053761e+01 3.583378e+01
      vertex   2.280000e+02 5.053761e+01 3.583378e+01
    endloop
  endfacet
  facet normal 0.000000e+00 -9.937122e-01 1.119645e-01
    outer loop
      vertex   2.280000e+02 5.053761e+01 3.583378e+01
      vertex   2.210000e+02 5.053761e+01 3.583378e+01
      vertex   2.210000e+02 5.050000e+01 3.550000e+01
    endloop
  endfacet
  facet normal 0.000000e+00 -9.438833e-01 3.302791e-01
    outer loop
      vertex   2.560000e+02 5.064855e+01 3.615083e+01
      vertex   2.630000e+02 5.053761e+01 3.583378e+01
      vertex   2.630000e+02 5.064855e+01 3.615083e+01
    endloop
  endfacet
  facet normal 0.000000e+00 -9.438833e-01 3.302791e-01
    outer loop
      vertex   2.630000e+02 5.064855e+01 3.615083e+01
      vertex   2.630000e+02 5.053761e+01 3.583378e+01
      vertex   2.700000e+02 5.053761e+01 3.583378e+01
    endloop
  endfacet
  facet normal 0.000000e+00 -8.467242e-01 5.320321e-01
    outer loop
      vertex   2.490000e+02 5.082725e+01 3.643523e+01
      vertex   2.560000e+02 5.064855e+01 3.615083e+01
      vertex   2.560000e+02 5.082725e+01 3.643523e+01
    endloop
  endfacet
  facet normal 0.000000e+00 -8.467242e-01 5.320321e-01
    outer loop
      vertex   2.560000e+02 5.082725e+01 3.643523e+01
      vertex   2.560000e+02 5.064855e+01 3.615083e+01
      vertex   2.630000e+02 5.064855e+01 3.615083e+01
    endloop
  endfacet
  facet normal 0.000000e+00 -7.071068e-01 7.071068e-01
    outer loop
      vertex   2.420000e+02 5.106476e+01 3.667275e+01
      vertex   2.490000e+02 5.082725e+01 3.643523e+01
      vertex   2.490000e+02 5.106476e+01 3.667275e+01
    endloop
  endfacet
  facet normal 0.000000e+00 -7.071068e-01 7.071068e-01
    outer loop
      vertex   2.490000e+02 5.106476e+01 3.667275e+01
      vertex   2.490000e+02 5.082725e+01 3.643523e+01
      vertex   2.560000e+02 5.082725e+01 3.643523e+01
    endloop
  endfacet
  facet normal 0.000000e+00 -5.320321e-01 8.467242e-01
    outer loop
      vertex   2.350000e+02 5.134917e+01 3.685145e+01
      vertex   2.420000e+02 5.106476e+01 3.667275e+01
      vertex   2.420000e+02 5.134917e+01 3.685145e+01
    endloop
  endfacet
  facet normal 0.000000e+00 -5.320321e-01 8.467242e-01
    outer loop
      vertex   2.420000e+02 5.134917e+01 3.685145e+01
      vertex   2.420000e+02 5.106476e+01 3.667275e+01
      vertex   2.490000e+02 5.106476e+01 3.667275e+01
    endloop
  endfacet
  facet normal 0.000000e+00 -3.302791e-01 9.438833e-01
    outer loop
      vertex   2.280000e+02 5.166622e+01 3.696239e+01
      vertex   2.350000e+02 5.134917e+01 3.685145e+01
      vertex   2.350000e+02 5.166622e+01 3.696239e+01
    endloop
  endfacet
  facet normal 0.000000e+00 -3.302791e-01 9.438833e-01
    outer loop
      vertex   2.350000e+02 5.166622e+01 3.696239e+01
      vertex   2.350000e+02 5.134917e+01 3.685145e+01
      vertex   2.420000e+02 5.134917e+01 3.685145e+01
    endloop
  endfacet
  facet normal -9.917385e-01 6.299503e-02 1.117421e-01
    outer loop
      vertex   2.190000e+02 9.350000e+01 3.550000e+01
      vertex   2.190376e+02 9.350000e+01 3.583378e+01
      vertex   2.190165e+02 9.375915e+01 3.550000e+01
    endloop
  endfacet
  facet normal -9.884735e-01 8.268309e-02 1.268215e-01
    outer loop
      vertex   2.190165e+02 9.375915e+01 3.550000e+01
      vertex   2.190376e+02 9.350000e+01 3.583378e+01
      vertex   2.190637e+02 9.375131e+01 3.587333e+01
    endloop
  endfacet
  facet normal -9.725771e-01 1.947374e-01 1.271655e-01
    outer loop
      vertex   2.190165e+02 9.375915e+01 3.550000e+01
      vertex   2.190637e+02 9.375131e+01 3.587333e+01
      vertex   2.190603e+02 9.397808e+01 3.550000e+01
    endloop
  endfacet
  facet normal -9.725750e-01 1.947451e-01 1.271701e-01
    outer loop
      vertex   2.190603e+02 9.397808e+01 3.550000e+01
      vertex   2.190637e+02 9.375131e+01 3.587333e+01
      vertex   2.191066e+02 9.396577e+01 3.587333e+01
    endloop
  endfacet
  facet normal -9.278843e-01 3.506591e-01 1.267629e-01
    outer loop
      vertex   2.190603e+02 9.397808e+01 3.550000e+01
      vertex   2.191066e+02 9.396577e+01 3.587333e+01
      vertex   2.191978e+02 9.434199e+01 3.550000e+01
    endloop
  endfacet
  facet normal -9.283490e-01 3.497859e-01 1.257694e-01
    outer loop
      vertex   2.191978e+02 9.434199e+01 3.550000e+01
      vertex   2.191066e+02 9.396577e+01 3.587333e+01
      vertex   2.192403e+02 9.432047e+01 3.587333e+01
    endloop
  endfacet
  facet normal -8.522974e-01 5.076012e-01 1.262151e-01
    outer loop
      vertex   2.191978e+02 9.434199e+01 3.550000e+01
      vertex   2.192403e+02 9.432047e+01 3.587333e+01
      vertex   2.193785e+02 9.464538e+01 3.550000e+01
    endloop
  endfacet
  facet normal -8.519041e-01 5.081137e-01 1.268067e-01
    outer loop
      vertex   2.193785e+02 9.464538e+01 3.550000e+01
      vertex   2.192403e+02 9.432047e+01 3.587333e+01
      vertex   2.194174e+02 9.461750e+01 3.587333e+01
    endloop
  endfacet
  facet normal -7.538107e-01 6.447446e-01 1.267827e-01
    outer loop
      vertex   2.193785e+02 9.464538e+01 3.550000e+01
      vertex   2.194174e+02 9.461750e+01 3.587333e+01
      vertex   2.195980e+02 9.490200e+01 3.550000e+01
    endloop
  endfacet
  facet normal -7.546032e-01 6.440029e-01 1.258343e-01
    outer loop
      vertex   2.195980e+02 9.490200e+01 3.550000e+01
      vertex   2.194174e+02 9.461750e+01 3.587333e+01
      vertex   2.196315e+02 9.486836e+01 3.587333e+01
    endloop
  endfacet
  facet normal -6.436934e-01 7.548629e-01 1.258604e-01
    outer loop
      vertex   2.195980e+02 9.490200e+01 3.550000e+01
      vertex   2.196315e+02 9.486836e+01 3.587333e+01
      vertex   2.198550e+02 9.512116e+01 3.550000e+01
    endloop
  endfacet
  facet normal -6.430433e-01 7.553020e-01 1.265469e-01
    outer loop
      vertex   2.198550e+02 9.512116e+01 3.550000e+01
      vertex   2.196315e+02 9.486836e+01 3.587333e+01
      vertex   2.198831e+02 9.508251e+01 3.587333e+01
    endloop
  endfacet
  facet normal -5.082475e-01 8.518838e-01 1.264063e-01
    outer loop
      vertex   2.198550e+02 9.512116e+01 3.550000e+01
      vertex   2.198831e+02 9.508251e+01 3.587333e+01
      vertex   2.201582e+02 9.530203e+01 3.550000e+01
    endloop
  endfacet
  facet normal -5.088970e-01 8.515921e-01 1.257562e-01
    outer loop
      vertex   2.201582e+02 9.530203e+01 3.550000e+01
      vertex   2.198831e+02 9.508251e+01 3.587333e+01
      vertex   2.201787e+02 9.525918e+01 3.587333e+01
    endloop
  endfacet
  facet normal -3.453804e-01 9.299986e-01 1.257575e-01
    outer loop
      vertex   2.201582e+02 9.530203e+01 3.550000e+01
      vertex   2.201787e+02 9.525918e+01 3.587333e+01
      vertex   2.205240e+02 9.543789e+01 3.550000e+01
    endloop
  endfacet
  facet normal -3.453078e-01 9.300154e-01 1.258327e-01
    outer loop
      vertex   2.205240e+02 9.543789e+01 3.550000e+01
      vertex   2.201787e+02 9.525918e+01 3.587333e+01
      vertex   2.205365e+02 9.539203e+01 3.587333e+01
    endloop
  endfacet
  facet normal -1.967286e-01 9.723220e-01 1.260466e-01
    outer loop
      vertex   2.205240e+02 9.543789e+01 3.550000e+01
      vertex   2.205365e+02 9.539203e+01 3.587333e+01
      vertex   2.207425e+02 9.548210e+01 3.550000e+01
    endloop
  endfacet
  facet normal -1.962278e-01 9.723854e-01 1.263382e-01
    outer loop
      vertex   2.207425e+02 9.548210e+01 3.550000e+01
      vertex   2.205365e+02 9.539203e+01 3.587333e+01
      vertex   2.207491e+02 9.543493e+01 3.587333e+01
    endloop
  endfacet
  facet normal -8.822025e-02 9.880486e-01 1.264008e-01
    outer loop
      vertex   2.207425e+02 9.548210e+01 3.550000e+01
      vertex   2.207491e+02 9.543493e+01 3.587333e+01
      vertex   2.210000e+02 9.546239e+01 3.583378e+01
    endloop
  endfacet
  facet normal -5.118419e-02 9.426461e-01 3.298461e-01
    outer loop
      vertex   2.210000e+02 9.546239e+01 3.583378e+01
      vertex   2.207491e+02 9.543493e+01 3.587333e+01
      vertex   2.210000e+02 9.535145e+01 3.615083e+01
    endloop
  endfacet
  facet normal -6.666314e-02 9.372528e-01 3.422180e-01
    outer loop
      vertex   2.210000e+02 9.535145e+01 3.615083e+01
      vertex   2.207491e+02 9.543493e+01 3.587333e+01
      vertex   2.207634e+02 9.533380e+01 3.615309e+01
    endloop
  endfacet
  facet normal -5.850810e-02 8.509991e-01 5.218978e-01
    outer loop
      vertex   2.210000e+02 9.535145e+01 3.615083e+01
      vertex   2.207634e+02 9.533380e+01 3.615309e+01
      vertex   2.207851e+02 9.517965e+01 3.640688e+01
    endloop
  endfacet
  facet normal -1.692537e-01 8.358627e-01 5.221942e-01
    outer loop
      vertex   2.207851e+02 9.517965e+01 3.640688e+01
      vertex   2.207634e+02 9.533380e+01 3.615309e+01
      vertex   2.206014e+02 9.514245e+01 3.640688e+01
    endloop
  endfacet
  facet normal -1.454252e-01 7.181855e-01 6.804860e-01
    outer loop
      vertex   2.207851e+02 9.517965e+01 3.640688e+01
      vertex   2.206014e+02 9.514245e+01 3.640688e+01
      vertex   2.206529e+02 9.494618e+01 3.662502e+01
    endloop
  endfacet
  facet normal -2.556843e-01 6.879005e-01 6.792779e-01
    outer loop
      vertex   2.206529e+02 9.494618e+01 3.662502e+01
      vertex   2.206014e+02 9.514245e+01 3.640688e+01
      vertex   2.203807e+02 9.484499e+01 3.662502e+01
    endloop
  endfacet
  facet normal -2.042009e-01 5.493882e-01 8.102312e-01
    outer loop
      vertex   2.206529e+02 9.494618e+01 3.662502e+01
      vertex   2.203807e+02 9.484499e+01 3.662502e+01
      vertex   2.204864e+02 9.462765e+01 3.679904e+01
    endloop
  endfacet
  facet normal -3.002804e-01 5.028859e-01 8.105168e-01
    outer loop
      vertex   2.204864e+02 9.462765e+01 3.679904e+01
      vertex   2.203807e+02 9.484499e+01 3.662502e+01
      vertex   2.202935e+02 9.451247e+01 3.679904e+01
    endloop
  endfacet
  facet normal -2.281842e-01 3.821450e-01 8.954871e-01
    outer loop
      vertex   2.204864e+02 9.462765e+01 3.679904e+01
      vertex   2.202935e+02 9.451247e+01 3.679904e+01
      vertex   2.203922e+02 9.437541e+01 3.688269e+01
    endloop
  endfacet
  facet normal -2.886105e-01 3.386505e-01 8.955556e-01
    outer loop
      vertex   2.203922e+02 9.437541e+01 3.688269e+01
      vertex   2.202935e+02 9.451247e+01 3.679904e+01
      vertex   2.202477e+02 9.425226e+01 3.688269e+01
    endloop
  endfacet
  facet normal -1.910143e-01 2.241328e-01 9.556558e-01
    outer loop
      vertex   2.203922e+02 9.437541e+01 3.688269e+01
      vertex   2.202477e+02 9.425226e+01 3.688269e+01
      vertex   2.204491e+02 9.405091e+01 3.697016e+01
    endloop
  endfacet
  facet normal -2.239982e-01 1.911504e-01 9.556601e-01
    outer loop
      vertex   2.204491e+02 9.405091e+01 3.697016e+01
      vertex   2.202477e+02 9.425226e+01 3.688269e+01
      vertex   2.203556e+02 9.394135e+01 3.697016e+01
    endloop
  endfacet
  facet normal -7.642182e-02 6.521508e-02 9.949405e-01
    outer loop
      vertex   2.204491e+02 9.405091e+01 3.697016e+01
      vertex   2.203556e+02 9.394135e+01 3.697016e+01
      vertex   2.205962e+02 9.376800e+01 3.700000e+01
    endloop
  endfacet
  facet normal -8.621744e-02 5.162054e-02 9.949381e-01
    outer loop
      vertex   2.205962e+02 9.376800e+01 3.700000e+01
      vertex   2.203556e+02 9.394135e+01 3.697016e+01
      vertex   2.205467e+02 9.368540e+01 3.700000e+01
    endloop
  endfacet
  facet normal -8.630853e-02 5.155201e-02 9.949338e-01
    outer loop
      vertex   2.205467e+02 9.368540e+01 3.700000e+01
      vertex   2.203556e+02 9.394135e+01 3.697016e+01
      vertex   2.202802e+02 9.381511e+01 3.697016e+01
    endloop
  endfacet
  facet normal -9.421759e-02 3.529789e-02 9.949257e-01
    outer loop
      vertex   2.205467e+02 9.368540e+01 3.700000e+01
      vertex   2.202802e+02 9.381511e+01 3.697016e+01
      vertex   2.205129e+02 9.359518e+01 3.700000e+01
    endloop
  endfacet
  facet normal -9.411767e-02 3.540439e-02 9.949314e-01
    outer loop
      vertex   2.205129e+02 9.359518e+01 3.700000e+01
      vertex   2.202802e+02 9.381511e+01 3.697016e+01
      vertex   2.202259e+02 9.367083e+01 3.697016e+01
    endloop
  endfacet
  facet normal -9.824655e-02 1.975343e-02 9.949660e-01
    outer loop
      vertex   2.205129e+02 9.359518e+01 3.700000e+01
      vertex   2.202259e+02 9.367083e+01 3.697016e+01
      vertex   2.202096e+02 9.358966e+01 3.697016e+01
    endloop
  endfacet
  facet normal -2.879496e-01 5.789509e-02 9.558939e-01
    outer loop
      vertex   2.202096e+02 9.358966e+01 3.697016e+01
      vertex   2.202259e+02 9.367083e+01 3.697016e+01
      vertex   2.199502e+02 9.374352e+01 3.688269e+01
    endloop
  endfacet
  facet normal -2.880043e-01 5.779695e-02 9.558834e-01
    outer loop
      vertex   2.202096e+02 9.358966e+01 3.697016e+01
      vertex   2.199502e+02 9.374352e+01 3.688269e+01
      vertex   2.199273e+02 9.362973e+01 3.688269e+01
    endloop
  endfacet
  facet normal -4.352614e-01 8.734864e-02 8.960568e-01
    outer loop
      vertex   2.199273e+02 9.362973e+01 3.688269e+01
      vertex   2.199502e+02 9.374352e+01 3.688269e+01
      vertex   2.197866e+02 9.378663e+01 3.679904e+01
    endloop
  endfacet
  facet normal -4.353071e-01 8.729843e-02 8.960395e-01
    outer loop
      vertex   2.199273e+02 9.362973e+01 3.688269e+01
      vertex   2.197866e+02 9.378663e+01 3.679904e+01
      vertex   2.197599e+02 9.365357e+01 3.679904e+01
    endloop
  endfacet
  facet normal -5.728983e-01 1.148916e-01 8.115340e-01
    outer loop
      vertex   2.197599e+02 9.365357e+01 3.679904e+01
      vertex   2.197866e+02 9.378663e+01 3.679904e+01
      vertex   2.195525e+02 9.384837e+01 3.662502e+01
    endloop
  endfacet
  facet normal -5.729444e-01 1.148221e-01 8.115113e-01
    outer loop
      vertex   2.197599e+02 9.365357e+01 3.679904e+01
      vertex   2.195525e+02 9.384837e+01 3.662502e+01
      vertex   2.195203e+02 9.368783e+01 3.662502e+01
    endloop
  endfacet
  facet normal -7.180266e-01 1.438976e-01 6.809782e-01
    outer loop
      vertex   2.195203e+02 9.368783e+01 3.662502e+01
      vertex   2.195525e+02 9.384837e+01 3.662502e+01
      vertex   2.193560e+02 9.390017e+01 3.640688e+01
    endloop
  endfacet
  facet normal -7.180617e-01 1.438440e-01 6.809525e-01
    outer loop
      vertex   2.195203e+02 9.368783e+01 3.662502e+01
      vertex   2.193560e+02 9.390017e+01 3.640688e+01
      vertex   2.193192e+02 9.371644e+01 3.640688e+01
    endloop
  endfacet
  facet normal -8.361155e-01 1.674929e-01 5.223572e-01
    outer loop
      vertex   2.193192e+02 9.371644e+01 3.640688e+01
      vertex   2.193560e+02 9.390017e+01 3.640688e+01
      vertex   2.192054e+02 9.393982e+01 3.615309e+01
    endloop
  endfacet
  facet normal -8.361392e-01 1.674524e-01 5.223322e-01
    outer loop
      vertex   2.193192e+02 9.371644e+01 3.640688e+01
      vertex   2.192054e+02 9.393982e+01 3.615309e+01
      vertex   2.191649e+02 9.373776e+01 3.615309e+01
    endloop
  endfacet
  facet normal -9.213176e-01 1.845110e-01 3.422419e-01
    outer loop
      vertex   2.191649e+02 9.373776e+01 3.615309e+01
      vertex   2.192054e+02 9.393982e+01 3.615309e+01
      vertex   2.191066e+02 9.396577e+01 3.587333e+01
    endloop
  endfacet
  facet normal -9.213302e-01 1.844840e-01 3.422225e-01
    outer loop
      vertex   2.191649e+02 9.373776e+01 3.615309e+01
      vertex   2.191066e+02 9.396577e+01 3.587333e+01
      vertex   2.190637e+02 9.375131e+01 3.587333e+01
    endloop
  endfacet
  facet normal -9.428846e-01 4.598963e-02 3.299296e-01
    outer loop
      vertex   2.190376e+02 9.350000e+01 3.583378e+01
      vertex   2.191485e+02 9.350000e+01 3.615083e+01
      vertex   2.190637e+02 9.375131e+01 3.587333e+01
    endloop
  endfacet
  facet normal -9.376437e-01 6.126093e-02 3.421571e-01
    outer loop
      vertex   2.190637e+02 9.375131e+01 3.587333e+01
      vertex   2.191485e+02 9.350000e+01 3.615083e+01
      vertex   2.191649e+02 9.373776e+01 3.615309e+01
    endloop
  endfacet
  facet normal -8.512767e-01 5.360631e-02 5.219716e-01
    outer loop
      vertex   2.191649e+02 9.373776e+01 3.615309e+01
      vertex   2.191485e+02 9.350000e+01 3.615083e+01
      vertex   2.193192e+02 9.371644e+01 3.640688e+01
    endloop
  endfacet
  facet normal -8.461098e-01 3.808823e-02 5.316460e-01
    outer loop
      vertex   2.193192e+02 9.371644e+01 3.640688e+01
      vertex   2.191485e+02 9.350000e+01 3.615083e+01
      vertex   2.193273e+02 9.350000e+01 3.643523e+01
    endloop
  endfacet
  facet normal -7.297014e-01 6.199329e-02 6.809498e-01
    outer loop
      vertex   2.193192e+02 9.371644e+01 3.640688e+01
      vertex   2.193273e+02 9.350000e+01 3.643523e+01
      vertex   2.195203e+02 9.368783e+01 3.662502e+01
    endloop
  endfacet
  facet normal -7.070529e-01 1.233912e-02 7.070529e-01
    outer loop
      vertex   2.195203e+02 9.368783e+01 3.662502e+01
      vertex   2.193273e+02 9.350000e+01 3.643523e+01
      vertex   2.195648e+02 9.350000e+01 3.667275e+01
    endloop
  endfacet
  facet normal -5.797411e-01 6.909580e-02 8.118657e-01
    outer loop
      vertex   2.195203e+02 9.368783e+01 3.662502e+01
      vertex   2.195648e+02 9.350000e+01 3.667275e+01
      vertex   2.197599e+02 9.365357e+01 3.679904e+01
    endloop
  endfacet
  facet normal -5.319235e-01 -2.019786e-02 8.465515e-01
    outer loop
      vertex   2.197599e+02 9.365357e+01 3.679904e+01
      vertex   2.195648e+02 9.350000e+01 3.667275e+01
      vertex   2.198492e+02 9.350000e+01 3.685145e+01
    endloop
  endfacet
  facet normal -4.407582e-01 4.974701e-02 8.962463e-01
    outer loop
      vertex   2.197599e+02 9.365357e+01 3.679904e+01
      vertex   2.198492e+02 9.350000e+01 3.685145e+01
      vertex   2.199273e+02 9.362973e+01 3.688269e+01
    endloop
  endfacet
  facet normal -3.301470e-01 -2.827279e-02 9.435060e-01
    outer loop
      vertex   2.199273e+02 9.362973e+01 3.688269e+01
      vertex   2.198492e+02 9.350000e+01 3.685145e+01
      vertex   2.201662e+02 9.350000e+01 3.696239e+01
    endloop
  endfacet
  facet normal -2.881751e-01 5.663283e-02 9.559016e-01
    outer loop
      vertex   2.199273e+02 9.362973e+01 3.688269e+01
      vertex   2.201662e+02 9.350000e+01 3.696239e+01
      vertex   2.202096e+02 9.358966e+01 3.697016e+01
    endloop
  endfacet
  facet normal -1.119075e-01 -3.188619e-02 9.932069e-01
    outer loop
      vertex   2.202096e+02 9.358966e+01 3.697016e+01
      vertex   2.201662e+02 9.350000e+01 3.696239e+01
      vertex   2.205000e+02 9.350000e+01 3.700000e+01
    endloop
  endfacet
  facet normal -9.814106e-02 1.332585e-02 9.950833e-01
    outer loop
      vertex   2.202096e+02 9.358966e+01 3.697016e+01
      vertex   2.205000e+02 9.350000e+01 3.700000e+01
      vertex   2.205129e+02 9.359518e+01 3.700000e+01
    endloop
  endfacet
  facet normal -7.649928e-02 6.517447e-02 9.949373e-01
    outer loop
      vertex   2.205962e+02 9.376800e+01 3.700000e+01
      vertex   2.206587e+02 9.384134e+01 3.700000e+01
      vertex   2.204491e+02 9.405091e+01 3.697016e+01
    endloop
  endfacet
  facet normal -6.517601e-02 7.649792e-02 9.949373e-01
    outer loop
      vertex   2.204491e+02 9.405091e+01 3.697016e+01
      vertex   2.206587e+02 9.384134e+01 3.700000e+01
      vertex   2.205587e+02 9.414431e+01 3.697016e+01
    endloop
  endfacet
  facet normal -1.909688e-01 2.241426e-01 9.556626e-01
    outer loop
      vertex   2.204491e+02 9.405091e+01 3.697016e+01
      vertex   2.205587e+02 9.414431e+01 3.697016e+01
      vertex   2.203922e+02 9.437541e+01 3.688269e+01
    endloop
  endfacet
  facet normal -1.510695e-01 2.528732e-01 9.556323e-01
    outer loop
      vertex   2.203922e+02 9.437541e+01 3.688269e+01
      vertex   2.205587e+02 9.414431e+01 3.697016e+01
      vertex   2.205603e+02 9.447579e+01 3.688269e+01
    endloop
  endfacet
  facet normal -2.283183e-01 3.821789e-01 8.954385e-01
    outer loop
      vertex   2.203922e+02 9.437541e+01 3.688269e+01
      vertex   2.205603e+02 9.447579e+01 3.688269e+01
      vertex   2.204864e+02 9.462765e+01 3.679904e+01
    endloop
  endfacet
  facet normal -1.552976e-01 4.176081e-01 8.952576e-01
    outer loop
      vertex   2.204864e+02 9.462765e+01 3.679904e+01
      vertex   2.205603e+02 9.447579e+01 3.688269e+01
      vertex   2.207144e+02 9.471243e+01 3.679904e+01
    endloop
  endfacet
  facet normal -2.043151e-01 5.494203e-01 8.101806e-01
    outer loop
      vertex   2.204864e+02 9.462765e+01 3.679904e+01
      vertex   2.207144e+02 9.471243e+01 3.679904e+01
      vertex   2.206529e+02 9.494618e+01 3.662502e+01
    endloop
  endfacet
  facet normal -1.160866e-01 5.732863e-01 8.110899e-01
    outer loop
      vertex   2.206529e+02 9.494618e+01 3.662502e+01
      vertex   2.207144e+02 9.471243e+01 3.679904e+01
      vertex   2.208135e+02 9.497869e+01 3.662502e+01
    endloop
  endfacet
  facet normal -1.454279e-01 7.181859e-01 6.804849e-01
    outer loop
      vertex   2.206529e+02 9.494618e+01 3.662502e+01
      vertex   2.208135e+02 9.497869e+01 3.662502e+01
      vertex   2.207851e+02 9.517965e+01 3.640688e+01
    endloop
  endfacet
  facet normal -6.639916e-02 7.295537e-01 6.806927e-01
    outer loop
      vertex   2.207851e+02 9.517965e+01 3.640688e+01
      vertex   2.208135e+02 9.497869e+01 3.662502e+01
      vertex   2.210000e+02 9.517275e+01 3.643523e+01
    endloop
  endfacet
  facet normal -4.297293e-02 8.459420e-01 5.315406e-01
    outer loop
      vertex   2.207851e+02 9.517965e+01 3.640688e+01
      vertex   2.210000e+02 9.517275e+01 3.643523e+01
      vertex   2.210000e+02 9.535145e+01 3.615083e+01
    endloop
  endfacet
  facet normal -6.515103e-02 7.650626e-02 9.949383e-01
    outer loop
      vertex   2.206587e+02 9.384134e+01 3.700000e+01
      vertex   2.207320e+02 9.390378e+01 3.700000e+01
      vertex   2.205587e+02 9.414431e+01 3.697016e+01
    endloop
  endfacet
  facet normal -5.158671e-02 8.627687e-02 9.949347e-01
    outer loop
      vertex   2.205587e+02 9.414431e+01 3.697016e+01
      vertex   2.207320e+02 9.390378e+01 3.700000e+01
      vertex   2.206849e+02 9.421975e+01 3.697016e+01
    endloop
  endfacet
  facet normal -1.511954e-01 2.528688e-01 9.556136e-01
    outer loop
      vertex   2.205587e+02 9.414431e+01 3.697016e+01
      vertex   2.206849e+02 9.421975e+01 3.697016e+01
      vertex   2.205603e+02 9.447579e+01 3.688269e+01
    endloop
  endfacet
  facet normal -1.028325e-01 2.763790e-01 9.555313e-01
    outer loop
      vertex   2.205603e+02 9.447579e+01 3.688269e+01
      vertex   2.206849e+02 9.421975e+01 3.697016e+01
      vertex   2.207573e+02 9.454909e+01 3.688269e+01
    endloop
  endfacet
  facet normal -1.553988e-01 4.176593e-01 8.952161e-01
    outer loop
      vertex   2.205603e+02 9.447579e+01 3.688269e+01
      vertex   2.207573e+02 9.454909e+01 3.688269e+01
      vertex   2.207144e+02 9.471243e+01 3.679904e+01
    endloop
  endfacet
  facet normal -8.815261e-02 4.356175e-01 8.958049e-01
    outer loop
      vertex   2.207144e+02 9.471243e+01 3.679904e+01
      vertex   2.207573e+02 9.454909e+01 3.688269e+01
      vertex   2.208472e+02 9.473931e+01 3.679904e+01
    endloop
  endfacet
  facet normal -1.160086e-01 5.732714e-01 8.111116e-01
    outer loop
      vertex   2.207144e+02 9.471243e+01 3.679904e+01
      vertex   2.208472e+02 9.473931e+01 3.679904e+01
      vertex   2.208135e+02 9.497869e+01 3.662502e+01
    endloop
  endfacet
  facet normal -7.257716e-02 5.797281e-01 8.115712e-01
    outer loop
      vertex   2.208135e+02 9.497869e+01 3.662502e+01
      vertex   2.208472e+02 9.473931e+01 3.679904e+01
      vertex   2.210000e+02 9.493523e+01 3.667275e+01
    endloop
  endfacet
  facet normal -1.616805e-02 7.070144e-01 7.070144e-01
    outer loop
      vertex   2.208135e+02 9.497869e+01 3.662502e+01
      vertex   2.210000e+02 9.493523e+01 3.667275e+01
      vertex   2.210000e+02 9.517275e+01 3.643523e+01
    endloop
  endfacet
  facet normal -5.166755e-02 8.626453e-02 9.949316e-01
    outer loop
      vertex   2.207320e+02 9.390378e+01 3.700000e+01
      vertex   2.208146e+02 9.395326e+01 3.700000e+01
      vertex   2.206849e+02 9.421975e+01 3.697016e+01
    endloop
  endfacet
  facet normal -3.514116e-02 9.430724e-02 9.949227e-01
    outer loop
      vertex   2.206849e+02 9.421975e+01 3.697016e+01
      vertex   2.208146e+02 9.395326e+01 3.700000e+01
      vertex   2.208295e+02 9.427364e+01 3.697016e+01
    endloop
  endfacet
  facet normal -1.029963e-01 2.764081e-01 9.555053e-01
    outer loop
      vertex   2.206849e+02 9.421975e+01 3.697016e+01
      vertex   2.208295e+02 9.427364e+01 3.697016e+01
      vertex   2.207573e+02 9.454909e+01 3.688269e+01
    endloop
  endfacet
  facet normal -5.831290e-02 2.882206e-01 9.557868e-01
    outer loop
      vertex   2.207573e+02 9.454909e+01 3.688269e+01
      vertex   2.208295e+02 9.427364e+01 3.697016e+01
      vertex   2.208708e+02 9.457206e+01 3.688269e+01
    endloop
  endfacet
  facet normal -8.813287e-02 4.356105e-01 8.958103e-01
    outer loop
      vertex   2.207573e+02 9.454909e+01 3.688269e+01
      vertex   2.208708e+02 9.457206e+01 3.688269e+01
      vertex   2.208472e+02 9.473931e+01 3.679904e+01
    endloop
  endfacet
  facet normal -5.211191e-02 4.408237e-01 8.960797e-01
    outer loop
      vertex   2.208472e+02 9.473931e+01 3.679904e+01
      vertex   2.208708e+02 9.457206e+01 3.688269e+01
      vertex   2.210000e+02 9.465083e+01 3.685145e+01
    endloop
  endfacet
  facet normal 1.764366e-02 5.319493e-01 8.465924e-01
    outer loop
      vertex   2.208472e+02 9.473931e+01 3.679904e+01
      vertex   2.210000e+02 9.465083e+01 3.685145e+01
      vertex   2.210000e+02 9.493523e+01 3.667275e+01
    endloop
  endfacet
  facet normal -3.526246e-02 9.431245e-02 9.949179e-01
    outer loop
      vertex   2.208146e+02 9.395326e+01 3.700000e+01
      vertex   2.209047e+02 9.398696e+01 3.700000e+01
      vertex   2.208295e+02 9.427364e+01 3.697016e+01
    endloop
  endfacet
  facet normal -1.990185e-02 9.834573e-02 9.949533e-01
    outer loop
      vertex   2.208295e+02 9.427364e+01 3.697016e+01
      vertex   2.209047e+02 9.398696e+01 3.700000e+01
      vertex   2.209106e+02 9.429004e+01 3.697016e+01
    endloop
  endfacet
  facet normal -5.832641e-02 2.882221e-01 9.557856e-01
    outer loop
      vertex   2.208295e+02 9.427364e+01 3.697016e+01
      vertex   2.209106e+02 9.429004e+01 3.697016e+01
      vertex   2.208708e+02 9.457206e+01 3.688269e+01
    endloop
  endfacet
  facet normal -5.797593e-02 2.882734e-01 9.557914e-01
    outer loop
      vertex   2.208708e+02 9.457206e+01 3.688269e+01
      vertex   2.209106e+02 9.429004e+01 3.697016e+01
      vertex   2.210000e+02 9.433378e+01 3.696239e+01
    endloop
  endfacet
  facet normal 2.683020e-02 3.301602e-01 9.435435e-01
    outer loop
      vertex   2.208708e+02 9.457206e+01 3.688269e+01
      vertex   2.210000e+02 9.433378e+01 3.696239e+01
      vertex   2.210000e+02 9.465083e+01 3.685145e+01
    endloop
  endfacet
  facet normal -1.344640e-02 9.823315e-02 9.950726e-01
    outer loop
      vertex   2.209047e+02 9.398696e+01 3.700000e+01
      vertex   2.210000e+02 9.400000e+01 3.700000e+01
      vertex   2.209106e+02 9.429004e+01 3.697016e+01
    endloop
  endfacet
  facet normal 3.152315e-02 1.119088e-01 9.932184e-01
    outer loop
      vertex   2.209106e+02 9.429004e+01 3.697016e+01
      vertex   2.210000e+02 9.400000e+01 3.700000e+01
      vertex   2.210000e+02 9.433378e+01 3.696239e+01
    endloop
  endfacet
  facet normal -6.891025e-02 9.913500e-01 1.116983e-01
    outer loop
      vertex   2.210000e+02 9.546239e+01 3.583378e+01
      vertex   2.210000e+02 9.550000e+01 3.550000e+01
      vertex   2.207425e+02 9.548210e+01 3.550000e+01
    endloop
  endfacet
  facet normal -2.757270e-01 1.039153e-01 9.556026e-01
    outer loop
      vertex   2.199502e+02 9.374352e+01 3.688269e+01
      vertex   2.202259e+02 9.367083e+01 3.697016e+01
      vertex   2.200241e+02 9.393974e+01 3.688269e+01
    endloop
  endfacet
  facet normal -2.758903e-01 1.037821e-01 9.555699e-01
    outer loop
      vertex   2.200241e+02 9.393974e+01 3.688269e+01
      vertex   2.202259e+02 9.367083e+01 3.697016e+01
      vertex   2.202802e+02 9.381511e+01 3.697016e+01
    endloop
  endfacet
  facet normal -2.529684e-01 1.509219e-01 9.556305e-01
    outer loop
      vertex   2.200241e+02 9.393974e+01 3.688269e+01
      vertex   2.202802e+02 9.381511e+01 3.697016e+01
      vertex   2.201244e+02 9.410791e+01 3.688269e+01
    endloop
  endfacet
  facet normal -2.528194e-01 1.510088e-01 9.556562e-01
    outer loop
      vertex   2.201244e+02 9.410791e+01 3.688269e+01
      vertex   2.202802e+02 9.381511e+01 3.697016e+01
      vertex   2.203556e+02 9.394135e+01 3.697016e+01
    endloop
  endfacet
  facet normal -2.238669e-01 1.912017e-01 9.556806e-01
    outer loop
      vertex   2.201244e+02 9.410791e+01 3.688269e+01
      vertex   2.203556e+02 9.394135e+01 3.697016e+01
      vertex   2.202477e+02 9.425226e+01 3.688269e+01
    endloop
  endfacet
  facet normal -4.165416e-01 1.571457e-01 8.954319e-01
    outer loop
      vertex   2.197866e+02 9.378663e+01 3.679904e+01
      vertex   2.199502e+02 9.374352e+01 3.688269e+01
      vertex   2.198723e+02 9.401370e+01 3.679904e+01
    endloop
  endfacet
  facet normal -4.167457e-01 1.570620e-01 8.953516e-01
    outer loop
      vertex   2.198723e+02 9.401370e+01 3.679904e+01
      vertex   2.199502e+02 9.374352e+01 3.688269e+01
      vertex   2.200241e+02 9.393974e+01 3.688269e+01
    endloop
  endfacet
  facet normal -3.822953e-01 2.279411e-01 8.954849e-01
    outer loop
      vertex   2.198723e+02 9.401370e+01 3.679904e+01
      vertex   2.200241e+02 9.393974e+01 3.688269e+01
      vertex   2.199873e+02 9.420669e+01 3.679904e+01
    endloop
  endfacet
  facet normal -3.821330e-01 2.279819e-01 8.955437e-01
    outer loop
      vertex   2.199873e+02 9.420669e+01 3.679904e+01
      vertex   2.200241e+02 9.393974e+01 3.688269e+01
      vertex   2.201244e+02 9.410791e+01 3.688269e+01
    endloop
  endfacet
  facet normal -3.381956e-01 2.890114e-01 8.955982e-01
    outer loop
      vertex   2.199873e+02 9.420669e+01 3.679904e+01
      vertex   2.201244e+02 9.410791e+01 3.688269e+01
      vertex   2.201283e+02 9.437167e+01 3.679904e+01
    endloop
  endfacet
  facet normal -3.383673e-01 2.889950e-01 8.955386e-01
    outer loop
      vertex   2.201283e+02 9.437167e+01 3.679904e+01
      vertex   2.201244e+02 9.410791e+01 3.688269e+01
      vertex   2.202477e+02 9.425226e+01 3.688269e+01
    endloop
  endfacet
  facet normal -2.886952e-01 3.386559e-01 8.955262e-01
    outer loop
      vertex   2.201283e+02 9.437167e+01 3.679904e+01
      vertex   2.202477e+02 9.425226e+01 3.688269e+01
      vertex   2.202935e+02 9.451247e+01 3.679904e+01
    endloop
  endfacet
  facet normal -5.478731e-01 2.070105e-01 8.105441e-01
    outer loop
      vertex   2.195525e+02 9.384837e+01 3.662502e+01
      vertex   2.197866e+02 9.378663e+01 3.679904e+01
      vertex   2.196550e+02 9.411964e+01 3.662502e+01
    endloop
  endfacet
  facet normal -5.481798e-01 2.068079e-01 8.103884e-01
    outer loop
      vertex   2.196550e+02 9.411964e+01 3.662502e+01
      vertex   2.197866e+02 9.378663e+01 3.679904e+01
      vertex   2.198723e+02 9.401370e+01 3.679904e+01
    endloop
  endfacet
  facet normal -5.030741e-01 2.996941e-01 8.106170e-01
    outer loop
      vertex   2.196550e+02 9.411964e+01 3.662502e+01
      vertex   2.198723e+02 9.401370e+01 3.679904e+01
      vertex   2.197911e+02 9.434808e+01 3.662502e+01
    endloop
  endfacet
  facet normal -5.028307e-01 2.998096e-01 8.107253e-01
    outer loop
      vertex   2.197911e+02 9.434808e+01 3.662502e+01
      vertex   2.198723e+02 9.401370e+01 3.679904e+01
      vertex   2.199873e+02 9.420669e+01 3.679904e+01
    endloop
  endfacet
  facet normal -4.447945e-01 3.804689e-01 8.108028e-01
    outer loop
      vertex   2.197911e+02 9.434808e+01 3.662502e+01
      vertex   2.199873e+02 9.420669e+01 3.679904e+01
      vertex   2.199574e+02 9.454258e+01 3.662502e+01
    endloop
  endfacet
  facet normal -4.451075e-01 3.803749e-01 8.106752e-01
    outer loop
      vertex   2.199574e+02 9.454258e+01 3.662502e+01
      vertex   2.199873e+02 9.420669e+01 3.679904e+01
      vertex   2.201283e+02 9.437167e+01 3.679904e+01
    endloop
  endfacet
  facet normal -3.799723e-01 4.454837e-01 8.106573e-01
    outer loop
      vertex   2.199574e+02 9.454258e+01 3.662502e+01
      vertex   2.201283e+02 9.437167e+01 3.679904e+01
      vertex   2.201521e+02 9.470863e+01 3.662502e+01
    endloop
  endfacet
  facet normal -3.797843e-01 4.455088e-01 8.107316e-01
    outer loop
      vertex   2.201521e+02 9.470863e+01 3.662502e+01
      vertex   2.201283e+02 9.437167e+01 3.679904e+01
      vertex   2.202935e+02 9.451247e+01 3.679904e+01
    endloop
  endfacet
  facet normal -3.000377e-01 5.028734e-01 8.106144e-01
    outer loop
      vertex   2.201521e+02 9.470863e+01 3.662502e+01
      vertex   2.202935e+02 9.451247e+01 3.679904e+01
      vertex   2.203807e+02 9.484499e+01 3.662502e+01
    endloop
  endfacet
  facet normal -6.861300e-01 2.593784e-01 6.796679e-01
    outer loop
      vertex   2.193560e+02 9.390017e+01 3.640688e+01
      vertex   2.195525e+02 9.384837e+01 3.662502e+01
      vertex   2.194725e+02 9.420848e+01 3.640688e+01
    endloop
  endfacet
  facet normal -6.862517e-01 2.592960e-01 6.795764e-01
    outer loop
      vertex   2.194725e+02 9.420848e+01 3.640688e+01
      vertex   2.195525e+02 9.384837e+01 3.662502e+01
      vertex   2.196550e+02 9.411964e+01 3.662502e+01
    endloop
  endfacet
  facet normal -6.300968e-01 3.752433e-01 6.798312e-01
    outer loop
      vertex   2.194725e+02 9.420848e+01 3.640688e+01
      vertex   2.196550e+02 9.411964e+01 3.662502e+01
      vertex   2.196263e+02 9.446676e+01 3.640688e+01
    endloop
  endfacet
  facet normal -6.299853e-01 3.752984e-01 6.799041e-01
    outer loop
      vertex   2.196263e+02 9.446676e+01 3.640688e+01
      vertex   2.196550e+02 9.411964e+01 3.662502e+01
      vertex   2.197911e+02 9.434808e+01 3.662502e+01
    endloop
  endfacet
  facet normal -5.571044e-01 4.766628e-01 6.800200e-01
    outer loop
      vertex   2.196263e+02 9.446676e+01 3.640688e+01
      vertex   2.197911e+02 9.434808e+01 3.662502e+01
      vertex   2.198140e+02 9.468605e+01 3.640688e+01
    endloop
  endfacet
  facet normal -5.572120e-01 4.766287e-01 6.799558e-01
    outer loop
      vertex   2.198140e+02 9.468605e+01 3.640688e+01
      vertex   2.197911e+02 9.434808e+01 3.662502e+01
      vertex   2.199574e+02 9.454258e+01 3.662502e+01
    endloop
  endfacet
  facet normal -4.758942e-01 5.578860e-01 6.799176e-01
    outer loop
      vertex   2.198140e+02 9.468605e+01 3.640688e+01
      vertex   2.199574e+02 9.454258e+01 3.662502e+01
      vertex   2.200335e+02 9.487331e+01 3.640688e+01
    endloop
  endfacet
  facet normal -4.758507e-01 5.578925e-01 6.799426e-01
    outer loop
      vertex   2.200335e+02 9.487331e+01 3.640688e+01
      vertex   2.199574e+02 9.454258e+01 3.662502e+01
      vertex   2.201521e+02 9.470863e+01 3.662502e+01
    endloop
  endfacet
  facet normal -3.757073e-01 6.298527e-01 6.798012e-01
    outer loop
      vertex   2.200335e+02 9.487331e+01 3.640688e+01
      vertex   2.201521e+02 9.470863e+01 3.662502e+01
      vertex   2.202919e+02 9.502744e+01 3.640688e+01
    endloop
  endfacet
  facet normal -3.758015e-01 6.298562e-01 6.797458e-01
    outer loop
      vertex   2.202919e+02 9.502744e+01 3.640688e+01
      vertex   2.201521e+02 9.470863e+01 3.662502e+01
      vertex   2.203807e+02 9.484499e+01 3.662502e+01
    endloop
  endfacet
  facet normal -2.555837e-01 6.878736e-01 6.793430e-01
    outer loop
      vertex   2.202919e+02 9.502744e+01 3.640688e+01
      vertex   2.203807e+02 9.484499e+01 3.662502e+01
      vertex   2.206014e+02 9.514245e+01 3.640688e+01
    endloop
  endfacet
  facet normal -7.985526e-01 3.014583e-01 5.209958e-01
    outer loop
      vertex   2.192054e+02 9.393982e+01 3.615309e+01
      vertex   2.193560e+02 9.390017e+01 3.640688e+01
      vertex   2.193324e+02 9.427626e+01 3.615309e+01
    endloop
  endfacet
  facet normal -7.981931e-01 3.017418e-01 5.213825e-01
    outer loop
      vertex   2.193324e+02 9.427626e+01 3.615309e+01
      vertex   2.193560e+02 9.390017e+01 3.640688e+01
      vertex   2.194725e+02 9.420848e+01 3.640688e+01
    endloop
  endfacet
  facet normal -7.330028e-01 4.368010e-01 5.214517e-01
    outer loop
      vertex   2.193324e+02 9.427626e+01 3.615309e+01
      vertex   2.194725e+02 9.420848e+01 3.640688e+01
      vertex   2.195001e+02 9.455779e+01 3.615309e+01
    endloop
  endfacet
  facet normal -7.332345e-01 4.366652e-01 5.212396e-01
    outer loop
      vertex   2.195001e+02 9.455779e+01 3.615309e+01
      vertex   2.194725e+02 9.420848e+01 3.640688e+01
      vertex   2.196263e+02 9.446676e+01 3.640688e+01
    endloop
  endfacet
  facet normal -6.486670e-01 5.544004e-01 5.214127e-01
    outer loop
      vertex   2.195001e+02 9.455779e+01 3.615309e+01
      vertex   2.196263e+02 9.446676e+01 3.640688e+01
      vertex   2.197038e+02 9.479613e+01 3.615309e+01
    endloop
  endfacet
  facet normal -6.481849e-01 5.545919e-01 5.218085e-01
    outer loop
      vertex   2.197038e+02 9.479613e+01 3.615309e+01
      vertex   2.196263e+02 9.446676e+01 3.640688e+01
      vertex   2.198140e+02 9.468605e+01 3.640688e+01
    endloop
  endfacet
  facet normal -5.533813e-01 6.492764e-01 5.217369e-01
    outer loop
      vertex   2.197038e+02 9.479613e+01 3.615309e+01
      vertex   2.198140e+02 9.468605e+01 3.640688e+01
      vertex   2.199426e+02 9.499963e+01 3.615309e+01
    endloop
  endfacet
  facet normal -5.537775e-01 6.491878e-01 5.214266e-01
    outer loop
      vertex   2.199426e+02 9.499963e+01 3.615309e+01
      vertex   2.198140e+02 9.468605e+01 3.640688e+01
      vertex   2.200335e+02 9.487331e+01 3.640688e+01
    endloop
  endfacet
  facet normal -4.374053e-01 7.327244e-01 5.213363e-01
    outer loop
      vertex   2.199426e+02 9.499963e+01 3.615309e+01
      vertex   2.200335e+02 9.487331e+01 3.640688e+01
      vertex   2.202236e+02 9.516738e+01 3.615309e+01
    endloop
  endfacet
  facet normal -4.370771e-01 7.327358e-01 5.215954e-01
    outer loop
      vertex   2.202236e+02 9.516738e+01 3.615309e+01
      vertex   2.200335e+02 9.487331e+01 3.640688e+01
      vertex   2.202919e+02 9.502744e+01 3.640688e+01
    endloop
  endfacet
  facet normal -2.971651e-01 8.000919e-01 5.211006e-01
    outer loop
      vertex   2.202236e+02 9.516738e+01 3.615309e+01
      vertex   2.202919e+02 9.502744e+01 3.640688e+01
      vertex   2.205621e+02 9.529311e+01 3.615309e+01
    endloop
  endfacet
  facet normal -2.972879e-01 8.001154e-01 5.209944e-01
    outer loop
      vertex   2.205621e+02 9.529311e+01 3.615309e+01
      vertex   2.202919e+02 9.502744e+01 3.640688e+01
      vertex   2.206014e+02 9.514245e+01 3.640688e+01
    endloop
  endfacet
  facet normal -1.689872e-01 8.358271e-01 5.223375e-01
    outer loop
      vertex   2.205621e+02 9.529311e+01 3.615309e+01
      vertex   2.206014e+02 9.514245e+01 3.640688e+01
      vertex   2.207634e+02 9.533380e+01 3.615309e+01
    endloop
  endfacet
  facet normal -8.796364e-01 3.314318e-01 3.411639e-01
    outer loop
      vertex   2.191066e+02 9.396577e+01 3.587333e+01
      vertex   2.192054e+02 9.393982e+01 3.615309e+01
      vertex   2.192403e+02 9.432047e+01 3.587333e+01
    endloop
  endfacet
  facet normal -8.791910e-01 3.318998e-01 3.418563e-01
    outer loop
      vertex   2.192403e+02 9.432047e+01 3.587333e+01
      vertex   2.192054e+02 9.393982e+01 3.615309e+01
      vertex   2.193324e+02 9.427626e+01 3.615309e+01
    endloop
  endfacet
  facet normal -8.071242e-01 4.814049e-01 3.417599e-01
    outer loop
      vertex   2.192403e+02 9.432047e+01 3.587333e+01
      vertex   2.193324e+02 9.427626e+01 3.615309e+01
      vertex   2.194174e+02 9.461750e+01 3.587333e+01
    endloop
  endfacet
  facet normal -8.074392e-01 4.811581e-01 3.413631e-01
    outer loop
      vertex   2.194174e+02 9.461750e+01 3.587333e+01
      vertex   2.193324e+02 9.427626e+01 3.615309e+01
      vertex   2.195001e+02 9.455779e+01 3.615309e+01
    endloop
  endfacet
  facet normal -7.149102e-01 6.101276e-01 3.415373e-01
    outer loop
      vertex   2.194174e+02 9.461750e+01 3.587333e+01
      vertex   2.195001e+02 9.455779e+01 3.615309e+01
      vertex   2.196315e+02 9.486836e+01 3.587333e+01
    endloop
  endfacet
  facet normal -7.142815e-01 6.104795e-01 3.422232e-01
    outer loop
      vertex   2.196315e+02 9.486836e+01 3.587333e+01
      vertex   2.195001e+02 9.455779e+01 3.615309e+01
      vertex   2.197038e+02 9.479613e+01 3.615309e+01
    endloop
  endfacet
  facet normal -6.091291e-01 7.154672e-01 3.421526e-01
    outer loop
      vertex   2.196315e+02 9.486836e+01 3.587333e+01
      vertex   2.197038e+02 9.479613e+01 3.615309e+01
      vertex   2.198831e+02 9.508251e+01 3.587333e+01
    endloop
  endfacet
  facet normal -6.096373e-01 7.152810e-01 3.416364e-01
    outer loop
      vertex   2.198831e+02 9.508251e+01 3.587333e+01
      vertex   2.197038e+02 9.479613e+01 3.615309e+01
      vertex   2.199426e+02 9.499963e+01 3.615309e+01
    endloop
  endfacet
  facet normal -4.821114e-01 8.067689e-01 3.416030e-01
    outer loop
      vertex   2.198831e+02 9.508251e+01 3.587333e+01
      vertex   2.199426e+02 9.499963e+01 3.615309e+01
      vertex   2.201787e+02 9.525918e+01 3.587333e+01
    endloop
  endfacet
  facet normal -4.816537e-01 8.068476e-01 3.420623e-01
    outer loop
      vertex   2.201787e+02 9.525918e+01 3.587333e+01
      vertex   2.199426e+02 9.499963e+01 3.615309e+01
      vertex   2.202236e+02 9.516738e+01 3.615309e+01
    endloop
  endfacet
  facet normal -3.271342e-01 8.810684e-01 3.416162e-01
    outer loop
      vertex   2.201787e+02 9.525918e+01 3.587333e+01
      vertex   2.202236e+02 9.516738e+01 3.615309e+01
      vertex   2.205365e+02 9.539203e+01 3.587333e+01
    endloop
  endfacet
  facet normal -3.272428e-01 8.810736e-01 3.414988e-01
    outer loop
      vertex   2.205365e+02 9.539203e+01 3.587333e+01
      vertex   2.202236e+02 9.516738e+01 3.615309e+01
      vertex   2.205621e+02 9.529311e+01 3.615309e+01
    endloop
  endfacet
  facet normal -1.858385e-01 9.209024e-01 3.426411e-01
    outer loop
      vertex   2.205365e+02 9.539203e+01 3.587333e+01
      vertex   2.205621e+02 9.529311e+01 3.615309e+01
      vertex   2.207491e+02 9.543493e+01 3.587333e+01
    endloop
  endfacet
  facet normal -1.861905e-01 9.209162e-01 3.424128e-01
    outer loop
      vertex   2.207491e+02 9.543493e+01 3.587333e+01
      vertex   2.205621e+02 9.529311e+01 3.615309e+01
      vertex   2.207634e+02 9.533380e+01 3.615309e+01
    endloop
  endfacet
  facet normal -1.055290e-01 9.943177e-01 -1.400027e-02
    outer loop
      vertex   2.206127e+02 9.545889e+01 2.500000e+01
      vertex   2.206627e+02 9.546882e+01 2.532812e+01
      vertex   2.210000e+02 9.550000e+01 2.500000e+01
    endloop
  endfacet
  facet normal -9.204197e-02 9.957551e-01 0.000000e+00
    outer loop
      vertex   2.210000e+02 9.550000e+01 2.500000e+01
      vertex   2.206627e+02 9.546882e+01 2.532812e+01
      vertex   2.206627e+02 9.546882e+01 2.565625e+01
    endloop
  endfacet
  facet normal -9.204197e-02 9.957551e-01 0.000000e+00
    outer loop
      vertex   2.210000e+02 9.550000e+01 2.500000e+01
      vertex   2.206627e+02 9.546882e+01 2.565625e+01
      vertex   2.206627e+02 9.546882e+01 2.598437e+01
    endloop
  endfacet
  facet normal -2.741023e-01 9.617006e-01 0.000000e+00
    outer loop
      vertex   2.206627e+02 9.546882e+01 2.598437e+01
      vertex   2.206627e+02 9.546882e+01 2.565625e+01
      vertex   2.203095e+02 9.536815e+01 2.565625e+01
    endloop
  endfacet
  facet normal -2.741023e-01 9.617006e-01 0.000000e+00
    outer loop
      vertex   2.206627e+02 9.546882e+01 2.598437e+01
      vertex   2.203095e+02 9.536815e+01 2.565625e+01
      vertex   2.203095e+02 9.536815e+01 2.598438e+01
    endloop
  endfacet
  facet normal -4.506238e-01 8.927140e-01 0.000000e+00
    outer loop
      vertex   2.203095e+02 9.536815e+01 2.598438e+01
      vertex   2.203095e+02 9.536815e+01 2.565625e+01
      vertex   2.199612e+02 9.519235e+01 2.565625e+01
    endloop
  endfacet
  facet normal -4.506238e-01 8.927140e-01 0.000000e+00
    outer loop
      vertex   2.203095e+02 9.536815e+01 2.598438e+01
      vertex   2.199612e+02 9.519235e+01 2.565625e+01
      vertex   2.199612e+02 9.519235e+01 2.598438e+01
    endloop
  endfacet
  facet normal -6.128453e-01 7.902029e-01 0.000000e+00
    outer loop
      vertex   2.199612e+02 9.519235e+01 2.598438e+01
      vertex   2.199612e+02 9.519235e+01 2.565625e+01
      vertex   2.196422e+02 9.494497e+01 2.565625e+01
    endloop
  endfacet
  facet normal -6.128453e-01 7.902029e-01 0.000000e+00
    outer loop
      vertex   2.199612e+02 9.519235e+01 2.598438e+01
      vertex   2.196422e+02 9.494497e+01 2.565625e+01
      vertex   2.196422e+02 9.494497e+01 2.598437e+01
    endloop
  endfacet
  facet normal -7.578310e-01 6.524509e-01 0.000000e+00
    outer loop
      vertex   2.196422e+02 9.494497e+01 2.598437e+01
      vertex   2.196422e+02 9.494497e+01 2.565625e+01
      vertex   2.193579e+02 9.461467e+01 2.565625e+01
    endloop
  endfacet
  facet normal -7.578310e-01 6.524509e-01 0.000000e+00
    outer loop
      vertex   2.196422e+02 9.494497e+01 2.598437e+01
      vertex   2.193579e+02 9.461467e+01 2.565625e+01
      vertex   2.193579e+02 9.461467e+01 2.598438e+01
    endloop
  endfacet
  facet normal -8.757402e-01 4.827827e-01 0.000000e+00
    outer loop
      vertex   2.193579e+02 9.461467e+01 2.598438e+01
      vertex   2.193579e+02 9.461467e+01 2.565625e+01
      vertex   2.191536e+02 9.424415e+01 2.565625e+01
    endloop
  endfacet
  facet normal -8.757402e-01 4.827827e-01 0.000000e+00
    outer loop
      vertex   2.193579e+02 9.461467e+01 2.598438e+01
      vertex   2.191536e+02 9.424415e+01 2.565625e+01
      vertex   2.191536e+02 9.424415e+01 2.598438e+01
    endloop
  endfacet
  facet normal -9.555633e-01 2.947859e-01 0.000000e+00
    outer loop
      vertex   2.191536e+02 9.424415e+01 2.598438e+01
      vertex   2.191536e+02 9.424415e+01 2.565625e+01
      vertex   2.190362e+02 9.386370e+01 2.565625e+01
    endloop
  endfacet
  facet normal -9.555633e-01 2.947859e-01 0.000000e+00
    outer loop
      vertex   2.191536e+02 9.424415e+01 2.598438e+01
      vertex   2.190362e+02 9.386370e+01 2.565625e+01
      vertex   2.190362e+02 9.386370e+01 2.598437e+01
    endloop
  endfacet
  facet normal -9.950694e-01 9.918098e-02 0.000000e+00
    outer loop
      vertex   2.190362e+02 9.386370e+01 2.598437e+01
      vertex   2.190362e+02 9.386370e+01 2.565625e+01
      vertex   2.190000e+02 9.350000e+01 2.500000e+01
    endloop
  endfacet
  facet normal -9.950694e-01 9.918098e-02 0.000000e+00
    outer loop
      vertex   2.190362e+02 9.386370e+01 2.598437e+01
      vertex   2.190000e+02 9.350000e+01 2.500000e+01
      vertex   2.190362e+02 9.386370e+01 2.631250e+01
    endloop
  endfacet
  facet normal -9.950694e-01 9.918098e-02 0.000000e+00
    outer loop
      vertex   2.190362e+02 9.386370e+01 2.631250e+01
      vertex   2.190000e+02 9.350000e+01 2.500000e+01
      vertex   2.190362e+02 9.386370e+01 2.696875e+01
    endloop
  endfacet
  facet normal -9.555633e-01 2.947859e-01 0.000000e+00
    outer loop
      vertex   2.190362e+02 9.386370e+01 2.631250e+01
      vertex   2.190362e+02 9.386370e+01 2.696875e+01
      vertex   2.191536e+02 9.424415e+01 2.696875e+01
    endloop
  endfacet
  facet normal -9.555633e-01 2.947859e-01 0.000000e+00
    outer loop
      vertex   2.191536e+02 9.424415e+01 2.696875e+01
      vertex   2.190362e+02 9.386370e+01 2.696875e+01
      vertex   2.191536e+02 9.424415e+01 2.762500e+01
    endloop
  endfacet
  facet normal -8.757402e-01 4.827827e-01 0.000000e+00
    outer loop
      vertex   2.191536e+02 9.424415e+01 2.696875e+01
      vertex   2.191536e+02 9.424415e+01 2.762500e+01
      vertex   2.193579e+02 9.461467e+01 2.762500e+01
    endloop
  endfacet
  facet normal -8.757402e-01 4.827827e-01 0.000000e+00
    outer loop
      vertex   2.193579e+02 9.461467e+01 2.762500e+01
      vertex   2.191536e+02 9.424415e+01 2.762500e+01
      vertex   2.193579e+02 9.461467e+01 2.893750e+01
    endloop
  endfacet
  facet normal -7.578310e-01 6.524509e-01 0.000000e+00
    outer loop
      vertex   2.193579e+02 9.461467e+01 2.762500e+01
      vertex   2.193579e+02 9.461467e+01 2.893750e+01
      vertex   2.196422e+02 9.494497e+01 2.893750e+01
    endloop
  endfacet
  facet normal -7.578310e-01 6.524509e-01 0.000000e+00
    outer loop
      vertex   2.196422e+02 9.494497e+01 2.893750e+01
      vertex   2.193579e+02 9.461467e+01 2.893750e+01
      vertex   2.196422e+02 9.494497e+01 3.025000e+01
    endloop
  endfacet
  facet normal -6.128453e-01 7.902029e-01 0.000000e+00
    outer loop
      vertex   2.196422e+02 9.494497e+01 2.893750e+01
      vertex   2.196422e+02 9.494497e+01 3.025000e+01
      vertex   2.199612e+02 9.519235e+01 3.025000e+01
    endloop
  endfacet
  facet normal -6.128453e-01 7.902029e-01 0.000000e+00
    outer loop
      vertex   2.199612e+02 9.519235e+01 3.025000e+01
      vertex   2.196422e+02 9.494497e+01 3.025000e+01
      vertex   2.199612e+02 9.519235e+01 3.287500e+01
    endloop
  endfacet
  facet normal -4.506238e-01 8.927140e-01 0.000000e+00
    outer loop
      vertex   2.199612e+02 9.519235e+01 3.025000e+01
      vertex   2.199612e+02 9.519235e+01 3.287500e+01
      vertex   2.203095e+02 9.536815e+01 3.287500e+01
    endloop
  endfacet
  facet normal -4.506210e-01 8.927085e-01 -3.490544e-03
    outer loop
      vertex   2.203095e+02 9.536815e+01 3.287500e+01
      vertex   2.199612e+02 9.519235e+01 3.287500e+01
      vertex   2.201582e+02 9.530203e+01 3.550000e+01
    endloop
  endfacet
  facet normal -3.481422e-01 9.374351e-01 3.543053e-03
    outer loop
      vertex   2.203095e+02 9.536815e+01 3.287500e+01
      vertex   2.201582e+02 9.530203e+01 3.550000e+01
      vertex   2.205240e+02 9.543789e+01 3.550000e+01
    endloop
  endfacet
  facet normal -2.740802e-01 9.616231e-01 1.268905e-02
    outer loop
      vertex   2.206627e+02 9.546882e+01 2.532812e+01
      vertex   2.206127e+02 9.545889e+01 2.500000e+01
      vertex   2.203095e+02 9.536815e+01 2.532812e+01
    endloop
  endfacet
  facet normal -3.045272e-01 9.523333e-01 -1.801395e-02
    outer loop
      vertex   2.203095e+02 9.536815e+01 2.532812e+01
      vertex   2.206127e+02 9.545889e+01 2.500000e+01
      vertex   2.202410e+02 9.534006e+01 2.500000e+01
    endloop
  endfacet
  facet normal -4.505543e-01 8.925764e-01 1.755711e-02
    outer loop
      vertex   2.203095e+02 9.536815e+01 2.532812e+01
      vertex   2.202410e+02 9.534006e+01 2.500000e+01
      vertex   2.199612e+02 9.519235e+01 2.532812e+01
    endloop
  endfacet
  facet normal -4.826418e-01 8.756444e-01 -1.742902e-02
    outer loop
      vertex   2.199612e+02 9.519235e+01 2.532812e+01
      vertex   2.202410e+02 9.534006e+01 2.500000e+01
      vertex   2.198990e+02 9.515151e+01 2.500000e+01
    endloop
  endfacet
  facet normal -6.127471e-01 7.900762e-01 1.790830e-02
    outer loop
      vertex   2.199612e+02 9.519235e+01 2.532812e+01
      vertex   2.198990e+02 9.515151e+01 2.500000e+01
      vertex   2.196422e+02 9.494497e+01 2.532812e+01
    endloop
  endfacet
  facet normal -6.381415e-01 7.697780e-01 -1.473644e-02
    outer loop
      vertex   2.196422e+02 9.494497e+01 2.532812e+01
      vertex   2.198990e+02 9.515151e+01 2.500000e+01
      vertex   2.195980e+02 9.490204e+01 2.500000e+01
    endloop
  endfacet
  facet normal -7.577248e-01 6.523595e-01 1.673916e-02
    outer loop
      vertex   2.196422e+02 9.494497e+01 2.532812e+01
      vertex   2.195980e+02 9.490204e+01 2.500000e+01
      vertex   2.193579e+02 9.461467e+01 2.532812e+01
    endloop
  endfacet
  facet normal -7.698288e-01 6.382346e-01 -4.490052e-03
    outer loop
      vertex   2.193579e+02 9.461467e+01 2.532812e+01
      vertex   2.195980e+02 9.490204e+01 2.500000e+01
      vertex   2.193485e+02 9.460108e+01 2.500000e+01
    endloop
  endfacet
  facet normal -8.757538e-01 4.827324e-01 4.971282e-03
    outer loop
      vertex   2.193579e+02 9.461467e+01 2.532812e+01
      vertex   2.193485e+02 9.460108e+01 2.500000e+01
      vertex   2.191600e+02 9.425899e+01 2.500000e+01
    endloop
  endfacet
  facet normal -8.757296e-01 4.827769e-01 4.908381e-03
    outer loop
      vertex   2.193579e+02 9.461467e+01 2.532812e+01
      vertex   2.191600e+02 9.425899e+01 2.500000e+01
      vertex   2.191536e+02 9.424415e+01 2.532812e+01
    endloop
  endfacet
  facet normal -9.524727e-01 3.045887e-01 -4.637405e-03
    outer loop
      vertex   2.191536e+02 9.424415e+01 2.532812e+01
      vertex   2.191600e+02 9.425899e+01 2.500000e+01
      vertex   2.190411e+02 9.388734e+01 2.500000e+01
    endloop
  endfacet
  facet normal -9.555394e-01 2.947785e-01 7.081847e-03
    outer loop
      vertex   2.191536e+02 9.424415e+01 2.532812e+01
      vertex   2.190411e+02 9.388734e+01 2.500000e+01
      vertex   2.190362e+02 9.386370e+01 2.532812e+01
    endloop
  endfacet
  facet normal -9.943892e-01 1.055426e-01 -7.126532e-03
    outer loop
      vertex   2.190362e+02 9.386370e+01 2.532812e+01
      vertex   2.190411e+02 9.388734e+01 2.500000e+01
      vertex   2.190000e+02 9.350000e+01 2.500000e+01
    endloop
  endfacet
  facet normal -9.950694e-01 9.918098e-02 0.000000e+00
    outer loop
      vertex   2.190362e+02 9.386370e+01 2.532812e+01
      vertex   2.190000e+02 9.350000e+01 2.500000e+01
      vertex   2.190362e+02 9.386370e+01 2.565625e+01
    endloop
  endfacet
  facet normal -9.950694e-01 9.918098e-02 0.000000e+00
    outer loop
      vertex   2.190362e+02 9.386370e+01 2.696875e+01
      vertex   2.190000e+02 9.350000e+01 2.500000e+01
      vertex   2.190362e+02 9.386370e+01 2.762500e+01
    endloop
  endfacet
  facet normal -9.950694e-01 9.918098e-02 0.000000e+00
    outer loop
      vertex   2.190362e+02 9.386370e+01 2.762500e+01
      vertex   2.190000e+02 9.350000e+01 2.500000e+01
      vertex   2.190000e+02 9.350000e+01 3.025000e+01
    endloop
  endfacet
  facet normal -9.950694e-01 9.918098e-02 0.000000e+00
    outer loop
      vertex   2.190362e+02 9.386370e+01 2.762500e+01
      vertex   2.190000e+02 9.350000e+01 3.025000e+01
      vertex   2.190362e+02 9.386370e+01 2.893750e+01
    endloop
  endfacet
  facet normal -9.950694e-01 9.918098e-02 0.000000e+00
    outer loop
      vertex   2.190362e+02 9.386370e+01 2.893750e+01
      vertex   2.190000e+02 9.350000e+01 3.025000e+01
      vertex   2.190362e+02 9.386370e+01 3.025000e+01
    endloop
  endfacet
  facet normal -9.555633e-01 2.947859e-01 0.000000e+00
    outer loop
      vertex   2.190362e+02 9.386370e+01 2.893750e+01
      vertex   2.190362e+02 9.386370e+01 3.025000e+01
      vertex   2.191536e+02 9.424415e+01 3.025000e+01
    endloop
  endfacet
  facet normal -9.555633e-01 2.947859e-01 0.000000e+00
    outer loop
      vertex   2.191536e+02 9.424415e+01 3.025000e+01
      vertex   2.190362e+02 9.386370e+01 3.025000e+01
      vertex   2.191536e+02 9.424415e+01 3.287500e+01
    endloop
  endfacet
  facet normal -8.757402e-01 4.827827e-01 0.000000e+00
    outer loop
      vertex   2.191536e+02 9.424415e+01 3.025000e+01
      vertex   2.191536e+02 9.424415e+01 3.287500e+01
      vertex   2.193579e+02 9.461467e+01 3.287500e+01
    endloop
  endfacet
  facet normal -8.757355e-01 4.827802e-01 -3.247658e-03
    outer loop
      vertex   2.193579e+02 9.461467e+01 3.287500e+01
      vertex   2.191536e+02 9.424415e+01 3.287500e+01
      vertex   2.191978e+02 9.434199e+01 3.550000e+01
    endloop
  endfacet
  facet normal -8.591680e-01 5.116931e-01 7.659667e-04
    outer loop
      vertex   2.193579e+02 9.461467e+01 3.287500e+01
      vertex   2.191978e+02 9.434199e+01 3.550000e+01
      vertex   2.193785e+02 9.464538e+01 3.550000e+01
    endloop
  endfacet
  facet normal -9.979887e-01 6.339203e-02 0.000000e+00
    outer loop
      vertex   2.190000e+02 9.350000e+01 3.550000e+01
      vertex   2.190165e+02 9.375915e+01 3.550000e+01
      vertex   2.190000e+02 9.350000e+01 3.025000e+01
    endloop
  endfacet
  facet normal -9.929105e-01 1.188329e-01 -2.752642e-03
    outer loop
      vertex   2.190000e+02 9.350000e+01 3.025000e+01
      vertex   2.190165e+02 9.375915e+01 3.550000e+01
      vertex   2.190362e+02 9.386370e+01 3.287500e+01
    endloop
  endfacet
  facet normal -9.950694e-01 9.918098e-02 0.000000e+00
    outer loop
      vertex   2.190000e+02 9.350000e+01 3.025000e+01
      vertex   2.190362e+02 9.386370e+01 3.287500e+01
      vertex   2.190362e+02 9.386370e+01 3.025000e+01
    endloop
  endfacet
  facet normal -9.555633e-01 2.947859e-01 0.000000e+00
    outer loop
      vertex   2.190362e+02 9.386370e+01 3.025000e+01
      vertex   2.190362e+02 9.386370e+01 3.287500e+01
      vertex   2.191536e+02 9.424415e+01 3.287500e+01
    endloop
  endfacet
  facet normal -9.805375e-01 1.963313e-01 4.271662e-04
    outer loop
      vertex   2.190165e+02 9.375915e+01 3.550000e+01
      vertex   2.190603e+02 9.397808e+01 3.550000e+01
      vertex   2.190362e+02 9.386370e+01 3.287500e+01
    endloop
  endfacet
  facet normal -9.555553e-01 2.947834e-01 -4.091688e-03
    outer loop
      vertex   2.190362e+02 9.386370e+01 3.287500e+01
      vertex   2.190603e+02 9.397808e+01 3.550000e+01
      vertex   2.191536e+02 9.424415e+01 3.287500e+01
    endloop
  endfacet
  facet normal -9.354273e-01 3.535097e-01 2.576180e-03
    outer loop
      vertex   2.190603e+02 9.397808e+01 3.550000e+01
      vertex   2.191978e+02 9.434199e+01 3.550000e+01
      vertex   2.191536e+02 9.424415e+01 3.287500e+01
    endloop
  endfacet
  facet normal -7.599421e-01 6.499888e-01 -1.631905e-03
    outer loop
      vertex   2.193785e+02 9.464538e+01 3.550000e+01
      vertex   2.195980e+02 9.490200e+01 3.550000e+01
      vertex   2.193579e+02 9.461467e+01 3.287500e+01
    endloop
  endfacet
  facet normal -7.578293e-01 6.524495e-01 -2.094507e-03
    outer loop
      vertex   2.193579e+02 9.461467e+01 3.287500e+01
      vertex   2.195980e+02 9.490200e+01 3.550000e+01
      vertex   2.196422e+02 9.494497e+01 3.287500e+01
    endloop
  endfacet
  facet normal -7.578310e-01 6.524509e-01 0.000000e+00
    outer loop
      vertex   2.193579e+02 9.461467e+01 3.287500e+01
      vertex   2.196422e+02 9.494497e+01 3.287500e+01
      vertex   2.193579e+02 9.461467e+01 3.025000e+01
    endloop
  endfacet
  facet normal -7.578310e-01 6.524509e-01 0.000000e+00
    outer loop
      vertex   2.193579e+02 9.461467e+01 3.025000e+01
      vertex   2.196422e+02 9.494497e+01 3.287500e+01
      vertex   2.196422e+02 9.494497e+01 3.025000e+01
    endloop
  endfacet
  facet normal -7.578310e-01 6.524509e-01 0.000000e+00
    outer loop
      vertex   2.193579e+02 9.461467e+01 3.025000e+01
      vertex   2.196422e+02 9.494497e+01 3.025000e+01
      vertex   2.193579e+02 9.461467e+01 2.893750e+01
    endloop
  endfacet
  facet normal -6.488523e-01 7.609128e-01 1.517889e-03
    outer loop
      vertex   2.195980e+02 9.490200e+01 3.550000e+01
      vertex   2.198550e+02 9.512116e+01 3.550000e+01
      vertex   2.196422e+02 9.494497e+01 3.287500e+01
    endloop
  endfacet
  facet normal -6.128419e-01 7.901984e-01 -3.366426e-03
    outer loop
      vertex   2.196422e+02 9.494497e+01 3.287500e+01
      vertex   2.198550e+02 9.512116e+01 3.550000e+01
      vertex   2.199612e+02 9.519235e+01 3.287500e+01
    endloop
  endfacet
  facet normal -6.128453e-01 7.902029e-01 0.000000e+00
    outer loop
      vertex   2.196422e+02 9.494497e+01 3.287500e+01
      vertex   2.199612e+02 9.519235e+01 3.287500e+01
      vertex   2.196422e+02 9.494497e+01 3.025000e+01
    endloop
  endfacet
  facet normal -5.123556e-01 8.587696e-01 2.559366e-03
    outer loop
      vertex   2.198550e+02 9.512116e+01 3.550000e+01
      vertex   2.201582e+02 9.530203e+01 3.550000e+01
      vertex   2.199612e+02 9.519235e+01 3.287500e+01
    endloop
  endfacet
  facet normal -2.741009e-01 9.616958e-01 -3.152444e-03
    outer loop
      vertex   2.203095e+02 9.536815e+01 3.287500e+01
      vertex   2.205240e+02 9.543789e+01 3.550000e+01
      vertex   2.206627e+02 9.546882e+01 3.287500e+01
    endloop
  endfacet
  facet normal -1.983101e-01 9.801387e-01 1.069594e-03
    outer loop
      vertex   2.206627e+02 9.546882e+01 3.287500e+01
      vertex   2.205240e+02 9.543789e+01 3.550000e+01
      vertex   2.207425e+02 9.548210e+01 3.550000e+01
    endloop
  endfacet
  facet normal -6.934390e-02 9.975885e-01 -2.938272e-03
    outer loop
      vertex   2.206627e+02 9.546882e+01 3.287500e+01
      vertex   2.207425e+02 9.548210e+01 3.550000e+01
      vertex   2.210000e+02 9.550000e+01 3.550000e+01
    endloop
  endfacet
  facet normal -9.204197e-02 9.957551e-01 0.000000e+00
    outer loop
      vertex   2.210000e+02 9.550000e+01 3.550000e+01
      vertex   2.210000e+02 9.550000e+01 3.025000e+01
      vertex   2.206627e+02 9.546882e+01 3.287500e+01
    endloop
  endfacet
  facet normal -9.204197e-02 9.957551e-01 0.000000e+00
    outer loop
      vertex   2.206627e+02 9.546882e+01 3.287500e+01
      vertex   2.210000e+02 9.550000e+01 3.025000e+01
      vertex   2.206627e+02 9.546882e+01 3.025000e+01
    endloop
  endfacet
  facet normal -2.741023e-01 9.617006e-01 0.000000e+00
    outer loop
      vertex   2.206627e+02 9.546882e+01 3.287500e+01
      vertex   2.206627e+02 9.546882e+01 3.025000e+01
      vertex   2.203095e+02 9.536815e+01 3.025000e+01
    endloop
  endfacet
  facet normal -2.741023e-01 9.617006e-01 0.000000e+00
    outer loop
      vertex   2.203095e+02 9.536815e+01 3.025000e+01
      vertex   2.206627e+02 9.546882e+01 3.025000e+01
      vertex   2.203095e+02 9.536815e+01 2.893750e+01
    endloop
  endfacet
  facet normal -4.506238e-01 8.927140e-01 0.000000e+00
    outer loop
      vertex   2.203095e+02 9.536815e+01 3.025000e+01
      vertex   2.203095e+02 9.536815e+01 2.893750e+01
      vertex   2.199612e+02 9.519235e+01 2.893750e+01
    endloop
  endfacet
  facet normal -4.506238e-01 8.927140e-01 0.000000e+00
    outer loop
      vertex   2.199612e+02 9.519235e+01 2.893750e+01
      vertex   2.203095e+02 9.536815e+01 2.893750e+01
      vertex   2.199612e+02 9.519235e+01 2.762500e+01
    endloop
  endfacet
  facet normal -6.128453e-01 7.902029e-01 0.000000e+00
    outer loop
      vertex   2.199612e+02 9.519235e+01 2.893750e+01
      vertex   2.199612e+02 9.519235e+01 2.762500e+01
      vertex   2.196422e+02 9.494497e+01 2.762500e+01
    endloop
  endfacet
  facet normal -6.128453e-01 7.902029e-01 0.000000e+00
    outer loop
      vertex   2.196422e+02 9.494497e+01 2.762500e+01
      vertex   2.199612e+02 9.519235e+01 2.762500e+01
      vertex   2.196422e+02 9.494497e+01 2.696875e+01
    endloop
  endfacet
  facet normal -7.578310e-01 6.524509e-01 0.000000e+00
    outer loop
      vertex   2.196422e+02 9.494497e+01 2.762500e+01
      vertex   2.196422e+02 9.494497e+01 2.696875e+01
      vertex   2.193579e+02 9.461467e+01 2.696875e+01
    endloop
  endfacet
  facet normal -7.578310e-01 6.524509e-01 0.000000e+00
    outer loop
      vertex   2.193579e+02 9.461467e+01 2.696875e+01
      vertex   2.196422e+02 9.494497e+01 2.696875e+01
      vertex   2.193579e+02 9.461467e+01 2.631250e+01
    endloop
  endfacet
  facet normal -8.757402e-01 4.827827e-01 0.000000e+00
    outer loop
      vertex   2.193579e+02 9.461467e+01 2.696875e+01
      vertex   2.193579e+02 9.461467e+01 2.631250e+01
      vertex   2.191536e+02 9.424415e+01 2.631250e+01
    endloop
  endfacet
  facet normal -8.757402e-01 4.827827e-01 0.000000e+00
    outer loop
      vertex   2.191536e+02 9.424415e+01 2.631250e+01
      vertex   2.193579e+02 9.461467e+01 2.631250e+01
      vertex   2.191536e+02 9.424415e+01 2.598438e+01
    endloop
  endfacet
  facet normal -9.555633e-01 2.947859e-01 0.000000e+00
    outer loop
      vertex   2.191536e+02 9.424415e+01 2.631250e+01
      vertex   2.191536e+02 9.424415e+01 2.598438e+01
      vertex   2.190362e+02 9.386370e+01 2.598437e+01
    endloop
  endfacet
  facet normal -9.204197e-02 9.957551e-01 0.000000e+00
    outer loop
      vertex   2.210000e+02 9.550000e+01 2.500000e+01
      vertex   2.206627e+02 9.546882e+01 2.762500e+01
      vertex   2.210000e+02 9.550000e+01 3.025000e+01
    endloop
  endfacet
  facet normal -9.204197e-02 9.957551e-01 0.000000e+00
    outer loop
      vertex   2.210000e+02 9.550000e+01 3.025000e+01
      vertex   2.206627e+02 9.546882e+01 2.762500e+01
      vertex   2.206627e+02 9.546882e+01 2.893750e+01
    endloop
  endfacet
  facet normal -9.204197e-02 9.957551e-01 0.000000e+00
    outer loop
      vertex   2.210000e+02 9.550000e+01 3.025000e+01
      vertex   2.206627e+02 9.546882e+01 2.893750e+01
      vertex   2.206627e+02 9.546882e+01 3.025000e+01
    endloop
  endfacet
  facet normal -2.741023e-01 9.617006e-01 0.000000e+00
    outer loop
      vertex   2.206627e+02 9.546882e+01 3.025000e+01
      vertex   2.206627e+02 9.546882e+01 2.893750e+01
      vertex   2.203095e+02 9.536815e+01 2.893750e+01
    endloop
  endfacet
  facet normal -9.204197e-02 9.957551e-01 0.000000e+00
    outer loop
      vertex   2.210000e+02 9.550000e+01 2.500000e+01
      vertex   2.206627e+02 9.546882e+01 2.631250e+01
      vertex   2.206627e+02 9.546882e+01 2.696875e+01
    endloop
  endfacet
  facet normal -2.741023e-01 9.617006e-01 0.000000e+00
    outer loop
      vertex   2.206627e+02 9.546882e+01 2.696875e+01
      vertex   2.206627e+02 9.546882e+01 2.631250e+01
      vertex   2.203095e+02 9.536815e+01 2.631250e+01
    endloop
  endfacet
  facet normal -2.741023e-01 9.617006e-01 0.000000e+00
    outer loop
      vertex   2.206627e+02 9.546882e+01 2.696875e+01
      vertex   2.203095e+02 9.536815e+01 2.631250e+01
      vertex   2.203095e+02 9.536815e+01 2.696875e+01
    endloop
  endfacet
  facet normal -4.506238e-01 8.927140e-01 0.000000e+00
    outer loop
      vertex   2.203095e+02 9.536815e+01 2.696875e+01
      vertex   2.203095e+02 9.536815e+01 2.631250e+01
      vertex   2.199612e+02 9.519235e+01 2.631250e+01
    endloop
  endfacet
  facet normal -4.506238e-01 8.927140e-01 0.000000e+00
    outer loop
      vertex   2.203095e+02 9.536815e+01 2.696875e+01
      vertex   2.199612e+02 9.519235e+01 2.631250e+01
      vertex   2.199612e+02 9.519235e+01 2.696875e+01
    endloop
  endfacet
  facet normal -6.128453e-01 7.902029e-01 0.000000e+00
    outer loop
      vertex   2.199612e+02 9.519235e+01 2.696875e+01
      vertex   2.199612e+02 9.519235e+01 2.631250e+01
      vertex   2.196422e+02 9.494497e+01 2.631250e+01
    endloop
  endfacet
  facet normal -6.128453e-01 7.902029e-01 0.000000e+00
    outer loop
      vertex   2.199612e+02 9.519235e+01 2.696875e+01
      vertex   2.196422e+02 9.494497e+01 2.631250e+01
      vertex   2.196422e+02 9.494497e+01 2.696875e+01
    endloop
  endfacet
  facet normal -7.578310e-01 6.524509e-01 0.000000e+00
    outer loop
      vertex   2.196422e+02 9.494497e+01 2.696875e+01
      vertex   2.196422e+02 9.494497e+01 2.631250e+01
      vertex   2.193579e+02 9.461467e+01 2.631250e+01
    endloop
  endfacet
  facet normal -9.204197e-02 9.957551e-01 0.000000e+00
    outer loop
      vertex   2.210000e+02 9.550000e+01 2.500000e+01
      vertex   2.206627e+02 9.546882e+01 2.696875e+01
      vertex   2.206627e+02 9.546882e+01 2.762500e+01
    endloop
  endfacet
  facet normal -2.741023e-01 9.617006e-01 0.000000e+00
    outer loop
      vertex   2.206627e+02 9.546882e+01 2.762500e+01
      vertex   2.206627e+02 9.546882e+01 2.696875e+01
      vertex   2.203095e+02 9.536815e+01 2.696875e+01
    endloop
  endfacet
  facet normal -2.741023e-01 9.617006e-01 0.000000e+00
    outer loop
      vertex   2.206627e+02 9.546882e+01 2.762500e+01
      vertex   2.203095e+02 9.536815e+01 2.696875e+01
      vertex   2.203095e+02 9.536815e+01 2.762500e+01
    endloop
  endfacet
  facet normal -4.506238e-01 8.927140e-01 0.000000e+00
    outer loop
      vertex   2.203095e+02 9.536815e+01 2.762500e+01
      vertex   2.203095e+02 9.536815e+01 2.696875e+01
      vertex   2.199612e+02 9.519235e+01 2.696875e+01
    endloop
  endfacet
  facet normal -4.506238e-01 8.927140e-01 0.000000e+00
    outer loop
      vertex   2.203095e+02 9.536815e+01 2.762500e+01
      vertex   2.199612e+02 9.519235e+01 2.696875e+01
      vertex   2.199612e+02 9.519235e+01 2.762500e+01
    endloop
  endfacet
  facet normal -6.128453e-01 7.902029e-01 0.000000e+00
    outer loop
      vertex   2.199612e+02 9.519235e+01 2.762500e+01
      vertex   2.199612e+02 9.519235e+01 2.696875e+01
      vertex   2.196422e+02 9.494497e+01 2.696875e+01
    endloop
  endfacet
  facet normal -9.555633e-01 2.947859e-01 0.000000e+00
    outer loop
      vertex   2.191536e+02 9.424415e+01 2.631250e+01
      vertex   2.190362e+02 9.386370e+01 2.598437e+01
      vertex   2.190362e+02 9.386370e+01 2.631250e+01
    endloop
  endfacet
  facet normal -9.555633e-01 2.947859e-01 0.000000e+00
    outer loop
      vertex   2.190362e+02 9.386370e+01 2.565625e+01
      vertex   2.191536e+02 9.424415e+01 2.565625e+01
      vertex   2.190362e+02 9.386370e+01 2.532812e+01
    endloop
  endfacet
  facet normal -9.555633e-01 2.947859e-01 0.000000e+00
    outer loop
      vertex   2.190362e+02 9.386370e+01 2.532812e+01
      vertex   2.191536e+02 9.424415e+01 2.565625e+01
      vertex   2.191536e+02 9.424415e+01 2.532812e+01
    endloop
  endfacet
  facet normal -8.757402e-01 4.827827e-01 0.000000e+00
    outer loop
      vertex   2.191536e+02 9.424415e+01 2.565625e+01
      vertex   2.193579e+02 9.461467e+01 2.565625e+01
      vertex   2.191536e+02 9.424415e+01 2.532812e+01
    endloop
  endfacet
  facet normal -8.757402e-01 4.827827e-01 0.000000e+00
    outer loop
      vertex   2.191536e+02 9.424415e+01 2.532812e+01
      vertex   2.193579e+02 9.461467e+01 2.565625e+01
      vertex   2.193579e+02 9.461467e+01 2.532812e+01
    endloop
  endfacet
  facet normal -7.578310e-01 6.524509e-01 0.000000e+00
    outer loop
      vertex   2.193579e+02 9.461467e+01 2.565625e+01
      vertex   2.196422e+02 9.494497e+01 2.565625e+01
      vertex   2.193579e+02 9.461467e+01 2.532812e+01
    endloop
  endfacet
  facet normal -7.578310e-01 6.524509e-01 0.000000e+00
    outer loop
      vertex   2.193579e+02 9.461467e+01 2.532812e+01
      vertex   2.196422e+02 9.494497e+01 2.565625e+01
      vertex   2.196422e+02 9.494497e+01 2.532812e+01
    endloop
  endfacet
  facet normal -6.128453e-01 7.902029e-01 0.000000e+00
    outer loop
      vertex   2.196422e+02 9.494497e+01 2.565625e+01
      vertex   2.199612e+02 9.519235e+01 2.565625e+01
      vertex   2.196422e+02 9.494497e+01 2.532812e+01
    endloop
  endfacet
  facet normal -6.128453e-01 7.902029e-01 0.000000e+00
    outer loop
      vertex   2.196422e+02 9.494497e+01 2.532812e+01
      vertex   2.199612e+02 9.519235e+01 2.565625e+01
      vertex   2.199612e+02 9.519235e+01 2.532812e+01
    endloop
  endfacet
  facet normal -2.741023e-01 9.617006e-01 0.000000e+00
    outer loop
      vertex   2.206627e+02 9.546882e+01 2.565625e+01
      vertex   2.206627e+02 9.546882e+01 2.532812e+01
      vertex   2.203095e+02 9.536815e+01 2.532812e+01
    endloop
  endfacet
  facet normal -4.506238e-01 8.927140e-01 0.000000e+00
    outer loop
      vertex   2.199612e+02 9.519235e+01 2.565625e+01
      vertex   2.203095e+02 9.536815e+01 2.565625e+01
      vertex   2.199612e+02 9.519235e+01 2.532812e+01
    endloop
  endfacet
  facet normal -4.506238e-01 8.927140e-01 0.000000e+00
    outer loop
      vertex   2.199612e+02 9.519235e+01 2.532812e+01
      vertex   2.203095e+02 9.536815e+01 2.565625e+01
      vertex   2.203095e+02 9.536815e+01 2.532812e+01
    endloop
  endfacet
  facet normal -9.204197e-02 9.957551e-01 0.000000e+00
    outer loop
      vertex   2.206627e+02 9.546882e+01 2.631250e+01
      vertex   2.210000e+02 9.550000e+01 2.500000e+01
      vertex   2.206627e+02 9.546882e+01 2.598437e+01
    endloop
  endfacet
  facet normal -2.741023e-01 9.617006e-01 0.000000e+00
    outer loop
      vertex   2.203095e+02 9.536815e+01 2.565625e+01
      vertex   2.206627e+02 9.546882e+01 2.565625e+01
      vertex   2.203095e+02 9.536815e+01 2.532812e+01
    endloop
  endfacet
  facet normal -8.757402e-01 4.827827e-01 0.000000e+00
    outer loop
      vertex   2.191536e+02 9.424415e+01 3.025000e+01
      vertex   2.193579e+02 9.461467e+01 3.287500e+01
      vertex   2.193579e+02 9.461467e+01 3.025000e+01
    endloop
  endfacet
  facet normal -4.506238e-01 8.927140e-01 0.000000e+00
    outer loop
      vertex   2.199612e+02 9.519235e+01 3.025000e+01
      vertex   2.203095e+02 9.536815e+01 3.287500e+01
      vertex   2.203095e+02 9.536815e+01 3.025000e+01
    endloop
  endfacet
  facet normal -2.741023e-01 9.617006e-01 0.000000e+00
    outer loop
      vertex   2.203095e+02 9.536815e+01 3.025000e+01
      vertex   2.203095e+02 9.536815e+01 3.287500e+01
      vertex   2.206627e+02 9.546882e+01 3.287500e+01
    endloop
  endfacet
  facet normal -6.128453e-01 7.902029e-01 0.000000e+00
    outer loop
      vertex   2.196422e+02 9.494497e+01 2.893750e+01
      vertex   2.199612e+02 9.519235e+01 3.025000e+01
      vertex   2.199612e+02 9.519235e+01 2.893750e+01
    endloop
  endfacet
  facet normal -4.506238e-01 8.927140e-01 0.000000e+00
    outer loop
      vertex   2.199612e+02 9.519235e+01 2.893750e+01
      vertex   2.199612e+02 9.519235e+01 3.025000e+01
      vertex   2.203095e+02 9.536815e+01 3.025000e+01
    endloop
  endfacet
  facet normal -8.757402e-01 4.827827e-01 0.000000e+00
    outer loop
      vertex   2.191536e+02 9.424415e+01 3.025000e+01
      vertex   2.193579e+02 9.461467e+01 3.025000e+01
      vertex   2.191536e+02 9.424415e+01 2.893750e+01
    endloop
  endfacet
  facet normal -8.757402e-01 4.827827e-01 0.000000e+00
    outer loop
      vertex   2.191536e+02 9.424415e+01 2.893750e+01
      vertex   2.193579e+02 9.461467e+01 3.025000e+01
      vertex   2.193579e+02 9.461467e+01 2.893750e+01
    endloop
  endfacet
  facet normal -8.757402e-01 4.827827e-01 0.000000e+00
    outer loop
      vertex   2.191536e+02 9.424415e+01 2.893750e+01
      vertex   2.193579e+02 9.461467e+01 2.893750e+01
      vertex   2.191536e+02 9.424415e+01 2.762500e+01
    endloop
  endfacet
  facet normal -2.741023e-01 9.617006e-01 0.000000e+00
    outer loop
      vertex   2.206627e+02 9.546882e+01 2.762500e+01
      vertex   2.203095e+02 9.536815e+01 2.762500e+01
      vertex   2.206627e+02 9.546882e+01 2.893750e+01
    endloop
  endfacet
  facet normal -2.741023e-01 9.617006e-01 0.000000e+00
    outer loop
      vertex   2.206627e+02 9.546882e+01 2.893750e+01
      vertex   2.203095e+02 9.536815e+01 2.762500e+01
      vertex   2.203095e+02 9.536815e+01 2.893750e+01
    endloop
  endfacet
  facet normal -4.506238e-01 8.927140e-01 0.000000e+00
    outer loop
      vertex   2.203095e+02 9.536815e+01 2.762500e+01
      vertex   2.199612e+02 9.519235e+01 2.762500e+01
      vertex   2.203095e+02 9.536815e+01 2.893750e+01
    endloop
  endfacet
  facet normal -7.578310e-01 6.524509e-01 0.000000e+00
    outer loop
      vertex   2.193579e+02 9.461467e+01 2.762500e+01
      vertex   2.196422e+02 9.494497e+01 2.893750e+01
      vertex   2.196422e+02 9.494497e+01 2.762500e+01
    endloop
  endfacet
  facet normal -6.128453e-01 7.902029e-01 0.000000e+00
    outer loop
      vertex   2.196422e+02 9.494497e+01 2.762500e+01
      vertex   2.196422e+02 9.494497e+01 2.893750e+01
      vertex   2.199612e+02 9.519235e+01 2.893750e+01
    endloop
  endfacet
  facet normal -9.555633e-01 2.947859e-01 0.000000e+00
    outer loop
      vertex   2.190362e+02 9.386370e+01 2.762500e+01
      vertex   2.190362e+02 9.386370e+01 2.893750e+01
      vertex   2.191536e+02 9.424415e+01 2.893750e+01
    endloop
  endfacet
  facet normal -9.555633e-01 2.947859e-01 0.000000e+00
    outer loop
      vertex   2.191536e+02 9.424415e+01 2.893750e+01
      vertex   2.190362e+02 9.386370e+01 2.893750e+01
      vertex   2.191536e+02 9.424415e+01 3.025000e+01
    endloop
  endfacet
  facet normal -9.555633e-01 2.947859e-01 0.000000e+00
    outer loop
      vertex   2.190362e+02 9.386370e+01 2.762500e+01
      vertex   2.191536e+02 9.424415e+01 2.893750e+01
      vertex   2.191536e+02 9.424415e+01 2.762500e+01
    endloop
  endfacet
  facet normal -8.757402e-01 4.827827e-01 0.000000e+00
    outer loop
      vertex   2.191536e+02 9.424415e+01 2.598438e+01
      vertex   2.193579e+02 9.461467e+01 2.631250e+01
      vertex   2.193579e+02 9.461467e+01 2.598438e+01
    endloop
  endfacet
  facet normal -7.578310e-01 6.524509e-01 0.000000e+00
    outer loop
      vertex   2.193579e+02 9.461467e+01 2.598438e+01
      vertex   2.193579e+02 9.461467e+01 2.631250e+01
      vertex   2.196422e+02 9.494497e+01 2.631250e+01
    endloop
  endfacet
  facet normal -7.578310e-01 6.524509e-01 0.000000e+00
    outer loop
      vertex   2.193579e+02 9.461467e+01 2.598438e+01
      vertex   2.196422e+02 9.494497e+01 2.631250e+01
      vertex   2.196422e+02 9.494497e+01 2.598437e+01
    endloop
  endfacet
  facet normal -6.128453e-01 7.902029e-01 0.000000e+00
    outer loop
      vertex   2.196422e+02 9.494497e+01 2.598437e+01
      vertex   2.196422e+02 9.494497e+01 2.631250e+01
      vertex   2.199612e+02 9.519235e+01 2.631250e+01
    endloop
  endfacet
  facet normal -6.128453e-01 7.902029e-01 0.000000e+00
    outer loop
      vertex   2.196422e+02 9.494497e+01 2.598437e+01
      vertex   2.199612e+02 9.519235e+01 2.631250e+01
      vertex   2.199612e+02 9.519235e+01 2.598438e+01
    endloop
  endfacet
  facet normal -4.506238e-01 8.927140e-01 0.000000e+00
    outer loop
      vertex   2.199612e+02 9.519235e+01 2.598438e+01
      vertex   2.199612e+02 9.519235e+01 2.631250e+01
      vertex   2.203095e+02 9.536815e+01 2.631250e+01
    endloop
  endfacet
  facet normal -4.506238e-01 8.927140e-01 0.000000e+00
    outer loop
      vertex   2.199612e+02 9.519235e+01 2.598438e+01
      vertex   2.203095e+02 9.536815e+01 2.631250e+01
      vertex   2.203095e+02 9.536815e+01 2.598438e+01
    endloop
  endfacet
  facet normal -2.741023e-01 9.617006e-01 0.000000e+00
    outer loop
      vertex   2.203095e+02 9.536815e+01 2.598438e+01
      vertex   2.203095e+02 9.536815e+01 2.631250e+01
      vertex   2.206627e+02 9.546882e+01 2.631250e+01
    endloop
  endfacet
  facet normal -2.741023e-01 9.617006e-01 0.000000e+00
    outer loop
      vertex   2.203095e+02 9.536815e+01 2.598438e+01
      vertex   2.206627e+02 9.546882e+01 2.631250e+01
      vertex   2.206627e+02 9.546882e+01 2.598437e+01
    endloop
  endfacet
  facet normal -8.757402e-01 4.827827e-01 0.000000e+00
    outer loop
      vertex   2.193579e+02 9.461467e+01 2.696875e+01
      vertex   2.191536e+02 9.424415e+01 2.631250e+01
      vertex   2.191536e+02 9.424415e+01 2.696875e+01
    endloop
  endfacet
  facet normal -9.555633e-01 2.947859e-01 0.000000e+00
    outer loop
      vertex   2.191536e+02 9.424415e+01 2.696875e+01
      vertex   2.191536e+02 9.424415e+01 2.631250e+01
      vertex   2.190362e+02 9.386370e+01 2.631250e+01
    endloop
  endfacet
  facet normal -9.555633e-01 2.947859e-01 0.000000e+00
    outer loop
      vertex   2.190362e+02 9.386370e+01 2.762500e+01
      vertex   2.191536e+02 9.424415e+01 2.762500e+01
      vertex   2.190362e+02 9.386370e+01 2.696875e+01
    endloop
  endfacet
  facet normal -7.578310e-01 6.524509e-01 0.000000e+00
    outer loop
      vertex   2.196422e+02 9.494497e+01 2.762500e+01
      vertex   2.193579e+02 9.461467e+01 2.696875e+01
      vertex   2.193579e+02 9.461467e+01 2.762500e+01
    endloop
  endfacet
  facet normal -8.757402e-01 4.827827e-01 0.000000e+00
    outer loop
      vertex   2.193579e+02 9.461467e+01 2.762500e+01
      vertex   2.193579e+02 9.461467e+01 2.696875e+01
      vertex   2.191536e+02 9.424415e+01 2.696875e+01
    endloop
  endfacet
  facet normal 0.000000e+00 1.119645e-01 9.937122e-01
    outer loop
      vertex   2.770000e+02 9.433378e+01 3.696239e+01
      vertex   2.700000e+02 9.433378e+01 3.696239e+01
      vertex   2.770000e+02 9.400000e+01 3.700000e+01
    endloop
  endfacet
  facet normal 0.000000e+00 1.119645e-01 9.937122e-01
    outer loop
      vertex   2.770000e+02 9.400000e+01 3.700000e+01
      vertex   2.700000e+02 9.433378e+01 3.696239e+01
      vertex   2.630000e+02 9.433378e+01 3.696239e+01
    endloop
  endfacet
  facet normal 0.000000e+00 1.119645e-01 9.937122e-01
    outer loop
      vertex   2.770000e+02 9.400000e+01 3.700000e+01
      vertex   2.630000e+02 9.433378e+01 3.696239e+01
      vertex   2.560000e+02 9.433378e+01 3.696239e+01
    endloop
  endfacet
  facet normal -0.000000e+00 3.302791e-01 9.438833e-01
    outer loop
      vertex   2.560000e+02 9.433378e+01 3.696239e+01
      vertex   2.630000e+02 9.433378e+01 3.696239e+01
      vertex   2.560000e+02 9.465083e+01 3.685145e+01
    endloop
  endfacet
  facet normal 0.000000e+00 3.302791e-01 9.438833e-01
    outer loop
      vertex   2.560000e+02 9.433378e+01 3.696239e+01
      vertex   2.560000e+02 9.465083e+01 3.685145e+01
      vertex   2.490000e+02 9.465083e+01 3.685145e+01
    endloop
  endfacet
  facet normal -0.000000e+00 5.320321e-01 8.467242e-01
    outer loop
      vertex   2.490000e+02 9.465083e+01 3.685145e+01
      vertex   2.560000e+02 9.465083e+01 3.685145e+01
      vertex   2.490000e+02 9.493523e+01 3.667275e+01
    endloop
  endfacet
  facet normal 0.000000e+00 5.320321e-01 8.467242e-01
    outer loop
      vertex   2.490000e+02 9.465083e+01 3.685145e+01
      vertex   2.490000e+02 9.493523e+01 3.667275e+01
      vertex   2.420000e+02 9.493523e+01 3.667275e+01
    endloop
  endfacet
  facet normal -0.000000e+00 7.071068e-01 7.071068e-01
    outer loop
      vertex   2.420000e+02 9.493523e+01 3.667275e+01
      vertex   2.490000e+02 9.493523e+01 3.667275e+01
      vertex   2.420000e+02 9.517275e+01 3.643523e+01
    endloop
  endfacet
  facet normal 0.000000e+00 7.071068e-01 7.071068e-01
    outer loop
      vertex   2.420000e+02 9.493523e+01 3.667275e+01
      vertex   2.420000e+02 9.517275e+01 3.643523e+01
      vertex   2.350000e+02 9.517275e+01 3.643523e+01
    endloop
  endfacet
  facet normal -0.000000e+00 8.467242e-01 5.320321e-01
    outer loop
      vertex   2.350000e+02 9.517275e+01 3.643523e+01
      vertex   2.420000e+02 9.517275e+01 3.643523e+01
      vertex   2.350000e+02 9.535145e+01 3.615083e+01
    endloop
  endfacet
  facet normal 0.000000e+00 8.467242e-01 5.320321e-01
    outer loop
      vertex   2.350000e+02 9.517275e+01 3.643523e+01
      vertex   2.350000e+02 9.535145e+01 3.615083e+01
      vertex   2.280000e+02 9.535145e+01 3.615083e+01
    endloop
  endfacet
  facet normal -0.000000e+00 9.438833e-01 3.302791e-01
    outer loop
      vertex   2.280000e+02 9.535145e+01 3.615083e+01
      vertex   2.350000e+02 9.535145e+01 3.615083e+01
      vertex   2.280000e+02 9.546239e+01 3.583378e+01
    endloop
  endfacet
  facet normal 0.000000e+00 9.438833e-01 3.302791e-01
    outer loop
      vertex   2.280000e+02 9.535145e+01 3.615083e+01
      vertex   2.280000e+02 9.546239e+01 3.583378e+01
      vertex   2.210000e+02 9.546239e+01 3.583378e+01
    endloop
  endfacet
  facet normal -0.000000e+00 9.937122e-01 1.119645e-01
    outer loop
      vertex   2.210000e+02 9.546239e+01 3.583378e+01
      vertex   2.280000e+02 9.546239e+01 3.583378e+01
      vertex   2.210000e+02 9.550000e+01 3.550000e+01
    endloop
  endfacet
  facet normal 0.000000e+00 9.937122e-01 1.119645e-01
    outer loop
      vertex   2.210000e+02 9.550000e+01 3.550000e+01
      vertex   2.280000e+02 9.546239e+01 3.583378e+01
      vertex   2.350000e+02 9.546239e+01 3.583378e+01
    endloop
  endfacet
  facet normal -1.136191e-16 9.937122e-01 1.119645e-01
    outer loop
      vertex   2.210000e+02 9.550000e+01 3.550000e+01
      vertex   2.350000e+02 9.546239e+01 3.583378e+01
      vertex   2.420000e+02 9.546239e+01 3.583378e+01
    endloop
  endfacet
  facet normal -3.352534e-16 9.438833e-01 3.302791e-01
    outer loop
      vertex   2.420000e+02 9.546239e+01 3.583378e+01
      vertex   2.350000e+02 9.546239e+01 3.583378e+01
      vertex   2.420000e+02 9.535145e+01 3.615083e+01
    endloop
  endfacet
  facet normal 0.000000e+00 9.438833e-01 3.302791e-01
    outer loop
      vertex   2.420000e+02 9.546239e+01 3.583378e+01
      vertex   2.420000e+02 9.535145e+01 3.615083e+01
      vertex   2.490000e+02 9.535145e+01 3.615083e+01
    endloop
  endfacet
  facet normal 0.000000e+00 8.467242e-01 5.320321e-01
    outer loop
      vertex   2.490000e+02 9.535145e+01 3.615083e+01
      vertex   2.420000e+02 9.535145e+01 3.615083e+01
      vertex   2.490000e+02 9.517275e+01 3.643523e+01
    endloop
  endfacet
  facet normal 0.000000e+00 8.467242e-01 5.320321e-01
    outer loop
      vertex   2.490000e+02 9.535145e+01 3.615083e+01
      vertex   2.490000e+02 9.517275e+01 3.643523e+01
      vertex   2.560000e+02 9.517275e+01 3.643523e+01
    endloop
  endfacet
  facet normal 0.000000e+00 7.071068e-01 7.071068e-01
    outer loop
      vertex   2.560000e+02 9.517275e+01 3.643523e+01
      vertex   2.490000e+02 9.517275e+01 3.643523e+01
      vertex   2.560000e+02 9.493523e+01 3.667275e+01
    endloop
  endfacet
  facet normal 0.000000e+00 7.071068e-01 7.071068e-01
    outer loop
      vertex   2.560000e+02 9.517275e+01 3.643523e+01
      vertex   2.560000e+02 9.493523e+01 3.667275e+01
      vertex   2.630000e+02 9.493523e+01 3.667275e+01
    endloop
  endfacet
  facet normal 0.000000e+00 5.320321e-01 8.467242e-01
    outer loop
      vertex   2.630000e+02 9.493523e+01 3.667275e+01
      vertex   2.560000e+02 9.493523e+01 3.667275e+01
      vertex   2.630000e+02 9.465083e+01 3.685145e+01
    endloop
  endfacet
  facet normal 0.000000e+00 5.320321e-01 8.467242e-01
    outer loop
      vertex   2.630000e+02 9.493523e+01 3.667275e+01
      vertex   2.630000e+02 9.465083e+01 3.685145e+01
      vertex   2.700000e+02 9.465083e+01 3.685145e+01
    endloop
  endfacet
  facet normal 0.000000e+00 3.302791e-01 9.438833e-01
    outer loop
      vertex   2.700000e+02 9.465083e+01 3.685145e+01
      vertex   2.630000e+02 9.465083e+01 3.685145e+01
      vertex   2.700000e+02 9.433378e+01 3.696239e+01
    endloop
  endfacet
  facet normal 0.000000e+00 3.302791e-01 9.438833e-01
    outer loop
      vertex   2.700000e+02 9.465083e+01 3.685145e+01
      vertex   2.700000e+02 9.433378e+01 3.696239e+01
      vertex   2.770000e+02 9.433378e+01 3.696239e+01
    endloop
  endfacet
  facet normal 0.000000e+00 3.302791e-01 9.438833e-01
    outer loop
      vertex   2.770000e+02 9.433378e+01 3.696239e+01
      vertex   2.770000e+02 9.465083e+01 3.685145e+01
      vertex   2.700000e+02 9.465083e+01 3.685145e+01
    endloop
  endfacet
  facet normal -0.000000e+00 5.320321e-01 8.467242e-01
    outer loop
      vertex   2.700000e+02 9.465083e+01 3.685145e+01
      vertex   2.770000e+02 9.465083e+01 3.685145e+01
      vertex   2.700000e+02 9.493523e+01 3.667275e+01
    endloop
  endfacet
  facet normal 0.000000e+00 5.320321e-01 8.467242e-01
    outer loop
      vertex   2.700000e+02 9.465083e+01 3.685145e+01
      vertex   2.700000e+02 9.493523e+01 3.667275e+01
      vertex   2.630000e+02 9.493523e+01 3.667275e+01
    endloop
  endfacet
  facet normal -0.000000e+00 7.071068e-01 7.071068e-01
    outer loop
      vertex   2.630000e+02 9.493523e+01 3.667275e+01
      vertex   2.700000e+02 9.493523e+01 3.667275e+01
      vertex   2.630000e+02 9.517275e+01 3.643523e+01
    endloop
  endfacet
  facet normal 0.000000e+00 7.071068e-01 7.071068e-01
    outer loop
      vertex   2.630000e+02 9.493523e+01 3.667275e+01
      vertex   2.630000e+02 9.517275e+01 3.643523e+01
      vertex   2.560000e+02 9.517275e+01 3.643523e+01
    endloop
  endfacet
  facet normal -0.000000e+00 8.467242e-01 5.320321e-01
    outer loop
      vertex   2.560000e+02 9.517275e+01 3.643523e+01
      vertex   2.630000e+02 9.517275e+01 3.643523e+01
      vertex   2.560000e+02 9.535145e+01 3.615083e+01
    endloop
  endfacet
  facet normal 0.000000e+00 8.467242e-01 5.320321e-01
    outer loop
      vertex   2.560000e+02 9.517275e+01 3.643523e+01
      vertex   2.560000e+02 9.535145e+01 3.615083e+01
      vertex   2.490000e+02 9.535145e+01 3.615083e+01
    endloop
  endfacet
  facet normal -0.000000e+00 9.438833e-01 3.302791e-01
    outer loop
      vertex   2.490000e+02 9.535145e+01 3.615083e+01
      vertex   2.560000e+02 9.535145e+01 3.615083e+01
      vertex   2.490000e+02 9.546239e+01 3.583378e+01
    endloop
  endfacet
  facet normal 0.000000e+00 9.438833e-01 3.302791e-01
    outer loop
      vertex   2.490000e+02 9.535145e+01 3.615083e+01
      vertex   2.490000e+02 9.546239e+01 3.583378e+01
      vertex   2.420000e+02 9.546239e+01 3.583378e+01
    endloop
  endfacet
  facet normal -0.000000e+00 9.937122e-01 1.119645e-01
    outer loop
      vertex   2.420000e+02 9.546239e+01 3.583378e+01
      vertex   2.490000e+02 9.546239e+01 3.583378e+01
      vertex   2.210000e+02 9.550000e+01 3.550000e+01
    endloop
  endfacet
  facet normal 0.000000e+00 5.320321e-01 8.467242e-01
    outer loop
      vertex   2.770000e+02 9.465083e+01 3.685145e+01
      vertex   2.770000e+02 9.493523e+01 3.667275e+01
      vertex   2.700000e+02 9.493523e+01 3.667275e+01
    endloop
  endfacet
  facet normal -0.000000e+00 7.071068e-01 7.071068e-01
    outer loop
      vertex   2.700000e+02 9.493523e+01 3.667275e+01
      vertex   2.770000e+02 9.493523e+01 3.667275e+01
      vertex   2.700000e+02 9.517275e+01 3.643523e+01
    endloop
  endfacet
  facet normal -7.200796e-16 7.071068e-01 7.071068e-01
    outer loop
      vertex   2.700000e+02 9.493523e+01 3.667275e+01
      vertex   2.700000e+02 9.517275e+01 3.643523e+01
      vertex   2.630000e+02 9.517275e+01 3.643523e+01
    endloop
  endfacet
  facet normal -5.400450e-16 8.467242e-01 5.320321e-01
    outer loop
      vertex   2.630000e+02 9.517275e+01 3.643523e+01
      vertex   2.700000e+02 9.517275e+01 3.643523e+01
      vertex   2.630000e+02 9.535145e+01 3.615083e+01
    endloop
  endfacet
  facet normal -5.400597e-16 8.467242e-01 5.320321e-01
    outer loop
      vertex   2.630000e+02 9.517275e+01 3.643523e+01
      vertex   2.630000e+02 9.535145e+01 3.615083e+01
      vertex   2.560000e+02 9.535145e+01 3.615083e+01
    endloop
  endfacet
  facet normal -3.352534e-16 9.438833e-01 3.302791e-01
    outer loop
      vertex   2.560000e+02 9.535145e+01 3.615083e+01
      vertex   2.630000e+02 9.535145e+01 3.615083e+01
      vertex   2.560000e+02 9.546239e+01 3.583378e+01
    endloop
  endfacet
  facet normal 0.000000e+00 9.438833e-01 3.302791e-01
    outer loop
      vertex   2.560000e+02 9.535145e+01 3.615083e+01
      vertex   2.560000e+02 9.546239e+01 3.583378e+01
      vertex   2.490000e+02 9.546239e+01 3.583378e+01
    endloop
  endfacet
  facet normal -0.000000e+00 9.937122e-01 1.119645e-01
    outer loop
      vertex   2.490000e+02 9.546239e+01 3.583378e+01
      vertex   2.560000e+02 9.546239e+01 3.583378e+01
      vertex   2.770000e+02 9.550000e+01 3.550000e+01
    endloop
  endfacet
  facet normal 0.000000e+00 9.937122e-01 1.119645e-01
    outer loop
      vertex   2.490000e+02 9.546239e+01 3.583378e+01
      vertex   2.770000e+02 9.550000e+01 3.550000e+01
      vertex   2.210000e+02 9.550000e+01 3.550000e+01
    endloop
  endfacet
  facet normal 0.000000e+00 7.071068e-01 7.071068e-01
    outer loop
      vertex   2.770000e+02 9.493523e+01 3.667275e+01
      vertex   2.770000e+02 9.517275e+01 3.643523e+01
      vertex   2.700000e+02 9.517275e+01 3.643523e+01
    endloop
  endfacet
  facet normal -0.000000e+00 8.467242e-01 5.320321e-01
    outer loop
      vertex   2.700000e+02 9.517275e+01 3.643523e+01
      vertex   2.770000e+02 9.517275e+01 3.643523e+01
      vertex   2.700000e+02 9.535145e+01 3.615083e+01
    endloop
  endfacet
  facet normal 0.000000e+00 8.467242e-01 5.320321e-01
    outer loop
      vertex   2.700000e+02 9.517275e+01 3.643523e+01
      vertex   2.700000e+02 9.535145e+01 3.615083e+01
      vertex   2.630000e+02 9.535145e+01 3.615083e+01
    endloop
  endfacet
  facet normal -0.000000e+00 9.438833e-01 3.302791e-01
    outer loop
      vertex   2.630000e+02 9.535145e+01 3.615083e+01
      vertex   2.700000e+02 9.535145e+01 3.615083e+01
      vertex   2.630000e+02 9.546239e+01 3.583378e+01
    endloop
  endfacet
  facet normal 0.000000e+00 9.438833e-01 3.302791e-01
    outer loop
      vertex   2.630000e+02 9.535145e+01 3.615083e+01
      vertex   2.630000e+02 9.546239e+01 3.583378e+01
      vertex   2.560000e+02 9.546239e+01 3.583378e+01
    endloop
  endfacet
  facet normal -0.000000e+00 9.937122e-01 1.119645e-01
    outer loop
      vertex   2.560000e+02 9.546239e+01 3.583378e+01
      vertex   2.630000e+02 9.546239e+01 3.583378e+01
      vertex   2.770000e+02 9.550000e+01 3.550000e+01
    endloop
  endfacet
  facet normal 0.000000e+00 8.467242e-01 5.320321e-01
    outer loop
      vertex   2.770000e+02 9.517275e+01 3.643523e+01
      vertex   2.770000e+02 9.535145e+01 3.615083e+01
      vertex   2.700000e+02 9.535145e+01 3.615083e+01
    endloop
  endfacet
  facet normal -0.000000e+00 9.438833e-01 3.302791e-01
    outer loop
      vertex   2.700000e+02 9.535145e+01 3.615083e+01
      vertex   2.770000e+02 9.535145e+01 3.615083e+01
      vertex   2.700000e+02 9.546239e+01 3.583378e+01
    endloop
  endfacet
  facet normal 0.000000e+00 9.438833e-01 3.302791e-01
    outer loop
      vertex   2.700000e+02 9.535145e+01 3.615083e+01
      vertex   2.700000e+02 9.546239e+01 3.583378e+01
      vertex   2.630000e+02 9.546239e+01 3.583378e+01
    endloop
  endfacet
  facet normal -0.000000e+00 9.937122e-01 1.119645e-01
    outer loop
      vertex   2.630000e+02 9.546239e+01 3.583378e+01
      vertex   2.700000e+02 9.546239e+01 3.583378e+01
      vertex   2.770000e+02 9.550000e+01 3.550000e+01
    endloop
  endfacet
  facet normal 0.000000e+00 9.438833e-01 3.302791e-01
    outer loop
      vertex   2.770000e+02 9.535145e+01 3.615083e+01
      vertex   2.770000e+02 9.546239e+01 3.583378e+01
      vertex   2.700000e+02 9.546239e+01 3.583378e+01
    endloop
  endfacet
  facet normal -0.000000e+00 9.937122e-01 1.119645e-01
    outer loop
      vertex   2.700000e+02 9.546239e+01 3.583378e+01
      vertex   2.770000e+02 9.546239e+01 3.583378e+01
      vertex   2.770000e+02 9.550000e+01 3.550000e+01
    endloop
  endfacet
  facet normal 0.000000e+00 9.438833e-01 3.302791e-01
    outer loop
      vertex   2.210000e+02 9.546239e+01 3.583378e+01
      vertex   2.210000e+02 9.535145e+01 3.615083e+01
      vertex   2.280000e+02 9.535145e+01 3.615083e+01
    endloop
  endfacet
  facet normal 0.000000e+00 8.467242e-01 5.320321e-01
    outer loop
      vertex   2.280000e+02 9.535145e+01 3.615083e+01
      vertex   2.210000e+02 9.535145e+01 3.615083e+01
      vertex   2.280000e+02 9.517275e+01 3.643523e+01
    endloop
  endfacet
  facet normal 0.000000e+00 8.467242e-01 5.320321e-01
    outer loop
      vertex   2.280000e+02 9.535145e+01 3.615083e+01
      vertex   2.280000e+02 9.517275e+01 3.643523e+01
      vertex   2.350000e+02 9.517275e+01 3.643523e+01
    endloop
  endfacet
  facet normal 0.000000e+00 7.071068e-01 7.071068e-01
    outer loop
      vertex   2.350000e+02 9.517275e+01 3.643523e+01
      vertex   2.280000e+02 9.517275e+01 3.643523e+01
      vertex   2.350000e+02 9.493523e+01 3.667275e+01
    endloop
  endfacet
  facet normal 0.000000e+00 7.071068e-01 7.071068e-01
    outer loop
      vertex   2.350000e+02 9.517275e+01 3.643523e+01
      vertex   2.350000e+02 9.493523e+01 3.667275e+01
      vertex   2.420000e+02 9.493523e+01 3.667275e+01
    endloop
  endfacet
  facet normal 0.000000e+00 5.320321e-01 8.467242e-01
    outer loop
      vertex   2.420000e+02 9.493523e+01 3.667275e+01
      vertex   2.350000e+02 9.493523e+01 3.667275e+01
      vertex   2.420000e+02 9.465083e+01 3.685145e+01
    endloop
  endfacet
  facet normal 0.000000e+00 5.320321e-01 8.467242e-01
    outer loop
      vertex   2.420000e+02 9.493523e+01 3.667275e+01
      vertex   2.420000e+02 9.465083e+01 3.685145e+01
      vertex   2.490000e+02 9.465083e+01 3.685145e+01
    endloop
  endfacet
  facet normal 0.000000e+00 3.302791e-01 9.438833e-01
    outer loop
      vertex   2.490000e+02 9.465083e+01 3.685145e+01
      vertex   2.420000e+02 9.465083e+01 3.685145e+01
      vertex   2.490000e+02 9.433378e+01 3.696239e+01
    endloop
  endfacet
  facet normal 0.000000e+00 3.302791e-01 9.438833e-01
    outer loop
      vertex   2.490000e+02 9.465083e+01 3.685145e+01
      vertex   2.490000e+02 9.433378e+01 3.696239e+01
      vertex   2.560000e+02 9.433378e+01 3.696239e+01
    endloop
  endfacet
  facet normal 0.000000e+00 1.119645e-01 9.937122e-01
    outer loop
      vertex   2.560000e+02 9.433378e+01 3.696239e+01
      vertex   2.490000e+02 9.433378e+01 3.696239e+01
      vertex   2.770000e+02 9.400000e+01 3.700000e+01
    endloop
  endfacet
  facet normal 0.000000e+00 8.467242e-01 5.320321e-01
    outer loop
      vertex   2.210000e+02 9.535145e+01 3.615083e+01
      vertex   2.210000e+02 9.517275e+01 3.643523e+01
      vertex   2.280000e+02 9.517275e+01 3.643523e+01
    endloop
  endfacet
  facet normal 0.000000e+00 7.071068e-01 7.071068e-01
    outer loop
      vertex   2.280000e+02 9.517275e+01 3.643523e+01
      vertex   2.210000e+02 9.517275e+01 3.643523e+01
      vertex   2.280000e+02 9.493523e+01 3.667275e+01
    endloop
  endfacet
  facet normal 0.000000e+00 7.071068e-01 7.071068e-01
    outer loop
      vertex   2.280000e+02 9.517275e+01 3.643523e+01
      vertex   2.280000e+02 9.493523e+01 3.667275e+01
      vertex   2.350000e+02 9.493523e+01 3.667275e+01
    endloop
  endfacet
  facet normal 0.000000e+00 5.320321e-01 8.467242e-01
    outer loop
      vertex   2.350000e+02 9.493523e+01 3.667275e+01
      vertex   2.280000e+02 9.493523e+01 3.667275e+01
      vertex   2.350000e+02 9.465083e+01 3.685145e+01
    endloop
  endfacet
  facet normal 0.000000e+00 5.320321e-01 8.467242e-01
    outer loop
      vertex   2.350000e+02 9.493523e+01 3.667275e+01
      vertex   2.350000e+02 9.465083e+01 3.685145e+01
      vertex   2.420000e+02 9.465083e+01 3.685145e+01
    endloop
  endfacet
  facet normal 0.000000e+00 3.302791e-01 9.438833e-01
    outer loop
      vertex   2.420000e+02 9.465083e+01 3.685145e+01
      vertex   2.350000e+02 9.465083e+01 3.685145e+01
      vertex   2.420000e+02 9.433378e+01 3.696239e+01
    endloop
  endfacet
  facet normal 0.000000e+00 3.302791e-01 9.438833e-01
    outer loop
      vertex   2.420000e+02 9.465083e+01 3.685145e+01
      vertex   2.420000e+02 9.433378e+01 3.696239e+01
      vertex   2.490000e+02 9.433378e+01 3.696239e+01
    endloop
  endfacet
  facet normal 0.000000e+00 1.119645e-01 9.937122e-01
    outer loop
      vertex   2.490000e+02 9.433378e+01 3.696239e+01
      vertex   2.420000e+02 9.433378e+01 3.696239e+01
      vertex   2.210000e+02 9.400000e+01 3.700000e+01
    endloop
  endfacet
  facet normal 0.000000e+00 1.119645e-01 9.937122e-01
    outer loop
      vertex   2.490000e+02 9.433378e+01 3.696239e+01
      vertex   2.210000e+02 9.400000e+01 3.700000e+01
      vertex   2.770000e+02 9.400000e+01 3.700000e+01
    endloop
  endfacet
  facet normal 0.000000e+00 7.071068e-01 7.071068e-01
    outer loop
      vertex   2.210000e+02 9.517275e+01 3.643523e+01
      vertex   2.210000e+02 9.493523e+01 3.667275e+01
      vertex   2.280000e+02 9.493523e+01 3.667275e+01
    endloop
  endfacet
  facet normal 0.000000e+00 5.320321e-01 8.467242e-01
    outer loop
      vertex   2.280000e+02 9.493523e+01 3.667275e+01
      vertex   2.210000e+02 9.493523e+01 3.667275e+01
      vertex   2.280000e+02 9.465083e+01 3.685145e+01
    endloop
  endfacet
  facet normal 0.000000e+00 5.320321e-01 8.467242e-01
    outer loop
      vertex   2.280000e+02 9.493523e+01 3.667275e+01
      vertex   2.280000e+02 9.465083e+01 3.685145e+01
      vertex   2.350000e+02 9.465083e+01 3.685145e+01
    endloop
  endfacet
  facet normal 0.000000e+00 3.302791e-01 9.438833e-01
    outer loop
      vertex   2.350000e+02 9.465083e+01 3.685145e+01
      vertex   2.280000e+02 9.465083e+01 3.685145e+01
      vertex   2.350000e+02 9.433378e+01 3.696239e+01
    endloop
  endfacet
  facet normal 0.000000e+00 3.302791e-01 9.438833e-01
    outer loop
      vertex   2.350000e+02 9.465083e+01 3.685145e+01
      vertex   2.350000e+02 9.433378e+01 3.696239e+01
      vertex   2.420000e+02 9.433378e+01 3.696239e+01
    endloop
  endfacet
  facet normal 0.000000e+00 1.119645e-01 9.937122e-01
    outer loop
      vertex   2.420000e+02 9.433378e+01 3.696239e+01
      vertex   2.350000e+02 9.433378e+01 3.696239e+01
      vertex   2.210000e+02 9.400000e+01 3.700000e+01
    endloop
  endfacet
  facet normal 0.000000e+00 5.320321e-01 8.467242e-01
    outer loop
      vertex   2.210000e+02 9.493523e+01 3.667275e+01
      vertex   2.210000e+02 9.465083e+01 3.685145e+01
      vertex   2.280000e+02 9.465083e+01 3.685145e+01
    endloop
  endfacet
  facet normal 0.000000e+00 3.302791e-01 9.438833e-01
    outer loop
      vertex   2.280000e+02 9.465083e+01 3.685145e+01
      vertex   2.210000e+02 9.465083e+01 3.685145e+01
      vertex   2.280000e+02 9.433378e+01 3.696239e+01
    endloop
  endfacet
  facet normal 0.000000e+00 3.302791e-01 9.438833e-01
    outer loop
      vertex   2.280000e+02 9.465083e+01 3.685145e+01
      vertex   2.280000e+02 9.433378e+01 3.696239e+01
      vertex   2.350000e+02 9.433378e+01 3.696239e+01
    endloop
  endfacet
  facet normal 0.000000e+00 1.119645e-01 9.937122e-01
    outer loop
      vertex   2.350000e+02 9.433378e+01 3.696239e+01
      vertex   2.280000e+02 9.433378e+01 3.696239e+01
      vertex   2.210000e+02 9.400000e+01 3.700000e+01
    endloop
  endfacet
  facet normal 0.000000e+00 3.302791e-01 9.438833e-01
    outer loop
      vertex   2.210000e+02 9.465083e+01 3.685145e+01
      vertex   2.210000e+02 9.433378e+01 3.696239e+01
      vertex   2.280000e+02 9.433378e+01 3.696239e+01
    endloop
  endfacet
  facet normal 0.000000e+00 1.119645e-01 9.937122e-01
    outer loop
      vertex   2.280000e+02 9.433378e+01 3.696239e+01
      vertex   2.210000e+02 9.433378e+01 3.696239e+01
      vertex   2.210000e+02 9.400000e+01 3.700000e+01
    endloop
  endfacet
  facet normal -0.000000e+00 3.302791e-01 9.438833e-01
    outer loop
      vertex   2.560000e+02 9.465083e+01 3.685145e+01
      vertex   2.630000e+02 9.433378e+01 3.696239e+01
      vertex   2.630000e+02 9.465083e+01 3.685145e+01
    endloop
  endfacet
  facet normal 0.000000e+00 3.302791e-01 9.438833e-01
    outer loop
      vertex   2.630000e+02 9.465083e+01 3.685145e+01
      vertex   2.630000e+02 9.433378e+01 3.696239e+01
      vertex   2.700000e+02 9.433378e+01 3.696239e+01
    endloop
  endfacet
  facet normal -0.000000e+00 5.320321e-01 8.467242e-01
    outer loop
      vertex   2.490000e+02 9.493523e+01 3.667275e+01
      vertex   2.560000e+02 9.465083e+01 3.685145e+01
      vertex   2.560000e+02 9.493523e+01 3.667275e+01
    endloop
  endfacet
  facet normal 0.000000e+00 5.320321e-01 8.467242e-01
    outer loop
      vertex   2.560000e+02 9.493523e+01 3.667275e+01
      vertex   2.560000e+02 9.465083e+01 3.685145e+01
      vertex   2.630000e+02 9.465083e+01 3.685145e+01
    endloop
  endfacet
  facet normal -0.000000e+00 7.071068e-01 7.071068e-01
    outer loop
      vertex   2.420000e+02 9.517275e+01 3.643523e+01
      vertex   2.490000e+02 9.493523e+01 3.667275e+01
      vertex   2.490000e+02 9.517275e+01 3.643523e+01
    endloop
  endfacet
  facet normal 0.000000e+00 7.071068e-01 7.071068e-01
    outer loop
      vertex   2.490000e+02 9.517275e+01 3.643523e+01
      vertex   2.490000e+02 9.493523e+01 3.667275e+01
      vertex   2.560000e+02 9.493523e+01 3.667275e+01
    endloop
  endfacet
  facet normal -0.000000e+00 8.467242e-01 5.320321e-01
    outer loop
      vertex   2.350000e+02 9.535145e+01 3.615083e+01
      vertex   2.420000e+02 9.517275e+01 3.643523e+01
      vertex   2.420000e+02 9.535145e+01 3.615083e+01
    endloop
  endfacet
  facet normal 0.000000e+00 8.467242e-01 5.320321e-01
    outer loop
      vertex   2.420000e+02 9.535145e+01 3.615083e+01
      vertex   2.420000e+02 9.517275e+01 3.643523e+01
      vertex   2.490000e+02 9.517275e+01 3.643523e+01
    endloop
  endfacet
  facet normal -0.000000e+00 9.438833e-01 3.302791e-01
    outer loop
      vertex   2.280000e+02 9.546239e+01 3.583378e+01
      vertex   2.350000e+02 9.535145e+01 3.615083e+01
      vertex   2.350000e+02 9.546239e+01 3.583378e+01
    endloop
  endfacet
  facet normal 0.000000e+00 9.438833e-01 3.302791e-01
    outer loop
      vertex   2.350000e+02 9.546239e+01 3.583378e+01
      vertex   2.350000e+02 9.535145e+01 3.615083e+01
      vertex   2.420000e+02 9.535145e+01 3.615083e+01
    endloop
  endfacet
  facet normal -1.119645e-01 0.000000e+00 9.937122e-01
    outer loop
      vertex   2.201662e+02 9.350000e+01 3.696239e+01
      vertex   2.201662e+02 8.666667e+01 3.696239e+01
      vertex   2.205000e+02 9.350000e+01 3.700000e+01
    endloop
  endfacet
  facet normal -1.119645e-01 0.000000e+00 9.937122e-01
    outer loop
      vertex   2.205000e+02 9.350000e+01 3.700000e+01
      vertex   2.201662e+02 8.666667e+01 3.696239e+01
      vertex   2.201662e+02 7.983333e+01 3.696239e+01
    endloop
  endfacet
  facet normal -1.119645e-01 0.000000e+00 9.937122e-01
    outer loop
      vertex   2.205000e+02 9.350000e+01 3.700000e+01
      vertex   2.201662e+02 7.983333e+01 3.696239e+01
      vertex   2.201662e+02 7.300000e+01 3.696239e+01
    endloop
  endfacet
  facet normal -3.302791e-01 0.000000e+00 9.438833e-01
    outer loop
      vertex   2.201662e+02 7.300000e+01 3.696239e+01
      vertex   2.201662e+02 7.983333e+01 3.696239e+01
      vertex   2.198492e+02 7.300000e+01 3.685145e+01
    endloop
  endfacet
  facet normal -3.302791e-01 0.000000e+00 9.438833e-01
    outer loop
      vertex   2.201662e+02 7.300000e+01 3.696239e+01
      vertex   2.198492e+02 7.300000e+01 3.685145e+01
      vertex   2.198492e+02 6.616667e+01 3.685145e+01
    endloop
  endfacet
  facet normal -5.320321e-01 0.000000e+00 8.467242e-01
    outer loop
      vertex   2.198492e+02 6.616667e+01 3.685145e+01
      vertex   2.198492e+02 7.300000e+01 3.685145e+01
      vertex   2.195648e+02 6.616667e+01 3.667275e+01
    endloop
  endfacet
  facet normal -5.320321e-01 0.000000e+00 8.467242e-01
    outer loop
      vertex   2.198492e+02 6.616667e+01 3.685145e+01
      vertex   2.195648e+02 6.616667e+01 3.667275e+01
      vertex   2.195648e+02 5.933333e+01 3.667275e+01
    endloop
  endfacet
  facet normal -7.071068e-01 0.000000e+00 7.071068e-01
    outer loop
      vertex   2.195648e+02 5.933333e+01 3.667275e+01
      vertex   2.195648e+02 6.616667e+01 3.667275e+01
      vertex   2.193273e+02 5.933333e+01 3.643523e+01
    endloop
  endfacet
  facet normal -7.071068e-01 0.000000e+00 7.071068e-01
    outer loop
      vertex   2.195648e+02 5.933333e+01 3.667275e+01
      vertex   2.193273e+02 5.933333e+01 3.643523e+01
      vertex   2.193273e+02 5.250000e+01 3.643523e+01
    endloop
  endfacet
  facet normal -8.467242e-01 0.000000e+00 5.320321e-01
    outer loop
      vertex   2.193273e+02 5.250000e+01 3.643523e+01
      vertex   2.193273e+02 5.933333e+01 3.643523e+01
      vertex   2.191485e+02 5.250000e+01 3.615083e+01
    endloop
  endfacet
  facet normal -8.467242e-01 0.000000e+00 5.320321e-01
    outer loop
      vertex   2.191485e+02 5.250000e+01 3.615083e+01
      vertex   2.193273e+02 5.933333e+01 3.643523e+01
      vertex   2.191485e+02 5.933333e+01 3.615083e+01
    endloop
  endfacet
  facet normal -9.438833e-01 0.000000e+00 3.302791e-01
    outer loop
      vertex   2.191485e+02 5.250000e+01 3.615083e+01
      vertex   2.191485e+02 5.933333e+01 3.615083e+01
      vertex   2.190376e+02 5.250000e+01 3.583378e+01
    endloop
  endfacet
  facet normal -9.438833e-01 0.000000e+00 3.302791e-01
    outer loop
      vertex   2.190376e+02 5.250000e+01 3.583378e+01
      vertex   2.191485e+02 5.933333e+01 3.615083e+01
      vertex   2.190376e+02 5.933333e+01 3.583378e+01
    endloop
  endfacet
  facet normal -9.937122e-01 0.000000e+00 1.119645e-01
    outer loop
      vertex   2.190376e+02 5.250000e+01 3.583378e+01
      vertex   2.190376e+02 5.933333e+01 3.583378e+01
      vertex   2.190000e+02 5.250000e+01 3.550000e+01
    endloop
  endfacet
  facet normal -9.937122e-01 0.000000e+00 1.119645e-01
    outer loop
      vertex   2.190000e+02 5.250000e+01 3.550000e+01
      vertex   2.190376e+02 5.933333e+01 3.583378e+01
      vertex   2.190376e+02 6.616667e+01 3.583378e+01
    endloop
  endfacet
  facet normal -9.937122e-01 0.000000e+00 1.119645e-01
    outer loop
      vertex   2.190000e+02 5.250000e+01 3.550000e+01
      vertex   2.190376e+02 6.616667e+01 3.583378e+01
      vertex   2.190376e+02 7.300000e+01 3.583378e+01
    endloop
  endfacet
  facet normal -9.438833e-01 0.000000e+00 3.302791e-01
    outer loop
      vertex   2.190376e+02 7.300000e+01 3.583378e+01
      vertex   2.190376e+02 6.616667e+01 3.583378e+01
      vertex   2.191485e+02 7.300000e+01 3.615083e+01
    endloop
  endfacet
  facet normal -9.438833e-01 0.000000e+00 3.302791e-01
    outer loop
      vertex   2.190376e+02 7.300000e+01 3.583378e+01
      vertex   2.191485e+02 7.300000e+01 3.615083e+01
      vertex   2.191485e+02 7.983333e+01 3.615083e+01
    endloop
  endfacet
  facet normal -8.467242e-01 0.000000e+00 5.320321e-01
    outer loop
      vertex   2.191485e+02 7.983333e+01 3.615083e+01
      vertex   2.191485e+02 7.300000e+01 3.615083e+01
      vertex   2.193273e+02 7.983333e+01 3.643523e+01
    endloop
  endfacet
  facet normal -8.467242e-01 0.000000e+00 5.320321e-01
    outer loop
      vertex   2.191485e+02 7.983333e+01 3.615083e+01
      vertex   2.193273e+02 7.983333e+01 3.643523e+01
      vertex   2.193273e+02 8.666667e+01 3.643523e+01
    endloop
  endfacet
  facet normal -7.071068e-01 0.000000e+00 7.071068e-01
    outer loop
      vertex   2.193273e+02 8.666667e+01 3.643523e+01
      vertex   2.193273e+02 7.983333e+01 3.643523e+01
      vertex   2.195648e+02 8.666667e+01 3.667275e+01
    endloop
  endfacet
  facet normal -7.071068e-01 0.000000e+00 7.071068e-01
    outer loop
      vertex   2.193273e+02 8.666667e+01 3.643523e+01
      vertex   2.195648e+02 8.666667e+01 3.667275e+01
      vertex   2.195648e+02 9.350000e+01 3.667275e+01
    endloop
  endfacet
  facet normal -5.320321e-01 0.000000e+00 8.467242e-01
    outer loop
      vertex   2.195648e+02 9.350000e+01 3.667275e+01
      vertex   2.195648e+02 8.666667e+01 3.667275e+01
      vertex   2.198492e+02 9.350000e+01 3.685145e+01
    endloop
  endfacet
  facet normal -5.320321e-01 0.000000e+00 8.467242e-01
    outer loop
      vertex   2.198492e+02 9.350000e+01 3.685145e+01
      vertex   2.195648e+02 8.666667e+01 3.667275e+01
      vertex   2.198492e+02 8.666667e+01 3.685145e+01
    endloop
  endfacet
  facet normal -3.302791e-01 0.000000e+00 9.438833e-01
    outer loop
      vertex   2.198492e+02 9.350000e+01 3.685145e+01
      vertex   2.198492e+02 8.666667e+01 3.685145e+01
      vertex   2.201662e+02 9.350000e+01 3.696239e+01
    endloop
  endfacet
  facet normal -3.302791e-01 0.000000e+00 9.438833e-01
    outer loop
      vertex   2.201662e+02 9.350000e+01 3.696239e+01
      vertex   2.198492e+02 8.666667e+01 3.685145e+01
      vertex   2.201662e+02 8.666667e+01 3.696239e+01
    endloop
  endfacet
  facet normal -7.071068e-01 0.000000e+00 7.071068e-01
    outer loop
      vertex   2.195648e+02 9.350000e+01 3.667275e+01
      vertex   2.193273e+02 9.350000e+01 3.643523e+01
      vertex   2.193273e+02 8.666667e+01 3.643523e+01
    endloop
  endfacet
  facet normal -8.467242e-01 0.000000e+00 5.320321e-01
    outer loop
      vertex   2.193273e+02 8.666667e+01 3.643523e+01
      vertex   2.193273e+02 9.350000e+01 3.643523e+01
      vertex   2.191485e+02 8.666667e+01 3.615083e+01
    endloop
  endfacet
  facet normal -8.467242e-01 0.000000e+00 5.320321e-01
    outer loop
      vertex   2.193273e+02 8.666667e+01 3.643523e+01
      vertex   2.191485e+02 8.666667e+01 3.615083e+01
      vertex   2.191485e+02 7.983333e+01 3.615083e+01
    endloop
  endfacet
  facet normal -9.438833e-01 0.000000e+00 3.302791e-01
    outer loop
      vertex   2.191485e+02 7.983333e+01 3.615083e+01
      vertex   2.191485e+02 8.666667e+01 3.615083e+01
      vertex   2.190376e+02 7.983333e+01 3.583378e+01
    endloop
  endfacet
  facet normal -9.438833e-01 0.000000e+00 3.302791e-01
    outer loop
      vertex   2.191485e+02 7.983333e+01 3.615083e+01
      vertex   2.190376e+02 7.983333e+01 3.583378e+01
      vertex   2.190376e+02 7.300000e+01 3.583378e+01
    endloop
  endfacet
  facet normal -9.937122e-01 0.000000e+00 1.119645e-01
    outer loop
      vertex   2.190376e+02 7.300000e+01 3.583378e+01
      vertex   2.190376e+02 7.983333e+01 3.583378e+01
      vertex   2.190000e+02 9.350000e+01 3.550000e+01
    endloop
  endfacet
  facet normal -9.937122e-01 0.000000e+00 1.119645e-01
    outer loop
      vertex   2.190376e+02 7.300000e+01 3.583378e+01
      vertex   2.190000e+02 9.350000e+01 3.550000e+01
      vertex   2.190000e+02 5.250000e+01 3.550000e+01
    endloop
  endfacet
  facet normal -8.467242e-01 0.000000e+00 5.320321e-01
    outer loop
      vertex   2.193273e+02 9.350000e+01 3.643523e+01
      vertex   2.191485e+02 9.350000e+01 3.615083e+01
      vertex   2.191485e+02 8.666667e+01 3.615083e+01
    endloop
  endfacet
  facet normal -9.438833e-01 0.000000e+00 3.302791e-01
    outer loop
      vertex   2.191485e+02 8.666667e+01 3.615083e+01
      vertex   2.191485e+02 9.350000e+01 3.615083e+01
      vertex   2.190376e+02 8.666667e+01 3.583378e+01
    endloop
  endfacet
  facet normal -9.438833e-01 0.000000e+00 3.302791e-01
    outer loop
      vertex   2.191485e+02 8.666667e+01 3.615083e+01
      vertex   2.190376e+02 8.666667e+01 3.583378e+01
      vertex   2.190376e+02 7.983333e+01 3.583378e+01
    endloop
  endfacet
  facet normal -9.937122e-01 0.000000e+00 1.119645e-01
    outer loop
      vertex   2.190376e+02 7.983333e+01 3.583378e+01
      vertex   2.190376e+02 8.666667e+01 3.583378e+01
      vertex   2.190000e+02 9.350000e+01 3.550000e+01
    endloop
  endfacet
  facet normal -9.438833e-01 0.000000e+00 3.302791e-01
    outer loop
      vertex   2.191485e+02 9.350000e+01 3.615083e+01
      vertex   2.190376e+02 9.350000e+01 3.583378e+01
      vertex   2.190376e+02 8.666667e+01 3.583378e+01
    endloop
  endfacet
  facet normal -9.937122e-01 0.000000e+00 1.119645e-01
    outer loop
      vertex   2.190376e+02 8.666667e+01 3.583378e+01
      vertex   2.190376e+02 9.350000e+01 3.583378e+01
      vertex   2.190000e+02 9.350000e+01 3.550000e+01
    endloop
  endfacet
  facet normal -7.071068e-01 0.000000e+00 7.071068e-01
    outer loop
      vertex   2.193273e+02 5.250000e+01 3.643523e+01
      vertex   2.195648e+02 5.250000e+01 3.667275e+01
      vertex   2.195648e+02 5.933333e+01 3.667275e+01
    endloop
  endfacet
  facet normal -5.320321e-01 0.000000e+00 8.467242e-01
    outer loop
      vertex   2.195648e+02 5.933333e+01 3.667275e+01
      vertex   2.195648e+02 5.250000e+01 3.667275e+01
      vertex   2.198492e+02 5.933333e+01 3.685145e+01
    endloop
  endfacet
  facet normal -5.320321e-01 0.000000e+00 8.467242e-01
    outer loop
      vertex   2.195648e+02 5.933333e+01 3.667275e+01
      vertex   2.198492e+02 5.933333e+01 3.685145e+01
      vertex   2.198492e+02 6.616667e+01 3.685145e+01
    endloop
  endfacet
  facet normal -3.302791e-01 0.000000e+00 9.438833e-01
    outer loop
      vertex   2.198492e+02 6.616667e+01 3.685145e+01
      vertex   2.198492e+02 5.933333e+01 3.685145e+01
      vertex   2.201662e+02 6.616667e+01 3.696239e+01
    endloop
  endfacet
  facet normal -3.302791e-01 0.000000e+00 9.438833e-01
    outer loop
      vertex   2.198492e+02 6.616667e+01 3.685145e+01
      vertex   2.201662e+02 6.616667e+01 3.696239e+01
      vertex   2.201662e+02 7.300000e+01 3.696239e+01
    endloop
  endfacet
  facet normal -1.119645e-01 0.000000e+00 9.937122e-01
    outer loop
      vertex   2.201662e+02 7.300000e+01 3.696239e+01
      vertex   2.201662e+02 6.616667e+01 3.696239e+01
      vertex   2.205000e+02 5.250000e+01 3.700000e+01
    endloop
  endfacet
  facet normal -1.119645e-01 0.000000e+00 9.937122e-01
    outer loop
      vertex   2.201662e+02 7.300000e+01 3.696239e+01
      vertex   2.205000e+02 5.250000e+01 3.700000e+01
      vertex   2.205000e+02 9.350000e+01 3.700000e+01
    endloop
  endfacet
  facet normal -5.320321e-01 0.000000e+00 8.467242e-01
    outer loop
      vertex   2.195648e+02 5.250000e+01 3.667275e+01
      vertex   2.198492e+02 5.250000e+01 3.685145e+01
      vertex   2.198492e+02 5.933333e+01 3.685145e+01
    endloop
  endfacet
  facet normal -3.302791e-01 0.000000e+00 9.438833e-01
    outer loop
      vertex   2.198492e+02 5.933333e+01 3.685145e+01
      vertex   2.198492e+02 5.250000e+01 3.685145e+01
      vertex   2.201662e+02 5.933333e+01 3.696239e+01
    endloop
  endfacet
  facet normal -3.302791e-01 0.000000e+00 9.438833e-01
    outer loop
      vertex   2.198492e+02 5.933333e+01 3.685145e+01
      vertex   2.201662e+02 5.933333e+01 3.696239e+01
      vertex   2.201662e+02 6.616667e+01 3.696239e+01
    endloop
  endfacet
  facet normal -1.119645e-01 0.000000e+00 9.937122e-01
    outer loop
      vertex   2.201662e+02 6.616667e+01 3.696239e+01
      vertex   2.201662e+02 5.933333e+01 3.696239e+01
      vertex   2.205000e+02 5.250000e+01 3.700000e+01
    endloop
  endfacet
  facet normal -3.302791e-01 0.000000e+00 9.438833e-01
    outer loop
      vertex   2.198492e+02 5.250000e+01 3.685145e+01
      vertex   2.201662e+02 5.250000e+01 3.696239e+01
      vertex   2.201662e+02 5.933333e+01 3.696239e+01
    endloop
  endfacet
  facet normal -1.119645e-01 0.000000e+00 9.937122e-01
    outer loop
      vertex   2.201662e+02 5.933333e+01 3.696239e+01
      vertex   2.201662e+02 5.250000e+01 3.696239e+01
      vertex   2.205000e+02 5.250000e+01 3.700000e+01
    endloop
  endfacet
  facet normal -3.302791e-01 0.000000e+00 9.438833e-01
    outer loop
      vertex   2.201662e+02 7.983333e+01 3.696239e+01
      vertex   2.201662e+02 8.666667e+01 3.696239e+01
      vertex   2.198492e+02 7.983333e+01 3.685145e+01
    endloop
  endfacet
  facet normal -3.302791e-01 0.000000e+00 9.438833e-01
    outer loop
      vertex   2.198492e+02 7.983333e+01 3.685145e+01
      vertex   2.201662e+02 8.666667e+01 3.696239e+01
      vertex   2.198492e+02 8.666667e+01 3.685145e+01
    endloop
  endfacet
  facet normal -5.320321e-01 0.000000e+00 8.467242e-01
    outer loop
      vertex   2.198492e+02 7.983333e+01 3.685145e+01
      vertex   2.198492e+02 8.666667e+01 3.685145e+01
      vertex   2.195648e+02 7.983333e+01 3.667275e+01
    endloop
  endfacet
  facet normal -5.320321e-01 0.000000e+00 8.467242e-01
    outer loop
      vertex   2.195648e+02 7.983333e+01 3.667275e+01
      vertex   2.198492e+02 8.666667e+01 3.685145e+01
      vertex   2.195648e+02 8.666667e+01 3.667275e+01
    endloop
  endfacet
  facet normal -7.071068e-01 0.000000e+00 7.071068e-01
    outer loop
      vertex   2.195648e+02 7.983333e+01 3.667275e+01
      vertex   2.195648e+02 8.666667e+01 3.667275e+01
      vertex   2.193273e+02 7.983333e+01 3.643523e+01
    endloop
  endfacet
  facet normal -3.302791e-01 0.000000e+00 9.438833e-01
    outer loop
      vertex   2.201662e+02 7.983333e+01 3.696239e+01
      vertex   2.198492e+02 7.983333e+01 3.685145e+01
      vertex   2.198492e+02 7.300000e+01 3.685145e+01
    endloop
  endfacet
  facet normal -5.320321e-01 0.000000e+00 8.467242e-01
    outer loop
      vertex   2.198492e+02 7.300000e+01 3.685145e+01
      vertex   2.198492e+02 7.983333e+01 3.685145e+01
      vertex   2.195648e+02 7.300000e+01 3.667275e+01
    endloop
  endfacet
  facet normal -5.320321e-01 0.000000e+00 8.467242e-01
    outer loop
      vertex   2.198492e+02 7.300000e+01 3.685145e+01
      vertex   2.195648e+02 7.300000e+01 3.667275e+01
      vertex   2.195648e+02 6.616667e+01 3.667275e+01
    endloop
  endfacet
  facet normal -7.071068e-01 0.000000e+00 7.071068e-01
    outer loop
      vertex   2.195648e+02 6.616667e+01 3.667275e+01
      vertex   2.195648e+02 7.300000e+01 3.667275e+01
      vertex   2.193273e+02 6.616667e+01 3.643523e+01
    endloop
  endfacet
  facet normal -7.071068e-01 0.000000e+00 7.071068e-01
    outer loop
      vertex   2.195648e+02 6.616667e+01 3.667275e+01
      vertex   2.193273e+02 6.616667e+01 3.643523e+01
      vertex   2.193273e+02 5.933333e+01 3.643523e+01
    endloop
  endfacet
  facet normal -8.467242e-01 0.000000e+00 5.320321e-01
    outer loop
      vertex   2.193273e+02 5.933333e+01 3.643523e+01
      vertex   2.193273e+02 6.616667e+01 3.643523e+01
      vertex   2.191485e+02 5.933333e+01 3.615083e+01
    endloop
  endfacet
  facet normal -5.320321e-01 0.000000e+00 8.467242e-01
    outer loop
      vertex   2.195648e+02 7.300000e+01 3.667275e+01
      vertex   2.198492e+02 7.983333e+01 3.685145e+01
      vertex   2.195648e+02 7.983333e+01 3.667275e+01
    endloop
  endfacet
  facet normal -7.071068e-01 0.000000e+00 7.071068e-01
    outer loop
      vertex   2.195648e+02 7.300000e+01 3.667275e+01
      vertex   2.195648e+02 7.983333e+01 3.667275e+01
      vertex   2.193273e+02 7.300000e+01 3.643523e+01
    endloop
  endfacet
  facet normal -7.071068e-01 0.000000e+00 7.071068e-01
    outer loop
      vertex   2.193273e+02 7.300000e+01 3.643523e+01
      vertex   2.195648e+02 7.983333e+01 3.667275e+01
      vertex   2.193273e+02 7.983333e+01 3.643523e+01
    endloop
  endfacet
  facet normal -8.467242e-01 0.000000e+00 5.320321e-01
    outer loop
      vertex   2.193273e+02 7.300000e+01 3.643523e+01
      vertex   2.193273e+02 7.983333e+01 3.643523e+01
      vertex   2.191485e+02 7.300000e+01 3.615083e+01
    endloop
  endfacet
  facet normal -7.071068e-01 0.000000e+00 7.071068e-01
    outer loop
      vertex   2.195648e+02 7.300000e+01 3.667275e+01
      vertex   2.193273e+02 7.300000e+01 3.643523e+01
      vertex   2.193273e+02 6.616667e+01 3.643523e+01
    endloop
  endfacet
  facet normal -8.467242e-01 0.000000e+00 5.320321e-01
    outer loop
      vertex   2.193273e+02 6.616667e+01 3.643523e+01
      vertex   2.193273e+02 7.300000e+01 3.643523e+01
      vertex   2.191485e+02 6.616667e+01 3.615083e+01
    endloop
  endfacet
  facet normal -8.467242e-01 0.000000e+00 5.320321e-01
    outer loop
      vertex   2.193273e+02 6.616667e+01 3.643523e+01
      vertex   2.191485e+02 6.616667e+01 3.615083e+01
      vertex   2.191485e+02 5.933333e+01 3.615083e+01
    endloop
  endfacet
  facet normal -9.438833e-01 0.000000e+00 3.302791e-01
    outer loop
      vertex   2.191485e+02 5.933333e+01 3.615083e+01
      vertex   2.191485e+02 6.616667e+01 3.615083e+01
      vertex   2.190376e+02 5.933333e+01 3.583378e+01
    endloop
  endfacet
  facet normal -8.467242e-01 0.000000e+00 5.320321e-01
    outer loop
      vertex   2.191485e+02 6.616667e+01 3.615083e+01
      vertex   2.193273e+02 7.300000e+01 3.643523e+01
      vertex   2.191485e+02 7.300000e+01 3.615083e+01
    endloop
  endfacet
  facet normal -9.438833e-01 0.000000e+00 3.302791e-01
    outer loop
      vertex   2.190376e+02 5.933333e+01 3.583378e+01
      vertex   2.191485e+02 6.616667e+01 3.615083e+01
      vertex   2.190376e+02 6.616667e+01 3.583378e+01
    endloop
  endfacet
  facet normal -9.438833e-01 0.000000e+00 3.302791e-01
    outer loop
      vertex   2.190376e+02 6.616667e+01 3.583378e+01
      vertex   2.191485e+02 6.616667e+01 3.615083e+01
      vertex   2.191485e+02 7.300000e+01 3.615083e+01
    endloop
  endfacet
  facet normal -6.299503e-02 -9.917385e-01 1.117421e-01
    outer loop
      vertex   2.210000e+02 5.050000e+01 3.550000e+01
      vertex   2.210000e+02 5.053761e+01 3.583378e+01
      vertex   2.207408e+02 5.051646e+01 3.550000e+01
    endloop
  endfacet
  facet normal -8.268309e-02 -9.884735e-01 1.268215e-01
    outer loop
      vertex   2.207408e+02 5.051646e+01 3.550000e+01
      vertex   2.210000e+02 5.053761e+01 3.583378e+01
      vertex   2.207487e+02 5.056370e+01 3.587333e+01
    endloop
  endfacet
  facet normal -1.947374e-01 -9.725771e-01 1.271655e-01
    outer loop
      vertex   2.207408e+02 5.051646e+01 3.550000e+01
      vertex   2.207487e+02 5.056370e+01 3.587333e+01
      vertex   2.205219e+02 5.056030e+01 3.550000e+01
    endloop
  endfacet
  facet normal -1.947451e-01 -9.725750e-01 1.271701e-01
    outer loop
      vertex   2.205219e+02 5.056030e+01 3.550000e+01
      vertex   2.207487e+02 5.056370e+01 3.587333e+01
      vertex   2.205342e+02 5.060665e+01 3.587333e+01
    endloop
  endfacet
  facet normal -3.506591e-01 -9.278843e-01 1.267629e-01
    outer loop
      vertex   2.205219e+02 5.056030e+01 3.550000e+01
      vertex   2.205342e+02 5.060665e+01 3.587333e+01
      vertex   2.201580e+02 5.069782e+01 3.550000e+01
    endloop
  endfacet
  facet normal -3.497859e-01 -9.283490e-01 1.257694e-01
    outer loop
      vertex   2.201580e+02 5.069782e+01 3.550000e+01
      vertex   2.205342e+02 5.060665e+01 3.587333e+01
      vertex   2.201795e+02 5.074029e+01 3.587333e+01
    endloop
  endfacet
  facet normal -5.076012e-01 -8.522974e-01 1.262151e-01
    outer loop
      vertex   2.201580e+02 5.069782e+01 3.550000e+01
      vertex   2.201795e+02 5.074029e+01 3.587333e+01
      vertex   2.198546e+02 5.087851e+01 3.550000e+01
    endloop
  endfacet
  facet normal -5.081137e-01 -8.519041e-01 1.268067e-01
    outer loop
      vertex   2.198546e+02 5.087851e+01 3.550000e+01
      vertex   2.201795e+02 5.074029e+01 3.587333e+01
      vertex   2.198825e+02 5.091745e+01 3.587333e+01
    endloop
  endfacet
  facet normal -6.447446e-01 -7.538107e-01 1.267827e-01
    outer loop
      vertex   2.198546e+02 5.087851e+01 3.550000e+01
      vertex   2.198825e+02 5.091745e+01 3.587333e+01
      vertex   2.195980e+02 5.109800e+01 3.550000e+01
    endloop
  endfacet
  facet normal -6.440029e-01 -7.546032e-01 1.258343e-01
    outer loop
      vertex   2.195980e+02 5.109800e+01 3.550000e+01
      vertex   2.198825e+02 5.091745e+01 3.587333e+01
      vertex   2.196316e+02 5.113154e+01 3.587333e+01
    endloop
  endfacet
  facet normal -7.548629e-01 -6.436934e-01 1.258604e-01
    outer loop
      vertex   2.195980e+02 5.109800e+01 3.550000e+01
      vertex   2.196316e+02 5.113154e+01 3.587333e+01
      vertex   2.193788e+02 5.135501e+01 3.550000e+01
    endloop
  endfacet
  facet normal -7.553020e-01 -6.430433e-01 1.265469e-01
    outer loop
      vertex   2.193788e+02 5.135501e+01 3.550000e+01
      vertex   2.196316e+02 5.113154e+01 3.587333e+01
      vertex   2.194175e+02 5.138309e+01 3.587333e+01
    endloop
  endfacet
  facet normal -8.518838e-01 -5.082475e-01 1.264063e-01
    outer loop
      vertex   2.193788e+02 5.135501e+01 3.550000e+01
      vertex   2.194175e+02 5.138309e+01 3.587333e+01
      vertex   2.191980e+02 5.165817e+01 3.550000e+01
    endloop
  endfacet
  facet normal -8.515921e-01 -5.088970e-01 1.257562e-01
    outer loop
      vertex   2.191980e+02 5.165817e+01 3.550000e+01
      vertex   2.194175e+02 5.138309e+01 3.587333e+01
      vertex   2.192408e+02 5.167872e+01 3.587333e+01
    endloop
  endfacet
  facet normal -9.299986e-01 -3.453804e-01 1.257575e-01
    outer loop
      vertex   2.191980e+02 5.165817e+01 3.550000e+01
      vertex   2.192408e+02 5.167872e+01 3.587333e+01
      vertex   2.190621e+02 5.202401e+01 3.550000e+01
    endloop
  endfacet
  facet normal -9.300154e-01 -3.453078e-01 1.258327e-01
    outer loop
      vertex   2.190621e+02 5.202401e+01 3.550000e+01
      vertex   2.192408e+02 5.167872e+01 3.587333e+01
      vertex   2.191080e+02 5.203653e+01 3.587333e+01
    endloop
  endfacet
  facet normal -9.723220e-01 -1.967286e-01 1.260466e-01
    outer loop
      vertex   2.190621e+02 5.202401e+01 3.550000e+01
      vertex   2.191080e+02 5.203653e+01 3.587333e+01
      vertex   2.190179e+02 5.224249e+01 3.550000e+01
    endloop
  endfacet
  facet normal -9.723854e-01 -1.962278e-01 1.263382e-01
    outer loop
      vertex   2.190179e+02 5.224249e+01 3.550000e+01
      vertex   2.191080e+02 5.203653e+01 3.587333e+01
      vertex   2.190651e+02 5.224911e+01 3.587333e+01
    endloop
  endfacet
  facet normal -9.880486e-01 -8.822025e-02 1.264008e-01
    outer loop
      vertex   2.190179e+02 5.224249e+01 3.550000e+01
      vertex   2.190651e+02 5.224911e+01 3.587333e+01
      vertex   2.190376e+02 5.250000e+01 3.583378e+01
    endloop
  endfacet
  facet normal -9.426461e-01 -5.118419e-02 3.298461e-01
    outer loop
      vertex   2.190376e+02 5.250000e+01 3.583378e+01
      vertex   2.190651e+02 5.224911e+01 3.587333e+01
      vertex   2.191485e+02 5.250000e+01 3.615083e+01
    endloop
  endfacet
  facet normal -9.372528e-01 -6.666314e-02 3.422180e-01
    outer loop
      vertex   2.191485e+02 5.250000e+01 3.615083e+01
      vertex   2.190651e+02 5.224911e+01 3.587333e+01
      vertex   2.191662e+02 5.226339e+01 3.615309e+01
    endloop
  endfacet
  facet normal -8.509991e-01 -5.850810e-02 5.218978e-01
    outer loop
      vertex   2.191485e+02 5.250000e+01 3.615083e+01
      vertex   2.191662e+02 5.226339e+01 3.615309e+01
      vertex   2.193203e+02 5.228514e+01 3.640688e+01
    endloop
  endfacet
  facet normal -8.358627e-01 -1.692537e-01 5.221942e-01
    outer loop
      vertex   2.193203e+02 5.228514e+01 3.640688e+01
      vertex   2.191662e+02 5.226339e+01 3.615309e+01
      vertex   2.193575e+02 5.210141e+01 3.640688e+01
    endloop
  endfacet
  facet normal -7.181855e-01 -1.454252e-01 6.804860e-01
    outer loop
      vertex   2.193203e+02 5.228514e+01 3.640688e+01
      vertex   2.193575e+02 5.210141e+01 3.640688e+01
      vertex   2.195538e+02 5.215293e+01 3.662502e+01
    endloop
  endfacet
  facet normal -6.879005e-01 -2.556843e-01 6.792779e-01
    outer loop
      vertex   2.195538e+02 5.215293e+01 3.662502e+01
      vertex   2.193575e+02 5.210141e+01 3.640688e+01
      vertex   2.196550e+02 5.188067e+01 3.662502e+01
    endloop
  endfacet
  facet normal -5.493882e-01 -2.042009e-01 8.102312e-01
    outer loop
      vertex   2.195538e+02 5.215293e+01 3.662502e+01
      vertex   2.196550e+02 5.188067e+01 3.662502e+01
      vertex   2.198724e+02 5.198638e+01 3.679904e+01
    endloop
  endfacet
  facet normal -5.028859e-01 -3.002804e-01 8.105168e-01
    outer loop
      vertex   2.198724e+02 5.198638e+01 3.679904e+01
      vertex   2.196550e+02 5.188067e+01 3.662502e+01
      vertex   2.199875e+02 5.179350e+01 3.679904e+01
    endloop
  endfacet
  facet normal -3.821450e-01 -2.281842e-01 8.954871e-01
    outer loop
      vertex   2.198724e+02 5.198638e+01 3.679904e+01
      vertex   2.199875e+02 5.179350e+01 3.679904e+01
      vertex   2.201246e+02 5.189224e+01 3.688269e+01
    endloop
  endfacet
  facet normal -3.386505e-01 -2.886105e-01 8.955556e-01
    outer loop
      vertex   2.201246e+02 5.189224e+01 3.688269e+01
      vertex   2.199875e+02 5.179350e+01 3.679904e+01
      vertex   2.202477e+02 5.174774e+01 3.688269e+01
    endloop
  endfacet
  facet normal -2.241328e-01 -1.910143e-01 9.556558e-01
    outer loop
      vertex   2.201246e+02 5.189224e+01 3.688269e+01
      vertex   2.202477e+02 5.174774e+01 3.688269e+01
      vertex   2.204491e+02 5.194909e+01 3.697016e+01
    endloop
  endfacet
  facet normal -1.911504e-01 -2.239982e-01 9.556601e-01
    outer loop
      vertex   2.204491e+02 5.194909e+01 3.697016e+01
      vertex   2.202477e+02 5.174774e+01 3.688269e+01
      vertex   2.205586e+02 5.185560e+01 3.697016e+01
    endloop
  endfacet
  facet normal -6.521508e-02 -7.642182e-02 9.949405e-01
    outer loop
      vertex   2.204491e+02 5.194909e+01 3.697016e+01
      vertex   2.205586e+02 5.185560e+01 3.697016e+01
      vertex   2.207320e+02 5.209617e+01 3.700000e+01
    endloop
  endfacet
  facet normal -5.162054e-02 -8.621744e-02 9.949381e-01
    outer loop
      vertex   2.207320e+02 5.209617e+01 3.700000e+01
      vertex   2.205586e+02 5.185560e+01 3.697016e+01
      vertex   2.208146e+02 5.204672e+01 3.700000e+01
    endloop
  endfacet
  facet normal -5.155201e-02 -8.630853e-02 9.949338e-01
    outer loop
      vertex   2.208146e+02 5.204672e+01 3.700000e+01
      vertex   2.205586e+02 5.185560e+01 3.697016e+01
      vertex   2.206849e+02 5.178019e+01 3.697016e+01
    endloop
  endfacet
  facet normal -3.529789e-02 -9.421759e-02 9.949257e-01
    outer loop
      vertex   2.208146e+02 5.204672e+01 3.700000e+01
      vertex   2.206849e+02 5.178019e+01 3.697016e+01
      vertex   2.209048e+02 5.201292e+01 3.700000e+01
    endloop
  endfacet
  facet normal -3.540439e-02 -9.411767e-02 9.949314e-01
    outer loop
      vertex   2.209048e+02 5.201292e+01 3.700000e+01
      vertex   2.206849e+02 5.178019e+01 3.697016e+01
      vertex   2.208292e+02 5.172592e+01 3.697016e+01
    endloop
  endfacet
  facet normal -1.975343e-02 -9.824655e-02 9.949660e-01
    outer loop
      vertex   2.209048e+02 5.201292e+01 3.700000e+01
      vertex   2.208292e+02 5.172592e+01 3.697016e+01
      vertex   2.209103e+02 5.170960e+01 3.697016e+01
    endloop
  endfacet
  facet normal -5.789509e-02 -2.879496e-01 9.558939e-01
    outer loop
      vertex   2.209103e+02 5.170960e+01 3.697016e+01
      vertex   2.208292e+02 5.172592e+01 3.697016e+01
      vertex   2.207565e+02 5.145017e+01 3.688269e+01
    endloop
  endfacet
  facet normal -5.779695e-02 -2.880043e-01 9.558834e-01
    outer loop
      vertex   2.209103e+02 5.170960e+01 3.697016e+01
      vertex   2.207565e+02 5.145017e+01 3.688269e+01
      vertex   2.208703e+02 5.142733e+01 3.688269e+01
    endloop
  endfacet
  facet normal -8.734864e-02 -4.352614e-01 8.960568e-01
    outer loop
      vertex   2.208703e+02 5.142733e+01 3.688269e+01
      vertex   2.207565e+02 5.145017e+01 3.688269e+01
      vertex   2.207134e+02 5.128661e+01 3.679904e+01
    endloop
  endfacet
  facet normal -8.729843e-02 -4.353071e-01 8.960395e-01
    outer loop
      vertex   2.208703e+02 5.142733e+01 3.688269e+01
      vertex   2.207134e+02 5.128661e+01 3.679904e+01
      vertex   2.208464e+02 5.125992e+01 3.679904e+01
    endloop
  endfacet
  facet normal -1.148916e-01 -5.728983e-01 8.115340e-01
    outer loop
      vertex   2.208464e+02 5.125992e+01 3.679904e+01
      vertex   2.207134e+02 5.128661e+01 3.679904e+01
      vertex   2.206516e+02 5.105249e+01 3.662502e+01
    endloop
  endfacet
  facet normal -1.148221e-01 -5.729444e-01 8.115113e-01
    outer loop
      vertex   2.208464e+02 5.125992e+01 3.679904e+01
      vertex   2.206516e+02 5.105249e+01 3.662502e+01
      vertex   2.208122e+02 5.102032e+01 3.662502e+01
    endloop
  endfacet
  facet normal -1.438976e-01 -7.180266e-01 6.809782e-01
    outer loop
      vertex   2.208122e+02 5.102032e+01 3.662502e+01
      vertex   2.206516e+02 5.105249e+01 3.662502e+01
      vertex   2.205998e+02 5.085598e+01 3.640688e+01
    endloop
  endfacet
  facet normal -1.438440e-01 -7.180617e-01 6.809525e-01
    outer loop
      vertex   2.208122e+02 5.102032e+01 3.662502e+01
      vertex   2.205998e+02 5.085598e+01 3.640688e+01
      vertex   2.207836e+02 5.081918e+01 3.640688e+01
    endloop
  endfacet
  facet normal -1.674929e-01 -8.361155e-01 5.223572e-01
    outer loop
      vertex   2.207836e+02 5.081918e+01 3.640688e+01
      vertex   2.205998e+02 5.085598e+01 3.640688e+01
      vertex   2.205602e+02 5.070537e+01 3.615309e+01
    endloop
  endfacet
  facet normal -1.674524e-01 -8.361392e-01 5.223322e-01
    outer loop
      vertex   2.207836e+02 5.081918e+01 3.640688e+01
      vertex   2.205602e+02 5.070537e+01 3.615309e+01
      vertex   2.207622e+02 5.066491e+01 3.615309e+01
    endloop
  endfacet
  facet normal -1.845110e-01 -9.213176e-01 3.422419e-01
    outer loop
      vertex   2.207622e+02 5.066491e+01 3.615309e+01
      vertex   2.205602e+02 5.070537e+01 3.615309e+01
      vertex   2.205342e+02 5.060665e+01 3.587333e+01
    endloop
  endfacet
  facet normal -1.844840e-01 -9.213302e-01 3.422225e-01
    outer loop
      vertex   2.207622e+02 5.066491e+01 3.615309e+01
      vertex   2.205342e+02 5.060665e+01 3.587333e+01
      vertex   2.207487e+02 5.056370e+01 3.587333e+01
    endloop
  endfacet
  facet normal -4.598963e-02 -9.428846e-01 3.299296e-01
    outer loop
      vertex   2.210000e+02 5.053761e+01 3.583378e+01
      vertex   2.210000e+02 5.064855e+01 3.615083e+01
      vertex   2.207487e+02 5.056370e+01 3.587333e+01
    endloop
  endfacet
  facet normal -6.126093e-02 -9.376437e-01 3.421571e-01
    outer loop
      vertex   2.207487e+02 5.056370e+01 3.587333e+01
      vertex   2.210000e+02 5.064855e+01 3.615083e+01
      vertex   2.207622e+02 5.066491e+01 3.615309e+01
    endloop
  endfacet
  facet normal -5.360631e-02 -8.512767e-01 5.219716e-01
    outer loop
      vertex   2.207622e+02 5.066491e+01 3.615309e+01
      vertex   2.210000e+02 5.064855e+01 3.615083e+01
      vertex   2.207836e+02 5.081918e+01 3.640688e+01
    endloop
  endfacet
  facet normal -3.808823e-02 -8.461098e-01 5.316460e-01
    outer loop
      vertex   2.207836e+02 5.081918e+01 3.640688e+01
      vertex   2.210000e+02 5.064855e+01 3.615083e+01
      vertex   2.210000e+02 5.082725e+01 3.643523e+01
    endloop
  endfacet
  facet normal -6.199329e-02 -7.297014e-01 6.809498e-01
    outer loop
      vertex   2.207836e+02 5.081918e+01 3.640688e+01
      vertex   2.210000e+02 5.082725e+01 3.643523e+01
      vertex   2.208122e+02 5.102032e+01 3.662502e+01
    endloop
  endfacet
  facet normal -1.233912e-02 -7.070529e-01 7.070529e-01
    outer loop
      vertex   2.208122e+02 5.102032e+01 3.662502e+01
      vertex   2.210000e+02 5.082725e+01 3.643523e+01
      vertex   2.210000e+02 5.106476e+01 3.667275e+01
    endloop
  endfacet
  facet normal -6.909580e-02 -5.797411e-01 8.118657e-01
    outer loop
      vertex   2.208122e+02 5.102032e+01 3.662502e+01
      vertex   2.210000e+02 5.106476e+01 3.667275e+01
      vertex   2.208464e+02 5.125992e+01 3.679904e+01
    endloop
  endfacet
  facet normal 2.019786e-02 -5.319235e-01 8.465515e-01
    outer loop
      vertex   2.208464e+02 5.125992e+01 3.679904e+01
      vertex   2.210000e+02 5.106476e+01 3.667275e+01
      vertex   2.210000e+02 5.134917e+01 3.685145e+01
    endloop
  endfacet
  facet normal -4.974701e-02 -4.407582e-01 8.962463e-01
    outer loop
      vertex   2.208464e+02 5.125992e+01 3.679904e+01
      vertex   2.210000e+02 5.134917e+01 3.685145e+01
      vertex   2.208703e+02 5.142733e+01 3.688269e+01
    endloop
  endfacet
  facet normal 2.827279e-02 -3.301470e-01 9.435060e-01
    outer loop
      vertex   2.208703e+02 5.142733e+01 3.688269e+01
      vertex   2.210000e+02 5.134917e+01 3.685145e+01
      vertex   2.210000e+02 5.166622e+01 3.696239e+01
    endloop
  endfacet
  facet normal -5.663283e-02 -2.881751e-01 9.559016e-01
    outer loop
      vertex   2.208703e+02 5.142733e+01 3.688269e+01
      vertex   2.210000e+02 5.166622e+01 3.696239e+01
      vertex   2.209103e+02 5.170960e+01 3.697016e+01
    endloop
  endfacet
  facet normal 3.188619e-02 -1.119075e-01 9.932069e-01
    outer loop
      vertex   2.209103e+02 5.170960e+01 3.697016e+01
      vertex   2.210000e+02 5.166622e+01 3.696239e+01
      vertex   2.210000e+02 5.200000e+01 3.700000e+01
    endloop
  endfacet
  facet normal -1.332585e-02 -9.814106e-02 9.950833e-01
    outer loop
      vertex   2.209103e+02 5.170960e+01 3.697016e+01
      vertex   2.210000e+02 5.200000e+01 3.700000e+01
      vertex   2.209048e+02 5.201292e+01 3.700000e+01
    endloop
  endfacet
  facet normal -6.517447e-02 -7.649928e-02 9.949373e-01
    outer loop
      vertex   2.207320e+02 5.209617e+01 3.700000e+01
      vertex   2.206587e+02 5.215866e+01 3.700000e+01
      vertex   2.204491e+02 5.194909e+01 3.697016e+01
    endloop
  endfacet
  facet normal -7.649792e-02 -6.517601e-02 9.949373e-01
    outer loop
      vertex   2.204491e+02 5.194909e+01 3.697016e+01
      vertex   2.206587e+02 5.215866e+01 3.700000e+01
      vertex   2.203557e+02 5.205872e+01 3.697016e+01
    endloop
  endfacet
  facet normal -2.241426e-01 -1.909688e-01 9.556626e-01
    outer loop
      vertex   2.204491e+02 5.194909e+01 3.697016e+01
      vertex   2.203557e+02 5.205872e+01 3.697016e+01
      vertex   2.201246e+02 5.189224e+01 3.688269e+01
    endloop
  endfacet
  facet normal -2.528732e-01 -1.510695e-01 9.556323e-01
    outer loop
      vertex   2.201246e+02 5.189224e+01 3.688269e+01
      vertex   2.203557e+02 5.205872e+01 3.697016e+01
      vertex   2.200242e+02 5.206027e+01 3.688269e+01
    endloop
  endfacet
  facet normal -3.821789e-01 -2.283183e-01 8.954385e-01
    outer loop
      vertex   2.201246e+02 5.189224e+01 3.688269e+01
      vertex   2.200242e+02 5.206027e+01 3.688269e+01
      vertex   2.198724e+02 5.198638e+01 3.679904e+01
    endloop
  endfacet
  facet normal -4.176081e-01 -1.552976e-01 8.952576e-01
    outer loop
      vertex   2.198724e+02 5.198638e+01 3.679904e+01
      vertex   2.200242e+02 5.206027e+01 3.688269e+01
      vertex   2.197876e+02 5.221437e+01 3.679904e+01
    endloop
  endfacet
  facet normal -5.494203e-01 -2.043151e-01 8.101806e-01
    outer loop
      vertex   2.198724e+02 5.198638e+01 3.679904e+01
      vertex   2.197876e+02 5.221437e+01 3.679904e+01
      vertex   2.195538e+02 5.215293e+01 3.662502e+01
    endloop
  endfacet
  facet normal -5.732863e-01 -1.160866e-01 8.110899e-01
    outer loop
      vertex   2.195538e+02 5.215293e+01 3.662502e+01
      vertex   2.197876e+02 5.221437e+01 3.679904e+01
      vertex   2.195213e+02 5.231347e+01 3.662502e+01
    endloop
  endfacet
  facet normal -7.181859e-01 -1.454279e-01 6.804849e-01
    outer loop
      vertex   2.195538e+02 5.215293e+01 3.662502e+01
      vertex   2.195213e+02 5.231347e+01 3.662502e+01
      vertex   2.193203e+02 5.228514e+01 3.640688e+01
    endloop
  endfacet
  facet normal -7.295537e-01 -6.639916e-02 6.806927e-01
    outer loop
      vertex   2.193203e+02 5.228514e+01 3.640688e+01
      vertex   2.195213e+02 5.231347e+01 3.662502e+01
      vertex   2.193273e+02 5.250000e+01 3.643523e+01
    endloop
  endfacet
  facet normal -8.459420e-01 -4.297293e-02 5.315406e-01
    outer loop
      vertex   2.193203e+02 5.228514e+01 3.640688e+01
      vertex   2.193273e+02 5.250000e+01 3.643523e+01
      vertex   2.191485e+02 5.250000e+01 3.615083e+01
    endloop
  endfacet
  facet normal -7.650626e-02 -6.515103e-02 9.949383e-01
    outer loop
      vertex   2.206587e+02 5.215866e+01 3.700000e+01
      vertex   2.205962e+02 5.223199e+01 3.700000e+01
      vertex   2.203557e+02 5.205872e+01 3.697016e+01
    endloop
  endfacet
  facet normal -8.627687e-02 -5.158671e-02 9.949347e-01
    outer loop
      vertex   2.203557e+02 5.205872e+01 3.697016e+01
      vertex   2.205962e+02 5.223199e+01 3.700000e+01
      vertex   2.202802e+02 5.218488e+01 3.697016e+01
    endloop
  endfacet
  facet normal -2.528688e-01 -1.511954e-01 9.556136e-01
    outer loop
      vertex   2.203557e+02 5.205872e+01 3.697016e+01
      vertex   2.202802e+02 5.218488e+01 3.697016e+01
      vertex   2.200242e+02 5.206027e+01 3.688269e+01
    endloop
  endfacet
  facet normal -2.763790e-01 -1.028325e-01 9.555313e-01
    outer loop
      vertex   2.200242e+02 5.206027e+01 3.688269e+01
      vertex   2.202802e+02 5.218488e+01 3.697016e+01
      vertex   2.199509e+02 5.225725e+01 3.688269e+01
    endloop
  endfacet
  facet normal -4.176593e-01 -1.553988e-01 8.952161e-01
    outer loop
      vertex   2.200242e+02 5.206027e+01 3.688269e+01
      vertex   2.199509e+02 5.225725e+01 3.688269e+01
      vertex   2.197876e+02 5.221437e+01 3.679904e+01
    endloop
  endfacet
  facet normal -4.356175e-01 -8.815261e-02 8.958049e-01
    outer loop
      vertex   2.197876e+02 5.221437e+01 3.679904e+01
      vertex   2.199509e+02 5.225725e+01 3.688269e+01
      vertex   2.197607e+02 5.234722e+01 3.679904e+01
    endloop
  endfacet
  facet normal -5.732714e-01 -1.160086e-01 8.111116e-01
    outer loop
      vertex   2.197876e+02 5.221437e+01 3.679904e+01
      vertex   2.197607e+02 5.234722e+01 3.679904e+01
      vertex   2.195213e+02 5.231347e+01 3.662502e+01
    endloop
  endfacet
  facet normal -5.797281e-01 -7.257716e-02 8.115712e-01
    outer loop
      vertex   2.195213e+02 5.231347e+01 3.662502e+01
      vertex   2.197607e+02 5.234722e+01 3.679904e+01
      vertex   2.195648e+02 5.250000e+01 3.667275e+01
    endloop
  endfacet
  facet normal -7.070144e-01 -1.616805e-02 7.070144e-01
    outer loop
      vertex   2.195213e+02 5.231347e+01 3.662502e+01
      vertex   2.195648e+02 5.250000e+01 3.667275e+01
      vertex   2.193273e+02 5.250000e+01 3.643523e+01
    endloop
  endfacet
  facet normal -8.626453e-02 -5.166755e-02 9.949316e-01
    outer loop
      vertex   2.205962e+02 5.223199e+01 3.700000e+01
      vertex   2.205467e+02 5.231459e+01 3.700000e+01
      vertex   2.202802e+02 5.218488e+01 3.697016e+01
    endloop
  endfacet
  facet normal -9.430724e-02 -3.514116e-02 9.949227e-01
    outer loop
      vertex   2.202802e+02 5.218488e+01 3.697016e+01
      vertex   2.205467e+02 5.231459e+01 3.700000e+01
      vertex   2.202264e+02 5.232952e+01 3.697016e+01
    endloop
  endfacet
  facet normal -2.764081e-01 -1.029963e-01 9.555053e-01
    outer loop
      vertex   2.202802e+02 5.218488e+01 3.697016e+01
      vertex   2.202264e+02 5.232952e+01 3.697016e+01
      vertex   2.199509e+02 5.225725e+01 3.688269e+01
    endloop
  endfacet
  facet normal -2.882206e-01 -5.831290e-02 9.557868e-01
    outer loop
      vertex   2.199509e+02 5.225725e+01 3.688269e+01
      vertex   2.202264e+02 5.232952e+01 3.697016e+01
      vertex   2.199279e+02 5.237080e+01 3.688269e+01
    endloop
  endfacet
  facet normal -4.356105e-01 -8.813287e-02 8.958103e-01
    outer loop
      vertex   2.199509e+02 5.225725e+01 3.688269e+01
      vertex   2.199279e+02 5.237080e+01 3.688269e+01
      vertex   2.197607e+02 5.234722e+01 3.679904e+01
    endloop
  endfacet
  facet normal -4.408237e-01 -5.211191e-02 8.960797e-01
    outer loop
      vertex   2.197607e+02 5.234722e+01 3.679904e+01
      vertex   2.199279e+02 5.237080e+01 3.688269e+01
      vertex   2.198492e+02 5.250000e+01 3.685145e+01
    endloop
  endfacet
  facet normal -5.319493e-01 1.764366e-02 8.465924e-01
    outer loop
      vertex   2.197607e+02 5.234722e+01 3.679904e+01
      vertex   2.198492e+02 5.250000e+01 3.685145e+01
      vertex   2.195648e+02 5.250000e+01 3.667275e+01
    endloop
  endfacet
  facet normal -9.431245e-02 -3.526246e-02 9.949179e-01
    outer loop
      vertex   2.205467e+02 5.231459e+01 3.700000e+01
      vertex   2.205130e+02 5.240473e+01 3.700000e+01
      vertex   2.202264e+02 5.232952e+01 3.697016e+01
    endloop
  endfacet
  facet normal -9.834573e-02 -1.990185e-02 9.949533e-01
    outer loop
      vertex   2.202264e+02 5.232952e+01 3.697016e+01
      vertex   2.205130e+02 5.240473e+01 3.700000e+01
      vertex   2.202100e+02 5.241056e+01 3.697016e+01
    endloop
  endfacet
  facet normal -2.882221e-01 -5.832641e-02 9.557856e-01
    outer loop
      vertex   2.202264e+02 5.232952e+01 3.697016e+01
      vertex   2.202100e+02 5.241056e+01 3.697016e+01
      vertex   2.199279e+02 5.237080e+01 3.688269e+01
    endloop
  endfacet
  facet normal -2.882734e-01 -5.797593e-02 9.557914e-01
    outer loop
      vertex   2.199279e+02 5.237080e+01 3.688269e+01
      vertex   2.202100e+02 5.241056e+01 3.697016e+01
      vertex   2.201662e+02 5.250000e+01 3.696239e+01
    endloop
  endfacet
  facet normal -3.301602e-01 2.683020e-02 9.435435e-01
    outer loop
      vertex   2.199279e+02 5.237080e+01 3.688269e+01
      vertex   2.201662e+02 5.250000e+01 3.696239e+01
      vertex   2.198492e+02 5.250000e+01 3.685145e+01
    endloop
  endfacet
  facet normal -9.823315e-02 -1.344640e-02 9.950726e-01
    outer loop
      vertex   2.205130e+02 5.240473e+01 3.700000e+01
      vertex   2.205000e+02 5.250000e+01 3.700000e+01
      vertex   2.202100e+02 5.241056e+01 3.697016e+01
    endloop
  endfacet
  facet normal -1.119088e-01 3.152315e-02 9.932184e-01
    outer loop
      vertex   2.202100e+02 5.241056e+01 3.697016e+01
      vertex   2.205000e+02 5.250000e+01 3.700000e+01
      vertex   2.201662e+02 5.250000e+01 3.696239e+01
    endloop
  endfacet
  facet normal -9.913500e-01 -6.891025e-02 1.116983e-01
    outer loop
      vertex   2.190376e+02 5.250000e+01 3.583378e+01
      vertex   2.190000e+02 5.250000e+01 3.550000e+01
      vertex   2.190179e+02 5.224249e+01 3.550000e+01
    endloop
  endfacet
  facet normal -1.039153e-01 -2.757270e-01 9.556026e-01
    outer loop
      vertex   2.207565e+02 5.145017e+01 3.688269e+01
      vertex   2.208292e+02 5.172592e+01 3.697016e+01
      vertex   2.205603e+02 5.152412e+01 3.688269e+01
    endloop
  endfacet
  facet normal -1.037821e-01 -2.758903e-01 9.555699e-01
    outer loop
      vertex   2.205603e+02 5.152412e+01 3.688269e+01
      vertex   2.208292e+02 5.172592e+01 3.697016e+01
      vertex   2.206849e+02 5.178019e+01 3.697016e+01
    endloop
  endfacet
  facet normal -1.509219e-01 -2.529684e-01 9.556305e-01
    outer loop
      vertex   2.205603e+02 5.152412e+01 3.688269e+01
      vertex   2.206849e+02 5.178019e+01 3.697016e+01
      vertex   2.203921e+02 5.162445e+01 3.688269e+01
    endloop
  endfacet
  facet normal -1.510088e-01 -2.528194e-01 9.556562e-01
    outer loop
      vertex   2.203921e+02 5.162445e+01 3.688269e+01
      vertex   2.206849e+02 5.178019e+01 3.697016e+01
      vertex   2.205586e+02 5.185560e+01 3.697016e+01
    endloop
  endfacet
  facet normal -1.912017e-01 -2.238669e-01 9.556806e-01
    outer loop
      vertex   2.203921e+02 5.162445e+01 3.688269e+01
      vertex   2.205586e+02 5.185560e+01 3.697016e+01
      vertex   2.202477e+02 5.174774e+01 3.688269e+01
    endloop
  endfacet
  facet normal -1.571457e-01 -4.165416e-01 8.954319e-01
    outer loop
      vertex   2.207134e+02 5.128661e+01 3.679904e+01
      vertex   2.207565e+02 5.145017e+01 3.688269e+01
      vertex   2.204863e+02 5.137227e+01 3.679904e+01
    endloop
  endfacet
  facet normal -1.570620e-01 -4.167457e-01 8.953516e-01
    outer loop
      vertex   2.204863e+02 5.137227e+01 3.679904e+01
      vertex   2.207565e+02 5.145017e+01 3.688269e+01
      vertex   2.205603e+02 5.152412e+01 3.688269e+01
    endloop
  endfacet
  facet normal -2.279411e-01 -3.822953e-01 8.954849e-01
    outer loop
      vertex   2.204863e+02 5.137227e+01 3.679904e+01
      vertex   2.205603e+02 5.152412e+01 3.688269e+01
      vertex   2.202933e+02 5.148734e+01 3.679904e+01
    endloop
  endfacet
  facet normal -2.279819e-01 -3.821330e-01 8.955437e-01
    outer loop
      vertex   2.202933e+02 5.148734e+01 3.679904e+01
      vertex   2.205603e+02 5.152412e+01 3.688269e+01
      vertex   2.203921e+02 5.162445e+01 3.688269e+01
    endloop
  endfacet
  facet normal -2.890114e-01 -3.381956e-01 8.955982e-01
    outer loop
      vertex   2.202933e+02 5.148734e+01 3.679904e+01
      vertex   2.203921e+02 5.162445e+01 3.688269e+01
      vertex   2.201283e+02 5.162833e+01 3.679904e+01
    endloop
  endfacet
  facet normal -2.889950e-01 -3.383673e-01 8.955386e-01
    outer loop
      vertex   2.201283e+02 5.162833e+01 3.679904e+01
      vertex   2.203921e+02 5.162445e+01 3.688269e+01
      vertex   2.202477e+02 5.174774e+01 3.688269e+01
    endloop
  endfacet
  facet normal -3.386559e-01 -2.886952e-01 8.955262e-01
    outer loop
      vertex   2.201283e+02 5.162833e+01 3.679904e+01
      vertex   2.202477e+02 5.174774e+01 3.688269e+01
      vertex   2.199875e+02 5.179350e+01 3.679904e+01
    endloop
  endfacet
  facet normal -2.070105e-01 -5.478731e-01 8.105441e-01
    outer loop
      vertex   2.206516e+02 5.105249e+01 3.662502e+01
      vertex   2.207134e+02 5.128661e+01 3.679904e+01
      vertex   2.203804e+02 5.115499e+01 3.662502e+01
    endloop
  endfacet
  facet normal -2.068079e-01 -5.481798e-01 8.103884e-01
    outer loop
      vertex   2.203804e+02 5.115499e+01 3.662502e+01
      vertex   2.207134e+02 5.128661e+01 3.679904e+01
      vertex   2.204863e+02 5.137227e+01 3.679904e+01
    endloop
  endfacet
  facet normal -2.996941e-01 -5.030741e-01 8.106170e-01
    outer loop
      vertex   2.203804e+02 5.115499e+01 3.662502e+01
      vertex   2.204863e+02 5.137227e+01 3.679904e+01
      vertex   2.201519e+02 5.129108e+01 3.662502e+01
    endloop
  endfacet
  facet normal -2.998096e-01 -5.028307e-01 8.107253e-01
    outer loop
      vertex   2.201519e+02 5.129108e+01 3.662502e+01
      vertex   2.204863e+02 5.137227e+01 3.679904e+01
      vertex   2.202933e+02 5.148734e+01 3.679904e+01
    endloop
  endfacet
  facet normal -3.804689e-01 -4.447945e-01 8.108028e-01
    outer loop
      vertex   2.201519e+02 5.129108e+01 3.662502e+01
      vertex   2.202933e+02 5.148734e+01 3.679904e+01
      vertex   2.199574e+02 5.145745e+01 3.662502e+01
    endloop
  endfacet
  facet normal -3.803749e-01 -4.451075e-01 8.106752e-01
    outer loop
      vertex   2.199574e+02 5.145745e+01 3.662502e+01
      vertex   2.202933e+02 5.148734e+01 3.679904e+01
      vertex   2.201283e+02 5.162833e+01 3.679904e+01
    endloop
  endfacet
  facet normal -4.454837e-01 -3.799723e-01 8.106573e-01
    outer loop
      vertex   2.199574e+02 5.145745e+01 3.662502e+01
      vertex   2.201283e+02 5.162833e+01 3.679904e+01
      vertex   2.197914e+02 5.165213e+01 3.662502e+01
    endloop
  endfacet
  facet normal -4.455088e-01 -3.797843e-01 8.107316e-01
    outer loop
      vertex   2.197914e+02 5.165213e+01 3.662502e+01
      vertex   2.201283e+02 5.162833e+01 3.679904e+01
      vertex   2.199875e+02 5.179350e+01 3.679904e+01
    endloop
  endfacet
  facet normal -5.028734e-01 -3.000377e-01 8.106144e-01
    outer loop
      vertex   2.197914e+02 5.165213e+01 3.662502e+01
      vertex   2.199875e+02 5.179350e+01 3.679904e+01
      vertex   2.196550e+02 5.188067e+01 3.662502e+01
    endloop
  endfacet
  facet normal -2.593784e-01 -6.861300e-01 6.796679e-01
    outer loop
      vertex   2.205998e+02 5.085598e+01 3.640688e+01
      vertex   2.206516e+02 5.105249e+01 3.662502e+01
      vertex   2.202915e+02 5.097253e+01 3.640688e+01
    endloop
  endfacet
  facet normal -2.592960e-01 -6.862517e-01 6.795764e-01
    outer loop
      vertex   2.202915e+02 5.097253e+01 3.640688e+01
      vertex   2.206516e+02 5.105249e+01 3.662502e+01
      vertex   2.203804e+02 5.115499e+01 3.662502e+01
    endloop
  endfacet
  facet normal -3.752433e-01 -6.300968e-01 6.798312e-01
    outer loop
      vertex   2.202915e+02 5.097253e+01 3.640688e+01
      vertex   2.203804e+02 5.115499e+01 3.662502e+01
      vertex   2.200332e+02 5.112635e+01 3.640688e+01
    endloop
  endfacet
  facet normal -3.752984e-01 -6.299853e-01 6.799041e-01
    outer loop
      vertex   2.200332e+02 5.112635e+01 3.640688e+01
      vertex   2.203804e+02 5.115499e+01 3.662502e+01
      vertex   2.201519e+02 5.129108e+01 3.662502e+01
    endloop
  endfacet
  facet normal -4.766628e-01 -5.571044e-01 6.800200e-01
    outer loop
      vertex   2.200332e+02 5.112635e+01 3.640688e+01
      vertex   2.201519e+02 5.129108e+01 3.662502e+01
      vertex   2.198139e+02 5.131397e+01 3.640688e+01
    endloop
  endfacet
  facet normal -4.766287e-01 -5.572120e-01 6.799558e-01
    outer loop
      vertex   2.198139e+02 5.131397e+01 3.640688e+01
      vertex   2.201519e+02 5.129108e+01 3.662502e+01
      vertex   2.199574e+02 5.145745e+01 3.662502e+01
    endloop
  endfacet
  facet normal -5.578860e-01 -4.758942e-01 6.799176e-01
    outer loop
      vertex   2.198139e+02 5.131397e+01 3.640688e+01
      vertex   2.199574e+02 5.145745e+01 3.662502e+01
      vertex   2.196267e+02 5.153349e+01 3.640688e+01
    endloop
  endfacet
  facet normal -5.578925e-01 -4.758507e-01 6.799426e-01
    outer loop
      vertex   2.196267e+02 5.153349e+01 3.640688e+01
      vertex   2.199574e+02 5.145745e+01 3.662502e+01
      vertex   2.197914e+02 5.165213e+01 3.662502e+01
    endloop
  endfacet
  facet normal -6.298527e-01 -3.757073e-01 6.798012e-01
    outer loop
      vertex   2.196267e+02 5.153349e+01 3.640688e+01
      vertex   2.197914e+02 5.165213e+01 3.662502e+01
      vertex   2.194726e+02 5.179189e+01 3.640688e+01
    endloop
  endfacet
  facet normal -6.298562e-01 -3.758015e-01 6.797458e-01
    outer loop
      vertex   2.194726e+02 5.179189e+01 3.640688e+01
      vertex   2.197914e+02 5.165213e+01 3.662502e+01
      vertex   2.196550e+02 5.188067e+01 3.662502e+01
    endloop
  endfacet
  facet normal -6.878736e-01 -2.555837e-01 6.793430e-01
    outer loop
      vertex   2.194726e+02 5.179189e+01 3.640688e+01
      vertex   2.196550e+02 5.188067e+01 3.662502e+01
      vertex   2.193575e+02 5.210141e+01 3.640688e+01
    endloop
  endfacet
  facet normal -3.014583e-01 -7.985526e-01 5.209958e-01
    outer loop
      vertex   2.205602e+02 5.070537e+01 3.615309e+01
      vertex   2.205998e+02 5.085598e+01 3.640688e+01
      vertex   2.202237e+02 5.083238e+01 3.615309e+01
    endloop
  endfacet
  facet normal -3.017418e-01 -7.981931e-01 5.213825e-01
    outer loop
      vertex   2.202237e+02 5.083238e+01 3.615309e+01
      vertex   2.205998e+02 5.085598e+01 3.640688e+01
      vertex   2.202915e+02 5.097253e+01 3.640688e+01
    endloop
  endfacet
  facet normal -4.368010e-01 -7.330028e-01 5.214517e-01
    outer loop
      vertex   2.202237e+02 5.083238e+01 3.615309e+01
      vertex   2.202915e+02 5.097253e+01 3.640688e+01
      vertex   2.199422e+02 5.100014e+01 3.615309e+01
    endloop
  endfacet
  facet normal -4.366652e-01 -7.332345e-01 5.212396e-01
    outer loop
      vertex   2.199422e+02 5.100014e+01 3.615309e+01
      vertex   2.202915e+02 5.097253e+01 3.640688e+01
      vertex   2.200332e+02 5.112635e+01 3.640688e+01
    endloop
  endfacet
  facet normal -5.544004e-01 -6.486670e-01 5.214127e-01
    outer loop
      vertex   2.199422e+02 5.100014e+01 3.615309e+01
      vertex   2.200332e+02 5.112635e+01 3.640688e+01
      vertex   2.197039e+02 5.120385e+01 3.615309e+01
    endloop
  endfacet
  facet normal -5.545919e-01 -6.481849e-01 5.218085e-01
    outer loop
      vertex   2.197039e+02 5.120385e+01 3.615309e+01
      vertex   2.200332e+02 5.112635e+01 3.640688e+01
      vertex   2.198139e+02 5.131397e+01 3.640688e+01
    endloop
  endfacet
  facet normal -6.492764e-01 -5.533813e-01 5.217369e-01
    outer loop
      vertex   2.197039e+02 5.120385e+01 3.615309e+01
      vertex   2.198139e+02 5.131397e+01 3.640688e+01
      vertex   2.195004e+02 5.144262e+01 3.615309e+01
    endloop
  endfacet
  facet normal -6.491878e-01 -5.537775e-01 5.214266e-01
    outer loop
      vertex   2.195004e+02 5.144262e+01 3.615309e+01
      vertex   2.198139e+02 5.131397e+01 3.640688e+01
      vertex   2.196267e+02 5.153349e+01 3.640688e+01
    endloop
  endfacet
  facet normal -7.327244e-01 -4.374053e-01 5.213363e-01
    outer loop
      vertex   2.195004e+02 5.144262e+01 3.615309e+01
      vertex   2.196267e+02 5.153349e+01 3.640688e+01
      vertex   2.193326e+02 5.172362e+01 3.615309e+01
    endloop
  endfacet
  facet normal -7.327358e-01 -4.370771e-01 5.215954e-01
    outer loop
      vertex   2.193326e+02 5.172362e+01 3.615309e+01
      vertex   2.196267e+02 5.153349e+01 3.640688e+01
      vertex   2.194726e+02 5.179189e+01 3.640688e+01
    endloop
  endfacet
  facet normal -8.000919e-01 -2.971651e-01 5.211006e-01
    outer loop
      vertex   2.193326e+02 5.172362e+01 3.615309e+01
      vertex   2.194726e+02 5.179189e+01 3.640688e+01
      vertex   2.192069e+02 5.206213e+01 3.615309e+01
    endloop
  endfacet
  facet normal -8.001154e-01 -2.972879e-01 5.209944e-01
    outer loop
      vertex   2.192069e+02 5.206213e+01 3.615309e+01
      vertex   2.194726e+02 5.179189e+01 3.640688e+01
      vertex   2.193575e+02 5.210141e+01 3.640688e+01
    endloop
  endfacet
  facet normal -8.358271e-01 -1.689872e-01 5.223375e-01
    outer loop
      vertex   2.192069e+02 5.206213e+01 3.615309e+01
      vertex   2.193575e+02 5.210141e+01 3.640688e+01
      vertex   2.191662e+02 5.226339e+01 3.615309e+01
    endloop
  endfacet
  facet normal -3.314318e-01 -8.796364e-01 3.411639e-01
    outer loop
      vertex   2.205342e+02 5.060665e+01 3.587333e+01
      vertex   2.205602e+02 5.070537e+01 3.615309e+01
      vertex   2.201795e+02 5.074029e+01 3.587333e+01
    endloop
  endfacet
  facet normal -3.318998e-01 -8.791910e-01 3.418563e-01
    outer loop
      vertex   2.201795e+02 5.074029e+01 3.587333e+01
      vertex   2.205602e+02 5.070537e+01 3.615309e+01
      vertex   2.202237e+02 5.083238e+01 3.615309e+01
    endloop
  endfacet
  facet normal -4.814049e-01 -8.071242e-01 3.417599e-01
    outer loop
      vertex   2.201795e+02 5.074029e+01 3.587333e+01
      vertex   2.202237e+02 5.083238e+01 3.615309e+01
      vertex   2.198825e+02 5.091745e+01 3.587333e+01
    endloop
  endfacet
  facet normal -4.811581e-01 -8.074392e-01 3.413631e-01
    outer loop
      vertex   2.198825e+02 5.091745e+01 3.587333e+01
      vertex   2.202237e+02 5.083238e+01 3.615309e+01
      vertex   2.199422e+02 5.100014e+01 3.615309e+01
    endloop
  endfacet
  facet normal -6.101276e-01 -7.149102e-01 3.415373e-01
    outer loop
      vertex   2.198825e+02 5.091745e+01 3.587333e+01
      vertex   2.199422e+02 5.100014e+01 3.615309e+01
      vertex   2.196316e+02 5.113154e+01 3.587333e+01
    endloop
  endfacet
  facet normal -6.104795e-01 -7.142815e-01 3.422232e-01
    outer loop
      vertex   2.196316e+02 5.113154e+01 3.587333e+01
      vertex   2.199422e+02 5.100014e+01 3.615309e+01
      vertex   2.197039e+02 5.120385e+01 3.615309e+01
    endloop
  endfacet
  facet normal -7.154672e-01 -6.091291e-01 3.421526e-01
    outer loop
      vertex   2.196316e+02 5.113154e+01 3.587333e+01
      vertex   2.197039e+02 5.120385e+01 3.615309e+01
      vertex   2.194175e+02 5.138309e+01 3.587333e+01
    endloop
  endfacet
  facet normal -7.152810e-01 -6.096373e-01 3.416364e-01
    outer loop
      vertex   2.194175e+02 5.138309e+01 3.587333e+01
      vertex   2.197039e+02 5.120385e+01 3.615309e+01
      vertex   2.195004e+02 5.144262e+01 3.615309e+01
    endloop
  endfacet
  facet normal -8.067689e-01 -4.821114e-01 3.416030e-01
    outer loop
      vertex   2.194175e+02 5.138309e+01 3.587333e+01
      vertex   2.195004e+02 5.144262e+01 3.615309e+01
      vertex   2.192408e+02 5.167872e+01 3.587333e+01
    endloop
  endfacet
  facet normal -8.068476e-01 -4.816537e-01 3.420623e-01
    outer loop
      vertex   2.192408e+02 5.167872e+01 3.587333e+01
      vertex   2.195004e+02 5.144262e+01 3.615309e+01
      vertex   2.193326e+02 5.172362e+01 3.615309e+01
    endloop
  endfacet
  facet normal -8.810684e-01 -3.271342e-01 3.416162e-01
    outer loop
      vertex   2.192408e+02 5.167872e+01 3.587333e+01
      vertex   2.193326e+02 5.172362e+01 3.615309e+01
      vertex   2.191080e+02 5.203653e+01 3.587333e+01
    endloop
  endfacet
  facet normal -8.810736e-01 -3.272428e-01 3.414988e-01
    outer loop
      vertex   2.191080e+02 5.203653e+01 3.587333e+01
      vertex   2.193326e+02 5.172362e+01 3.615309e+01
      vertex   2.192069e+02 5.206213e+01 3.615309e+01
    endloop
  endfacet
  facet normal -9.209024e-01 -1.858385e-01 3.426411e-01
    outer loop
      vertex   2.191080e+02 5.203653e+01 3.587333e+01
      vertex   2.192069e+02 5.206213e+01 3.615309e+01
      vertex   2.190651e+02 5.224911e+01 3.587333e+01
    endloop
  endfacet
  facet normal -9.209162e-01 -1.861905e-01 3.424128e-01
    outer loop
      vertex   2.190651e+02 5.224911e+01 3.587333e+01
      vertex   2.192069e+02 5.206213e+01 3.615309e+01
      vertex   2.191662e+02 5.226339e+01 3.615309e+01
    endloop
  endfacet
  facet normal -9.943177e-01 -1.055290e-01 -1.400027e-02
    outer loop
      vertex   2.190411e+02 5.211268e+01 2.500000e+01
      vertex   2.190312e+02 5.216271e+01 2.532812e+01
      vertex   2.190000e+02 5.250000e+01 2.500000e+01
    endloop
  endfacet
  facet normal -9.957551e-01 -9.204197e-02 0.000000e+00
    outer loop
      vertex   2.190000e+02 5.250000e+01 2.500000e+01
      vertex   2.190312e+02 5.216271e+01 2.532812e+01
      vertex   2.190312e+02 5.216271e+01 2.565625e+01
    endloop
  endfacet
  facet normal -9.957551e-01 -9.204197e-02 0.000000e+00
    outer loop
      vertex   2.190000e+02 5.250000e+01 2.500000e+01
      vertex   2.190312e+02 5.216271e+01 2.565625e+01
      vertex   2.190312e+02 5.216271e+01 2.598437e+01
    endloop
  endfacet
  facet normal -9.617006e-01 -2.741023e-01 -0.000000e+00
    outer loop
      vertex   2.190312e+02 5.216271e+01 2.598437e+01
      vertex   2.190312e+02 5.216271e+01 2.565625e+01
      vertex   2.191319e+02 5.180948e+01 2.565625e+01
    endloop
  endfacet
  facet normal -9.617006e-01 -2.741023e-01 0.000000e+00
    outer loop
      vertex   2.190312e+02 5.216271e+01 2.598437e+01
      vertex   2.191319e+02 5.180948e+01 2.565625e+01
      vertex   2.191319e+02 5.180948e+01 2.598437e+01
    endloop
  endfacet
  facet normal -8.927140e-01 -4.506238e-01 -0.000000e+00
    outer loop
      vertex   2.191319e+02 5.180948e+01 2.598437e+01
      vertex   2.191319e+02 5.180948e+01 2.565625e+01
      vertex   2.193076e+02 5.146122e+01 2.565625e+01
    endloop
  endfacet
  facet normal -8.927140e-01 -4.506238e-01 0.000000e+00
    outer loop
      vertex   2.191319e+02 5.180948e+01 2.598437e+01
      vertex   2.193076e+02 5.146122e+01 2.565625e+01
      vertex   2.193076e+02 5.146122e+01 2.598437e+01
    endloop
  endfacet
  facet normal -7.902029e-01 -6.128453e-01 -0.000000e+00
    outer loop
      vertex   2.193076e+02 5.146122e+01 2.598437e+01
      vertex   2.193076e+02 5.146122e+01 2.565625e+01
      vertex   2.195550e+02 5.114225e+01 2.565625e+01
    endloop
  endfacet
  facet normal -7.902029e-01 -6.128453e-01 0.000000e+00
    outer loop
      vertex   2.193076e+02 5.146122e+01 2.598437e+01
      vertex   2.195550e+02 5.114225e+01 2.565625e+01
      vertex   2.195550e+02 5.114225e+01 2.598437e+01
    endloop
  endfacet
  facet normal -6.524509e-01 -7.578310e-01 -0.000000e+00
    outer loop
      vertex   2.195550e+02 5.114225e+01 2.598437e+01
      vertex   2.195550e+02 5.114225e+01 2.565625e+01
      vertex   2.198853e+02 5.085788e+01 2.565625e+01
    endloop
  endfacet
  facet normal -6.524509e-01 -7.578310e-01 0.000000e+00
    outer loop
      vertex   2.195550e+02 5.114225e+01 2.598437e+01
      vertex   2.198853e+02 5.085788e+01 2.565625e+01
      vertex   2.198853e+02 5.085788e+01 2.598437e+01
    endloop
  endfacet
  facet normal -4.827827e-01 -8.757402e-01 -0.000000e+00
    outer loop
      vertex   2.198853e+02 5.085788e+01 2.598437e+01
      vertex   2.198853e+02 5.085788e+01 2.565625e+01
      vertex   2.202559e+02 5.065362e+01 2.565625e+01
    endloop
  endfacet
  facet normal -4.827827e-01 -8.757402e-01 0.000000e+00
    outer loop
      vertex   2.198853e+02 5.085788e+01 2.598437e+01
      vertex   2.202559e+02 5.065362e+01 2.565625e+01
      vertex   2.202559e+02 5.065362e+01 2.598438e+01
    endloop
  endfacet
  facet normal -2.947859e-01 -9.555633e-01 -0.000000e+00
    outer loop
      vertex   2.202559e+02 5.065362e+01 2.598438e+01
      vertex   2.202559e+02 5.065362e+01 2.565625e+01
      vertex   2.206363e+02 5.053625e+01 2.565625e+01
    endloop
  endfacet
  facet normal -2.947859e-01 -9.555633e-01 0.000000e+00
    outer loop
      vertex   2.202559e+02 5.065362e+01 2.598438e+01
      vertex   2.206363e+02 5.053625e+01 2.565625e+01
      vertex   2.206363e+02 5.053625e+01 2.598437e+01
    endloop
  endfacet
  facet normal -9.918098e-02 -9.950694e-01 -0.000000e+00
    outer loop
      vertex   2.206363e+02 5.053625e+01 2.598437e+01
      vertex   2.206363e+02 5.053625e+01 2.565625e+01
      vertex   2.210000e+02 5.050000e+01 2.500000e+01
    endloop
  endfacet
  facet normal -9.918098e-02 -9.950694e-01 0.000000e+00
    outer loop
      vertex   2.206363e+02 5.053625e+01 2.598437e+01
      vertex   2.210000e+02 5.050000e+01 2.500000e+01
      vertex   2.206363e+02 5.053625e+01 2.631250e+01
    endloop
  endfacet
  facet normal -9.918098e-02 -9.950694e-01 0.000000e+00
    outer loop
      vertex   2.206363e+02 5.053625e+01 2.631250e+01
      vertex   2.210000e+02 5.050000e+01 2.500000e+01
      vertex   2.206363e+02 5.053625e+01 2.696875e+01
    endloop
  endfacet
  facet normal -2.947859e-01 -9.555633e-01 0.000000e+00
    outer loop
      vertex   2.206363e+02 5.053625e+01 2.631250e+01
      vertex   2.206363e+02 5.053625e+01 2.696875e+01
      vertex   2.202559e+02 5.065362e+01 2.696875e+01
    endloop
  endfacet
  facet normal -2.947859e-01 -9.555633e-01 0.000000e+00
    outer loop
      vertex   2.202559e+02 5.065362e+01 2.696875e+01
      vertex   2.206363e+02 5.053625e+01 2.696875e+01
      vertex   2.202559e+02 5.065362e+01 2.762500e+01
    endloop
  endfacet
  facet normal -4.827827e-01 -8.757402e-01 0.000000e+00
    outer loop
      vertex   2.202559e+02 5.065362e+01 2.696875e+01
      vertex   2.202559e+02 5.065362e+01 2.762500e+01
      vertex   2.198853e+02 5.085788e+01 2.762500e+01
    endloop
  endfacet
  facet normal -4.827827e-01 -8.757402e-01 0.000000e+00
    outer loop
      vertex   2.198853e+02 5.085788e+01 2.762500e+01
      vertex   2.202559e+02 5.065362e+01 2.762500e+01
      vertex   2.198853e+02 5.085788e+01 2.893750e+01
    endloop
  endfacet
  facet normal -6.524509e-01 -7.578310e-01 0.000000e+00
    outer loop
      vertex   2.198853e+02 5.085788e+01 2.762500e+01
      vertex   2.198853e+02 5.085788e+01 2.893750e+01
      vertex   2.195550e+02 5.114225e+01 2.893750e+01
    endloop
  endfacet
  facet normal -6.524509e-01 -7.578310e-01 0.000000e+00
    outer loop
      vertex   2.195550e+02 5.114225e+01 2.893750e+01
      vertex   2.198853e+02 5.085788e+01 2.893750e+01
      vertex   2.195550e+02 5.114225e+01 3.025000e+01
    endloop
  endfacet
  facet normal -7.902029e-01 -6.128453e-01 0.000000e+00
    outer loop
      vertex   2.195550e+02 5.114225e+01 2.893750e+01
      vertex   2.195550e+02 5.114225e+01 3.025000e+01
      vertex   2.193076e+02 5.146122e+01 3.025000e+01
    endloop
  endfacet
  facet normal -7.902029e-01 -6.128453e-01 0.000000e+00
    outer loop
      vertex   2.193076e+02 5.146122e+01 3.025000e+01
      vertex   2.195550e+02 5.114225e+01 3.025000e+01
      vertex   2.193076e+02 5.146122e+01 3.287500e+01
    endloop
  endfacet
  facet normal -8.927140e-01 -4.506238e-01 0.000000e+00
    outer loop
      vertex   2.193076e+02 5.146122e+01 3.025000e+01
      vertex   2.193076e+02 5.146122e+01 3.287500e+01
      vertex   2.191319e+02 5.180948e+01 3.287500e+01
    endloop
  endfacet
  facet normal -8.927085e-01 -4.506210e-01 -3.490544e-03
    outer loop
      vertex   2.191319e+02 5.180948e+01 3.287500e+01
      vertex   2.193076e+02 5.146122e+01 3.287500e+01
      vertex   2.191980e+02 5.165817e+01 3.550000e+01
    endloop
  endfacet
  facet normal -9.374351e-01 -3.481422e-01 3.543053e-03
    outer loop
      vertex   2.191319e+02 5.180948e+01 3.287500e+01
      vertex   2.191980e+02 5.165817e+01 3.550000e+01
      vertex   2.190621e+02 5.202401e+01 3.550000e+01
    endloop
  endfacet
  facet normal -9.616231e-01 -2.740802e-01 1.268905e-02
    outer loop
      vertex   2.190312e+02 5.216271e+01 2.532812e+01
      vertex   2.190411e+02 5.211268e+01 2.500000e+01
      vertex   2.191319e+02 5.180948e+01 2.532812e+01
    endloop
  endfacet
  facet normal -9.523333e-01 -3.045272e-01 -1.801395e-02
    outer loop
      vertex   2.191319e+02 5.180948e+01 2.532812e+01
      vertex   2.190411e+02 5.211268e+01 2.500000e+01
      vertex   2.191599e+02 5.174105e+01 2.500000e+01
    endloop
  endfacet
  facet normal -8.925764e-01 -4.505543e-01 1.755711e-02
    outer loop
      vertex   2.191319e+02 5.180948e+01 2.532812e+01
      vertex   2.191599e+02 5.174105e+01 2.500000e+01
      vertex   2.193076e+02 5.146122e+01 2.532812e+01
    endloop
  endfacet
  facet normal -8.756444e-01 -4.826418e-01 -1.742902e-02
    outer loop
      vertex   2.193076e+02 5.146122e+01 2.532812e+01
      vertex   2.191599e+02 5.174105e+01 2.500000e+01
      vertex   2.193485e+02 5.139897e+01 2.500000e+01
    endloop
  endfacet
  facet normal -7.900762e-01 -6.127471e-01 1.790830e-02
    outer loop
      vertex   2.193076e+02 5.146122e+01 2.532812e+01
      vertex   2.193485e+02 5.139897e+01 2.500000e+01
      vertex   2.195550e+02 5.114225e+01 2.532812e+01
    endloop
  endfacet
  facet normal -7.697780e-01 -6.381415e-01 -1.473644e-02
    outer loop
      vertex   2.195550e+02 5.114225e+01 2.532812e+01
      vertex   2.193485e+02 5.139897e+01 2.500000e+01
      vertex   2.195980e+02 5.109804e+01 2.500000e+01
    endloop
  endfacet
  facet normal -6.523595e-01 -7.577248e-01 1.673916e-02
    outer loop
      vertex   2.195550e+02 5.114225e+01 2.532812e+01
      vertex   2.195980e+02 5.109804e+01 2.500000e+01
      vertex   2.198853e+02 5.085788e+01 2.532813e+01
    endloop
  endfacet
  facet normal -6.382346e-01 -7.698288e-01 -4.490052e-03
    outer loop
      vertex   2.198853e+02 5.085788e+01 2.532813e+01
      vertex   2.195980e+02 5.109804e+01 2.500000e+01
      vertex   2.198989e+02 5.084853e+01 2.500000e+01
    endloop
  endfacet
  facet normal -4.827324e-01 -8.757538e-01 4.971282e-03
    outer loop
      vertex   2.198853e+02 5.085788e+01 2.532813e+01
      vertex   2.198989e+02 5.084853e+01 2.500000e+01
      vertex   2.202410e+02 5.065996e+01 2.500000e+01
    endloop
  endfacet
  facet normal -4.827769e-01 -8.757296e-01 4.908381e-03
    outer loop
      vertex   2.198853e+02 5.085788e+01 2.532813e+01
      vertex   2.202410e+02 5.065996e+01 2.500000e+01
      vertex   2.202559e+02 5.065362e+01 2.532812e+01
    endloop
  endfacet
  facet normal -3.045887e-01 -9.524727e-01 -4.637405e-03
    outer loop
      vertex   2.202559e+02 5.065362e+01 2.532812e+01
      vertex   2.202410e+02 5.065996e+01 2.500000e+01
      vertex   2.206127e+02 5.054111e+01 2.500000e+01
    endloop
  endfacet
  facet normal -2.947785e-01 -9.555394e-01 7.081847e-03
    outer loop
      vertex   2.202559e+02 5.065362e+01 2.532812e+01
      vertex   2.206127e+02 5.054111e+01 2.500000e+01
      vertex   2.206363e+02 5.053625e+01 2.532812e+01
    endloop
  endfacet
  facet normal -1.055426e-01 -9.943892e-01 -7.126532e-03
    outer loop
      vertex   2.206363e+02 5.053625e+01 2.532812e+01
      vertex   2.206127e+02 5.054111e+01 2.500000e+01
      vertex   2.210000e+02 5.050000e+01 2.500000e+01
    endloop
  endfacet
  facet normal -9.918098e-02 -9.950694e-01 0.000000e+00
    outer loop
      vertex   2.206363e+02 5.053625e+01 2.532812e+01
      vertex   2.210000e+02 5.050000e+01 2.500000e+01
      vertex   2.206363e+02 5.053625e+01 2.565625e+01
    endloop
  endfacet
  facet normal -9.918098e-02 -9.950694e-01 0.000000e+00
    outer loop
      vertex   2.206363e+02 5.053625e+01 2.696875e+01
      vertex   2.210000e+02 5.050000e+01 2.500000e+01
      vertex   2.206363e+02 5.053625e+01 2.762500e+01
    endloop
  endfacet
  facet normal -9.918098e-02 -9.950694e-01 0.000000e+00
    outer loop
      vertex   2.206363e+02 5.053625e+01 2.762500e+01
      vertex   2.210000e+02 5.050000e+01 2.500000e+01
      vertex   2.210000e+02 5.050000e+01 3.025000e+01
    endloop
  endfacet
  facet normal -9.918098e-02 -9.950694e-01 0.000000e+00
    outer loop
      vertex   2.206363e+02 5.053625e+01 2.762500e+01
      vertex   2.210000e+02 5.050000e+01 3.025000e+01
      vertex   2.206363e+02 5.053625e+01 2.893750e+01
    endloop
  endfacet
  facet normal -9.918098e-02 -9.950694e-01 0.000000e+00
    outer loop
      vertex   2.206363e+02 5.053625e+01 2.893750e+01
      vertex   2.210000e+02 5.050000e+01 3.025000e+01
      vertex   2.206363e+02 5.053625e+01 3.025000e+01
    endloop
  endfacet
  facet normal -2.947859e-01 -9.555633e-01 0.000000e+00
    outer loop
      vertex   2.206363e+02 5.053625e+01 2.893750e+01
      vertex   2.206363e+02 5.053625e+01 3.025000e+01
      vertex   2.202559e+02 5.065362e+01 3.025000e+01
    endloop
  endfacet
  facet normal -2.947859e-01 -9.555633e-01 0.000000e+00
    outer loop
      vertex   2.202559e+02 5.065362e+01 3.025000e+01
      vertex   2.206363e+02 5.053625e+01 3.025000e+01
      vertex   2.202559e+02 5.065362e+01 3.287500e+01
    endloop
  endfacet
  facet normal -4.827827e-01 -8.757402e-01 0.000000e+00
    outer loop
      vertex   2.202559e+02 5.065362e+01 3.025000e+01
      vertex   2.202559e+02 5.065362e+01 3.287500e+01
      vertex   2.198853e+02 5.085788e+01 3.287500e+01
    endloop
  endfacet
  facet normal -4.827802e-01 -8.757355e-01 -3.247658e-03
    outer loop
      vertex   2.198853e+02 5.085788e+01 3.287500e+01
      vertex   2.202559e+02 5.065362e+01 3.287500e+01
      vertex   2.201580e+02 5.069782e+01 3.550000e+01
    endloop
  endfacet
  facet normal -5.116931e-01 -8.591680e-01 7.659667e-04
    outer loop
      vertex   2.198853e+02 5.085788e+01 3.287500e+01
      vertex   2.201580e+02 5.069782e+01 3.550000e+01
      vertex   2.198546e+02 5.087851e+01 3.550000e+01
    endloop
  endfacet
  facet normal -6.339203e-02 -9.979887e-01 -0.000000e+00
    outer loop
      vertex   2.210000e+02 5.050000e+01 3.550000e+01
      vertex   2.207408e+02 5.051646e+01 3.550000e+01
      vertex   2.210000e+02 5.050000e+01 3.025000e+01
    endloop
  endfacet
  facet normal -1.188329e-01 -9.929105e-01 -2.752642e-03
    outer loop
      vertex   2.210000e+02 5.050000e+01 3.025000e+01
      vertex   2.207408e+02 5.051646e+01 3.550000e+01
      vertex   2.206363e+02 5.053625e+01 3.287500e+01
    endloop
  endfacet
  facet normal -9.918098e-02 -9.950694e-01 0.000000e+00
    outer loop
      vertex   2.210000e+02 5.050000e+01 3.025000e+01
      vertex   2.206363e+02 5.053625e+01 3.287500e+01
      vertex   2.206363e+02 5.053625e+01 3.025000e+01
    endloop
  endfacet
  facet normal -2.947859e-01 -9.555633e-01 0.000000e+00
    outer loop
      vertex   2.206363e+02 5.053625e+01 3.025000e+01
      vertex   2.206363e+02 5.053625e+01 3.287500e+01
      vertex   2.202559e+02 5.065362e+01 3.287500e+01
    endloop
  endfacet
  facet normal -1.963313e-01 -9.805375e-01 4.271662e-04
    outer loop
      vertex   2.207408e+02 5.051646e+01 3.550000e+01
      vertex   2.205219e+02 5.056030e+01 3.550000e+01
      vertex   2.206363e+02 5.053625e+01 3.287500e+01
    endloop
  endfacet
  facet normal -2.947834e-01 -9.555553e-01 -4.091688e-03
    outer loop
      vertex   2.206363e+02 5.053625e+01 3.287500e+01
      vertex   2.205219e+02 5.056030e+01 3.550000e+01
      vertex   2.202559e+02 5.065362e+01 3.287500e+01
    endloop
  endfacet
  facet normal -3.535097e-01 -9.354273e-01 2.576180e-03
    outer loop
      vertex   2.205219e+02 5.056030e+01 3.550000e+01
      vertex   2.201580e+02 5.069782e+01 3.550000e+01
      vertex   2.202559e+02 5.065362e+01 3.287500e+01
    endloop
  endfacet
  facet normal -6.499888e-01 -7.599421e-01 -1.631905e-03
    outer loop
      vertex   2.198546e+02 5.087851e+01 3.550000e+01
      vertex   2.195980e+02 5.109800e+01 3.550000e+01
      vertex   2.198853e+02 5.085788e+01 3.287500e+01
    endloop
  endfacet
  facet normal -6.524495e-01 -7.578293e-01 -2.094507e-03
    outer loop
      vertex   2.198853e+02 5.085788e+01 3.287500e+01
      vertex   2.195980e+02 5.109800e+01 3.550000e+01
      vertex   2.195550e+02 5.114225e+01 3.287500e+01
    endloop
  endfacet
  facet normal -6.524509e-01 -7.578310e-01 -0.000000e+00
    outer loop
      vertex   2.198853e+02 5.085788e+01 3.287500e+01
      vertex   2.195550e+02 5.114225e+01 3.287500e+01
      vertex   2.198853e+02 5.085788e+01 3.025000e+01
    endloop
  endfacet
  facet normal -6.524509e-01 -7.578310e-01 0.000000e+00
    outer loop
      vertex   2.198853e+02 5.085788e+01 3.025000e+01
      vertex   2.195550e+02 5.114225e+01 3.287500e+01
      vertex   2.195550e+02 5.114225e+01 3.025000e+01
    endloop
  endfacet
  facet normal -6.524509e-01 -7.578310e-01 -0.000000e+00
    outer loop
      vertex   2.198853e+02 5.085788e+01 3.025000e+01
      vertex   2.195550e+02 5.114225e+01 3.025000e+01
      vertex   2.198853e+02 5.085788e+01 2.893750e+01
    endloop
  endfacet
  facet normal -7.609128e-01 -6.488523e-01 1.517889e-03
    outer loop
      vertex   2.195980e+02 5.109800e+01 3.550000e+01
      vertex   2.193788e+02 5.135501e+01 3.550000e+01
      vertex   2.195550e+02 5.114225e+01 3.287500e+01
    endloop
  endfacet
  facet normal -7.901984e-01 -6.128419e-01 -3.366426e-03
    outer loop
      vertex   2.195550e+02 5.114225e+01 3.287500e+01
      vertex   2.193788e+02 5.135501e+01 3.550000e+01
      vertex   2.193076e+02 5.146122e+01 3.287500e+01
    endloop
  endfacet
  facet normal -7.902029e-01 -6.128453e-01 -0.000000e+00
    outer loop
      vertex   2.195550e+02 5.114225e+01 3.287500e+01
      vertex   2.193076e+02 5.146122e+01 3.287500e+01
      vertex   2.195550e+02 5.114225e+01 3.025000e+01
    endloop
  endfacet
  facet normal -8.587696e-01 -5.123556e-01 2.559366e-03
    outer loop
      vertex   2.193788e+02 5.135501e+01 3.550000e+01
      vertex   2.191980e+02 5.165817e+01 3.550000e+01
      vertex   2.193076e+02 5.146122e+01 3.287500e+01
    endloop
  endfacet
  facet normal -9.616958e-01 -2.741009e-01 -3.152444e-03
    outer loop
      vertex   2.191319e+02 5.180948e+01 3.287500e+01
      vertex   2.190621e+02 5.202401e+01 3.550000e+01
      vertex   2.190312e+02 5.216271e+01 3.287500e+01
    endloop
  endfacet
  facet normal -9.801387e-01 -1.983101e-01 1.069594e-03
    outer loop
      vertex   2.190312e+02 5.216271e+01 3.287500e+01
      vertex   2.190621e+02 5.202401e+01 3.550000e+01
      vertex   2.190179e+02 5.224249e+01 3.550000e+01
    endloop
  endfacet
  facet normal -9.975885e-01 -6.934390e-02 -2.938272e-03
    outer loop
      vertex   2.190312e+02 5.216271e+01 3.287500e+01
      vertex   2.190179e+02 5.224249e+01 3.550000e+01
      vertex   2.190000e+02 5.250000e+01 3.550000e+01
    endloop
  endfacet
  facet normal -9.957551e-01 -9.204197e-02 -0.000000e+00
    outer loop
      vertex   2.190000e+02 5.250000e+01 3.550000e+01
      vertex   2.190000e+02 5.250000e+01 3.025000e+01
      vertex   2.190312e+02 5.216271e+01 3.287500e+01
    endloop
  endfacet
  facet normal -9.957551e-01 -9.204197e-02 -0.000000e+00
    outer loop
      vertex   2.190312e+02 5.216271e+01 3.287500e+01
      vertex   2.190000e+02 5.250000e+01 3.025000e+01
      vertex   2.190312e+02 5.216271e+01 3.025000e+01
    endloop
  endfacet
  facet normal -9.617006e-01 -2.741023e-01 -0.000000e+00
    outer loop
      vertex   2.190312e+02 5.216271e+01 3.287500e+01
      vertex   2.190312e+02 5.216271e+01 3.025000e+01
      vertex   2.191319e+02 5.180948e+01 3.025000e+01
    endloop
  endfacet
  facet normal -9.617006e-01 -2.741023e-01 -0.000000e+00
    outer loop
      vertex   2.191319e+02 5.180948e+01 3.025000e+01
      vertex   2.190312e+02 5.216271e+01 3.025000e+01
      vertex   2.191319e+02 5.180948e+01 2.893750e+01
    endloop
  endfacet
  facet normal -8.927140e-01 -4.506238e-01 -0.000000e+00
    outer loop
      vertex   2.191319e+02 5.180948e+01 3.025000e+01
      vertex   2.191319e+02 5.180948e+01 2.893750e+01
      vertex   2.193076e+02 5.146122e+01 2.893750e+01
    endloop
  endfacet
  facet normal -8.927140e-01 -4.506238e-01 -0.000000e+00
    outer loop
      vertex   2.193076e+02 5.146122e+01 2.893750e+01
      vertex   2.191319e+02 5.180948e+01 2.893750e+01
      vertex   2.193076e+02 5.146122e+01 2.762500e+01
    endloop
  endfacet
  facet normal -7.902029e-01 -6.128453e-01 -0.000000e+00
    outer loop
      vertex   2.193076e+02 5.146122e+01 2.893750e+01
      vertex   2.193076e+02 5.146122e+01 2.762500e+01
      vertex   2.195550e+02 5.114225e+01 2.762500e+01
    endloop
  endfacet
  facet normal -7.902029e-01 -6.128453e-01 -0.000000e+00
    outer loop
      vertex   2.195550e+02 5.114225e+01 2.762500e+01
      vertex   2.193076e+02 5.146122e+01 2.762500e+01
      vertex   2.195550e+02 5.114225e+01 2.696875e+01
    endloop
  endfacet
  facet normal -6.524509e-01 -7.578310e-01 -0.000000e+00
    outer loop
      vertex   2.195550e+02 5.114225e+01 2.762500e+01
      vertex   2.195550e+02 5.114225e+01 2.696875e+01
      vertex   2.198853e+02 5.085788e+01 2.696875e+01
    endloop
  endfacet
  facet normal -6.524509e-01 -7.578310e-01 -0.000000e+00
    outer loop
      vertex   2.198853e+02 5.085788e+01 2.696875e+01
      vertex   2.195550e+02 5.114225e+01 2.696875e+01
      vertex   2.198853e+02 5.085788e+01 2.631250e+01
    endloop
  endfacet
  facet normal -4.827827e-01 -8.757402e-01 -0.000000e+00
    outer loop
      vertex   2.198853e+02 5.085788e+01 2.696875e+01
      vertex   2.198853e+02 5.085788e+01 2.631250e+01
      vertex   2.202559e+02 5.065362e+01 2.631250e+01
    endloop
  endfacet
  facet normal -4.827827e-01 -8.757402e-01 -0.000000e+00
    outer loop
      vertex   2.202559e+02 5.065362e+01 2.631250e+01
      vertex   2.198853e+02 5.085788e+01 2.631250e+01
      vertex   2.202559e+02 5.065362e+01 2.598438e+01
    endloop
  endfacet
  facet normal -2.947859e-01 -9.555633e-01 -0.000000e+00
    outer loop
      vertex   2.202559e+02 5.065362e+01 2.631250e+01
      vertex   2.202559e+02 5.065362e+01 2.598438e+01
      vertex   2.206363e+02 5.053625e+01 2.598437e+01
    endloop
  endfacet
  facet normal -9.957551e-01 -9.204197e-02 0.000000e+00
    outer loop
      vertex   2.190000e+02 5.250000e+01 2.500000e+01
      vertex   2.190312e+02 5.216271e+01 2.762500e+01
      vertex   2.190000e+02 5.250000e+01 3.025000e+01
    endloop
  endfacet
  facet normal -9.957551e-01 -9.204197e-02 0.000000e+00
    outer loop
      vertex   2.190000e+02 5.250000e+01 3.025000e+01
      vertex   2.190312e+02 5.216271e+01 2.762500e+01
      vertex   2.190312e+02 5.216271e+01 2.893750e+01
    endloop
  endfacet
  facet normal -9.957551e-01 -9.204197e-02 0.000000e+00
    outer loop
      vertex   2.190000e+02 5.250000e+01 3.025000e+01
      vertex   2.190312e+02 5.216271e+01 2.893750e+01
      vertex   2.190312e+02 5.216271e+01 3.025000e+01
    endloop
  endfacet
  facet normal -9.617006e-01 -2.741023e-01 -0.000000e+00
    outer loop
      vertex   2.190312e+02 5.216271e+01 3.025000e+01
      vertex   2.190312e+02 5.216271e+01 2.893750e+01
      vertex   2.191319e+02 5.180948e+01 2.893750e+01
    endloop
  endfacet
  facet normal -9.957551e-01 -9.204197e-02 0.000000e+00
    outer loop
      vertex   2.190000e+02 5.250000e+01 2.500000e+01
      vertex   2.190312e+02 5.216271e+01 2.631250e+01
      vertex   2.190312e+02 5.216271e+01 2.696875e+01
    endloop
  endfacet
  facet normal -9.617006e-01 -2.741023e-01 -0.000000e+00
    outer loop
      vertex   2.190312e+02 5.216271e+01 2.696875e+01
      vertex   2.190312e+02 5.216271e+01 2.631250e+01
      vertex   2.191319e+02 5.180948e+01 2.631250e+01
    endloop
  endfacet
  facet normal -9.617006e-01 -2.741023e-01 0.000000e+00
    outer loop
      vertex   2.190312e+02 5.216271e+01 2.696875e+01
      vertex   2.191319e+02 5.180948e+01 2.631250e+01
      vertex   2.191319e+02 5.180948e+01 2.696875e+01
    endloop
  endfacet
  facet normal -8.927140e-01 -4.506238e-01 -0.000000e+00
    outer loop
      vertex   2.191319e+02 5.180948e+01 2.696875e+01
      vertex   2.191319e+02 5.180948e+01 2.631250e+01
      vertex   2.193076e+02 5.146122e+01 2.631250e+01
    endloop
  endfacet
  facet normal -8.927140e-01 -4.506238e-01 0.000000e+00
    outer loop
      vertex   2.191319e+02 5.180948e+01 2.696875e+01
      vertex   2.193076e+02 5.146122e+01 2.631250e+01
      vertex   2.193076e+02 5.146122e+01 2.696875e+01
    endloop
  endfacet
  facet normal -7.902029e-01 -6.128453e-01 -0.000000e+00
    outer loop
      vertex   2.193076e+02 5.146122e+01 2.696875e+01
      vertex   2.193076e+02 5.146122e+01 2.631250e+01
      vertex   2.195550e+02 5.114225e+01 2.631250e+01
    endloop
  endfacet
  facet normal -7.902029e-01 -6.128453e-01 0.000000e+00
    outer loop
      vertex   2.193076e+02 5.146122e+01 2.696875e+01
      vertex   2.195550e+02 5.114225e+01 2.631250e+01
      vertex   2.195550e+02 5.114225e+01 2.696875e+01
    endloop
  endfacet
  facet normal -6.524509e-01 -7.578310e-01 -0.000000e+00
    outer loop
      vertex   2.195550e+02 5.114225e+01 2.696875e+01
      vertex   2.195550e+02 5.114225e+01 2.631250e+01
      vertex   2.198853e+02 5.085788e+01 2.631250e+01
    endloop
  endfacet
  facet normal -9.957551e-01 -9.204197e-02 0.000000e+00
    outer loop
      vertex   2.190000e+02 5.250000e+01 2.500000e+01
      vertex   2.190312e+02 5.216271e+01 2.696875e+01
      vertex   2.190312e+02 5.216271e+01 2.762500e+01
    endloop
  endfacet
  facet normal -9.617006e-01 -2.741023e-01 -0.000000e+00
    outer loop
      vertex   2.190312e+02 5.216271e+01 2.762500e+01
      vertex   2.190312e+02 5.216271e+01 2.696875e+01
      vertex   2.191319e+02 5.180948e+01 2.696875e+01
    endloop
  endfacet
  facet normal -9.617006e-01 -2.741023e-01 0.000000e+00
    outer loop
      vertex   2.190312e+02 5.216271e+01 2.762500e+01
      vertex   2.191319e+02 5.180948e+01 2.696875e+01
      vertex   2.191319e+02 5.180948e+01 2.762500e+01
    endloop
  endfacet
  facet normal -8.927140e-01 -4.506238e-01 -0.000000e+00
    outer loop
      vertex   2.191319e+02 5.180948e+01 2.762500e+01
      vertex   2.191319e+02 5.180948e+01 2.696875e+01
      vertex   2.193076e+02 5.146122e+01 2.696875e+01
    endloop
  endfacet
  facet normal -8.927140e-01 -4.506238e-01 0.000000e+00
    outer loop
      vertex   2.191319e+02 5.180948e+01 2.762500e+01
      vertex   2.193076e+02 5.146122e+01 2.696875e+01
      vertex   2.193076e+02 5.146122e+01 2.762500e+01
    endloop
  endfacet
  facet normal -7.902029e-01 -6.128453e-01 -0.000000e+00
    outer loop
      vertex   2.193076e+02 5.146122e+01 2.762500e+01
      vertex   2.193076e+02 5.146122e+01 2.696875e+01
      vertex   2.195550e+02 5.114225e+01 2.696875e+01
    endloop
  endfacet
  facet normal -2.947859e-01 -9.555633e-01 0.000000e+00
    outer loop
      vertex   2.202559e+02 5.065362e+01 2.631250e+01
      vertex   2.206363e+02 5.053625e+01 2.598437e+01
      vertex   2.206363e+02 5.053625e+01 2.631250e+01
    endloop
  endfacet
  facet normal -2.947859e-01 -9.555633e-01 -0.000000e+00
    outer loop
      vertex   2.206363e+02 5.053625e+01 2.565625e+01
      vertex   2.202559e+02 5.065362e+01 2.565625e+01
      vertex   2.206363e+02 5.053625e+01 2.532812e+01
    endloop
  endfacet
  facet normal -2.947859e-01 -9.555633e-01 0.000000e+00
    outer loop
      vertex   2.206363e+02 5.053625e+01 2.532812e+01
      vertex   2.202559e+02 5.065362e+01 2.565625e+01
      vertex   2.202559e+02 5.065362e+01 2.532812e+01
    endloop
  endfacet
  facet normal -4.827827e-01 -8.757402e-01 -0.000000e+00
    outer loop
      vertex   2.202559e+02 5.065362e+01 2.565625e+01
      vertex   2.198853e+02 5.085788e+01 2.565625e+01
      vertex   2.202559e+02 5.065362e+01 2.532812e+01
    endloop
  endfacet
  facet normal -4.827827e-01 -8.757402e-01 0.000000e+00
    outer loop
      vertex   2.202559e+02 5.065362e+01 2.532812e+01
      vertex   2.198853e+02 5.085788e+01 2.565625e+01
      vertex   2.198853e+02 5.085788e+01 2.532813e+01
    endloop
  endfacet
  facet normal -6.524509e-01 -7.578310e-01 -0.000000e+00
    outer loop
      vertex   2.198853e+02 5.085788e+01 2.565625e+01
      vertex   2.195550e+02 5.114225e+01 2.565625e+01
      vertex   2.198853e+02 5.085788e+01 2.532813e+01
    endloop
  endfacet
  facet normal -6.524509e-01 -7.578310e-01 0.000000e+00
    outer loop
      vertex   2.198853e+02 5.085788e+01 2.532813e+01
      vertex   2.195550e+02 5.114225e+01 2.565625e+01
      vertex   2.195550e+02 5.114225e+01 2.532812e+01
    endloop
  endfacet
  facet normal -7.902029e-01 -6.128453e-01 -0.000000e+00
    outer loop
      vertex   2.195550e+02 5.114225e+01 2.565625e+01
      vertex   2.193076e+02 5.146122e+01 2.565625e+01
      vertex   2.195550e+02 5.114225e+01 2.532812e+01
    endloop
  endfacet
  facet normal -7.902029e-01 -6.128453e-01 0.000000e+00
    outer loop
      vertex   2.195550e+02 5.114225e+01 2.532812e+01
      vertex   2.193076e+02 5.146122e+01 2.565625e+01
      vertex   2.193076e+02 5.146122e+01 2.532812e+01
    endloop
  endfacet
  facet normal -9.617006e-01 -2.741023e-01 -0.000000e+00
    outer loop
      vertex   2.190312e+02 5.216271e+01 2.565625e+01
      vertex   2.190312e+02 5.216271e+01 2.532812e+01
      vertex   2.191319e+02 5.180948e+01 2.532812e+01
    endloop
  endfacet
  facet normal -8.927140e-01 -4.506238e-01 -0.000000e+00
    outer loop
      vertex   2.193076e+02 5.146122e+01 2.565625e+01
      vertex   2.191319e+02 5.180948e+01 2.565625e+01
      vertex   2.193076e+02 5.146122e+01 2.532812e+01
    endloop
  endfacet
  facet normal -8.927140e-01 -4.506238e-01 0.000000e+00
    outer loop
      vertex   2.193076e+02 5.146122e+01 2.532812e+01
      vertex   2.191319e+02 5.180948e+01 2.565625e+01
      vertex   2.191319e+02 5.180948e+01 2.532812e+01
    endloop
  endfacet
  facet normal -9.957551e-01 -9.204197e-02 -0.000000e+00
    outer loop
      vertex   2.190312e+02 5.216271e+01 2.631250e+01
      vertex   2.190000e+02 5.250000e+01 2.500000e+01
      vertex   2.190312e+02 5.216271e+01 2.598437e+01
    endloop
  endfacet
  facet normal -9.617006e-01 -2.741023e-01 -0.000000e+00
    outer loop
      vertex   2.191319e+02 5.180948e+01 2.565625e+01
      vertex   2.190312e+02 5.216271e+01 2.565625e+01
      vertex   2.191319e+02 5.180948e+01 2.532812e+01
    endloop
  endfacet
  facet normal -4.827827e-01 -8.757402e-01 0.000000e+00
    outer loop
      vertex   2.202559e+02 5.065362e+01 3.025000e+01
      vertex   2.198853e+02 5.085788e+01 3.287500e+01
      vertex   2.198853e+02 5.085788e+01 3.025000e+01
    endloop
  endfacet
  facet normal -8.927140e-01 -4.506238e-01 1.219670e-15
    outer loop
      vertex   2.193076e+02 5.146122e+01 3.025000e+01
      vertex   2.191319e+02 5.180948e+01 3.287500e+01
      vertex   2.191319e+02 5.180948e+01 3.025000e+01
    endloop
  endfacet
  facet normal -9.617006e-01 -2.741023e-01 7.419481e-16
    outer loop
      vertex   2.191319e+02 5.180948e+01 3.025000e+01
      vertex   2.191319e+02 5.180948e+01 3.287500e+01
      vertex   2.190312e+02 5.216271e+01 3.287500e+01
    endloop
  endfacet
  facet normal -7.902029e-01 -6.128453e-01 0.000000e+00
    outer loop
      vertex   2.195550e+02 5.114225e+01 2.893750e+01
      vertex   2.193076e+02 5.146122e+01 3.025000e+01
      vertex   2.193076e+02 5.146122e+01 2.893750e+01
    endloop
  endfacet
  facet normal -8.927140e-01 -4.506238e-01 0.000000e+00
    outer loop
      vertex   2.193076e+02 5.146122e+01 2.893750e+01
      vertex   2.193076e+02 5.146122e+01 3.025000e+01
      vertex   2.191319e+02 5.180948e+01 3.025000e+01
    endloop
  endfacet
  facet normal -4.827827e-01 -8.757402e-01 -0.000000e+00
    outer loop
      vertex   2.202559e+02 5.065362e+01 3.025000e+01
      vertex   2.198853e+02 5.085788e+01 3.025000e+01
      vertex   2.202559e+02 5.065362e+01 2.893750e+01
    endloop
  endfacet
  facet normal -4.827827e-01 -8.757402e-01 0.000000e+00
    outer loop
      vertex   2.202559e+02 5.065362e+01 2.893750e+01
      vertex   2.198853e+02 5.085788e+01 3.025000e+01
      vertex   2.198853e+02 5.085788e+01 2.893750e+01
    endloop
  endfacet
  facet normal -4.827827e-01 -8.757402e-01 -0.000000e+00
    outer loop
      vertex   2.202559e+02 5.065362e+01 2.893750e+01
      vertex   2.198853e+02 5.085788e+01 2.893750e+01
      vertex   2.202559e+02 5.065362e+01 2.762500e+01
    endloop
  endfacet
  facet normal -9.617006e-01 -2.741023e-01 0.000000e+00
    outer loop
      vertex   2.190312e+02 5.216271e+01 2.762500e+01
      vertex   2.191319e+02 5.180948e+01 2.762500e+01
      vertex   2.190312e+02 5.216271e+01 2.893750e+01
    endloop
  endfacet
  facet normal -9.617006e-01 -2.741023e-01 -1.482569e-15
    outer loop
      vertex   2.190312e+02 5.216271e+01 2.893750e+01
      vertex   2.191319e+02 5.180948e+01 2.762500e+01
      vertex   2.191319e+02 5.180948e+01 2.893750e+01
    endloop
  endfacet
  facet normal -8.927140e-01 -4.506238e-01 -2.439523e-15
    outer loop
      vertex   2.191319e+02 5.180948e+01 2.762500e+01
      vertex   2.193076e+02 5.146122e+01 2.762500e+01
      vertex   2.191319e+02 5.180948e+01 2.893750e+01
    endloop
  endfacet
  facet normal -6.524509e-01 -7.578310e-01 0.000000e+00
    outer loop
      vertex   2.198853e+02 5.085788e+01 2.762500e+01
      vertex   2.195550e+02 5.114225e+01 2.893750e+01
      vertex   2.195550e+02 5.114225e+01 2.762500e+01
    endloop
  endfacet
  facet normal -7.902029e-01 -6.128453e-01 0.000000e+00
    outer loop
      vertex   2.195550e+02 5.114225e+01 2.762500e+01
      vertex   2.195550e+02 5.114225e+01 2.893750e+01
      vertex   2.193076e+02 5.146122e+01 2.893750e+01
    endloop
  endfacet
  facet normal -2.947859e-01 -9.555633e-01 0.000000e+00
    outer loop
      vertex   2.206363e+02 5.053625e+01 2.762500e+01
      vertex   2.206363e+02 5.053625e+01 2.893750e+01
      vertex   2.202559e+02 5.065362e+01 2.893750e+01
    endloop
  endfacet
  facet normal -2.947859e-01 -9.555633e-01 0.000000e+00
    outer loop
      vertex   2.202559e+02 5.065362e+01 2.893750e+01
      vertex   2.206363e+02 5.053625e+01 2.893750e+01
      vertex   2.202559e+02 5.065362e+01 3.025000e+01
    endloop
  endfacet
  facet normal -2.947859e-01 -9.555633e-01 0.000000e+00
    outer loop
      vertex   2.206363e+02 5.053625e+01 2.762500e+01
      vertex   2.202559e+02 5.065362e+01 2.893750e+01
      vertex   2.202559e+02 5.065362e+01 2.762500e+01
    endloop
  endfacet
  facet normal -4.827827e-01 -8.757402e-01 0.000000e+00
    outer loop
      vertex   2.202559e+02 5.065362e+01 2.598438e+01
      vertex   2.198853e+02 5.085788e+01 2.631250e+01
      vertex   2.198853e+02 5.085788e+01 2.598437e+01
    endloop
  endfacet
  facet normal -6.524509e-01 -7.578310e-01 0.000000e+00
    outer loop
      vertex   2.198853e+02 5.085788e+01 2.598437e+01
      vertex   2.198853e+02 5.085788e+01 2.631250e+01
      vertex   2.195550e+02 5.114225e+01 2.631250e+01
    endloop
  endfacet
  facet normal -6.524509e-01 -7.578310e-01 0.000000e+00
    outer loop
      vertex   2.198853e+02 5.085788e+01 2.598437e+01
      vertex   2.195550e+02 5.114225e+01 2.631250e+01
      vertex   2.195550e+02 5.114225e+01 2.598437e+01
    endloop
  endfacet
  facet normal -7.902029e-01 -6.128453e-01 0.000000e+00
    outer loop
      vertex   2.195550e+02 5.114225e+01 2.598437e+01
      vertex   2.195550e+02 5.114225e+01 2.631250e+01
      vertex   2.193076e+02 5.146122e+01 2.631250e+01
    endloop
  endfacet
  facet normal -7.902029e-01 -6.128453e-01 0.000000e+00
    outer loop
      vertex   2.195550e+02 5.114225e+01 2.598437e+01
      vertex   2.193076e+02 5.146122e+01 2.631250e+01
      vertex   2.193076e+02 5.146122e+01 2.598437e+01
    endloop
  endfacet
  facet normal -8.927140e-01 -4.506238e-01 0.000000e+00
    outer loop
      vertex   2.193076e+02 5.146122e+01 2.598437e+01
      vertex   2.193076e+02 5.146122e+01 2.631250e+01
      vertex   2.191319e+02 5.180948e+01 2.631250e+01
    endloop
  endfacet
  facet normal -8.927140e-01 -4.506238e-01 0.000000e+00
    outer loop
      vertex   2.193076e+02 5.146122e+01 2.598437e+01
      vertex   2.191319e+02 5.180948e+01 2.631250e+01
      vertex   2.191319e+02 5.180948e+01 2.598437e+01
    endloop
  endfacet
  facet normal -9.617006e-01 -2.741023e-01 0.000000e+00
    outer loop
      vertex   2.191319e+02 5.180948e+01 2.598437e+01
      vertex   2.191319e+02 5.180948e+01 2.631250e+01
      vertex   2.190312e+02 5.216271e+01 2.631250e+01
    endloop
  endfacet
  facet normal -9.617006e-01 -2.741023e-01 0.000000e+00
    outer loop
      vertex   2.191319e+02 5.180948e+01 2.598437e+01
      vertex   2.190312e+02 5.216271e+01 2.631250e+01
      vertex   2.190312e+02 5.216271e+01 2.598437e+01
    endloop
  endfacet
  facet normal -4.827827e-01 -8.757402e-01 0.000000e+00
    outer loop
      vertex   2.198853e+02 5.085788e+01 2.696875e+01
      vertex   2.202559e+02 5.065362e+01 2.631250e+01
      vertex   2.202559e+02 5.065362e+01 2.696875e+01
    endloop
  endfacet
  facet normal -2.947859e-01 -9.555633e-01 -0.000000e+00
    outer loop
      vertex   2.202559e+02 5.065362e+01 2.696875e+01
      vertex   2.202559e+02 5.065362e+01 2.631250e+01
      vertex   2.206363e+02 5.053625e+01 2.631250e+01
    endloop
  endfacet
  facet normal -2.947859e-01 -9.555633e-01 -0.000000e+00
    outer loop
      vertex   2.206363e+02 5.053625e+01 2.762500e+01
      vertex   2.202559e+02 5.065362e+01 2.762500e+01
      vertex   2.206363e+02 5.053625e+01 2.696875e+01
    endloop
  endfacet
  facet normal -6.524509e-01 -7.578310e-01 0.000000e+00
    outer loop
      vertex   2.195550e+02 5.114225e+01 2.762500e+01
      vertex   2.198853e+02 5.085788e+01 2.696875e+01
      vertex   2.198853e+02 5.085788e+01 2.762500e+01
    endloop
  endfacet
  facet normal -4.827827e-01 -8.757402e-01 -0.000000e+00
    outer loop
      vertex   2.198853e+02 5.085788e+01 2.762500e+01
      vertex   2.198853e+02 5.085788e+01 2.696875e+01
      vertex   2.202559e+02 5.065362e+01 2.696875e+01
    endloop
  endfacet
  facet normal -1.000000e+00 0.000000e+00 0.000000e+00
    outer loop
      vertex   2.190000e+02 5.250000e+01 3.550000e+01
      vertex   2.190000e+02 9.350000e+01 3.550000e+01
      vertex   2.190000e+02 5.250000e+01 3.025000e+01
    endloop
  endfacet
  facet normal -1.000000e+00 0.000000e+00 0.000000e+00
    outer loop
      vertex   2.190000e+02 5.250000e+01 3.025000e+01
      vertex   2.190000e+02 9.350000e+01 3.550000e+01
      vertex   2.190000e+02 9.350000e+01 3.025000e+01
    endloop
  endfacet
  facet normal -1.000000e+00 0.000000e+00 0.000000e+00
    outer loop
      vertex   2.190000e+02 5.250000e+01 3.025000e+01
      vertex   2.190000e+02 9.350000e+01 3.025000e+01
      vertex   2.190000e+02 5.250000e+01 2.500000e+01
    endloop
  endfacet
  facet normal -1.000000e+00 0.000000e+00 0.000000e+00
    outer loop
      vertex   2.190000e+02 5.250000e+01 2.500000e+01
      vertex   2.190000e+02 9.350000e+01 3.025000e+01
      vertex   2.190000e+02 9.350000e+01 2.500000e+01
    endloop
  endfacet
  facet normal -9.921147e-01 1.253332e-01 0.000000e+00
    outer loop
      vertex   2.754529e+02 9.012697e+01 2.500000e+01
      vertex   2.754529e+02 9.012697e+01 3.100000e+01
      vertex   2.755000e+02 9.050000e+01 2.500000e+01
    endloop
  endfacet
  facet normal -9.921147e-01 1.253332e-01 0.000000e+00
    outer loop
      vertex   2.755000e+02 9.050000e+01 2.500000e+01
      vertex   2.754529e+02 9.012697e+01 3.100000e+01
      vertex   2.755000e+02 9.050000e+01 3.100000e+01
    endloop
  endfacet
  facet normal -9.921147e-01 -1.253332e-01 0.000000e+00
    outer loop
      vertex   2.755000e+02 9.050000e+01 2.500000e+01
      vertex   2.755000e+02 9.050000e+01 3.100000e+01
      vertex   2.754529e+02 9.087303e+01 2.500000e+01
    endloop
  endfacet
  facet normal -9.921147e-01 -1.253332e-01 0.000000e+00
    outer loop
      vertex   2.754529e+02 9.087303e+01 2.500000e+01
      vertex   2.755000e+02 9.050000e+01 3.100000e+01
      vertex   2.754529e+02 9.087303e+01 3.100000e+01
    endloop
  endfacet
  facet normal -9.297765e-01 -3.681246e-01 0.000000e+00
    outer loop
      vertex   2.754529e+02 9.087303e+01 2.500000e+01
      vertex   2.754529e+02 9.087303e+01 3.100000e+01
      vertex   2.753145e+02 9.122263e+01 2.500000e+01
    endloop
  endfacet
  facet normal -9.297765e-01 -3.681246e-01 0.000000e+00
    outer loop
      vertex   2.753145e+02 9.122263e+01 2.500000e+01
      vertex   2.754529e+02 9.087303e+01 3.100000e+01
      vertex   2.753145e+02 9.122263e+01 3.100000e+01
    endloop
  endfacet
  facet normal -8.090170e-01 -5.877853e-01 0.000000e+00
    outer loop
      vertex   2.753145e+02 9.122263e+01 2.500000e+01
      vertex   2.753145e+02 9.122263e+01 3.100000e+01
      vertex   2.750935e+02 9.152682e+01 2.500000e+01
    endloop
  endfacet
  facet normal -8.090170e-01 -5.877853e-01 0.000000e+00
    outer loop
      vertex   2.750935e+02 9.152682e+01 2.500000e+01
      vertex   2.753145e+02 9.122263e+01 3.100000e+01
      vertex   2.750935e+02 9.152682e+01 3.100000e+01
    endloop
  endfacet
  facet normal -6.374240e-01 -7.705132e-01 0.000000e+00
    outer loop
      vertex   2.750935e+02 9.152682e+01 2.500000e+01
      vertex   2.750935e+02 9.152682e+01 3.100000e+01
      vertex   2.748037e+02 9.176649e+01 2.500000e+01
    endloop
  endfacet
  facet normal -6.374240e-01 -7.705132e-01 0.000000e+00
    outer loop
      vertex   2.748037e+02 9.176649e+01 2.500000e+01
      vertex   2.750935e+02 9.152682e+01 3.100000e+01
      vertex   2.748037e+02 9.176649e+01 3.100000e+01
    endloop
  endfacet
  facet normal -4.257793e-01 -9.048271e-01 0.000000e+00
    outer loop
      vertex   2.748037e+02 9.176649e+01 2.500000e+01
      vertex   2.748037e+02 9.176649e+01 3.100000e+01
      vertex   2.744635e+02 9.192658e+01 2.500000e+01
    endloop
  endfacet
  facet normal -4.257793e-01 -9.048271e-01 0.000000e+00
    outer loop
      vertex   2.744635e+02 9.192658e+01 2.500000e+01
      vertex   2.748037e+02 9.176649e+01 3.100000e+01
      vertex   2.744635e+02 9.192658e+01 3.100000e+01
    endloop
  endfacet
  facet normal -1.873813e-01 -9.822873e-01 0.000000e+00
    outer loop
      vertex   2.744635e+02 9.192658e+01 2.500000e+01
      vertex   2.744635e+02 9.192658e+01 3.100000e+01
      vertex   2.740942e+02 9.199704e+01 2.500000e+01
    endloop
  endfacet
  facet normal -1.873813e-01 -9.822873e-01 0.000000e+00
    outer loop
      vertex   2.740942e+02 9.199704e+01 2.500000e+01
      vertex   2.744635e+02 9.192658e+01 3.100000e+01
      vertex   2.740942e+02 9.199704e+01 3.100000e+01
    endloop
  endfacet
  facet normal 6.279052e-02 -9.980267e-01 0.000000e+00
    outer loop
      vertex   2.740942e+02 9.199704e+01 2.500000e+01
      vertex   2.740942e+02 9.199704e+01 3.100000e+01
      vertex   2.737189e+02 9.197343e+01 2.500000e+01
    endloop
  endfacet
  facet normal 6.279052e-02 -9.980267e-01 0.000000e+00
    outer loop
      vertex   2.737189e+02 9.197343e+01 2.500000e+01
      vertex   2.740942e+02 9.199704e+01 3.100000e+01
      vertex   2.737189e+02 9.197343e+01 3.100000e+01
    endloop
  endfacet
  facet normal 3.090170e-01 -9.510565e-01 0.000000e+00
    outer loop
      vertex   2.737189e+02 9.197343e+01 2.500000e+01
      vertex   2.737189e+02 9.197343e+01 3.100000e+01
      vertex   2.733613e+02 9.185724e+01 2.500000e+01
    endloop
  endfacet
  facet normal 3.090170e-01 -9.510565e-01 0.000000e+00
    outer loop
      vertex   2.733613e+02 9.185724e+01 2.500000e+01
      vertex   2.737189e+02 9.197343e+01 3.100000e+01
      vertex   2.733613e+02 9.185724e+01 3.100000e+01
    endloop
  endfacet
  facet normal 5.358268e-01 -8.443279e-01 0.000000e+00
    outer loop
      vertex   2.733613e+02 9.185724e+01 2.500000e+01
      vertex   2.733613e+02 9.185724e+01 3.100000e+01
      vertex   2.730439e+02 9.165577e+01 2.500000e+01
    endloop
  endfacet
  facet normal 5.358268e-01 -8.443279e-01 0.000000e+00
    outer loop
      vertex   2.730439e+02 9.165577e+01 2.500000e+01
      vertex   2.733613e+02 9.185724e+01 3.100000e+01
      vertex   2.730439e+02 9.165577e+01 3.100000e+01
    endloop
  endfacet
  facet normal 7.289686e-01 -6.845471e-01 0.000000e+00
    outer loop
      vertex   2.730439e+02 9.165577e+01 2.500000e+01
      vertex   2.730439e+02 9.165577e+01 3.100000e+01
      vertex   2.727865e+02 9.138168e+01 2.500000e+01
    endloop
  endfacet
  facet normal 7.289686e-01 -6.845471e-01 0.000000e+00
    outer loop
      vertex   2.727865e+02 9.138168e+01 2.500000e+01
      vertex   2.730439e+02 9.165577e+01 3.100000e+01
      vertex   2.727865e+02 9.138168e+01 3.100000e+01
    endloop
  endfacet
  facet normal 8.763067e-01 -4.817537e-01 0.000000e+00
    outer loop
      vertex   2.727865e+02 9.138168e+01 2.500000e+01
      vertex   2.727865e+02 9.138168e+01 3.100000e+01
      vertex   2.726053e+02 9.105219e+01 2.500000e+01
    endloop
  endfacet
  facet normal 8.763067e-01 -4.817537e-01 0.000000e+00
    outer loop
      vertex   2.726053e+02 9.105219e+01 2.500000e+01
      vertex   2.727865e+02 9.138168e+01 3.100000e+01
      vertex   2.726053e+02 9.105219e+01 3.100000e+01
    endloop
  endfacet
  facet normal 9.685832e-01 -2.486899e-01 0.000000e+00
    outer loop
      vertex   2.726053e+02 9.105219e+01 2.500000e+01
      vertex   2.726053e+02 9.105219e+01 3.100000e+01
      vertex   2.725118e+02 9.068800e+01 2.500000e+01
    endloop
  endfacet
  facet normal 9.685832e-01 -2.486899e-01 0.000000e+00
    outer loop
      vertex   2.725118e+02 9.068800e+01 2.500000e+01
      vertex   2.726053e+02 9.105219e+01 3.100000e+01
      vertex   2.725118e+02 9.068800e+01 3.100000e+01
    endloop
  endfacet
  facet normal 1.000000e+00 0.000000e+00 -0.000000e+00
    outer loop
      vertex   2.725118e+02 9.068800e+01 2.500000e+01
      vertex   2.725118e+02 9.068800e+01 3.100000e+01
      vertex   2.725118e+02 9.031200e+01 2.500000e+01
    endloop
  endfacet
  facet normal 1.000000e+00 0.000000e+00 0.000000e+00
    outer loop
      vertex   2.725118e+02 9.031200e+01 2.500000e+01
      vertex   2.725118e+02 9.068800e+01 3.100000e+01
      vertex   2.725118e+02 9.031200e+01 3.100000e+01
    endloop
  endfacet
  facet normal 9.685832e-01 2.486899e-01 -0.000000e+00
    outer loop
      vertex   2.725118e+02 9.031200e+01 2.500000e+01
      vertex   2.725118e+02 9.031200e+01 3.100000e+01
      vertex   2.726053e+02 8.994781e+01 2.500000e+01
    endloop
  endfacet
  facet normal 9.685832e-01 2.486899e-01 -0.000000e+00
    outer loop
      vertex   2.726053e+02 8.994781e+01 2.500000e+01
      vertex   2.725118e+02 9.031200e+01 3.100000e+01
      vertex   2.726053e+02 8.994781e+01 3.100000e+01
    endloop
  endfacet
  facet normal 8.763067e-01 4.817537e-01 -0.000000e+00
    outer loop
      vertex   2.726053e+02 8.994781e+01 2.500000e+01
      vertex   2.726053e+02 8.994781e+01 3.100000e+01
      vertex   2.727865e+02 8.961832e+01 2.500000e+01
    endloop
  endfacet
  facet normal 8.763067e-01 4.817537e-01 -0.000000e+00
    outer loop
      vertex   2.727865e+02 8.961832e+01 2.500000e+01
      vertex   2.726053e+02 8.994781e+01 3.100000e+01
      vertex   2.727865e+02 8.961832e+01 3.100000e+01
    endloop
  endfacet
  facet normal 7.289686e-01 6.845471e-01 -0.000000e+00
    outer loop
      vertex   2.727865e+02 8.961832e+01 2.500000e+01
      vertex   2.727865e+02 8.961832e+01 3.100000e+01
      vertex   2.730439e+02 8.934423e+01 2.500000e+01
    endloop
  endfacet
  facet normal 7.289686e-01 6.845471e-01 -0.000000e+00
    outer loop
      vertex   2.730439e+02 8.934423e+01 2.500000e+01
      vertex   2.727865e+02 8.961832e+01 3.100000e+01
      vertex   2.730439e+02 8.934423e+01 3.100000e+01
    endloop
  endfacet
  facet normal 5.358268e-01 8.443279e-01 -0.000000e+00
    outer loop
      vertex   2.730439e+02 8.934423e+01 2.500000e+01
      vertex   2.730439e+02 8.934423e+01 3.100000e+01
      vertex   2.733613e+02 8.914276e+01 2.500000e+01
    endloop
  endfacet
  facet normal 5.358268e-01 8.443279e-01 -1.999770e-15
    outer loop
      vertex   2.733613e+02 8.914276e+01 2.500000e+01
      vertex   2.730439e+02 8.934423e+01 3.100000e+01
      vertex   2.733613e+02 8.914276e+01 3.100000e+01
    endloop
  endfacet
  facet normal 3.090170e-01 9.510565e-01 -2.252554e-15
    outer loop
      vertex   2.733613e+02 8.914276e+01 2.500000e+01
      vertex   2.733613e+02 8.914276e+01 3.100000e+01
      vertex   2.737189e+02 8.902657e+01 2.500000e+01
    endloop
  endfacet
  facet normal 3.090170e-01 9.510565e-01 -0.000000e+00
    outer loop
      vertex   2.737189e+02 8.902657e+01 2.500000e+01
      vertex   2.733613e+02 8.914276e+01 3.100000e+01
      vertex   2.737189e+02 8.902657e+01 3.100000e+01
    endloop
  endfacet
  facet normal 6.279052e-02 9.980267e-01 -0.000000e+00
    outer loop
      vertex   2.737189e+02 8.902657e+01 2.500000e+01
      vertex   2.737189e+02 8.902657e+01 3.100000e+01
      vertex   2.740942e+02 8.900296e+01 2.500000e+01
    endloop
  endfacet
  facet normal 6.279052e-02 9.980267e-01 -0.000000e+00
    outer loop
      vertex   2.740942e+02 8.900296e+01 2.500000e+01
      vertex   2.737189e+02 8.902657e+01 3.100000e+01
      vertex   2.740942e+02 8.900296e+01 3.100000e+01
    endloop
  endfacet
  facet normal -1.873813e-01 9.822873e-01 0.000000e+00
    outer loop
      vertex   2.740942e+02 8.900296e+01 2.500000e+01
      vertex   2.740942e+02 8.900296e+01 3.100000e+01
      vertex   2.744635e+02 8.907342e+01 2.500000e+01
    endloop
  endfacet
  facet normal -1.873813e-01 9.822873e-01 0.000000e+00
    outer loop
      vertex   2.744635e+02 8.907342e+01 2.500000e+01
      vertex   2.740942e+02 8.900296e+01 3.100000e+01
      vertex   2.744635e+02 8.907342e+01 3.100000e+01
    endloop
  endfacet
  facet normal -4.257793e-01 9.048271e-01 0.000000e+00
    outer loop
      vertex   2.744635e+02 8.907342e+01 2.500000e+01
      vertex   2.744635e+02 8.907342e+01 3.100000e+01
      vertex   2.748037e+02 8.923351e+01 2.500000e+01
    endloop
  endfacet
  facet normal -4.257793e-01 9.048271e-01 0.000000e+00
    outer loop
      vertex   2.748037e+02 8.923351e+01 2.500000e+01
      vertex   2.744635e+02 8.907342e+01 3.100000e+01
      vertex   2.748037e+02 8.923351e+01 3.100000e+01
    endloop
  endfacet
  facet normal -6.374240e-01 7.705132e-01 0.000000e+00
    outer loop
      vertex   2.748037e+02 8.923351e+01 2.500000e+01
      vertex   2.748037e+02 8.923351e+01 3.100000e+01
      vertex   2.750935e+02 8.947318e+01 2.500000e+01
    endloop
  endfacet
  facet normal -6.374240e-01 7.705132e-01 1.824942e-15
    outer loop
      vertex   2.750935e+02 8.947318e+01 2.500000e+01
      vertex   2.748037e+02 8.923351e+01 3.100000e+01
      vertex   2.750935e+02 8.947318e+01 3.100000e+01
    endloop
  endfacet
  facet normal -8.090170e-01 5.877853e-01 1.392155e-15
    outer loop
      vertex   2.750935e+02 8.947318e+01 2.500000e+01
      vertex   2.750935e+02 8.947318e+01 3.100000e+01
      vertex   2.753145e+02 8.977737e+01 2.500000e+01
    endloop
  endfacet
  facet normal -8.090170e-01 5.877853e-01 0.000000e+00
    outer loop
      vertex   2.753145e+02 8.977737e+01 2.500000e+01
      vertex   2.750935e+02 8.947318e+01 3.100000e+01
      vertex   2.753145e+02 8.977737e+01 3.100000e+01
    endloop
  endfacet
  facet normal -9.297765e-01 3.681246e-01 0.000000e+00
    outer loop
      vertex   2.753145e+02 8.977737e+01 2.500000e+01
      vertex   2.753145e+02 8.977737e+01 3.100000e+01
      vertex   2.754529e+02 9.012697e+01 2.500000e+01
    endloop
  endfacet
  facet normal -9.297765e-01 3.681246e-01 0.000000e+00
    outer loop
      vertex   2.754529e+02 9.012697e+01 2.500000e+01
      vertex   2.753145e+02 8.977737e+01 3.100000e+01
      vertex   2.754529e+02 9.012697e+01 3.100000e+01
    endloop
  endfacet
  facet normal -9.921147e-01 -1.253332e-01 -0.000000e+00
    outer loop
      vertex   2.754529e+02 9.087303e+01 3.700000e+01
      vertex   2.754529e+02 9.087303e+01 3.100000e+01
      vertex   2.755000e+02 9.050000e+01 3.700000e+01
    endloop
  endfacet
  facet normal -9.921147e-01 -1.253332e-01 -0.000000e+00
    outer loop
      vertex   2.755000e+02 9.050000e+01 3.700000e+01
      vertex   2.754529e+02 9.087303e+01 3.100000e+01
      vertex   2.755000e+02 9.050000e+01 3.100000e+01
    endloop
  endfacet
  facet normal -9.921147e-01 1.253332e-01 0.000000e+00
    outer loop
      vertex   2.755000e+02 9.050000e+01 3.700000e+01
      vertex   2.755000e+02 9.050000e+01 3.100000e+01
      vertex   2.754529e+02 9.012697e+01 3.700000e+01
    endloop
  endfacet
  facet normal -9.921147e-01 1.253332e-01 0.000000e+00
    outer loop
      vertex   2.754529e+02 9.012697e+01 3.700000e+01
      vertex   2.755000e+02 9.050000e+01 3.100000e+01
      vertex   2.754529e+02 9.012697e+01 3.100000e+01
    endloop
  endfacet
  facet normal -9.297765e-01 3.681246e-01 0.000000e+00
    outer loop
      vertex   2.754529e+02 9.012697e+01 3.700000e+01
      vertex   2.754529e+02 9.012697e+01 3.100000e+01
      vertex   2.753145e+02 8.977737e+01 3.700000e+01
    endloop
  endfacet
  facet normal -9.297765e-01 3.681246e-01 0.000000e+00
    outer loop
      vertex   2.753145e+02 8.977737e+01 3.700000e+01
      vertex   2.754529e+02 9.012697e+01 3.100000e+01
      vertex   2.753145e+02 8.977737e+01 3.100000e+01
    endloop
  endfacet
  facet normal -8.090170e-01 5.877853e-01 0.000000e+00
    outer loop
      vertex   2.753145e+02 8.977737e+01 3.700000e+01
      vertex   2.753145e+02 8.977737e+01 3.100000e+01
      vertex   2.750935e+02 8.947318e+01 3.700000e+01
    endloop
  endfacet
  facet normal -8.090170e-01 5.877853e-01 0.000000e+00
    outer loop
      vertex   2.750935e+02 8.947318e+01 3.700000e+01
      vertex   2.753145e+02 8.977737e+01 3.100000e+01
      vertex   2.750935e+02 8.947318e+01 3.100000e+01
    endloop
  endfacet
  facet normal -6.374240e-01 7.705132e-01 0.000000e+00
    outer loop
      vertex   2.750935e+02 8.947318e+01 3.700000e+01
      vertex   2.750935e+02 8.947318e+01 3.100000e+01
      vertex   2.748037e+02 8.923351e+01 3.700000e+01
    endloop
  endfacet
  facet normal -6.374240e-01 7.705132e-01 0.000000e+00
    outer loop
      vertex   2.748037e+02 8.923351e+01 3.700000e+01
      vertex   2.750935e+02 8.947318e+01 3.100000e+01
      vertex   2.748037e+02 8.923351e+01 3.100000e+01
    endloop
  endfacet
  facet normal -4.257793e-01 9.048271e-01 0.000000e+00
    outer loop
      vertex   2.748037e+02 8.923351e+01 3.700000e+01
      vertex   2.748037e+02 8.923351e+01 3.100000e+01
      vertex   2.744635e+02 8.907342e+01 3.700000e+01
    endloop
  endfacet
  facet normal -4.257793e-01 9.048271e-01 0.000000e+00
    outer loop
      vertex   2.744635e+02 8.907342e+01 3.700000e+01
      vertex   2.748037e+02 8.923351e+01 3.100000e+01
      vertex   2.744635e+02 8.907342e+01 3.100000e+01
    endloop
  endfacet
  facet normal -1.873813e-01 9.822873e-01 0.000000e+00
    outer loop
      vertex   2.744635e+02 8.907342e+01 3.700000e+01
      vertex   2.744635e+02 8.907342e+01 3.100000e+01
      vertex   2.740942e+02 8.900296e+01 3.700000e+01
    endloop
  endfacet
  facet normal -1.873813e-01 9.822873e-01 0.000000e+00
    outer loop
      vertex   2.740942e+02 8.900296e+01 3.700000e+01
      vertex   2.744635e+02 8.907342e+01 3.100000e+01
      vertex   2.740942e+02 8.900296e+01 3.100000e+01
    endloop
  endfacet
  facet normal 6.279052e-02 9.980267e-01 0.000000e+00
    outer loop
      vertex   2.740942e+02 8.900296e+01 3.700000e+01
      vertex   2.740942e+02 8.900296e+01 3.100000e+01
      vertex   2.737189e+02 8.902657e+01 3.700000e+01
    endloop
  endfacet
  facet normal 6.279052e-02 9.980267e-01 0.000000e+00
    outer loop
      vertex   2.737189e+02 8.902657e+01 3.700000e+01
      vertex   2.740942e+02 8.900296e+01 3.100000e+01
      vertex   2.737189e+02 8.902657e+01 3.100000e+01
    endloop
  endfacet
  facet normal 3.090170e-01 9.510565e-01 0.000000e+00
    outer loop
      vertex   2.737189e+02 8.902657e+01 3.700000e+01
      vertex   2.737189e+02 8.902657e+01 3.100000e+01
      vertex   2.733613e+02 8.914276e+01 3.700000e+01
    endloop
  endfacet
  facet normal 3.090170e-01 9.510565e-01 0.000000e+00
    outer loop
      vertex   2.733613e+02 8.914276e+01 3.700000e+01
      vertex   2.737189e+02 8.902657e+01 3.100000e+01
      vertex   2.733613e+02 8.914276e+01 3.100000e+01
    endloop
  endfacet
  facet normal 5.358268e-01 8.443279e-01 0.000000e+00
    outer loop
      vertex   2.733613e+02 8.914276e+01 3.700000e+01
      vertex   2.733613e+02 8.914276e+01 3.100000e+01
      vertex   2.730439e+02 8.934423e+01 3.700000e+01
    endloop
  endfacet
  facet normal 5.358268e-01 8.443279e-01 0.000000e+00
    outer loop
      vertex   2.730439e+02 8.934423e+01 3.700000e+01
      vertex   2.733613e+02 8.914276e+01 3.100000e+01
      vertex   2.730439e+02 8.934423e+01 3.100000e+01
    endloop
  endfacet
  facet normal 7.289686e-01 6.845471e-01 0.000000e+00
    outer loop
      vertex   2.730439e+02 8.934423e+01 3.700000e+01
      vertex   2.730439e+02 8.934423e+01 3.100000e+01
      vertex   2.727865e+02 8.961832e+01 3.700000e+01
    endloop
  endfacet
  facet normal 7.289686e-01 6.845471e-01 0.000000e+00
    outer loop
      vertex   2.727865e+02 8.961832e+01 3.700000e+01
      vertex   2.730439e+02 8.934423e+01 3.100000e+01
      vertex   2.727865e+02 8.961832e+01 3.100000e+01
    endloop
  endfacet
  facet normal 8.763067e-01 4.817537e-01 0.000000e+00
    outer loop
      vertex   2.727865e+02 8.961832e+01 3.700000e+01
      vertex   2.727865e+02 8.961832e+01 3.100000e+01
      vertex   2.726053e+02 8.994781e+01 3.700000e+01
    endloop
  endfacet
  facet normal 8.763067e-01 4.817537e-01 0.000000e+00
    outer loop
      vertex   2.726053e+02 8.994781e+01 3.700000e+01
      vertex   2.727865e+02 8.961832e+01 3.100000e+01
      vertex   2.726053e+02 8.994781e+01 3.100000e+01
    endloop
  endfacet
  facet normal 9.685832e-01 2.486899e-01 0.000000e+00
    outer loop
      vertex   2.726053e+02 8.994781e+01 3.700000e+01
      vertex   2.726053e+02 8.994781e+01 3.100000e+01
      vertex   2.725118e+02 9.031200e+01 3.700000e+01
    endloop
  endfacet
  facet normal 9.685832e-01 2.486899e-01 0.000000e+00
    outer loop
      vertex   2.725118e+02 9.031200e+01 3.700000e+01
      vertex   2.726053e+02 8.994781e+01 3.100000e+01
      vertex   2.725118e+02 9.031200e+01 3.100000e+01
    endloop
  endfacet
  facet normal 1.000000e+00 -0.000000e+00 0.000000e+00
    outer loop
      vertex   2.725118e+02 9.031200e+01 3.700000e+01
      vertex   2.725118e+02 9.031200e+01 3.100000e+01
      vertex   2.725118e+02 9.068800e+01 3.700000e+01
    endloop
  endfacet
  facet normal 1.000000e+00 0.000000e+00 0.000000e+00
    outer loop
      vertex   2.725118e+02 9.068800e+01 3.700000e+01
      vertex   2.725118e+02 9.031200e+01 3.100000e+01
      vertex   2.725118e+02 9.068800e+01 3.100000e+01
    endloop
  endfacet
  facet normal 9.685832e-01 -2.486899e-01 0.000000e+00
    outer loop
      vertex   2.725118e+02 9.068800e+01 3.700000e+01
      vertex   2.725118e+02 9.068800e+01 3.100000e+01
      vertex   2.726053e+02 9.105219e+01 3.700000e+01
    endloop
  endfacet
  facet normal 9.685832e-01 -2.486899e-01 0.000000e+00
    outer loop
      vertex   2.726053e+02 9.105219e+01 3.700000e+01
      vertex   2.725118e+02 9.068800e+01 3.100000e+01
      vertex   2.726053e+02 9.105219e+01 3.100000e+01
    endloop
  endfacet
  facet normal 8.763067e-01 -4.817537e-01 0.000000e+00
    outer loop
      vertex   2.726053e+02 9.105219e+01 3.700000e+01
      vertex   2.726053e+02 9.105219e+01 3.100000e+01
      vertex   2.727865e+02 9.138168e+01 3.700000e+01
    endloop
  endfacet
  facet normal 8.763067e-01 -4.817537e-01 0.000000e+00
    outer loop
      vertex   2.727865e+02 9.138168e+01 3.700000e+01
      vertex   2.726053e+02 9.105219e+01 3.100000e+01
      vertex   2.727865e+02 9.138168e+01 3.100000e+01
    endloop
  endfacet
  facet normal 7.289686e-01 -6.845471e-01 0.000000e+00
    outer loop
      vertex   2.727865e+02 9.138168e+01 3.700000e+01
      vertex   2.727865e+02 9.138168e+01 3.100000e+01
      vertex   2.730439e+02 9.165577e+01 3.700000e+01
    endloop
  endfacet
  facet normal 7.289686e-01 -6.845471e-01 0.000000e+00
    outer loop
      vertex   2.730439e+02 9.165577e+01 3.700000e+01
      vertex   2.727865e+02 9.138168e+01 3.100000e+01
      vertex   2.730439e+02 9.165577e+01 3.100000e+01
    endloop
  endfacet
  facet normal 5.358268e-01 -8.443279e-01 0.000000e+00
    outer loop
      vertex   2.730439e+02 9.165577e+01 3.700000e+01
      vertex   2.730439e+02 9.165577e+01 3.100000e+01
      vertex   2.733613e+02 9.185724e+01 3.700000e+01
    endloop
  endfacet
  facet normal 5.358268e-01 -8.443279e-01 1.999770e-15
    outer loop
      vertex   2.733613e+02 9.185724e+01 3.700000e+01
      vertex   2.730439e+02 9.165577e+01 3.100000e+01
      vertex   2.733613e+02 9.185724e+01 3.100000e+01
    endloop
  endfacet
  facet normal 3.090170e-01 -9.510565e-01 2.252554e-15
    outer loop
      vertex   2.733613e+02 9.185724e+01 3.700000e+01
      vertex   2.733613e+02 9.185724e+01 3.100000e+01
      vertex   2.737189e+02 9.197343e+01 3.700000e+01
    endloop
  endfacet
  facet normal 3.090170e-01 -9.510565e-01 0.000000e+00
    outer loop
      vertex   2.737189e+02 9.197343e+01 3.700000e+01
      vertex   2.733613e+02 9.185724e+01 3.100000e+01
      vertex   2.737189e+02 9.197343e+01 3.100000e+01
    endloop
  endfacet
  facet normal 6.279052e-02 -9.980267e-01 0.000000e+00
    outer loop
      vertex   2.737189e+02 9.197343e+01 3.700000e+01
      vertex   2.737189e+02 9.197343e+01 3.100000e+01
      vertex   2.740942e+02 9.199704e+01 3.700000e+01
    endloop
  endfacet
  facet normal 6.279052e-02 -9.980267e-01 0.000000e+00
    outer loop
      vertex   2.740942e+02 9.199704e+01 3.700000e+01
      vertex   2.737189e+02 9.197343e+01 3.100000e+01
      vertex   2.740942e+02 9.199704e+01 3.100000e+01
    endloop
  endfacet
  facet normal -1.873813e-01 -9.822873e-01 -0.000000e+00
    outer loop
      vertex   2.740942e+02 9.199704e+01 3.700000e+01
      vertex   2.740942e+02 9.199704e+01 3.100000e+01
      vertex   2.744635e+02 9.192658e+01 3.700000e+01
    endloop
  endfacet
  facet normal -1.873813e-01 -9.822873e-01 -0.000000e+00
    outer loop
      vertex   2.744635e+02 9.192658e+01 3.700000e+01
      vertex   2.740942e+02 9.199704e+01 3.100000e+01
      vertex   2.744635e+02 9.192658e+01 3.100000e+01
    endloop
  endfacet
  facet normal -4.257793e-01 -9.048271e-01 -0.000000e+00
    outer loop
      vertex   2.744635e+02 9.192658e+01 3.700000e+01
      vertex   2.744635e+02 9.192658e+01 3.100000e+01
      vertex   2.748037e+02 9.176649e+01 3.700000e+01
    endloop
  endfacet
  facet normal -4.257793e-01 -9.048271e-01 -0.000000e+00
    outer loop
      vertex   2.748037e+02 9.176649e+01 3.700000e+01
      vertex   2.744635e+02 9.192658e+01 3.100000e+01
      vertex   2.748037e+02 9.176649e+01 3.100000e+01
    endloop
  endfacet
  facet normal -6.374240e-01 -7.705132e-01 -0.000000e+00
    outer loop
      vertex   2.748037e+02 9.176649e+01 3.700000e+01
      vertex   2.748037e+02 9.176649e+01 3.100000e+01
      vertex   2.750935e+02 9.152682e+01 3.700000e+01
    endloop
  endfacet
  facet normal -6.374240e-01 -7.705132e-01 -1.824942e-15
    outer loop
      vertex   2.750935e+02 9.152682e+01 3.700000e+01
      vertex   2.748037e+02 9.176649e+01 3.100000e+01
      vertex   2.750935e+02 9.152682e+01 3.100000e+01
    endloop
  endfacet
  facet normal -8.090170e-01 -5.877853e-01 -1.392155e-15
    outer loop
      vertex   2.750935e+02 9.152682e+01 3.700000e+01
      vertex   2.750935e+02 9.152682e+01 3.100000e+01
      vertex   2.753145e+02 9.122263e+01 3.700000e+01
    endloop
  endfacet
  facet normal -8.090170e-01 -5.877853e-01 -0.000000e+00
    outer loop
      vertex   2.753145e+02 9.122263e+01 3.700000e+01
      vertex   2.750935e+02 9.152682e+01 3.100000e+01
      vertex   2.753145e+02 9.122263e+01 3.100000e+01
    endloop
  endfacet
  facet normal -9.297765e-01 -3.681246e-01 -0.000000e+00
    outer loop
      vertex   2.753145e+02 9.122263e+01 3.700000e+01
      vertex   2.753145e+02 9.122263e+01 3.100000e+01
      vertex   2.754529e+02 9.087303e+01 3.700000e+01
    endloop
  endfacet
  facet normal -9.297765e-01 -3.681246e-01 -0.000000e+00
    outer loop
      vertex   2.754529e+02 9.087303e+01 3.700000e+01
      vertex   2.753145e+02 9.122263e+01 3.100000e+01
      vertex   2.754529e+02 9.087303e+01 3.100000e+01
    endloop
  endfacet
  facet normal -9.921147e-01 1.253332e-01 0.000000e+00
    outer loop
      vertex   2.254529e+02 9.012697e+01 2.500000e+01
      vertex   2.254529e+02 9.012697e+01 3.100000e+01
      vertex   2.255000e+02 9.050000e+01 2.500000e+01
    endloop
  endfacet
  facet normal -9.921147e-01 1.253332e-01 0.000000e+00
    outer loop
      vertex   2.255000e+02 9.050000e+01 2.500000e+01
      vertex   2.254529e+02 9.012697e+01 3.100000e+01
      vertex   2.255000e+02 9.050000e+01 3.100000e+01
    endloop
  endfacet
  facet normal -9.921147e-01 -1.253332e-01 0.000000e+00
    outer loop
      vertex   2.255000e+02 9.050000e+01 2.500000e+01
      vertex   2.255000e+02 9.050000e+01 3.100000e+01
      vertex   2.254529e+02 9.087303e+01 2.500000e+01
    endloop
  endfacet
  facet normal -9.921147e-01 -1.253332e-01 0.000000e+00
    outer loop
      vertex   2.254529e+02 9.087303e+01 2.500000e+01
      vertex   2.255000e+02 9.050000e+01 3.100000e+01
      vertex   2.254529e+02 9.087303e+01 3.100000e+01
    endloop
  endfacet
  facet normal -9.297765e-01 -3.681246e-01 0.000000e+00
    outer loop
      vertex   2.254529e+02 9.087303e+01 2.500000e+01
      vertex   2.254529e+02 9.087303e+01 3.100000e+01
      vertex   2.253145e+02 9.122263e+01 2.500000e+01
    endloop
  endfacet
  facet normal -9.297765e-01 -3.681246e-01 0.000000e+00
    outer loop
      vertex   2.253145e+02 9.122263e+01 2.500000e+01
      vertex   2.254529e+02 9.087303e+01 3.100000e+01
      vertex   2.253145e+02 9.122263e+01 3.100000e+01
    endloop
  endfacet
  facet normal -8.090170e-01 -5.877853e-01 0.000000e+00
    outer loop
      vertex   2.253145e+02 9.122263e+01 2.500000e+01
      vertex   2.253145e+02 9.122263e+01 3.100000e+01
      vertex   2.250935e+02 9.152682e+01 2.500000e+01
    endloop
  endfacet
  facet normal -8.090170e-01 -5.877853e-01 0.000000e+00
    outer loop
      vertex   2.250935e+02 9.152682e+01 2.500000e+01
      vertex   2.253145e+02 9.122263e+01 3.100000e+01
      vertex   2.250935e+02 9.152682e+01 3.100000e+01
    endloop
  endfacet
  facet normal -6.374240e-01 -7.705132e-01 0.000000e+00
    outer loop
      vertex   2.250935e+02 9.152682e+01 2.500000e+01
      vertex   2.250935e+02 9.152682e+01 3.100000e+01
      vertex   2.248037e+02 9.176649e+01 2.500000e+01
    endloop
  endfacet
  facet normal -6.374240e-01 -7.705132e-01 0.000000e+00
    outer loop
      vertex   2.248037e+02 9.176649e+01 2.500000e+01
      vertex   2.250935e+02 9.152682e+01 3.100000e+01
      vertex   2.248037e+02 9.176649e+01 3.100000e+01
    endloop
  endfacet
  facet normal -4.257793e-01 -9.048271e-01 0.000000e+00
    outer loop
      vertex   2.248037e+02 9.176649e+01 2.500000e+01
      vertex   2.248037e+02 9.176649e+01 3.100000e+01
      vertex   2.244635e+02 9.192658e+01 2.500000e+01
    endloop
  endfacet
  facet normal -4.257793e-01 -9.048271e-01 0.000000e+00
    outer loop
      vertex   2.244635e+02 9.192658e+01 2.500000e+01
      vertex   2.248037e+02 9.176649e+01 3.100000e+01
      vertex   2.244635e+02 9.192658e+01 3.100000e+01
    endloop
  endfacet
  facet normal -1.873813e-01 -9.822873e-01 0.000000e+00
    outer loop
      vertex   2.244635e+02 9.192658e+01 2.500000e+01
      vertex   2.244635e+02 9.192658e+01 3.100000e+01
      vertex   2.240942e+02 9.199704e+01 2.500000e+01
    endloop
  endfacet
  facet normal -1.873813e-01 -9.822873e-01 0.000000e+00
    outer loop
      vertex   2.240942e+02 9.199704e+01 2.500000e+01
      vertex   2.244635e+02 9.192658e+01 3.100000e+01
      vertex   2.240942e+02 9.199704e+01 3.100000e+01
    endloop
  endfacet
  facet normal 6.279052e-02 -9.980267e-01 0.000000e+00
    outer loop
      vertex   2.240942e+02 9.199704e+01 2.500000e+01
      vertex   2.240942e+02 9.199704e+01 3.100000e+01
      vertex   2.237189e+02 9.197343e+01 2.500000e+01
    endloop
  endfacet
  facet normal 6.279052e-02 -9.980267e-01 0.000000e+00
    outer loop
      vertex   2.237189e+02 9.197343e+01 2.500000e+01
      vertex   2.240942e+02 9.199704e+01 3.100000e+01
      vertex   2.237189e+02 9.197343e+01 3.100000e+01
    endloop
  endfacet
  facet normal 3.090170e-01 -9.510565e-01 0.000000e+00
    outer loop
      vertex   2.237189e+02 9.197343e+01 2.500000e+01
      vertex   2.237189e+02 9.197343e+01 3.100000e+01
      vertex   2.233613e+02 9.185724e+01 2.500000e+01
    endloop
  endfacet
  facet normal 3.090170e-01 -9.510565e-01 0.000000e+00
    outer loop
      vertex   2.233613e+02 9.185724e+01 2.500000e+01
      vertex   2.237189e+02 9.197343e+01 3.100000e+01
      vertex   2.233613e+02 9.185724e+01 3.100000e+01
    endloop
  endfacet
  facet normal 5.358268e-01 -8.443279e-01 0.000000e+00
    outer loop
      vertex   2.233613e+02 9.185724e+01 2.500000e+01
      vertex   2.233613e+02 9.185724e+01 3.100000e+01
      vertex   2.230439e+02 9.165577e+01 2.500000e+01
    endloop
  endfacet
  facet normal 5.358268e-01 -8.443279e-01 0.000000e+00
    outer loop
      vertex   2.230439e+02 9.165577e+01 2.500000e+01
      vertex   2.233613e+02 9.185724e+01 3.100000e+01
      vertex   2.230439e+02 9.165577e+01 3.100000e+01
    endloop
  endfacet
  facet normal 7.289686e-01 -6.845471e-01 0.000000e+00
    outer loop
      vertex   2.230439e+02 9.165577e+01 2.500000e+01
      vertex   2.230439e+02 9.165577e+01 3.100000e+01
      vertex   2.227865e+02 9.138168e+01 2.500000e+01
    endloop
  endfacet
  facet normal 7.289686e-01 -6.845471e-01 0.000000e+00
    outer loop
      vertex   2.227865e+02 9.138168e+01 2.500000e+01
      vertex   2.230439e+02 9.165577e+01 3.100000e+01
      vertex   2.227865e+02 9.138168e+01 3.100000e+01
    endloop
  endfacet
  facet normal 8.763067e-01 -4.817537e-01 0.000000e+00
    outer loop
      vertex   2.227865e+02 9.138168e+01 2.500000e+01
      vertex   2.227865e+02 9.138168e+01 3.100000e+01
      vertex   2.226053e+02 9.105219e+01 2.500000e+01
    endloop
  endfacet
  facet normal 8.763067e-01 -4.817537e-01 0.000000e+00
    outer loop
      vertex   2.226053e+02 9.105219e+01 2.500000e+01
      vertex   2.227865e+02 9.138168e+01 3.100000e+01
      vertex   2.226053e+02 9.105219e+01 3.100000e+01
    endloop
  endfacet
  facet normal 9.685832e-01 -2.486899e-01 0.000000e+00
    outer loop
      vertex   2.226053e+02 9.105219e+01 2.500000e+01
      vertex   2.226053e+02 9.105219e+01 3.100000e+01
      vertex   2.225118e+02 9.068800e+01 2.500000e+01
    endloop
  endfacet
  facet normal 9.685832e-01 -2.486899e-01 0.000000e+00
    outer loop
      vertex   2.225118e+02 9.068800e+01 2.500000e+01
      vertex   2.226053e+02 9.105219e+01 3.100000e+01
      vertex   2.225118e+02 9.068800e+01 3.100000e+01
    endloop
  endfacet
  facet normal 1.000000e+00 0.000000e+00 -0.000000e+00
    outer loop
      vertex   2.225118e+02 9.068800e+01 2.500000e+01
      vertex   2.225118e+02 9.068800e+01 3.100000e+01
      vertex   2.225118e+02 9.031200e+01 2.500000e+01
    endloop
  endfacet
  facet normal 1.000000e+00 0.000000e+00 0.000000e+00
    outer loop
      vertex   2.225118e+02 9.031200e+01 2.500000e+01
      vertex   2.225118e+02 9.068800e+01 3.100000e+01
      vertex   2.225118e+02 9.031200e+01 3.100000e+01
    endloop
  endfacet
  facet normal 9.685832e-01 2.486899e-01 -0.000000e+00
    outer loop
      vertex   2.225118e+02 9.031200e+01 2.500000e+01
      vertex   2.225118e+02 9.031200e+01 3.100000e+01
      vertex   2.226053e+02 8.994781e+01 2.500000e+01
    endloop
  endfacet
  facet normal 9.685832e-01 2.486899e-01 -0.000000e+00
    outer loop
      vertex   2.226053e+02 8.994781e+01 2.500000e+01
      vertex   2.225118e+02 9.031200e+01 3.100000e+01
      vertex   2.226053e+02 8.994781e+01 3.100000e+01
    endloop
  endfacet
  facet normal 8.763067e-01 4.817537e-01 -0.000000e+00
    outer loop
      vertex   2.226053e+02 8.994781e+01 2.500000e+01
      vertex   2.226053e+02 8.994781e+01 3.100000e+01
      vertex   2.227865e+02 8.961832e+01 2.500000e+01
    endloop
  endfacet
  facet normal 8.763067e-01 4.817537e-01 -0.000000e+00
    outer loop
      vertex   2.227865e+02 8.961832e+01 2.500000e+01
      vertex   2.226053e+02 8.994781e+01 3.100000e+01
      vertex   2.227865e+02 8.961832e+01 3.100000e+01
    endloop
  endfacet
  facet normal 7.289686e-01 6.845471e-01 -0.000000e+00
    outer loop
      vertex   2.227865e+02 8.961832e+01 2.500000e+01
      vertex   2.227865e+02 8.961832e+01 3.100000e+01
      vertex   2.230439e+02 8.934423e+01 2.500000e+01
    endloop
  endfacet
  facet normal 7.289686e-01 6.845471e-01 -0.000000e+00
    outer loop
      vertex   2.230439e+02 8.934423e+01 2.500000e+01
      vertex   2.227865e+02 8.961832e+01 3.100000e+01
      vertex   2.230439e+02 8.934423e+01 3.100000e+01
    endloop
  endfacet
  facet normal 5.358268e-01 8.443279e-01 -0.000000e+00
    outer loop
      vertex   2.230439e+02 8.934423e+01 2.500000e+01
      vertex   2.230439e+02 8.934423e+01 3.100000e+01
      vertex   2.233613e+02 8.914276e+01 2.500000e+01
    endloop
  endfacet
  facet normal 5.358268e-01 8.443279e-01 -0.000000e+00
    outer loop
      vertex   2.233613e+02 8.914276e+01 2.500000e+01
      vertex   2.230439e+02 8.934423e+01 3.100000e+01
      vertex   2.233613e+02 8.914276e+01 3.100000e+01
    endloop
  endfacet
  facet normal 3.090170e-01 9.510565e-01 -0.000000e+00
    outer loop
      vertex   2.233613e+02 8.914276e+01 2.500000e+01
      vertex   2.233613e+02 8.914276e+01 3.100000e+01
      vertex   2.237189e+02 8.902657e+01 2.500000e+01
    endloop
  endfacet
  facet normal 3.090170e-01 9.510565e-01 -0.000000e+00
    outer loop
      vertex   2.237189e+02 8.902657e+01 2.500000e+01
      vertex   2.233613e+02 8.914276e+01 3.100000e+01
      vertex   2.237189e+02 8.902657e+01 3.100000e+01
    endloop
  endfacet
  facet normal 6.279052e-02 9.980267e-01 -0.000000e+00
    outer loop
      vertex   2.237189e+02 8.902657e+01 2.500000e+01
      vertex   2.237189e+02 8.902657e+01 3.100000e+01
      vertex   2.240942e+02 8.900296e+01 2.500000e+01
    endloop
  endfacet
  facet normal 6.279052e-02 9.980267e-01 -0.000000e+00
    outer loop
      vertex   2.240942e+02 8.900296e+01 2.500000e+01
      vertex   2.237189e+02 8.902657e+01 3.100000e+01
      vertex   2.240942e+02 8.900296e+01 3.100000e+01
    endloop
  endfacet
  facet normal -1.873813e-01 9.822873e-01 0.000000e+00
    outer loop
      vertex   2.240942e+02 8.900296e+01 2.500000e+01
      vertex   2.240942e+02 8.900296e+01 3.100000e+01
      vertex   2.244635e+02 8.907342e+01 2.500000e+01
    endloop
  endfacet
  facet normal -1.873813e-01 9.822873e-01 0.000000e+00
    outer loop
      vertex   2.244635e+02 8.907342e+01 2.500000e+01
      vertex   2.240942e+02 8.900296e+01 3.100000e+01
      vertex   2.244635e+02 8.907342e+01 3.100000e+01
    endloop
  endfacet
  facet normal -4.257793e-01 9.048271e-01 0.000000e+00
    outer loop
      vertex   2.244635e+02 8.907342e+01 2.500000e+01
      vertex   2.244635e+02 8.907342e+01 3.100000e+01
      vertex   2.248037e+02 8.923351e+01 2.500000e+01
    endloop
  endfacet
  facet normal -4.257793e-01 9.048271e-01 0.000000e+00
    outer loop
      vertex   2.248037e+02 8.923351e+01 2.500000e+01
      vertex   2.244635e+02 8.907342e+01 3.100000e+01
      vertex   2.248037e+02 8.923351e+01 3.100000e+01
    endloop
  endfacet
  facet normal -6.374240e-01 7.705132e-01 0.000000e+00
    outer loop
      vertex   2.248037e+02 8.923351e+01 2.500000e+01
      vertex   2.248037e+02 8.923351e+01 3.100000e+01
      vertex   2.250935e+02 8.947318e+01 2.500000e+01
    endloop
  endfacet
  facet normal -6.374240e-01 7.705132e-01 0.000000e+00
    outer loop
      vertex   2.250935e+02 8.947318e+01 2.500000e+01
      vertex   2.248037e+02 8.923351e+01 3.100000e+01
      vertex   2.250935e+02 8.947318e+01 3.100000e+01
    endloop
  endfacet
  facet normal -8.090170e-01 5.877853e-01 0.000000e+00
    outer loop
      vertex   2.250935e+02 8.947318e+01 2.500000e+01
      vertex   2.250935e+02 8.947318e+01 3.100000e+01
      vertex   2.253145e+02 8.977737e+01 2.500000e+01
    endloop
  endfacet
  facet normal -8.090170e-01 5.877853e-01 0.000000e+00
    outer loop
      vertex   2.253145e+02 8.977737e+01 2.500000e+01
      vertex   2.250935e+02 8.947318e+01 3.100000e+01
      vertex   2.253145e+02 8.977737e+01 3.100000e+01
    endloop
  endfacet
  facet normal -9.297765e-01 3.681246e-01 0.000000e+00
    outer loop
      vertex   2.253145e+02 8.977737e+01 2.500000e+01
      vertex   2.253145e+02 8.977737e+01 3.100000e+01
      vertex   2.254529e+02 9.012697e+01 2.500000e+01
    endloop
  endfacet
  facet normal -9.297765e-01 3.681246e-01 0.000000e+00
    outer loop
      vertex   2.254529e+02 9.012697e+01 2.500000e+01
      vertex   2.253145e+02 8.977737e+01 3.100000e+01
      vertex   2.254529e+02 9.012697e+01 3.100000e+01
    endloop
  endfacet
  facet normal -9.921147e-01 -1.253332e-01 -0.000000e+00
    outer loop
      vertex   2.254529e+02 9.087303e+01 3.700000e+01
      vertex   2.254529e+02 9.087303e+01 3.100000e+01
      vertex   2.255000e+02 9.050000e+01 3.700000e+01
    endloop
  endfacet
  facet normal -9.921147e-01 -1.253332e-01 -0.000000e+00
    outer loop
      vertex   2.255000e+02 9.050000e+01 3.700000e+01
      vertex   2.254529e+02 9.087303e+01 3.100000e+01
      vertex   2.255000e+02 9.050000e+01 3.100000e+01
    endloop
  endfacet
  facet normal -9.921147e-01 1.253332e-01 0.000000e+00
    outer loop
      vertex   2.255000e+02 9.050000e+01 3.700000e+01
      vertex   2.255000e+02 9.050000e+01 3.100000e+01
      vertex   2.254529e+02 9.012697e+01 3.700000e+01
    endloop
  endfacet
  facet normal -9.921147e-01 1.253332e-01 0.000000e+00
    outer loop
      vertex   2.254529e+02 9.012697e+01 3.700000e+01
      vertex   2.255000e+02 9.050000e+01 3.100000e+01
      vertex   2.254529e+02 9.012697e+01 3.100000e+01
    endloop
  endfacet
  facet normal -9.297765e-01 3.681246e-01 0.000000e+00
    outer loop
      vertex   2.254529e+02 9.012697e+01 3.700000e+01
      vertex   2.254529e+02 9.012697e+01 3.100000e+01
      vertex   2.253145e+02 8.977737e+01 3.700000e+01
    endloop
  endfacet
  facet normal -9.297765e-01 3.681246e-01 0.000000e+00
    outer loop
      vertex   2.253145e+02 8.977737e+01 3.700000e+01
      vertex   2.254529e+02 9.012697e+01 3.100000e+01
      vertex   2.253145e+02 8.977737e+01 3.100000e+01
    endloop
  endfacet
  facet normal -8.090170e-01 5.877853e-01 0.000000e+00
    outer loop
      vertex   2.253145e+02 8.977737e+01 3.700000e+01
      vertex   2.253145e+02 8.977737e+01 3.100000e+01
      vertex   2.250935e+02 8.947318e+01 3.700000e+01
    endloop
  endfacet
  facet normal -8.090170e-01 5.877853e-01 0.000000e+00
    outer loop
      vertex   2.250935e+02 8.947318e+01 3.700000e+01
      vertex   2.253145e+02 8.977737e+01 3.100000e+01
      vertex   2.250935e+02 8.947318e+01 3.100000e+01
    endloop
  endfacet
  facet normal -6.374240e-01 7.705132e-01 0.000000e+00
    outer loop
      vertex   2.250935e+02 8.947318e+01 3.700000e+01
      vertex   2.250935e+02 8.947318e+01 3.100000e+01
      vertex   2.248037e+02 8.923351e+01 3.700000e+01
    endloop
  endfacet
  facet normal -6.374240e-01 7.705132e-01 0.000000e+00
    outer loop
      vertex   2.248037e+02 8.923351e+01 3.700000e+01
      vertex   2.250935e+02 8.947318e+01 3.100000e+01
      vertex   2.248037e+02 8.923351e+01 3.100000e+01
    endloop
  endfacet
  facet normal -4.257793e-01 9.048271e-01 0.000000e+00
    outer loop
      vertex   2.248037e+02 8.923351e+01 3.700000e+01
      vertex   2.248037e+02 8.923351e+01 3.100000e+01
      vertex   2.244635e+02 8.907342e+01 3.700000e+01
    endloop
  endfacet
  facet normal -4.257793e-01 9.048271e-01 0.000000e+00
    outer loop
      vertex   2.244635e+02 8.907342e+01 3.700000e+01
      vertex   2.248037e+02 8.923351e+01 3.100000e+01
      vertex   2.244635e+02 8.907342e+01 3.100000e+01
    endloop
  endfacet
  facet normal -1.873813e-01 9.822873e-01 0.000000e+00
    outer loop
      vertex   2.244635e+02 8.907342e+01 3.700000e+01
      vertex   2.244635e+02 8.907342e+01 3.100000e+01
      vertex   2.240942e+02 8.900296e+01 3.700000e+01
    endloop
  endfacet
  facet normal -1.873813e-01 9.822873e-01 0.000000e+00
    outer loop
      vertex   2.240942e+02 8.900296e+01 3.700000e+01
      vertex   2.244635e+02 8.907342e+01 3.100000e+01
      vertex   2.240942e+02 8.900296e+01 3.100000e+01
    endloop
  endfacet
  facet normal 6.279052e-02 9.980267e-01 0.000000e+00
    outer loop
      vertex   2.240942e+02 8.900296e+01 3.700000e+01
      vertex   2.240942e+02 8.900296e+01 3.100000e+01
      vertex   2.237189e+02 8.902657e+01 3.700000e+01
    endloop
  endfacet
  facet normal 6.279052e-02 9.980267e-01 0.000000e+00
    outer loop
      vertex   2.237189e+02 8.902657e+01 3.700000e+01
      vertex   2.240942e+02 8.900296e+01 3.100000e+01
      vertex   2.237189e+02 8.902657e+01 3.100000e+01
    endloop
  endfacet
  facet normal 3.090170e-01 9.510565e-01 0.000000e+00
    outer loop
      vertex   2.237189e+02 8.902657e+01 3.700000e+01
      vertex   2.237189e+02 8.902657e+01 3.100000e+01
      vertex   2.233613e+02 8.914276e+01 3.700000e+01
    endloop
  endfacet
  facet normal 3.090170e-01 9.510565e-01 0.000000e+00
    outer loop
      vertex   2.233613e+02 8.914276e+01 3.700000e+01
      vertex   2.237189e+02 8.902657e+01 3.100000e+01
      vertex   2.233613e+02 8.914276e+01 3.100000e+01
    endloop
  endfacet
  facet normal 5.358268e-01 8.443279e-01 0.000000e+00
    outer loop
      vertex   2.233613e+02 8.914276e+01 3.700000e+01
      vertex   2.233613e+02 8.914276e+01 3.100000e+01
      vertex   2.230439e+02 8.934423e+01 3.700000e+01
    endloop
  endfacet
  facet normal 5.358268e-01 8.443279e-01 0.000000e+00
    outer loop
      vertex   2.230439e+02 8.934423e+01 3.700000e+01
      vertex   2.233613e+02 8.914276e+01 3.100000e+01
      vertex   2.230439e+02 8.934423e+01 3.100000e+01
    endloop
  endfacet
  facet normal 7.289686e-01 6.845471e-01 0.000000e+00
    outer loop
      vertex   2.230439e+02 8.934423e+01 3.700000e+01
      vertex   2.230439e+02 8.934423e+01 3.100000e+01
      vertex   2.227865e+02 8.961832e+01 3.700000e+01
    endloop
  endfacet
  facet normal 7.289686e-01 6.845471e-01 0.000000e+00
    outer loop
      vertex   2.227865e+02 8.961832e+01 3.700000e+01
      vertex   2.230439e+02 8.934423e+01 3.100000e+01
      vertex   2.227865e+02 8.961832e+01 3.100000e+01
    endloop
  endfacet
  facet normal 8.763067e-01 4.817537e-01 0.000000e+00
    outer loop
      vertex   2.227865e+02 8.961832e+01 3.700000e+01
      vertex   2.227865e+02 8.961832e+01 3.100000e+01
      vertex   2.226053e+02 8.994781e+01 3.700000e+01
    endloop
  endfacet
  facet normal 8.763067e-01 4.817537e-01 0.000000e+00
    outer loop
      vertex   2.226053e+02 8.994781e+01 3.700000e+01
      vertex   2.227865e+02 8.961832e+01 3.100000e+01
      vertex   2.226053e+02 8.994781e+01 3.100000e+01
    endloop
  endfacet
  facet normal 9.685832e-01 2.486899e-01 0.000000e+00
    outer loop
      vertex   2.226053e+02 8.994781e+01 3.700000e+01
      vertex   2.226053e+02 8.994781e+01 3.100000e+01
      vertex   2.225118e+02 9.031200e+01 3.700000e+01
    endloop
  endfacet
  facet normal 9.685832e-01 2.486899e-01 0.000000e+00
    outer loop
      vertex   2.225118e+02 9.031200e+01 3.700000e+01
      vertex   2.226053e+02 8.994781e+01 3.100000e+01
      vertex   2.225118e+02 9.031200e+01 3.100000e+01
    endloop
  endfacet
  facet normal 1.000000e+00 -0.000000e+00 0.000000e+00
    outer loop
      vertex   2.225118e+02 9.031200e+01 3.700000e+01
      vertex   2.225118e+02 9.031200e+01 3.100000e+01
      vertex   2.225118e+02 9.068800e+01 3.700000e+01
    endloop
  endfacet
  facet normal 1.000000e+00 0.000000e+00 0.000000e+00
    outer loop
      vertex   2.225118e+02 9.068800e+01 3.700000e+01
      vertex   2.225118e+02 9.031200e+01 3.100000e+01
      vertex   2.225118e+02 9.068800e+01 3.100000e+01
    endloop
  endfacet
  facet normal 9.685832e-01 -2.486899e-01 0.000000e+00
    outer loop
      vertex   2.225118e+02 9.068800e+01 3.700000e+01
      vertex   2.225118e+02 9.068800e+01 3.100000e+01
      vertex   2.226053e+02 9.105219e+01 3.700000e+01
    endloop
  endfacet
  facet normal 9.685832e-01 -2.486899e-01 0.000000e+00
    outer loop
      vertex   2.226053e+02 9.105219e+01 3.700000e+01
      vertex   2.225118e+02 9.068800e+01 3.100000e+01
      vertex   2.226053e+02 9.105219e+01 3.100000e+01
    endloop
  endfacet
  facet normal 8.763067e-01 -4.817537e-01 0.000000e+00
    outer loop
      vertex   2.226053e+02 9.105219e+01 3.700000e+01
      vertex   2.226053e+02 9.105219e+01 3.100000e+01
      vertex   2.227865e+02 9.138168e+01 3.700000e+01
    endloop
  endfacet
  facet normal 8.763067e-01 -4.817537e-01 0.000000e+00
    outer loop
      vertex   2.227865e+02 9.138168e+01 3.700000e+01
      vertex   2.226053e+02 9.105219e+01 3.100000e+01
      vertex   2.227865e+02 9.138168e+01 3.100000e+01
    endloop
  endfacet
  facet normal 7.289686e-01 -6.845471e-01 0.000000e+00
    outer loop
      vertex   2.227865e+02 9.138168e+01 3.700000e+01
      vertex   2.227865e+02 9.138168e+01 3.100000e+01
      vertex   2.230439e+02 9.165577e+01 3.700000e+01
    endloop
  endfacet
  facet normal 7.289686e-01 -6.845471e-01 0.000000e+00
    outer loop
      vertex   2.230439e+02 9.165577e+01 3.700000e+01
      vertex   2.227865e+02 9.138168e+01 3.100000e+01
      vertex   2.230439e+02 9.165577e+01 3.100000e+01
    endloop
  endfacet
  facet normal 5.358268e-01 -8.443279e-01 0.000000e+00
    outer loop
      vertex   2.230439e+02 9.165577e+01 3.700000e+01
      vertex   2.230439e+02 9.165577e+01 3.100000e+01
      vertex   2.233613e+02 9.185724e+01 3.700000e+01
    endloop
  endfacet
  facet normal 5.358268e-01 -8.443279e-01 0.000000e+00
    outer loop
      vertex   2.233613e+02 9.185724e+01 3.700000e+01
      vertex   2.230439e+02 9.165577e+01 3.100000e+01
      vertex   2.233613e+02 9.185724e+01 3.100000e+01
    endloop
  endfacet
  facet normal 3.090170e-01 -9.510565e-01 0.000000e+00
    outer loop
      vertex   2.233613e+02 9.185724e+01 3.700000e+01
      vertex   2.233613e+02 9.185724e+01 3.100000e+01
      vertex   2.237189e+02 9.197343e+01 3.700000e+01
    endloop
  endfacet
  facet normal 3.090170e-01 -9.510565e-01 0.000000e+00
    outer loop
      vertex   2.237189e+02 9.197343e+01 3.700000e+01
      vertex   2.233613e+02 9.185724e+01 3.100000e+01
      vertex   2.237189e+02 9.197343e+01 3.100000e+01
    endloop
  endfacet
  facet normal 6.279052e-02 -9.980267e-01 0.000000e+00
    outer loop
      vertex   2.237189e+02 9.197343e+01 3.700000e+01
      vertex   2.237189e+02 9.197343e+01 3.100000e+01
      vertex   2.240942e+02 9.199704e+01 3.700000e+01
    endloop
  endfacet
  facet normal 6.279052e-02 -9.980267e-01 0.000000e+00
    outer loop
      vertex   2.240942e+02 9.199704e+01 3.700000e+01
      vertex   2.237189e+02 9.197343e+01 3.100000e+01
      vertex   2.240942e+02 9.199704e+01 3.100000e+01
    endloop
  endfacet
  facet normal -1.873813e-01 -9.822873e-01 -0.000000e+00
    outer loop
      vertex   2.240942e+02 9.199704e+01 3.700000e+01
      vertex   2.240942e+02 9.199704e+01 3.100000e+01
      vertex   2.244635e+02 9.192658e+01 3.700000e+01
    endloop
  endfacet
  facet normal -1.873813e-01 -9.822873e-01 -0.000000e+00
    outer loop
      vertex   2.244635e+02 9.192658e+01 3.700000e+01
      vertex   2.240942e+02 9.199704e+01 3.100000e+01
      vertex   2.244635e+02 9.192658e+01 3.100000e+01
    endloop
  endfacet
  facet normal -4.257793e-01 -9.048271e-01 -0.000000e+00
    outer loop
      vertex   2.244635e+02 9.192658e+01 3.700000e+01
      vertex   2.244635e+02 9.192658e+01 3.100000e+01
      vertex   2.248037e+02 9.176649e+01 3.700000e+01
    endloop
  endfacet
  facet normal -4.257793e-01 -9.048271e-01 -0.000000e+00
    outer loop
      vertex   2.248037e+02 9.176649e+01 3.700000e+01
      vertex   2.244635e+02 9.192658e+01 3.100000e+01
      vertex   2.248037e+02 9.176649e+01 3.100000e+01
    endloop
  endfacet
  facet normal -6.374240e-01 -7.705132e-01 -0.000000e+00
    outer loop
      vertex   2.248037e+02 9.176649e+01 3.700000e+01
      vertex   2.248037e+02 9.176649e+01 3.100000e+01
      vertex   2.250935e+02 9.152682e+01 3.700000e+01
    endloop
  endfacet
  facet normal -6.374240e-01 -7.705132e-01 -0.000000e+00
    outer loop
      vertex   2.250935e+02 9.152682e+01 3.700000e+01
      vertex   2.248037e+02 9.176649e+01 3.100000e+01
      vertex   2.250935e+02 9.152682e+01 3.100000e+01
    endloop
  endfacet
  facet normal -8.090170e-01 -5.877853e-01 -0.000000e+00
    outer loop
      vertex   2.250935e+02 9.152682e+01 3.700000e+01
      vertex   2.250935e+02 9.152682e+01 3.100000e+01
      vertex   2.253145e+02 9.122263e+01 3.700000e+01
    endloop
  endfacet
  facet normal -8.090170e-01 -5.877853e-01 -0.000000e+00
    outer loop
      vertex   2.253145e+02 9.122263e+01 3.700000e+01
      vertex   2.250935e+02 9.152682e+01 3.100000e+01
      vertex   2.253145e+02 9.122263e+01 3.100000e+01
    endloop
  endfacet
  facet normal -9.297765e-01 -3.681246e-01 -0.000000e+00
    outer loop
      vertex   2.253145e+02 9.122263e+01 3.700000e+01
      vertex   2.253145e+02 9.122263e+01 3.100000e+01
      vertex   2.254529e+02 9.087303e+01 3.700000e+01
    endloop
  endfacet
  facet normal -9.297765e-01 -3.681246e-01 -0.000000e+00
    outer loop
      vertex   2.254529e+02 9.087303e+01 3.700000e+01
      vertex   2.253145e+02 9.122263e+01 3.100000e+01
      vertex   2.254529e+02 9.087303e+01 3.100000e+01
    endloop
  endfacet
  facet normal -9.921147e-01 1.253332e-01 0.000000e+00
    outer loop
      vertex   2.754529e+02 5.512696e+01 2.500000e+01
      vertex   2.754529e+02 5.512696e+01 3.100000e+01
      vertex   2.755000e+02 5.550000e+01 2.500000e+01
    endloop
  endfacet
  facet normal -9.921147e-01 1.253332e-01 0.000000e+00
    outer loop
      vertex   2.755000e+02 5.550000e+01 2.500000e+01
      vertex   2.754529e+02 5.512696e+01 3.100000e+01
      vertex   2.755000e+02 5.550000e+01 3.100000e+01
    endloop
  endfacet
  facet normal -9.921147e-01 -1.253332e-01 0.000000e+00
    outer loop
      vertex   2.755000e+02 5.550000e+01 2.500000e+01
      vertex   2.755000e+02 5.550000e+01 3.100000e+01
      vertex   2.754529e+02 5.587303e+01 2.500000e+01
    endloop
  endfacet
  facet normal -9.921147e-01 -1.253332e-01 0.000000e+00
    outer loop
      vertex   2.754529e+02 5.587303e+01 2.500000e+01
      vertex   2.755000e+02 5.550000e+01 3.100000e+01
      vertex   2.754529e+02 5.587303e+01 3.100000e+01
    endloop
  endfacet
  facet normal -9.297765e-01 -3.681246e-01 0.000000e+00
    outer loop
      vertex   2.754529e+02 5.587303e+01 2.500000e+01
      vertex   2.754529e+02 5.587303e+01 3.100000e+01
      vertex   2.753145e+02 5.622263e+01 2.500000e+01
    endloop
  endfacet
  facet normal -9.297765e-01 -3.681246e-01 0.000000e+00
    outer loop
      vertex   2.753145e+02 5.622263e+01 2.500000e+01
      vertex   2.754529e+02 5.587303e+01 3.100000e+01
      vertex   2.753145e+02 5.622263e+01 3.100000e+01
    endloop
  endfacet
  facet normal -8.090170e-01 -5.877853e-01 0.000000e+00
    outer loop
      vertex   2.753145e+02 5.622263e+01 2.500000e+01
      vertex   2.753145e+02 5.622263e+01 3.100000e+01
      vertex   2.750935e+02 5.652682e+01 2.500000e+01
    endloop
  endfacet
  facet normal -8.090170e-01 -5.877853e-01 0.000000e+00
    outer loop
      vertex   2.750935e+02 5.652682e+01 2.500000e+01
      vertex   2.753145e+02 5.622263e+01 3.100000e+01
      vertex   2.750935e+02 5.652682e+01 3.100000e+01
    endloop
  endfacet
  facet normal -6.374240e-01 -7.705132e-01 0.000000e+00
    outer loop
      vertex   2.750935e+02 5.652682e+01 2.500000e+01
      vertex   2.750935e+02 5.652682e+01 3.100000e+01
      vertex   2.748037e+02 5.676649e+01 2.500000e+01
    endloop
  endfacet
  facet normal -6.374240e-01 -7.705132e-01 0.000000e+00
    outer loop
      vertex   2.748037e+02 5.676649e+01 2.500000e+01
      vertex   2.750935e+02 5.652682e+01 3.100000e+01
      vertex   2.748037e+02 5.676649e+01 3.100000e+01
    endloop
  endfacet
  facet normal -4.257793e-01 -9.048271e-01 0.000000e+00
    outer loop
      vertex   2.748037e+02 5.676649e+01 2.500000e+01
      vertex   2.748037e+02 5.676649e+01 3.100000e+01
      vertex   2.744635e+02 5.692658e+01 2.500000e+01
    endloop
  endfacet
  facet normal -4.257793e-01 -9.048271e-01 0.000000e+00
    outer loop
      vertex   2.744635e+02 5.692658e+01 2.500000e+01
      vertex   2.748037e+02 5.676649e+01 3.100000e+01
      vertex   2.744635e+02 5.692658e+01 3.100000e+01
    endloop
  endfacet
  facet normal -1.873813e-01 -9.822873e-01 0.000000e+00
    outer loop
      vertex   2.744635e+02 5.692658e+01 2.500000e+01
      vertex   2.744635e+02 5.692658e+01 3.100000e+01
      vertex   2.740942e+02 5.699704e+01 2.500000e+01
    endloop
  endfacet
  facet normal -1.873813e-01 -9.822873e-01 0.000000e+00
    outer loop
      vertex   2.740942e+02 5.699704e+01 2.500000e+01
      vertex   2.744635e+02 5.692658e+01 3.100000e+01
      vertex   2.740942e+02 5.699704e+01 3.100000e+01
    endloop
  endfacet
  facet normal 6.279052e-02 -9.980267e-01 0.000000e+00
    outer loop
      vertex   2.740942e+02 5.699704e+01 2.500000e+01
      vertex   2.740942e+02 5.699704e+01 3.100000e+01
      vertex   2.737189e+02 5.697343e+01 2.500000e+01
    endloop
  endfacet
  facet normal 6.279052e-02 -9.980267e-01 0.000000e+00
    outer loop
      vertex   2.737189e+02 5.697343e+01 2.500000e+01
      vertex   2.740942e+02 5.699704e+01 3.100000e+01
      vertex   2.737189e+02 5.697343e+01 3.100000e+01
    endloop
  endfacet
  facet normal 3.090170e-01 -9.510565e-01 0.000000e+00
    outer loop
      vertex   2.737189e+02 5.697343e+01 2.500000e+01
      vertex   2.737189e+02 5.697343e+01 3.100000e+01
      vertex   2.733613e+02 5.685724e+01 2.500000e+01
    endloop
  endfacet
  facet normal 3.090170e-01 -9.510565e-01 0.000000e+00
    outer loop
      vertex   2.733613e+02 5.685724e+01 2.500000e+01
      vertex   2.737189e+02 5.697343e+01 3.100000e+01
      vertex   2.733613e+02 5.685724e+01 3.100000e+01
    endloop
  endfacet
  facet normal 5.358268e-01 -8.443279e-01 0.000000e+00
    outer loop
      vertex   2.733613e+02 5.685724e+01 2.500000e+01
      vertex   2.733613e+02 5.685724e+01 3.100000e+01
      vertex   2.730439e+02 5.665577e+01 2.500000e+01
    endloop
  endfacet
  facet normal 5.358268e-01 -8.443279e-01 0.000000e+00
    outer loop
      vertex   2.730439e+02 5.665577e+01 2.500000e+01
      vertex   2.733613e+02 5.685724e+01 3.100000e+01
      vertex   2.730439e+02 5.665577e+01 3.100000e+01
    endloop
  endfacet
  facet normal 7.289686e-01 -6.845471e-01 0.000000e+00
    outer loop
      vertex   2.730439e+02 5.665577e+01 2.500000e+01
      vertex   2.730439e+02 5.665577e+01 3.100000e+01
      vertex   2.727865e+02 5.638168e+01 2.500000e+01
    endloop
  endfacet
  facet normal 7.289686e-01 -6.845471e-01 0.000000e+00
    outer loop
      vertex   2.727865e+02 5.638168e+01 2.500000e+01
      vertex   2.730439e+02 5.665577e+01 3.100000e+01
      vertex   2.727865e+02 5.638168e+01 3.100000e+01
    endloop
  endfacet
  facet normal 8.763067e-01 -4.817537e-01 0.000000e+00
    outer loop
      vertex   2.727865e+02 5.638168e+01 2.500000e+01
      vertex   2.727865e+02 5.638168e+01 3.100000e+01
      vertex   2.726053e+02 5.605219e+01 2.500000e+01
    endloop
  endfacet
  facet normal 8.763067e-01 -4.817537e-01 0.000000e+00
    outer loop
      vertex   2.726053e+02 5.605219e+01 2.500000e+01
      vertex   2.727865e+02 5.638168e+01 3.100000e+01
      vertex   2.726053e+02 5.605219e+01 3.100000e+01
    endloop
  endfacet
  facet normal 9.685832e-01 -2.486899e-01 0.000000e+00
    outer loop
      vertex   2.726053e+02 5.605219e+01 2.500000e+01
      vertex   2.726053e+02 5.605219e+01 3.100000e+01
      vertex   2.725118e+02 5.568800e+01 2.500000e+01
    endloop
  endfacet
  facet normal 9.685832e-01 -2.486899e-01 0.000000e+00
    outer loop
      vertex   2.725118e+02 5.568800e+01 2.500000e+01
      vertex   2.726053e+02 5.605219e+01 3.100000e+01
      vertex   2.725118e+02 5.568800e+01 3.100000e+01
    endloop
  endfacet
  facet normal 1.000000e+00 0.000000e+00 -0.000000e+00
    outer loop
      vertex   2.725118e+02 5.568800e+01 2.500000e+01
      vertex   2.725118e+02 5.568800e+01 3.100000e+01
      vertex   2.725118e+02 5.531200e+01 2.500000e+01
    endloop
  endfacet
  facet normal 1.000000e+00 0.000000e+00 0.000000e+00
    outer loop
      vertex   2.725118e+02 5.531200e+01 2.500000e+01
      vertex   2.725118e+02 5.568800e+01 3.100000e+01
      vertex   2.725118e+02 5.531200e+01 3.100000e+01
    endloop
  endfacet
  facet normal 9.685832e-01 2.486899e-01 -0.000000e+00
    outer loop
      vertex   2.725118e+02 5.531200e+01 2.500000e+01
      vertex   2.725118e+02 5.531200e+01 3.100000e+01
      vertex   2.726053e+02 5.494781e+01 2.500000e+01
    endloop
  endfacet
  facet normal 9.685832e-01 2.486899e-01 -0.000000e+00
    outer loop
      vertex   2.726053e+02 5.494781e+01 2.500000e+01
      vertex   2.725118e+02 5.531200e+01 3.100000e+01
      vertex   2.726053e+02 5.494781e+01 3.100000e+01
    endloop
  endfacet
  facet normal 8.763067e-01 4.817537e-01 -0.000000e+00
    outer loop
      vertex   2.726053e+02 5.494781e+01 2.500000e+01
      vertex   2.726053e+02 5.494781e+01 3.100000e+01
      vertex   2.727865e+02 5.461832e+01 2.500000e+01
    endloop
  endfacet
  facet normal 8.763067e-01 4.817537e-01 -0.000000e+00
    outer loop
      vertex   2.727865e+02 5.461832e+01 2.500000e+01
      vertex   2.726053e+02 5.494781e+01 3.100000e+01
      vertex   2.727865e+02 5.461832e+01 3.100000e+01
    endloop
  endfacet
  facet normal 7.289686e-01 6.845471e-01 -0.000000e+00
    outer loop
      vertex   2.727865e+02 5.461832e+01 2.500000e+01
      vertex   2.727865e+02 5.461832e+01 3.100000e+01
      vertex   2.730439e+02 5.434423e+01 2.500000e+01
    endloop
  endfacet
  facet normal 7.289686e-01 6.845471e-01 -0.000000e+00
    outer loop
      vertex   2.730439e+02 5.434423e+01 2.500000e+01
      vertex   2.727865e+02 5.461832e+01 3.100000e+01
      vertex   2.730439e+02 5.434423e+01 3.100000e+01
    endloop
  endfacet
  facet normal 5.358268e-01 8.443279e-01 -0.000000e+00
    outer loop
      vertex   2.730439e+02 5.434423e+01 2.500000e+01
      vertex   2.730439e+02 5.434423e+01 3.100000e+01
      vertex   2.733613e+02 5.414276e+01 2.500000e+01
    endloop
  endfacet
  facet normal 5.358268e-01 8.443279e-01 -0.000000e+00
    outer loop
      vertex   2.733613e+02 5.414276e+01 2.500000e+01
      vertex   2.730439e+02 5.434423e+01 3.100000e+01
      vertex   2.733613e+02 5.414276e+01 3.100000e+01
    endloop
  endfacet
  facet normal 3.090170e-01 9.510565e-01 -0.000000e+00
    outer loop
      vertex   2.733613e+02 5.414276e+01 2.500000e+01
      vertex   2.733613e+02 5.414276e+01 3.100000e+01
      vertex   2.737189e+02 5.402657e+01 2.500000e+01
    endloop
  endfacet
  facet normal 3.090170e-01 9.510565e-01 -0.000000e+00
    outer loop
      vertex   2.737189e+02 5.402657e+01 2.500000e+01
      vertex   2.733613e+02 5.414276e+01 3.100000e+01
      vertex   2.737189e+02 5.402657e+01 3.100000e+01
    endloop
  endfacet
  facet normal 6.279052e-02 9.980267e-01 -0.000000e+00
    outer loop
      vertex   2.737189e+02 5.402657e+01 2.500000e+01
      vertex   2.737189e+02 5.402657e+01 3.100000e+01
      vertex   2.740942e+02 5.400296e+01 2.500000e+01
    endloop
  endfacet
  facet normal 6.279052e-02 9.980267e-01 -0.000000e+00
    outer loop
      vertex   2.740942e+02 5.400296e+01 2.500000e+01
      vertex   2.737189e+02 5.402657e+01 3.100000e+01
      vertex   2.740942e+02 5.400296e+01 3.100000e+01
    endloop
  endfacet
  facet normal -1.873813e-01 9.822873e-01 0.000000e+00
    outer loop
      vertex   2.740942e+02 5.400296e+01 2.500000e+01
      vertex   2.740942e+02 5.400296e+01 3.100000e+01
      vertex   2.744635e+02 5.407341e+01 2.500000e+01
    endloop
  endfacet
  facet normal -1.873813e-01 9.822873e-01 0.000000e+00
    outer loop
      vertex   2.744635e+02 5.407341e+01 2.500000e+01
      vertex   2.740942e+02 5.400296e+01 3.100000e+01
      vertex   2.744635e+02 5.407341e+01 3.100000e+01
    endloop
  endfacet
  facet normal -4.257793e-01 9.048271e-01 0.000000e+00
    outer loop
      vertex   2.744635e+02 5.407341e+01 2.500000e+01
      vertex   2.744635e+02 5.407341e+01 3.100000e+01
      vertex   2.748037e+02 5.423351e+01 2.500000e+01
    endloop
  endfacet
  facet normal -4.257793e-01 9.048271e-01 0.000000e+00
    outer loop
      vertex   2.748037e+02 5.423351e+01 2.500000e+01
      vertex   2.744635e+02 5.407341e+01 3.100000e+01
      vertex   2.748037e+02 5.423351e+01 3.100000e+01
    endloop
  endfacet
  facet normal -6.374240e-01 7.705132e-01 0.000000e+00
    outer loop
      vertex   2.748037e+02 5.423351e+01 2.500000e+01
      vertex   2.748037e+02 5.423351e+01 3.100000e+01
      vertex   2.750935e+02 5.447318e+01 2.500000e+01
    endloop
  endfacet
  facet normal -6.374240e-01 7.705132e-01 0.000000e+00
    outer loop
      vertex   2.750935e+02 5.447318e+01 2.500000e+01
      vertex   2.748037e+02 5.423351e+01 3.100000e+01
      vertex   2.750935e+02 5.447318e+01 3.100000e+01
    endloop
  endfacet
  facet normal -8.090170e-01 5.877853e-01 0.000000e+00
    outer loop
      vertex   2.750935e+02 5.447318e+01 2.500000e+01
      vertex   2.750935e+02 5.447318e+01 3.100000e+01
      vertex   2.753145e+02 5.477737e+01 2.500000e+01
    endloop
  endfacet
  facet normal -8.090170e-01 5.877853e-01 0.000000e+00
    outer loop
      vertex   2.753145e+02 5.477737e+01 2.500000e+01
      vertex   2.750935e+02 5.447318e+01 3.100000e+01
      vertex   2.753145e+02 5.477737e+01 3.100000e+01
    endloop
  endfacet
  facet normal -9.297765e-01 3.681246e-01 0.000000e+00
    outer loop
      vertex   2.753145e+02 5.477737e+01 2.500000e+01
      vertex   2.753145e+02 5.477737e+01 3.100000e+01
      vertex   2.754529e+02 5.512696e+01 2.500000e+01
    endloop
  endfacet
  facet normal -9.297765e-01 3.681246e-01 0.000000e+00
    outer loop
      vertex   2.754529e+02 5.512696e+01 2.500000e+01
      vertex   2.753145e+02 5.477737e+01 3.100000e+01
      vertex   2.754529e+02 5.512696e+01 3.100000e+01
    endloop
  endfacet
  facet normal -9.921147e-01 -1.253332e-01 -0.000000e+00
    outer loop
      vertex   2.754529e+02 5.587303e+01 3.700000e+01
      vertex   2.754529e+02 5.587303e+01 3.100000e+01
      vertex   2.755000e+02 5.550000e+01 3.700000e+01
    endloop
  endfacet
  facet normal -9.921147e-01 -1.253332e-01 -0.000000e+00
    outer loop
      vertex   2.755000e+02 5.550000e+01 3.700000e+01
      vertex   2.754529e+02 5.587303e+01 3.100000e+01
      vertex   2.755000e+02 5.550000e+01 3.100000e+01
    endloop
  endfacet
  facet normal -9.921147e-01 1.253332e-01 0.000000e+00
    outer loop
      vertex   2.755000e+02 5.550000e+01 3.700000e+01
      vertex   2.755000e+02 5.550000e+01 3.100000e+01
      vertex   2.754529e+02 5.512696e+01 3.700000e+01
    endloop
  endfacet
  facet normal -9.921147e-01 1.253332e-01 0.000000e+00
    outer loop
      vertex   2.754529e+02 5.512696e+01 3.700000e+01
      vertex   2.755000e+02 5.550000e+01 3.100000e+01
      vertex   2.754529e+02 5.512696e+01 3.100000e+01
    endloop
  endfacet
  facet normal -9.297765e-01 3.681246e-01 0.000000e+00
    outer loop
      vertex   2.754529e+02 5.512696e+01 3.700000e+01
      vertex   2.754529e+02 5.512696e+01 3.100000e+01
      vertex   2.753145e+02 5.477737e+01 3.700000e+01
    endloop
  endfacet
  facet normal -9.297765e-01 3.681246e-01 0.000000e+00
    outer loop
      vertex   2.753145e+02 5.477737e+01 3.700000e+01
      vertex   2.754529e+02 5.512696e+01 3.100000e+01
      vertex   2.753145e+02 5.477737e+01 3.100000e+01
    endloop
  endfacet
  facet normal -8.090170e-01 5.877853e-01 0.000000e+00
    outer loop
      vertex   2.753145e+02 5.477737e+01 3.700000e+01
      vertex   2.753145e+02 5.477737e+01 3.100000e+01
      vertex   2.750935e+02 5.447318e+01 3.700000e+01
    endloop
  endfacet
  facet normal -8.090170e-01 5.877853e-01 0.000000e+00
    outer loop
      vertex   2.750935e+02 5.447318e+01 3.700000e+01
      vertex   2.753145e+02 5.477737e+01 3.100000e+01
      vertex   2.750935e+02 5.447318e+01 3.100000e+01
    endloop
  endfacet
  facet normal -6.374240e-01 7.705132e-01 0.000000e+00
    outer loop
      vertex   2.750935e+02 5.447318e+01 3.700000e+01
      vertex   2.750935e+02 5.447318e+01 3.100000e+01
      vertex   2.748037e+02 5.423351e+01 3.700000e+01
    endloop
  endfacet
  facet normal -6.374240e-01 7.705132e-01 0.000000e+00
    outer loop
      vertex   2.748037e+02 5.423351e+01 3.700000e+01
      vertex   2.750935e+02 5.447318e+01 3.100000e+01
      vertex   2.748037e+02 5.423351e+01 3.100000e+01
    endloop
  endfacet
  facet normal -4.257793e-01 9.048271e-01 0.000000e+00
    outer loop
      vertex   2.748037e+02 5.423351e+01 3.700000e+01
      vertex   2.748037e+02 5.423351e+01 3.100000e+01
      vertex   2.744635e+02 5.407341e+01 3.700000e+01
    endloop
  endfacet
  facet normal -4.257793e-01 9.048271e-01 0.000000e+00
    outer loop
      vertex   2.744635e+02 5.407341e+01 3.700000e+01
      vertex   2.748037e+02 5.423351e+01 3.100000e+01
      vertex   2.744635e+02 5.407341e+01 3.100000e+01
    endloop
  endfacet
  facet normal -1.873813e-01 9.822873e-01 0.000000e+00
    outer loop
      vertex   2.744635e+02 5.407341e+01 3.700000e+01
      vertex   2.744635e+02 5.407341e+01 3.100000e+01
      vertex   2.740942e+02 5.400296e+01 3.700000e+01
    endloop
  endfacet
  facet normal -1.873813e-01 9.822873e-01 0.000000e+00
    outer loop
      vertex   2.740942e+02 5.400296e+01 3.700000e+01
      vertex   2.744635e+02 5.407341e+01 3.100000e+01
      vertex   2.740942e+02 5.400296e+01 3.100000e+01
    endloop
  endfacet
  facet normal 6.279052e-02 9.980267e-01 0.000000e+00
    outer loop
      vertex   2.740942e+02 5.400296e+01 3.700000e+01
      vertex   2.740942e+02 5.400296e+01 3.100000e+01
      vertex   2.737189e+02 5.402657e+01 3.700000e+01
    endloop
  endfacet
  facet normal 6.279052e-02 9.980267e-01 0.000000e+00
    outer loop
      vertex   2.737189e+02 5.402657e+01 3.700000e+01
      vertex   2.740942e+02 5.400296e+01 3.100000e+01
      vertex   2.737189e+02 5.402657e+01 3.100000e+01
    endloop
  endfacet
  facet normal 3.090170e-01 9.510565e-01 0.000000e+00
    outer loop
      vertex   2.737189e+02 5.402657e+01 3.700000e+01
      vertex   2.737189e+02 5.402657e+01 3.100000e+01
      vertex   2.733613e+02 5.414276e+01 3.700000e+01
    endloop
  endfacet
  facet normal 3.090170e-01 9.510565e-01 0.000000e+00
    outer loop
      vertex   2.733613e+02 5.414276e+01 3.700000e+01
      vertex   2.737189e+02 5.402657e+01 3.100000e+01
      vertex   2.733613e+02 5.414276e+01 3.100000e+01
    endloop
  endfacet
  facet normal 5.358268e-01 8.443279e-01 0.000000e+00
    outer loop
      vertex   2.733613e+02 5.414276e+01 3.700000e+01
      vertex   2.733613e+02 5.414276e+01 3.100000e+01
      vertex   2.730439e+02 5.434423e+01 3.700000e+01
    endloop
  endfacet
  facet normal 5.358268e-01 8.443279e-01 0.000000e+00
    outer loop
      vertex   2.730439e+02 5.434423e+01 3.700000e+01
      vertex   2.733613e+02 5.414276e+01 3.100000e+01
      vertex   2.730439e+02 5.434423e+01 3.100000e+01
    endloop
  endfacet
  facet normal 7.289686e-01 6.845471e-01 0.000000e+00
    outer loop
      vertex   2.730439e+02 5.434423e+01 3.700000e+01
      vertex   2.730439e+02 5.434423e+01 3.100000e+01
      vertex   2.727865e+02 5.461832e+01 3.700000e+01
    endloop
  endfacet
  facet normal 7.289686e-01 6.845471e-01 0.000000e+00
    outer loop
      vertex   2.727865e+02 5.461832e+01 3.700000e+01
      vertex   2.730439e+02 5.434423e+01 3.100000e+01
      vertex   2.727865e+02 5.461832e+01 3.100000e+01
    endloop
  endfacet
  facet normal 8.763067e-01 4.817537e-01 0.000000e+00
    outer loop
      vertex   2.727865e+02 5.461832e+01 3.700000e+01
      vertex   2.727865e+02 5.461832e+01 3.100000e+01
      vertex   2.726053e+02 5.494781e+01 3.700000e+01
    endloop
  endfacet
  facet normal 8.763067e-01 4.817537e-01 0.000000e+00
    outer loop
      vertex   2.726053e+02 5.494781e+01 3.700000e+01
      vertex   2.727865e+02 5.461832e+01 3.100000e+01
      vertex   2.726053e+02 5.494781e+01 3.100000e+01
    endloop
  endfacet
  facet normal 9.685832e-01 2.486899e-01 0.000000e+00
    outer loop
      vertex   2.726053e+02 5.494781e+01 3.700000e+01
      vertex   2.726053e+02 5.494781e+01 3.100000e+01
      vertex   2.725118e+02 5.531200e+01 3.700000e+01
    endloop
  endfacet
  facet normal 9.685832e-01 2.486899e-01 0.000000e+00
    outer loop
      vertex   2.725118e+02 5.531200e+01 3.700000e+01
      vertex   2.726053e+02 5.494781e+01 3.100000e+01
      vertex   2.725118e+02 5.531200e+01 3.100000e+01
    endloop
  endfacet
  facet normal 1.000000e+00 -0.000000e+00 0.000000e+00
    outer loop
      vertex   2.725118e+02 5.531200e+01 3.700000e+01
      vertex   2.725118e+02 5.531200e+01 3.100000e+01
      vertex   2.725118e+02 5.568800e+01 3.700000e+01
    endloop
  endfacet
  facet normal 1.000000e+00 0.000000e+00 0.000000e+00
    outer loop
      vertex   2.725118e+02 5.568800e+01 3.700000e+01
      vertex   2.725118e+02 5.531200e+01 3.100000e+01
      vertex   2.725118e+02 5.568800e+01 3.100000e+01
    endloop
  endfacet
  facet normal 9.685832e-01 -2.486899e-01 0.000000e+00
    outer loop
      vertex   2.725118e+02 5.568800e+01 3.700000e+01
      vertex   2.725118e+02 5.568800e+01 3.100000e+01
      vertex   2.726053e+02 5.605219e+01 3.700000e+01
    endloop
  endfacet
  facet normal 9.685832e-01 -2.486899e-01 0.000000e+00
    outer loop
      vertex   2.726053e+02 5.605219e+01 3.700000e+01
      vertex   2.725118e+02 5.568800e+01 3.100000e+01
      vertex   2.726053e+02 5.605219e+01 3.100000e+01
    endloop
  endfacet
  facet normal 8.763067e-01 -4.817537e-01 0.000000e+00
    outer loop
      vertex   2.726053e+02 5.605219e+01 3.700000e+01
      vertex   2.726053e+02 5.605219e+01 3.100000e+01
      vertex   2.727865e+02 5.638168e+01 3.700000e+01
    endloop
  endfacet
  facet normal 8.763067e-01 -4.817537e-01 0.000000e+00
    outer loop
      vertex   2.727865e+02 5.638168e+01 3.700000e+01
      vertex   2.726053e+02 5.605219e+01 3.100000e+01
      vertex   2.727865e+02 5.638168e+01 3.100000e+01
    endloop
  endfacet
  facet normal 7.289686e-01 -6.845471e-01 0.000000e+00
    outer loop
      vertex   2.727865e+02 5.638168e+01 3.700000e+01
      vertex   2.727865e+02 5.638168e+01 3.100000e+01
      vertex   2.730439e+02 5.665577e+01 3.700000e+01
    endloop
  endfacet
  facet normal 7.289686e-01 -6.845471e-01 0.000000e+00
    outer loop
      vertex   2.730439e+02 5.665577e+01 3.700000e+01
      vertex   2.727865e+02 5.638168e+01 3.100000e+01
      vertex   2.730439e+02 5.665577e+01 3.100000e+01
    endloop
  endfacet
  facet normal 5.358268e-01 -8.443279e-01 0.000000e+00
    outer loop
      vertex   2.730439e+02 5.665577e+01 3.700000e+01
      vertex   2.730439e+02 5.665577e+01 3.100000e+01
      vertex   2.733613e+02 5.685724e+01 3.700000e+01
    endloop
  endfacet
  facet normal 5.358268e-01 -8.443279e-01 0.000000e+00
    outer loop
      vertex   2.733613e+02 5.685724e+01 3.700000e+01
      vertex   2.730439e+02 5.665577e+01 3.100000e+01
      vertex   2.733613e+02 5.685724e+01 3.100000e+01
    endloop
  endfacet
  facet normal 3.090170e-01 -9.510565e-01 0.000000e+00
    outer loop
      vertex   2.733613e+02 5.685724e+01 3.700000e+01
      vertex   2.733613e+02 5.685724e+01 3.100000e+01
      vertex   2.737189e+02 5.697343e+01 3.700000e+01
    endloop
  endfacet
  facet normal 3.090170e-01 -9.510565e-01 0.000000e+00
    outer loop
      vertex   2.737189e+02 5.697343e+01 3.700000e+01
      vertex   2.733613e+02 5.685724e+01 3.100000e+01
      vertex   2.737189e+02 5.697343e+01 3.100000e+01
    endloop
  endfacet
  facet normal 6.279052e-02 -9.980267e-01 0.000000e+00
    outer loop
      vertex   2.737189e+02 5.697343e+01 3.700000e+01
      vertex   2.737189e+02 5.697343e+01 3.100000e+01
      vertex   2.740942e+02 5.699704e+01 3.700000e+01
    endloop
  endfacet
  facet normal 6.279052e-02 -9.980267e-01 0.000000e+00
    outer loop
      vertex   2.740942e+02 5.699704e+01 3.700000e+01
      vertex   2.737189e+02 5.697343e+01 3.100000e+01
      vertex   2.740942e+02 5.699704e+01 3.100000e+01
    endloop
  endfacet
  facet normal -1.873813e-01 -9.822873e-01 -0.000000e+00
    outer loop
      vertex   2.740942e+02 5.699704e+01 3.700000e+01
      vertex   2.740942e+02 5.699704e+01 3.100000e+01
      vertex   2.744635e+02 5.692658e+01 3.700000e+01
    endloop
  endfacet
  facet normal -1.873813e-01 -9.822873e-01 -0.000000e+00
    outer loop
      vertex   2.744635e+02 5.692658e+01 3.700000e+01
      vertex   2.740942e+02 5.699704e+01 3.100000e+01
      vertex   2.744635e+02 5.692658e+01 3.100000e+01
    endloop
  endfacet
  facet normal -4.257793e-01 -9.048271e-01 -0.000000e+00
    outer loop
      vertex   2.744635e+02 5.692658e+01 3.700000e+01
      vertex   2.744635e+02 5.692658e+01 3.100000e+01
      vertex   2.748037e+02 5.676649e+01 3.700000e+01
    endloop
  endfacet
  facet normal -4.257793e-01 -9.048271e-01 -0.000000e+00
    outer loop
      vertex   2.748037e+02 5.676649e+01 3.700000e+01
      vertex   2.744635e+02 5.692658e+01 3.100000e+01
      vertex   2.748037e+02 5.676649e+01 3.100000e+01
    endloop
  endfacet
  facet normal -6.374240e-01 -7.705132e-01 -0.000000e+00
    outer loop
      vertex   2.748037e+02 5.676649e+01 3.700000e+01
      vertex   2.748037e+02 5.676649e+01 3.100000e+01
      vertex   2.750935e+02 5.652682e+01 3.700000e+01
    endloop
  endfacet
  facet normal -6.374240e-01 -7.705132e-01 -0.000000e+00
    outer loop
      vertex   2.750935e+02 5.652682e+01 3.700000e+01
      vertex   2.748037e+02 5.676649e+01 3.100000e+01
      vertex   2.750935e+02 5.652682e+01 3.100000e+01
    endloop
  endfacet
  facet normal -8.090170e-01 -5.877853e-01 -0.000000e+00
    outer loop
      vertex   2.750935e+02 5.652682e+01 3.700000e+01
      vertex   2.750935e+02 5.652682e+01 3.100000e+01
      vertex   2.753145e+02 5.622263e+01 3.700000e+01
    endloop
  endfacet
  facet normal -8.090170e-01 -5.877853e-01 -0.000000e+00
    outer loop
      vertex   2.753145e+02 5.622263e+01 3.700000e+01
      vertex   2.750935e+02 5.652682e+01 3.100000e+01
      vertex   2.753145e+02 5.622263e+01 3.100000e+01
    endloop
  endfacet
  facet normal -9.297765e-01 -3.681246e-01 -0.000000e+00
    outer loop
      vertex   2.753145e+02 5.622263e+01 3.700000e+01
      vertex   2.753145e+02 5.622263e+01 3.100000e+01
      vertex   2.754529e+02 5.587303e+01 3.700000e+01
    endloop
  endfacet
  facet normal -9.297765e-01 -3.681246e-01 -0.000000e+00
    outer loop
      vertex   2.754529e+02 5.587303e+01 3.700000e+01
      vertex   2.753145e+02 5.622263e+01 3.100000e+01
      vertex   2.754529e+02 5.587303e+01 3.100000e+01
    endloop
  endfacet
  facet normal -9.921147e-01 1.253332e-01 0.000000e+00
    outer loop
      vertex   2.254529e+02 5.512696e+01 2.500000e+01
      vertex   2.254529e+02 5.512696e+01 3.100000e+01
      vertex   2.255000e+02 5.550000e+01 2.500000e+01
    endloop
  endfacet
  facet normal -9.921147e-01 1.253332e-01 0.000000e+00
    outer loop
      vertex   2.255000e+02 5.550000e+01 2.500000e+01
      vertex   2.254529e+02 5.512696e+01 3.100000e+01
      vertex   2.255000e+02 5.550000e+01 3.100000e+01
    endloop
  endfacet
  facet normal -9.921147e-01 -1.253332e-01 0.000000e+00
    outer loop
      vertex   2.255000e+02 5.550000e+01 2.500000e+01
      vertex   2.255000e+02 5.550000e+01 3.100000e+01
      vertex   2.254529e+02 5.587303e+01 2.500000e+01
    endloop
  endfacet
  facet normal -9.921147e-01 -1.253332e-01 0.000000e+00
    outer loop
      vertex   2.254529e+02 5.587303e+01 2.500000e+01
      vertex   2.255000e+02 5.550000e+01 3.100000e+01
      vertex   2.254529e+02 5.587303e+01 3.100000e+01
    endloop
  endfacet
  facet normal -9.297765e-01 -3.681246e-01 0.000000e+00
    outer loop
      vertex   2.254529e+02 5.587303e+01 2.500000e+01
      vertex   2.254529e+02 5.587303e+01 3.100000e+01
      vertex   2.253145e+02 5.622263e+01 2.500000e+01
    endloop
  endfacet
  facet normal -9.297765e-01 -3.681246e-01 0.000000e+00
    outer loop
      vertex   2.253145e+02 5.622263e+01 2.500000e+01
      vertex   2.254529e+02 5.587303e+01 3.100000e+01
      vertex   2.253145e+02 5.622263e+01 3.100000e+01
    endloop
  endfacet
  facet normal -8.090170e-01 -5.877853e-01 0.000000e+00
    outer loop
      vertex   2.253145e+02 5.622263e+01 2.500000e+01
      vertex   2.253145e+02 5.622263e+01 3.100000e+01
      vertex   2.250935e+02 5.652682e+01 2.500000e+01
    endloop
  endfacet
  facet normal -8.090170e-01 -5.877853e-01 0.000000e+00
    outer loop
      vertex   2.250935e+02 5.652682e+01 2.500000e+01
      vertex   2.253145e+02 5.622263e+01 3.100000e+01
      vertex   2.250935e+02 5.652682e+01 3.100000e+01
    endloop
  endfacet
  facet normal -6.374240e-01 -7.705132e-01 0.000000e+00
    outer loop
      vertex   2.250935e+02 5.652682e+01 2.500000e+01
      vertex   2.250935e+02 5.652682e+01 3.100000e+01
      vertex   2.248037e+02 5.676649e+01 2.500000e+01
    endloop
  endfacet
  facet normal -6.374240e-01 -7.705132e-01 -1.824942e-15
    outer loop
      vertex   2.248037e+02 5.676649e+01 2.500000e+01
      vertex   2.250935e+02 5.652682e+01 3.100000e+01
      vertex   2.248037e+02 5.676649e+01 3.100000e+01
    endloop
  endfacet
  facet normal -4.257793e-01 -9.048271e-01 -2.143061e-15
    outer loop
      vertex   2.248037e+02 5.676649e+01 2.500000e+01
      vertex   2.248037e+02 5.676649e+01 3.100000e+01
      vertex   2.244635e+02 5.692658e+01 2.500000e+01
    endloop
  endfacet
  facet normal -4.257793e-01 -9.048271e-01 -1.071530e-15
    outer loop
      vertex   2.244635e+02 5.692658e+01 2.500000e+01
      vertex   2.248037e+02 5.676649e+01 3.100000e+01
      vertex   2.244635e+02 5.692658e+01 3.100000e+01
    endloop
  endfacet
  facet normal -1.873813e-01 -9.822873e-01 -1.163262e-15
    outer loop
      vertex   2.244635e+02 5.692658e+01 2.500000e+01
      vertex   2.244635e+02 5.692658e+01 3.100000e+01
      vertex   2.240942e+02 5.699704e+01 2.500000e+01
    endloop
  endfacet
  facet normal -1.873813e-01 -9.822873e-01 0.000000e+00
    outer loop
      vertex   2.240942e+02 5.699704e+01 2.500000e+01
      vertex   2.244635e+02 5.692658e+01 3.100000e+01
      vertex   2.240942e+02 5.699704e+01 3.100000e+01
    endloop
  endfacet
  facet normal 6.279052e-02 -9.980267e-01 0.000000e+00
    outer loop
      vertex   2.240942e+02 5.699704e+01 2.500000e+01
      vertex   2.240942e+02 5.699704e+01 3.100000e+01
      vertex   2.237189e+02 5.697343e+01 2.500000e+01
    endloop
  endfacet
  facet normal 6.279052e-02 -9.980267e-01 0.000000e+00
    outer loop
      vertex   2.237189e+02 5.697343e+01 2.500000e+01
      vertex   2.240942e+02 5.699704e+01 3.100000e+01
      vertex   2.237189e+02 5.697343e+01 3.100000e+01
    endloop
  endfacet
  facet normal 3.090170e-01 -9.510565e-01 0.000000e+00
    outer loop
      vertex   2.237189e+02 5.697343e+01 2.500000e+01
      vertex   2.237189e+02 5.697343e+01 3.100000e+01
      vertex   2.233613e+02 5.685724e+01 2.500000e+01
    endloop
  endfacet
  facet normal 3.090170e-01 -9.510565e-01 -2.252554e-15
    outer loop
      vertex   2.233613e+02 5.685724e+01 2.500000e+01
      vertex   2.237189e+02 5.697343e+01 3.100000e+01
      vertex   2.233613e+02 5.685724e+01 3.100000e+01
    endloop
  endfacet
  facet normal 5.358268e-01 -8.443279e-01 -1.999770e-15
    outer loop
      vertex   2.233613e+02 5.685724e+01 2.500000e+01
      vertex   2.233613e+02 5.685724e+01 3.100000e+01
      vertex   2.230439e+02 5.665577e+01 2.500000e+01
    endloop
  endfacet
  facet normal 5.358268e-01 -8.443279e-01 0.000000e+00
    outer loop
      vertex   2.230439e+02 5.665577e+01 2.500000e+01
      vertex   2.233613e+02 5.685724e+01 3.100000e+01
      vertex   2.230439e+02 5.665577e+01 3.100000e+01
    endloop
  endfacet
  facet normal 7.289686e-01 -6.845471e-01 0.000000e+00
    outer loop
      vertex   2.230439e+02 5.665577e+01 2.500000e+01
      vertex   2.230439e+02 5.665577e+01 3.100000e+01
      vertex   2.227865e+02 5.638168e+01 2.500000e+01
    endloop
  endfacet
  facet normal 7.289686e-01 -6.845471e-01 0.000000e+00
    outer loop
      vertex   2.227865e+02 5.638168e+01 2.500000e+01
      vertex   2.230439e+02 5.665577e+01 3.100000e+01
      vertex   2.227865e+02 5.638168e+01 3.100000e+01
    endloop
  endfacet
  facet normal 8.763067e-01 -4.817537e-01 0.000000e+00
    outer loop
      vertex   2.227865e+02 5.638168e+01 2.500000e+01
      vertex   2.227865e+02 5.638168e+01 3.100000e+01
      vertex   2.226053e+02 5.605219e+01 2.500000e+01
    endloop
  endfacet
  facet normal 8.763067e-01 -4.817537e-01 0.000000e+00
    outer loop
      vertex   2.226053e+02 5.605219e+01 2.500000e+01
      vertex   2.227865e+02 5.638168e+01 3.100000e+01
      vertex   2.226053e+02 5.605219e+01 3.100000e+01
    endloop
  endfacet
  facet normal 9.685832e-01 -2.486899e-01 0.000000e+00
    outer loop
      vertex   2.226053e+02 5.605219e+01 2.500000e+01
      vertex   2.226053e+02 5.605219e+01 3.100000e+01
      vertex   2.225118e+02 5.568800e+01 2.500000e+01
    endloop
  endfacet
  facet normal 9.685832e-01 -2.486899e-01 0.000000e+00
    outer loop
      vertex   2.225118e+02 5.568800e+01 2.500000e+01
      vertex   2.226053e+02 5.605219e+01 3.100000e+01
      vertex   2.225118e+02 5.568800e+01 3.100000e+01
    endloop
  endfacet
  facet normal 1.000000e+00 0.000000e+00 -0.000000e+00
    outer loop
      vertex   2.225118e+02 5.568800e+01 2.500000e+01
      vertex   2.225118e+02 5.568800e+01 3.100000e+01
      vertex   2.225118e+02 5.531200e+01 2.500000e+01
    endloop
  endfacet
  facet normal 1.000000e+00 0.000000e+00 0.000000e+00
    outer loop
      vertex   2.225118e+02 5.531200e+01 2.500000e+01
      vertex   2.225118e+02 5.568800e+01 3.100000e+01
      vertex   2.225118e+02 5.531200e+01 3.100000e+01
    endloop
  endfacet
  facet normal 9.685832e-01 2.486899e-01 -0.000000e+00
    outer loop
      vertex   2.225118e+02 5.531200e+01 2.500000e+01
      vertex   2.225118e+02 5.531200e+01 3.100000e+01
      vertex   2.226053e+02 5.494781e+01 2.500000e+01
    endloop
  endfacet
  facet normal 9.685832e-01 2.486899e-01 -0.000000e+00
    outer loop
      vertex   2.226053e+02 5.494781e+01 2.500000e+01
      vertex   2.225118e+02 5.531200e+01 3.100000e+01
      vertex   2.226053e+02 5.494781e+01 3.100000e+01
    endloop
  endfacet
  facet normal 8.763067e-01 4.817537e-01 -0.000000e+00
    outer loop
      vertex   2.226053e+02 5.494781e+01 2.500000e+01
      vertex   2.226053e+02 5.494781e+01 3.100000e+01
      vertex   2.227865e+02 5.461832e+01 2.500000e+01
    endloop
  endfacet
  facet normal 8.763067e-01 4.817537e-01 -0.000000e+00
    outer loop
      vertex   2.227865e+02 5.461832e+01 2.500000e+01
      vertex   2.226053e+02 5.494781e+01 3.100000e+01
      vertex   2.227865e+02 5.461832e+01 3.100000e+01
    endloop
  endfacet
  facet normal 7.289686e-01 6.845471e-01 -0.000000e+00
    outer loop
      vertex   2.227865e+02 5.461832e+01 2.500000e+01
      vertex   2.227865e+02 5.461832e+01 3.100000e+01
      vertex   2.230439e+02 5.434423e+01 2.500000e+01
    endloop
  endfacet
  facet normal 7.289686e-01 6.845471e-01 -0.000000e+00
    outer loop
      vertex   2.230439e+02 5.434423e+01 2.500000e+01
      vertex   2.227865e+02 5.461832e+01 3.100000e+01
      vertex   2.230439e+02 5.434423e+01 3.100000e+01
    endloop
  endfacet
  facet normal 5.358268e-01 8.443279e-01 -0.000000e+00
    outer loop
      vertex   2.230439e+02 5.434423e+01 2.500000e+01
      vertex   2.230439e+02 5.434423e+01 3.100000e+01
      vertex   2.233613e+02 5.414276e+01 2.500000e+01
    endloop
  endfacet
  facet normal 5.358268e-01 8.443279e-01 -1.999770e-15
    outer loop
      vertex   2.233613e+02 5.414276e+01 2.500000e+01
      vertex   2.230439e+02 5.434423e+01 3.100000e+01
      vertex   2.233613e+02 5.414276e+01 3.100000e+01
    endloop
  endfacet
  facet normal 3.090170e-01 9.510565e-01 -2.252554e-15
    outer loop
      vertex   2.233613e+02 5.414276e+01 2.500000e+01
      vertex   2.233613e+02 5.414276e+01 3.100000e+01
      vertex   2.237189e+02 5.402657e+01 2.500000e+01
    endloop
  endfacet
  facet normal 3.090170e-01 9.510565e-01 -0.000000e+00
    outer loop
      vertex   2.237189e+02 5.402657e+01 2.500000e+01
      vertex   2.233613e+02 5.414276e+01 3.100000e+01
      vertex   2.237189e+02 5.402657e+01 3.100000e+01
    endloop
  endfacet
  facet normal 6.279052e-02 9.980267e-01 -0.000000e+00
    outer loop
      vertex   2.237189e+02 5.402657e+01 2.500000e+01
      vertex   2.237189e+02 5.402657e+01 3.100000e+01
      vertex   2.240942e+02 5.400296e+01 2.500000e+01
    endloop
  endfacet
  facet normal 6.279052e-02 9.980267e-01 -0.000000e+00
    outer loop
      vertex   2.240942e+02 5.400296e+01 2.500000e+01
      vertex   2.237189e+02 5.402657e+01 3.100000e+01
      vertex   2.240942e+02 5.400296e+01 3.100000e+01
    endloop
  endfacet
  facet normal -1.873813e-01 9.822873e-01 0.000000e+00
    outer loop
      vertex   2.240942e+02 5.400296e+01 2.500000e+01
      vertex   2.240942e+02 5.400296e+01 3.100000e+01
      vertex   2.244635e+02 5.407341e+01 2.500000e+01
    endloop
  endfacet
  facet normal -1.873813e-01 9.822873e-01 -1.163262e-15
    outer loop
      vertex   2.244635e+02 5.407341e+01 2.500000e+01
      vertex   2.240942e+02 5.400296e+01 3.100000e+01
      vertex   2.244635e+02 5.407341e+01 3.100000e+01
    endloop
  endfacet
  facet normal -4.257793e-01 9.048271e-01 -1.071530e-15
    outer loop
      vertex   2.244635e+02 5.407341e+01 2.500000e+01
      vertex   2.244635e+02 5.407341e+01 3.100000e+01
      vertex   2.248037e+02 5.423351e+01 2.500000e+01
    endloop
  endfacet
  facet normal -4.257793e-01 9.048271e-01 -2.143061e-15
    outer loop
      vertex   2.248037e+02 5.423351e+01 2.500000e+01
      vertex   2.244635e+02 5.407341e+01 3.100000e+01
      vertex   2.248037e+02 5.423351e+01 3.100000e+01
    endloop
  endfacet
  facet normal -6.374240e-01 7.705132e-01 -1.824942e-15
    outer loop
      vertex   2.248037e+02 5.423351e+01 2.500000e+01
      vertex   2.248037e+02 5.423351e+01 3.100000e+01
      vertex   2.250935e+02 5.447318e+01 2.500000e+01
    endloop
  endfacet
  facet normal -6.374240e-01 7.705132e-01 0.000000e+00
    outer loop
      vertex   2.250935e+02 5.447318e+01 2.500000e+01
      vertex   2.248037e+02 5.423351e+01 3.100000e+01
      vertex   2.250935e+02 5.447318e+01 3.100000e+01
    endloop
  endfacet
  facet normal -8.090170e-01 5.877853e-01 0.000000e+00
    outer loop
      vertex   2.250935e+02 5.447318e+01 2.500000e+01
      vertex   2.250935e+02 5.447318e+01 3.100000e+01
      vertex   2.253145e+02 5.477737e+01 2.500000e+01
    endloop
  endfacet
  facet normal -8.090170e-01 5.877853e-01 0.000000e+00
    outer loop
      vertex   2.253145e+02 5.477737e+01 2.500000e+01
      vertex   2.250935e+02 5.447318e+01 3.100000e+01
      vertex   2.253145e+02 5.477737e+01 3.100000e+01
    endloop
  endfacet
  facet normal -9.297765e-01 3.681246e-01 0.000000e+00
    outer loop
      vertex   2.253145e+02 5.477737e+01 2.500000e+01
      vertex   2.253145e+02 5.477737e+01 3.100000e+01
      vertex   2.254529e+02 5.512696e+01 2.500000e+01
    endloop
  endfacet
  facet normal -9.297765e-01 3.681246e-01 0.000000e+00
    outer loop
      vertex   2.254529e+02 5.512696e+01 2.500000e+01
      vertex   2.253145e+02 5.477737e+01 3.100000e+01
      vertex   2.254529e+02 5.512696e+01 3.100000e+01
    endloop
  endfacet
  facet normal -9.921147e-01 -1.253332e-01 -0.000000e+00
    outer loop
      vertex   2.254529e+02 5.587303e+01 3.700000e+01
      vertex   2.254529e+02 5.587303e+01 3.100000e+01
      vertex   2.255000e+02 5.550000e+01 3.700000e+01
    endloop
  endfacet
  facet normal -9.921147e-01 -1.253332e-01 -0.000000e+00
    outer loop
      vertex   2.255000e+02 5.550000e+01 3.700000e+01
      vertex   2.254529e+02 5.587303e+01 3.100000e+01
      vertex   2.255000e+02 5.550000e+01 3.100000e+01
    endloop
  endfacet
  facet normal -9.921147e-01 1.253332e-01 0.000000e+00
    outer loop
      vertex   2.255000e+02 5.550000e+01 3.700000e+01
      vertex   2.255000e+02 5.550000e+01 3.100000e+01
      vertex   2.254529e+02 5.512696e+01 3.700000e+01
    endloop
  endfacet
  facet normal -9.921147e-01 1.253332e-01 0.000000e+00
    outer loop
      vertex   2.254529e+02 5.512696e+01 3.700000e+01
      vertex   2.255000e+02 5.550000e+01 3.100000e+01
      vertex   2.254529e+02 5.512696e+01 3.100000e+01
    endloop
  endfacet
  facet normal -9.297765e-01 3.681246e-01 0.000000e+00
    outer loop
      vertex   2.254529e+02 5.512696e+01 3.700000e+01
      vertex   2.254529e+02 5.512696e+01 3.100000e+01
      vertex   2.253145e+02 5.477737e+01 3.700000e+01
    endloop
  endfacet
  facet normal -9.297765e-01 3.681246e-01 0.000000e+00
    outer loop
      vertex   2.253145e+02 5.477737e+01 3.700000e+01
      vertex   2.254529e+02 5.512696e+01 3.100000e+01
      vertex   2.253145e+02 5.477737e+01 3.100000e+01
    endloop
  endfacet
  facet normal -8.090170e-01 5.877853e-01 0.000000e+00
    outer loop
      vertex   2.253145e+02 5.477737e+01 3.700000e+01
      vertex   2.253145e+02 5.477737e+01 3.100000e+01
      vertex   2.250935e+02 5.447318e+01 3.700000e+01
    endloop
  endfacet
  facet normal -8.090170e-01 5.877853e-01 0.000000e+00
    outer loop
      vertex   2.250935e+02 5.447318e+01 3.700000e+01
      vertex   2.253145e+02 5.477737e+01 3.100000e+01
      vertex   2.250935e+02 5.447318e+01 3.100000e+01
    endloop
  endfacet
  facet normal -6.374240e-01 7.705132e-01 0.000000e+00
    outer loop
      vertex   2.250935e+02 5.447318e+01 3.700000e+01
      vertex   2.250935e+02 5.447318e+01 3.100000e+01
      vertex   2.248037e+02 5.423351e+01 3.700000e+01
    endloop
  endfacet
  facet normal -6.374240e-01 7.705132e-01 1.824942e-15
    outer loop
      vertex   2.248037e+02 5.423351e+01 3.700000e+01
      vertex   2.250935e+02 5.447318e+01 3.100000e+01
      vertex   2.248037e+02 5.423351e+01 3.100000e+01
    endloop
  endfacet
  facet normal -4.257793e-01 9.048271e-01 2.143061e-15
    outer loop
      vertex   2.248037e+02 5.423351e+01 3.700000e+01
      vertex   2.248037e+02 5.423351e+01 3.100000e+01
      vertex   2.244635e+02 5.407341e+01 3.700000e+01
    endloop
  endfacet
  facet normal -4.257793e-01 9.048271e-01 1.071530e-15
    outer loop
      vertex   2.244635e+02 5.407341e+01 3.700000e+01
      vertex   2.248037e+02 5.423351e+01 3.100000e+01
      vertex   2.244635e+02 5.407341e+01 3.100000e+01
    endloop
  endfacet
  facet normal -1.873813e-01 9.822873e-01 1.163262e-15
    outer loop
      vertex   2.244635e+02 5.407341e+01 3.700000e+01
      vertex   2.244635e+02 5.407341e+01 3.100000e+01
      vertex   2.240942e+02 5.400296e+01 3.700000e+01
    endloop
  endfacet
  facet normal -1.873813e-01 9.822873e-01 0.000000e+00
    outer loop
      vertex   2.240942e+02 5.400296e+01 3.700000e+01
      vertex   2.244635e+02 5.407341e+01 3.100000e+01
      vertex   2.240942e+02 5.400296e+01 3.100000e+01
    endloop
  endfacet
  facet normal 6.279052e-02 9.980267e-01 0.000000e+00
    outer loop
      vertex   2.240942e+02 5.400296e+01 3.700000e+01
      vertex   2.240942e+02 5.400296e+01 3.100000e+01
      vertex   2.237189e+02 5.402657e+01 3.700000e+01
    endloop
  endfacet
  facet normal 6.279052e-02 9.980267e-01 0.000000e+00
    outer loop
      vertex   2.237189e+02 5.402657e+01 3.700000e+01
      vertex   2.240942e+02 5.400296e+01 3.100000e+01
      vertex   2.237189e+02 5.402657e+01 3.100000e+01
    endloop
  endfacet
  facet normal 3.090170e-01 9.510565e-01 0.000000e+00
    outer loop
      vertex   2.237189e+02 5.402657e+01 3.700000e+01
      vertex   2.237189e+02 5.402657e+01 3.100000e+01
      vertex   2.233613e+02 5.414276e+01 3.700000e+01
    endloop
  endfacet
  facet normal 3.090170e-01 9.510565e-01 2.252554e-15
    outer loop
      vertex   2.233613e+02 5.414276e+01 3.700000e+01
      vertex   2.237189e+02 5.402657e+01 3.100000e+01
      vertex   2.233613e+02 5.414276e+01 3.100000e+01
    endloop
  endfacet
  facet normal 5.358268e-01 8.443279e-01 1.999770e-15
    outer loop
      vertex   2.233613e+02 5.414276e+01 3.700000e+01
      vertex   2.233613e+02 5.414276e+01 3.100000e+01
      vertex   2.230439e+02 5.434423e+01 3.700000e+01
    endloop
  endfacet
  facet normal 5.358268e-01 8.443279e-01 0.000000e+00
    outer loop
      vertex   2.230439e+02 5.434423e+01 3.700000e+01
      vertex   2.233613e+02 5.414276e+01 3.100000e+01
      vertex   2.230439e+02 5.434423e+01 3.100000e+01
    endloop
  endfacet
  facet normal 7.289686e-01 6.845471e-01 0.000000e+00
    outer loop
      vertex   2.230439e+02 5.434423e+01 3.700000e+01
      vertex   2.230439e+02 5.434423e+01 3.100000e+01
      vertex   2.227865e+02 5.461832e+01 3.700000e+01
    endloop
  endfacet
  facet normal 7.289686e-01 6.845471e-01 0.000000e+00
    outer loop
      vertex   2.227865e+02 5.461832e+01 3.700000e+01
      vertex   2.230439e+02 5.434423e+01 3.100000e+01
      vertex   2.227865e+02 5.461832e+01 3.100000e+01
    endloop
  endfacet
  facet normal 8.763067e-01 4.817537e-01 0.000000e+00
    outer loop
      vertex   2.227865e+02 5.461832e+01 3.700000e+01
      vertex   2.227865e+02 5.461832e+01 3.100000e+01
      vertex   2.226053e+02 5.494781e+01 3.700000e+01
    endloop
  endfacet
  facet normal 8.763067e-01 4.817537e-01 0.000000e+00
    outer loop
      vertex   2.226053e+02 5.494781e+01 3.700000e+01
      vertex   2.227865e+02 5.461832e+01 3.100000e+01
      vertex   2.226053e+02 5.494781e+01 3.100000e+01
    endloop
  endfacet
  facet normal 9.685832e-01 2.486899e-01 0.000000e+00
    outer loop
      vertex   2.226053e+02 5.494781e+01 3.700000e+01
      vertex   2.226053e+02 5.494781e+01 3.100000e+01
      vertex   2.225118e+02 5.531200e+01 3.700000e+01
    endloop
  endfacet
  facet normal 9.685832e-01 2.486899e-01 0.000000e+00
    outer loop
      vertex   2.225118e+02 5.531200e+01 3.700000e+01
      vertex   2.226053e+02 5.494781e+01 3.100000e+01
      vertex   2.225118e+02 5.531200e+01 3.100000e+01
    endloop
  endfacet
  facet normal 1.000000e+00 -0.000000e+00 0.000000e+00
    outer loop
      vertex   2.225118e+02 5.531200e+01 3.700000e+01
      vertex   2.225118e+02 5.531200e+01 3.100000e+01
      vertex   2.225118e+02 5.568800e+01 3.700000e+01
    endloop
  endfacet
  facet normal 1.000000e+00 0.000000e+00 0.000000e+00
    outer loop
      vertex   2.225118e+02 5.568800e+01 3.700000e+01
      vertex   2.225118e+02 5.531200e+01 3.100000e+01
      vertex   2.225118e+02 5.568800e+01 3.100000e+01
    endloop
  endfacet
  facet normal 9.685832e-01 -2.486899e-01 0.000000e+00
    outer loop
      vertex   2.225118e+02 5.568800e+01 3.700000e+01
      vertex   2.225118e+02 5.568800e+01 3.100000e+01
      vertex   2.226053e+02 5.605219e+01 3.700000e+01
    endloop
  endfacet
  facet normal 9.685832e-01 -2.486899e-01 0.000000e+00
    outer loop
      vertex   2.226053e+02 5.605219e+01 3.700000e+01
      vertex   2.225118e+02 5.568800e+01 3.100000e+01
      vertex   2.226053e+02 5.605219e+01 3.100000e+01
    endloop
  endfacet
  facet normal 8.763067e-01 -4.817537e-01 0.000000e+00
    outer loop
      vertex   2.226053e+02 5.605219e+01 3.700000e+01
      vertex   2.226053e+02 5.605219e+01 3.100000e+01
      vertex   2.227865e+02 5.638168e+01 3.700000e+01
    endloop
  endfacet
  facet normal 8.763067e-01 -4.817537e-01 0.000000e+00
    outer loop
      vertex   2.227865e+02 5.638168e+01 3.700000e+01
      vertex   2.226053e+02 5.605219e+01 3.100000e+01
      vertex   2.227865e+02 5.638168e+01 3.100000e+01
    endloop
  endfacet
  facet normal 7.289686e-01 -6.845471e-01 0.000000e+00
    outer loop
      vertex   2.227865e+02 5.638168e+01 3.700000e+01
      vertex   2.227865e+02 5.638168e+01 3.100000e+01
      vertex   2.230439e+02 5.665577e+01 3.700000e+01
    endloop
  endfacet
  facet normal 7.289686e-01 -6.845471e-01 0.000000e+00
    outer loop
      vertex   2.230439e+02 5.665577e+01 3.700000e+01
      vertex   2.227865e+02 5.638168e+01 3.100000e+01
      vertex   2.230439e+02 5.665577e+01 3.100000e+01
    endloop
  endfacet
  facet normal 5.358268e-01 -8.443279e-01 0.000000e+00
    outer loop
      vertex   2.230439e+02 5.665577e+01 3.700000e+01
      vertex   2.230439e+02 5.665577e+01 3.100000e+01
      vertex   2.233613e+02 5.685724e+01 3.700000e+01
    endloop
  endfacet
  facet normal 5.358268e-01 -8.443279e-01 1.999770e-15
    outer loop
      vertex   2.233613e+02 5.685724e+01 3.700000e+01
      vertex   2.230439e+02 5.665577e+01 3.100000e+01
      vertex   2.233613e+02 5.685724e+01 3.100000e+01
    endloop
  endfacet
  facet normal 3.090170e-01 -9.510565e-01 2.252554e-15
    outer loop
      vertex   2.233613e+02 5.685724e+01 3.700000e+01
      vertex   2.233613e+02 5.685724e+01 3.100000e+01
      vertex   2.237189e+02 5.697343e+01 3.700000e+01
    endloop
  endfacet
  facet normal 3.090170e-01 -9.510565e-01 0.000000e+00
    outer loop
      vertex   2.237189e+02 5.697343e+01 3.700000e+01
      vertex   2.233613e+02 5.685724e+01 3.100000e+01
      vertex   2.237189e+02 5.697343e+01 3.100000e+01
    endloop
  endfacet
  facet normal 6.279052e-02 -9.980267e-01 0.000000e+00
    outer loop
      vertex   2.237189e+02 5.697343e+01 3.700000e+01
      vertex   2.237189e+02 5.697343e+01 3.100000e+01
      vertex   2.240942e+02 5.699704e+01 3.700000e+01
    endloop
  endfacet
  facet normal 6.279052e-02 -9.980267e-01 0.000000e+00
    outer loop
      vertex   2.240942e+02 5.699704e+01 3.700000e+01
      vertex   2.237189e+02 5.697343e+01 3.100000e+01
      vertex   2.240942e+02 5.699704e+01 3.100000e+01
    endloop
  endfacet
  facet normal -1.873813e-01 -9.822873e-01 -0.000000e+00
    outer loop
      vertex   2.240942e+02 5.699704e+01 3.700000e+01
      vertex   2.240942e+02 5.699704e+01 3.100000e+01
      vertex   2.244635e+02 5.692658e+01 3.700000e+01
    endloop
  endfacet
  facet normal -1.873813e-01 -9.822873e-01 1.163262e-15
    outer loop
      vertex   2.244635e+02 5.692658e+01 3.700000e+01
      vertex   2.240942e+02 5.699704e+01 3.100000e+01
      vertex   2.244635e+02 5.692658e+01 3.100000e+01
    endloop
  endfacet
  facet normal -4.257793e-01 -9.048271e-01 1.071530e-15
    outer loop
      vertex   2.244635e+02 5.692658e+01 3.700000e+01
      vertex   2.244635e+02 5.692658e+01 3.100000e+01
      vertex   2.248037e+02 5.676649e+01 3.700000e+01
    endloop
  endfacet
  facet normal -4.257793e-01 -9.048271e-01 2.143061e-15
    outer loop
      vertex   2.248037e+02 5.676649e+01 3.700000e+01
      vertex   2.244635e+02 5.692658e+01 3.100000e+01
      vertex   2.248037e+02 5.676649e+01 3.100000e+01
    endloop
  endfacet
  facet normal -6.374240e-01 -7.705132e-01 1.824942e-15
    outer loop
      vertex   2.248037e+02 5.676649e+01 3.700000e+01
      vertex   2.248037e+02 5.676649e+01 3.100000e+01
      vertex   2.250935e+02 5.652682e+01 3.700000e+01
    endloop
  endfacet
  facet normal -6.374240e-01 -7.705132e-01 -0.000000e+00
    outer loop
      vertex   2.250935e+02 5.652682e+01 3.700000e+01
      vertex   2.248037e+02 5.676649e+01 3.100000e+01
      vertex   2.250935e+02 5.652682e+01 3.100000e+01
    endloop
  endfacet
  facet normal -8.090170e-01 -5.877853e-01 -0.000000e+00
    outer loop
      vertex   2.250935e+02 5.652682e+01 3.700000e+01
      vertex   2.250935e+02 5.652682e+01 3.100000e+01
      vertex   2.253145e+02 5.622263e+01 3.700000e+01
    endloop
  endfacet
  facet normal -8.090170e-01 -5.877853e-01 -0.000000e+00
    outer loop
      vertex   2.253145e+02 5.622263e+01 3.700000e+01
      vertex   2.250935e+02 5.652682e+01 3.100000e+01
      vertex   2.253145e+02 5.622263e+01 3.100000e+01
    endloop
  endfacet
  facet normal -9.297765e-01 -3.681246e-01 -0.000000e+00
    outer loop
      vertex   2.253145e+02 5.622263e+01 3.700000e+01
      vertex   2.253145e+02 5.622263e+01 3.100000e+01
      vertex   2.254529e+02 5.587303e+01 3.700000e+01
    endloop
  endfacet
  facet normal -9.297765e-01 -3.681246e-01 -0.000000e+00
    outer loop
      vertex   2.254529e+02 5.587303e+01 3.700000e+01
      vertex   2.253145e+02 5.622263e+01 3.100000e+01
      vertex   2.254529e+02 5.587303e+01 3.100000e+01
    endloop
  endfacet
  facet normal 0.000000e+00 1.000000e+00 -0.000000e+00
    outer loop
      vertex   2.706500e+02 5.940000e+01 3.500000e+01
      vertex   2.273500e+02 5.940000e+01 3.500000e+01
      vertex   2.706500e+02 5.940000e+01 3.700000e+01
    endloop
  endfacet
  facet normal 0.000000e+00 1.000000e+00 0.000000e+00
    outer loop
      vertex   2.706500e+02 5.940000e+01 3.700000e+01
      vertex   2.273500e+02 5.940000e+01 3.500000e+01
      vertex   2.273500e+02 5.940000e+01 3.700000e+01
    endloop
  endfacet
  facet normal 0.000000e+00 -1.000000e+00 0.000000e+00
    outer loop
      vertex   2.273500e+02 8.740000e+01 3.500000e+01
      vertex   2.706500e+02 8.740000e+01 3.500000e+01
      vertex   2.273500e+02 8.740000e+01 3.700000e+01
    endloop
  endfacet
  facet normal 0.000000e+00 -1.000000e+00 0.000000e+00
    outer loop
      vertex   2.273500e+02 8.740000e+01 3.700000e+01
      vertex   2.706500e+02 8.740000e+01 3.500000e+01
      vertex   2.706500e+02 8.740000e+01 3.700000e+01
    endloop
  endfacet
  facet normal 0.000000e+00 0.000000e+00 -1.000000e+00
    outer loop
      vertex   2.273500e+02 5.940000e+01 3.500000e+01
      vertex   2.706500e+02 5.940000e+01 3.500000e+01
      vertex   2.273500e+02 5.360000e+01 3.500000e+01
    endloop
  endfacet
  facet normal 0.000000e+00 0.000000e+00 -1.000000e+00
    outer loop
      vertex   2.273500e+02 5.360000e+01 3.500000e+01
      vertex   2.706500e+02 5.940000e+01 3.500000e+01
      vertex   2.706500e+02 5.360000e+01 3.500000e+01
    endloop
  endfacet
  facet normal 1.000000e+00 0.000000e+00 0.000000e+00
    outer loop
      vertex   2.273500e+02 9.340000e+01 2.500000e+01
      vertex   2.273500e+02 8.740000e+01 3.500000e+01
      vertex   2.273500e+02 5.360000e+01 2.500000e+01
    endloop
  endfacet
  facet normal 1.000000e+00 0.000000e+00 0.000000e+00
    outer loop
      vertex   2.273500e+02 5.360000e+01 2.500000e+01
      vertex   2.273500e+02 8.740000e+01 3.500000e+01
      vertex   2.273500e+02 5.940000e+01 3.500000e+01
    endloop
  endfacet
  facet normal 1.000000e+00 0.000000e+00 0.000000e+00
    outer loop
      vertex   2.273500e+02 5.360000e+01 2.500000e+01
      vertex   2.273500e+02 5.940000e+01 3.500000e+01
      vertex   2.273500e+02 5.360000e+01 3.500000e+01
    endloop
  endfacet
  facet normal 1.000000e+00 0.000000e+00 -0.000000e+00
    outer loop
      vertex   2.273500e+02 9.340000e+01 2.500000e+01
      vertex   2.273500e+02 9.340000e+01 3.500000e+01
      vertex   2.273500e+02 8.740000e+01 3.500000e+01
    endloop
  endfacet
  facet normal 1.000000e+00 0.000000e+00 0.000000e+00
    outer loop
      vertex   2.273500e+02 8.740000e+01 3.700000e+01
      vertex   2.273500e+02 5.940000e+01 3.700000e+01
      vertex   2.273500e+02 8.740000e+01 3.500000e+01
    endloop
  endfacet
  facet normal 1.000000e+00 0.000000e+00 0.000000e+00
    outer loop
      vertex   2.273500e+02 8.740000e+01 3.500000e+01
      vertex   2.273500e+02 5.940000e+01 3.700000e+01
      vertex   2.273500e+02 5.940000e+01 3.500000e+01
    endloop
  endfacet
  facet normal 0.000000e+00 -1.000000e+00 0.000000e+00
    outer loop
      vertex   2.273500e+02 9.340000e+01 2.500000e+01
      vertex   2.706500e+02 9.340000e+01 2.500000e+01
      vertex   2.273500e+02 9.340000e+01 3.500000e+01
    endloop
  endfacet
  facet normal 0.000000e+00 -1.000000e+00 0.000000e+00
    outer loop
      vertex   2.273500e+02 9.340000e+01 3.500000e+01
      vertex   2.706500e+02 9.340000e+01 2.500000e+01
      vertex   2.706500e+02 9.340000e+01 3.500000e+01
    endloop
  endfacet
  facet normal -1.000000e+00 -0.000000e+00 -0.000000e+00
    outer loop
      vertex   2.706500e+02 9.340000e+01 3.500000e+01
      vertex   2.706500e+02 9.340000e+01 2.500000e+01
      vertex   2.706500e+02 8.740000e+01 3.500000e+01
    endloop
  endfacet
  facet normal -1.000000e+00 0.000000e+00 -0.000000e+00
    outer loop
      vertex   2.706500e+02 8.740000e+01 3.500000e+01
      vertex   2.706500e+02 9.340000e+01 2.500000e+01
      vertex   2.706500e+02 5.360000e+01 2.500000e+01
    endloop
  endfacet
  facet normal -1.000000e+00 -0.000000e+00 0.000000e+00
    outer loop
      vertex   2.706500e+02 8.740000e+01 3.500000e+01
      vertex   2.706500e+02 5.360000e+01 2.500000e+01
      vertex   2.706500e+02 5.940000e+01 3.500000e+01
    endloop
  endfacet
  facet normal -1.000000e+00 -0.000000e+00 0.000000e+00
    outer loop
      vertex   2.706500e+02 5.940000e+01 3.500000e+01
      vertex   2.706500e+02 5.360000e+01 2.500000e+01
      vertex   2.706500e+02 5.360000e+01 3.500000e+01
    endloop
  endfacet
  facet normal -1.000000e+00 0.000000e+00 0.000000e+00
    outer loop
      vertex   2.706500e+02 5.940000e+01 3.700000e+01
      vertex   2.706500e+02 8.740000e+01 3.700000e+01
      vertex   2.706500e+02 5.940000e+01 3.500000e+01
    endloop
  endfacet
  facet normal -1.000000e+00 0.000000e+00 0.000000e+00
    outer loop
      vertex   2.706500e+02 5.940000e+01 3.500000e+01
      vertex   2.706500e+02 8.740000e+01 3.700000e+01
      vertex   2.706500e+02 8.740000e+01 3.500000e+01
    endloop
  endfacet
  facet normal 0.000000e+00 1.000000e+00 -0.000000e+00
    outer loop
      vertex   2.706500e+02 5.360000e+01 2.500000e+01
      vertex   2.273500e+02 5.360000e+01 2.500000e+01
      vertex   2.706500e+02 5.360000e+01 3.500000e+01
    endloop
  endfacet
  facet normal 0.000000e+00 1.000000e+00 0.000000e+00
    outer loop
      vertex   2.706500e+02 5.360000e+01 3.500000e+01
      vertex   2.273500e+02 5.360000e+01 2.500000e+01
      vertex   2.273500e+02 5.360000e+01 3.500000e+01
    endloop
  endfacet
  facet normal 0.000000e+00 0.000000e+00 -1.000000e+00
    outer loop
      vertex   2.706500e+02 8.740000e+01 3.500000e+01
      vertex   2.273500e+02 8.740000e+01 3.500000e+01
      vertex   2.706500e+02 9.340000e+01 3.500000e+01
    endloop
  endfacet
  facet normal -0.000000e+00 0.000000e+00 -1.000000e+00
    outer loop
      vertex   2.706500e+02 9.340000e+01 3.500000e+01
      vertex   2.273500e+02 8.740000e+01 3.500000e+01
      vertex   2.273500e+02 9.340000e+01 3.500000e+01
    endloop
  endfacet
  facet normal -0.000000e+00 1.000000e+00 0.000000e+00
    outer loop
      vertex   2.210000e+02 9.550000e+01 3.550000e+01
      vertex   2.770000e+02 9.550000e+01 3.550000e+01
      vertex   2.210000e+02 9.550000e+01 3.025000e+01
    endloop
  endfacet
  facet normal 0.000000e+00 1.000000e+00 0.000000e+00
    outer loop
      vertex   2.210000e+02 9.550000e+01 3.025000e+01
      vertex   2.770000e+02 9.550000e+01 3.550000e+01
      vertex   2.770000e+02 9.550000e+01 3.025000e+01
    endloop
  endfacet
  facet normal -0.000000e+00 1.000000e+00 0.000000e+00
    outer loop
      vertex   2.210000e+02 9.550000e+01 3.025000e+01
      vertex   2.770000e+02 9.550000e+01 3.025000e+01
      vertex   2.210000e+02 9.550000e+01 2.500000e+01
    endloop
  endfacet
  facet normal 0.000000e+00 1.000000e+00 0.000000e+00
    outer loop
      vertex   2.210000e+02 9.550000e+01 2.500000e+01
      vertex   2.770000e+02 9.550000e+01 3.025000e+01
      vertex   2.770000e+02 9.550000e+01 2.500000e+01
    endloop
  endfacet
  facet normal 9.497828e-15 8.948553e-14 -1.000000e+00
    outer loop
      vertex   2.773873e+02 9.545889e+01 2.500000e+01
      vertex   2.777590e+02 9.534004e+01 2.500000e+01
      vertex   2.770000e+02 9.550000e+01 2.500000e+01
    endloop
  endfacet
  facet normal -2.801422e-14 -8.850356e-14 -1.000000e+00
    outer loop
      vertex   2.770000e+02 9.550000e+01 2.500000e+01
      vertex   2.777590e+02 9.534004e+01 2.500000e+01
      vertex   2.781011e+02 9.515147e+01 2.500000e+01
    endloop
  endfacet
  facet normal 0.000000e+00 0.000000e+00 -1.000000e+00
    outer loop
      vertex   2.770000e+02 9.550000e+01 2.500000e+01
      vertex   2.781011e+02 9.515147e+01 2.500000e+01
      vertex   2.784020e+02 9.490196e+01 2.500000e+01
    endloop
  endfacet
  facet normal -0.000000e+00 -0.000000e+00 -1.000000e+00
    outer loop
      vertex   2.784020e+02 9.490196e+01 2.500000e+01
      vertex   2.786515e+02 9.460103e+01 2.500000e+01
      vertex   2.770000e+02 9.550000e+01 2.500000e+01
    endloop
  endfacet
  facet normal 0.000000e+00 0.000000e+00 -1.000000e+00
    outer loop
      vertex   2.770000e+02 9.550000e+01 2.500000e+01
      vertex   2.786515e+02 9.460103e+01 2.500000e+01
      vertex   2.788401e+02 9.425895e+01 2.500000e+01
    endloop
  endfacet
  facet normal 0.000000e+00 0.000000e+00 -1.000000e+00
    outer loop
      vertex   2.770000e+02 9.550000e+01 2.500000e+01
      vertex   2.788401e+02 9.425895e+01 2.500000e+01
      vertex   2.789589e+02 9.388732e+01 2.500000e+01
    endloop
  endfacet
  facet normal 0.000000e+00 -0.000000e+00 -1.000000e+00
    outer loop
      vertex   2.770000e+02 9.550000e+01 2.500000e+01
      vertex   2.789589e+02 9.388732e+01 2.500000e+01
      vertex   2.748037e+02 9.176649e+01 2.500000e+01
    endloop
  endfacet
  facet normal 0.000000e+00 0.000000e+00 -1.000000e+00
    outer loop
      vertex   2.748037e+02 9.176649e+01 2.500000e+01
      vertex   2.789589e+02 9.388732e+01 2.500000e+01
      vertex   2.790000e+02 9.350000e+01 2.500000e+01
    endloop
  endfacet
  facet normal 0.000000e+00 0.000000e+00 -1.000000e+00
    outer loop
      vertex   2.748037e+02 9.176649e+01 2.500000e+01
      vertex   2.790000e+02 9.350000e+01 2.500000e+01
      vertex   2.750935e+02 9.152682e+01 2.500000e+01
    endloop
  endfacet
  facet normal 0.000000e+00 0.000000e+00 -1.000000e+00
    outer loop
      vertex   2.750935e+02 9.152682e+01 2.500000e+01
      vertex   2.790000e+02 9.350000e+01 2.500000e+01
      vertex   2.753145e+02 9.122263e+01 2.500000e+01
    endloop
  endfacet
  facet normal 0.000000e+00 0.000000e+00 -1.000000e+00
    outer loop
      vertex   2.753145e+02 9.122263e+01 2.500000e+01
      vertex   2.790000e+02 9.350000e+01 2.500000e+01
      vertex   2.754529e+02 9.087303e+01 2.500000e+01
    endloop
  endfacet
  facet normal 0.000000e+00 0.000000e+00 -1.000000e+00
    outer loop
      vertex   2.754529e+02 9.087303e+01 2.500000e+01
      vertex   2.790000e+02 9.350000e+01 2.500000e+01
      vertex   2.755000e+02 9.050000e+01 2.500000e+01
    endloop
  endfacet
  facet normal 0.000000e+00 -0.000000e+00 -1.000000e+00
    outer loop
      vertex   2.755000e+02 9.050000e+01 2.500000e+01
      vertex   2.790000e+02 9.350000e+01 2.500000e+01
      vertex   2.754529e+02 9.012697e+01 2.500000e+01
    endloop
  endfacet
  facet normal 0.000000e+00 -0.000000e+00 -1.000000e+00
    outer loop
      vertex   2.754529e+02 9.012697e+01 2.500000e+01
      vertex   2.790000e+02 9.350000e+01 2.500000e+01
      vertex   2.753145e+02 8.977737e+01 2.500000e+01
    endloop
  endfacet
  facet normal 0.000000e+00 -0.000000e+00 -1.000000e+00
    outer loop
      vertex   2.753145e+02 8.977737e+01 2.500000e+01
      vertex   2.790000e+02 9.350000e+01 2.500000e+01
      vertex   2.750935e+02 8.947318e+01 2.500000e+01
    endloop
  endfacet
  facet normal 0.000000e+00 0.000000e+00 -1.000000e+00
    outer loop
      vertex   2.750935e+02 8.947318e+01 2.500000e+01
      vertex   2.790000e+02 9.350000e+01 2.500000e+01
      vertex   2.790000e+02 5.250000e+01 2.500000e+01
    endloop
  endfacet
  facet normal 0.000000e+00 0.000000e+00 -1.000000e+00
    outer loop
      vertex   2.750935e+02 8.947318e+01 2.500000e+01
      vertex   2.790000e+02 5.250000e+01 2.500000e+01
      vertex   2.750935e+02 5.652682e+01 2.500000e+01
    endloop
  endfacet
  facet normal 0.000000e+00 0.000000e+00 -1.000000e+00
    outer loop
      vertex   2.750935e+02 5.652682e+01 2.500000e+01
      vertex   2.790000e+02 5.250000e+01 2.500000e+01
      vertex   2.753145e+02 5.622263e+01 2.500000e+01
    endloop
  endfacet
  facet normal 0.000000e+00 0.000000e+00 -1.000000e+00
    outer loop
      vertex   2.753145e+02 5.622263e+01 2.500000e+01
      vertex   2.790000e+02 5.250000e+01 2.500000e+01
      vertex   2.754529e+02 5.587303e+01 2.500000e+01
    endloop
  endfacet
  facet normal 0.000000e+00 0.000000e+00 -1.000000e+00
    outer loop
      vertex   2.754529e+02 5.587303e+01 2.500000e+01
      vertex   2.790000e+02 5.250000e+01 2.500000e+01
      vertex   2.755000e+02 5.550000e+01 2.500000e+01
    endloop
  endfacet
  facet normal 0.000000e+00 -0.000000e+00 -1.000000e+00
    outer loop
      vertex   2.755000e+02 5.550000e+01 2.500000e+01
      vertex   2.790000e+02 5.250000e+01 2.500000e+01
      vertex   2.754529e+02 5.512696e+01 2.500000e+01
    endloop
  endfacet
  facet normal 0.000000e+00 -0.000000e+00 -1.000000e+00
    outer loop
      vertex   2.754529e+02 5.512696e+01 2.500000e+01
      vertex   2.790000e+02 5.250000e+01 2.500000e+01
      vertex   2.753145e+02 5.477737e+01 2.500000e+01
    endloop
  endfacet
  facet normal 0.000000e+00 -0.000000e+00 -1.000000e+00
    outer loop
      vertex   2.753145e+02 5.477737e+01 2.500000e+01
      vertex   2.790000e+02 5.250000e+01 2.500000e+01
      vertex   2.750935e+02 5.447318e+01 2.500000e+01
    endloop
  endfacet
  facet normal 0.000000e+00 -0.000000e+00 -1.000000e+00
    outer loop
      vertex   2.750935e+02 5.447318e+01 2.500000e+01
      vertex   2.790000e+02 5.250000e+01 2.500000e+01
      vertex   2.748037e+02 5.423351e+01 2.500000e+01
    endloop
  endfacet
  facet normal 0.000000e+00 0.000000e+00 -1.000000e+00
    outer loop
      vertex   2.748037e+02 5.423351e+01 2.500000e+01
      vertex   2.790000e+02 5.250000e+01 2.500000e+01
      vertex   2.789589e+02 5.211266e+01 2.500000e+01
    endloop
  endfacet
  facet normal 0.000000e+00 0.000000e+00 -1.000000e+00
    outer loop
      vertex   2.748037e+02 5.423351e+01 2.500000e+01
      vertex   2.789589e+02 5.211266e+01 2.500000e+01
      vertex   2.770000e+02 5.050000e+01 2.500000e+01
    endloop
  endfacet
  facet normal 0.000000e+00 0.000000e+00 -1.000000e+00
    outer loop
      vertex   2.770000e+02 5.050000e+01 2.500000e+01
      vertex   2.789589e+02 5.211266e+01 2.500000e+01
      vertex   2.788400e+02 5.174101e+01 2.500000e+01
    endloop
  endfacet
  facet normal 0.000000e+00 0.000000e+00 -1.000000e+00
    outer loop
      vertex   2.770000e+02 5.050000e+01 2.500000e+01
      vertex   2.788400e+02 5.174101e+01 2.500000e+01
      vertex   2.786515e+02 5.139892e+01 2.500000e+01
    endloop
  endfacet
  facet normal 0.000000e+00 0.000000e+00 -1.000000e+00
    outer loop
      vertex   2.786515e+02 5.139892e+01 2.500000e+01
      vertex   2.784020e+02 5.109796e+01 2.500000e+01
      vertex   2.770000e+02 5.050000e+01 2.500000e+01
    endloop
  endfacet
  facet normal 0.000000e+00 0.000000e+00 -1.000000e+00
    outer loop
      vertex   2.770000e+02 5.050000e+01 2.500000e+01
      vertex   2.784020e+02 5.109796e+01 2.500000e+01
      vertex   2.781010e+02 5.084849e+01 2.500000e+01
    endloop
  endfacet
  facet normal 0.000000e+00 0.000000e+00 -1.000000e+00
    outer loop
      vertex   2.770000e+02 5.050000e+01 2.500000e+01
      vertex   2.781010e+02 5.084849e+01 2.500000e+01
      vertex   2.777589e+02 5.065994e+01 2.500000e+01
    endloop
  endfacet
  facet normal 0.000000e+00 0.000000e+00 -1.000000e+00
    outer loop
      vertex   2.777589e+02 5.065994e+01 2.500000e+01
      vertex   2.773873e+02 5.054111e+01 2.500000e+01
      vertex   2.770000e+02 5.050000e+01 2.500000e+01
    endloop
  endfacet
  facet normal 0.000000e+00 0.000000e+00 -1.000000e+00
    outer loop
      vertex   2.210000e+02 5.050000e+01 2.500000e+01
      vertex   2.706500e+02 5.360000e+01 2.500000e+01
      vertex   2.770000e+02 5.050000e+01 2.500000e+01
    endloop
  endfacet
  facet normal 0.000000e+00 0.000000e+00 -1.000000e+00
    outer loop
      vertex   2.770000e+02 5.050000e+01 2.500000e+01
      vertex   2.706500e+02 5.360000e+01 2.500000e+01
      vertex   2.737189e+02 5.402657e+01 2.500000e+01
    endloop
  endfacet
  facet normal 0.000000e+00 0.000000e+00 -1.000000e+00
    outer loop
      vertex   2.770000e+02 5.050000e+01 2.500000e+01
      vertex   2.737189e+02 5.402657e+01 2.500000e+01
      vertex   2.740942e+02 5.400296e+01 2.500000e+01
    endloop
  endfacet
  facet normal 0.000000e+00 0.000000e+00 -1.000000e+00
    outer loop
      vertex   2.206127e+02 5.054111e+01 2.500000e+01
      vertex   2.202410e+02 5.065996e+01 2.500000e+01
      vertex   2.210000e+02 5.050000e+01 2.500000e+01
    endloop
  endfacet
  facet normal 0.000000e+00 0.000000e+00 -1.000000e+00
    outer loop
      vertex   2.210000e+02 5.050000e+01 2.500000e+01
      vertex   2.202410e+02 5.065996e+01 2.500000e+01
      vertex   2.198989e+02 5.084853e+01 2.500000e+01
    endloop
  endfacet
  facet normal 0.000000e+00 0.000000e+00 -1.000000e+00
    outer loop
      vertex   2.210000e+02 5.050000e+01 2.500000e+01
      vertex   2.198989e+02 5.084853e+01 2.500000e+01
      vertex   2.195980e+02 5.109804e+01 2.500000e+01
    endloop
  endfacet
  facet normal 0.000000e+00 0.000000e+00 -1.000000e+00
    outer loop
      vertex   2.195980e+02 5.109804e+01 2.500000e+01
      vertex   2.193485e+02 5.139897e+01 2.500000e+01
      vertex   2.210000e+02 5.050000e+01 2.500000e+01
    endloop
  endfacet
  facet normal 0.000000e+00 0.000000e+00 -1.000000e+00
    outer loop
      vertex   2.210000e+02 5.050000e+01 2.500000e+01
      vertex   2.193485e+02 5.139897e+01 2.500000e+01
      vertex   2.191599e+02 5.174105e+01 2.500000e+01
    endloop
  endfacet
  facet normal 0.000000e+00 0.000000e+00 -1.000000e+00
    outer loop
      vertex   2.210000e+02 5.050000e+01 2.500000e+01
      vertex   2.191599e+02 5.174105e+01 2.500000e+01
      vertex   2.190411e+02 5.211268e+01 2.500000e+01
    endloop
  endfacet
  facet normal 0.000000e+00 0.000000e+00 -1.000000e+00
    outer loop
      vertex   2.210000e+02 5.050000e+01 2.500000e+01
      vertex   2.190411e+02 5.211268e+01 2.500000e+01
      vertex   2.233613e+02 5.414276e+01 2.500000e+01
    endloop
  endfacet
  facet normal 0.000000e+00 0.000000e+00 -1.000000e+00
    outer loop
      vertex   2.233613e+02 5.414276e+01 2.500000e+01
      vertex   2.190411e+02 5.211268e+01 2.500000e+01
      vertex   2.190000e+02 5.250000e+01 2.500000e+01
    endloop
  endfacet
  facet normal -0.000000e+00 0.000000e+00 -1.000000e+00
    outer loop
      vertex   2.233613e+02 5.414276e+01 2.500000e+01
      vertex   2.190000e+02 5.250000e+01 2.500000e+01
      vertex   2.230439e+02 5.434423e+01 2.500000e+01
    endloop
  endfacet
  facet normal -0.000000e+00 0.000000e+00 -1.000000e+00
    outer loop
      vertex   2.230439e+02 5.434423e+01 2.500000e+01
      vertex   2.190000e+02 5.250000e+01 2.500000e+01
      vertex   2.227865e+02 5.461832e+01 2.500000e+01
    endloop
  endfacet
  facet normal -0.000000e+00 0.000000e+00 -1.000000e+00
    outer loop
      vertex   2.227865e+02 5.461832e+01 2.500000e+01
      vertex   2.190000e+02 5.250000e+01 2.500000e+01
      vertex   2.226053e+02 5.494781e+01 2.500000e+01
    endloop
  endfacet
  facet normal -0.000000e+00 0.000000e+00 -1.000000e+00
    outer loop
      vertex   2.226053e+02 5.494781e+01 2.500000e+01
      vertex   2.190000e+02 5.250000e+01 2.500000e+01
      vertex   2.225118e+02 5.531200e+01 2.500000e+01
    endloop
  endfacet
  facet normal -0.000000e+00 0.000000e+00 -1.000000e+00
    outer loop
      vertex   2.225118e+02 5.531200e+01 2.500000e+01
      vertex   2.190000e+02 5.250000e+01 2.500000e+01
      vertex   2.225118e+02 5.568800e+01 2.500000e+01
    endloop
  endfacet
  facet normal -0.000000e+00 0.000000e+00 -1.000000e+00
    outer loop
      vertex   2.225118e+02 5.568800e+01 2.500000e+01
      vertex   2.190000e+02 5.250000e+01 2.500000e+01
      vertex   2.226053e+02 5.605219e+01 2.500000e+01
    endloop
  endfacet
  facet normal -0.000000e+00 0.000000e+00 -1.000000e+00
    outer loop
      vertex   2.226053e+02 5.605219e+01 2.500000e+01
      vertex   2.190000e+02 5.250000e+01 2.500000e+01
      vertex   2.227865e+02 5.638168e+01 2.500000e+01
    endloop
  endfacet
  facet normal -0.000000e+00 0.000000e+00 -1.000000e+00
    outer loop
      vertex   2.227865e+02 5.638168e+01 2.500000e+01
      vertex   2.190000e+02 5.250000e+01 2.500000e+01
      vertex   2.227865e+02 8.961832e+01 2.500000e+01
    endloop
  endfacet
  facet normal 0.000000e+00 0.000000e+00 -1.000000e+00
    outer loop
      vertex   2.227865e+02 5.638168e+01 2.500000e+01
      vertex   2.227865e+02 8.961832e+01 2.500000e+01
      vertex   2.230439e+02 5.665577e+01 2.500000e+01
    endloop
  endfacet
  facet normal 0.000000e+00 0.000000e+00 -1.000000e+00
    outer loop
      vertex   2.230439e+02 5.665577e+01 2.500000e+01
      vertex   2.227865e+02 8.961832e+01 2.500000e+01
      vertex   2.230439e+02 8.934423e+01 2.500000e+01
    endloop
  endfacet
  facet normal 0.000000e+00 0.000000e+00 -1.000000e+00
    outer loop
      vertex   2.230439e+02 5.665577e+01 2.500000e+01
      vertex   2.230439e+02 8.934423e+01 2.500000e+01
      vertex   2.233613e+02 8.914276e+01 2.500000e+01
    endloop
  endfacet
  facet normal 0.000000e+00 0.000000e+00 -1.000000e+00
    outer loop
      vertex   2.190000e+02 5.250000e+01 2.500000e+01
      vertex   2.190000e+02 9.350000e+01 2.500000e+01
      vertex   2.227865e+02 8.961832e+01 2.500000e+01
    endloop
  endfacet
  facet normal 0.000000e+00 0.000000e+00 -1.000000e+00
    outer loop
      vertex   2.227865e+02 8.961832e+01 2.500000e+01
      vertex   2.190000e+02 9.350000e+01 2.500000e+01
      vertex   2.226053e+02 8.994781e+01 2.500000e+01
    endloop
  endfacet
  facet normal 0.000000e+00 0.000000e+00 -1.000000e+00
    outer loop
      vertex   2.226053e+02 8.994781e+01 2.500000e+01
      vertex   2.190000e+02 9.350000e+01 2.500000e+01
      vertex   2.225118e+02 9.031200e+01 2.500000e+01
    endloop
  endfacet
  facet normal 0.000000e+00 0.000000e+00 -1.000000e+00
    outer loop
      vertex   2.225118e+02 9.031200e+01 2.500000e+01
      vertex   2.190000e+02 9.350000e+01 2.500000e+01
      vertex   2.225118e+02 9.068800e+01 2.500000e+01
    endloop
  endfacet
  facet normal 0.000000e+00 0.000000e+00 -1.000000e+00
    outer loop
      vertex   2.225118e+02 9.068800e+01 2.500000e+01
      vertex   2.190000e+02 9.350000e+01 2.500000e+01
      vertex   2.226053e+02 9.105219e+01 2.500000e+01
    endloop
  endfacet
  facet normal 0.000000e+00 0.000000e+00 -1.000000e+00
    outer loop
      vertex   2.226053e+02 9.105219e+01 2.500000e+01
      vertex   2.190000e+02 9.350000e+01 2.500000e+01
      vertex   2.227865e+02 9.138168e+01 2.500000e+01
    endloop
  endfacet
  facet normal 0.000000e+00 0.000000e+00 -1.000000e+00
    outer loop
      vertex   2.227865e+02 9.138168e+01 2.500000e+01
      vertex   2.190000e+02 9.350000e+01 2.500000e+01
      vertex   2.230439e+02 9.165577e+01 2.500000e+01
    endloop
  endfacet
  facet normal 0.000000e+00 0.000000e+00 -1.000000e+00
    outer loop
      vertex   2.230439e+02 9.165577e+01 2.500000e+01
      vertex   2.190000e+02 9.350000e+01 2.500000e+01
      vertex   2.233613e+02 9.185724e+01 2.500000e+01
    endloop
  endfacet
  facet normal 0.000000e+00 0.000000e+00 -1.000000e+00
    outer loop
      vertex   2.233613e+02 9.185724e+01 2.500000e+01
      vertex   2.190000e+02 9.350000e+01 2.500000e+01
      vertex   2.190411e+02 9.388734e+01 2.500000e+01
    endloop
  endfacet
  facet normal 0.000000e+00 0.000000e+00 -1.000000e+00
    outer loop
      vertex   2.233613e+02 9.185724e+01 2.500000e+01
      vertex   2.190411e+02 9.388734e+01 2.500000e+01
      vertex   2.210000e+02 9.550000e+01 2.500000e+01
    endloop
  endfacet
  facet normal 0.000000e+00 0.000000e+00 -1.000000e+00
    outer loop
      vertex   2.210000e+02 9.550000e+01 2.500000e+01
      vertex   2.190411e+02 9.388734e+01 2.500000e+01
      vertex   2.191600e+02 9.425899e+01 2.500000e+01
    endloop
  endfacet
  facet normal 0.000000e+00 0.000000e+00 -1.000000e+00
    outer loop
      vertex   2.210000e+02 9.550000e+01 2.500000e+01
      vertex   2.191600e+02 9.425899e+01 2.500000e+01
      vertex   2.193485e+02 9.460108e+01 2.500000e+01
    endloop
  endfacet
  facet normal 0.000000e+00 0.000000e+00 -1.000000e+00
    outer loop
      vertex   2.193485e+02 9.460108e+01 2.500000e+01
      vertex   2.195980e+02 9.490204e+01 2.500000e+01
      vertex   2.210000e+02 9.550000e+01 2.500000e+01
    endloop
  endfacet
  facet normal 0.000000e+00 0.000000e+00 -1.000000e+00
    outer loop
      vertex   2.210000e+02 9.550000e+01 2.500000e+01
      vertex   2.195980e+02 9.490204e+01 2.500000e+01
      vertex   2.198990e+02 9.515151e+01 2.500000e+01
    endloop
  endfacet
  facet normal 0.000000e+00 0.000000e+00 -1.000000e+00
    outer loop
      vertex   2.210000e+02 9.550000e+01 2.500000e+01
      vertex   2.198990e+02 9.515151e+01 2.500000e+01
      vertex   2.202410e+02 9.534006e+01 2.500000e+01
    endloop
  endfacet
  facet normal 0.000000e+00 0.000000e+00 -1.000000e+00
    outer loop
      vertex   2.202410e+02 9.534006e+01 2.500000e+01
      vertex   2.206127e+02 9.545889e+01 2.500000e+01
      vertex   2.210000e+02 9.550000e+01 2.500000e+01
    endloop
  endfacet
  facet normal -0.000000e+00 0.000000e+00 -1.000000e+00
    outer loop
      vertex   2.770000e+02 9.550000e+01 2.500000e+01
      vertex   2.273500e+02 9.340000e+01 2.500000e+01
      vertex   2.210000e+02 9.550000e+01 2.500000e+01
    endloop
  endfacet
  facet normal 0.000000e+00 0.000000e+00 -1.000000e+00
    outer loop
      vertex   2.210000e+02 9.550000e+01 2.500000e+01
      vertex   2.273500e+02 9.340000e+01 2.500000e+01
      vertex   2.240942e+02 9.199704e+01 2.500000e+01
    endloop
  endfacet
  facet normal 0.000000e+00 0.000000e+00 -1.000000e+00
    outer loop
      vertex   2.210000e+02 9.550000e+01 2.500000e+01
      vertex   2.240942e+02 9.199704e+01 2.500000e+01
      vertex   2.237189e+02 9.197343e+01 2.500000e+01
    endloop
  endfacet
  facet normal 0.000000e+00 0.000000e+00 -1.000000e+00
    outer loop
      vertex   2.273500e+02 5.360000e+01 2.500000e+01
      vertex   2.253145e+02 8.977737e+01 2.500000e+01
      vertex   2.273500e+02 9.340000e+01 2.500000e+01
    endloop
  endfacet
  facet normal 0.000000e+00 0.000000e+00 -1.000000e+00
    outer loop
      vertex   2.273500e+02 9.340000e+01 2.500000e+01
      vertex   2.253145e+02 8.977737e+01 2.500000e+01
      vertex   2.254529e+02 9.012697e+01 2.500000e+01
    endloop
  endfacet
  facet normal 0.000000e+00 0.000000e+00 -1.000000e+00
    outer loop
      vertex   2.273500e+02 9.340000e+01 2.500000e+01
      vertex   2.254529e+02 9.012697e+01 2.500000e+01
      vertex   2.255000e+02 9.050000e+01 2.500000e+01
    endloop
  endfacet
  facet normal -0.000000e+00 0.000000e+00 -1.000000e+00
    outer loop
      vertex   2.706500e+02 5.360000e+01 2.500000e+01
      vertex   2.210000e+02 5.050000e+01 2.500000e+01
      vertex   2.273500e+02 5.360000e+01 2.500000e+01
    endloop
  endfacet
  facet normal -0.000000e+00 0.000000e+00 -1.000000e+00
    outer loop
      vertex   2.273500e+02 5.360000e+01 2.500000e+01
      vertex   2.210000e+02 5.050000e+01 2.500000e+01
      vertex   2.240942e+02 5.400296e+01 2.500000e+01
    endloop
  endfacet
  facet normal 0.000000e+00 0.000000e+00 -1.000000e+00
    outer loop
      vertex   2.273500e+02 5.360000e+01 2.500000e+01
      vertex   2.240942e+02 5.400296e+01 2.500000e+01
      vertex   2.244635e+02 5.407341e+01 2.500000e+01
    endloop
  endfacet
  facet normal 0.000000e+00 0.000000e+00 -1.000000e+00
    outer loop
      vertex   2.706500e+02 9.340000e+01 2.500000e+01
      vertex   2.726053e+02 8.994781e+01 2.500000e+01
      vertex   2.706500e+02 5.360000e+01 2.500000e+01
    endloop
  endfacet
  facet normal 0.000000e+00 0.000000e+00 -1.000000e+00
    outer loop
      vertex   2.706500e+02 5.360000e+01 2.500000e+01
      vertex   2.726053e+02 8.994781e+01 2.500000e+01
      vertex   2.727865e+02 8.961832e+01 2.500000e+01
    endloop
  endfacet
  facet normal 0.000000e+00 0.000000e+00 -1.000000e+00
    outer loop
      vertex   2.706500e+02 5.360000e+01 2.500000e+01
      vertex   2.727865e+02 8.961832e+01 2.500000e+01
      vertex   2.727865e+02 5.638168e+01 2.500000e+01
    endloop
  endfacet
  facet normal 0.000000e+00 0.000000e+00 -1.000000e+00
    outer loop
      vertex   2.727865e+02 5.638168e+01 2.500000e+01
      vertex   2.727865e+02 8.961832e+01 2.500000e+01
      vertex   2.730439e+02 8.934423e+01 2.500000e+01
    endloop
  endfacet
  facet normal 0.000000e+00 0.000000e+00 -1.000000e+00
    outer loop
      vertex   2.727865e+02 5.638168e+01 2.500000e+01
      vertex   2.730439e+02 8.934423e+01 2.500000e+01
      vertex   2.730439e+02 5.665577e+01 2.500000e+01
    endloop
  endfacet
  facet normal 0.000000e+00 0.000000e+00 -1.000000e+00
    outer loop
      vertex   2.730439e+02 5.665577e+01 2.500000e+01
      vertex   2.730439e+02 8.934423e+01 2.500000e+01
      vertex   2.733613e+02 8.914276e+01 2.500000e+01
    endloop
  endfacet
  facet normal 0.000000e+00 0.000000e+00 -1.000000e+00
    outer loop
      vertex   2.730439e+02 5.665577e+01 2.500000e+01
      vertex   2.733613e+02 8.914276e+01 2.500000e+01
      vertex   2.733613e+02 5.685724e+01 2.500000e+01
    endloop
  endfacet
  facet normal 0.000000e+00 0.000000e+00 -1.000000e+00
    outer loop
      vertex   2.733613e+02 5.685724e+01 2.500000e+01
      vertex   2.733613e+02 8.914276e+01 2.500000e+01
      vertex   2.737189e+02 8.902657e+01 2.500000e+01
    endloop
  endfacet
  facet normal 0.000000e+00 0.000000e+00 -1.000000e+00
    outer loop
      vertex   2.733613e+02 5.685724e+01 2.500000e+01
      vertex   2.737189e+02 8.902657e+01 2.500000e+01
      vertex   2.737189e+02 5.697343e+01 2.500000e+01
    endloop
  endfacet
  facet normal 0.000000e+00 0.000000e+00 -1.000000e+00
    outer loop
      vertex   2.737189e+02 5.697343e+01 2.500000e+01
      vertex   2.737189e+02 8.902657e+01 2.500000e+01
      vertex   2.740942e+02 8.900296e+01 2.500000e+01
    endloop
  endfacet
  facet normal 0.000000e+00 0.000000e+00 -1.000000e+00
    outer loop
      vertex   2.737189e+02 5.697343e+01 2.500000e+01
      vertex   2.740942e+02 8.900296e+01 2.500000e+01
      vertex   2.740942e+02 5.699704e+01 2.500000e+01
    endloop
  endfacet
  facet normal 0.000000e+00 0.000000e+00 -1.000000e+00
    outer loop
      vertex   2.740942e+02 5.699704e+01 2.500000e+01
      vertex   2.740942e+02 8.900296e+01 2.500000e+01
      vertex   2.744635e+02 5.692658e+01 2.500000e+01
    endloop
  endfacet
  facet normal 0.000000e+00 0.000000e+00 -1.000000e+00
    outer loop
      vertex   2.744635e+02 5.692658e+01 2.500000e+01
      vertex   2.740942e+02 8.900296e+01 2.500000e+01
      vertex   2.744635e+02 8.907342e+01 2.500000e+01
    endloop
  endfacet
  facet normal 0.000000e+00 0.000000e+00 -1.000000e+00
    outer loop
      vertex   2.744635e+02 5.692658e+01 2.500000e+01
      vertex   2.744635e+02 8.907342e+01 2.500000e+01
      vertex   2.748037e+02 5.676649e+01 2.500000e+01
    endloop
  endfacet
  facet normal 0.000000e+00 0.000000e+00 -1.000000e+00
    outer loop
      vertex   2.748037e+02 5.676649e+01 2.500000e+01
      vertex   2.744635e+02 8.907342e+01 2.500000e+01
      vertex   2.748037e+02 8.923351e+01 2.500000e+01
    endloop
  endfacet
  facet normal 0.000000e+00 0.000000e+00 -1.000000e+00
    outer loop
      vertex   2.748037e+02 5.676649e+01 2.500000e+01
      vertex   2.748037e+02 8.923351e+01 2.500000e+01
      vertex   2.750935e+02 5.652682e+01 2.500000e+01
    endloop
  endfacet
  facet normal 0.000000e+00 0.000000e+00 -1.000000e+00
    outer loop
      vertex   2.750935e+02 5.652682e+01 2.500000e+01
      vertex   2.748037e+02 8.923351e+01 2.500000e+01
      vertex   2.750935e+02 8.947318e+01 2.500000e+01
    endloop
  endfacet
  facet normal 0.000000e+00 0.000000e+00 -1.000000e+00
    outer loop
      vertex   2.273500e+02 9.340000e+01 2.500000e+01
      vertex   2.770000e+02 9.550000e+01 2.500000e+01
      vertex   2.706500e+02 9.340000e+01 2.500000e+01
    endloop
  endfacet
  facet normal 0.000000e+00 0.000000e+00 -1.000000e+00
    outer loop
      vertex   2.706500e+02 9.340000e+01 2.500000e+01
      vertex   2.770000e+02 9.550000e+01 2.500000e+01
      vertex   2.740942e+02 9.199704e+01 2.500000e+01
    endloop
  endfacet
  facet normal 0.000000e+00 0.000000e+00 -1.000000e+00
    outer loop
      vertex   2.706500e+02 9.340000e+01 2.500000e+01
      vertex   2.740942e+02 9.199704e+01 2.500000e+01
      vertex   2.737189e+02 9.197343e+01 2.500000e+01
    endloop
  endfacet
  facet normal 0.000000e+00 0.000000e+00 -1.000000e+00
    outer loop
      vertex   2.254529e+02 5.512696e+01 2.500000e+01
      vertex   2.255000e+02 5.550000e+01 2.500000e+01
      vertex   2.273500e+02 5.360000e+01 2.500000e+01
    endloop
  endfacet
  facet normal 0.000000e+00 0.000000e+00 -1.000000e+00
    outer loop
      vertex   2.273500e+02 5.360000e+01 2.500000e+01
      vertex   2.255000e+02 5.550000e+01 2.500000e+01
      vertex   2.254529e+02 5.587303e+01 2.500000e+01
    endloop
  endfacet
  facet normal 0.000000e+00 0.000000e+00 -1.000000e+00
    outer loop
      vertex   2.273500e+02 5.360000e+01 2.500000e+01
      vertex   2.254529e+02 5.587303e+01 2.500000e+01
      vertex   2.253145e+02 5.622263e+01 2.500000e+01
    endloop
  endfacet
  facet normal 0.000000e+00 0.000000e+00 -1.000000e+00
    outer loop
      vertex   2.273500e+02 5.360000e+01 2.500000e+01
      vertex   2.253145e+02 5.622263e+01 2.500000e+01
      vertex   2.253145e+02 8.977737e+01 2.500000e+01
    endloop
  endfacet
  facet normal 0.000000e+00 -0.000000e+00 -1.000000e+00
    outer loop
      vertex   2.253145e+02 8.977737e+01 2.500000e+01
      vertex   2.253145e+02 5.622263e+01 2.500000e+01
      vertex   2.250935e+02 5.652682e+01 2.500000e+01
    endloop
  endfacet
  facet normal 0.000000e+00 0.000000e+00 -1.000000e+00
    outer loop
      vertex   2.253145e+02 8.977737e+01 2.500000e+01
      vertex   2.250935e+02 5.652682e+01 2.500000e+01
      vertex   2.250935e+02 8.947318e+01 2.500000e+01
    endloop
  endfacet
  facet normal 0.000000e+00 -0.000000e+00 -1.000000e+00
    outer loop
      vertex   2.250935e+02 8.947318e+01 2.500000e+01
      vertex   2.250935e+02 5.652682e+01 2.500000e+01
      vertex   2.248037e+02 8.923351e+01 2.500000e+01
    endloop
  endfacet
  facet normal 0.000000e+00 0.000000e+00 -1.000000e+00
    outer loop
      vertex   2.248037e+02 8.923351e+01 2.500000e+01
      vertex   2.250935e+02 5.652682e+01 2.500000e+01
      vertex   2.248037e+02 5.676649e+01 2.500000e+01
    endloop
  endfacet
  facet normal 0.000000e+00 -0.000000e+00 -1.000000e+00
    outer loop
      vertex   2.248037e+02 8.923351e+01 2.500000e+01
      vertex   2.248037e+02 5.676649e+01 2.500000e+01
      vertex   2.244635e+02 8.907342e+01 2.500000e+01
    endloop
  endfacet
  facet normal 0.000000e+00 0.000000e+00 -1.000000e+00
    outer loop
      vertex   2.244635e+02 8.907342e+01 2.500000e+01
      vertex   2.248037e+02 5.676649e+01 2.500000e+01
      vertex   2.244635e+02 5.692658e+01 2.500000e+01
    endloop
  endfacet
  facet normal 0.000000e+00 -0.000000e+00 -1.000000e+00
    outer loop
      vertex   2.244635e+02 8.907342e+01 2.500000e+01
      vertex   2.244635e+02 5.692658e+01 2.500000e+01
      vertex   2.240942e+02 8.900296e+01 2.500000e+01
    endloop
  endfacet
  facet normal 0.000000e+00 0.000000e+00 -1.000000e+00
    outer loop
      vertex   2.240942e+02 8.900296e+01 2.500000e+01
      vertex   2.244635e+02 5.692658e+01 2.500000e+01
      vertex   2.240942e+02 5.699704e+01 2.500000e+01
    endloop
  endfacet
  facet normal 0.000000e+00 -0.000000e+00 -1.000000e+00
    outer loop
      vertex   2.240942e+02 8.900296e+01 2.500000e+01
      vertex   2.240942e+02 5.699704e+01 2.500000e+01
      vertex   2.237189e+02 5.697343e+01 2.500000e+01
    endloop
  endfacet
  facet normal -0.000000e+00 0.000000e+00 -1.000000e+00
    outer loop
      vertex   2.240942e+02 8.900296e+01 2.500000e+01
      vertex   2.237189e+02 5.697343e+01 2.500000e+01
      vertex   2.237189e+02 8.902657e+01 2.500000e+01
    endloop
  endfacet
  facet normal 0.000000e+00 -0.000000e+00 -1.000000e+00
    outer loop
      vertex   2.237189e+02 8.902657e+01 2.500000e+01
      vertex   2.237189e+02 5.697343e+01 2.500000e+01
      vertex   2.233613e+02 5.685724e+01 2.500000e+01
    endloop
  endfacet
  facet normal -0.000000e+00 0.000000e+00 -1.000000e+00
    outer loop
      vertex   2.237189e+02 8.902657e+01 2.500000e+01
      vertex   2.233613e+02 5.685724e+01 2.500000e+01
      vertex   2.233613e+02 8.914276e+01 2.500000e+01
    endloop
  endfacet
  facet normal 0.000000e+00 -0.000000e+00 -1.000000e+00
    outer loop
      vertex   2.233613e+02 8.914276e+01 2.500000e+01
      vertex   2.233613e+02 5.685724e+01 2.500000e+01
      vertex   2.230439e+02 5.665577e+01 2.500000e+01
    endloop
  endfacet
  facet normal 0.000000e+00 -0.000000e+00 -1.000000e+00
    outer loop
      vertex   2.233613e+02 5.414276e+01 2.500000e+01
      vertex   2.237189e+02 5.402657e+01 2.500000e+01
      vertex   2.210000e+02 5.050000e+01 2.500000e+01
    endloop
  endfacet
  facet normal 0.000000e+00 0.000000e+00 -1.000000e+00
    outer loop
      vertex   2.210000e+02 5.050000e+01 2.500000e+01
      vertex   2.237189e+02 5.402657e+01 2.500000e+01
      vertex   2.240942e+02 5.400296e+01 2.500000e+01
    endloop
  endfacet
  facet normal 0.000000e+00 0.000000e+00 -1.000000e+00
    outer loop
      vertex   2.244635e+02 5.407341e+01 2.500000e+01
      vertex   2.248037e+02 5.423351e+01 2.500000e+01
      vertex   2.273500e+02 5.360000e+01 2.500000e+01
    endloop
  endfacet
  facet normal 0.000000e+00 0.000000e+00 -1.000000e+00
    outer loop
      vertex   2.273500e+02 5.360000e+01 2.500000e+01
      vertex   2.248037e+02 5.423351e+01 2.500000e+01
      vertex   2.250935e+02 5.447318e+01 2.500000e+01
    endloop
  endfacet
  facet normal 0.000000e+00 0.000000e+00 -1.000000e+00
    outer loop
      vertex   2.273500e+02 5.360000e+01 2.500000e+01
      vertex   2.250935e+02 5.447318e+01 2.500000e+01
      vertex   2.253145e+02 5.477737e+01 2.500000e+01
    endloop
  endfacet
  facet normal 0.000000e+00 0.000000e+00 -1.000000e+00
    outer loop
      vertex   2.253145e+02 5.477737e+01 2.500000e+01
      vertex   2.254529e+02 5.512696e+01 2.500000e+01
      vertex   2.273500e+02 5.360000e+01 2.500000e+01
    endloop
  endfacet
  facet normal 0.000000e+00 0.000000e+00 -1.000000e+00
    outer loop
      vertex   2.727865e+02 5.638168e+01 2.500000e+01
      vertex   2.726053e+02 5.605219e+01 2.500000e+01
      vertex   2.706500e+02 5.360000e+01 2.500000e+01
    endloop
  endfacet
  facet normal 0.000000e+00 0.000000e+00 -1.000000e+00
    outer loop
      vertex   2.706500e+02 5.360000e+01 2.500000e+01
      vertex   2.726053e+02 5.605219e+01 2.500000e+01
      vertex   2.725118e+02 5.568800e+01 2.500000e+01
    endloop
  endfacet
  facet normal 0.000000e+00 0.000000e+00 -1.000000e+00
    outer loop
      vertex   2.706500e+02 5.360000e+01 2.500000e+01
      vertex   2.725118e+02 5.568800e+01 2.500000e+01
      vertex   2.725118e+02 5.531200e+01 2.500000e+01
    endloop
  endfacet
  facet normal 0.000000e+00 -0.000000e+00 -1.000000e+00
    outer loop
      vertex   2.725118e+02 5.531200e+01 2.500000e+01
      vertex   2.726053e+02 5.494781e+01 2.500000e+01
      vertex   2.706500e+02 5.360000e+01 2.500000e+01
    endloop
  endfacet
  facet normal 0.000000e+00 0.000000e+00 -1.000000e+00
    outer loop
      vertex   2.706500e+02 5.360000e+01 2.500000e+01
      vertex   2.726053e+02 5.494781e+01 2.500000e+01
      vertex   2.727865e+02 5.461832e+01 2.500000e+01
    endloop
  endfacet
  facet normal 0.000000e+00 0.000000e+00 -1.000000e+00
    outer loop
      vertex   2.706500e+02 5.360000e+01 2.500000e+01
      vertex   2.727865e+02 5.461832e+01 2.500000e+01
      vertex   2.730439e+02 5.434423e+01 2.500000e+01
    endloop
  endfacet
  facet normal 0.000000e+00 -0.000000e+00 -1.000000e+00
    outer loop
      vertex   2.730439e+02 5.434423e+01 2.500000e+01
      vertex   2.733613e+02 5.414276e+01 2.500000e+01
      vertex   2.706500e+02 5.360000e+01 2.500000e+01
    endloop
  endfacet
  facet normal 0.000000e+00 0.000000e+00 -1.000000e+00
    outer loop
      vertex   2.706500e+02 5.360000e+01 2.500000e+01
      vertex   2.733613e+02 5.414276e+01 2.500000e+01
      vertex   2.737189e+02 5.402657e+01 2.500000e+01
    endloop
  endfacet
  facet normal 0.000000e+00 0.000000e+00 -1.000000e+00
    outer loop
      vertex   2.740942e+02 5.400296e+01 2.500000e+01
      vertex   2.744635e+02 5.407341e+01 2.500000e+01
      vertex   2.770000e+02 5.050000e+01 2.500000e+01
    endloop
  endfacet
  facet normal 0.000000e+00 0.000000e+00 -1.000000e+00
    outer loop
      vertex   2.770000e+02 5.050000e+01 2.500000e+01
      vertex   2.744635e+02 5.407341e+01 2.500000e+01
      vertex   2.748037e+02 5.423351e+01 2.500000e+01
    endloop
  endfacet
  facet normal 0.000000e+00 0.000000e+00 -1.000000e+00
    outer loop
      vertex   2.255000e+02 9.050000e+01 2.500000e+01
      vertex   2.254529e+02 9.087303e+01 2.500000e+01
      vertex   2.273500e+02 9.340000e+01 2.500000e+01
    endloop
  endfacet
  facet normal 0.000000e+00 0.000000e+00 -1.000000e+00
    outer loop
      vertex   2.273500e+02 9.340000e+01 2.500000e+01
      vertex   2.254529e+02 9.087303e+01 2.500000e+01
      vertex   2.253145e+02 9.122263e+01 2.500000e+01
    endloop
  endfacet
  facet normal 0.000000e+00 0.000000e+00 -1.000000e+00
    outer loop
      vertex   2.273500e+02 9.340000e+01 2.500000e+01
      vertex   2.253145e+02 9.122263e+01 2.500000e+01
      vertex   2.250935e+02 9.152682e+01 2.500000e+01
    endloop
  endfacet
  facet normal 0.000000e+00 0.000000e+00 -1.000000e+00
    outer loop
      vertex   2.250935e+02 9.152682e+01 2.500000e+01
      vertex   2.248037e+02 9.176649e+01 2.500000e+01
      vertex   2.273500e+02 9.340000e+01 2.500000e+01
    endloop
  endfacet
  facet normal 0.000000e+00 0.000000e+00 -1.000000e+00
    outer loop
      vertex   2.273500e+02 9.340000e+01 2.500000e+01
      vertex   2.248037e+02 9.176649e+01 2.500000e+01
      vertex   2.244635e+02 9.192658e+01 2.500000e+01
    endloop
  endfacet
  facet normal 0.000000e+00 0.000000e+00 -1.000000e+00
    outer loop
      vertex   2.273500e+02 9.340000e+01 2.500000e+01
      vertex   2.244635e+02 9.192658e+01 2.500000e+01
      vertex   2.240942e+02 9.199704e+01 2.500000e+01
    endloop
  endfacet
  facet normal -0.000000e+00 0.000000e+00 -1.000000e+00
    outer loop
      vertex   2.237189e+02 9.197343e+01 2.500000e+01
      vertex   2.233613e+02 9.185724e+01 2.500000e+01
      vertex   2.210000e+02 9.550000e+01 2.500000e+01
    endloop
  endfacet
  facet normal 0.000000e+00 0.000000e+00 -1.000000e+00
    outer loop
      vertex   2.748037e+02 9.176649e+01 2.500000e+01
      vertex   2.744635e+02 9.192658e+01 2.500000e+01
      vertex   2.770000e+02 9.550000e+01 2.500000e+01
    endloop
  endfacet
  facet normal 0.000000e+00 0.000000e+00 -1.000000e+00
    outer loop
      vertex   2.770000e+02 9.550000e+01 2.500000e+01
      vertex   2.744635e+02 9.192658e+01 2.500000e+01
      vertex   2.740942e+02 9.199704e+01 2.500000e+01
    endloop
  endfacet
  facet normal -0.000000e+00 0.000000e+00 -1.000000e+00
    outer loop
      vertex   2.737189e+02 9.197343e+01 2.500000e+01
      vertex   2.733613e+02 9.185724e+01 2.500000e+01
      vertex   2.706500e+02 9.340000e+01 2.500000e+01
    endloop
  endfacet
  facet normal 0.000000e+00 0.000000e+00 -1.000000e+00
    outer loop
      vertex   2.706500e+02 9.340000e+01 2.500000e+01
      vertex   2.733613e+02 9.185724e+01 2.500000e+01
      vertex   2.730439e+02 9.165577e+01 2.500000e+01
    endloop
  endfacet
  facet normal 0.000000e+00 0.000000e+00 -1.000000e+00
    outer loop
      vertex   2.706500e+02 9.340000e+01 2.500000e+01
      vertex   2.730439e+02 9.165577e+01 2.500000e+01
      vertex   2.727865e+02 9.138168e+01 2.500000e+01
    endloop
  endfacet
  facet normal -0.000000e+00 0.000000e+00 -1.000000e+00
    outer loop
      vertex   2.727865e+02 9.138168e+01 2.500000e+01
      vertex   2.726053e+02 9.105219e+01 2.500000e+01
      vertex   2.706500e+02 9.340000e+01 2.500000e+01
    endloop
  endfacet
  facet normal 0.000000e+00 0.000000e+00 -1.000000e+00
    outer loop
      vertex   2.706500e+02 9.340000e+01 2.500000e+01
      vertex   2.726053e+02 9.105219e+01 2.500000e+01
      vertex   2.725118e+02 9.068800e+01 2.500000e+01
    endloop
  endfacet
  facet normal 0.000000e+00 0.000000e+00 -1.000000e+00
    outer loop
      vertex   2.706500e+02 9.340000e+01 2.500000e+01
      vertex   2.725118e+02 9.068800e+01 2.500000e+01
      vertex   2.725118e+02 9.031200e+01 2.500000e+01
    endloop
  endfacet
  facet normal -0.000000e+00 -0.000000e+00 -1.000000e+00
    outer loop
      vertex   2.725118e+02 9.031200e+01 2.500000e+01
      vertex   2.726053e+02 8.994781e+01 2.500000e+01
      vertex   2.706500e+02 9.340000e+01 2.500000e+01
    endloop
  endfacet
endsolid
